ln_a,zeta_obs,Phi_N,Psi_N,delta_b_N,delta_gamma_N,delta_nu_N,zeta,u,delta_b,delta_gamma,delta_nu,vartheta_b,vartheta_gamma,vartheta_nu,alpha
0.000000000000000000e+00,0.000000000000000000e+00,-3.124748858378406115e-04,0.000000000000000000e+00,1.000000000000000000e+00,0.000000000000000000e+00,0.000000000000000000e+00,0.000000000000000000e+00,0.000000000000000000e+00,1.000000000000000000e+00,0.000000000000000000e+00,0.000000000000000000e+00,0.000000000000000000e+00,0.000000000000000000e+00,0.000000000000000000e+00,3.442794133077943009e-07
2.302585092994045846e-03,5.073840144104056743e-10,-3.037148872443111284e-04,7.101594550853403522e-07,1.000118951929403810e+00,1.553529795478966660e-04,1.553529795478966660e-04,5.073840144104056743e-10,7.106668390997507476e-07,1.000116819928886569e+00,1.525103121914976579e-04,1.525103121914976579e-04,7.895132887910610286e-10,3.039399528680741640e-08,3.039399528680741640e-08,3.410174955079401263e-07
4.605170185988091691e-03,1.005930991667606997e-09,-2.908005126756247390e-04,1.394580425851843874e-06,1.000465591666690468e+00,5.705252632021720833e-04,5.705252632021720833e-04,1.005930991667606997e-09,1.395586356843511495e-06,1.000461404907619922e+00,5.649429177747980263e-04,5.649429177747980263e-04,1.565147490411463939e-09,2.276194870056789734e-07,2.276194870056789734e-07,3.329617695049503235e-07
6.907755278982137537e-03,1.488648476089386478e-09,-2.741385793813585331e-04,2.044179341509220720e-06,1.001028830189785834e+00,1.130094828124084171e-03,1.130094828124084171e-03,1.488648476089386478e-09,2.045667989985310213e-06,1.001022693185815937e+00,1.121912156164142898e-03,1.121912156164142898e-03,2.316239455192073001e-09,7.110322648829979549e-07,7.110322648829979549e-07,3.204357070273444146e-07
9.210340371976183382e-03,1.949067952966152982e-09,-2.542153914511974299e-04,2.650919544161663501e-06,1.001794868523900650e+00,1.680374707509269807e-03,1.680374707509269807e-03,1.949067952966152982e-09,2.652868612114629503e-06,1.001786909918064294e+00,1.669763233060811208e-03,1.669763233060811208e-03,3.033009020207632086e-09,1.520963576612660132e-06,1.520963576612660132e-06,3.038649575187351573e-07
1.151292546497022923e-02,2.381407760405291512e-09,-2.315422294437868053e-04,3.207930676938003144e-06,1.002747589284249230e+00,2.067720474456008223e-03,2.067720474456008223e-03,2.381407760405291512e-09,3.210312084698408517e-06,1.002737958347995173e+00,2.054879226117214703e-03,2.054879226117214703e-03,3.706727419738386930e-09,2.607389499351938735e-06,2.607389499351938735e-06,2.837195044655123700e-07
1.381551055796427507e-02,2.780648359453984326e-09,-2.066048847013822649e-04,3.709504818258858904e-06,1.003868961677968352e+00,2.176422989754236807e-03,2.176422989754236807e-03,2.780648359453984326e-09,3.712285466618312897e-06,1.003857824821568601e+00,2.161573847887763439e-03,2.161573847887763439e-03,4.329752214824111528e-09,3.841001147032110359e-06,3.841001147032110359e-06,2.604578936063798996e-07
1.611809565095832092e-02,3.142519607700756507e-09,-1.798280122348944264e-04,4.150991787961270275e-06,1.005139422917340708e+00,1.956938974092110439e-03,1.956938974092110439e-03,3.142519607700756507e-09,4.154134307568971303e-06,1.005126960514417966e+00,1.940322436861834652e-03,1.940322436861834652e-03,4.895448434358864139e-09,5.043733593126991287e-06,5.043733593126991287e-06,2.344859314679328835e-07
1.842068074395236676e-02,3.463419216875525681e-09,-1.515609958962309256e-04,4.528636519458516885e-06,1.006538210484448692e+00,1.437718027115066424e-03,1.437718027115066424e-03,3.463419216875525681e-09,4.532099938675392492e-06,1.006524614184632682e+00,1.419589627360364793e-03,1.419589627360364793e-03,5.398039973358267027e-09,6.031106746574186972e-06,6.031106746574186972e-06,2.061382241363800945e-07
2.072326583694641261e-02,3.740295697457077093e-09,-1.220865377925842111e-04,4.839410581839594242e-06,1.008043635765176749e+00,7.179807313127417080e-04,7.179807313127417080e-04,3.740295697457077093e-09,4.843150877537051141e-06,1.008029106312544165e+00,6.986081278025934628e-04,6.986081278025934628e-04,5.832447965099165709e-09,6.655964174074884647e-06,6.655964174074884647e-06,1.756850484532435879e-07
2.302585092994045846e-02,3.970534650836704121e-09,-9.164768280415059394e-05,5.080886203483854820e-06,1.009633306160609312e+00,-5.653917179822825362e-05,-5.653917179822825362e-05,3.970534650836704121e-09,5.084856738134691571e-06,1.009618051590394971e+00,-7.687859875076701651e-05,-7.687859875076701651e-05,6.194171260509365157e-09,6.843000411107376957e-06,6.843000411107376957e-06,1.433608093306421211e-07
2.532843602293450430e-02,4.151883283879295992e-09,-6.048478478791631920e-05,5.251186024589499280e-06,1.011284315907683862e+00,-7.287935587135934432e-04,-7.287935587135934432e-04,4.151883283879295992e-09,5.255337907873378926e-06,1.011268549893960200e+00,-7.498149103450869792e-04,-7.498149103450869792e-04,6.479249266790771031e-09,6.605841560582876741e-06,6.605841560582876741e-06,1.094052493723688483e-07
2.763102111592855015e-02,4.282435827706456654e-09,-2.887195254418360423e-05,5.349019465222261169e-06,1.012973432563426535e+00,-1.167930850673762518e-03,-1.167930850673762518e-03,4.282435827706456654e-09,5.353301901049967393e-06,1.012957372657723454e+00,-1.189344058277962482e-03,-1.189344058277962482e-03,6.684323322988638952e-09,6.042765399511319417e-06,6.042765399511319417e-06,7.410581201580772089e-08
2.993360620892259599e-02,4.360685375512267512e-09,2.856860812387403496e-06,5.373792727313323091e-06,1.014677305179100264e+00,-1.300080090089496309e-03,-1.300080090089496309e-03,4.360685375512267512e-09,5.378153412688835577e-06,1.014661170718862193e+00,-1.321592703740251742e-03,-1.321592703740251742e-03,6.806785661141703970e-09,5.312337896809158907e-06,5.312337896809158907e-06,3.782968365127038846e-08
3.223619130191664184e-02,4.385629795225821030e-09,3.429901824357387918e-05,5.325759825511503039e-06,1.016372712254761446e+00,-1.125134190594894107e-03,-1.125134190594894107e-03,4.385629795225821030e-09,5.330145455306728673e-06,1.016356721818395537e+00,-1.146454772416120958e-03,-1.146454772416120958e-03,6.844981437063277502e-09,4.595039957182402663e-06,4.595039957182402663e-06,1.036907447784247324e-09
3.453877639491068768e-02,4.356905093848804645e-09,6.499405268111732993e-05,5.206171144035284592e-06,1.018036854899999399e+00,-7.157282761809893217e-04,-7.157282761809893217e-04,4.356905093848804645e-09,5.210528049129133477e-06,1.018021223315852097e+00,-7.365703883775058048e-04,-7.365703883775058048e-04,6.798414819182057613e-09,4.050220458785730718e-06,4.050220458785730718e-06,-3.572922005461557850e-08
3.684136148790473353e-02,4.274912165146526053e-09,9.445182817891686444e-05,5.017376040746546816e-06,1.019647686520302354e+00,-1.989180232481532621e-04,-1.989180232481532621e-04,4.274912165146526053e-09,5.021650952911693414e-06,1.019632621567443609e+00,-2.190046270598000459e-04,-2.190046270598000459e-04,6.667907827708964924e-09,3.778690206958503088e-06,3.778690206958503088e-06,-7.187270987240963182e-08
3.914394658089877937e-02,4.140903754007266961e-09,1.221915689651703976e-04,4.762846475605995833e-06,1.021184258265348532e+00,2.748330297995199372e-04,2.748330297995199372e-04,4.140903754007266961e-09,4.766987379360002886e-06,1.021169957303210474e+00,2.557650802820799494e-04,2.557650802820799494e-04,6.455670636235368123e-09,3.799778009584595226e-06,3.799778009584595226e-06,-1.067897015416015678e-07
4.144653167389282522e-02,3.957007210724408330e-09,1.477829560191608652e-04,4.447106605902244549e-06,1.022627052231944944e+00,5.678185665842985655e-04,5.678185665842985655e-04,3.957007210724408330e-09,4.451063613112969285e-06,1.022613699041105662e+00,5.500143121318466647e-04,5.500143121318466647e-04,6.165261587530031368e-09,4.048108046318447127e-06,4.048108046318447127e-06,-1.399176595389788465e-07
4.374911676688687107e-02,3.726172862726411378e-09,1.708802932168830557e-04,4.075574221441620927e-06,1.023958273551465847e+00,5.877801193106735236e-04,5.877801193106735236e-04,3.726172862726411378e-09,4.079300394304346991e-06,1.023946035650282971e+00,5.714629177334560814e-04,5.714629177334560814e-04,5.801439309045794435e-09,4.390611639685203407e-06,4.390611639685203407e-06,-1.707783034261179331e-07
4.605170185988091691e-02,3.452054081144999393e-09,1.912426522097854156e-04,3.654338771327656094e-06,1.025162077982473718e+00,3.094651333683763259e-04,3.094651333683763259e-04,3.452054081144999393e-09,3.657790825408800984e-06,1.025151104609997477e+00,2.948339700667411151e-04,2.948339700667411151e-04,5.369932233692200582e-09,4.659501117349070486e-06,4.659501117349070486e-06,-1.990053831130384664e-07
4.835428695287496276e-02,3.138839522725546698e-09,2.087363706164557938e-04,3.189913264215303906e-06,1.026224721968620468e+00,-2.198543509175297480e-04,-2.198543509175297480e-04,3.138839522725546698e-09,3.193052103738029521e-06,1.026215142812309189e+00,-2.326265593324818796e-04,-2.326265593324818796e-04,4.877167246078430161e-09,4.693236897209450631e-06,4.693236897209450631e-06,-2.243521639686010533e-07
5.065687204586900860e-02,2.791067324200257315e-09,2.233204214206568579e-04,2.689000894806404659e-06,1.027134634755864750e+00,-8.919616037296219935e-04,-8.919616037296219935e-04,2.791067324200257315e-09,2.691791962130604925e-06,1.027126559379978321e+00,-9.027287715781443607e-04,-9.027287715781443607e-04,4.330005521131862997e-09,4.375758096558170285e-06,4.375758096558170285e-06,-2.466782855726048688e-07
5.295945713886305445e-02,2.413453269149025602e-09,2.350190007723471054e-04,2.158311453553947356e-06,1.027882424137108286e+00,-1.563414624608308167e-03,-1.563414624608308167e-03,2.413453269149025602e-09,2.160724906823096481e-06,1.027875941962387740e+00,-1.572057524235600644e-03,-1.572057524235600644e-03,3.735528822485015520e-09,3.664795775929344294e-06,3.664795775929344294e-06,-2.659203463821039999e-07
5.526204223185710029e-02,2.010759894654207319e-09,2.438883289051597199e-04,1.604449190553244411e-06,1.028460836056133143e+00,-2.089199125489477234e-03,-2.089199125489477234e-03,2.010759894654207319e-09,1.606459950447898718e-06,1.028456016676281726e+00,-2.095624965291268717e-03,-2.095624965291268717e-03,3.100905131054362268e-09,2.602771854265007447e-06,2.602771854265007447e-06,-2.820540639484716899e-07
5.756462732485114614e-02,1.587722601859309051e-09,2.499855744787203311e-04,1.033876265212422041e-06,1.028864691904035400e+00,-2.356372041991629165e-03,-2.356372041991629165e-03,1.587722601859309051e-09,1.035463987814281352e-06,1.028861585512071963e+00,-2.360513897942886127e-03,-2.360513897942886127e-03,2.433342183102450062e-09,1.307937401993341841e-06,1.307937401993341841e-06,-2.950574084888483538e-07
5.986721241784519199e-02,1.149034807644500464e-09,2.533468730872571106e-04,4.529384398022605658e-07,1.029090825379426866e+00,-2.309894018383911417e-03,-2.309894018383911417e-03,1.149034807644500464e-09,4.540874746099050749e-07,1.029089463117003111e+00,-2.311710368282351036e-03,-2.311710368282351036e-03,1.740116220544498772e-09,-5.197270967765027471e-08,-5.197270967765027471e-08,-3.048834310874381188e-07
6.216979751083923783e-02,6.993803521155298499e-10,2.539789245041726255e-04,-1.320737402100190186e-07,1.029138034055089967e+00,-1.964793463385743674e-03,-1.964793463385743674e-03,6.993803521155298499e-10,-1.313743598579034779e-07,1.029138428178169473e+00,-1.964267965946312096e-03,-1.964267965946312096e-03,1.028645925690245725e-09,-1.297276963710889158e-06,-1.297276963710889158e-06,-3.114488548020851686e-07
6.447238260383328368e-02,2.434909011558942587e-10,2.518652664641799735e-04,-7.148615300197401308e-07,1.029007051138159934e+00,-1.402061167783089741e-03,-1.402061167783089741e-03,2.434909011558942587e-10,-7.146180391185841986e-07,1.029009194992277276e+00,-1.399202695626615336e-03,-1.399202695626615336e-03,3.065719479924121375e-10,-2.276293361491394808e-06,-2.276293361491394808e-06,-3.146405581834407371e-07
6.677496769682733646e-02,-2.137987952894564589e-10,2.469848528786065573e-04,-1.289084017699157313e-06,1.028700532733465511e+00,-7.494629607054276469e-04,-7.494629607054276469e-04,-2.137987952894564589e-10,-1.289297816494446804e-06,1.028704400626915039e+00,-7.443057694394498817e-04,-7.443057694394498817e-04,-4.181974856803253219e-10,-2.898487844307562981e-06,-2.898487844307562981e-06,-3.143378107313277084e-07
6.907755278982137537e-02,-6.675233255459694085e-10,2.393378046828690869e-04,-1.848376414955534003e-06,1.028223047612039087e+00,-1.518962131429608248e-04,-1.518962131429608248e-04,-6.675233255459694085e-10,-1.849043938281079979e-06,1.028228594743853863e+00,-1.445000373898364956e-04,-1.445000373898364956e-04,-1.137505053516544349e-09,-3.153316496417583501e-06,-3.153316496417583501e-06,-3.104445067928079159e-07
7.138013788281541427e-02,-1.112604791535866673e-09,2.289717424671665108e-04,-2.386429610878149315e-06,1.027581051884581598e+00,2.617749766927518398e-04,2.617749766927518398e-04,-1.112604791535866673e-09,-2.387542215669685363e-06,1.027588214511228504e+00,2.713251455554306049e-04,2.713251455554306049e-04,-1.843041001127754457e-09,-3.110640957547668360e-06,-3.110640957547668360e-06,-3.029234835651048572e-07
7.368272297580946706e-02,-1.543923404178893116e-09,2.160022167244759269e-04,-2.897124629734920144e-06,1.026782830977388317e+00,4.077922791792511974e-04,4.077922791792511974e-04,-1.543923404178893116e-09,-2.898668553139098950e-06,1.026791526983047653e+00,4.193869533918076118e-04,4.193869533918076118e-04,-2.526513149783198822e-09,-2.902865053569791388e-06,-2.902865053569791388e-06,-2.918247309210297265e-07
7.598530806880351984e-02,-1.956434547959388274e-09,2.006223217801912423e-04,-3.374702270324697414e-06,1.025838395709055106e+00,2.659375255729510982e-04,2.659375255729510982e-04,-1.956434547959388274e-09,-3.376658704872656878e-06,1.025848525685169710e+00,2.794441603924417358e-04,2.794441603924417358e-04,-3.179868068653105103e-09,-2.693099078984876904e-06,-2.693099078984876904e-06,-2.773008913631208318e-07
7.828789316179755875e-02,-2.345315422256522853e-09,1.830991871607039981e-04,-3.813939770800201002e-06,1.024759326886760080e+00,-1.166856905899929585e-04,-1.166856905899929585e-04,-2.345315422256522853e-09,-3.816285086222457637e-06,1.024770775742018802e+00,-1.014205502451031313e-04,-1.014205502451031313e-04,-3.795529324603075537e-09,-2.636763713578450106e-06,-2.636763713578450106e-06,-2.596064721783251519e-07
8.059047825479159766e-02,-2.706117496852804611e-09,1.637580489287609857e-04,-4.210304516214663585e-06,1.023558571831123309e+00,-6.371510162219843395e-04,-6.371510162219843395e-04,-2.706117496852804611e-09,-4.213010633711516223e-06,1.023571210863024383e+00,-6.202989736871383254e-04,-6.202989736871383254e-04,-4.366614747076856154e-09,-2.845416373073831094e-06,-2.845416373073831094e-06,-2.390809101623022194e-07
8.289306334778565044e-02,-3.034899607591023465e-09,1.429573208270721370e-04,-4.560059700816110846e-06,1.022250204533469597e+00,-1.160658922655314739e-03,-1.160658922655314739e-03,-3.034899607591023465e-09,-4.563094600423702275e-06,1.022263893817270786e+00,-1.142406544253619927e-03,-1.142406544253619927e-03,-4.887099202050755648e-09,-3.360945185986774524e-06,-3.360945185986774524e-06,-2.161191802435368175e-07
8.519564844077970323e-02,-3.328320680597899454e-09,1.210599199808190854e-04,-4.860307081939988496e-06,1.020849166941386388e+00,-1.551358152688388919e-03,-1.551358152688388919e-03,-3.328320680597899454e-09,-4.863635402620586098e-06,1.020863757847594311e+00,-1.531903611077906633e-03,-1.531903611077906633e-03,-5.351901127741561972e-09,-4.145815300277940514e-06,-4.145815300277940514e-06,-1.911362366202548120e-07
8.749823353377374213e-02,-3.583679683399115503e-09,9.840669095658242905e-05,-5.108965009463330557e-06,1.019371010996534599e+00,-1.703020951549753239e-03,-1.703020951549753239e-03,-3.583679683399115503e-09,-5.112548689146729486e-06,1.019386348642602025e+00,-1.682570756793166315e-03,-1.682570756793166315e-03,-5.756887164136321745e-09,-5.091359767571296968e-06,-5.091359767571296968e-06,-1.645326798022001901e-07
8.980081862676778104e-02,-3.798901394909189520e-09,7.529704720820408264e-05,-5.304692775848251779e-06,1.017831659219531781e+00,-1.562714997279399456e-03,-1.562714997279399456e-03,-3.798901394909189520e-09,-5.308491677243160566e-06,1.017847584694563601e+00,-1.541481030570426760e-03,-1.541481030570426760e-03,-6.098805885866810966e-09,-6.042035892701051999e-06,-6.042035892701051999e-06,-1.366684722071109987e-07
9.210340371976183382e-02,-3.972477460080735075e-09,5.198013645862575795e-05,-5.446782190620739701e-06,1.016247196442237266e+00,-1.142302185533881865e-03,-1.142302185533881865e-03,-3.972477460080735075e-09,-5.450754668080820351e-06,1.016263548706241471e+00,-1.120499166861558486e-03,-1.120499166861558486e-03,-6.375175223864806310e-09,-6.830035115236900975e-06,-6.830035115236900975e-06,-1.078494753033005328e-07
9.440598881275588661e-02,-4.103380575987845275e-09,2.865739021046504831e-05,-5.535042126910253872e-06,1.014633698025178221e+00,-5.153958886735997497e-04,-5.153958886735997497e-04,-4.103380575987845275e-09,-5.539145507486241857e-06,1.014650315461700592e+00,-4.932393066436548297e-04,-4.932393066436548297e-04,-6.584155776765519447e-09,-7.312415798529584049e-06,-7.312415798529584049e-06,-7.832856750042217206e-08
9.670857390574992551e-02,-4.190973817368112825e-09,5.494806277640733945e-06,-5.569700807556854151e-06,1.013007092245405527e+00,1.993243839647298749e-04,1.993243839647298749e-04,-4.190973817368112825e-09,-5.573891781374222385e-06,1.013023813920749694e+00,2.216199510902267509e-04,2.216199510902267509e-04,-6.724442443986439908e-09,-7.402488720920353406e-06,-7.402488720920353406e-06,-4.831982831883409035e-08
9.901115899874396442e-02,-4.234936319156419295e-09,-1.735871026395288918e-05,-5.551344302370500350e-06,1.011383048167894261e+00,8.645429933234721320e-04,8.645429933234721320e-04,-4.234936319156419295e-09,-5.555579238689656849e-06,1.011399714905610425e+00,8.867653102782307051e-04,8.867653102782307051e-04,-6.795199918163981972e-09,-7.088584259312643204e-06,-7.088584259312643204e-06,-1.802147058902381702e-08
1.013137440917380172e-01,-4.235221169710319925e-09,-3.975174147582832016e-05,-5.480899740070737224e-06,1.009776876519426159e+00,1.354509382124286475e-03,1.354509382124286475e-03,-4.235221169710319925e-09,-5.485134961240447546e-06,1.009793331924309978e+00,1.376449921969248201e-03,1.376449921969248201e-03,-6.796055365922471128e-09,-6.436220174730721784e-06,-6.436220174730721784e-06,1.235853750706092769e-08
1.036163291847320700e-01,-4.192052787770899659e-09,-6.151429785648069855e-05,-5.359660457734312908e-06,1.008203430531099176e+00,1.582319177228271338e-03,1.582319177228271338e-03,-4.192052787770899659e-09,-5.363852510522083478e-06,1.008219522088630749e+00,1.603774587270359597e-03,1.603774587270359597e-03,-6.727146998518534570e-09,-5.573401522410783120e-06,-5.573401522410783120e-06,4.258056022565017400e-08
1.059189142777261089e-01,-4.105961254972786236e-09,-8.244908735052284784e-05,-5.189340240677803264e-06,1.006676996325536644e+00,1.518348242841446698e-03,1.518348242841446698e-03,-4.105961254972786236e-09,-5.193446201932775866e-06,1.006692576664142358e+00,1.539122027649177842e-03,1.539122027649177842e-03,-6.589213487582203050e-09,-4.662486942084655967e-06,-4.662486942084655967e-06,7.236041985545296296e-08
1.082214993707201478e-01,-3.977842229427721498e-09,-1.023320909238299568e-04,-4.972137077760935368e-06,1.005211167435665853e+00,1.195956082883713320e-03,1.195956082883713320e-03,-3.977842229427721498e-09,-4.976114919990362890e-06,1.005226095780425766e+00,1.215860542563674792e-03,1.215860542563674792e-03,-6.383699283710961241e-09,-3.864938134554961262e-06,-3.864938134554961262e-06,1.013686963877298428e-07
1.105240844637142006e-01,-3.809025051099065886e-09,-1.209222793787901814e-04,-4.710784769294393059e-06,1.003818704212905200e+00,7.034205964749977143e-04,7.034205964749977143e-04,-3.809025051099065886e-09,-4.714593794345491899e-06,1.003832847994288180e+00,7.222789716523796751e-04,7.222789716523796751e-04,-6.112846852768297096e-09,-3.306720318771075951e-06,-3.306720318771075951e-06,1.292425484359479158e-07
1.128266695567082534e-01,-3.601329654441471753e-09,-1.379782993585390420e-04,-4.408573507695226173e-06,1.002511384788721482e+00,1.640757418497871840e-04,1.640757418497871840e-04,-3.601329654441471753e-09,-4.412174837349667872e-06,1.002524621313233499e+00,1.817244411991858521e-04,1.817244411991858521e-04,-5.779749310419244550e-09,-3.051855946381507051e-06,-3.051855946381507051e-06,1.556076442642974987e-07
1.151292546497022923e-01,-3.357095203010467217e-09,-1.532785114564725703e-04,-4.069327374956751382e-06,1.001299858603168058e+00,-2.908591875992323468e-04,-2.908591875992323468e-04,-3.357095203010467217e-09,-4.072684470159762040e-06,1.001312076656578620e+00,-2.745684497185933021e-04,-2.745684497185933021e-04,-5.388345130998682789e-09,-3.089746676221042302e-06,-3.089746676221042302e-06,1.801056573056627294e-07
1.174318397426963312e-01,-3.079169299145155171e-09,-1.666401610684049145e-04,-3.697335911319791449e-06,1.000193515418392298e+00,-5.507771550983165841e-04,-5.507771550983165841e-04,-3.079169299145155171e-09,-3.700415080618936541e-06,1.000204616663634249e+00,-5.359754947758407989e-04,-5.359754947758407989e-04,-4.943348553803202178e-09,-3.338812944287003624e-06,-3.338812944287003624e-06,2.024217021452493838e-07
1.197344248356903840e-01,-2.770854795220962027e-09,-1.779337889497034652e-04,-3.297246424985318077e-06,9.992003818760758493e-01,-5.493542415307791542e-04,-5.493542415307791542e-04,-2.770854795220962027e-09,-3.300017279780539017e-06,9.992102819279151671e-01,-5.361541724116569490e-04,-5.361541724116569490e-04,-4.450122308354071143e-09,-3.665443218538663779e-06,-3.665443218538663779e-06,2.223062510316698368e-07
1.220370099286844368e-01,-2.435819821055520094e-09,-1.870901268319116446e-04,-2.873931492545454932e-06,9.983270543234313843e-01,-2.783931559162784665e-04,-2.783931559162784665e-04,-2.435819821055520094e-09,-2.876367312366510426e-06,9.983356834253684919e-01,-2.668876866668124350e-04,-2.668876866668124350e-04,-3.914510519115729656e-09,-3.913971805269587112e-06,-3.913971805269587112e-06,2.395873902011884288e-07
1.243395950216784757e-01,-2.077983812863634459e-09,-1.940983912516410545e-04,-2.432350575266107008e-06,9.975786716219198214e-01,2.109630031728694033e-04,2.109630031728694033e-04,-2.077983812863634459e-09,-2.434428559078970452e-06,9.975859749075970395e-01,2.207007174091852784e-04,2.207007174091852784e-04,-3.342656811539450712e-09,-3.941110448165003760e-06,-3.941110448165003760e-06,2.541714203615254888e-07
1.266421801146725146e-01,-1.701396627065116884e-09,-1.989967065206239914e-04,-1.977425058009900080e-06,9.969589260783635609e-01,8.197011020126632273e-04,8.197011020126632273e-04,-1.701396627065116884e-09,-1.979126454636965245e-06,9.969648634577275015e-01,8.276176078312110374e-04,8.276176078312110374e-04,-2.740834370762914224e-09,-3.647413724192754871e-06,-3.647413724192754871e-06,2.660322869953621687e-07
1.289447652076665674e-01,-1.310128457494130231e-09,-2.018569650002578297e-04,-1.513942419882600552e-06,9.964701056722746753e-01,1.422447781258290994e-03,1.422447781258290994e-03,-1.310128457494130231e-09,-1.515252548340094684e-06,9.964746514299196445e-01,1.428508791451651386e-03,1.428508791451651386e-03,-2.115310854017456249e-09,-2.999109719922869084e-06,-2.999109719922869084e-06,2.751926053153441105e-07
1.312473503006606201e-01,-9.081852590111854239e-10,-2.027674508177428015e-04,-1.046498613910966576e-06,9.961131573789582250e-01,1.894295763543789660e-03,1.894295763543789660e-03,-9.081852590111854239e-10,-1.047406799169977823e-06,9.961162995993557701e-01,1.898485390740469597e-03,1.898485390740469597e-03,-1.472262662785106680e-09,-2.035780850088119215e-06,-2.035780850088119215e-06,2.817006506002599202e-07
1.335499353936546729e-01,-4.994584887952469491e-10,-2.018168277773168596e-04,-5.794795997733209897e-07,9.958877602033636700e-01,2.137190445693306230e-03,2.137190445693306230e-03,-4.994584887952469491e-10,-5.799790582621162582e-07,9.958895001405384528e-01,2.139510361926354621e-03,2.139510361926354621e-03,-8.177420868428512784e-10,-8.624478385008892169e-07,-8.624478385008892169e-07,2.856083093205727824e-07
1.358525204866486980e-01,-8.771054936606578189e-11,-1.990826048373513756e-04,-1.170751055385325545e-07,9.957923976547994327e-01,2.100324134379051490e-03,2.100324134379051490e-03,-8.771054936606578189e-11,-1.171628160878986166e-07,9.957927491432476685e-01,2.100792785643402962e-03,2.100792785643402962e-03,-1.576896455187268449e-10,3.720753478495542364e-07,3.720753478495542364e-07,2.869545418551951886e-07
1.381551055796427507e-01,3.234100430750027700e-10,-1.946260843759216850e-04,3.366882886973090902e-07,9.958244224347525542e-01,1.790351714881698465e-03,1.790351714881698465e-03,3.234100430750027700e-10,3.370116987403840779e-07,9.958234113996563552e-01,1.789003668086736921e-03,1.789003668086736921e-03,5.020250862797153028e-10,1.505829928257994571e-06,1.505829928257994571e-06,2.857575332490927329e-07
1.404576906726368035e-01,7.303355164151674341e-10,-1.884943320608484512e-04,7.779106074880211433e-07,9.959801103289374069e-01,1.269454926740461002e-03,1.269454926740461002e-03,7.303355164151674341e-10,7.786409430044363572e-07,9.959777744061083515e-01,1.266340362968443193e-03,1.266340362968443193e-03,1.155555977433893182e-09,2.396827066366848488e-06,2.396827066366848488e-06,2.820167312321689055e-07
1.427602757656308285e-01,1.129542542047199175e-09,-1.807282048399952348e-04,1.202793810509684437e-06,9.962547047400184264e-01,6.418585393526616330e-04,6.418585393526616330e-04,1.129542542047199175e-09,1.203923353051731621e-06,9.962510929699592843e-01,6.370428459404547201e-04,6.370428459404547201e-04,1.797048239394059731e-09,2.951682931759232545e-06,2.951682931759232545e-06,2.757238276732071179e-07
1.450628608586248813e-01,1.517527427142497707e-09,-1.713742474572070855e-04,1.607640606334936510e-06,9.966424570268586081e-01,3.179437793536184670e-05,3.179437793536184670e-05,1.517527427142497707e-09,1.609158133762078979e-06,9.966376295524572715e-01,2.535774540031352994e-05,2.535774540031352994e-05,2.420639376625798094e-09,3.143875364210430595e-06,3.143875364210430595e-06,2.668798819726039505e-07
1.473654459516189341e-01,1.890804226813562296e-09,-1.604975559922508337e-04,1.988882372022119982e-06,9.971366700891295398e-01,-4.423741976905307648e-04,-4.423741976905307648e-04,1.890804226813562296e-09,1.990773176248933413e-06,9.971306977696008378e-01,-4.503372903955265086e-04,-4.503372903955265086e-04,3.020502844558224155e-09,3.017976626986246061e-06,3.017976626986246061e-06,2.555145839125524725e-07
1.496680310446129869e-01,2.245931707791161294e-09,-1.481926285273125869e-04,2.343134899913439617e-06,9.977297530545611304e-01,-6.924525422397556770e-04,-6.924525422397556770e-04,2.245931707791161294e-09,2.345380831621230956e-06,9.977227169120662653e-01,-7.018340655662406178e-04,-7.018340655662406178e-04,3.590934299871349273e-09,2.679181482952237049e-06,2.679181482952237049e-06,2.417033280272964333e-07
1.519706161376070397e-01,2.579568547470085849e-09,-1.345897611371601706e-04,2.667274343741867943e-06,9.984132934959865091e-01,-6.781562107151449482e-04,-6.781562107151449482e-04,2.579568547470085849e-09,2.669853912289338141e-06,9.984052839342496544e-01,-6.888356263643022771e-04,-6.888356263643022771e-04,4.126470869410496572e-09,2.270497227723979715e-06,2.270497227723979715e-06,2.255783504972775940e-07
1.542732012306010647e-01,2.888549932781537308e-09,-1.198555600212048621e-04,2.958521215401939274e-06,9.991781507121637596e-01,-4.147572237270263527e-04,-4.147572237270263527e-04,2.888549932781537308e-09,2.961409765334720621e-06,9.991692664828677461e-01,-4.266028627883652132e-04,-4.266028627883652132e-04,4.622026650556413151e-09,1.942462487020518116e-06,1.942462487020518116e-06,2.073315052771832446e-07
1.565757863235951175e-01,3.169974086949367605e-09,-1.041873969909566389e-04,3.214518429217001510e-06,1.000014569914443818e+00,3.076171041694897448e-05,3.076171041694897448e-05,3.169974086949367605e-09,3.217688403303950665e-06,1.000004916849233982e+00,1.789095680373317351e-05,1.789095680373317351e-05,5.073024077954756129e-09,1.821713244431842000e-06,1.821713244431842000e-06,1.872080258990325407e-07
1.588783714165891703e-01,3.421285078812171002e-09,-8.780286818346341802e-05,3.433390454656328476e-06,1.000912313462750003e+00,5.540652643759952324e-04,5.540652643759952324e-04,3.421285078812171002e-09,3.436811739735140514e-06,1.000902003027530851e+00,5.403180174170546957e-04,5.403180174170546957e-04,5.475501439037594142e-09,1.984844186618469598e-06,1.984844186618469598e-06,1.654924541322562170e-07
1.611809565095831953e-01,3.640338904092813906e-09,-7.092627682460645561e-05,3.613774269522861759e-06,1.001860802340831080e+00,1.035233508224366224e-03,1.035233508224366224e-03,3.640338904092813906e-09,3.617414608426954505e-06,1.001849950097005726e+00,1.020763849790658467e-03,1.020763849790658467e-03,5.826181400582392503e-09,2.442824632080206106e-06,2.442824632080206106e-06,1.424894418634426071e-07
1.634835416025772481e-01,3.825443036034645318e-09,-5.377467062065443041e-05,3.754818152104142934e-06,1.002849259414399841e+00,1.363394014165105915e-03,1.363394014165105915e-03,3.825443036034645318e-09,3.758643595140177769e-06,1.002837983483614526e+00,1.348359439784545298e-03,1.348359439784545298e-03,6.122492844757724771e-09,3.138993086864205319e-06,3.138993086864205319e-06,1.185030536420186208e-07
1.657861266955713009e-01,3.975364683594713503e-09,-3.654594403256790748e-05,3.856150260292643120e-06,1.003866845946610464e+00,1.459182788407851648e-03,1.459182788407851648e-03,3.975364683594713503e-09,3.860125624976237968e-06,1.003855265569735478e+00,1.443742285907946652e-03,1.443742285907946652e-03,6.362547000723705271e-09,3.960850317454230457e-06,3.960850317454230457e-06,9.381835527870044582e-08
1.680887117885653537e-01,4.089308794006227202e-09,-1.941099698309366227e-05,3.917824212954135338e-06,1.004902784294116724e+00,1.290537602200647225e-03,1.290537602200647225e-03,4.089308794006227202e-09,3.921913521748141757e-06,1.004891018553551563e+00,1.274849948113654634e-03,1.274849948113654634e-03,6.545077010467132491e-09,4.763078003432539188e-06,4.763078003432539188e-06,6.868847037646798587e-08
1.703912968815594065e-01,4.166872213640982524e-09,-2.511053952861350575e-06,3.940252499678186195e-06,1.005946462315995271e+00,8.787590255431663305e-04,8.787590255431663305e-04,4.166872213640982524e-09,3.944419371891827385e-06,1.005934629057879670e+00,8.629813480555990684e-04,8.629813480555990684e-04,6.669356084028495858e-09,5.396991447995749225e-06,5.396991447995749225e-06,4.332907582028451151e-08
1.726938819745534315e-01,4.207984332239214971e-09,1.403981331579860209e-05,3.924139868126771646e-06,1.006987518229453649e+00,2.937882640481962447e-04,2.937882640481962447e-04,4.207984332239214971e-09,3.928347852459011057e-06,1.006975733185896171e+00,2.780748726383601801e-04,2.780748726383601801e-04,6.735112175296253278e-09,5.740423236494858810e-06,5.740423236494858810e-06,1.792075714439173528e-08
1.749964670675474843e-01,4.212846271705008372e-09,3.014793093172879338e-05,3.870427729170030360e-06,1.008015907787885856e+00,-3.601716421493072573e-04,-3.601716421493072573e-04,4.212846271705008372e-09,3.874640575441735775e-06,1.008004283866159589e+00,-3.756702044510742207e-04,-3.756702044510742207e-04,6.742456234247351027e-09,5.722049717827851305e-06,5.722049717827851305e-06,-7.381921664546273190e-09
1.772990521605415370e-01,4.181879992754864433e-09,4.573077786424021462e-05,3.780257423154178068e-06,1.009021958134818542e+00,-9.656624146947654502e-04,-9.656624146947654502e-04,4.181879992754864433e-09,3.784439303146932778e-06,1.009010604816909185e+00,-9.808001719073531407e-04,-9.808001719073531407e-04,6.691836896634328405e-09,5.335382389654972619e-06,5.335382389654972619e-06,-3.243705101102876032e-08
1.796016372535355621e-01,4.115695819130895967e-09,6.070738086326492371e-05,3.654955643587537923e-06,1.009996414063201398e+00,-1.415320190132108701e-03,-1.415320190132108701e-03,4.115695819130895967e-09,3.659071339406668718e-06,1.009985436849183182e+00,-1.429956475489735281e-03,-1.429956475489735281e-03,6.584027931114232698e-09,4.639783046714086618e-06,4.639783046714086618e-06,-5.710086718199664584e-08
1.819042223465296149e-01,4.015082476152486881e-09,7.499042880007160709e-05,3.496040381056828197e-06,1.010930482486509074e+00,-1.632906016377524711e-03,-1.632906016377524711e-03,4.015082476152486881e-09,3.500055463532980734e-06,1.010919982320118482e+00,-1.646906238231656688e-03,-1.646906238231656688e-03,6.420147269472274529e-09,3.748479242525538273e-06,3.748479242525538273e-06,-8.121534298157008819e-08
1.842068074395236676e-01,3.881018734187651309e-09,8.848173034340595989e-05,3.305241418310994318e-06,1.011815879775260107e+00,-1.587907355218781203e-03,-1.587907355218781203e-03,3.881018734187651309e-09,3.309122437045181770e-06,1.011805952407949016e+00,-1.601143844966962035e-03,-1.601143844966962035e-03,6.201699515833452098e-09,2.806126110325622936e-06,2.806126110325622936e-06,-1.046005607770096369e-07
1.865093925325177204e-01,3.714701140900281578e-09,1.010718888511874313e-04,3.084526494793413684e-06,1.012644884535435219e+00,-1.300949529062032711e-03,-1.300949529062032711e-03,3.714701140900281578e-09,3.088241195934314152e-06,1.012635619811847354e+00,-1.313302493845769966e-03,-1.313302493845769966e-03,5.930628805010592227e-09,1.960476204288261601e-06,1.960476204288261601e-06,-1.270534901213815653e-07
1.888119776255117732e-01,3.517578999453647472e-09,1.126441856865654899e-04,2.836123262545348758e-06,1.013410395872368142e+00,-8.391151907541931267e-04,-8.391151907541931267e-04,3.517578999453647472e-09,2.839640841544802395e-06,1.013401876949843405e+00,-8.504737541203722957e-04,-8.504737541203722957e-04,5.609366665531768741e-09,1.333797446535718156e-06,1.333797446535718156e-06,-1.483534568651429003e-07
1.911145627185057982e-01,3.291386296876293248e-09,1.230818263604934707e-04,2.562528173273913992e-06,1.014105994725543303e+00,-3.022618000926289347e-04,-3.022618000926289347e-04,3.291386296876293248e-09,2.565819559570790487e-06,1.014098297266864623e+00,-3.125250783309120898e-04,-3.125250783309120898e-04,5.240860458017717514e-09,9.996310953559126169e-07,9.996310953559126169e-07,-1.682732534884572244e-07
1.934171478114998510e-01,3.038160912835276426e-09,1.322770725350488842e-04,2.266496170563950833e-06,1.014726003962360679e+00,1.968405087582725092e-04,1.968405087582725092e-04,3.038160912835276426e-09,2.269534331476786119e-06,1.014719195359366166e+00,1.877623714323653698e-04,1.877623714323653698e-04,4.828571700350702793e-09,9.693427533084078234e-07,9.693427533084078234e-07,-1.865937609020030424e-07
1.957197329044939038e-01,2.760243939957579436e-09,1.401404679711301866e-04,1.951008897797202867e-06,1.015265541932441673e+00,5.545855164765612971e-04,5.545855164765612971e-04,2.760243939957579436e-09,1.953769141737160504e-06,1.015259680625016481e+00,5.467704399096126686e-04,5.467704399096126686e-04,4.376439319286424069e-09,1.190937249954450723e-06,1.190937249954450723e-06,-2.031193276245412435e-07
1.980223179974879288e-01,2.460255767383837741e-09,1.466084118117989929e-04,1.619223277483464323e-06,1.015720564263170589e+00,6.965094908971703478e-04,6.965094908971703478e-04,2.460255767383837741e-09,1.621683533250848124e-06,1.015715699212570877e+00,6.900227567641669443e-04,6.900227567641669443e-04,3.888809398846479834e-09,1.560187373437952611e-06,1.560187373437952611e-06,-2.176910832842553337e-07
2.003249030904819816e-01,2.141049935980298759e-09,1.516477104519408010e-04,1.274405960164496601e-06,1.016087889762953278e+00,5.913532169192248526e-04,5.913532169192248526e-04,2.141049935980298759e-09,1.276547010100476993e-06,1.016084060121922983e+00,5.862470288788229709e-04,5.862470288788229709e-04,3.370339041816747977e-09,1.941745642389099567e-06,1.941745642389099567e-06,-2.301958385151491597e-07
2.026274881834760344e-01,1.805649815188467899e-09,1.552563599282392505e-04,9.198616086037477628e-07,1.016365208142518961e+00,2.566064006675126117e-04,2.566064006675126117e-04,1.805649815188467899e-09,9.216672584189362752e-07,1.016362443140743643e+00,2.529197316338368433e-04,2.529197316338368433e-04,2.825886384670756447e-09,2.196025768909406871e-06,2.196025768909406871e-06,-2.405691275068319570e-07
2.049300732764700872e-01,1.457176123573670687e-09,1.574605433287267094e-04,5.588638628104950658e-07,1.016551069486586023e+00,-2.453789820624303810e-04,-2.453789820624303810e-04,1.457176123573670687e-09,5.603210389340686902e-07,1.016549388523469322e+00,-2.476202662181666426e-04,-2.476202662181666426e-04,2.260400831084634733e-09,2.206606220067437676e-06,2.206606220067437676e-06,-2.487920912434107541e-07
2.072326583694641400e-01,1.098774699011635977e-09,1.583085273537073769e-04,1.945970341715131303e-07,1.016644857577327699e+00,-8.197977107700727198e-04,-8.197977107700727198e-04,1.098774699011635977e-09,1.956958088705247700e-07,1.016644270489901025e+00,-8.205804940055547864e-04,-8.205804940055547864e-04,1.678826909019672449e-09,1.902900317322908029e-06,1.902900317322908029e-06,-2.548830512851240152e-07
2.095352434624581650e-01,7.335535237851088761e-10,1.578626784523603870e-04,-1.698856647112051150e-07,1.016646750889638406e+00,-1.357808762045578177e-03,-1.357808762045578177e-03,7.335535237851088761e-10,-1.691521111874199996e-07,1.016647258345972027e+00,-1.357132153600828497e-03,-1.357132153600828497e-03,1.086032047264474893e-09,1.273832680063778563e-06,1.273832680063778563e-06,-2.588855672560515191e-07
2.118378285554522178e-01,3.645359724123189201e-10,1.561910996813862423e-04,-5.316847412456714768e-07,1.016557676055123371e+00,-1.757358206171173763e-03,-1.757358206171173763e-03,3.645359724123189201e-10,-5.313202052732592063e-07,1.016559270015739092e+00,-1.755232925350080648e-03,-1.755232925350080648e-03,4.867636978452979257e-10,3.700470716037613502e-07,3.700470716037613502e-07,-2.608553373629090895e-07
2.141404136484462706e-01,-5.365976384487695033e-12,1.533603756319066376e-04,-8.880587817794041405e-07,1.016379258690766729e+00,-1.942424276455156397e-03,-1.942424276455156397e-03,-5.365976384487695033e-12,-8.880641477557886335e-07,1.016381922883210054e+00,-1.938872019864133246e-03,-1.938872019864133246e-03,-1.143644100597250827e-10,-7.056117899983584087e-07,-7.056117899983584087e-07,-2.608484008473741189e-07
2.164429987414402956e-01,-3.733585876474939604e-10,1.494306228985774014e-04,-1.236414573275914164e-06,1.016113775744474035e+00,-1.877082280298529582e-03,-1.877082280298529582e-03,-3.733585876474939604e-10,-1.236787931863561642e-06,1.016117486108269574e+00,-1.872135128571075259e-03,-1.872135128571075259e-03,-7.128624219058594760e-10,-1.817379894999388417e-06,-1.817379894999388417e-06,-2.589127367932713482e-07
2.187455838344343484e-01,-7.367568855847793945e-10,1.444535465985128514e-04,-1.574289225295951503e-06,1.015764112112540696e+00,-1.571836740708317881e-03,-1.571836740708317881e-03,-7.367568855847793945e-10,-1.575025982181536285e-06,1.015768837190487162e+00,-1.565536636779591697e-03,-1.565536636779591697e-03,-1.304340477283911858e-09,-2.821852543598339779e-06,-2.821852543598339779e-06,-2.550846144852213814e-07
2.210481689274284012e-01,-1.092965190238691938e-09,1.384736029933588449e-04,-1.899331454929760255e-06,1.015333722532984151e+00,-1.081171352911759840e-03,-1.081171352911759840e-03,-1.092965190238691938e-09,-1.900424420119998853e-06,1.015339423806244534e+00,-1.073569655231279953e-03,-1.073569655231279953e-03,-1.884482392849221332e-09,-3.594434326398034390e-06,-3.594434326398034390e-06,-2.493900914805862690e-07
2.233507540204224540e-01,-1.439455467758246235e-09,1.315317812518470675e-04,-2.209288732033969791e-06,1.014826598000599489e+00,-4.929303394859617339e-04,-4.929303394859617339e-04,-1.439455467758246235e-09,-2.210728187501727828e-06,1.014833230185161916e+00,-4.840874267359548022e-04,-4.840874267359548022e-04,-2.449028256211321171e-09,-4.052001194859067813e-06,-4.052001194859067813e-06,-2.418510650682713953e-07
2.256533391134165067e-01,-1.773751208999411947e-09,1.236710515611766359e-04,-2.502005286438391055e-06,1.014247234512184015e+00,8.834687271285660904e-05,8.834687271285660904e-05,-1.773751208999411947e-09,-2.503779037647390397e-06,1.014254745849296979e+00,9.836198886344616724e-05,9.836198886344616724e-05,-2.993774894426727524e-09,-4.167609481237201946e-06,-4.167609481237201946e-06,-2.324944458704120526e-07
2.279559242064105318e-01,-2.093423037266365246e-09,1.149422614182549343e-04,-2.775433431058389339e-06,1.013600601082530472e+00,5.609381683777140901e-04,5.609381683777140901e-04,-2.093423037266365246e-09,-2.777526854095655735e-06,1.013608933663092682e+00,5.720482757940966757e-04,5.720482757940966757e-04,-3.514599195901147179e-09,-3.974638538329340662e-06,-3.974638538329340662e-06,-2.213624866816033726e-07
2.302585092994045846e-01,-2.396099635386166534e-09,1.054092348720053692e-04,-3.027657769675536146e-06,1.012892103802645938e+00,8.446399170686204804e-04,8.446399170686204804e-04,-2.396099635386166534e-09,-3.030053869310922353e-06,1.012901193964253821e+00,8.567601325458641800e-04,8.567601325458641800e-04,-4.007504484575352448e-09,-3.559757021691442359e-06,-3.559757021691442359e-06,-2.085221502013105958e-07
2.325610943923986373e-01,-2.679494399725414061e-09,9.515203278214100159e-05,-3.256929184151105688e-06,1.012127543234177640e+00,8.952254336445503169e-04,8.952254336445503169e-04,-2.679494399725414061e-09,-3.259608678550831056e-06,1.012137322060213229e+00,9.082638683587536919e-04,9.082638683587536919e-04,-4.468685485762282762e-09,-3.046176516118707953e-06,-3.046176516118707953e-06,-1.940716460048045614e-07
2.348636794853926624e-01,-2.941445079602711784e-09,8.426771621726745771e-05,-3.461703513297991028e-06,1.011313063514492239e+00,7.120819598398078288e-04,7.120819598398078288e-04,-2.941445079602711784e-09,-3.464644958377593807e-06,1.011323457449367469e+00,7.259405396733181921e-04,7.259405396733181921e-04,-4.894603735836152859e-09,-2.570416558274424823e-06,-2.570416558274424823e-06,-1.781428468038458405e-07
2.371662645783867152e-01,-3.179961117029683211e-09,7.286844027115733490e-05,-3.640678872852126313e-06,1.010455092956940248e+00,3.377517460259259977e-04,3.377517460259259977e-04,-3.179961117029683211e-09,-3.643858833969156061e-06,1.010466024533442253e+00,3.523271813618026270e-04,3.523271813618026270e-04,-5.282063208870977756e-09,-2.256936618606426885e-06,-2.256936618606426885e-06,-1.608990859554439341e-07
2.394688496713807679e-01,-3.393271900800716617e-09,6.107719838237722838e-05,-3.792825748254297651e-06,1.009560277394819128e+00,-1.503920620414973797e-04,-1.503920620414973797e-04,-3.393271900800716617e-09,-3.796219020155098225e-06,1.009571666051879646e+00,-1.352071859608769953e-04,-1.352071859608769953e-04,-5.628275776469318259e-09,-2.195301642732980594e-06,-2.195301642732980594e-06,-1.425286887595752322e-07
2.417714347643748207e-01,-3.579868920064186850e-09,4.902194821156357881e-05,-3.917405230496364363e-06,1.008635408765144348e+00,-6.546779303149774997e-04,-6.546779303149774997e-04,-3.579868920064186850e-09,-3.920985099416428154e-06,1.008647171720442604e+00,-6.389939899173117770e-04,-6.389939899173117770e-04,-5.930907833656456148e-09,-2.424001716647828035e-06,-2.424001716647828035e-06,-1.232353426475620892e-07
2.440740198573688735e-01,-3.738535836175261474e-09,3.682910966248770462e-05,-4.013972785527943653e-06,1.007687352243187062e+00,-1.075129700185276267e-03,-1.075129700185276267e-03,-3.738535836175261474e-09,-4.017711321364118682e-06,1.007699405377151081e+00,-1.059058854899819864e-03,-1.059058854899819864e-03,-6.188102628639320663e-09,-2.923763605267577150e-06,-2.923763605267577150e-06,-1.032269345659509539e-07
2.463766049503628985e-01,-3.868362552716098883e-09,2.461749531313069171e-05,-4.082367349321393217e-06,1.006722975494104499e+00,-1.327607857019172171e-03,-1.327607857019172171e-03,-3.868362552716098883e-09,-4.086235711874109620e-06,1.006735234201240115e+00,-1.311262914171675746e-03,-1.311262914171675746e-03,-6.398476891629164906e-09,-3.621422826730938790e-06,-3.621422826730938790e-06,-8.270469405486276090e-08
2.486791900433569513e-01,-3.968742044109978060e-09,1.249361113674394042e-05,-4.122687876578280402e-06,1.005749083284134482e+00,-1.358829202337235925e-03,-1.358829202337235925e-03,-3.968742044109978060e-09,-4.126656618622390269e-06,1.005761463253990406e+00,-1.342322575862746337e-03,-1.342322575862746337e-03,-6.561094507909914940e-09,-4.403500925856535100e-06,-4.403500925856535100e-06,-6.185435431223200739e-08
2.509817751363510041e-01,-4.039351503407068618e-09,5.489831190488192945e-07,-4.135261329969573881e-06,1.004772359875038212e+00,-1.155626592385591844e-03,-1.155626592385591844e-03,-4.039351503407068618e-09,-4.139300681472981235e-06,1.004784777777082638e+00,-1.139069389659699838e-03,-1.139069389659699838e-03,-6.675423481043799243e-09,-5.136903707702288464e-06,-5.136903707702288464e-06,-4.084061882544834304e-08
2.532843602293450291e-01,-4.080121791018104735e-09,-1.114021802994530968e-05,-4.120607174530432323e-06,1.003799320478913515e+00,-7.468978386618915083e-04,-7.468978386618915083e-04,-4.080121791018104735e-09,-4.124687296321450012e-06,1.003811694540802435e+00,-7.303990894766056608e-04,-7.303990894766056608e-04,-6.741284691340307749e-09,-5.692927566262928763e-06,-5.692927566262928763e-06,-1.980558716770675265e-08
2.555869453223391097e-01,-4.091200799124457800e-09,-2.251139311547377587e-05,-4.079403589009819292e-06,1.002836271791481604e+00,-1.980299535129276972e-04,-1.980299535129276972e-04,-4.091200799124457800e-09,-4.083494789808943994e-06,1.002848522275850973e+00,-1.816959743536919144e-04,-1.816959743536919144e-04,-6.758801627824827963e-09,-5.970239874285623364e-06,-5.970239874285623364e-06,1.128927679028682911e-09
2.578895304153331347e-01,-4.072916939106987029e-09,-3.351207580175083575e-05,-4.012459845647615178e-06,1.001889280473021726e+00,4.010732746780867539e-04,4.010732746780867539e-04,-4.072916939106987029e-09,-4.016532762586722406e-06,1.001901330071309548e+00,4.171394057284336706e-04,4.171394057284336706e-04,-6.728359310908554654e-09,-5.912760924715465521e-06,-5.912760924715465521e-06,2.185593515442099480e-08
2.601921155083271597e-01,-4.025748453248057026e-09,-4.409560059265315614e-05,-3.920697823407304944e-06,1.000964147597535048e+00,9.521239847490264949e-04,9.521239847490264949e-04,-4.025748453248057026e-09,-3.924723571860553226e-06,1.000975921768250565e+00,9.678228790364687417e-04,9.678228790364687417e-04,-6.650578270174808440e-09,-5.519353233289980157e-06,-5.519353233289980157e-06,4.227591644426057573e-08
2.624947006013212403e-01,-3.950302783442168059e-09,-5.421674951738215037e-05,-3.805143705869630342e-06,1.000066386668865270e+00,1.365821103577766508e-03,1.365821103577766508e-03,-3.950302783442168059e-09,-3.809094008653072518e-06,1.000077813950891237e+00,1.381057479612378880e-03,1.381057479612378880e-03,-6.526306173009157002e-09,-4.843728190308986477e-06,-4.843728190308986477e-06,6.228911890971518597e-08
2.647972856943152653e-01,-3.847308096336182394e-09,-6.382820209504267220e-05,-3.666928930783127392e-06,9.992012028519684508e-01,1.577383015580710677e-03,1.577383015580710677e-03,-3.847308096336182394e-09,-3.670776238879463784e-06,9.992122151806850372e-01,1.592066120536228622e-03,1.592066120536228622e-03,-6.356626129489505202e-09,-3.984731754506157174e-06,-3.984731754506157174e-06,8.178901801749258476e-08
2.670998707873093458e-01,-3.717616665619809082e-09,-7.287842463597884795e-05,-3.507297753194818923e-06,9.983734715481045185e-01,1.557554951676754385e-03,1.557554951676754385e-03,-3.717616665619809082e-09,-3.511015369860438605e-06,9.983840045942140584e-01,1.571599013156196097e-03,1.571599013156196097e-03,-6.142877465355324910e-09,-3.068856152642952359e-06,-3.068856152642952359e-06,1.006581941600552690e-07
2.694024558803033709e-01,-3.562217575153982340e-09,-8.131134591123080591e-05,-3.327617639868638058e-06,9.975877152418740623e-01,1.317253205907494180e-03,1.317253205907494180e-03,-3.562217575153982340e-09,-3.331179857443791966e-06,9.975977087814463795e-01,1.330577925337269370e-03,1.330577925337269370e-03,-5.886682407965695247e-09,-2.228149948863406756e-06,-2.228149948863406756e-06,1.187673911869535614e-07
2.717050409732973959e-01,-3.382254510802248985e-09,-8.906783223658709214e-05,-3.129388298303103712e-06,9.968480785046439641e-01,9.051562883825398044e-04,9.051562883825398044e-04,-3.382254510802248985e-09,-3.132770552813906128e-06,9.968574768163024347e-01,9.176873705937953814e-04,9.176873705937953814e-04,-5.589971040260016742e-09,-1.577442140168988476e-06,-1.577442140168988476e-06,1.359779302430262059e-07
2.740076260662914764e-01,-3.179043523346023932e-09,-9.608865616079504269e-05,-2.914245492681061757e-06,9.961583019742832334e-01,3.987919195309711255e-04,3.987919195309711255e-04,-3.179043523346023932e-09,-2.917424536204407974e-06,9.961670542478918700e-01,4.104616176757887574e-04,4.104616176757887574e-04,-5.254997180370538864e-09,-1.194842490600269331e-06,-1.194842490600269331e-06,1.521470544194567802e-07
2.763102111592855015e-01,-2.954085687530219546e-09,-1.023184031941621041e-04,-2.683956811792114063e-06,9.955216968807771849e-01,-1.092187036986057985e-04,-1.092187036986057985e-04,-2.954085687530219546e-09,-2.686910897479644359e-06,9.955297576134696236e-01,-9.847106010868721939e-05,-9.847106010868721939e-05,-4.884339428565690587e-09,-1.108839640005166146e-06,-1.108839640005166146e-06,1.671352800288894920e-07
2.786127962522795265e-01,-2.709070506983460521e-09,-1.077096193652509490e-04,-2.440408022221368300e-06,9.949411221283244178e-01,-5.273000636398359918e-04,-5.273000636398359918e-04,-2.709070506983460521e-09,-2.443117092728351894e-06,9.949484514796026469e-01,-5.175275952689226350e-04,-5.175275952689226350e-04,-4.480884162273388311e-09,-1.294118611511521808e-06,-1.294118611511521808e-06,1.808145102707871067e-07
2.809153813452736070e-01,-2.445867527192466604e-09,-1.122264871053529125e-04,-2.185580289228397196e-06,9.944189660141214970e-01,-7.806305364815479186e-04,-7.806305364815479186e-04,-2.445867527192466604e-09,-2.188026156755589459e-06,9.944255300925917140e-01,-7.718784318545255946e-04,-7.718784318545255946e-04,-4.047790279032108257e-09,-1.676680877039031445e-06,-1.676680877039031445e-06,1.930755731112190928e-07
2.832179664382676321e-01,-2.166505616740267866e-09,-1.158474237202758569e-04,-1.921520087300910004e-06,9.939571343665404290e-01,-8.237411964798303570e-04,-8.237411964798303570e-04,-2.166505616740267866e-09,-1.923686592917650469e-06,9.939629054263191543e-01,-8.160464501081597958e-04,-8.160464501081597958e-04,-3.588438451295692392e-09,-2.147245575496372957e-06,-2.147245575496372957e-06,2.038339829495799554e-07
2.855205515312616571e-01,-1.873141406956458296e-09,-1.185662007482208923e-04,-1.650304796354263835e-06,9.935570462873775099e-01,-6.479162456862293988e-04,-6.479162456862293988e-04,-1.873141406956458296e-09,-1.652177937761220194e-06,9.935620028211907817e-01,-6.413075339351845087e-04,-6.413075339351845087e-04,-3.106370064969238886e-09,-2.580515786254661715e-06,-2.580515786254661715e-06,2.130330610059339245e-07
2.878231366242557376e-01,-1.568020099012782231e-09,-1.203914440547742675e-04,-1.374007607820237968e-06,9.932196378980674423e-01,-2.822358280382892323e-04,-2.822358280382892323e-04,-1.568020099012782231e-09,-1.375575627919250770e-06,9.932237646249512109e-01,-2.767335255266122258e-04,-2.767335255266122258e-04,-2.605222481695296853e-09,-2.856941160959678519e-06,-2.856941160959678519e-06,2.206440164897306327e-07
2.901257217172497627e-01,-1.253432980068537003e-09,-1.213446464415675482e-04,-1.094665369050215002e-06,9.929453736571369760e-01,2.117955884439671381e-04,2.117955884439671381e-04,-1.253432980068537003e-09,-1.095918802030283523e-06,9.929486614135430989e-01,2.161792636520882714e-04,2.161792636520882714e-04,-2.088667585856913496e-09,-2.883248176648981862e-06,-2.883248176648981862e-06,2.266631046896912597e-07
2.924283068102438432e-01,-9.316763716665056771e-10,-1.214570607218245135e-04,-8.142524052537363603e-07,9.927342640747934821e-01,7.510082511899947516e-04,7.510082511899947516e-04,-9.316763716665056771e-10,-8.151840816254028641e-07,9.927367096270383051e-01,7.542689875164964143e-04,7.542689875164964143e-04,-1.560359746226542769e-09,-2.608287568850255786e-06,-2.608287568850255786e-06,2.311064506898532216e-07
2.947308919032378682e-01,-6.050163320793642808e-10,-1.207660041898028715e-04,-5.346623038301689324e-07,9.925858881165007253e-01,1.244803364955827983e-03,1.244803364955827983e-03,-6.050163320793642808e-10,-5.352673201622483346e-07,9.925874939184612389e-01,1.246944434236476901e-03,1.246944434236476901e-03,-1.023897527570827907e-09,-2.031601914315798991e-06,-2.031601914315798991e-06,2.340034813674955728e-07
2.970334769962318933e-01,-2.756623490414641214e-10,-1.193111721272014318e-04,-2.576983250952312229e-07,9.924994183357004340e-01,1.610416128067849442e-03,1.610416128067849442e-03,-2.756623490414641214e-10,-2.579739874442726820e-07,9.925001922576627278e-01,1.611448024017626563e-03,1.611448024017626563e-03,-4.828010697995860670e-10,-1.203386768725722854e-06,-1.203386768725722854e-06,2.353900902450705614e-07
2.993360620892259738e-01,5.424830191729600943e-11,-1.171315227273991540e-04,1.492825203038583526e-08,9.924736468305794812e-01,1.786638373408947324e-03,1.786638373408947324e-03,5.424830191729600943e-11,1.498250033230313049e-08,9.924736018830785378e-01,1.786578443407618169e-03,1.786578443407618169e-03,5.949556043201887956e-11,-2.159828608480159331e-07,-2.159828608480159331e-07,2.353026475318719353e-07
3.016386471822199988e-01,3.826556187910800632e-10,-1.142631700744214110e-04,2.815937060305726144e-07,9.925070104532753845e-01,1.743747384275547282e-03,1.743747384275547282e-03,3.826556187910800632e-10,2.819763616493636964e-07,9.925061645241903818e-01,1.742619478828949737e-03,1.742619478828949737e-03,5.996401080609135748e-10,8.115546300423835679e-07,8.115546300423835679e-07,2.337737724997317103e-07
3.039412322752140794e-01,7.075731024471446937e-10,-1.107385313311943972e-04,5.407540212917384190e-07,9.925976142403928337e-01,1.488067092471644960e-03,1.488067092471644960e-03,7.075731024471446937e-10,5.414615943941855667e-07,9.925959898556097061e-01,1.485901246094068276e-03,1.485901246094068276e-03,1.134350763288573562e-09,1.753143436094546252e-06,1.753143436094546252e-06,2.308304480616178289e-07
3.062438173682081044e-01,1.027078201171151241e-09,-1.065867539406069526e-04,7.909365730658573641e-07,9.927432526800195056e-01,1.060510213502401924e-03,1.060510213502401924e-03,1.027078201171151241e-09,7.919636512670284748e-07,9.927408767890657515e-01,1.057342358897333905e-03,1.057342358897333905e-03,1.660403356500625499e-09,2.496298114411039963e-06,2.496298114411039963e-06,2.264946402783060506e-07
3.085464024612021294e-01,1.339300756891729873e-09,-1.018352361311916296e-04,1.030734120209273501e-06,9.929414290702479606e-01,5.294557125842525285e-04,5.294557125842525285e-04,1.339300756891729873e-09,1.032073420966165135e-06,9.929383328499851169e-01,5.253274189003879222e-04,5.253274189003879222e-04,2.174622657391986324e-09,2.960278941936201805e-06,2.960278941936201805e-06,2.207861606960736507e-07
3.108489875541962100e-01,1.642413324290250231e-09,-9.651188355098530331e-05,1.258803237568671992e-06,9.931893737532823119e-01,-2.076242824997440121e-05,-2.076242824997440121e-05,1.642413324290250231e-09,1.260445650892962287e-06,9.931855924163296434e-01,-2.580421085354625121e-05,-2.580421085354625121e-05,2.673882279637329792e-09,3.108825575910118176e-06,3.108825575910118176e-06,2.137271467201330574e-07
3.131515726471902350e-01,1.934626679506777083e-09,-9.064764176980708466e-05,1.473868362141812575e-06,9.934840623476275390e-01,-5.037902987057361979e-04,-5.037902987057361979e-04,1.934626679506777083e-09,1.475802988821319310e-06,9.934796349386610936e-01,-5.096935106610214717e-04,-5.096935106610214717e-04,3.155115943775291056e-09,2.955477642066622015e-06,2.955477642066622015e-06,2.053472907966050117e-07
3.154541577401842600e-01,2.214192759374717293e-09,-8.427882161565135007e-05,1.674731524041982590e-06,9.938222352046610641e-01,-8.452975876037418764e-04,-8.452975876037418764e-04,2.214192759374717293e-09,1.676945716801357346e-06,9.938172043675106426e-01,-8.520053704709472939e-04,-8.520053704709472939e-04,3.615340711919984746e-09,2.560731650819133943e-06,2.560731650819133943e-06,1.956888571115882895e-07
3.177567428331783406e-01,2.479415871424172693e-09,-7.744879102005007446e-05,1.860286771577571838e-06,9.942004191818140102e-01,-9.948488887708154069e-04,-9.948488887708154069e-04,2.479415871424172693e-09,1.862766187448996107e-06,9.941948308832516679e-01,-1.002299953520611325e-03,-1.002299953520611325e-03,4.051690643392120095e-09,2.021624844049641811e-06,2.021624844049641811e-06,1.848105925099981689e-07
3.200593279261723656e-01,2.728671528684464609e-09,-7.020872967170413740e-05,2.029537449071029653e-06,9.946149524881056081e-01,-9.337252375127020471e-04,-9.337252375127020471e-04,2.728671528684464609e-09,2.032266120599714077e-06,9.946088556897437760e-01,-9.418543019951009084e-04,-9.418543019951009084e-04,4.461457482245289915e-09,1.455551763512171942e-06,1.455551763512171942e-06,1.727898478815790288e-07
3.223619130191663906e-01,2.960430933592623336e-09,-6.261730796688604267e-05,2.181613972652458753e-06,9.950620128849186896e-01,-6.775138174487683193e-04,-6.775138174487683193e-04,2.960430933592623336e-09,2.184574403586051314e-06,9.950554591617079003e-01,-6.862521150631125093e-04,-6.862521150631125093e-04,4.842133758703230512e-09,9.810153948998394694e-07,9.810153948998394694e-07,1.597225370134588720e-07
3.246644981121604712e-01,3.173288167900939265e-09,-5.473933072948647339e-05,2.315789638383920459e-06,9.955376489997918021e-01,-2.731511118301816312e-04,-2.731511118301816312e-04,3.173288167900939265e-09,2.318962926551821352e-06,9.955306921110121943e-01,-2.824269635363889233e-04,-2.824269635363889233e-04,5.191453238443643812e-09,6.984557175653233912e-07,6.984557175653233912e-07,1.457209173650146890e-07
3.269670832051544962e-01,3.365986679215370356e-09,-4.664354968043209237e-05,2.431492286090434006e-06,9.960378140212978737e-01,2.090002099136049831e-04,2.090002099136049831e-04,3.365986679215370356e-09,2.434858272769649299e-06,9.960305094464795284e-01,1.992607768225263757e-04,1.992607768225263757e-04,5.507424025387190872e-09,6.742254961305035208e-07,6.742254961305035208e-07,1.309095221690112488e-07
3.292696682981485767e-01,3.537441742783505396e-09,-3.839997159205893934e-05,2.528310265151944867e-06,9.965584006657366434e-01,6.866814589994910513e-04,6.866814589994910513e-04,3.537441742783505396e-09,2.531847706894728201e-06,9.965508051226159569e-01,6.765540681719121267e-04,6.765540681719121267e-04,5.788350721746531557e-09,9.302213126442810221e-07,9.302213126442810221e-07,1.154198514989310059e-07
3.315722533911426018e-01,3.686756182714012405e-09,-3.007705428615630635e-05,2.605991990007735604e-06,9.970952760962292771e-01,1.078973678477904716e-03,1.078973678477904716e-03,3.686756182714012405e-09,2.609678746190449810e-06,9.970874470599907502e-01,1.068534963493143015e-03,1.068534963493143015e-03,6.032843669345415208e-09,1.440729492472182614e-06,1.440729492472182614e-06,9.938460056637544026e-08
3.338748384841366268e-01,3.813227643688124458e-09,-2.173918307120918945e-05,2.664439289934433582e-06,9.976443154571411620e-01,1.319110866324908369e-03,1.319110866324908369e-03,3.813227643688124458e-09,2.668252517578121538e-06,9.976363106995884689e-01,1.308437856254595841e-03,1.308437856254595841e-03,6.239815161592316490e-09,2.136872412728506049e-06,2.136872412728506049e-06,8.293224471323872261e-08
3.361774235771307073e-01,3.916346938748862897e-09,-1.344475939916025461e-05,2.703695602578757262e-06,9.982014328553266980e-01,1.364857962271572890e-03,1.364857962271572890e-03,3.916346938748862897e-09,2.707611949517505962e-06,9.981933100194781971e-01,1.354027514473502914e-03,1.354027514473502914e-03,6.408464323405504885e-09,2.917832396913568264e-06,2.917832396913568264e-06,6.618271198840548739e-08
3.384800086701247324e-01,3.995788259813807450e-09,-5.245124372293517963e-06,2.723930706016693835e-06,9.987626089394652240e-01,1.204869945874671461e-03,1.204869945874671461e-03,3.995788259813807450e-09,2.727926494276507484e-06,9.987544251599823619e-01,1.193958239897565526e-03,1.193958239897565526e-03,6.538253827627906296e-09,3.666979343317922305e-06,3.666979343317922305e-06,4.924467587321453800e-08
3.407825937631188129e-01,4.051393129268569774e-09,2.815598073311667345e-06,2.725424040276098171e-06,9.993239146433875453e-01,8.601144229484933247e-04,8.601144229484933247e-04,4.051393129268569774e-09,2.729475433405366685e-06,9.993157262170873079e-01,8.491965212148718054e-04,8.491965212148718054e-04,6.628882537672590974e-09,4.270295334222633105e-06,4.270295334222633105e-06,3.221472877741289421e-08
3.430851788561128379e-01,4.083150732685501057e-09,1.069979696861532925e-05,2.708548696683248141e-06,9.998815311010121887e-01,3.802318208464510038e-04,3.802318208464510038e-04,4.083150732685501057e-09,2.712631847415933505e-06,9.998733932054699736e-01,3.693812934567872511e-04,3.693812934567872511e-04,6.680258419631703871e-09,4.634181053923959015e-06,4.634181053923959015e-06,1.517839713547029662e-08
3.453877639491068630e-01,4.091177602126216883e-09,1.837499445540342500e-05,2.673757865583841671e-06,1.000431766141512524e+00,-1.645023211226549070e-04,-1.645023211226549070e-04,4.091177602126216883e-09,2.677849043185967920e-06,1.000423732594382997e+00,-1.752137172953987685e-04,-1.752137172953987685e-04,6.692475644438705811e-09,4.699881744720573835e-06,4.699881744720573835e-06,-1.787320982107827850e-09
3.476903490421009435e-01,4.075699485415459713e-09,2.581206698958675937e-05,2.621574991242800342e-06,1.000971068076084824e+00,-6.942821620089438626e-04,-6.942821620089438626e-04,4.075699485415459713e-09,2.625650690728216007e-06,1.000963191124012663e+00,-7.047847647718567029e-04,-7.047847647718567029e-04,6.665798798249788713e-09,4.452348707056870953e-06,4.452348707056870953e-06,-1.861043263924735248e-08
3.499929341350949685e-01,4.037037680423112762e-09,3.298338833211036377e-05,2.552588183921095750e-06,1.001496037653243576e+00,-1.132169729374529667e-03,-1.132169729374529667e-03,4.037037680423112762e-09,2.556625221601518879e-06,1.001488367777578770e+00,-1.142396230260935702e-03,-1.142396230260935702e-03,6.600655718083030224e-09,3.922255174778471494e-06,3.922255174778471494e-06,-3.522010330006391978e-08
3.522955192280889936e-01,3.975601238353094097e-09,3.986120768448335678e-05,2.467448698660123822e-06,1.002003439072269853e+00,-1.415854693187372547e-03,-1.415854693187372547e-03,3.975601238353094097e-09,2.471424299898476979e-06,1.001996024799370222e+00,-1.425740390386966453e-03,-1.425740390386966453e-03,6.497638903399919498e-09,3.180964906115374443e-06,3.180964906115374443e-06,-5.154316660949809530e-08
3.545981043210830741e-01,3.891885393473487138e-09,4.641652161874554279e-05,2.366872623407047668e-06,1.002490210812902127e+00,-1.506986579361171323e-03,-1.506986579361171323e-03,3.891885393473487138e-09,2.370764508800521338e-06,1.002483098519375782e+00,-1.516469637396373419e-03,-1.516469637396373419e-03,6.357513970292785545e-09,2.329337378746237022e-06,2.329337378746237022e-06,-6.750158374958711448e-08
3.569006894140770991e-01,3.786475524794250981e-09,5.261860741528333080e-05,2.251644423240623493e-06,1.002953476793538856e+00,-1.396702558465537369e-03,-1.396702558465537369e-03,3.786475524794250981e-09,2.255430898765417613e-06,1.002946710500842498e+00,-1.405724282060598958e-03,-1.405724282060598958e-03,6.181232436244206154e-09,1.482178677876349836e-06,1.482178677876349836e-06,-8.301127191444560458e-08
3.592032745070711242e-01,3.660055057039477772e-09,5.843527390564528823e-05,2.122620728595980883e-06,1.003390558055592630e+00,-1.106584963472508239e-03,-1.106584963472508239e-03,3.660055057039477772e-09,2.126280783653020196e-06,1.003384179213241634e+00,-1.115090086607120352e-03,-1.115090086607120352e-03,5.969945415918257740e-09,7.507751127766701391e-07,7.507751127766701391e-07,-9.798249186901270233e-08
3.615058596000652047e-01,3.513415092411549018e-09,6.383377191989812911e-05,1.980732759953373571e-06,1.003798984841235198e+00,-6.849935722397311379e-04,-6.849935722397311379e-04,3.513415092411549018e-09,1.984246175045784981e-06,1.003793032102709981e+00,-6.929305569399142389e-04,-6.929305569399142389e-04,5.725014658648000110e-09,2.261897398348935841e-07,2.261897398348935841e-07,-1.123217363437722657e-07
3.638084446930592297e-01,3.347463311193795331e-09,6.878220724345946065e-05,1.826986034646382479e-06,1.004176508637801168e+00,-1.994178420417856549e-04,-1.994178420417856549e-04,3.347463311193795331e-09,1.830333497957576185e-06,1.004171017637307317e+00,-2.067391760336159613e-04,-2.067391760336159613e-04,5.448017764304788446e-09,-3.416620688098959400e-08,-3.416620688098959400e-08,-1.259348324618435714e-07
3.661110297860533103e-01,3.163229810443756576e-09,7.325122862943082435e-05,1.662456451994416325e-06,1.004521113548097810e+00,2.739215667880612499e-04,2.739215667880612499e-04,3.163229810443756576e-09,1.665619681804860146e-06,1.004516116689052385e+00,2.672590880608418187e-04,2.672590880608418187e-04,5.140745290738563476e-09,-1.471810475420846597e-08,-1.471810475420846597e-08,-1.387307958754171776e-07
3.684136148790473353e-01,2.961868029793057135e-09,7.721573076794569315e-05,1.488282422943793525e-06,1.004831026240680991e+00,6.616087403346546363e-04,6.616087403346546363e-04,2.961868029793057135e-09,1.491244290973586607e-06,1.004826552507808168e+00,6.556437631707603356e-04,6.556437631707603356e-04,4.805188661136617564e-09,2.564735936704272959e-07,2.564735936704272959e-07,-1.506258755221020939e-07
3.707161999720413603e-01,2.744649655601003627e-09,8.065631991221050036e-05,1.305653308490875370e-06,1.005104723748699191e+00,9.039604135444515975e-04,9.039604135444515975e-04,2.744649655601003627e-09,1.308397958146476396e-06,1.005100798554824815e+00,8.987268217118657334e-04,8.987268217118657334e-04,4.443519101351910594e-09,7.124656499211383437e-07,7.124656499211383437e-07,-1.615472169425890633e-07
3.730187850650354409e-01,2.512953278580954520e-09,8.356033466883011705e-05,1.115794967010039067e-06,1.005340938512536697e+00,9.637317198663582609e-04,9.637317198663582609e-04,2.512953278580954520e-09,1.118307920288620003e-06,1.005337583588775896e+00,9.592584881852037927e-04,9.592584881852037927e-04,4.058059083752039127e-09,1.257919693672383464e-06,1.257919693672383464e-06,-1.714356463647645085e-07
3.753213701580294659e-01,2.268247469449630002e-09,8.592228757649334804e-05,9.199536081346821968e-07,1.005538660276426466e+00,8.313532085954121638e-04,8.313532085954121638e-04,2.268247469449630002e-09,9.222218556041318644e-07,1.005535893610859599e+00,8.276643211729956245e-04,8.276643211729956245e-04,3.651248744401243529e-09,1.783674160386939936e-06,1.783674160386939936e-06,-1.802472221983853838e-07
3.776239552510235464e-01,2.012069701675666884e-09,8.774368217733160820e-05,7.193793586629350221e-07,1.005697134716946772e+00,5.259945648762862688e-04,5.259945648762862688e-04,2.012069701675666884e-09,7.213914283646106476e-07,1.005694970542661659e+00,5.231089991628278804e-04,5.231089991628278804e-04,3.225610339933657897e-09,2.183177782561455570e-06,2.183177782561455570e-06,-1.879533905737001276e-07
3.799265403440175715e-01,1.746003083831145363e-09,8.903225138239218104e-05,5.153109433902013504e-07,1.005815858960711573e+00,9.238166909068530434e-05,9.238166909068530434e-05,1.746003083831145363e-09,5.170569464740324449e-07,1.005814307789872242e+00,9.031344130478918049e-05,9.031344130478918049e-05,2.783713948579658628e-09,2.368331618185961397e-06,2.368331618185961397e-06,-1.945397870476883936e-07
3.822291254370115965e-01,1.471653098813771650e-09,8.980074264385358603e-05,3.089626820681059188e-07,1.005894574399100128e+00,-4.060814934942922282e-04,-4.060814934942922282e-04,1.471653098813771650e-09,3.104343351669197105e-07,1.005893643096094525e+00,-4.073232308349598874e-04,-4.073232308349598874e-04,2.328147296749187262e-09,2.282422307492438357e-06,2.282422307492438357e-06,-2.000039168278554945e-07
3.845317105300056770e-01,1.190626462171910972e-09,9.006543283627365781e-05,1.015146424505861952e-07,1.005933257395589253e+00,-8.968073217370791522e-04,-8.968073217370791522e-04,1.190626462171910972e-09,1.027052689127581097e-07,1.005932949279782607e+00,-8.972181428127301486e-04,-8.972181428127301486e-04,1.861491875817819128e-09,1.908301168544563844e-06,1.908301168544563844e-06,-2.043520938852294701e-07
3.868342956229997021e-01,9.045138329438540260e-10,8.984458377646243504e-05,-1.058936708847548474e-07,1.005932108583281748e+00,-1.308701075128393312e-03,-1.308701075128393312e-03,9.045138329438540260e-10,-1.049891570518109954e-07,1.005932423550752963e+00,-1.308281118500186123e-03,-1.308281118500186123e-03,1.386306524713832599e-09,1.270693833719050649e-06,1.270693833719050649e-06,-2.075961057273109930e-07
3.891368807159937271e-01,6.148775048444483769e-10,8.915704560904522743e-05,-3.121662002004330375e-07,1.005891541457282212e+00,-1.582447262364911761e-03,-1.582447262364911761e-03,6.148775048444483769e-10,-3.115513226955885766e-07,1.005892476111250211e+00,-1.581201057074129454e-03,-1.581201057074129454e-03,9.051185474589224851e-10,4.324001781794629794e-07,4.324001781794629794e-07,-2.097500858993447486e-07
3.914394658089878076e-01,3.232444696471675268e-10,8.802118219517113035e-05,-5.162503433390284384e-07,1.005812170883640722e+00,-1.678927436641788895e-03,-1.678927436641788895e-03,3.232444696471675268e-10,-5.159270988693812197e-07,1.005813718664937406e+00,-1.676863728246311353e-03,-1.676863728246311353e-03,4.204213752926341211e-10,-5.149665063125539825e-07,-5.149665063125539825e-07,-2.108280217420336152e-07
3.937420509019818327e-01,3.110448859601671264e-11,8.645423658504393708e-05,-7.171349798961231906e-07,1.005694801991027454e+00,-1.584595067592661343e-03,-1.584595067592661343e-03,3.110448859601671264e-11,-7.171038754075272015e-07,1.005696953302653629e+00,-1.581726652091031225e-03,-1.581726652091031225e-03,-6.532308007175845570e-11,-1.464277576862678362e-06,-1.464277576862678362e-06,-2.108422117953158426e-07
3.960446359949758577e-01,-2.600878603477656085e-10,8.447218494700383838e-05,-9.138475998534690406e-07,1.005540419709800348e+00,-1.313097702582474019e-03,-1.313097702582474019e-03,-2.600878603477656085e-10,-9.141076877138167915e-07,1.005543162032863425e+00,-1.309441271831618793e-03,-1.309441271831618793e-03,-5.496797880392329850e-10,-2.308249255661551615e-06,-2.308249255661551615e-06,-2.098028345485106601e-07
3.983472210879699382e-01,-5.489086813041700040e-10,8.209005465953610181e-05,-1.105451646150033018e-06,1.005350179007198808e+00,-9.029900668610870871e-04,-9.029900668610870871e-04,-5.489086813041700040e-10,-1.106000554831337190e-06,1.005353497008863339e+00,-8.985660646417617265e-04,-8.985660646417617265e-04,-1.030236259360178317e-09,-2.954634302972112366e-06,-2.954634302972112366e-06,-2.077186216864116614e-07
4.006498061809639633e-01,-8.339595776133602562e-10,7.932261711778700400e-05,-1.291045048449636792e-06,1.005125395668558630e+00,-4.119423259611316697e-04,-4.119423259611316697e-04,-8.339595776133602562e-10,-1.291879008027250055e-06,1.005129271305582606e+00,-4.067748099290226585e-04,-4.067748099290226585e-04,-1.504600884110718253e-09,-3.339083262336635444e-06,-3.339083262336635444e-06,-2.045984692902422689e-07
4.029523912739580438e-01,-1.113863546471789323e-09,7.618531692802397537e-05,-1.469760658451392439e-06,1.004867537319851678e+00,9.166445119082872585e-05,9.166445119082872585e-05,-1.113863546471789323e-09,-1.470874521997864293e-06,1.004871949943417775e+00,9.754794927882018895e-05,9.754794927882018895e-05,-1.970405786284557066e-09,-3.433887942464677562e-06,-3.433887942464677562e-06,-2.004536917807350104e-07
4.052549763669520688e-01,-1.387263447311919320e-09,7.269527250576705076e-05,-1.640768942539592407e-06,1.004578214295707372e+00,5.385153930494618367e-04,5.385153930494618367e-04,-1.387263447311919320e-09,-1.642156205986904325e-06,1.004583140764325311e+00,5.450840178734094998e-04,5.450840178734094998e-04,-2.425315249968164084e-09,-3.251438641212559739e-06,-3.251438641212559739e-06,-1.953005423721598230e-07
4.075575614599460939e-01,-1.652824075561753390e-09,6.887218111558559663e-05,-1.803282900178997937e-06,1.004259169938353846e+00,8.681074779309562190e-04,8.681074779309562190e-04,-1.652824075561753390e-09,-1.804935724254559726e-06,1.004264584745526712e+00,8.753272208279744672e-04,8.753272208279744672e-04,-2.867039866372019434e-09,-2.841995632294467505e-06,-2.841995632294467505e-06,-1.891625994975181017e-07
4.098601465529401744e-01,-1.909238280953252973e-09,6.473898294970462509e-05,-1.956564812455975494e-06,1.003912269965004045e+00,1.037097663079698416e-03,1.037097663079698416e-03,-1.909238280953252973e-09,-1.958474050736928895e-06,1.003918145387156180e+00,1.044931559282646048e-03,1.044931559282646048e-03,-3.293355656394676215e-09,-2.286182308572357959e-06,-2.286182308572357959e-06,-1.820726517029460749e-07
4.121627316459341994e-01,-2.155236937319885299e-09,6.032217958348283255e-05,-2.099934134298257611e-06,1.003539490652476385e+00,1.025115475681880441e-03,1.025115475681880441e-03,-2.155236937319885299e-09,-2.102089371235577485e-06,1.003545796920590094e+00,1.033523833166822810e-03,1.033523833166822810e-03,-3.702126664838552797e-09,-1.683337930502796633e-06,-1.683337930502796633e-06,-1.740737964907310811e-07
4.144653167389282800e-01,-2.389601988199699375e-09,5.565175531509113175e-05,-2.232775662886168040e-06,1.003142905739265567e+00,8.372824951078165724e-04,8.372824951078165724e-04,-2.389601988199699375e-09,-2.235165264874367543e-06,1.003149611235060190e+00,8.462231561673140036e-04,8.462231561673140036e-04,-4.091328999742687135e-09,-1.137422247656242192e-06,-1.137422247656242192e-06,-1.652195875558442261e-07
4.167679018319223050e-01,-2.611181337879482223e-09,5.076070742858094717e-05,-2.354547063008659864e-06,1.002724672113243232e+00,5.031563221888925817e-04,5.031563221888925817e-04,-2.611181337879482223e-09,-2.357158244346539180e-06,1.002731743587976343e+00,5.125849551662787097e-04,5.125849551662787097e-04,-4.459074065899295668e-09,-7.424700351390038491e-07,-7.424700351390038491e-07,-1.555732015880815823e-07
4.190704869249163300e-01,-2.818904087783827294e-09,4.568424514104298839e-05,-2.464784908055758897e-06,1.002287014513294050e+00,7.231776023862199307e-05,7.231776023862199307e-05,-2.818904087783827294e-09,-2.467603812143542602e-06,1.002294417324730569e+00,8.218817548719616517e-05,8.218817548719616517e-05,-4.803628833532253789e-09,-5.696153033020697858e-07,-5.696153033020697858e-07,-1.452057305890418357e-07
4.213730720179104106e-01,-3.011794562394266884e-09,4.045875975121702832e-05,-2.563108585576899511e-06,1.001832209603494617e+00,-3.927229460618524731e-04,-3.927229460618524731e-04,-3.011794562394266884e-09,-2.566120380139293834e-06,1.001839907964634957e+00,-3.824584645412953130e-04,-3.824584645412953130e-04,-5.123431365041161892e-09,-6.574474127214258854e-07,-6.574474127214258854e-07,-1.341938200640918855e-07
4.236756571109044356e-01,-3.188983725695985458e-09,3.512069508038143144e-05,-2.649221687070198683e-06,1.001362569862429108e+00,-8.252733256960355281e-04,-8.252733256960355281e-04,-3.188983725695985458e-09,-2.652410670795894776e-06,1.001370527094441520e+00,-8.146636830128519812e-04,-8.146636830128519812e-04,-5.417100429846982227e-09,-1.006967719604671364e-06,-1.006967719604671364e-06,-1.226169528339063486e-07
4.259782422038984606e-01,-3.349716928260882191e-09,2.970545499422864853e-05,-2.722910811944189901e-06,1.000880427758608082e+00,-1.163630547693127962e-03,-1.163630547693127962e-03,-3.349716928260882191e-09,-2.726260528872450730e-06,1.000888606540194736e+00,-1.152725505577638192e-03,-1.152725505577638192e-03,-5.683438777344199243e-09,-1.581759868432245090e-06,-1.581759868432245090e-06,-1.105547134625960765e-07
4.282808272968925412e-01,-3.493357393053683825e-09,2.424647364999906211e-05,-2.784042021408547932e-06,1.000388120654557955e+00,-1.359420912151525608e-03,-1.359420912151525608e-03,-3.493357393053683825e-09,-2.787535378801601701e-06,1.000396483260694414e+00,-1.348270770636319235e-03,-1.348270770636319235e-03,-5.921430404816228941e-09,-2.313263447395057874e-06,-2.313263447395057874e-06,-9.808435678814721777e-08
4.305834123898865662e-01,-3.619385376658964923e-09,1.877454670869070202e-05,-2.832555438525164367e-06,9.998879768035343618e-01,-1.383993204327489202e-03,-1.383993204327489202e-03,-3.619385376658964923e-09,-2.836174823901823158e-06,9.998964853280060128e-01,-1.372648505031881950e-03,-1.372648505031881950e-03,-6.130232846505531573e-09,-3.110349719923223285e-06,-3.110349719923223285e-06,-8.527894961121784229e-08
4.328859974828805912e-01,-3.727393458741758608e-09,1.331748270355841199e-05,-2.868458673344727218e-06,9.993823026868501325e-01,-1.232042114142154962e-03,-1.232042114142154962e-03,-3.727393458741758608e-09,-2.872186066803469052e-06,9.993909192450505241e-01,-1.220553369874941094e-03,-1.220553369874941094e-03,-6.309166032994861935e-09,-3.871832307288838572e-06,-3.871832307288838572e-06,-7.220626668344981877e-08
4.351885825758746718e-01,-3.817078848197195280e-09,7.900088961398151277e-06,-2.891819836827919176e-06,9.988733718036486575e-01,-9.220308471585025346e-04,-9.220308471585025346e-04,-3.817078848197195280e-09,-2.895636915676116561e-06,9.988820587143957264e-01,-9.104482994957980701e-04,-9.104482994957980701e-04,-6.457699564530931278e-09,-4.500177944807746878e-06,-4.500177944807746878e-06,-5.892851417552656303e-08
4.374911676688686968e-01,-3.888233895583832352e-09,2.544462237597948586e-06,-2.902760888206657377e-06,9.983634148872922998e-01,-4.934218916016565098e-04,-4.934218916016565098e-04,-3.888233895583832352e-09,-2.906649122102241048e-06,9.983721348346585867e-01,-4.817952951132475643e-04,-4.817952951132475643e-04,-6.575440279424569530e-09,-4.914556731203770064e-06,-4.914556731203770064e-06,-4.550284121112982389e-08
4.397937527618627773e-01,-3.940736134419018974e-09,-2.729483603220549381e-06,-2.901451945842654785e-06,9.978546114012196711e-01,-1.151269642953279767e-06,-1.151269642953279767e-06,-3.940736134419018974e-09,-2.905392681977073875e-06,9.978633275792656576e-01,1.047030108495501573e-05,1.047030108495501573e-05,-6.662121786384723234e-09,-5.061497749957900177e-06,-5.061497749957900177e-06,-3.198249804845993418e-08
4.420963378548568024e-01,-3.974539128923721246e-09,-7.903347316394840496e-06,-2.888107001953946100e-06,9.973490820766472975e-01,4.918619428481986163e-04,4.918619428481986163e-04,-3.974539128923721246e-09,-2.892081541082869970e-06,9.973577583212704933e-01,5.034302690125300487e-04,5.034302690125300487e-04,-6.717597207636867231e-09,-4.921770642777015568e-06,-4.921770642777015568e-06,-1.841842107906195777e-08
4.443989229478508274e-01,-3.989665196854382322e-09,-1.295953472415715207e-05,-2.862981245995667742e-06,9.968488822044355713e-01,9.231376634938291952e-04,9.231376634938291952e-04,-3.989665196854382322e-09,-2.866970911192521985e-06,9.968574831171691519e-01,9.346055471385993204e-04,9.346055471385993204e-04,-6.741835813743718230e-09,-4.512643137832976321e-06,-4.512643137832976321e-06,-4.860979189719990067e-09
4.467015080408449079e-01,-3.986200737997098505e-09,-1.788062322711496020e-05,-2.826369953554828508e-06,9.963559953874643327e-01,1.238857267390980994e-03,1.238857267390980994e-03,-3.986200737997098505e-09,-2.830356154292825662e-06,9.963644864559272341e-01,1.250178692008152397e-03,1.250178692008152397e-03,-6.734923602759862526e-09,-3.885293630461833561e-06,-3.885293630461833561e-06,8.638392420911556357e-09
4.490040931338389329e-01,-3.964294481724428250e-09,-2.264888607458511447e-05,-2.778608670554260102e-06,9.958723274956059468e-01,1.400809101249122623e-03,1.400809101249122623e-03,-3.964294481724428250e-09,-2.782572965035984418e-06,9.958806752145010766e-01,1.411939393109266569e-03,1.411939393109266569e-03,-6.697067271388013982e-09,-3.117800882695170583e-06,-3.117800882695170583e-06,2.202591690601439365e-08
4.513066782268330135e-01,-3.924158528617390446e-09,-2.724603958617478856e-05,-2.720074244912144549e-06,9.953997006352267585e-01,1.391173360750524394e-03,1.391173360750524394e-03,-3.924158528617390446e-09,-2.723998403440761976e-06,9.954078726304370628e-01,1.402069354364287408e-03,1.402069354364287408e-03,-6.628600522559750816e-09,-2.304704799461474854e-06,-2.304704799461474854e-06,3.524474591728477172e-08
4.536092633198270385e-01,-3.866071659359959924e-09,-3.165324324825310000e-05,-2.651186150004986981e-06,9.949398470374539727e-01,1.214566437672280185e-03,1.214566437672280185e-03,-3.866071659359959924e-09,-2.655052221664347003e-06,9.949478121941189857e-01,1.225186646558937536e-03,1.225186646558937536e-03,-6.529991313525418906e-09,-1.544560148498525545e-06,-1.544560148498525545e-06,4.823488156745433737e-08
4.559118484128210635e-01,-3.790384069259616307e-09,-3.585134728409651274e-05,-2.572407516513389508e-06,9.944944028704508776e-01,8.971356279216602739e-04,8.971356279216602739e-04,-3.790384069259616307e-09,-2.576197900582648983e-06,9.945021314641526722e-01,9.074404195239908766e-04,9.074404195239908766e-04,-6.401848508092315079e-09,-9.271371936308537388e-07,-9.271371936308537388e-07,6.093376569440646704e-08
4.582144335058151441e-01,-3.697522495515300761e-09,-3.982134960058315311e-05,-2.484245340701227671e-06,9.940649020765739419e-01,4.828825911039233117e-04,4.828825911039233117e-04,-3.697522495515300761e-09,-2.487942863196742975e-06,9.940723659051635686e-01,4.928343625567102853e-04,4.928343625567102853e-04,-6.244926465291757492e-09,-5.219348499975503078e-07,-5.219348499975503078e-07,7.327746314841667659e-08
4.605170185988091691e-01,-3.587994655836860165e-09,-4.354499800742899922e-05,-2.387249456928948687e-06,9.936527704130886374e-01,2.774747870939463820e-05,2.774747870939463820e-05,-3.587994655836860165e-09,-2.390837451584785675e-06,9.936599429254433513e-01,3.731082851573378260e-05,3.731082851573378260e-05,-6.060126356237409087e-09,-3.694678226356888297e-07,-3.694678226356888297e-07,8.520229048922373500e-08
4.628196036918031941e-01,-3.462392011140759130e-09,-4.700545723552652157e-05,-2.282010031126224417e-06,9.932593199256778416e-01,-4.077392738632829158e-04,-4.077392738632829158e-04,-3.462392011140759130e-09,-2.285472423137365019e-06,9.932661763429472268e-01,-3.985973841707334659e-04,-3.985973841707334659e-04,-5.848493409349744662e-09,-4.764016532033675468e-07,-4.764016532033675468e-07,9.664668858471736350e-08
4.651221887847972747e-01,-3.321390083577949256e-09,-5.018795508600600242e-05,-2.169153525739418464e-06,9.928857441019895980e-01,-7.662667046011162070e-04,-7.662667046011162070e-04,-3.321390083577949256e-09,-2.172474915822996388e-06,9.928922615267370411e-01,-7.575768049378242249e-04,-7.575768049378242249e-04,-5.611209782500419707e-09,-8.150936625718988825e-07,-8.150936625718988825e-07,1.075531128149539232e-07
4.674247738777912997e-01,-3.165745870972184711e-09,-5.308032803593129068e-05,-2.049337279264388029e-06,9.925331139371122990e-01,-1.001008726598195953e-03,-1.001008726598195953e-03,-3.165745870972184711e-09,-2.052503025135360210e-06,9.925392714461876986e-01,-9.927987144976544321e-04,-9.927987144976544321e-04,-5.349583281469648257e-09,-1.327523079819621019e-06,-1.327523079819621019e-06,1.178697196747969459e-07
4.697273589707853247e-01,-2.996292256773979829e-09,-5.567340240539074792e-05,-1.923243010446488452e-06,9.922023750976342038e-01,-1.081433195449421972e-03,-1.081433195449421972e-03,-2.996292256773979829e-09,-1.926239302703262582e-06,9.922081538155422820e-01,-1.073728238238608884e-03,-1.073728238238608884e-03,-5.065032620307932377e-09,-1.933035179549959631e-06,-1.933035179549959631e-06,1.275516614218792027e-07
4.720299440637794053e-01,-2.813929673818363314e-09,-5.796117019766684210e-05,-1.791569678824688474e-06,9.918943463029102903e-01,-9.969495865819381995e-04,-9.969495865819381995e-04,-2.813929673818363314e-09,-1.794383608498506805e-06,9.918997294537358345e-01,-9.897720521479442569e-04,-9.897720521479442569e-04,-4.759070292673024261e-09,-2.538852460197780370e-06,-2.538852460197780370e-06,1.365618555154102102e-07
4.743325291567734303e-01,-2.619615595517889116e-09,-5.994074564872316435e-05,-1.655026196590744053e-06,9.916097189608681362e-01,-7.579803552603584611e-04,-7.579803552603584611e-04,-2.619615595517889116e-09,-1.657645812186261882e-06,9.916146918983046454e-01,-7.513497720116133882e-04,-7.513497720116133882e-04,-4.433284351630395692e-09,-3.051978088803691001e-06,-3.051978088803691001e-06,1.448711649041852646e-07
4.766351142497675109e-01,-2.414352662298238099e-09,-6.161211576695475758e-05,-1.514324486887979305e-06,9.913490580117692019e-01,-3.943751752658000058e-04,-3.943751752658000058e-04,-2.414352662298238099e-09,-1.516738839550277481e-06,9.913536082282878859e-01,-3.883082199075988815e-04,-3.883082199075988815e-04,-4.089320456787783554e-09,-3.390970239454517829e-06,-3.390970239454517829e-06,1.524579993611469205e-07
4.789376993427615359e-01,-2.199176378611119759e-09,-6.297772229281682870e-05,-1.370173324004878520e-06,9.911128038571497267e-01,4.857797343034337035e-05,4.857797343034337035e-05,-2.199176378611119759e-09,-1.372372500383489683e-06,9.911169209746508724e-01,5.406746343187732824e-05,5.406746343187732824e-05,-3.728865441948615137e-09,-3.496113853621064499e-06,-3.496113853621064499e-06,1.593074175344502502e-07
4.812402844357555609e-01,-1.975143325681585338e-09,-6.404193074126360730e-05,-1.223273281998095091e-06,9.909012751914397787e-01,5.159973385098052829e-04,5.159973385098052829e-04,-1.975143325681585338e-09,-1.225248425323776591e-06,9.909049509367157116e-01,5.208983322111004248e-04,5.208983322111004248e-04,-3.353633404496156739e-09,-3.336747252676828084e-06,-3.336747252676828084e-06,1.654098657880610942e-07
4.835428695287496415e-01,-1.743320731246065783e-09,-6.481045259524025482e-05,-1.074312976178170083e-06,9.907146725167381707e-01,9.503429218338197435e-04,9.503429218338197435e-04,-1.743320731246065783e-09,-1.076056296909416102e-06,9.907179006856289272e-01,9.546471470214573825e-04,9.546471470214573825e-04,-2.965354957375317112e-09,-2.914880955734922931e-06,-2.914880955734922931e-06,1.707597269031459820e-07
4.858454546217436665e-01,-1.504778037663545232e-09,-6.528978847034115976e-05,-9.239666258339049100e-07,9.905530821099226557e-01,1.298562190259229011e-03,1.298562190259229011e-03,-1.504778037663545232e-09,-9.254714038715684166e-07,9.905558585241343028e-01,1.302264075874715391e-03,1.302264075874715391e-03,-2.565769865218151144e-09,-2.264723612917141222e-06,-2.264723612917141222e-06,1.753538657130446531e-07
4.881480397147377470e-01,-1.260580842561823049e-09,-6.548675345899356362e-05,-7.728928163862997835e-07,9.904164802254229460e-01,1.518561019804687707e-03,1.518561019804687707e-03,-1.260580842561823049e-09,-7.741533972288616001e-07,9.904188026856146632e-01,1.521657633393603236e-03,1.521657633393603236e-03,-2.156622862068202441e-09,-1.448243311994469881e-06,-1.448243311994469881e-06,1.791903491802380503e-07
4.904506248077317720e-01,-1.011787287050485696e-09,-6.540813218469611248e-05,-6.217342127937697440e-07,9.903047373532418707e-01,1.584219718116246364e-03,1.584219718116246364e-03,-1.011787287050485696e-09,-6.227460000808202674e-07,9.903066055912420618e-01,1.586710702116569602e-03,1.586710702116569602e-03,-1.739662071350661332e-09,-5.473774107972925754e-07,-5.473774107972925754e-07,1.822674876474592197e-07
4.927532099007257971e-01,-7.594466731095178703e-10,-6.506049243456318225e-05,-4.711178874761008720e-07,9.902176224043136576e-01,1.488371332754517568e-03,1.488371332754517568e-03,-7.594466731095178703e-10,-4.718773341492103905e-07,9.902190380363160571e-01,1.490258842091114451e-03,1.490258842091114451e-03,-1.316639162904517848e-09,3.460982369004008031e-07,3.460982369004008031e-07,1.845832968319655754e-07
4.950557949937198776e-01,-5.045998391018280646e-10,-6.445016514915725644e-05,-3.216558838445384130e-07,9.901548067566566802e-01,1.243422299390645192e-03,1.243422299390645192e-03,-5.045998391018280646e-10,-3.221604836836402646e-07,9.901557732381077725e-01,1.244710941325379841e-03,1.244710941325379841e-03,-8.893102173961992659e-10,1.141765351147826741e-06,1.141765351147826741e-06,1.861354231399524659e-07
4.973583800867139026e-01,-2.482806389501556036e-10,-6.358337772700202472e-05,-1.739456431781739264e-07,9.901158681579820264e-01,8.795897055771739010e-04,8.795897055771739010e-04,-2.482806389501556036e-10,-1.741939238171240715e-07,9.901163907397534381e-01,8.802864812724423439e-04,8.802864812724423439e-04,-4.594362394360464753e-10,1.761446550482891226e-06,1.761446550482891226e-06,1.869215154603277567e-07
4.996609651797079277e-01,8.482224883482134736e-12,-6.246650954138478805e-05,-2.856997447083118685e-08,9.901002945358746699e-01,4.410183696110196315e-04,4.410183696110196315e-04,8.482224883482134736e-12,-2.856149224594770409e-08,9.901003802203514059e-01,4.411326155800034251e-04,4.411326155800034251e-04,-2.878236422705279103e-11,2.148464691873164528e-06,2.148464691873164528e-06,1.869399720503948433e-07
5.019635502727020082e-01,2.646637645378945839e-10,-6.110642527557375665e-05,1.139036648320702004e-07,9.901074878090985187e-01,-1.971014752099428029e-05,-1.971014752099428029e-05,2.646637645378945839e-10,1.141683285966080988e-07,9.901071453041127013e-01,-2.016682083538071427e-05,-2.016682083538071427e-05,4.008849801875925900e-10,2.274190424301437599e-06,2.274190424301437599e-06,1.861909477673574241e-07
5.042661353656960888e-01,5.192423250408208200e-10,-5.951083447092626210e-05,2.529246972598355715e-07,9.901367678186455690e-01,-4.479842236960993626e-04,-4.479842236960993626e-04,5.192423250408208200e-10,2.534439395848763758e-07,9.901360074868268413e-01,-4.489979994544388855e-04,-4.489979994544388855e-04,8.278033935703230550e-10,2.141138837318659179e-06,2.141138837318659179e-06,1.846774793683663673e-07
5.065687204586900583e-01,7.712007498973663409e-10,-5.768862505213353988e-05,3.879617619581368528e-07,9.901873765029429730e-01,-7.936999374374472532e-04,-7.936999374374472532e-04,7.712007498973663409e-10,3.887329627080342172e-07,9.901862103040548480e-01,-7.952548692882793931e-04,-7.952548692882793931e-04,1.250222403624782776e-09,1.782304645686690967e-06,1.782304645686690967e-06,1.824065773894782173e-07
5.088713055516841388e-01,1.019529366503165077e-09,-5.565012423436496003e-05,5.185057435948126530e-07,9.902584824285804999e-01,-1.017149241169831896e-03,-1.017149241169831896e-03,1.019529366503165077e-09,5.195252729613158458e-07,9.902569238527616502e-01,-1.019227342261677053e-03,-1.019227342261677053e-03,1.666413700718966134e-09,1.256880298197769155e-06,1.256880298197769155e-06,1.793901424026237766e-07
5.111738906446782194e-01,1.263230819847230208e-09,-5.340725109193639913e-05,6.440732819473694657e-07,9.903491857587651825e-01,-1.093574403544750502e-03,-1.093574403544750502e-03,1.263230819847230208e-09,6.453365127672166953e-07,9.903472497492268323e-01,-1.096155749595819360e-03,-1.096155749595819360e-03,2.074683161834842656e-09,6.429278618453956031e-07,6.429278618453956031e-07,1.756455892121335267e-07
5.134764757376721889e-01,1.501326544282951496e-09,-5.097353958858692096e-05,7.642104846334102262e-07,9.904585237008559639e-01,-1.015879259694054803e-03,-1.015879259694054803e-03,1.501326544282951496e-09,7.657118111776932158e-07,9.904562265654224262e-01,-1.018942106938765680e-03,-1.018942106938765680e-03,2.473383892728188229e-09,2.792379660855805408e-08,2.792379660855805408e-08,1.711961009274189799e-07
5.157790608306662694e-01,1.732864457587363099e-09,-4.836402711508270088e-05,8.784965353753544604e-07,9.905854764273740454e-01,-7.952174842993563414e-04,-7.952174842993563414e-04,1.732864457587363099e-09,8.802293998329417915e-07,9.905828357391744943e-01,-7.987384018986880578e-04,-7.987384018986880578e-04,2.860929389716643425e-09,-5.016730846068878657e-07,-5.016730846068878657e-07,1.660704806932504611e-07
5.180816459236603500e-01,1.956927311617772539e-09,-4.559501954938081773e-05,9.865468976374665901e-07,9.907289734177345819e-01,-4.594340126489583707e-04,-4.594340126489583707e-04,1.956927311617772539e-09,9.885038249490843688e-07,9.907260079062597535e-01,-4.633880279487547090e-04,-4.633880279487547090e-04,3.235805903625319783e-09,-8.705898757669434266e-07,-8.705898757669434266e-07,1.603026164369669990e-07
5.203842310166543195e-01,2.172641054619741248e-09,-4.268375770143514804e-05,1.088015855598347697e-06,9.908879001262285158e-01,-4.958705844293034349e-05,-4.958705844293034349e-05,2.172641054619741248e-09,1.090188496652967475e-06,9.908846295607385279e-01,-5.394781242954221000e-05,-5.394781242954221000e-05,3.596583175601624777e-09,-1.023460583884904510e-06,-1.023460583884904510e-06,1.539306176667375283e-07
5.226868161096484000e-01,2.379182557734176813e-09,-3.964802024581057937e-05,1.182598204512130054e-06,9.910611048501241083e-01,3.850042242157152646e-04,3.850042242157152646e-04,2.379182557734176813e-09,1.184977387069864242e-06,9.910575499179629100e-01,3.802643146674358288e-04,3.802643146674358288e-04,3.941922892927479271e-09,-9.311100399863782978e-07,-9.311100399863782978e-07,1.469957182530274928e-07
5.249894012026424805e-01,2.575786129477301036e-09,-3.650570390586786935e-05,1.270029991005303027e-06,9.912474056533568945e-01,7.925816950960894039e-04,7.925816950960894039e-04,2.575786129477301036e-09,1.272605777134780298e-06,9.912435878360255082e-01,7.874912719875502929e-04,7.874912719875502929e-04,4.270584457946211834e-09,-5.937145771004961914e-07,-5.937145771004961914e-07,1.395410616479652243e-07
5.272919862956364501e-01,2.761748375595177337e-09,-3.327442234907719343e-05,1.350088299626322219e-06,9.914455971976027238e-01,1.124949846563817182e-03,1.124949846563817182e-03,2.761748375595177337e-09,1.352850048001917322e-06,9.914415386474587644e-01,1.119538446371809524e-03,1.119538446371809524e-03,4.581427943675175759e-09,-4.052878996892369561e-08,-4.052878996892369561e-08,1.316104931717955535e-07
5.295945713886305306e-01,2.936431139824495925e-09,-2.997116119320304017e-05,1.422590173694554074e-06,9.916544573432831688e-01,1.342963794551526322e-03,1.342963794551526322e-03,2.936431139824495925e-09,1.425526604834378589e-06,9.916501807634686694e-01,1.337261688132188779e-03,1.337261688132188779e-03,4.873414391960642983e-09,6.737304742080174323e-07,6.737304742080174323e-07,1.232474776024469973e-07
5.318971564816246111e-01,3.099262461626325702e-09,-2.661201844904188390e-05,1.487390835988491729e-06,9.918727534063092044e-01,1.420886584055072862e-03,1.420886584055072862e-03,3.099262461626325702e-09,1.490490098450118006e-06,9.918682819360138403e-01,1.414924623661272494e-03,1.414924623661272494e-03,5.145603861993854682e-09,1.475370444889883316e-06,1.475370444889883316e-06,1.144942408065072149e-07
5.341997415746186917e-01,3.249735686345604583e-09,-2.321204878902088922e-05,1.544381430094636412e-06,9.920992479889017002e-01,1.349143245001576449e-03,1.349143245001576449e-03,3.249735686345604583e-09,1.547631165780982045e-06,9.920946050954043693e-01,1.342952720338452420e-03,1.342952720338452420e-03,5.397151831571869195e-09,2.280288885654323871e-06,2.280288885654323871e-06,1.053912044236897376e-07
5.365023266676126612e-01,3.387407039190845760e-09,-1.978521763849777387e-05,1.593486531312426011e-06,9.923327043405580916e-01,1.135193097274993452e-03,1.135193097274993452e-03,3.387407039190845760e-09,1.596873938351616952e-06,9.923279137187430710e-01,1.128805601521586967e-03,1.128805601521586967e-03,5.627304671440971494e-09,3.003610687656736240e-06,3.003610687656736240e-06,9.597674654818302584e-08
5.388049117606067417e-01,3.511892108354464429e-09,-1.634445872049941585e-05,1.634661675254020511e-06,9.925718912437733188e-01,8.024617926120554976e-04,8.024617926120554976e-04,3.511892108354464429e-09,1.638173567362375074e-06,9.925669767230712592e-01,7.959090983426060032e-04,7.959090983426060032e-04,5.835394944844140202e-09,3.569284857672391151e-06,3.569284857672391151e-06,8.628728333058358336e-08
5.411074968536008223e-01,3.622861761539078326e-09,-1.290181773184298236e-05,1.667891124404079968e-06,9.928155874542349268e-01,3.874948019434532672e-04,3.874948019434532672e-04,3.622861761539078326e-09,1.671513986165618999e-06,9.928105729122764789e-01,3.808087459987907937e-04,3.808087459987907937e-04,6.020837230630033208e-09,3.918560263447477777e-06,3.918560263447477777e-06,7.635763082721255735e-08
5.434100819465947918e-01,3.720038037896434480e-09,-9.468656431248376003e-06,1.693186042565326014e-06,9.930625857533472711e-01,-6.431029647816558479e-05,-6.431029647816558479e-05,3.720038037896434480e-09,1.696906080603222389e-06,9.930574950351054309e-01,-7.109792080057847265e-05,-7.109792080057847265e-05,6.183125039160943720e-09,4.016407594726867359e-06,4.016407594726867359e-06,6.622157711580546756e-08
5.457126670395888723e-01,3.803190514811506522e-09,-6.055886362545910390e-06,1.710583181198307837e-06,9.933116966895243483e-01,-5.038854176181592698e-04,-5.038854176181592698e-04,3.803190514811506522e-09,1.714386371713119426e-06,9.933065535304091975e-01,-5.107429631050117678e-04,-5.107429631050117678e-04,6.321829203890384720e-09,3.855204841497163490e-06,3.855204841497163490e-06,5.591257462909771174e-08
5.480152521325829529e-01,3.872133553574887087e-09,-2.674200081935110749e-06,1.720144108377556011e-06,9.935617520923871737e-01,-8.839911298993329220e-04,-8.839911298993329220e-04,3.872133553574887087e-09,1.724016241931130903e-06,9.935565800436614303e-01,-8.908871948670574236e-04,-8.908871948670574236e-04,6.436597911423740664e-09,3.455323356201835455e-06,3.455323356201835455e-06,4.546445359271799985e-08
5.503178372255769224e-01,3.926724692740153515e-09,6.657299626361874818e-07,1.721954938976155076e-06,9.938116084407603301e-01,-1.164416866338508025e-03,-1.164416866338508025e-03,3.926724692740153515e-09,1.725881663668895292e-06,9.938064307957693577e-01,-1.171320392993183569e-03,-1.171320392993183569e-03,6.527158305245193111e-09,2.862603611705427667e-06,2.862603611705427667e-06,3.491205983621084155e-08
5.526204223185710029e-01,3.966864299546219278e-09,3.953109306985474536e-06,1.716126461656529019e-06,9.940601501523436134e-01,-1.316314301255689517e-03,-1.316314301255689517e-03,3.966864299546219278e-09,1.720093325956075188e-06,9.940549898723657352e-01,-1.323194674559513909e-03,-1.323194674559513909e-03,6.593319388693843874e-09,2.143054147518903049e-06,2.143054147518903049e-06,2.429173323027650223e-08
5.549230074115650835e-01,3.992496426605420375e-09,7.176952684239789048e-06,1.702794510725078008e-06,9.943062928423002100e-01,-1.325205808837519620e-03,-1.325205808837519620e-03,3.992496426605420375e-09,1.706787007151683373e-06,9.943011724812788055e-01,-1.332032956866126402e-03,-1.332032956866126402e-03,6.634975783538668314e-09,1.375406090218619902e-06,1.375406090218619902e-06,1.364156462141423451e-08
5.572255925045590530e-01,4.003610671135189873e-09,1.032609595475979919e-05,1.682120403251220400e-06,9.945489865726023782e-01,-1.192366812209538166e-03,-1.192366812209538166e-03,4.003610671135189873e-09,1.686124013922355576e-06,9.945439282005605897e-01,-1.199111308265227681e-03,-1.199111308265227681e-03,6.652111788390813598e-09,6.423774942814125892e-07,6.423774942814125892e-07,3.001396579735779965e-09
5.595281775975531335e-01,4.000244713042170450e-09,1.338928663202750366e-05,1.654291255978109309e-06,9.947872190870178377e-01,-9.344660848824331211e-04,-9.344660848824331211e-04,4.000244713042170450e-09,1.658291500691151512e-06,9.947822442125157094e-01,-9.410992508851977450e-04,-9.410992508851977450e-04,6.644805135863596692e-09,2.162451061053637807e-08,2.162451061053637807e-08,-7.587436746993280995e-09
5.618307626905472141e-01,3.982487127947479318e-09,1.635534214160667063e-05,1.619520011895423701e-06,9.950200190012502555e-01,-5.815405450227927042e-04,-5.815405450227927042e-04,3.982487127947479318e-09,1.623502499023371186e-06,9.950151484937531654e-01,-5.880345550188861847e-04,-5.880345550188861847e-04,6.613229870734726183e-09,-4.226304566595733656e-07,-4.226304566595733656e-07,-1.808260625910703843e-08
5.641333477835411836e-01,3.950480038603360918e-09,1.921335786655389599e-05,1.578045040068599166e-06,9.952464588967618875e-01,-1.735596397061767257e-04,-1.735596397061767257e-04,3.950480038603360918e-09,1.581995520107202507e-06,9.952417129102015814e-01,-1.798876217866055417e-04,-1.798876217866055417e-04,6.557657857724079399e-09,-6.463981394604796053e-07,-6.463981394604796053e-07,-2.844147144436846698e-08
5.664359328765352641e-01,3.904421184482803100e-09,2.195294227478891225e-05,1.530129219764468811e-06,9.954656582523271346e-01,2.440198123143735311e-04,2.440198123143735311e-04,3.904421184482803100e-09,1.534033640948951659e-06,9.954610561514042333e-01,2.378836777505777321e-04,2.378836777505777321e-04,6.478458564675391683e-09,-6.304430115119416207e-07,-6.304430115119416207e-07,-3.862188259712322363e-08
5.687385179695293447e-01,3.844565050712825545e-09,2.456445436596118036e-05,1.476058475221588872e-06,9.956767861407026521e-01,6.252090811425074779e-04,6.252090811425074779e-04,3.844565050712825545e-09,1.479903040272301637e-06,9.956723464315818672e-01,6.192894689814182341e-04,6.192894689814182341e-04,6.376096937877828384e-09,-3.820792167417504633e-07,-3.820792167417504633e-07,-4.858302297886837727e-08
5.710411030625233142e-01,3.771222795451871680e-09,2.703921937949279564e-05,1.416139784221861630e-06,9.958790636193008972e-01,9.284120855829817694e-04,9.284120855829817694e-04,3.771222795451871680e-09,1.419911007017313526e-06,9.958748038862798024e-01,9.227324415549125348e-04,9.227324415549125348e-04,6.251129371160263485e-09,6.590240291041086987e-08,6.590240291041086987e-08,-5.828621055546645622e-08
5.733436881555173947e-01,3.684760837302832464e-09,2.936970193445308366e-05,1.350698735782027200e-06,9.960717657529117863e-01,1.120794900400334847e-03,1.120794900400334847e-03,3.684760837302832464e-09,1.354383496619330121e-06,9.960677026024219449e-01,1.115377366413857450e-03,1.115377366413857450e-03,6.104197948930487564e-09,6.590109731771214239e-07,6.590109731771214239e-07,-6.769558592443900306e-08
5.756462732485114753e-01,3.585598097415764846e-09,3.154962103491311013e-05,1.280076754504872072e-06,9.962542232220041871e-01,1.181648361270341103e-03,1.181648361270341103e-03,3.585598097415764846e-09,1.283662352602287757e-06,9.962503722349463908e-01,1.176513711859932020e-03,1.176513711859932020e-03,5.936023296896832096e-09,1.327086753126314511e-06,1.327086753126314511e-06,-7.677862745490454909e-08
5.779488583415055558e-01,3.474202020148787210e-09,3.357399799639312562e-05,1.204628137480833896e-06,9.964258234900413846e-01,1.104409971809903589e-03,1.104409971809903589e-03,3.474202020148787210e-09,1.208102339500982758e-06,9.964221991830228831e-01,1.099577562451899745e-03,1.099577562451899745e-03,5.747396487769673021e-09,1.991908459473631412e-06,1.991908459473631412e-06,-8.550645460738207823e-08
5.802514434344995253e-01,3.351083608200563419e-09,3.543913555311807784e-05,1.124717061872152300e-06,9.965860115253216689e-01,8.971611331616928791e-04,8.971611331616928791e-04,3.351083608200563419e-09,1.128068145480352818e-06,9.965826273208852060e-01,8.926488605797715161e-04,8.926488605797715161e-04,5.539170512731616330e-09,2.575546726207305847e-06,2.575546726207305847e-06,-9.385390350203754623e-08
5.825540285274936059e-01,3.216791792122168594e-09,3.714253340345372153e-05,1.040714717029561838e-06,9.967342900947288031e-01,5.815804722911467823e-04,5.815804722911467823e-04,3.216791792122168594e-09,1.043931508821684026e-06,9.967311583002023134e-01,5.774047462558600614e-04,5.774047462558600614e-04,5.312251838595698018e-09,3.008573158888390304e-06,3.008573158888390304e-06,-1.017993824833311675e-07
5.848566136204876864e-01,3.071907502623735863e-09,3.868275152421912398e-05,9.529966955224346743e-07,9.968702196662742043e-01,1.904959836960925710e-04,1.904959836960925710e-04,3.071907502623735863e-09,9.560686030250583833e-07,9.968673514604651231e-01,1.866717092839923408e-04,1.866717092839923408e-04,5.067592526945810715e-09,3.237268766166825574e-06,3.237268766166825574e-06,-1.093245371863325800e-07
5.871591987134816559e-01,2.917037823696004171e-09,4.005923715718245269e-05,8.619407456449787999e-07,9.969934179726168688e-01,-2.356790014973873424e-04,-2.356790014973873424e-04,2.917037823696004171e-09,8.648577834686747991e-07,9.969908233992664792e-01,-2.391384326312620458e-04,-2.391384326312620458e-04,4.806183302185214164e-09,3.229098353543996307e-06,3.229098353543996307e-06,-1.164137722821398252e-07
5.894617838064757365e-01,2.752810576036620579e-09,4.127213405862768407e-05,7.679249477469997943e-07,9.971035592975839856e-01,-6.532324844765759458e-04,-6.532324844765759458e-04,2.752810576036620579e-09,7.706777583230364323e-07,9.971012472643090430e-01,-6.563151955098680407e-04,-6.563151955098680407e-04,4.529047831716068320e-09,2.975913365118328228e-06,2.975913365118328228e-06,-1.230536890460226565e-07
5.917643688994698170e-01,2.579869618236457208e-09,4.232209324016326994e-05,6.713263327108826172e-07,9.972003735514667344e-01,-1.019704946845147392e-03,-1.019704946845147392e-03,2.579869618236457208e-09,6.739062023291190632e-07,9.971983518328597640e-01,-1.022400571654463915e-03,-1.022400571654463915e-03,4.237238337798080146e-09,2.494592218942354804e-06,2.494592218942354804e-06,-1.292325032098155670e-07
5.940669539924637865e-01,2.398871065472513377e-09,4.321010307218529608e-05,5.725199177637832247e-07,9.972836451985445105e-01,-1.298231301551966291e-03,-1.298231301551966291e-03,2.398871065472513377e-09,5.749187888292556975e-07,9.972819204421780048e-01,-1.300530976707283239e-03,-1.300530976707283239e-03,3.931832512682123491e-09,1.825097452274537751e-06,1.825097452274537751e-06,-1.349395060235406047e-07
5.963695390854578671e-01,2.210480522128471624e-09,4.393735352807097677e-05,4.718780969094690588e-07,9.973532120925577837e-01,-1.461233516241974882e-03,-1.461233516241974882e-03,2.210480522128471624e-09,4.740885774315975436e-07,9.973517898268254855e-01,-1.463129870551701335e-03,-1.463129870551701335e-03,3.613931571708642795e-09,1.026194493337973821e-06,1.026194493337973821e-06,-1.401646235692856231e-07
5.986721241784519476e-01,2.015371316962993484e-09,4.450514493569521522e-05,3.697702941301913094e-07,9.974089642638448439e-01,-1.493101325101914073e-03,-1.493101325101914073e-03,2.015371316962993484e-09,3.717856654471543248e-07,9.974078489068485265e-01,-1.494588467763702591e-03,-1.494588467763702591e-03,3.284659166609973897e-09,1.693105601907838930e-07,1.693105601907838930e-07,-1.448981162718257127e-07
6.009747092714459171e-01,1.814223628219464786e-09,4.491484639984500441e-05,2.665627695862613196e-07,9.974508426870893896e-01,-1.391610620229741854e-03,-1.391610620229741854e-03,1.814223628219464786e-09,2.683769932144807821e-07,9.974500375561097254e-01,-1.392684128202599731e-03,-1.392684128202599731e-03,2.945160803497093849e-09,-6.688088521832171269e-07,-6.688088521832171269e-07,-1.491304438348045228e-07
6.032772943644399977e-01,1.607724301259258232e-09,4.516790363777927831e-05,1.626184634877430838e-07,9.974788380427818124e-01,-1.167963375348099334e-03,-1.167963375348099334e-03,1.607724301259258232e-09,1.642261877890023439e-07,9.974783453642184217e-01,-1.168620280099255410e-03,-1.168620280099255410e-03,2.596603373133266510e-09,-1.413880763697524347e-06,-1.413880763697524347e-06,-1.528523023756812489e-07
6.055798794574340782e-01,1.396567100616304329e-09,4.526589089007241489e-05,5.829676896964884245e-08,9.974929894702606603e-01,-8.454749892424140347e-04,-8.454749892424140347e-04,1.396567100616304329e-09,5.969333607026514678e-08,9.974928103902525045e-01,-8.457137625866950701e-04,-8.457137625866950701e-04,2.240174406841599561e-09,-2.001510064128258048e-06,-2.001510064128258048e-06,-1.560548222887747800e-07
6.078824645504281587e-01,1.181453106736554199e-09,4.521059731955742533e-05,-4.604685720922084977e-08,9.974933832970750425e-01,-4.570701781129673678e-04,-4.570701781129673678e-04,1.181453106736554199e-09,-4.486540410248429784e-08,9.974935178932873292e-01,-4.568907164965574494e-04,-4.568907164965574494e-04,1.877080717119712229e-09,-2.383519641567197103e-06,-2.383519641567197103e-06,-1.587298991559618705e-07
6.101850496434221283e-01,9.630909668743721271e-10,4.500413526817844485e-05,-1.500615113841167198e-07,9.974801517196041356e-01,-4.186365449093502211e-05,-4.186365449093502211e-05,9.630909668743721271e-10,-1.490984204172423593e-07,9.974805990148654100e-01,-4.126726080926605309e-05,-4.126726080926605309e-05,1.508546161228935808e-09,-2.532571244861734037e-06,-2.532571244861734037e-06,-1.608706173680420082e-07
6.124876347364162088e-01,7.421967383157279614e-10,4.464905613618258144e-05,-2.534017210528503315e-07,9.974534714041594086e-01,3.588140242716133621e-04,3.588140242716133621e-04,7.421967383157279614e-10,-2.526595243145346283e-07,9.974542293827323158e-01,3.598246623688715188e-04,3.598246623688715188e-04,1.135808369158261843e-09,-2.444646895898879652e-06,-2.444646895898879652e-06,-1.624717180974260837e-07
6.147902198294102893e-01,5.194931160915380779e-10,4.414845955408271328e-05,-3.557285849886934058e-07,9.974135619765128746e-01,7.055392139297515536e-04,7.055392139297515536e-04,5.194931160915380779e-10,-3.552090918726018548e-07,9.974146276037885173e-01,7.069600502972419242e-04,7.069600502972419242e-04,7.601143930126985880e-10,-2.139182608221615800e-06,-2.139182608221615800e-06,-1.635300604355671470e-07
6.170928049224042589e-01,2.957079101523872977e-10,4.350608285445820494e-05,-4.567111443398862493e-07,9.973606843708020531e-01,9.646560505560896302e-04,9.646560505560896302e-04,2.957079101523872977e-10,-4.564154364297338752e-07,9.973620536171113882e-01,9.664817123018086195e-04,9.664817123018086195e-04,3.827153509507522601e-10,-1.656883047521876890e-06,-1.656883047521876890e-06,-1.640450268916985026e-07
6.193953900153983394e-01,7.157172060460820647e-11,4.272636040125415264e-05,-5.560279264627567876e-07,9.972951390154934925e-01,1.111501258543554386e-03,1.111501258543554386e-03,7.157172060460820647e-11,-5.559563547421521821e-07,9.972968068845576850e-01,1.113725083962523003e-03,1.113725083962523003e-03,4.860243795288736347e-12,-1.055473765496237124e-06,-1.055473765496237124e-06,-1.640188315437440425e-07
6.216979751083924199e-01,-1.521851546161558530e-10,4.181444577617908211e-05,-6.533685830404942382e-07,9.972172638436677117e-01,1.132690730712545375e-03,1.132690730712545375e-03,-1.521851546161558530e-10,-6.535207681951103582e-07,9.972192244059723265e-01,1.135304813785325759e-03,1.135304813785325759e-03,-3.722107934877003501e-10,-4.038445522898312126e-07,-4.038445522898312126e-07,-1.634567000019827481e-07
6.240005602013863895e-01,-3.748364657761993934e-10,4.077619376585277954e-05,-7.484355324513855936e-07,9.971274321261828222e-01,1.027265137264995890e-03,1.027265137264995890e-03,-3.748364657761993934e-10,-7.488103689171618271e-07,9.971296785572896226e-01,1.030260378740664555e-03,1.030260378740664555e-03,-7.472734873861936174e-10,2.248150703506945176e-07,2.248150703506945176e-07,-1.623669037380403801e-07
6.263031452943804700e-01,-5.956642314626413484e-10,3.961810312557636230e-05,-8.409455140444157631e-07,9.970260501380785456e-01,8.066080577922444053e-04,8.066080577922444053e-04,-5.956642314626413484e-10,-8.415411782758784078e-07,9.970285747616133287e-01,8.099742225053478944e-04,8.099742225053478944e-04,-1.119126326981146896e-09,7.602021003969802405e-07,7.602021003969802405e-07,-1.607606458146004548e-07
6.286057303873745505e-01,-8.139632068787645282e-10,3.834722481987790110e-05,-9.306309686892666354e-07,9.969135546797004421e-01,4.931713203171169454e-04,4.931713203171169454e-04,-8.139632068787645282e-10,-9.314449318961454278e-07,9.969163490144961060e-01,4.968971000447015233e-04,4.968971000447015233e-04,-1.486597038816130487e-09,1.141705655773070969e-06,1.141705655773070969e-06,-1.586518091669625343e-07
6.309083154803685201e-01,-1.029045351166638625e-09,3.697104351468861983e-05,-1.017241174567021688e-06,9.967904104833981149e-01,1.181564818434671562e-04,1.181564818434671562e-04,-1.029045351166638625e-09,-1.018270219918188293e-06,9.967934652940578788e-01,1.222295627231399068e-04,1.222295627231399068e-04,-1.848548344171571338e-09,1.324181598006504911e-06,1.324181598006504911e-06,-1.560565909924520408e-07
6.332109005733626006e-01,-1.240244045640136854e-09,3.549734226381528730e-05,-1.100543087838732456e-06,9.966571075434599303e-01,-2.816020841855297954e-04,-2.816020841855297954e-04,-1.240244045640136854e-09,-1.101783331884372671e-06,9.966604128934556384e-01,-2.771949508579923081e-04,-2.771949508579923081e-04,-2.203882773390932393e-09,1.282159232624849966e-06,1.282159232624849966e-06,-1.529930563930188044e-07
6.355134856663566811e-01,-1.446917838959028869e-09,3.393406143936401713e-05,-1.180321862277534847e-06,9.965141584106715911e-01,-6.672368891827778429e-04,-6.672368891827778429e-04,-1.446917838959028869e-09,-1.181768780116493813e-06,9.965177037170119823e-01,-6.625098140623118456e-04,-6.625098140623118456e-04,-2.551546395918607347e-09,1.012105122169569394e-06,1.012105122169569394e-06,-1.494806504165588271e-07
6.378160707593506507e-01,-1.648453539251241777e-09,3.228916295869804456e-05,-1.256381047657327548e-06,9.963620954933095630e-01,-1.001576290699071484e-03,-1.001576290699071484e-03,-1.648453539251241777e-09,-1.258029501196578810e-06,9.963658695818131683e-01,-9.965441726942851196e-04,-9.965441726942851196e-04,-2.890531417971129509e-09,5.325627034331143201e-07,5.325627034331143201e-07,-1.455397096636334213e-07
6.401186558523447312e-01,-1.844268531990133841e-09,3.057050982460882680e-05,-1.328542491163570685e-06,9.962014684036429868e-01,-1.252646006472537838e-03,-1.252646006472537838e-03,-1.844268531990133841e-09,-1.330386759695560731e-06,9.962054595639220356e-01,-1.247324459433755538e-03,-1.247324459433755538e-03,-3.219877693040282591e-09,-1.178076752476247393e-07,-1.178076752476247393e-07,-1.411910126808523099e-07
6.424212409453388117e-01,-2.033812269917313382e-09,2.878576907952917698e-05,-1.396645987106292845e-06,9.960328413835217720e-01,-1.396617177244493992e-03,-1.396617177244493992e-03,-2.033812269917313382e-09,-1.398679799376210253e-06,9.960370374229199353e-01,-1.391022458046989232e-03,-1.391022458046989232e-03,-3.538673274978161969e-09,-8.840653701879204940e-07,-8.840653701879204940e-07,-1.364554028352470288e-07
6.447238260383327813e-01,-2.216566950801697854e-09,2.694234371149598545e-05,-1.460548735998789173e-06,9.958567908350237641e-01,-1.419935524436084610e-03,-1.419935524436084610e-03,-2.216566950801697854e-09,-1.462765302949590975e-06,9.958611791309326389e-01,-1.414084463224286317e-03,-1.414084463224286317e-03,-3.846054211740996719e-09,-1.700307635799214874e-06,-1.700307635799214874e-06,-1.313535089601506651e-07
6.470264111313268618e-01,-2.392047463821397913e-09,2.504733611762038591e-05,-1.520124683445739154e-06,9.956739029732238899e-01,-1.320449842656574524e-03,-1.320449842656574524e-03,-2.392047463821397913e-09,-1.522516730909560655e-06,9.956784705234166255e-01,-1.314359775732936190e-03,-1.314359775732936190e-03,-4.141203824397810558e-09,-2.495943743354964053e-06,-2.495943743354964053e-06,-1.259055787172886429e-07
6.493289962243209423e-01,-2.559800740068577594e-09,2.310754272522606899e-05,-1.575263811757666411e-06,9.954847716088068843e-01,-1.107456291356528032e-03,-1.107456291356528032e-03,-2.559800740068577594e-09,-1.577823612497735039e-06,9.954895050796443989e-01,-1.101144996906537003e-03,-1.101144996906537003e-03,-4.423351737493643497e-09,-3.202321386689831358e-06,-3.202321386689831358e-06,-1.201314283964878339e-07
6.516315813173150229e-01,-2.719404682549406321e-09,2.112947657598943034e-05,-1.625871452940281917e-06,9.952899960593185602e-01,-8.006780425566852608e-04,-8.006780425566852608e-04,-2.719404682549406321e-09,-1.628590857622831306e-06,9.952948818318914093e-01,-7.941636791261939398e-04,-7.941636791261939398e-04,-4.691772922533183552e-09,-3.759082070087017501e-06,-3.759082070087017501e-06,-1.140505018654042545e-07
6.539341664103089924e-01,-2.870466873128497816e-09,1.911941233957046508e-05,-1.671867681482677285e-06,9.950901791801226581e-01,-4.282980604076580674e-04,-4.282980604076580674e-04,-2.870466873128497816e-09,-1.674738148355805856e-06,9.950952033945676956e-01,-4.215991078142348482e-04,-4.215991078142348482e-04,-4.945786987908980233e-09,-4.119660920096975353e-06,-4.119660920096975353e-06,-1.076820215924170083e-07
6.562367515033030729e-01,-3.012623256964032012e-09,1.708344652963969231e-05,-1.713186830473866275e-06,9.948859255001822888e-01,-2.424720004637218466e-05,-2.424720004637218466e-05,-3.012623256964032012e-09,-1.716199453730830406e-06,9.948910740985434931e-01,-1.738240223144886304e-05,-1.738240223144886304e-05,-5.184757899863147460e-09,-4.255438204903288684e-06,-4.255438204903288684e-06,-1.010452069406769481e-07
6.585393365962971535e-01,-3.145536989705346591e-09,1.502756476305839709e-05,-1.749777156652459205e-06,9.946778394440339843e-01,3.749869012602750733e-04,3.749869012602750733e-04,-3.145536989705346591e-09,-1.752922693642164507e-06,9.946830982121148690e-01,3.819985920348437135e-04,3.819985920348437135e-04,-5.408094255540985754e-09,-4.158184731387428679e-06,-4.158184731387428679e-06,-9.415952987133396798e-08
6.608419216892911230e-01,-3.268897601330865583e-09,1.295770777255541588e-05,-1.781600660859286421e-06,9.944665236199361491e-01,7.337276114138526970e-04,7.337276114138526970e-04,-3.268897601330865583e-09,-1.784869558460617316e-06,9.944718782286114944e-01,7.408670896476951713e-04,7.408670896476951713e-04,-5.615250157445635157e-09,-3.840607548247368326e-06,-3.840607548247368326e-06,-8.704497612821978630e-08
6.631445067822852035e-01,-3.382420586589030924e-09,1.087982851752192349e-05,-1.808633051837628625e-06,9.942525771550984048e-01,1.020342921834191917e-03,1.020342921834191917e-03,-3.382420586589030924e-09,-1.812015472424217587e-06,9.942580132015156336e-01,1.027590983723888690e-03,1.027590983723888690e-03,-5.805726665618628839e-09,-3.334980109480488751e-06,-3.334980109480488751e-06,-7.972228093590439916e-08
6.654470918752792841e-01,-3.485847480124736206e-09,8.799934033776900648e-06,-1.830863825067303626e-06,9.940365940618784979e-01,1.210054260486376080e-03,1.210054260486376080e-03,-3.485847480124736206e-09,-1.834349672547428433e-06,9.940420971108961945e-01,1.217391659176565721e-03,1.217391659176565721e-03,-5.979073736396032620e-09,-2.690015638802159950e-06,-2.690015638802159950e-06,-7.221311198868538234e-08
6.677496769682732536e-01,-3.578946419570577155e-09,6.724107463108421268e-06,-1.848296415677048859e-06,9.938191616234319792e-01,1.287075812306618609e-03,1.287075812306618609e-03,-3.578946419570577155e-09,-1.851875362096619348e-06,9.938247172495182635e-01,1.294483313755005185e-03,1.294483313755005185e-03,-6.134892500513300796e-09,-1.966298133927277912e-06,-1.966298133927277912e-06,-6.454017855277456633e-08
6.700522620612673341e-01,-3.661513147215691731e-09,4.658507815281482208e-06,-1.860948376397461088e-06,9.936008587929768821e-01,1.245906327259875632e-03,1.245906327259875632e-03,-3.661513147215691731e-09,-1.864609889544676794e-06,9.936064526226454641e-01,1.253364766818054234e-03,1.253364766818054234e-03,-6.272837693215011024e-09,-1.230708728720331461e-06,-1.230708728720331461e-06,-5.672725318791052074e-08
6.723548471542614147e-01,-3.733372354952026573e-09,2.609347229641773421e-06,-1.868851528469101186e-06,9.933822546069761561e-01,1.091676085406362729e-03,1.091676085406362729e-03,-3.733372354952026573e-09,-1.872584900824053304e-06,9.933878723616785811e-01,1.099166425009658922e-03,1.099166425009658922e-03,-6.392620027755116733e-09,-5.503658589457282543e-07,-5.503658589457282543e-07,-4.879910113995463335e-08
6.746574322472553842e-01,-3.794379241828697198e-09,5.828476161643238515e-07,-1.872052035401998880e-06,9.931639066185317111e-01,8.395386936493091316e-04,8.395386936493091316e-04,-3.794379241828697198e-09,-1.875846414643827540e-06,9.931695341577756464e-01,8.470420793078844773e-04,8.470420793078844773e-04,-6.494008302298629323e-09,1.337012881206002331e-08,1.337012881206002331e-08,-4.078132105469359183e-08
6.769600173402494647e-01,-3.844421131387239909e-09,-1.414819616044267844e-06,-1.870610356037997912e-06,9.929463593625672546e-01,5.131827287709012043e-04,5.131827287709012043e-04,-3.844421131387239909e-09,-1.874454777169385172e-06,9.929519827268987742e-01,5.206805478795787636e-04,5.206805478795787636e-04,-6.576831047970034926e-09,4.102950601902147362e-07,4.102950601902147362e-07,-3.270010854421622976e-08
6.792626024332435453e-01,-3.883418988376723049e-09,-3.377605636584369909e-06,-1.864601043660731841e-06,9.927301428684995876e-01,1.426143823639866375e-04,1.426143823639866375e-04,-3.883418988376723049e-09,-1.868484462649108611e-06,9.927357483218874901e-01,1.500883202145830838e-04,1.500883202145830838e-04,-6.640977560193688313e-09,6.056935210098605025e-07,6.056935210098605025e-07,-2.458196063844171883e-08
6.815651875262376258e-01,-3.911328681479699029e-09,-5.299662102236714592e-06,-1.854112370811078032e-06,9.925157712387148168e-01,-2.385772295417562788e-04,-2.385772295417562788e-04,-3.911328681479699029e-09,-1.858023699492557635e-06,9.925213453098132854e-01,-2.311451347437860448e-04,-2.311451347437860448e-04,-6.686398202736682217e-09,5.832422193793105944e-07,5.832422193793105944e-07,-1.645334376909773229e-08
6.838677726192315953e-01,-3.928141859061361821e-09,-7.175418624561946808e-06,-1.839245773715917780e-06,9.923037413121280625e-01,-5.962203683143635531e-04,-5.962203683143635531e-04,-3.928141859061361821e-09,-1.843173915574979220e-06,9.923092708338747681e-01,-5.888476726520635880e-04,-5.888476726520635880e-04,-6.713103929256306563e-09,3.462542239768935666e-07,3.462542239768935666e-07,-8.340350352799874602e-09
6.861703577122256759e-01,-3.933886336322691846e-09,-8.999653795686005835e-06,-1.820115124497945010e-06,9.920945314313719399e-01,-8.985580799093438294e-04,-8.985580799093438294e-04,-3.933886336322691846e-09,-1.824049010834267671e-06,9.921000035784044435e-01,-8.912618838660067147e-04,-8.912618838660067147e-04,-6.721165025451168636e-09,-8.281524677527947248e-08,-8.281524677527947248e-08,-2.683691606441401280e-10
6.884729428052197564e-01,-3.928625931396491984e-09,-1.076755455043024671e-05,-1.796845852357664943e-06,9.918886003298905685e-01,-1.118981382873595687e-03,-1.118981382873595687e-03,-3.928625931396491984e-09,-1.800774478289061364e-06,9.918940026533253906e-01,-1.111778284960439475e-03,-1.111778284960439475e-03,-6.710709130918433454e-09,-6.645271852106316712e-07,-6.645271852106316712e-07,7.738207406621034345e-09
6.907755278982137259e-01,-3.912459731155729502e-09,-1.247475983366138605e-05,-1.769573945637272649e-06,9.916863861516526102e-01,-1.238266627912415225e-03,-1.238266627912415225e-03,-3.912459731155729502e-09,-1.773486405368428379e-06,9.916917066108686951e-01,-1.231172682290941406e-03,-1.231172682290941406e-03,-6.681918648782648636e-09,-1.346063803190897723e-06,-1.346063803190897723e-06,1.565621998904745902e-08
6.930781129912078065e-01,-3.885520810920681106e-09,-1.411738601592565404e-05,-1.738444874287865305e-06,9.914883056117113069e-01,-1.246134329742233822e-03,-1.246134329742233822e-03,-3.885520810920681106e-09,-1.742330395098785921e-06,9.914935326028966323e-01,-1.239165008161838581e-03,-1.239165008161838581e-03,-6.635027689201028973e-09,-2.065942057136865681e-06,-2.065942057136865681e-06,2.346390916361672054e-08
6.953806980842018870e-01,-3.847974472136433564e-09,-1.569203311465595366e-05,-1.703612476275464248e-06,9.912947533008433787e-01,-1.142010003510641157e-03,-1.142010003510641157e-03,-3.847974472136433564e-09,-1.707460450747600658e-06,9.912998756821955748e-01,-1.135180161707650699e-03,-1.135180161707650699e-03,-6.570318717204268287e-09,-2.759409245627101450e-06,-2.759409245627101450e-06,3.114100519344576069e-08
6.976832831771958565e-01,-3.800016095223227459e-09,-1.719577248520056279e-05,-1.665237851732724092e-06,9.911061011324265868e-01,-9.349391650557046466e-04,-9.349391650557046466e-04,-3.800016095223227459e-09,-1.669037867827947244e-06,9.911111082460301036e-01,-9.282630135843928602e-04,-9.282630135843928602e-04,-6.488119084587702665e-09,-3.364044903945101830e-06,-3.364044903945101830e-06,3.866873992997960803e-08
6.999858682701899371e-01,-3.741868728667613403e-09,-1.862611810920733821e-05,-1.623488305367807361e-06,9.909226979249916578e-01,-6.426822502950637521e-04,-6.426822502950637521e-04,-3.741868728667613403e-09,-1.627230174096474977e-06,9.909275796155139204e-01,-6.361733295986778548e-04,-6.361733295986778548e-04,-6.388797619639674179e-09,-3.825085941421053886e-06,-3.825085941421053886e-06,4.602978658157918808e-08
7.022884533631840176e-01,-3.673780548435277726e-09,-1.998098481077372686e-05,-1.578536371256900557e-06,9.907448691098549309e-01,-2.900844217593594480e-04,-2.900844217593594480e-04,-3.673780548435277726e-09,-1.582210151805335788e-06,9.907496157403103965e-01,-2.837555811521380871e-04,-2.837555811521380871e-04,-6.272761428628378744e-09,-4.100026115864505222e-06,-4.100026115864505222e-06,5.320813868088942655e-08
7.045910384561779871e-01,-3.596022323340849475e-09,-2.125863758705510810e-05,-1.530558945379262443e-06,9.905729165502066280e-01,9.312568156099992596e-05,9.312568156099992596e-05,-3.596022323340849475e-09,-1.534154967702603323e-06,9.905775190151097087e-01,9.926230143181033840e-05,9.926230143181033840e-05,-6.140453031512377205e-09,-4.162112378977942884e-06,-4.162112378977942884e-06,6.018894397386377190e-08
7.068936235491720677e-01,-3.508885012494426592e-09,-2.245763669818674605e-05,-1.479736540971900622e-06,9.904071184561454855e-01,4.749098980089974881e-04,4.749098980089974881e-04,-3.508885012494426592e-09,-1.483245425984394981e-06,9.904115681924234860e-01,4.808428797129350816e-04,4.808428797129350816e-04,-5.992347914506857883e-09,-4.002462194561600717e-06,-4.002462194561600717e-06,6.695831180853961402e-08
7.091962086421661482e-01,-3.412677601653758114e-09,-2.357678320608533307e-05,-1.426252670929489752e-06,9.902477293795267643e-01,8.236425843122967619e-04,8.236425843122967619e-04,-3.412677601653758114e-09,-1.429665348531143579e-06,9.902520183755723071e-01,8.293612457064213853e-04,8.293612457064213853e-04,-5.828952537683962487e-09,-3.630648155488218250e-06,-3.630648155488218250e-06,7.350311375814984216e-08
7.114987937351601177e-01,-3.307725258289819067e-09,-2.461506930445496051e-05,-1.370293350989407168e-06,9.900949802730425464e-01,1.110749499054276921e-03,1.110749499054276921e-03,-3.307725258289819067e-09,-1.373601076247696948e-06,9.900991010762713040e-01,1.116243903359267651e-03,1.116243903359267651e-03,-5.650802790658409078e-09,-3.073728213852556514e-06,-3.073728213852556514e-06,7.981079666410260356e-08
7.138013788281541983e-01,-3.194367853004854074e-09,-2.557163709508583375e-05,-1.312046708170544494e-06,9.899490785995995745e-01,1.313045186339958318e-03,1.313045186339958318e-03,-3.194367853004854074e-09,-1.315241076023549265e-06,9.899530243228276127e-01,1.318306150644052563e-03,1.318306150644052563e-03,-5.458462847408435972e-09,-2.373830244875634345e-06,-2.373830244875634345e-06,8.586922516153215602e-08
7.161039639211482788e-01,-3.072958860513712655e-09,-2.644574851633819414e-05,-1.251702671576939624e-06,9.898102084805463496e-01,1.414581219376946555e-03,1.414581219376946555e-03,-3.072958860513712655e-09,-1.254775630437453283e-06,9.898139728074376587e-01,1.419600321898696312e-03,1.419600321898696312e-03,-5.252524335759897690e-09,-1.584517654398574864e-06,-1.584517654398574864e-06,9.166656731369922159e-08
7.184065490141422483e-01,-2.943864619633330801e-09,-2.723676801233079289e-05,-1.189452717727088115e-06,9.896785308743887288e-01,1.407863018097144092e-03,1.407863018097144092e-03,-2.943864619633330801e-09,-1.192396582346721395e-06,9.896821080641358126e-01,1.412632604426530998e-03,1.412632604426530998e-03,-5.033605710640176241e-09,-7.662588763027677774e-07,-7.662588763027677774e-07,9.719123258161308980e-08
7.207091341071363289e-01,-2.807463901356564773e-09,-2.794415834881092662e-05,-1.125489640297637391e-06,9.895541837810012398e-01,1.294348718376727532e-03,1.294348718376727532e-03,-2.807463901356564773e-09,-1.128297104198994021e-06,9.895575686723138142e-01,1.298861906793523412e-03,1.298861906793523412e-03,-4.802351704646003210e-09,1.860942128712554757e-08,1.860942128712554757e-08,1.024318664079475090e-07
7.230117192001304094e-01,-2.664147709429908447e-09,-2.856748883460471505e-05,-1.060007314604836871e-06,9.894372824697079682e-01,1.084204799699795821e-03,1.084204799699795821e-03,-2.664147709429908447e-09,-1.062671462314266834e-06,9.894404704840948916e-01,1.088455485549052896e-03,1.088455485549052896e-03,-4.559432725516509650e-09,7.110024501014125490e-07,7.110024501014125490e-07,1.073774006324051657e-07
7.253143042931244899e-01,-2.514319220650375615e-09,-2.910645418830697846e-05,-9.932004300958334643e-07,9.893279197326724228e-01,7.953546655755628324e-04,7.953546655755628324e-04,-2.514319220650375615e-09,-9.957147493164837845e-07,9.893309068769203796e-01,7.993375245728287590e-04,7.993375245728287590e-04,-4.305544077529393056e-09,1.259870154590036740e-06,1.259870154590036740e-06,1.120171542021910320e-07
7.276168893861184594e-01,-2.358393763396700925e-09,-2.956090147395877259e-05,-9.252641691974676234e-07,9.892261661675668671e-01,4.519130825484231426e-04,4.519130825484231426e-04,-2.358393763396700925e-09,-9.276225629608643487e-07,9.892289490352557113e-01,4.556235728002665806e-04,4.556235728002665806e-04,-4.041404901492946476e-09,1.626258905243304818e-06,1.626258905243304818e-06,1.163409745680992349e-07
7.299194744791125400e-01,-2.196798733023860505e-09,-2.993086197118723009e-05,-8.563938175335087675e-07,9.891320704953198151e-01,8.214686263982983057e-05,8.214686263982983057e-05,-2.196798733023860505e-09,-8.585906162665326532e-07,9.891346462671686268e-01,8.558122510489596542e-05,8.558122510489596542e-05,-3.767756753957375590e-09,1.786335108169406413e-06,1.786335108169406413e-06,1.203394070608136276e-07
7.322220595721066205e-01,-2.029973351266734468e-09,-3.021658457436828552e-05,-7.867842981375983138e-07,9.890456599197428034e-01,-2.838631199507176826e-04,-2.838631199507176826e-04,-2.029973351266734468e-09,-7.888142714888650280e-07,9.890480263625572865e-01,-2.807078628647622200e-04,-2.807078628647622200e-04,-3.485361778012807059e-09,1.733144741865011393e-06,1.733144741865011393e-06,1.240038776235641693e-07
7.345246446651005900e-01,-1.858368192653634972e-09,-3.041856733704808777e-05,-7.166296301845177234e-07,9.889669405359806653e-01,-6.166639292454063588e-04,-6.166639292454063588e-04,-1.858368192653634972e-09,-7.184879983771713445e-07,9.889690959999758446e-01,-6.137899772518976785e-04,-6.137899772518976785e-04,-3.195000452735611984e-09,1.476989671053627896e-06,1.476989671053627896e-06,1.273268736333468387e-07
7.368272297580946706e-01,-1.682444422523580475e-09,-3.053758407250286260e-05,-6.461223202790418918e-07,9.888958977940678352e-01,-8.897785935040324100e-04,-8.897785935040324100e-04,-1.682444422523580475e-09,-6.478047647015655078e-07,9.888978412083619940e-01,-8.871873744452261294e-04,-8.871873744452261294e-04,-2.897468943047063051e-09,1.044415263084298095e-06,1.044415263084298095e-06,1.303021081582514756e-07
7.391298148510887511e-01,-1.502672716592324685e-09,-3.057470344949132719e-05,-5.754527008914173495e-07,9.888324970224781074e-01,-1.081774761196031311e-03,-1.081774761196031311e-03,-1.502672716592324685e-09,-5.769553736080097226e-07,9.888342278885989822e-01,-1.079466939701599366e-03,-1.079466939701599366e-03,-2.593576103665449931e-09,4.759150209451830257e-07,4.759150209451830257e-07,1.329246547617352171e-07
7.414323999440827206e-01,-1.319531858949438545e-09,-3.053129872758351206e-05,-5.048082356383596393e-07,9.887766840146129388e-01,-1.177895591581090522e-03,-1.177895591581090522e-03,-1.319531858949438545e-09,-5.061277674973090768e-07,9.887782023979154733e-01,-1.175871080511101249e-03,-1.175871080511101249e-03,-2.284140217549525496e-09,-1.774421355145682224e-07,-1.774421355145682224e-07,1.351910426753921789e-07
7.437349850370768012e-01,-1.133507041682216734e-09,-3.040904709281448727e-05,-4.343728144418686417e-07,9.887283856788443570e-01,-1.171133256609060156e-03,-1.171133256609060156e-03,-1.133507041682216734e-09,-4.355063214835508423e-07,9.887296921978088182e-01,-1.169391231323125896e-03,-1.169391231323125896e-03,-1.969985568838368813e-09,-8.581753071804751878e-07,-8.581753071804751878e-07,1.370993055590469832e-07
7.460375701300708817e-01,-9.450879129796380385e-10,-3.020991841005078035e-05,-3.643260629870933285e-07,9.886875107502403059e-01,-1.062672516400009742e-03,-1.062672516400009742e-03,-9.450879129796380385e-10,-3.652711509000729630e-07,9.886886065636929510e-01,-1.061211431796409447e-03,-1.061211431796409447e-03,-1.651938961577413684e-09,-1.507002879189093431e-06,-1.507002879189093431e-06,1.386489808448791475e-07
7.483401552230648512e-01,-7.547664398259615431e-10,-2.993615403394874573e-05,-2.948426903336370423e-07,9.886539505596494415e-01,-8.616832365796698321e-04,-8.616832365796698321e-04,-7.547664398259615431e-10,-2.955974567734630102e-07,9.886548373520197552e-01,-8.605008467525759788e-04,-8.605008467525759788e-04,-1.330826297954457726e-09,-2.067530929281719737e-06,-2.067530929281719737e-06,1.398410605061362201e-07
7.506427403160589318e-01,-5.630346649434329093e-10,-2.959023705244985007e-05,-2.260918961604648899e-07,9.886275798536081627e-01,-5.844922607663399858e-04,-5.844922607663399858e-04,-5.630346649434329093e-10,-2.266549308254083263e-07,9.886282598184006343e-01,-5.835856410430383849e-04,-5.835856410430383849e-04,-1.007469323570145962e-09,-2.490650117284748263e-06,-2.490650117284748263e-06,1.406778976952032256e-07
7.529453254090530123e-01,-3.703824446808056849e-10,-2.917485592368575730e-05,-1.582368552214364282e-07,9.886082576567116753e-01,-2.532126983019311454e-04,-2.532126983019311454e-04,-3.703824446808056849e-10,-1.586072376661172429e-07,9.886087334784247060e-01,-2.525782693512666527e-04,-2.525782693512666527e-04,-6.826826333029568926e-10,-2.738303179007392791e-06,-2.738303179007392791e-06,1.411630767915533109e-07
7.552479105020470929e-01,-1.772952548071710987e-10,-2.869286387158313654e-05,-9.143429153899984069e-08,9.885958281667951431e-01,1.060511470923251957e-04,1.060511470923251957e-04,-1.772952548071710987e-10,-9.161158679380700530e-08,9.885961030015555373e-01,1.064175934395004291e-04,1.064175934395004291e-04,-3.572710110325496021e-10,-2.786341454967330401e-06,-2.786341454967330401e-06,1.413012567716915418e-07
7.575504955950410624e-01,1.574785506829575999e-11,-2.814723660700108163e-05,-2.583414911738791332e-08,9.885901216725584417e-01,4.652751660632951339e-04,4.652751660632951339e-04,1.574785506829575999e-11,-2.581840126231961743e-08,9.885901991277622480e-01,4.653784396683443908e-04,4.653784396683443908e-04,-3.202715171175609632e-11,-2.626265585328845027e-06,-2.626265585328845027e-06,1.410979993152157743e-07
7.598530806880351429e-01,2.082760897144532800e-10,-2.754103093595768967e-05,3.842064001013162722e-08,9.885909554831863177e-01,7.966976015521499629e-04,7.966976015521499629e-04,2.082760897144532800e-10,3.862891609984608094e-08,9.885908395964380091e-01,7.965430858877506131e-04,7.965430858877506131e-04,2.922702128731128748e-10,-2.265736061745691824e-06,-2.265736061745691824e-06,1.405595936205333083e-07
7.621556657810292235e-01,3.998284669689800333e-10,-2.687734661707111874e-05,1.011942953066825565e-07,9.885981348600129115e-01,1.074942169572020009e-03,1.074942169572020009e-03,3.998284669689800333e-10,1.015941237736515308e-07,9.885978300776415706e-01,1.074535793076925472e-03,1.074535793076925472e-03,6.148577906604310960e-10,-1.727836363952574822e-06,-1.727836363952574822e-06,1.396928895261315770e-07
7.644582508740231930e-01,5.899550744376756706e-10,-2.615929346357550393e-05,1.623582447919902470e-07,9.886114539413147773e-01,1.278921207180629778e-03,1.278921207180629778e-03,5.899550744376756706e-10,1.629481998664279288e-07,9.886109650967151996e-01,1.278269414381163994e-03,1.278269414381163994e-03,9.349888396515479922e-10,-1.049167261466401098e-06,-1.049167261466401098e-06,1.385051492959066915e-07
7.667608359670172735e-01,7.782180129624512593e-10,-2.538996518869053804e-05,2.217911136478047003e-07,9.886306966527654838e-01,1.393378806987778055e-03,1.393378806987778055e-03,7.782180129624512593e-10,2.225693316607671420e-07,9.886300289447704781e-01,1.392488529661134932e-03,1.392488529661134932e-03,1.251933965235492965e-09,-2.769382974056126920e-07,-2.769382974056126920e-07,1.370039264666615758e-07
7.690634210600113541e-01,9.641920366891115213e-10,-2.457242091247030153e-05,2.793786611678229730e-07,9.886556375978268196e-01,1.409964807848912210e-03,1.409964807848912210e-03,9.641920366891115213e-10,2.803428532045120888e-07,9.886547965692672468e-01,1.408843436436094197e-03,1.408843436436094197e-03,1.564981674257784923e-09,5.347050164907483649e-07,5.347050164907483649e-07,1.351969776600060199e-07
7.713660061530053236e-01,1.147464918943522112e-09,-2.370967463208536024e-05,3.350136842500073363e-07,9.886860429242516624e-01,1.327768778393909879e-03,1.327768778393909879e-03,1.147464918943522112e-09,3.361611491689508323e-07,9.886850344408041336e-01,1.326424133797234018e-03,1.326424133797234018e-03,1.873438765991538375e-09,1.328827123464900082e-06,1.328827123464900082e-06,1.330922104442439049e-07
7.736685912459994041e-01,1.327637589427417510e-09,-2.280469235463176668e-05,3.885959056083125868e-07,9.887216711647633938e-01,1.153285605149865535e-03,1.153285605149865535e-03,1.327637589427417510e-09,3.899235431977400281e-07,9.887205013941338105e-01,1.151725910977074519e-03,1.151725910977074519e-03,2.176630643918881183e-09,2.050000999466772525e-06,2.050000999466772525e-06,1.306976674244881063e-07
7.759711763389934847e-01,1.504324100417165894e-09,-2.186039604617231552e-05,4.400318635275814974e-07,9.887622740517534314e-01,8.998276505968830783e-04,8.998276505968830783e-04,1.504324100417165894e-09,4.415361876279986517e-07,9.887609494431905954e-01,8.980615058463711038e-04,8.980615058463711038e-04,2.473901629395546381e-09,2.648434443532332708e-06,2.648434443532332708e-06,1.280215439627643192e-07
7.782737614319874542e-01,1.677151486977880084e-09,-2.087967310053868628e-05,4.892348174775485971e-07,9.888075973073513492e-01,5.864393994496408047e-04,5.864393994496408047e-04,1.677151486977880084e-09,4.909119689645265138e-07,9.888061245714444558e-01,5.844757515737826915e-04,5.844757515737826915e-04,2.764615349387340903e-09,3.083619095691844997e-06,3.083619095691844997e-06,1.250722344871747302e-07
7.805763465249815347e-01,1.845759588377067582e-09,-1.986538970387912874e-05,5.361246804943140238e-07,9.888573814114052229e-01,2.364060873138873074e-04,2.364060873138873074e-04,1.845759588377067582e-09,5.379704400826910624e-07,9.888557675000849700e-01,2.342542055535565542e-04,2.342542055535565542e-04,3.048155256501357219e-09,3.327239373077175378e-06,3.327239373077175378e-06,1.218584004030050151e-07
7.828789316179756153e-01,2.009800894975661641e-09,-1.882040628345737013e-05,5.806279852362840508e-07,9.889113623506886608e-01,-1.245244604938891303e-04,-1.245244604938891303e-04,2.009800894975661641e-09,5.826377861312597166e-07,9.889096144373302755e-01,-1.268550116384141815e-04,-1.268550116384141815e-04,3.323925321780330446e-09,3.365139117454885170e-06,3.365139117454885170e-06,1.183890512903262488e-07
7.851815167109695848e-01,2.168940477340052909e-09,-1.774759318704987254e-05,6.226778863586266782e-07,9.889692723530056906e-01,-4.700694525968816188e-04,-4.700694525968816188e-04,2.168940477340052909e-09,6.248468268359667406e-07,9.889673978125251841e-01,-4.725688399042254667e-04,-4.725688399042254667e-04,3.591350920695792045e-09,3.198217743584594426e-06,3.198217743584594426e-06,1.146736304275787307e-07
7.874841018039636653e-01,2.322856042921810083e-09,-1.664984483686348131e-05,6.622141976569897001e-07,9.890308406097981786e-01,-7.753434377545852458e-04,-7.753434377545852458e-04,2.322856042921810083e-09,6.645370536999114742e-07,9.890288469986370234e-01,-7.780015859693848379e-04,-7.780015859693848379e-04,3.849879912063487402e-09,2.842209213015275328e-06,2.842209213015275328e-06,1.107220957313851609e-07
7.897866868969577459e-01,2.471238151401854901e-09,-1.553009082367479561e-05,6.991834586136494715e-07,9.890957939904131413e-01,-1.018653899628275093e-03,-1.018653899628275093e-03,2.471238151401854901e-09,7.016546967650513557e-07,9.890936890263228864e-01,-1.021460518415335259e-03,-1.021460518415335259e-03,4.098983889778784611e-09,2.326380018339279063e-06,2.326380018339279063e-06,1.065449879101058111e-07
7.920892719899517154e-01,2.613790603863192485e-09,-1.439130272944988442e-05,7.335390217983607780e-07,9.891638577504240359e-01,-1.183032360145418139e-03,-1.183032360145418139e-03,2.613790603863192485e-09,7.361528124022239387e-07,9.891616492919867998e-01,-1.185976971395026960e-03,-1.185976971395026960e-03,4.338159569755658071e-09,1.691260445828406049e-06,1.691260445828406049e-06,1.021534789084547491e-07
7.943918570829457959e-01,2.750231004572531416e-09,-1.323649585997042250e-05,7.652411502297758763e-07,9.892347562353865920e-01,-1.257395718673837582e-03,-1.257395718673837582e-03,2.750231004572531416e-09,7.679913812343483576e-07,9.892324522612429005e-01,-1.260467684198775034e-03,-1.260467684198775034e-03,4.566930260428111035e-09,9.855911391764205274e-07,9.855911391764205274e-07,9.755939544766471837e-08
7.966944421759398764e-01,2.880291478523881063e-09,-1.206872550055395778e-05,7.942571124171985862e-07,9.893082135802808708e-01,-1.237262022418344348e-03,-1.237262022418344348e-03,2.880291478523881063e-09,7.971374038957224184e-07,9.893058221680691711e-01,-1.240450572033927317e-03,-1.240450572033927317e-03,4.784847355505038824e-09,2.627198017833945997e-07,2.627198017833945997e-07,9.277521449418827449e-08
7.989970272689339570e-01,3.003719514116806082e-09,-1.089107774389436689e-05,8.205612624240261846e-07,9.893839544036829858e-01,-1.124978928149809832e-03,-1.124978928149809832e-03,3.003719514116806082e-09,8.235649819381429481e-07,9.893814837087371306e-01,-1.128273188077562371e-03,-1.128273188077562371e-03,4.991491782859740152e-09,-4.232826265008785461e-07,-4.232826265008785461e-07,8.781402965578886311e-08
8.012996123619279265e-01,3.120278889323112853e-09,-9.706655348013733771e-06,8.441350928982847115e-07,9.894617044945910322e-01,-9.294591690434565257e-04,-9.294591690434565257e-04,3.120278889323112853e-09,8.472553717876077838e-07,9.894591627284756719e-01,-9.328481905306069272e-04,-9.328481905306069272e-04,5.186475343625207114e-09,-1.021502740789760254e-06,-1.021502740789760254e-06,8.268948964628470328e-08
8.036021974549220070e-01,3.229750632094038794e-09,-8.518559435992653558e-06,8.649672505010102201e-07,9.895411914888193605e-01,-6.654527286140405999e-04,-6.654527286140405999e-04,3.229750632094038794e-09,8.681970011331042717e-07,9.895385868978159305e-01,-6.689255166185730178e-04,-6.689255166185730178e-04,5.369441880495181457e-09,-1.487785249022134593e-06,-1.487785249022134593e-06,7.741571192389571495e-08
8.059047825479160876e-01,3.331933961982282040e-09,-7.329868125719896059e-06,8.830535053811722031e-07,9.896221455310908466e-01,-3.524176408755746114e-04,-3.524176408755746114e-04,3.331933961982282040e-09,8.863854393431544446e-07,9.896194863747728165e-01,-3.559631826329472245e-04,-3.559631826329472245e-04,5.540068223365477183e-09,-1.787802251792524121e-06,-1.787802251792524121e-06,7.200717626343538013e-08
8.082073676409100571e-01,3.426647160086128646e-09,-6.143613362016244305e-06,8.983966690920412849e-07,9.897042999184276768e-01,-1.307819506093869533e-05,-1.307819506093869533e-05,3.426647160086128646e-09,9.018233162521273734e-07,9.897015944484789385e-01,-1.668548832594720440e-05,-1.668548832594720440e-05,5.698064872917534314e-09,-1.899383323080432279e-06,-1.899383323080432279e-06,6.647860426627848067e-08
8.105099527339041376e-01,3.513728318304896393e-09,-4.962757307963791756e-06,9.110064584014597014e-07,9.897873917201960303e-01,3.282208993294259778e-04,3.282208993294259778e-04,3.513728318304896393e-09,9.145201867197646048e-07,9.897846481596358492e-01,3.245628185825469346e-04,3.245628185825469346e-04,5.843176397554238448e-09,-1.813955286398009901e-06,-1.813955286398009901e-06,6.084483157960542439e-08
8.128125378268982182e-01,3.593035926078598206e-09,-3.790169636016380890e-06,9.208993055782585547e-07,9.898711623702187712e-01,6.472442935044975601e-04,6.472442935044975601e-04,3.593035926078598206e-09,9.244923415043371384e-07,9.898683888931942843e-01,6.435463241384802111e-04,6.435463241384802111e-04,5.975181535066548285e-09,-1.537006554421586208e-06,-1.537006554421586208e-06,5.512067985233998053e-08
8.151151229198921877e-01,3.664449262639983019e-09,-2.628606950626660522e-06,9.280981187199787543e-07,9.899553582267058838e-01,9.215568677865609501e-04,9.215568677865609501e-04,3.664449262639983019e-09,9.317625679826187498e-07,9.899525629390019121e-01,9.178298175146304243e-04,9.178298175146304243e-04,6.093893006399452679e-09,-1.087561136868584030e-06,-1.087561136868584030e-06,4.932083521354795034e-08
8.174177080128862682e-01,3.727868574530016895e-09,-1.480695384991333747e-06,9.326319983194099857e-07,9.900397310963301445e-01,1.132058736000054111e-03,1.132058736000054111e-03,3.727868574530016895e-09,9.363598668939399828e-07,9.900369220167294371e-01,1.128313296532478405e-03,1.128313296532478405e-03,6.199157063769587843e-09,-4.967168834215269910e-07,-4.967168834215269910e-07,4.345973935766024389e-08
8.197202931058803488e-01,3.783215030831905550e-09,-3.489171634873805965e-07,9.345359183861353926e-07,9.901240387195654469e-01,1.264261304774351186e-03,1.264261304774351186e-03,3.783215030831905550e-09,9.383191334169672469e-07,9.901212237621651591e-01,1.260508028240683257e-03,1.260508028240683257e-03,6.290852808195621249e-09,1.946336261043362885e-07,1.946336261043362885e-07,3.755149823463644764e-08
8.220228781988743183e-01,3.830430461354525581e-09,7.643983708581437487e-07,9.338503819255787029e-07,9.902080452153184664e-01,1.309221913517264607e-03,1.309221913517264607e-03,3.830430461354525581e-09,9.376808123869332235e-07,9.902052321728812556e-01,1.305471190267716835e-03,1.305471190267716835e-03,6.368891321454665353e-09,9.387271384173017763e-07,9.387271384173017763e-07,3.160981196487369864e-08
8.243254632918683988e-01,3.869476894963729457e-09,1.857079074983667917e-06,9.306210613628005054e-07,9.902915214838791114e-01,1.264080263559976035e-03,1.264080263559976035e-03,3.869476894963729457e-09,9.344905382577641877e-07,9.902887180122643684e-01,1.260342301406944992e-03,1.260342301406944992e-03,6.433214664022249309e-09,1.684285659375415887e-06,1.684285659375415887e-06,2.564792804015943939e-08
8.266280483848624794e-01,3.900335925651443754e-09,2.927109787940721070e-06,9.248984345682758476e-07,9.903742455682147394e-01,1.132168665710851698e-03,1.132168665710851698e-03,3.900335925651443754e-09,9.287987704939272425e-07,9.903714591719032789e-01,1.128453470628875896e-03,1.128453470628875896e-03,6.483794793421640503e-09,2.380066231792091733e-06,2.380066231792091733e-06,1.967861824923166366e-08
8.289306334778565599e-01,3.923007942106485746e-09,3.972627975585221235e-06,9.167374265287535100e-07,9.904560029745712590e-01,9.226980077831280994e-04,9.226980077831280994e-04,3.923007942106485746e-09,9.206604344708599767e-07,9.904532409932678139e-01,9.190153660452447023e-04,9.190153660452447023e-04,6.520632456562603247e-09,2.978358528207554045e-06,2.978358528207554045e-06,1.371417819311833886e-08
8.312332185708505294e-01,3.937511262068741294e-09,4.991915875918129188e-06,9.061970654922382111e-07,9.905365869541704615e-01,6.500501893541397883e-04,6.500501893541397883e-04,3.937511262068741294e-09,9.101345767543069144e-07,9.905338565504402393e-01,6.464096510471225958e-04,6.464096510471225958e-04,6.543756105358802487e-09,3.438193224421777886e-06,3.438193224421777886e-06,7.766446835973945884e-09
8.335358036638446100e-01,3.943881215351059140e-09,5.983389965238844746e-06,8.933401607133429601e-07,9.906157987484662808e-01,3.327336605158521783e-04,3.327336605158521783e-04,3.943881215351059140e-09,8.972840419286940102e-07,9.906131068963405228e-01,3.291445243481374108e-04,3.291445243481374108e-04,6.553220877613279149e-09,3.728048987887672806e-06,3.728048987887672806e-06,1.846842364854205791e-09
8.358383887568386905e-01,3.942169219064636245e-09,6.945588683371211943e-06,8.782330068774639776e-07,9.906934478008933009e-01,-7.920020119465884438e-06,-7.920020119465884438e-06,3.942169219064636245e-09,8.821751760965285626e-07,9.906908012753650183e-01,-1.144872082385199911e-05,-1.144872082385199911e-05,6.549107675506156391e-09,3.827884494299441492e-06,3.827884494299441492e-06,-4.033590238212108828e-09
8.381409738498326600e-01,3.932441885443326353e-09,7.877159403245502289e-06,8.609451180466301850e-07,9.907693519383263814e-01,-3.492253074204183772e-04,-3.492253074204183772e-04,3.932441885443326353e-09,8.648775599320735585e-07,9.907667573056465615e-01,-3.526848176601466486e-04,-3.526848176601466486e-04,6.531522362780028276e-09,3.730371156832889908e-06,3.730371156832889908e-06,-9.864125016145435622e-09
8.404435589428267406e-01,3.914780197064316217e-09,8.776845610388938514e-06,8.415489917047705420e-07,9.908433375255247810e-01,-6.686755119104757913e-04,-6.686755119104757913e-04,3.914780197064316217e-09,8.454637719018348897e-07,9.908408011342090260e-01,-6.720573669980831749e-04,-6.720573669980831749e-04,6.500595089720452571e-09,3.441258580957667391e-06,3.441258580957667391e-06,-1.563429950164629200e-08
8.427461440358208211e-01,3.889278776691285799e-09,9.643475174257589517e-06,8.201199013380653275e-07,9.909152395957131487e-01,-9.454358208500788846e-04,-9.454358208500788846e-04,3.889278776691285799e-09,8.240091801147565744e-07,9.909127675681728142e-01,-9.487318575705378778e-04,-9.487318575705378778e-04,6.456479743115525423e-09,2.978864155514408686e-06,2.978864155514408686e-06,-2.133386286381165417e-08
8.450487291288147906e-01,3.856045270016804958e-09,1.047595045657658042e-05,7.967357141041721250e-07,9.909849019601458808e-01,-1.161698319237395270e-03,-1.161698319237395270e-03,3.856045270016804958e-09,8.005917593741889532e-07,9.909825001848677761e-01,-1.164900686274892129e-03,-1.164900686274892129e-03,6.399353507357500349e-09,2.372736612273343457e-06,2.372736612273343457e-06,-2.695273223369470648e-08
8.473513142218088712e-01,3.815199849898128336e-09,1.127324082370200595e-05,7.714767286275816523e-07,9.910521772990630307e-01,-1.303812540018719091e-03,-1.303812540018719091e-03,3.815199849898128336e-09,7.752919284774797335e-07,9.910498514232776168e-01,-1.306913707732629054e-03,-1.306913707732629054e-03,6.329416513384211999e-09,1.661596956188616316e-06,1.661596956188616316e-06,-3.248096089219582282e-08
8.496538993148029517e-01,3.766874840938911096e-09,1.203437792533488697e-05,7.444255268896766881e-07,9.911169272359102722e-01,-1.363122142815286538e-03,-1.363122142815286538e-03,3.766874840938911096e-09,7.481924017306156331e-07,9.911146826587050596e-01,-1.366114912422209055e-03,-1.366114912422209055e-03,6.246891544828357417e-09,8.907055262917925103e-07,8.907055262917925103e-07,-3.790872098724112212e-08
8.519564844077969212e-01,3.711214454106365498e-09,1.275845388512797420e-05,7.156668336029371647e-07,9.911790223961065571e-01,-1.336459435583318024e-03,-1.336459435583318024e-03,3.711214454106365498e-09,7.193780480570435795e-07,9.911768642619623870e-01,-1.339336947775546195e-03,-1.339336947775546195e-03,6.152023765913931325e-09,1.088383090330527815e-07,1.088383090330527815e-07,-4.322630230161634549e-08
8.542590695007910018e-01,3.648374613058735180e-09,1.344462233526173595e-05,6.852873763795860376e-07,9.912383424510409213e-01,-1.226273095127433871e-03,-1.226273095127433871e-03,3.648374613058735180e-09,6.889357509926447554e-07,9.912362756437879119e-01,-1.229028838131404405e-03,-1.229028838131404405e-03,6.045080433518248982e-09,-6.349228979806448746e-07,-6.349228979806448746e-07,-4.842412740266745394e-08
8.565616545937850823e-01,3.578522847456611360e-09,1.409210203104161515e-05,6.533757403994848222e-07,9.912947761474206754e-01,-1.040388974559026741e-03,-1.040388974559026741e-03,3.578522847456611360e-09,6.569542632469414663e-07,9.912928052846309290e-01,-1.043016791612014563e-03,-1.043016791612014563e-03,5.926350556400016012e-09,-1.294374314139098528e-06,-1.294374314139098528e-06,-5.349278235261665739e-08
8.588642396867790518e-01,3.501838224088747882e-09,1.470018261373963236e-05,6.200222120998558601e-07,9.913482213215950578e-01,-7.914276836102629442e-04,-7.914276836102629442e-04,3.501838224088747882e-09,6.235240503239446154e-07,9.913463507494441052e-01,-7.939217798115587007e-04,-7.939217798115587007e-04,5.796144467735004599e-09,-1.829142260441506790e-06,-1.829142260441506790e-06,-5.842306111060011877e-08
8.611668247797731324e-01,3.418511284349771366e-09,1.526823196091723386e-05,5.853186075686826532e-07,9.913985848980872984e-01,-4.959241688805060598e-04,-4.959241688805060598e-04,3.418511284349771366e-09,5.887371188530324196e-07,9.913968186867306853e-01,-4.982791173559181870e-04,-4.982791173559181870e-04,5.654793282450563720e-09,-2.207217331399961434e-06,-2.207217331399961434e-06,-6.320602088606983382e-08
8.634694098727672129e-01,3.328743956514369348e-09,1.579570447767566151e-05,5.493580827303425861e-07,9.914457828712944787e-01,-1.732124950241203086e-04,-1.732124950241203086e-04,3.328743956514369348e-09,5.526868266868569872e-07,9.914441248108144533e-01,-1.754232423308677382e-04,-1.754232423308677382e-04,5.502648217967382883e-09,-2.406915530914696050e-06,-2.406915530914696050e-06,-6.783304504501021953e-08
8.657719949657611824e-01,3.232749413266731129e-09,1.628214964455345346e-05,5.122349239603541956e-07,9.914897402691773554e-01,1.558476007130768027e-04,1.558476007130768027e-04,3.232749413266731129e-09,5.154676733736209644e-07,9.914881938661572747e-01,1.537857300195823065e-04,1.537857300195823065e-04,5.340079765300078500e-09,-2.418151431524714981e-06,-2.418151431524714981e-06,-7.229590976869685388e-08
8.680745800587552630e-01,3.130751848839758773e-09,1.672722014587000303e-05,4.740443193465242215e-07,9.915303910977586455e-01,4.702177377007892229e-04,4.702177377007892229e-04,3.130751848839758773e-09,4.771750711953639695e-07,9.915289595725450544e-01,4.683090374160077700e-04,4.683090374160077700e-04,5.167476706436916670e-09,-2.242954884924807710e-06,-2.242954884924807710e-06,-7.658685052104566829e-08
8.703771651517493435e-01,3.022986155563846481e-09,1.713067895395869851e-05,4.348821123223502717e-07,9.915676782653732868e-01,7.500144251733864261e-04,7.500144251733864261e-04,3.022986155563846481e-09,4.379050984779141347e-07,9.915663645500778500e-01,7.482628047794748043e-04,7.482628047794748043e-04,4.985244982913134384e-09,-1.895212410886621992e-06,-1.895212410886621992e-06,-8.069862449713341677e-08
8.726797502447434240e-01,2.909697486205017957e-09,1.749240483412328054e-05,3.948445407410909484e-07,9.916015534858563241e-01,9.777451780091487871e-04,9.777451780091487871e-04,2.909697486205017957e-09,3.977542382272959900e-07,9.916003602231416858e-01,9.761541610562396529e-04,9.761541610562396529e-04,4.793806428931527941e-09,-1.399663877096111197e-06,-1.399663877096111197e-06,-8.462456558204045198e-08
8.749823353377373936e-01,2.791140695723754327e-09,1.781239585362137491e-05,3.540279655598699623e-07,9.916319771601825872e-01,1.139371653364045292e-03,1.139371653364045292e-03,2.791140695723754327e-09,3.568191062555937017e-07,9.916309067028638013e-01,1.137944376939022855e-03,1.137944376939022855e-03,4.593597389772437334e-09,-7.902313232929339413e-07,-7.902313232929339413e-07,-8.835862890631656270e-08
8.772849204307314741e-01,2.667579663520360477e-09,1.809077061670400868e-05,3.125285941023269155e-07,9.916589182364743404e-01,1.225137102636094776e-03,1.225137102636094776e-03,2.667579663520360477e-09,3.151961737658472789e-07,9.916579726479530787e-01,1.223876317941031402e-03,1.223876317941031402e-03,4.385067252132983632e-09,-1.077969728741369693e-07,-1.077969728741369693e-07,-9.189542279924259284e-08
8.795875055237255546e-01,2.539286504382878873e-09,1.832776709731345096e-05,2.704422033336986111e-07,9.916823540487296196e-01,1.230111825233396253e-03,1.230111825233396253e-03,2.539286504382878873e-09,2.729814898380815045e-07,9.916815351042601590e-01,1.229019899274043934e-03,1.229019899274043934e-03,4.168676917163614277e-09,6.024207294064437450e-07,6.024207294064437450e-07,-9.523022676413486402e-08
8.818900906167195242e-01,2.406540682782516440e-09,1.852373909001884004e-05,2.278638686999468198e-07,9.917022701350668434e-01,1.154429087228455364e-03,1.154429087228455364e-03,2.406540682782516440e-09,2.302704093827293338e-07,9.917015793238387333e-01,1.153508005590924345e-03,1.153508005590924345e-03,3.944897249137484142e-09,1.293722546099515616e-06,1.293722546099515616e-06,-9.835899496533052712e-08
8.841926757097136047e-01,2.269628050508018296e-09,1.867915044047405854e-05,1.848877038643216463e-07,9.917186600367086102e-01,1.003203883966404236e-03,1.003203883966404236e-03,2.269628050508018296e-09,1.871573319148296721e-07,9.917180985647128244e-01,1.002455254638744955e-03,1.002455254638744955e-03,3.714207532856788700e-09,1.920834321375929931e-06,1.920834321375929931e-06,-1.012783455782743524e-07
8.864952608027076852e-01,2.128839831610181643e-09,1.879456733974427241e-05,1.416066161510739530e-07,9.917315250793098391e-01,7.861467029492946301e-04,7.861467029492946301e-04,2.128839831610181643e-09,1.437354559826841280e-07,9.917310938729418934e-01,7.855717611253638976e-04,7.855717611253638976e-04,3.477093971149250972e-09,2.442683244548966415e-06,2.442683244548966415e-06,-1.039855371521098625e-07
8.887978458957016548e-01,1.984471581058284412e-09,1.887064906599212271e-05,9.811208172554551437e-08,9.917408741385451698e-01,5.169028668226338186e-04,5.169028668226338186e-04,1.984471581058284412e-09,1.000965533066038042e-07,9.917405738488852540e-01,5.165024806094073700e-04,5.165024806094073700e-04,3.234048250338828766e-09,2.824876471987115823e-06,2.824876471987115823e-06,-1.064784338243008375e-07
8.911004309886957353e-01,1.836822144311144265e-09,1.890813762794995304e-05,5.449394356285168267e-08,9.917467233921063441e-01,2.121640200412370722e-04,2.121640200412370722e-04,1.836822144311144265e-09,5.633076570716282466e-08,9.917465543998091881e-01,2.119386969784084213e-04,2.119386969784084213e-04,2.985566196669313514e-09,3.041736087215638672e-06,3.041736087215638672e-06,-1.087554617748678195e-07
8.934030160816898158e-01,1.686192644200213170e-09,1.890784680389295748e-05,1.084023415466128102e-08,9.917490960604008476e-01,-1.093890273595507880e-04,-1.093890273595507880e-04,1.686192644200213170e-09,1.252642679886149461e-08,9.917490584811204934e-01,-1.094391330667462275e-04,-1.094391330667462275e-04,2.732146540697968191e-09,3.077774722532418216e-06,3.077774722532418216e-06,-1.108155596827425488e-07
8.957056011746837854e-01,1.532885519229119953e-09,1.887065107780163103e-05,-3.276297625323243671e-08,9.917480221382872774e-01,-4.282442259465368589e-04,-4.282442259465368589e-04,1.532885519229119953e-09,-3.123009073400331365e-08,9.917481158285594844e-01,-4.281193055836008212e-04,-4.281193055836008212e-04,2.474289800049175145e-09,2.928532735050158592e-06,2.928532735050158592e-06,-1.126581261401919954e-07
8.980081862676778659e-01,1.377203633816114831e-09,1.879747495167521771e-05,-7.623170623711343641e-08,9.917435381201334943e-01,-7.252448272772455112e-04,-7.252448272772455112e-04,1.377203633816114831e-09,-7.485450260329732179e-08,9.917437626836412834e-01,-7.249454092668322896e-04,-7.249454092668322896e-04,2.212497284077386902e-09,2.600738220850723558e-06,2.600738220850723558e-06,-1.142829669859739858e-07
9.003107713606719464e-01,1.219449476414378759e-09,1.868928306335859734e-05,-1.194841659823093262e-07,9.917356867203555026e-01,-9.827325857018022123e-04,-9.827325857018022123e-04,1.219449476414378759e-09,-1.182647165058949369e-07,9.917360415145050068e-01,-9.822595268357786451e-04,-9.822595268357786451e-04,1.947270217331367470e-09,2.111792795221725763e-06,2.111792795221725763e-06,-1.156902453474537497e-07
9.026133564536660270e-01,1.059924456154472085e-09,1.854707146696803191e-05,-1.624408385872966598e-07,9.917245165913829430e-01,-1.185580188854498326e-03,-1.185580188854498326e-03,1.059924456154472085e-09,-1.613809141311421805e-07,9.917250007341252838e-01,-1.184934665197973861e-03,-1.184934665197973861e-03,1.679108972642942112e-09,1.488626431794424664e-06,1.488626431794424664e-06,-1.168804368531494301e-07
9.049159415466599965e-01,8.989283030116058875e-10,1.837186034394359306e-05,-2.050245429121936872e-07,9.917100820407359629e-01,-1.322053897226203607e-03,-1.322053897226203607e-03,8.989283030116058875e-10,-2.041256146091820858e-07,9.917106944175797523e-01,-1.321237394767766932e-03,-1.321237394767766932e-03,1.408512399504542666e-09,7.660013377206931486e-07,7.660013377206931486e-07,-1.178542920193469784e-07
9.072185266396540770e-01,7.367585708475011176e-10,1.816468831325926850e-05,-2.471604815007454392e-07,9.916924427485962479e-01,-1.384459048866014093e-03,-1.384459048866014093e-03,7.367585708475011176e-10,-2.464237229298979233e-07,9.916931820197650849e-01,-1.383473353974294402e-03,-1.383473353974294402e-03,1.135977229411204885e-09,-1.562419706845848136e-08,-1.562419706845848136e-08,-1.186128072617994406e-07
9.095211117326481576e-01,5.737102373515534954e-10,1.792660840572921270e-05,-2.887762773699729437e-07,9.916716634869310321e-01,-1.369535206985605155e-03,-1.369535206985605155e-03,5.737102373515534954e-10,-2.882025671326213722e-07,9.916725280946324661e-01,-1.368382396717074574e-03,-1.368382396717074574e-03,8.619975372033046472e-10,-8.125375071775083055e-07,-8.125375071775083055e-07,-1.191572053724930373e-07
9.118236968256421271e-01,4.100753901972451805e-10,1.765868566649373244e-05,-3.298020034897176191e-07,9.916478138409035026e-01,-1.278583378727552594e-03,-1.278583378727552594e-03,4.100753901972451805e-10,-3.293919280995203553e-07,9.916488020166878137e-01,-1.277265811015154424e-03,-1.277265811015154424e-03,5.870642362391138517e-10,-1.580369375502612958e-06,-1.580369375502612958e-06,-1.194889256743743714e-07
9.141262819186362076e-01,2.461429848825408702e-10,1.736199625671955865e-05,-3.701702085777334318e-07,9.916209679330031390e-01,-1.117323939312868299e-03,-1.117323939312868299e-03,2.461429848825408702e-10,-3.699240655928509017e-07,9.916220777051999447e-01,-1.115844243050496997e-03,-1.115844243050496997e-03,3.116645854502920936e-10,-2.276692757289937296e-06,-2.276692757289937296e-06,-1.196096234567875631e-07
9.164288670116302882e-01,8.219865692351723078e-11,1.703762784632147838e-05,-4.098159424394638241e-07,9.915912041500491991e-01,-8.954996760734348785e-04,-8.954996760734348785e-04,8.219865692351723078e-11,-4.097337437825403109e-07,9.915924333512805555e-01,-8.938607410983046963e-04,-8.938607410983046963e-04,3.628168790125096675e-11,-2.863470664443193133e-06,-2.863470664443193133e-06,-1.195211777430343567e-07
9.187314521046242577e-01,-8.147543057696109886e-11,1.668668102679087830e-05,-4.486767835218062249e-07,9.915586048729967406e-01,-6.262528235412677261e-04,-6.262528235412677261e-04,-8.147543057696109886e-11,-4.487582589523831831e-07,9.915599511477736216e-01,-6.244577905054582130e-04,-6.244577905054582130e-04,-2.386060367783505673e-10,-3.309213699934301318e-06,-3.309213699934301318e-06,-1.192257059706534622e-07
9.210340371976183382e-01,-2.446007234119999461e-10,1.631027143040469397e-05,-4.866928706682589220e-07,9.915232562093019286e-01,-3.253172918830526559e-04,-3.253172918830526559e-04,-2.446007234119999461e-10,-4.869374713916709226e-07,9.915247170217160733e-01,-3.233695419974859549e-04,-3.233695419974859549e-04,-5.125254200083964574e-10,-3.590727743514537507e-06,-3.590727743514537507e-06,-1.187255838029706341e-07
9.233366222906124188e-01,-4.069024155181724216e-10,1.590953222056134682e-05,-5.238069403078489836e-07,9.914852477274873621e-01,-1.007685602650422132e-05,-1.007685602650422132e-05,-4.069024155181724216e-10,-5.242138427233671105e-07,9.914868203690155868e-01,-7.980000655610753300e-06,-7.980000655610753300e-06,-7.850091614389066720e-10,-3.694358677571376312e-06,-3.694358677571376312e-06,-1.180234680533678413e-07
9.256392073836063883e-01,-5.681096079204882426e-10,1.548561661663872864e-05,-5.599643695300539079e-07,9.914446721935029627e-01,3.014535836605645698e-04,3.014535836605645698e-04,-5.681096079204882426e-10,-5.605324791379744111e-07,9.914463537909403712e-01,3.036957135771164887e-04,3.036957135771164887e-04,-1.055596500413965924e-09,-3.616672083959574494e-06,-3.616672083959574494e-06,-1.171223205913855305e-07
9.279417924766004688e-01,-7.279555016075679792e-10,1.503970013597767459e-05,-5.951132247378403768e-07,9.914016253084770858e-01,5.916636879495611179e-04,5.916636879495611179e-04,-7.279555016075679792e-10,-5.958411802394479153e-07,9.914034128320178274e-01,5.940470526705188790e-04,5.940470526705188790e-04,-1.323833941526826459e-09,-3.364539611800920840e-06,-3.364539611800920840e-06,-1.160254311227667419e-07
9.302443775695945494e-01,-8.861776351633422650e-10,1.457298227178884413e-05,-6.292043148796436378e-07,9.913562054475236751e-01,8.443409790822003613e-04,8.443409790822003613e-04,-8.861776351633422650e-10,-6.300904925148069690e-07,9.913580957190012422e-01,8.468613410522595353e-04,8.468613410522595353e-04,-1.589276029369431546e-09,-2.954638201741393147e-06,-2.954638201741393147e-06,-1.147364368772836661e-07
9.325469626625885189e-01,-1.042518174074620095e-09,1.408668737595416546e-05,-6.621912476670587742e-07,9.913085133993716491e-01,1.045566425879176486e-03,1.045566425879176486e-03,-1.042518174074620095e-09,-6.632337658411334053e-07,9.913105031006691492e-01,1.048219360942541020e-03,1.048219360942541020e-03,-1.851486163312741141e-09,-2.412401543918067421e-06,-2.412401543918067421e-06,-1.132593374847696746e-07
9.348495477555825994e-01,-1.196724254490590551e-09,1.358206457721981573e-05,-6.940304867237622218e-07,9.912586521067279222e-01,1.184463999629816388e-03,1.184463999629816388e-03,-1.196724254490590551e-09,-6.952272109782528063e-07,9.912607377883608795e-01,1.187244908473729463e-03,1.187244908473729463e-03,-2.110037439575608013e-09,-1.770493227855626229e-06,-1.770493227855626229e-06,-1.115985036596618769e-07
9.371521328485766800e-01,-1.348548380070595814e-09,1.306038663227983526e-05,-7.246814073005519826e-07,9.912067264074523321e-01,1.253765414502380120e-03,1.253765414502380120e-03,-1.348548380070595814e-09,-7.260299556806225705e-07,9.912089044973193541e-01,1.256669534325102582e-03,1.256669534325102582e-03,-2.364513505119877430e-09,-1.066896390705916132e-06,-1.066896390705916132e-06,-1.097586787114918139e-07
9.394547179415706495e-01,-1.497748866641579147e-09,1.252294767688121637e-05,-7.541063480350211676e-07,9.911528427767952731e-01,1.250162673054632185e-03,1.250162673054632185e-03,-1.497748866641579147e-09,-7.556040969016627062e-07,9.911551095890859253e-01,1.253185089442238748e-03,1.253185089442238748e-03,-2.614509406136123925e-09,-3.427340015790403062e-07,-3.427340015790403062e-07,-1.077449723366818925e-07
9.417573030345647300e-01,-1.644090325930461098e-09,1.197105991182653008e-05,-7.822706562436370367e-07,9.910971090711305775e-01,1.174433629667194588e-03,1.174433629667194588e-03,-1.644090325930461098e-09,-7.839147465695674469e-07,9.910994608153702590e-01,1.177569288653472924e-03,1.177569288653472924e-03,-2.859632413164395317e-09,3.600536430443885809e-07,3.600536430443885809e-07,-1.055628465963033475e-07
9.440598881275588106e-01,-1.787344176788664585e-09,1.140604932058585279e-05,-8.091427243885860916e-07,9.910396342737745057e-01,1.031338802628505025e-03,1.031338802628505025e-03,-1.787344176788664585e-09,-8.109300685653747504e-07,9.910420670639802365e-01,1.034582522902766479e-03,1.034582522902766479e-03,-3.099502805172936462e-09,1.001042601887137292e-06,1.001042601887137292e-06,-1.032180944167946072e-07
9.463624732205528911e-01,-1.927289170231191702e-09,1.082925056868813386e-05,-8.346940156520572103e-07,9.909805282436270346e-01,8.293003820552196466e-04,8.293003820552196466e-04,-1.927289170231191702e-09,-8.366213048222884169e-07,9.909830381075415140e-01,8.326468672745087566e-04,8.326468672745087566e-04,-3.333754596164036566e-09,1.543540929390430571e-06,1.543540929390430571e-06,-1.007168113475951012e-07
9.486650583135468606e-01,-2.063711913350903832e-09,1.024200127670270649e-05,-8.588990769509947849e-07,9.909199014674789918e-01,5.798860955872018339e-04,5.798860955872018339e-04,-2.063711913350903832e-09,-8.609627888643456689e-07,9.909224843558456230e-01,5.833299467426592564e-04,5.833299467426592564e-04,-3.562036189970930827e-09,1.956566525916210602e-06,1.956566525916210602e-06,-9.806536164404643566e-08
9.509676434065409412e-01,-2.196407376765841864e-09,9.645635888265864351e-06,-8.817355382050985660e-07,9.908578648169090730e-01,2.971306958083579216e-04,2.971306958083579216e-04,-2.196407376765841864e-09,-8.839319455818643756e-07,9.908605166127457675e-01,3.006664235906853660e-04,3.006664235906853660e-04,-3.784010951682986160e-09,2.216483252266410599e-06,2.216483252266410599e-06,-9.527034001082818593e-08
9.532702284995350217e-01,-2.325179370718765683e-09,9.041479369824053554e-06,-9.031840972078575482e-07,9.907945293107254248e-01,-3.264174983118003134e-06,-3.264174983118003134e-06,-2.325179370718765683e-09,-9.055092765785762647e-07,9.907972458385551073e-01,3.578621231963019251e-07,3.578621231963019251e-07,-3.999357687454570846e-09,2.308212429621342147e-06,2.308212429621342147e-06,-9.233853051872721828e-08
9.555728135925289912e-01,-2.449840976170376392e-09,8.430840980010682596e-06,-9.232284899947636598e-07,9.907300058839086931e-01,-3.048054665670640699e-04,-3.048054665670640699e-04,-2.449840976170376392e-09,-9.256783309709340068e-07,9.907327829189016555e-01,-3.011027532431803178e-04,-3.011027532431803178e-04,-4.207771028015669476e-09,2.225961871160547703e-06,2.225961871160547703e-06,-8.927686429320154885e-08
9.578753986855230718e-01,-2.570214919174876540e-09,7.815008336122150929e-06,-9.418554471518506594e-07,9.906644051639627024e-01,-5.911104432191765807e-04,-5.911104432191765807e-04,-2.570214919174876540e-09,-9.444256620710255463e-07,9.906672384409489496e-01,-5.873327405708924590e-04,-5.873327405708924590e-04,-4.408961714956076639e-09,1.973442075462042792e-06,1.973442075462042792e-06,-8.609237757903311768e-08
9.601779837785171523e-01,-2.686133879286332581e-09,7.195241981162131298e-06,-9.590546369978364007e-07,9.905978372555094280e-01,-8.467854541462568061e-04,-8.467854541462568061e-04,-2.686133879286332581e-09,-9.617407708771226498e-07,9.906007224778220488e-01,-8.429384910627482977e-04,-8.429384910627482977e-04,-4.602656792406102011e-09,1.563567595267748414e-06,1.563567595267748414e-06,-8.279217169128875048e-08
9.624805688715111218e-01,-2.797440725635692057e-09,6.572770622915720053e-06,-9.748185970135935911e-07,9.905304115338475768e-01,-1.058235128062268941e-03,-1.058235128062268941e-03,-2.797440725635692057e-09,-9.776160377392293824e-07,9.905333443819608341e-01,-1.054324663911311924e-03,-1.054324663911311924e-03,-4.788599710083937675e-09,1.017669322387968945e-06,1.017669322387968945e-06,-7.938337620527916692e-08
9.647831539645052024e-01,-2.903988677411626061e-09,5.948787176355989921e-06,-9.891426552365168223e-07,9.904622364480699659e-01,-1.214360357980099605e-03,-1.214360357980099605e-03,-2.903988677411626061e-09,-9.920466439139285303e-07,9.904652125880016866e-01,-1.210392171404443828e-03,-1.210392171404443828e-03,-4.966550346511324083e-09,3.642690133317234454e-07,3.642690133317234454e-07,-7.587311651099441447e-08
9.670857390574992829e-01,-3.005641388644807423e-09,5.324445695405776702e-06,-1.002024843591428170e-06,9.903934193341761283e-01,-1.307110502700746480e-03,-1.307110502700746480e-03,-3.005641388644807423e-09,-1.005030484980072974e-06,9.903964344256310781e-01,-1.303090380760826101e-03,-1.303090380760826101e-03,-5.136284963502267141e-09,-3.625104584770519225e-07,-3.625104584770519225e-07,-7.226848657963386895e-08
9.693883241504932524e-01,-3.102272960231867652e-09,4.700859234343806751e-06,-1.013465805269788740e-06,9.903240662384685811e-01,-1.331863910324779937e-03,-1.331863910324779937e-03,-3.102272960231867652e-09,-1.016568078230020657e-06,9.903271159427032844e-01,-1.327797638011859842e-03,-1.327797638011859842e-03,-5.297596104620112244e-09,-1.124808000311984915e-06,-1.124808000311984915e-06,-6.857652749315337892e-08
9.716909092434873330e-01,-3.193767884912127996e-09,4.079098631133672230e-06,-1.023468698305650126e-06,9.902542817513551032e-01,-1.287620647104284824e-03,-1.287620647104284824e-03,-3.193767884912127996e-09,-1.026662466190562357e-06,9.902573617387536720e-01,-1.283513997239522529e-03,-1.283513997239522529e-03,-5.450292451193802528e-09,-1.883056883945848867e-06,-1.883056883945848867e-06,-6.480421195672718169e-08
9.739934943364814135e-01,-3.280020933289634656e-09,3.460192163659376584e-06,-1.032039097428766889e-06,9.901841688515305995e-01,-1.177001642362398301e-03,-1.177001642362398301e-03,-3.280020933289634656e-09,-1.035319118362056569e-06,9.901872748088856868e-01,-1.172860365888950176e-03,-1.172860365888950176e-03,-5.594198649647855110e-09,-2.598077003992517489e-06,-2.598077003992517489e-06,-6.095843471588088862e-08
9.762960794294754940e-01,-3.360936990858134755e-09,2.845125989896689640e-06,-1.039184896110267799e-06,9.901138287603737931e-01,-1.006058762547793134e-03,-1.006058762547793134e-03,-3.360936990858134755e-09,-1.042545833101125887e-06,9.901169563978731158e-01,-1.001888579215388583e-03,-1.001888579215388583e-03,-5.729155123344607065e-09,-3.233116212493073925e-06,-3.233116212493073925e-06,-5.704600849419500311e-08
9.785986645224694636e-01,-3.436430857287227677e-09,2.234845252316101697e-06,-1.044916210474815626e-06,9.900433608062704227e-01,-7.839100755650695767e-04,-7.839100755650695767e-04,-3.436430857287227677e-09,-1.048352641332102811e-06,9.900465058641944038e-01,-7.797166649997412137e-04,-7.797166649997412137e-04,-5.855017880972756519e-09,-3.755735339132086178e-06,-3.755735339132086178e-06,-5.307366481527131087e-08
9.809012496154635441e-01,-3.506427019896148528e-09,1.630255703535131929e-06,-1.049245286442019063e-06,9.899728622984820259e-01,-5.222232644849622964e-04,-5.222232644849622964e-04,-3.506427019896148528e-09,-1.052751713461915197e-06,9.899760205536224378e-01,-5.180122576311146703e-04,-5.180122576311146703e-04,-5.971658331768115350e-09,-4.139442066585758479e-06,-4.139442066585758479e-06,-4.904805886276330414e-08
9.832038347084576246e-01,-3.570859413310398184e-09,1.032225695133445144e-06,-1.052186411115390244e-06,9.899024284101034521e-01,-2.345773816233492958e-04,-2.345773816233492958e-04,-3.570859413310398184e-09,-1.055757270528700729e-06,9.899055956819150515e-01,-2.303543525412344835e-04,-2.303543525412344835e-04,-6.078963115748091171e-09,-4.364994013518301066e-06,-4.364994013518301066e-06,-4.497577737333293820e-08
9.855064198014515942e-01,-3.629671176746107033e-09,4.415883657298674562e-07,-1.053755829057912216e-06,9.898321520696085063e-01,6.426141656216816903e-05,6.426141656216816903e-05,-3.629671176746107033e-09,-1.057385500234658357e-06,9.898353242261092033e-01,6.849095856310680923e-05,6.849095856310680923e-05,-6.176833954673049004e-09,-4.421310267509158703e-06,-4.421310267509158703e-06,-4.086334846083908632e-08
9.878090048944456747e-01,-3.682814419286856850e-09,-1.408561319369869458e-07,-1.053971663715966250e-06,9.897621238604692451e-01,3.591110726938955651e-04,3.591110726938955651e-04,-3.682814419286856850e-09,-1.057654478135253046e-06,9.897652968239036841e-01,3.633416906064365561e-04,3.633416906064365561e-04,-6.265187526858504427e-09,-4.305952105014906245e-06,-4.305952105014906245e-06,-3.671725224146936476e-08
9.901115899874397552e-01,-3.730250001995892951e-09,-7.143385149337971118e-07,-1.052853843902718242e-06,9.896924319283331162e-01,6.351513561813345666e-04,6.351513561813345666e-04,-3.730250001995892951e-09,-1.056584093904714170e-06,9.896956016806148781e-01,6.393776925569534097e-04,6.393776925569534097e-04,-6.343955366430696563e-09,-4.025156550462780002e-06,-4.025156550462780002e-06,-3.254393115045566121e-08
9.924141750804337248e-01,-3.771947343782228475e-09,-1.278118496668370891e-06,-1.050424034910731387e-06,9.896231618952829878e-01,8.786684738030634987e-04,8.786684738030634987e-04,-3.771947343782228475e-09,-1.054195982254513535e-06,9.896263244832297357e-01,8.828852577320815817e-04,8.828852577320815817e-04,-6.413083785052830943e-09,-3.593429565418806303e-06,-3.593429565418806303e-06,-2.834979892651078079e-08
9.947167601734278053e-01,-3.807884255824238660e-09,-1.831483264526909571e-06,-1.046705573562826357e-06,9.895543967807435282e-01,1.077729682204711485e-03,1.077729682204711485e-03,-3.807884255824238660e-09,-1.050513457818650509e-06,9.895575483211169754e-01,1.081931736035986018e-03,1.081931736035986018e-03,-6.472533812038552288e-09,-3.032727793006804335e-06,-3.032727793006804335e-06,-2.414124736778948143e-08
9.970193452664218858e-01,-3.838046807063980374e-09,-2.373746388234316799e-06,-1.041723406281040139e-06,9.894862169286694487e-01,1.222755562572244931e-03,1.222755562572244931e-03,-3.838046807063980374e-09,-1.045561453088104162e-06,9.894893536130286993e-01,1.226937808384597319e-03,1.226937808384597319e-03,-6.522281146824374111e-09,-2.371277884375418862e-06,-2.371277884375418862e-06,-1.992465014309722235e-08
9.993219303594158553e-01,-3.862429221023253963e-09,-2.904247210575781254e-06,-1.035504029110507285e-06,9.894186999407185157e-01,1.306963641614452068e-03,1.306963641614452068e-03,-3.862429221023253963e-09,-1.039366458331530639e-06,9.894218180400935481e-01,1.311121107447778267e-03,1.311121107447778267e-03,-6.562316116379884398e-09,-1.642099486099512351e-06,-1.642099486099512351e-06,-1.570636312465290064e-08
1.001624515452409936e+00,-3.881033802015817810e-09,-3.422350739385202815e-06,-1.028075428551491257e-06,9.893519206151946133e-01,1.326664203949408328e-03,1.326664203949408328e-03,-3.881033802015817810e-09,-1.031956462353507150e-06,9.893550164845816841e-01,1.330792029798822393e-03,1.330792029798822393e-03,-6.592643629146150188e-09,-8.813112688439447071e-07,-8.813112688439447071e-07,-1.149272094013611468e-08
1.003927100545404016e+00,-3.893870886879591369e-09,-3.927448030610586910e-06,-1.019467022046531073e-06,9.892859508916223010e-01,1.281397022837315680e-03,1.281397022837315680e-03,-3.893870886879591369e-09,-1.023360892933410647e-06,9.892890209743010477e-01,1.285490466409049430e-03,1.285490466409049430e-03,-6.613283116656004892e-09,-1.263083268800839477e-07,-1.263083268800839477e-07,-7.290029656493813446e-09
1.006229685638398097e+00,-3.900958816691056130e-09,-4.418957025455324916e-06,-1.009709597025746864e-06,9.892208598008896958e-01,1.173905941646715941e-03,1.173905941646715941e-03,-3.900958816691056130e-09,-1.013610555842437989e-06,9.892239006325572737e-01,1.177960383870085706e-03,1.177960383870085706e-03,-6.624268454028553879e-09,5.860963838609388946e-07,5.860963838609388946e-07,-3.104555716478589810e-09
1.008532270731392178e+00,-3.902323921633404927e-09,-4.896323779016085152e-06,-9.988352475310639620e-07,9.891567134209645618e-01,1.009956328165567425e-03,1.009956328165567425e-03,-3.902323921633404927e-09,-1.002737571452697362e-06,9.891597216336789344e-01,1.013967278451378224e-03,1.013967278451378224e-03,-6.625647851058454836e-09,1.221474285015586754e-06,1.221474285015586754e-06,1.057488540119240510e-09
1.010834855824386036e+00,-3.898000511310883966e-09,-5.359023999622505035e-06,-9.868773076074221283e-07,9.890935748382371218e-01,7.980080162126004968e-04,7.980080162126004968e-04,-3.898000511310883966e-09,-9.907753081187329576e-07,9.890965471641615103e-01,8.019711174450754303e-04,8.019711174450754303e-04,-6.617483706573241324e-09,1.749439720015700832e-06,1.749439720015700832e-06,5.189962276110264603e-09
1.013137440917380117e+00,-3.888030862366066979e-09,-5.806564803813828338e-06,-9.738702808570331055e-07,9.890315041145918418e-01,5.487630800934830246e-04,5.487630800934830246e-04,-3.888030862366066979e-09,-9.777583117193991138e-07,9.890344373895270103e-01,5.526741133403606033e-04,5.526741133403606033e-04,-6.599852420060030295e-09,2.145086500939327519e-06,2.145086500939327519e-06,9.286815842880630911e-09
1.015440026010374197e+00,-3.872465195241847931e-09,-6.238486582401349935e-06,-9.598497657799764227e-07,9.889705582603303125e-01,2.746133591790522722e-04,2.746133591790522722e-04,-3.872465195241847931e-09,-9.637222309752181945e-07,9.889734494270232545e-01,2.784682481029531441e-04,2.784682481029531441e-04,-6.572844156116973643e-09,2.390136795245295191e-06,2.390136795245295191e-06,1.334211200919810342e-08
1.017742611103368278e+00,-3.851361632360915586e-09,-6.654364871289564485e-06,-9.448523767755361501e-07,9.889107912130771227e-01,-1.098316382484241090e-05,-1.098316382484241090e-05,-3.851361632360915586e-09,-9.487037384078971054e-07,9.889136373242923828e-01,-7.188348871210823322e-06,-7.188348871210823322e-06,-6.536562559108785110e-09,2.473752188254522523e-06,2.473752188254522523e-06,1.735004793767451364e-08
1.020045196196362358e+00,-3.824786130780975451e-09,-7.053812122681680945e-06,-9.289156609197813931e-07,9.888522538227987324e-01,-2.941653891752060994e-04,-2.941653891752060994e-04,-3.824786130780975451e-09,-9.327404470505624207e-07,9.888550520441399261e-01,-2.904344273870038302e-04,-2.904344273870038302e-04,-6.491124417245415417e-09,2.392974245537785308e-06,2.392974245537785308e-06,2.130497708951765842e-08
1.022347781289356439e+00,-3.792812383506936131e-09,-7.436479280195674866e-06,-9.120780108688232730e-07,9.887949938430368180e-01,-5.613387623419537628e-04,-5.613387623419537628e-04,-3.792812383506936131e-09,-9.158708232523301910e-07,9.887977414555065847e-01,-5.576752790489444226e-04,-5.576752790489444226e-04,-6.436659277178166893e-09,2.152780503331462266e-06,2.152780503331462266e-06,2.520143026193703430e-08
1.024650366382350297e+00,-3.755521685014362164e-09,-7.802057073398803276e-06,-8.943785744464471984e-07,9.887390559284310321e-01,-7.998193882780810270e-04,-7.998193882780810270e-04,-3.755521685014362164e-09,-8.981340961314615696e-07,9.887417503307194266e-01,-7.962268518935551858e-04,-7.962268518935551858e-04,-6.373309011976479544e-09,1.765760561185045650e-06,1.765760561185045650e-06,2.903413502144582914e-08
1.026952951475344378e+00,-3.713002758090477327e-09,-8.150276962796076073e-06,-8.758571616520796133e-07,9.886844816385547130e-01,-9.984225171068377130e-04,-9.984225171068377130e-04,-3.713002758090477327e-09,-8.795701644101700865e-07,9.886871203490479321e-01,-9.949042364491970415e-04,-9.949042364491970415e-04,-6.301227346944959934e-09,1.251434976970411582e-06,1.251434976970411582e-06,3.279803288803549336e-08
1.029255536568338458e+00,-3.665351540746536085e-09,-8.480911684382963937e-06,-8.565541499629871977e-07,9.886313094480380093e-01,-1.147968792930635943e-03,-1.147968792930635943e-03,-3.665351540746536085e-09,-8.602195015037337222e-07,9.886338901065425677e-01,-1.144527914924621092e-03,-1.144527914924621092e-03,-6.220579349092559540e-09,6.352561028521912524e-07,6.352561028521912524e-07,3.648829374340187380e-08
1.031558121661332539e+00,-3.612670933616946803e-09,-8.793775362475723955e-06,-8.365103888986984056e-07,9.885795747628918217e-01,-1.241686283986512566e-03,-1.241686283986512566e-03,-3.612670933616946803e-09,-8.401230598323153400e-07,9.885820951320712924e-01,-1.238325791747183413e-03,-1.238325791747183413e-03,-6.131540887122665617e-09,-5.265586059885220125e-08,-5.265586059885220125e-08,4.010032707408114762e-08
1.033860706754326619e+00,-3.555070509854891226e-09,-9.088723179606923906e-06,-8.157671048634918381e-07,9.885293099428863473e-01,-1.275491825837780663e-03,-1.275491825837780663e-03,-3.555070509854891226e-09,-8.193221753733467211e-07,9.885317679094124399e-01,-1.272214537136287299e-03,-1.272214537136287299e-03,-6.034298069536535688e-09,-7.789770957829837056e-07,-7.789770957829837056e-07,4.362978980973662727e-08
1.036163291847320700e+00,-3.492666190993657206e-09,-9.365650611879906777e-06,-7.943658072847384058e-07,9.884805443297783878e-01,-1.248141330490586207e-03,-1.248141330490586207e-03,-3.492666190993657206e-09,-7.978584734757320763e-07,9.884829379051988107e-01,-1.244949896596683368e-03,-1.244949896596683368e-03,-5.929046668817392458e-09,-1.508772290561684619e-06,-1.508772290561684619e-06,4.707259067061141197e-08
1.038465876940314780e+00,-3.425579893500552044e-09,-9.624492256358765672e-06,-7.723481970228566829e-07,9.884333042811227488e-01,-1.161245118631353641e-03,-1.161245118631353641e-03,-3.425579893500552044e-09,-7.757737769163571977e-07,9.884356316024535127e-01,-1.158142023523688231e-03,-1.158142023523688231e-03,-5.815991539684404672e-09,-2.207137983760690900e-06,-2.207137983760690900e-06,5.042489108843788107e-08
1.040768462033308639e+00,-3.353939151761102926e-09,-9.865220293107533197e-06,-7.497560779471090646e-07,9.883876132093549760e-01,-1.019150724513801301e-03,-1.019150724513801301e-03,-3.353939151761102926e-09,-7.531100170988701927e-07,9.883898725394062446e-01,-1.016138284445405795e-03,-1.016138284445405795e-03,-5.695346039092960396e-09,-2.840819873926892444e-06,-2.840819873926892444e-06,5.368310290541642470e-08
1.043071047126302719e+00,-3.277876723955699414e-09,-1.008784263771039614e-05,-7.266312724560908172e-07,9.883434916257876068e-01,-8.287016905133859921e-04,-8.287016905133859921e-04,-3.277876723955699414e-09,-7.299091491800465269e-07,9.883456813532351948e-01,-8.257820539166657852e-04,-8.257820539166657852e-04,-5.567331455038994136e-09,-3.379729845184522491e-06,-3.379729845184522491e-06,5.684388317982865001e-08
1.045373632219296800e+00,-3.197530187712406000e-09,-1.029240085010734304e-05,-7.030155415797101194e-07,9.883009571891300249e-01,-5.988863583747524796e-04,-5.988863583747524796e-04,-3.197530187712406000e-09,-7.062130717674225357e-07,9.883030758283453121e-01,-5.960615060876827721e-04,-5.960615060876827721e-04,-5.432176450344975113e-09,-3.798294826947334132e-06,-3.798294826947334132e-06,5.990412652996882032e-08
1.047676217312290881e+00,-3.113041532528603272e-09,-1.047896787204334044e-05,-6.789505101384681009e-07,9.882600247581164732e-01,-3.403953256909798917e-04,-3.403953256909798917e-04,-3.113041532528603272e-09,-6.820635516709966554e-07,9.882620709487714983e-01,-3.376670714842959042e-04,-3.376670714842959042e-04,-5.290116526515341174e-09,-4.076578910419640460e-06,-4.076578910419640460e-06,6.286095552627581592e-08
1.049978802405284961e+00,-3.024556755763003666e-09,-1.064764566831734469e-05,-6.544775972642975595e-07,9.882207064478187863e-01,-6.510990156963074890e-05,-6.510990156963074890e-05,-3.024556755763003666e-09,-6.575021540200605292e-07,9.882226789542808421e-01,-6.247989295355050763e-05,-6.247989295355050763e-05,-5.141393511510085921e-09,-4.201131889652001337e-06,-4.201131889652001337e-06,6.571170969296059521e-08
1.052281387498279042e+00,-2.932225468527868938e-09,-1.079856284636655896e-05,-6.296379524134104186e-07,9.881830116892127425e-01,2.144535837340510879e-04,2.144535837340510879e-04,-2.932225468527868938e-09,-6.325701778819383405e-07,9.881849093997463473e-01,2.169838644455788319e-04,2.169838644455788319e-04,-4.986255073960926100e-09,-4.165530933985408115e-06,-4.165530933985408115e-06,6.845393370373283360e-08
1.054583972591272900e+00,-2.836200517094531850e-09,-1.093187232482100053e-05,-6.044723968331907564e-07,9.881469472915823671e-01,4.857174426665011500e-04,4.857174426665011500e-04,-2.836200517094531850e-09,-6.073085973502853363e-07,9.881487692173743786e-01,4.881466770559022943e-04,4.881466770559022943e-04,-4.824954265007053623e-09,-3.970596796940259475e-06,-3.970596796940259475e-06,7.108536535226630358e-08
1.056886557684266981e+00,-2.736637624506003437e-09,-1.104774911485251260e-05,-5.790213702896137989e-07,9.881125175073590672e-01,7.366080092599701021e-04,7.366080092599701021e-04,-2.736637624506003437e-09,-5.817580079141197693e-07,9.881142627813828128e-01,7.389350412916266108e-04,7.389350412916266108e-04,-4.657749087621142553e-09,-3.624281078477989525e-06,-3.624281078477989525e-06,7.360392384813251559e-08
1.059189142777261061e+00,-2.633695056018020806e-09,-1.114638826892871649e-05,-5.533248827247354802e-07,9.880797240990236707e-01,9.560875738186473249e-04,9.560875738186473249e-04,-2.633695056018020806e-09,-5.559585777807535023e-07,9.880813919747569729e-01,9.583114081297703160e-04,9.583114081297703160e-04,-4.484902092084356690e-09,-3.141235934783580654e-06,-3.141235934783580654e-06,7.600769893602216691e-08
1.061491727870255142e+00,-2.527533310821004384e-09,-1.122800304052656896e-05,-5.274224704007987394e-07,9.880485664077269803e-01,1.134629906639290399e-03,1.134629906639290399e-03,-2.527533310821004384e-09,-5.299500037116197107e-07,9.880501562577380659e-01,1.136749706654136948e-03,1.136749706654136948e-03,-4.306679995204414464e-09,-2.542091547451531368e-06,-2.542091547451531368e-06,7.829494126375288943e-08
1.063794312963249222e+00,-2.418314841282851405e-09,-1.129282328606496371e-05,-5.013531560015133166e-07,9.880190414233277485e-01,1.264619555223409379e-03,1.264619555223409379e-03,-2.418314841282851405e-09,-5.037714708427961969e-07,9.880205527377402541e-01,1.266634641106780500e-03,1.266634641106780500e-03,-4.123353319988826173e-09,-1.852479106804937807e-06,-1.852479106804937807e-06,8.046405433708047614e-08
1.066096898056243303e+00,-2.306203799754061553e-09,-1.134109412741961262e-05,-4.751554121045436728e-07,9.879911438555826209e-01,1.340659031382290551e-03,1.340659031382290551e-03,-2.306203799754061553e-09,-4.774616159042977451e-07,9.879925762404303535e-01,1.342568877845907657e-03,1.342568877845907657e-03,-3.935196051819192471e-09,-1.101847454776891590e-06,-1.101847454776891590e-06,8.251358830151454092e-08
1.068399483149237383e+00,-2.191365811843181537e-09,-1.137307488049480779e-05,-4.488671274126818925e-07,9.879648662062678888e-01,1.359772514311037963e-03,1.359772514311037963e-03,-2.191365811843181537e-09,-4.510584932245250910e-07,9.879662193817475568e-01,1.361576748283936092e-03,1.361576748283936092e-03,-3.742485306738600927e-09,-3.221295134171614702e-07,-3.221295134171614702e-07,8.444223568807396806e-08
1.070702068242231242e+00,-2.073967774047476439e-09,-1.138903824301761284e-05,-4.225255751337973256e-07,9.879401988420495329e-01,1.321499564832314235e-03,1.321499564832314235e-03,-2.073967774047476439e-09,-4.245995429078447876e-07,9.879414726406782199e-01,1.323197963003945599e-03,1.323197963003945599e-03,-3.545501007269053240e-09,4.536800865049467976e-07,4.536800865049467976e-07,8.624882915609963105e-08
1.073004653335225322e+00,-1.954177672751307903e-09,-1.138926972350698132e-05,-3.961673829295579503e-07,9.879171300679622236e-01,1.227877343775243997e-03,1.227877343775243997e-03,-1.954177672751307903e-09,-3.981215606023092619e-07,9.879183244326440461e-01,1.229469830017653311e-03,1.229469830017653311e-03,-3.344525561216315634e-09,1.192972320611039000e-06,1.192972320611039000e-06,8.793234116654927172e-08
1.075307238428219403e+00,-1.832164420912173474e-09,-1.137406728366509290e-05,-3.698285039070632769e-07,9.878956462013889217e-01,1.083314736003467959e-03,1.083314736003467959e-03,-1.832164420912173474e-09,-3.716606683279754671e-07,9.878967611833938678e-01,1.084801378676779858e-03,1.084801378676779858e-03,-3.139843539181124112e-09,1.864932588605174100e-06,1.864932588605174100e-06,8.949188542768609719e-08
1.077609823521213483e+00,-1.708097708264358001e-09,-1.134374115860521513e-05,-3.435441882017475939e-07,9.878757316464614746e-01,8.943663769477891261e-04,8.943663769477891261e-04,-1.708097708264358001e-09,-3.452522859100119397e-07,9.878767674033192003e-01,8.957473860914291330e-04,8.957473860914291330e-04,-2.931741346953619605e-09,2.441850758379448911e-06,2.441850758379448911e-06,9.092671987560595329e-08
1.079912408614207564e+00,-1.582147860591960578e-09,-1.129861381355367806e-05,-3.173489547899863737e-07,9.878573689688350257e-01,6.694186902094849097e-04,6.694186902094849097e-04,-1.582147860591960578e-09,-3.189311026505783574e-07,9.878583257621429414e-01,6.706944146200871778e-04,6.706944146200871778e-04,-2.720506889593938845e-09,2.900277848932039589e-06,2.900277848932039589e-06,9.223625088707264448e-08
1.082214993707201645e+00,-1.454485703560013596e-09,-1.123901999210989997e-05,-2.912765632703646296e-07,9.878405389707958228e-01,4.183034932906266315e-04,4.183034932906266315e-04,-1.454485703560013596e-09,-2.927310489739246680e-07,9.878414171639426922e-01,4.194744174865223246e-04,4.194744174865223246e-04,-2.506429224756765638e-09,3.221982646686945169e-06,3.221982646686945169e-06,9.342003837409999340e-08
1.084517578800195503e+00,-1.325282426735366759e-09,-1.116530680979784584e-05,-2.653599854587891361e-07,9.878252207666862184e-01,1.518574053336857574e-04,1.518574053336857574e-04,-1.325282426735366759e-09,-2.666852678855245045e-07,9.878260208224898253e-01,1.529241464052278677e-04,1.529241464052278677e-04,-2.289798203664195396e-09,3.394671231305275559e-06,3.394671231305275559e-06,9.447780137948121605e-08
1.086820163893189584e+00,-1.194709443762534714e-09,-1.107783384744720175e-05,-2.396313767490802020e-07,9.878113918586260978e-01,-1.185529067260665298e-04,-1.185529067260665298e-04,-1.194709443762534714e-09,-2.408260861928427301e-07,9.878121143368846502e-01,-1.175896023812951561e-04,-1.175896023812951561e-04,-2.070904099024148993e-09,3.412443361343680010e-06,3.412443361343680010e-06,9.540942378067517193e-08
1.089122748986183664e+00,-1.062938245159968863e-09,-1.097697320170218839e-05,-2.141220472930973036e-07,9.877990282125174160e-01,-3.815187086902361766e-04,-3.815187086902361766e-04,-1.062938245159968863e-09,-2.151849855382572799e-07,9.877996737674740180e-01,-3.806579687480831742e-04,-3.806579687480831742e-04,-1.850037220093499922e-09,3.275971475149637716e-06,3.275971475149637716e-06,9.621495971533780165e-08
1.091425334079177745e+00,-9.301402408390847647e-10,-1.086310945445371913e-05,-1.888624331479492561e-07,9.877881043343079703e-01,-6.260694961974077460e-04,-6.260694961974077460e-04,-9.301402408390847647e-10,-1.897925733887883316e-07,9.877886737120281646e-01,-6.253103259038526396e-04,-6.253103259038526396e-04,-1.627487515950896149e-09,2.992400118309489043e-06,2.992400118309489043e-06,9.689463836439405583e-08
1.093727919172171825e+00,-7.964865901900539643e-10,-1.073663952891066891e-05,-1.638820676194415631e-07,9.877785933464837687e-01,-8.421256037467358653e-04,-8.421256037467358653e-04,-7.964865901900539643e-10,-1.646785542096316136e-07,9.877790873821463702e-01,-8.414668895298973560e-04,-8.414668895298973560e-04,-1.403544168843601566e-09,2.574975444812078210e-06,2.574975444812078210e-06,9.744886776586247665e-08
1.096030504265165906e+00,-6.621480183854646295e-10,-1.059797240702648288e-05,-1.392095530970848322e-07,9.877704670647431406e-01,-1.020904839395307597e-03,-1.020904839395307597e-03,-6.621480183854646295e-10,-1.398717011154703081e-07,9.877708866798464715e-01,-1.020345352590845819e-03,-1.020345352590845819e-03,-1.178495180168484333e-09,2.042425516325014528e-06,2.042425516325014528e-06,9.787823738234123341e-08
1.098333089358159764e+00,-5.272946183909224160e-10,-1.044752869071428681e-05,-1.148725337252015240e-07,9.877636960747930850e-01,-1.155267288308185671e-03,-1.155267288308185671e-03,-5.272946183909224160e-10,-1.153998283435924423e-07,9.877640422742781645e-01,-1.154805688994811359e-03,-1.154805688994811359e-03,-9.526269522189702134e-10,1.418122044836289127e-06,1.418122044836289127e-06,9.818351920437387285e-08
1.100635674451153845e+00,-3.920956390027599315e-10,-1.028573999734810744e-05,-9.089766928542845237e-08,9.877582498091844743e-01,-1.239985445254246756e-03,-1.239985445254246756e-03,-3.920956390027599315e-10,-9.128976492443121452e-08,9.877585236784792722e-01,-1.239620286194549051e-03,-1.239620286194549051e-03,-7.262238692560028140e-10,7.290625881954161748e-07,7.290625881954161748e-07,9.836566723787360449e-08
1.102938259544147925e+00,-2.567192600208297835e-10,-1.011304818807440368e-05,-6.731061067791487950e-08,9.877540966240913045e-01,-1.271930281686366399e-03,-1.271930281686366399e-03,-2.567192600208297835e-10,-6.756732993793570370e-08,9.877542993260811643e-01,-1.271660012366614655e-03,-1.271660012366614655e-03,-4.995678817302990202e-10,4.718702217086717668e-09,4.718702217086717668e-09,9.842581529307628624e-08
1.105240844637142006e+00,-1.213323563814259042e-10,-9.929904435141882776e-06,-4.413597738233978163e-08,9.877512038759173052e-01,-1.250167586085874222e-03,-1.250167586085874222e-03,-1.213323563814259042e-10,-4.425730973872120953e-08,9.877513366478465340e-01,-1.249990556846919355e-03,-1.249990556846919355e-03,-2.729380975924683430e-10,-7.241999852288932219e-07,-7.241999852288932219e-07,9.836527306233110850e-08
1.107543429730136086e+00,1.389974630775924243e-11,-9.736768141466764330e-06,-2.139733725669844120e-08,9.877495379975973488e-01,-1.175962756978106080e-03,-1.175962756978106080e-03,1.389974630775924243e-11,-2.138343751039068134e-08,9.877496021479098554e-01,-1.175877223228064591e-03,-1.175877223228064591e-03,-4.661038457862475166e-11,-1.427013553042760330e-06,-1.427013553042760330e-06,9.818552054121971775e-08
1.109846014823130167e+00,1.488135218926345981e-10,-9.534105731744056239e-06,8.828110066108346757e-10,9.877490645744479991e-01,-1.052696020378774506e-03,-1.052696020378774506e-03,1.488135218926345981e-10,1.031624528503469300e-09,9.877490614795744195e-01,-1.052700146876888419e-03,-1.052700146876888419e-03,1.791430128397961202e-10,-2.074319127732723963e-06,-2.074319127732723963e-06,9.788820090948956386e-08
1.112148599916124247e+00,2.832474961580847937e-10,-9.322389339397701733e-06,2.268305249898026883e-08,9.877497484194115440e-01,-8.856936365183067095e-04,-8.856936365183067095e-04,2.832474961580847937e-10,2.296629999513835347e-08,9.877496795205115143e-01,-8.857855017182872945e-04,-8.857855017182872945e-04,4.040538384858908764e-10,-2.639167563480328920e-06,-2.639167563480328920e-06,9.747511204283924747e-08
1.114451185009118106e+00,4.170424981576708314e-10,-9.102095417382093448e-06,4.398306758078553327e-08,9.877515536475265367e-01,-6.819839081743261531e-04,-6.819839081743261531e-04,4.170424981576708314e-10,4.440011007894320188e-08,9.877514204471963266e-01,-6.821615086146419699e-04,-6.821615086146419699e-04,6.278581685786810481e-10,-3.098123288763243833e-06,-3.098123288763243833e-06,9.694819687174714379e-08
1.116753770102112187e+00,5.500419068013857571e-10,-8.873703303242524241e-06,6.476364009448608967e-08,9.877544437494588658e-01,-4.499895947113090929e-04,-4.499895947113090929e-04,5.500419068013857571e-10,6.531368200128747315e-08,9.877542478084128108e-01,-4.502508494393142645e-04,-4.502508494393142645e-04,8.502967325382311742e-10,-3.432166957123161801e-06,-3.432166957123161801e-06,9.630953283809699106e-08
1.119056355195106267e+00,6.820918891886876188e-10,-8.637693769870486506e-06,8.500666223841084938e-08,9.877583816639233794e-01,-1.991705622024063252e-04,-1.991705622024063252e-04,6.820918891886876188e-10,8.568875412759953286e-08,9.877581245976609914e-01,-1.995133172189167284e-04,-1.995133172189167284e-04,1.071115208731789310e-09,-3.627407798526889970e-06,-3.627407798526889970e-06,9.556132072324521039e-08
1.121358940288100348e+00,8.130416273815024258e-10,-8.394547593119663741e-06,1.046951361068898165e-07,9.877633298488329716e-01,6.036789139371642190e-05,6.036789139371642190e-05,8.130416273815024258e-10,1.055081777342713166e-07,9.877630133242997212e-01,5.994585868277933684e-05,5.994585868277933684e-05,1.290064494044744175e-09,-3.675580967129847294e-06,-3.675580967129847294e-06,9.470587313237934193e-08
1.123661525381094428e+00,9.427435306393125944e-10,-8.144744165943043431e-06,1.238131719728511252e-07,9.877692503510154820e-01,3.182846638499431738e-04,3.182846638499431738e-04,9.427435306393125944e-10,1.247559155034904310e-07,9.877688760832690207e-01,3.177856401879292059e-04,3.177856401879292059e-04,1.506900946816592859e-09,-3.574314320019001579e-06,-3.574314320019001579e-06,9.374560291943242338e-08
1.125964110474088509e+00,1.071053430568073229e-09,-7.888760186120416705e-06,1.423459834547384662e-07,9.877761048743566308e-01,5.644138023589424617e-04,5.644138023589424617e-04,1.071053430568073229e-09,1.434170368853065458e-07,9.877756746232460028e-01,5.638401342114012383e-04,5.638401342114012383e-04,1.721386603325613209e-09,-3.327158567886406677e-06,-3.327158567886406677e-06,9.268301182525777864e-08
1.128266695567082367e+00,1.197830757144905324e-09,-7.627068441132561900e-06,1.602798797681042080e-07,9.877838548462315460e-01,7.891605693392781014e-04,7.891605693392781014e-04,1.197830757144905324e-09,1.614777105252491196e-07,9.877833704130999370e-01,7.885146584971770671e-04,7.885146584971770671e-04,1.933289368610604925e-09,-2.943384218464333494e-06,-2.943384218464333494e-06,9.152067958021350873e-08
1.130569280660076448e+00,1.322938694147926484e-09,-7.360136709500508508e-06,1.776022553116516940e-07,9.877924614821119720e-01,9.838674451453637438e-04,9.838674451453637438e-04,1.322938694147926484e-09,1.789251940057996194e-07,9.877919247065299890e-01,9.831517443693405054e-04,9.831517443693405054e-04,2.142383182962857866e-09,-2.437557810339585905e-06,-2.437557810339585905e-06,9.026125369216437600e-08
1.132871865753070528e+00,1.446244313121167860e-09,-7.088426793154553727e-06,1.943015768764269350e-07,9.878018858482496833e-01,1.141136495775252075e-03,1.141136495775252075e-03,1.446244313121167860e-09,1.957478211895481059e-07,9.878012986047861599e-01,1.140353504490493851e-03,1.140353504490493851e-03,2.348448165888609202e-09,-1.828918278597937493e-06,-1.828918278597937493e-06,8.890744010379820787e-08
1.135174450846064609e+00,1.567618685612763657e-09,-6.812393690353094123e-06,2.103673687943321506e-07,9.878120889223550583e-01,1.255096612410206997e-03,1.255096612410206997e-03,1.567618685612763657e-09,2.119349874799449126e-07,9.878114531173926016e-01,1.254248872460287300e-03,1.254248872460287300e-03,2.551270739717516175e-09,-1.140581568225026145e-06,-1.140581568225026145e-06,8.746199486096821155e-08
1.137477035939058689e+00,1.686936974018028082e-09,-6.532484913545094013e-06,2.257901963577956457e-07,9.878230316522116361e-01,1.321606592381311665e-03,1.321606592381311665e-03,1.686936974018028082e-09,2.274771333318136679e-07,9.878223492208116907e-01,1.320696683847984425e-03,1.320696683847984425e-03,2.750643735306744748e-09,-3.986076134789435211e-07,-3.986076134789435211e-07,8.592771688836999707e-08
1.139779621032052770e+00,1.804078501915369564e-09,-6.249139951569110208e-06,2.405616478463376097e-07,9.878346750121863584e-01,1.338387764219024778e-03,1.338387764219024778e-03,1.804078501915369564e-09,2.423657263482529639e-07,9.878339479150073377e-01,1.337418301313631755e-03,1.337418301313631755e-03,2.946366482458285309e-09,3.690317002805740413e-07,3.690317002805740413e-07,8.430744192220593028e-08
1.142082206125046628e+00,1.918926805281848399e-09,-5.962789870901269100e-06,2.546743154883953584e-07,9.878469800576100690e-01,1.305082744039519826e-03,1.305082744039519826e-03,1.918926805281848399e-09,2.565932422936772329e-07,9.878462102778832188e-01,1.304056371070345076e-03,1.304056371070345076e-03,3.138244887727441393e-09,1.133542091838506858e-06,1.133542091838506858e-06,8.260403760352735137e-08
1.144384791218040709e+00,2.031369666402562322e-09,-5.673857046452881667e-06,2.681217756691801967e-07,9.878599079770244984e-01,1.223239837272308006e-03,1.223239837272308006e-03,2.031369666402562322e-09,2.701531453355827478e-07,9.878590975175884914e-01,1.222159224690965709e-03,1.222159224690965709e-03,3.326091502258238332e-09,1.866411237025658357e-06,1.866411237025658357e-06,8.082039969230252368e-08
1.146687376311034789e+00,2.141299132629565075e-09,-5.382755008815568853e-06,2.808985686686345480e-07,9.878734201423065020e-01,1.096225451193646398e-03,1.096225451193646398e-03,2.141299132629565075e-09,2.830398678012641234e-07,9.878725710227030943e-01,1.095093291722441234e-03,1.095093291722441234e-03,3.509725582142038578e-09,2.540485655826064456e-06,2.540485655826064456e-06,7.895944932253463504e-08
1.148989961404028870e+00,2.248611522393200915e-09,-5.089888391968733045e-06,2.930001781794768057e-07,9.878874781566908680e-01,9.290695461588996049e-04,9.290695461588996049e-04,2.248611522393200915e-09,2.952487897018700302e-07,9.878865924103217289e-01,9.278885510000921006e-04,9.278885510000921006e-04,3.688973143571851766e-09,3.130979917524976263e-06,3.130979917524976263e-06,7.702413118438144451e-08
1.151292546497022951e+00,2.353207421018015800e-09,-4.795652963344435188e-06,3.044230108154199130e-07,9.879020439007284438e-01,7.282515480456200254e-04,7.282515480456200254e-04,2.353207421018015800e-09,3.067762182364379085e-07,9.879011235720737139e-01,7.270244431726742822e-04,7.270244431726742822e-04,3.863667014767715480e-09,3.616381459549432990e-06,3.616381459549432990e-06,7.501741249098979635e-08
1.153595131590017031e+00,2.454991668944817198e-09,-4.500435716839603305e-06,3.151643757758739338e-07,9.879170795762212132e-01,5.014361770985424974e-04,5.014361770985424974e-04,2.454991668944817198e-09,3.176193674448187580e-07,9.879161267181189032e-01,5.001656996287632412e-04,5.001656996287632412e-04,4.033646886294940602e-09,3.979219120915728018e-06,3.979219120915728018e-06,7.294228256658656826e-08
1.155897716683011112e+00,2.553873344913345286e-09,-4.204615008872724902e-06,3.252224647877244293e-07,9.879325477481867290e-01,2.571702566609258356e-04,2.571702566609258356e-04,2.553873344913345286e-09,3.277763381326377808e-07,9.879315644191722923e-01,2.558591513083952745e-04,2.558591513083952745e-04,4.198759361003730866e-09,4.206669345548192915e-06,4.206669345548192915e-06,7.080175287867119088e-08
1.158200301776004970e+00,2.649765746523484719e-09,-3.908560717854147873e-06,3.345963323987783210e-07,9.879484113849016369e-01,4.552714278934186671e-06,4.552714278934186671e-06,2.649765746523484719e-09,3.372460981453017913e-07,9.879473996466071606e-01,3.203729886352979506e-06,3.203729886352979506e-06,4.358858004401505550e-09,4.290980688744047625e-06,4.290980688744047625e-06,6.859885733088028037e-08
1.160502886868999051e+00,2.742586370375667279e-09,-3.612634408435592436e-06,3.432858766531011751e-07,9.879646338960833551e-01,-2.471093612260006852e-04,-2.471093612260006852e-04,2.742586370375667279e-09,3.460284630234768601e-07,9.879635958106942617e-01,-2.484934750780946151e-04,-2.484934750780946151e-04,4.513803395847057961e-09,4.229704466052074981e-06,4.229704466052074981e-06,6.633665263426324915e-08
1.162805471961993131e+00,2.832256893705410458e-09,-3.317189483532722152e-06,3.512918201372055224e-07,9.879811791692626466e-01,-4.886455893053364167e-04,-4.886455893053364167e-04,2.832256893705410458e-09,3.541240770309109485e-07,9.879801167970315712e-01,-4.900620856134600993e-04,-4.900620856134600993e-04,4.663463180543890323e-09,4.025726830986542211e-06,4.025726830986542211e-06,6.401821858276804587e-08
1.165108057054987212e+00,2.918703159087407071e-09,-3.022571309270781269e-06,3.586156913492570991e-07,9.879980116043984850e-01,-7.113554068776359622e-04,-7.113554068776359622e-04,2.918703159087407071e-09,3.615343945083444805e-07,9.879969270012149973e-01,-7.128015444556693456e-04,-7.128015444556693456e-04,4.807712121924680199e-09,3.687104989501866195e-06,3.687104989501866195e-06,6.164665807298223765e-08
1.167410642147981292e+00,3.001855163404342213e-09,-2.729117300583803822e-06,3.652598063121438311e-07,9.880150961467842885e-01,-9.073175205352472170e-04,-9.073175205352472170e-04,3.001855163404342213e-09,3.682616614755481527e-07,9.880139913617999037e-01,-9.087905671811494094e-04,-9.087905671811494094e-04,4.946432153671254735e-09,3.226717378397619814e-06,3.226717378397619814e-06,5.922509672783379249e-08
1.169713227240975373e+00,3.081647051874320848e-09,-2.437156958065117852e-06,3.712272503265101839e-07,9.880323983182889291e-01,-1.069665000888542737e-03,-1.069665000888542737e-03,3.081647051874320848e-09,3.743088973783844841e-07,9.880312753915967416e-01,-1.071162236478056173e-03,-1.071162236478056173e-03,5.079512430319866026e-09,2.661744161704014680e-06,2.661744161704014680e-06,5.675668200787650758e-08
1.172015812333969231e+00,3.158017117519415429e-09,-2.147011849708977631e-06,3.765218597417382349e-07,9.880498842469678245e-01,-1.192816870312229374e-03,-1.192816870312229374e-03,3.158017117519415429e-09,3.796798768592576404e-07,9.880487452073372090e-01,-1.194335589819666343e-03,-1.194335589819666343e-03,5.206849375162925084e-09,2.013000194901657786e-06,2.013000194901657786e-06,5.424458172094786033e-08
1.174318397426963312e+00,3.230907806056056531e-09,-1.858995534269634102e-06,3.811482036120926773e-07,9.880675206950767508e-01,-1.272658868478675556e-03,-1.272658868478675556e-03,3.230907806056056531e-09,3.843791114181487293e-07,9.880663675577424643e-01,-1.274196384924348047e-03,-1.274196384924348047e-03,5.328346723987333131e-09,1.304147400178191095e-06,1.304147400178191095e-06,5.169198187017887807e-08
1.176620982519957392e+00,3.300265725808263510e-09,-1.573413425972310538e-06,3.851115651014792038e-07,9.880852750855090294e-01,-1.306668114214213153e-03,-1.306668114214213153e-03,3.300265725808263510e-09,3.884118308272874872e-07,9.880841098500166009e-01,-1.308221761537522315e-03,-1.308221761537522315e-03,5.443915563085617804e-09,5.608171876601186915e-07,5.608171876601186915e-07,4.910208381029060539e-08
1.178923567612951473e+00,3.366041661899150895e-09,-1.290562603147653886e-06,3.884179225032685557e-07,9.881031155266777333e-01,-1.293978546880102066e-03,-1.293978546880102066e-03,3.366041661899150895e-09,3.917839641651677301e-07,9.881019401747852537e-01,-1.295545682736762684e-03,-1.295545682736762684e-03,5.553474359941445371e-09,-1.903239406014776441e-07,-1.903239406014776441e-07,4.647810071183748233e-08
1.181226152705945553e+00,3.428190593676655147e-09,-1.010731565923367726e-06,3.910739297509225331e-07,9.881210108358494670e-01,-1.235386234295156619e-03,-1.235386234295156619e-03,3.428190593676655147e-09,3.945021203445992143e-07,9.881198273294884427e-01,-1.236964242776535106e-03,-1.236964242776535106e-03,5.656948985023208536e-09,-9.225312373827870831e-07,-9.225312373827870831e-07,4.382325336137427135e-08
1.183528737798939634e+00,3.486671714085025544e-09,-7.341999503147468823e-07,3.930868963099496821e-07,9.881389305609413753e-01,-1.133295795599518216e-03,-1.133295795599518216e-03,3.486671714085025544e-09,3.965735680240347015e-07,9.881377408402373108e-01,-1.134882089871614309e-03,-1.134882089871614309e-03,5.754272723214477153e-09,-1.609926666372255092e-06,-1.609926666372255092e-06,4.114076535144912257e-08
1.185831322891933715e+00,3.541448449508820079e-09,-4.612382078624594558e-07,3.944647663611236863e-07,9.881568450007790494e-01,-9.916112402791480221e-04,-9.916112402791480221e-04,3.541448449508820079e-09,3.980062148106325328e-07,9.881556509821346479e-01,-9.932032651383906376e-04,-9.932032651383906376e-04,5.845386273561192805e-09,-2.228398864480693134e-06,-2.228398864480693134e-06,3.843385773716806501e-08
1.188133907984927573e+00,3.592488478496251945e-09,-1.921072613216428232e-07,3.952160972079449917e-07,9.881747252238183288e-01,-8.155763917182272307e-04,-8.155763917182272307e-04,3.592488478496251945e-09,3.988085856864412291e-07,9.881735287980613069e-01,-8.171716260609730286e-04,-8.171716260609730286e-04,5.930237736214951229e-09,-2.756427388225412217e-06,-2.756427388225412217e-06,3.570574325508952050e-08
1.190436493077921654e+00,3.639763747714976225e-09,7.294185221360619611e-08,3.953500368669037328e-07,9.881925430853250036e-01,-6.115716845318555596e-04,-6.115716845318555596e-04,3.639763747714976225e-09,3.989898006146187173e-07,9.881913461159231860e-01,-6.131676437343140836e-04,-6.131676437343140836e-04,6.008782585690031423e-09,-3.175803907677046174e-06,-3.175803907677046174e-06,3.295962021486844581e-08
1.192739078170915734e+00,3.683250483503278786e-09,3.336683389511569098e-07,3.948763008261404277e-07,9.882102712430126390e-01,-3.868754611184051359e-04,-3.868754611184051359e-04,3.683250483503278786e-09,3.985595513096436961e-07,9.882090755643586633e-01,-3.884696993236437090e-04,-3.884696993236437090e-04,6.080983629818426477e-09,-3.472227264215343501e-06,-3.472227264215343501e-06,3.019866618423194643e-08
1.195041663263909815e+00,3.722929197451785170e-09,5.898419950570349936e-07,3.938051479855400151e-07,9.882278831711331923e-01,-1.493988985114960222e-04,-1.493988985114960222e-04,3.722929197451785170e-09,3.975280771829917796e-07,9.882266905869016016e-01,-1.509890108202279878e-04,-1.509890108202279878e-04,6.146810954072568828e-09,-3.635754249627904190e-06,-3.635754249627904190e-06,2.742603159327312277e-08
1.197344248356903895e+00,3.758784684578312635e-09,8.412435310561409515e-07,3.921473558179871964e-07,9.882453531730223117e-01,9.259564942916497616e-05,9.259564942916497616e-05,3.758784684578312635e-09,3.959061405025654826e-07,9.882441654546008092e-01,9.101202486715471063e-05,9.101202486715471063e-05,6.206241851216358787e-09,-3.661093381497953310e-06,-3.661093381497953310e-06,2.464483338478448560e-08
1.199646833449897976e+00,3.790806012835187060e-09,1.087664863567291527e-06,3.899141948166818995e-07,9.882626563920998697e-01,3.307828113755583257e-04,3.307828113755583257e-04,3.790806012835187060e-09,3.937050008295170642e-07,9.882614752770974009e-01,3.292079913722402483e-04,3.292079913722402483e-04,6.259260736533997161e-09,-3.547734670313651766e-06,-3.547734670313651766e-06,2.185814883371814232e-08
1.201949418542891834e+00,3.818986502906080689e-09,1.328909365160373280e-06,3.871174023161326415e-07,9.882797688213329490e-01,5.570588391658905627e-04,5.570588391658905627e-04,3.818986502906080689e-09,3.909363888190387255e-07,9.882785960121664992e-01,5.554950936106144111e-04,5.554950936106144111e-04,6.305859049161454014e-09,-3.299914168799932931e-06,-3.299914168799932931e-06,1.906900965109333175e-08
1.204252003635885915e+00,3.843323697497695785e-09,1.564792064587942133e-06,3.837691557939425699e-07,9.882966673111726053e-01,7.638131123677600757e-04,7.638131123677600757e-04,3.843323697497695785e-09,3.876124794914402648e-07,9.882955044737341543e-01,7.622626624497943343e-04,7.622626624497943343e-04,6.346035140297656807e-09,-2.926417753636639675e-06,-2.926417753636639675e-06,1.628039647634962898e-08
1.206554588728879995e+00,3.863819319602432050e-09,1.795139791311673399e-06,3.798820457764927756e-07,9.883133295759801706e-01,9.441776090079025217e-04,9.441776090079025217e-04,3.863819319602432050e-09,3.837458650960952135e-07,9.883121783383849168e-01,9.426426255475181277e-04,9.426426255475181277e-04,6.379794149296821650e-09,-2.440233964815690095e-06,-2.440233964815690095e-06,1.349523384780906855e-08
1.208857173821874076e+00,3.880479219489128356e-09,2.019791260043305169e-06,3.754690484833803691e-07,9.883297341989665252e-01,1.092246442333071922e-03,1.092246442333071922e-03,3.880479219489128356e-09,3.793495277028694718e-07,9.883285961503833761e-01,1.090729044222260536e-03,1.090729044222260536e-03,6.407147868830033643e-09,-1.858070586200049564e-06,-1.858070586200049564e-06,1.071638572421572931e-08
1.211159758914868156e+00,3.893313310461824170e-09,2.238597092879919088e-06,3.705434983530946487e-07,9.883458606356698706e-01,1.203258796790714373e-03,1.203258796790714373e-03,3.893313310461824170e-09,3.744368116635564878e-07,9.883447373252348678e-01,1.201761049544060236e-03,1.201761049544060236e-03,6.428114600451566854e-09,-1.199753898908134713e-06,-1.199753898908134713e-06,7.946651611978751260e-09
1.213462344007862237e+00,3.902335493701392075e-09,2.451419778470167137e-06,3.651190605956714281e-07,9.883616892160101974e-01,1.273740017694127832e-03,1.273740017694127832e-03,3.902335493701392075e-09,3.690213960893728153e-07,9.883605821518218759e-01,1.272263932109770268e-03,1.272263932109770268e-03,6.442719002009246472e-09,-4.875330253965367142e-07,-4.875330253965367142e-07,5.188763333418775031e-09
1.215764929100856317e+00,3.907563572760921757e-09,2.658133569428138014e-06,3.592097039170279712e-07,9.883772011449560857e-01,1.301597152393322177e-03,1.301597152393322177e-03,3.907563572760921757e-09,3.631172674897888847e-07,9.883761117931536555e-01,1.300144683323362993e-03,1.300144683323362993e-03,6.450991928396024401e-09,2.546855995873905975e-07,2.546855995873905975e-07,2.445382451817174815e-09
1.218067514193850176e+00,3.909019158518944479e-09,2.858624320872092587e-06,3.528296735547706827e-07,9.883923785018531305e-01,1.286166866665428270e-03,1.286166866665428270e-03,3.909019158518944479e-09,3.567386927132896445e-07,9.883913082857750387e-01,1.284739911894575062e-03,1.284739911894575062e-03,6.452970267154759320e-09,1.002146857684213248e-06,1.002146857684213248e-06,-2.809016500729007618e-10
1.220370099286844257e+00,3.906727565594974079e-09,3.052789274448429058e-06,3.459934647566337354e-07,9.884072042384602907e-01,1.228215297757638156e-03,1.228215297757638156e-03,3.906727565594974079e-09,3.499001923222287352e-07,9.884061545378832747e-01,1.226815696988349221e-03,1.226815696988349221e-03,6.448696770419038280e-09,1.730071124883491397e-06,1.730071124883491397e-06,-2.987573059475792316e-09
1.222672684379838337e+00,3.900717701395315388e-09,3.240536793464240222e-06,3.387157968209335343e-07,9.884216621757524468e-01,1.129891002000615440e-03,1.129891002000615440e-03,3.900717701395315388e-09,3.426165145223288365e-07,9.884206343262088579e-01,1.128520535942526080e-03,1.128520535942526080e-03,6.438219884604018227e-09,2.414466597354036251e-06,2.414466597354036251e-06,-5.672190028848219614e-09
1.224975269472832418e+00,3.891021949081088648e-09,3.421786055779409569e-06,3.310115878040049279e-07,9.884357369995457887e-01,9.946336672829456712e-04,9.946336672829456712e-04,3.891021949081088648e-09,3.349026097530860373e-07,9.884347322917165224e-01,9.932940568439332409e-04,9.932940568439332409e-04,6.421593579157184200e-09,3.032903408770166700e-06,3.032903408770166700e-06,-8.332385129259042655e-09
1.227277854565826498e+00,3.877676045830911460e-09,3.596466711865016142e-06,3.228959299831440105e-07,9.884494142550069862e-01,8.270426313563078924e-04,8.270426313563078924e-04,3.877676045830911460e-09,3.267736060289749443e-07,9.884484339341889081e-01,8.257355369321920345e-04,8.257355369321920345e-04,6.398877175543954862e-09,3.565225067369091386e-06,3.565225067369091386e-06,-1.096586492617761644e-08
1.229580439658820579e+00,3.860718957808059266e-09,3.764518515920564356e-06,3.143840661457071030e-07,9.884626803401087569e-01,6.327104415374552307e-04,6.327104415374552307e-04,3.860718957808059266e-09,3.182447851035151714e-07,9.884617256057534052e-01,6.314374623970412216e-04,6.314374623970412216e-04,6.370135177483783290e-09,3.994175365820168573e-06,3.994175365820168573e-06,-1.357040925127059641e-08
1.231883024751814437e+00,3.840192753236893601e-09,3.925890938156009836e-06,3.054913667563706664e-07,9.884755224980966704e-01,4.180276788858812822e-04,4.180276788858812822e-04,3.840192753236893601e-09,3.093315595096075476e-07,9.884745945034181247e-01,4.167903526478428382e-04,4.167903526478428382e-04,6.335437103274761412e-09,4.305922183830264485e-06,4.305922183830264485e-06,-1.614387015028628685e-08
1.234185609844808518e+00,3.816142474947522401e-09,4.080542766292817236e-06,2.962333080357647836e-07,9.884879288090314686e-01,1.899660199765782701e-04,1.899660199765782701e-04,3.816142474947522401e-09,3.000494505107123284e-07,9.884870286606799450e-01,1.887658221745354295e-04,1.887658221745354295e-04,6.294857320855791930e-09,4.490463372378511224e-06,4.490463372378511224e-06,-1.868417059066166544e-08
1.236488194937802598e+00,3.788616013664931964e-09,4.228441704041808399e-06,2.866254509653567583e-07,9.884998881804698545e-01,-4.415298758554197736e-05,-4.415298758554197736e-05,3.788616013664931964e-09,2.904140669790216944e-07,9.884990169382689151e-01,-4.531464385345806392e-05,-4.531464385345806392e-05,6.248474886061512793e-09,4.541904049709526733e-06,4.541904049709526733e-06,-2.118930301319419846e-08
1.238790780030796679e+00,3.757663983202914857e-09,4.369563973799629726e-06,2.766834212160161476e-07,9.885113903373464739e-01,-2.768957138830397974e-04,-2.768957138830397974e-04,3.757663983202914857e-09,2.804410851992190856e-07,9.885105490140908557e-01,-2.780174782238366477e-04,-2.780174782238366477e-04,6.196373384332280640e-09,4.458599015617759229e-06,4.458599015617759229e-06,-2.365732781012810525e-08
1.241093365123790759e+00,3.723339598579931028e-09,4.503893930095659653e-06,2.664228899818538287e-07,9.885224258111169338e-01,-5.009530889522849362e-04,-5.009530889522849362e-04,3.723339598579931028e-09,2.701462295804337734e-07,9.885216153724282195e-01,-5.020336738706067045e-04,-5.020336738706067045e-04,6.138640775957439690e-09,4.243158419810625276e-06,4.243158419810625276e-06,-2.608637180745426600e-08
1.243395950216784840e+00,3.685698557908663242e-09,4.631423689458892902e-06,2.558595556867925677e-07,9.885329859282209197e-01,-7.093686411143722455e-04,-7.093686411143722455e-04,3.685698557908663242e-09,2.595452542447012082e-07,9.885322072924581649e-01,-7.104068221313510761e-04,-7.104068221313510761e-04,6.075369244757771043e-09,3.902319208514558227e-06,3.902319208514558227e-06,-2.847462682250249435e-08
1.245698535309778698e+00,3.644798928729736016e-09,4.752152781390338752e-06,2.450091265194165919e-07,9.885430627979183704e-01,-8.957509595483683414e-04,-8.957509595483683414e-04,3.644798928729736016e-09,2.486539254481463292e-07,9.885423168361420210e-01,-8.967455752501608812e-04,-8.967455752501608812e-04,6.006655049958972349e-09,3.446689051497061545e-06,3.446689051497061545e-06,-3.082034835926171143e-08
1.248001120402772779e+00,3.600701039270515069e-09,4.866087824066119148e-06,2.338873037421979516e-07,9.885526492995514447e-01,-1.054464294089094839e-03,-1.054464294089094839e-03,3.600701039270515069e-09,2.374880047814684712e-07,9.885519368355371039e-01,-1.055414246108220787e-03,-1.055414246108220787e-03,5.932598380876391021e-09,2.890373272203126042e-06,2.890373272203126042e-06,-3.312185449375559900e-08
1.250303705495766859e+00,3.553467374915385755e-09,4.973242227289703116e-06,2.225097657141253713e-07,9.885617390692800210e-01,-1.180791873160115871e-03,-1.180791873160115871e-03,3.553467374915385755e-09,2.260632330890407674e-07,9.885610608795807330e-01,-1.181696126092472059e-03,-1.181696126092472059e-03,5.853303213922544305e-09,2.250498744203658046e-06,2.250498744203658046e-06,-3.537752499054049983e-08
1.252606290588760940e+00,3.503162479984948635e-09,5.073635924109148969e-06,2.108921525614261716e-07,9.885703264863328066e-01,-1.271067519992301461e-03,-1.271067519992301461e-03,3.503162479984948635e-09,2.143953150414111095e-07,9.885696833003876360e-01,-1.271925101252467053e-03,-1.271925101252467053e-03,5.768877171369005880e-09,1.546651551282328003e-06,1.546651551282328003e-06,-3.758580067953875865e-08
1.254908875681755021e+00,3.449852864739308939e-09,5.167295131437550831e-06,1.990500514291598293e-07,9.885784066588170216e-01,-1.322772261055599717e-03,-1.322772261055599717e-03,3.449852864739308939e-09,2.024999042938991403e-07,9.885777991591041536e-01,-1.323582260672775263e-03,-1.323582260672775263e-03,5.679431381240454570e-09,8.002475033052956920e-07,8.002475033052956920e-07,-3.974518311022446192e-08
1.257211460774749101e+00,3.393606917353337361e-09,5.254252139004108910e-06,1.869989822470132106e-07,9.885859754091219642e-01,-1.334593796032025690e-03,-1.334593796032025690e-03,3.393606917353337361e-09,1.903925891643665525e-07,9.885854042313544365e-01,-1.335355366388683157e-03,-1.335355366388683157e-03,5.585080337693598123e-09,3.385620015231329892e-08,3.385620015231329892e-08,-4.185423448815832959e-08
1.259514045867743182e+00,3.334494820463124463e-09,5.334545125046482228e-06,1.747543839454286791e-07,9.885930292589478752e-01,-1.306447899641946736e-03,-1.306447899641946736e-03,3.334494820463124463e-09,1.780888787658918048e-07,9.885924949923116101e-01,-1.307160255157010240e-03,-1.307160255157010240e-03,5.485941761235752169e-09,-7.294997362929703358e-07,-7.294997362929703358e-07,-4.391157788738543529e-08
1.261816630960737040e+00,3.272588471755143852e-09,5.408217996346454905e-06,1.623316010629554947e-07,9.885995654139937416e-01,-1.239462022558791626e-03,-1.239462022558791626e-03,3.272588471755143852e-09,1.656041895347106468e-07,9.885990686014251017e-01,-1.240124439316930491e-03,-1.240124439316930491e-03,5.382136458165205181e-09,-1.467048399377709792e-06,-1.467048399377709792e-06,-4.591589772149502390e-08
1.264119216053731121e+00,3.207961407967861283e-09,5.475320249542047709e-06,1.497458706921917259e-07,9.886055817483264674e-01,-1.135922500496243121e-03,-1.135922500496243121e-03,3.207961407967861283e-09,1.529538321001595884e-07,9.886051228868301122e-01,-1.136534315824643806e-03,-1.136534315824643806e-03,5.273788178666325534e-09,-2.156953882689079992e-06,-2.156953882689079992e-06,-4.786594044664565521e-08
1.266421801146725201e+00,3.140688731599779884e-09,5.535906850120403913e-06,1.370123097195580808e-07,9.886110767884603856e-01,-9.991878473272124226e-04,-9.991878473272124226e-04,3.140688731599779884e-09,1.401529984511578491e-07,9.886106563294649874e-01,-9.997484593210171581e-04,-9.997484593210171581e-04,5.161023473063795490e-09,-2.778962763937869728e-06,-2.778962763937869728e-06,-4.976051546167043641e-08
1.268724386239719282e+00,3.070847039569558832e-09,5.590038125119421449e-06,1.241459023229920533e-07,9.886160496971651002e-01,-8.335715651445645743e-04,-8.335715651445645743e-04,3.070847039569558832e-09,1.272167493625616100e-07,9.886156680469170288e-01,-8.340804321420148366e-04,-8.340804321420148366e-04,5.043971545828368921e-09,-3.314993106203930174e-06,-3.314993106203930174e-06,-5.159849616374203262e-08
1.271026971332713362e+00,2.998514353054149717e-09,5.637779665347973706e-06,1.111614877012319666e-07,9.886205002570245259e-01,-6.441987196310077933e-04,-6.441987196310077933e-04,2.998514353054149717e-09,1.141600020542861217e-07,9.886201577770183935e-01,-6.446553596392249220e-04,-6.446553596392249220e-04,4.922764107028387951e-09,-3.749649466662835188e-06,-3.749649466662835188e-06,-5.337882111315799372e-08
1.273329556425707443e+00,2.923770047736917949e-09,5.679202232861095629e-06,9.807374801821951426e-08,9.886244288537666680e-01,-4.368411993215665090e-04,-4.368411993215665090e-04,2.923770047736917949e-09,1.009975180659564314e-07,9.886241258612125105e-01,-4.372451893938303228e-04,-4.372451893938303228e-04,4.797535221032298001e-09,-4.070650021260944290e-06,-4.070650021260944290e-06,-5.510049525754033389e-08
1.275632141518701301e+00,2.846694783729974944e-09,5.714381669501744387e-06,8.489719655599462894e-08,9.886278364593801271e-01,-2.177370708183534796e-04,-2.177370708183534796e-04,2.846694783729974944e-09,8.774389133972460926e-08,9.886275732277061135e-01,-2.180880463837123716e-04,-2.180880463837123716e-04,4.668421152383887634e-09,-4.269154865144499369e-06,-4.269154865144499369e-06,-5.676259116427676812e-08
1.277934726611695382e+00,2.767370434489852180e-09,5.743398802525531885e-06,7.164616607893452234e-08,9.886307246150383143e-01,6.600239284149790706e-06,6.600239284149790706e-06,2.767370434489852180e-09,7.441353651342438031e-08,9.886305013744287606e-01,6.302585138096093026e-06,6.302585138096093026e-06,4.535560208889670816e-09,-4.339987737947921179e-06,-4.339987737947921179e-06,-5.836425021022058679e-08
1.280237311704689462e+00,2.685880014121279003e-09,5.766339343646797167e-06,5.833479742111015631e-08,9.886330954138456972e-01,2.295770658284620807e-04,2.295770658284620807e-04,2.685880014121279003e-09,6.102067743523143614e-08,9.886329123518133866e-01,2.293329831187211490e-04,2.293329831187211490e-04,4.399092582074163937e-09,-4.281746771078848136e-06,-4.281746771078848136e-06,-5.990468367943770561e-08
1.282539896797683543e+00,2.602307602555868919e-09,5.783293778267942197e-06,4.497702831641892016e-08,9.886349514834270602e-01,4.447131023545633651e-04,4.447131023545633651e-04,2.602307602555868919e-09,4.757933591897478701e-08,9.886348087454193134e-01,4.445227850108874408e-04,4.445227850108874408e-04,4.259160185267537818e-09,-4.096803202245369211e-06,-4.096803202245369211e-06,-6.138317372304489312e-08
1.284842481890677623e+00,2.516738268198806031e-09,5.794357242155690228e-06,3.158658249813390483e-08,9.886362959683756557e-01,6.458278555575285452e-04,6.458278555575285452e-04,2.516738268198806031e-09,3.410332076633271086e-08,9.886361936584133758e-01,6.456914422744632499e-04,6.456914422744632499e-04,4.115906489692070834e-09,-3.791190324891866679e-06,-3.791190324891866679e-06,-6.279907413966676883e-08
1.287145066983671704e+00,2.429257987751904542e-09,5.799629383392442956e-06,1.817695910008388251e-08,9.886371325125802301e-01,8.272147083211707583e-04,8.272147083211707583e-04,2.429257987751904542e-09,2.060621708783578705e-08,9.886370706939289210e-01,8.271322834528194385e-04,8.271322834528194385e-04,3.969476359002408750e-09,-3.374388074777924354e-06,-3.374388074777924354e-06,-6.415181094063891888e-08
1.289447652076665563e+00,2.339953563042341453e-09,5.799214208031276028e-06,4.761422395958355227e-09,9.886374652414509079e-01,9.837978503890677708e-04,9.837978503890677708e-04,2.339953563042341453e-09,7.101375959000696266e-09,9.886374439373230016e-01,9.837694448852317419e-04,9.837694448852317419e-04,3.820015882809988022e-09,-2.859011545788819677e-06,-2.859011545788819677e-06,-6.544088267048329480e-08
1.291750237169659643e+00,2.248912534810080224e-09,5.793219908507075084e-06,-8.647008083906999887e-09,9.886372987440642524e-01,1.111267970142842997e-03,1.111267970142842997e-03,2.248912534810080224e-09,-6.398095549096919249e-09,9.886373179383508569e-01,1.111293562525039313e-03,1.111293562525039313e-03,3.667672209782250218e-09,-2.260414322339721262e-06,-2.260414322339721262e-06,-6.666586046025571169e-08
1.294052822262653724e+00,2.156223093527063119e-09,5.781758674471421348e-06,-2.203556701754776041e-08,9.886366380552483735e-01,1.206193324731420508e-03,1.206193324731420508e-03,2.156223093527063119e-09,-1.987934392402069729e-08,9.886366976932801087e-01,1.206272842107116664e-03,1.206272842107116664e-03,3.512593380949792693e-09,-1.596219671011502026e-06,-1.596219671011502026e-06,-6.782638779871840196e-08
1.296355407355647804e+00,2.061973987437832304e-09,5.764946486322338310e-06,-3.539175229748431446e-08,9.886354886376320650e-01,1.266103614024698901e-03,1.266103614024698901e-03,2.061973987437832304e-09,-3.332977831004648091e-08,9.886355886269669879e-01,1.266236933137939108e-03,1.266236933137939108e-03,3.354928163880884301e-09,-8.857944121091838270e-07,-8.857944121091838270e-07,-6.892218001388084952e-08
1.298657992448641885e+00,1.966254428117649180e-09,5.742902892259134916e-06,-4.870333353860134432e-08,9.886338563636793975e-01,1.289544929092045159e-03,1.289544929092045159e-03,1.966254428117649180e-09,-4.673707911048369432e-08,9.886339965749166847e-01,1.289731877408487135e-03,1.289731877408487135e-03,3.194825888391212613e-09,-1.496815460332546168e-07,-1.496815460332546168e-07,-6.995302346484936055e-08
1.300960577541635965e+00,1.869153993940326229e-09,5.715750770205276224e-06,-6.195836005108232062e-08,9.886317474977354136e-01,1.276104920187562343e-03,1.276104920187562343e-03,1.869153993940326229e-09,-6.008920605714198984e-08,9.886319277653535798e-01,1.276345277011790803e-03,1.276345277011790803e-03,3.032436284448549518e-09,5.909914984738228269e-07,5.909914984738228269e-07,-7.091877445108121741e-08
1.303263162634630046e+00,1.770762531930181596e-09,5.683616076390334350e-06,-7.514516824541530555e-08,9.886291686781071286e-01,1.226408197027193184e-03,1.226408197027193184e-03,1.770762531930181596e-09,-7.337440571348511961e-08,9.886293888013242270e-01,1.226701694650047083e-03,1.226701694650047083e-03,2.867909322907951939e-09,1.315111850905412485e-06,1.315111850905412485e-06,-7.181935785277916656e-08
1.305565747727623904e+00,1.671170058538922748e-09,5.646627582754426586e-06,-8.825238844116016297e-08,9.886261268992029283e-01,1.142082809117896374e-03,1.142082809117896374e-03,1.671170058538922748e-09,-8.658121838262124270e-08,9.886263866428580682e-01,1.142429133991426822e-03,1.142429133991426822e-03,2.701395059674360618e-09,2.002170489129022667e-06,2.002170489129022667e-06,-7.265476552210363656e-08
1.307868332820617985e+00,1.570466659939039339e-09,5.604916605637252001e-06,-1.012689510566171903e-07,9.886226294937596748e-01,1.025699446247102563e-03,1.025699446247102563e-03,1.570466659939039339e-09,-9.969848439667814789e-08,9.886229285892128571e-01,1.026098240184689222e-03,1.026098240184689222e-03,2.533043483838020399e-09,2.632825582349937117e-06,2.632825582349937117e-06,-7.342505445009702401e-08
1.310170917913612065e+00,1.468742392457664787e-09,5.558616728422124941e-06,-1.141840921625283525e-07,9.886186841151769489e-01,8.806857092482293491e-04,8.806857092482293491e-04,1.468742392457664787e-09,-1.127153497700706826e-07,9.886190222612262213e-01,8.811365706473095992e-04,8.811365706473095992e-04,2.363004370265978722e-09,3.189424753074682277e-06,3.189424753074682277e-06,-7.413034473843492575e-08
1.312473503006606146e+00,1.366087183790337025e-09,5.507863520935080373e-06,-1.269873583893875830e-07,9.886142987199887378e-01,7.112184308460102423e-04,7.112184308460102423e-04,1.366087183790337025e-09,-1.256212712055972508e-07,9.886146755838023381e-01,7.117209159308325855e-04,7.117209159308325855e-04,2.191427137061399337e-09,3.656472630593760444e-06,3.656472630593760444e-06,-7.477081740844452773e-08
1.314776088099600226e+00,1.262590735632318932e-09,5.452794258442116304e-06,-1.396686111844857048e-07,9.886094815504928857e-01,5.220975482834387367e-04,5.220975482834387367e-04,1.262590735632318932e-09,-1.384060204488533948e-07,9.886098967685542638e-01,5.226511723652341266e-04,5.226511723652341266e-04,2.018460708225331285e-09,4.021031913559831344e-06,4.021031913559831344e-06,-7.534671208208820672e-08
1.317078673192594307e+00,1.158342428346579096e-09,5.393547643050869661e-06,-1.522180304214032024e-07,9.886042411175639533e-01,3.186054359702567658e-04,3.186054359702567658e-04,1.158342428346579096e-09,-1.510596879930566167e-07,9.886046942966278950e-01,3.192096747222289746e-04,3.192096747222289746e-04,1.844253381774011327e-09,4.273048264853782271e-06,4.273048264853782271e-06,-7.585832457084038551e-08
1.319381258285588165e+00,1.053431228254174571e-09,5.330263530214921137e-06,-1.646261173710832901e-07,9.885985861836705801e-01,1.063558973340101373e-04,1.063558973340101373e-04,1.053431228254174571e-09,-1.635726861428291085e-07,9.885990769017289903e-01,1.070101880785814569e-04,1.070101880785814569e-04,1.668952703481309491e-09,4.405591696353741456e-06,4.405591696353741456e-06,-7.630600440864626408e-08
1.321683843378582246e+00,9.479455980853416444e-10,5.263082662860308128e-06,-1.768836970496418451e-07,9.885925257461201099e-01,-1.088628261331989617e-04,-1.088628261331989617e-04,9.479455980853416444e-10,-1.759357514515565113e-07,9.885930535533744568e-01,-1.081590831273927382e-04,-1.081590831273927382e-04,1.492705346333617551e-09,4.415009538461695376e-06,4.415009538461695376e-06,-7.669015236439198834e-08
1.323986428471576327e+00,8.419734110707957774e-10,5.192146415421272830e-06,-1.889819199636421087e-07,9.885860690205497958e-01,-3.212466294616567013e-04,-3.212466294616567013e-04,8.419734110707957774e-10,-1.881399465525713186e-07,9.885866334403894395e-01,-3.204940696754464001e-04,-3.204940696754464001e-04,1.315656995704560948e-09,4.300988623174902890e-06,4.300988623174902890e-06,-7.701121796772273474e-08
1.326289013564570407e+00,7.356018690835551013e-10,5.117596549788961223e-06,-2.009122632785371171e-07,9.885792254246824617e-01,-5.251313878928609222e-04,-5.251313878928609222e-04,7.356018690835551013e-10,-2.001766614094535504e-07,9.885798259546666467e-01,-5.243306812472230648e-04,-5.243306812472230648e-04,1.137952240181287628e-09,4.066526812084497685e-06,4.066526812084497685e-06,-7.726969707961595107e-08
1.328591598657564488e+00,6.289174251658505831e-10,5.039574984857874852e-06,-2.126665314401738535e-07,9.885720045623650476e-01,-7.151419509128403070e-04,-7.151419509128403070e-04,6.289174251658505831e-10,-2.120376140150080063e-07,9.885726406752071149e-01,-7.142938004567802451e-04,-7.142938004567802451e-04,9.597344679059631334e-10,3.717816432109348250e-06,3.717816432109348250e-06,-7.746612953601677419e-08
1.330894183750558568e+00,5.220057106935740454e-10,4.958223581008512798e-06,-2.242368562827841516e-07,9.885644162079048058e-01,-8.863304710937345036e-04,-8.863304710937345036e-04,5.220057106935740454e-10,-2.237148505720905792e-07,9.885650873524565174e-01,-8.854356116914461478e-04,-8.854356116914461478e-04,7.811457682341533489e-10,3.264044497425954186e-06,3.264044497425954186e-06,-7.760109688916796462e-08
1.333196768843552649e+00,4.149514673475313001e-10,4.873683940504913165e-06,-2.356156966594333269e-07,9.885564702907144730e-01,-1.034300643237904714e-03,-1.034300643237904714e-03,4.149514673475313001e-10,-2.352007451920858083e-07,9.885571758929500019e-01,-1.033359840257136409e-03,-1.033359840257136409e-03,6.023268384609125073e-10,2.717116663053069353e-06,2.717116663053069353e-06,-7.767522026717210138e-08
1.335499353936546507e+00,3.078384839747829570e-10,4.786097224417567653e-06,-2.467958376327837978e-07,9.885481768802827363e-01,-1.155314907100012676e-03,-1.155314907100012676e-03,3.078384839747829570e-10,-2.464879991488089978e-07,9.885489163442802152e-01,-1.154328955103417400e-03,-1.154328955103417400e-03,4.234168953218144050e-10,2.091313754137470393e-06,2.091313754137470393e-06,-7.768915836788784202e-08
1.337801939029540588e+00,2.007495383418622795e-10,4.695603986324989859e-06,-2.577703892648758248e-07,9.885395461714755472e-01,-1.246382196353695111e-03,-1.246382196353695111e-03,2.007495383418622795e-10,-2.575696397265339445e-07,9.885403188803947305e-01,-1.245351917794788963e-03,-1.245351917794788963e-03,2.445535909455843467e-10,1.402891239152881856e-06,1.402891239152881856e-06,-7.764360559872126841e-08
1.340104524122534668e+00,9.376634370153331720e-11,4.602344022698890897e-06,-2.685327850447998646e-07,9.885305884701782730e-01,-1.305324404751878348e-03,-1.305324404751878348e-03,9.376634370153331720e-11,-2.684390187010983537e-07,9.885313937872344248e-01,-1.304250648677073932e-03,-1.304250648677073932e-03,6.587293291308198837e-11,6.696332984662296921e-07,6.696332984662296921e-07,-7.753929036922685986e-08
1.342407109215528749e+00,-1.303049997814339725e-11,4.506456239557607020e-06,-2.790767799924687662e-07,9.885213141792867919e-01,-1.330820346643114306e-03,-1.330820346643114306e-03,-1.303049997814339725e-11,-2.790898104924468952e-07,9.885221514487182448e-01,-1.329703987401144576e-03,-1.329703987401144576e-03,-1.124907919333021225e-10,-8.962597558017188199e-08,-8.962597558017188199e-08,-7.737697353894051510e-08
1.344709694308522829e+00,-1.195615503399506831e-10,4.408078534679088805e-06,-2.893964484753114432e-07,9.885117337850491959e-01,-1.322426615446378566e-03,-1.322426615446378566e-03,-1.195615503399506831e-10,-2.895160100256513801e-07,9.885126023330792489e-01,-1.321268551406275900e-03,-1.321268551406275900e-03,-2.904050902859435985e-10,-8.555011469576656466e-07,-8.555011469576656466e-07,-7.715744701853277733e-08
1.347012279401516910e+00,-2.257485627939925813e-10,4.307347694408808421e-06,-2.994861817727259304e-07,9.885018578437653192e-01,-1.280575361262345935e-03,-1.280575361262345935e-03,-2.257485627939925813e-10,-2.997119303355199031e-07,9.885027569795563629e-01,-1.279376513541003813e-03,-1.279376513541003813e-03,-4.677393321212712765e-10,-1.608560482462967616e-06,-1.608560482462967616e-06,-7.688153251836634578e-08
1.349314864494510768e+00,-3.315145268272068395e-10,4.204399303883532915e-06,-3.093406854205711143e-07,9.884916969688439803e-01,-1.206549604030460101e-03,-1.206549604030460101e-03,-3.315145268272068395e-10,-3.096721999473983336e-07,9.884926259854438513e-01,-1.205310915230670566e-03,-1.205310915230670566e-03,-6.443648177312714701e-10,-2.329824340556174440e-06,-2.329824340556174440e-06,-7.655008043494576009e-08
1.351617449587504849e+00,-4.367836988267404153e-10,4.099367669317842775e-06,-3.189549763650045281e-07,9.884812618182196031e-01,-1.102437265469747478e-03,-1.102437265469747478e-03,-4.367836988267404153e-10,-3.193917600638312731e-07,9.884822199934998332e-01,-1.101159698429492184e-03,-1.101159698429492184e-03,-8.201548423409989485e-10,-3.001244257527392872e-06,-3.001244257527392872e-06,-7.616396886257697725e-08
1.353920034680498929e+00,-5.414816318037709281e-10,3.992385750876581976e-06,-3.283243799516197787e-07,9.884705630821281064e-01,-9.710656090967707561e-04,-9.710656090967707561e-04,-5.414816318037709281e-10,-3.288658615834235623e-07,9.884715496797128464e-01,-9.697501456504370411e-04,-9.697501456504370411e-04,-9.949847585831553317e-10,-3.606150886340357127e-06,-3.606150886340357127e-06,-7.572410271497537207e-08
1.356222619773493010e+00,-6.455352024210653667e-10,3.883585104573286865e-06,-3.374445267723093844e-07,9.884596114712419501e-01,-8.159182366915671740e-04,-8.159182366915671740e-04,-6.455352024210653667e-10,-3.380900619747304580e-07,9.884606257414279007e-01,-8.145658764436682422e-04,-8.145658764436682422e-04,-1.168732037063704396e-09,-4.129660029540070948e-06,-4.129660029540070948e-06,-7.523141293947905562e-08
1.358525204866487091e+00,-7.488726357317075010e-10,3.773095831600696439e-06,-3.463113493885680583e-07,9.884484177051618969e-01,-6.410371668737082198e-04,-6.410371668737082198e-04,-7.488726357317075010e-10,-3.470602220242997839e-07,9.884494588858280251e-01,-6.396489259856110365e-04,-6.396489259856110365e-04,-1.341276325210296621e-09,-4.559027327767407211e-06,-4.559027327767407211e-06,-7.468685580508291506e-08
1.360827789959481171e+00,-8.514235280314032524e-10,3.661046533505972907e-06,-3.549210789462465489e-07,9.884369925012632674e-01,-4.509128306814890711e-04,-4.509128306814890711e-04,-8.514235280314032524e-10,-3.557725024742779262e-07,9.884380598187706424e-01,-4.494897406715919492e-04,-4.494897406715919492e-04,-1.512499504551046550e-09,-4.883943698009937243e-06,-4.883943698009937243e-06,-7.409141224462565344e-08
1.363130375052475252e+00,-9.531188682115085894e-10,3.547564271670768163e-06,-3.632702416931331195e-07,9.884253465638934699e-01,-2.503650409377232693e-04,-2.503650409377232693e-04,-9.531188682115085894e-10,-3.642233605613446432e-07,9.884264392339751071e-01,-2.489081474954779041e-04,-2.489081474954779041e-04,-1.682285746525519115e-09,-5.096765297339056129e-06,-5.096765297339056129e-06,-7.344608723117435547e-08
1.365432960145469110e+00,-1.053891057975903242e-09,3.432774529640153426e-06,-3.713556554072593961e-07,9.884134905739193622e-01,-4.441813138573225724e-05,-4.441813138573225724e-05,-1.053891057975903242e-09,-3.724095464652353130e-07,9.884146078025587423e-01,-4.292849319987131684e-05,-4.292849319987131684e-05,-1.850521566883969377e-09,-5.192673574524841437e-06,-5.192673574524841437e-06,-7.275190916891895259e-08
1.367735545238463191e+00,-1.153673931253218684e-09,3.316801176959196817e-06,-3.791744257405807954e-07,9.884014351786196695e-01,1.618264829635379556e-04,1.618264829635379556e-04,-1.153673931253218684e-09,-3.803280996718340333e-07,9.884025761629187112e-01,1.633477953622252928e-04,1.633477953622252928e-04,-2.017095878686324942e-09,-5.169762838260383979e-06,-5.169762838260383979e-06,-7.200992927966465790e-08
1.370038130331457271e+00,-1.252402773097457700e-09,3.199766433318517365e-06,-3.867239424797614901e-07,9.883891909819191302e-01,3.633171036201423513e-04,3.633171036201423513e-04,-1.252402773097457700e-09,-3.879763452528589623e-07,9.883903549109548381e-01,3.648690090011538051e-04,3.648690090011538051e-04,-2.181900043870219118e-09,-5.029054608561464614e-06,-5.029054608561464614e-06,-7.122122096726952916e-08
1.372340715424451352e+00,-1.350014338326614936e-09,3.081790831972822171e-06,-3.940018757232086217e-07,9.883767685349610366e-01,5.551747907336271977e-04,5.551747907336271977e-04,-1.350014338326614936e-09,-3.953518900615352265e-07,9.883779545906312691e-01,5.567561982938733396e-04,5.567561982938733396e-04,-2.344827923318580268e-09,-4.774439878873243962e-06,-4.774439878873243962e-06,-7.038687914402811060e-08
1.374643300517445432e+00,-1.446446870101531063e-09,2.962993181575291208e-06,-4.010061719713548805e-07,9.883641783270161740e-01,7.328097179418868864e-04,7.328097179418868864e-04,-1.446446870101531063e-09,-4.024526188414564277e-07,9.883653856848726438e-01,7.344195284172527066e-04,7.344195284172527066e-04,-2.505775925322862602e-09,-4.412552124373374113e-06,-4.412552124373374113e-06,-6.950801950500778521e-08
1.376945885610439513e+00,-1.541640118596791675e-09,2.843490525760087350e-06,-4.077350501254122414e-07,9.883514307767216067e-01,8.920281580192114361e-04,8.920281580192114361e-04,-1.541640118596791675e-09,-4.092766902440090492e-07,9.883526586067923336e-01,8.936652647801874433e-04,8.936652647801874433e-04,-2.664643052307846889e-09,-3.952575560803307764e-06,-3.952575560803307764e-06,-6.858577773862788518e-08
1.379248470703433371e+00,-1.635535359865101451e-09,2.723398099997661274e-06,-4.141869973885791082e-07,9.883385362236503102e-01,1.029127720773481171e-03,1.029127720773481171e-03,-1.635535359865101451e-09,-4.158225327484441888e-07,9.883397836912485301e-01,1.030791010904474891e-03,1.030791010904474891e-03,-2.821330945660528729e-09,-3.405994588679906082e-06,-3.405994588679906082e-06,-6.762130866424078818e-08
1.381551055796427452e+00,-1.728075414944943312e-09,2.602829285441306834e-06,-4.203607650628058610e-07,9.883255049202048781e-01,1.140978822675970056e-03,1.140978822675970056e-03,-1.728075414944943312e-09,-4.220888404777507927e-07,9.883267711867262939e-01,1.142667178037881084e-03,1.142667178037881084e-03,-2.975743928486708881e-09,-2.786291675363156362e-06,-2.786291675363156362e-06,-6.661578529009122839e-08
1.383853640889421532e+00,-1.819204669212471742e-09,2.481895559669402085e-06,-4.262553642338480863e-07,9.883123470238355246e-01,1.225090755442634740e-03,1.225090755442634740e-03,-1.819204669212471742e-09,-4.280745689030605715e-07,9.883136312475422347e-01,1.226803053718246916e-03,1.226803053718246916e-03,-3.127789046106949015e-09,-2.108601971033946193e-06,-2.108601971033946193e-06,-6.557039778767563945e-08
1.386156225982415613e+00,-1.908869091931517318e-09,2.360706444405621406e-06,-4.318700613373644596e-07,9.882990725895772766e-01,1.279661143192662234e-03,1.279661143192662234e-03,-1.908869091931517318e-09,-4.337789304292959848e-07,9.883003739263686027e-01,1.281396258914379487e-03,1.281396258914379487e-03,-3.277376104097572864e-09,-1.389333812577507723e-06,-1.389333812577507723e-06,-6.448635238117759023e-08
1.388458811075409693e+00,-1.997016255912625642e-09,2.239369450461739720e-06,-4.372043735992317165e-07,9.882856915629065764e-01,1.303608008760874558e-03,1.303608008760874558e-03,-1.997016255912625642e-09,-4.392013898551443182e-07,9.882870091670761248e-01,1.305364814320295053e-03,1.305364814320295053e-03,-3.424417703682082559e-09,-6.457648517951966498e-07,-6.457648517951966498e-07,-6.336487015320240270e-08
1.390761396168403774e+00,-2.083595357153458235e-09,2.117990020294201749e-06,-4.422580643440344580e-07,9.882722137729123002e-01,1.296584109782456711e-03,1.296584109782456711e-03,-2.083595357153458235e-09,-4.443416597011879059e-07,9.882735467978913668e-01,1.298361476421261429e-03,1.298361476421261429e-03,-3.568829274284119172e-09,1.043761049997772748e-07,1.043761049997772748e-07,-6.220718577046293421e-08
1.393063981261397632e+00,-2.168557234299576951e-09,1.996671468691655900e-06,-4.470311381667795685e-07,9.882586489257819684e-01,1.258973637631057799e-03,1.258973637631057799e-03,-2.168557234299576951e-09,-4.491996954010791310e-07,9.882599965248681784e-01,1.260770436412662118e-03,1.260770436412662118e-03,-3.710529103064084745e-09,8.433313677086864248e-07,8.433313677086864248e-07,-6.101454613528985095e-08
1.395366566354391713e+00,-2.251854387737618578e-09,1.875514922214098170e-06,-4.515238359642476933e-07,9.882450065985982635e-01,1.191871785125808063e-03,1.191871785125808063e-03,-2.251854387737618578e-09,-4.537756903519852957e-07,9.882463679256693334e-01,1.193686887887216016e-03,1.193686887887216016e-03,-3.849438361277497769e-09,1.553730716243547893e-06,1.553730716243547893e-06,-5.978820897080907035e-08
1.397669151447385794e+00,-2.333440998111071929e-09,1.754619258087984151e-06,-4.557366298239548239e-07,9.882312962334464101e-01,1.097048083909610587e-03,1.097048083909610587e-03,-2.333440998111071929e-09,-4.580700708220658710e-07,9.882326704436589226e-01,1.098880364192898924e-03,1.098880364192898924e-03,-3.985481127312943942e-09,2.218992193777858527e-06,2.218992193777858527e-06,-5.852944134937374662e-08
1.399971736540379874e+00,-2.413272944035213001e-09,1.634081043316269506e-06,-4.596702177704364782e-07,9.882175271318281995e-01,9.768947612293838508e-04,9.768947612293838508e-04,-2.413272944035213001e-09,-4.620834907144716821e-07,9.882189133823003901e-01,9.787430951922416935e-04,9.787430951922416935e-04,-4.118584406291660039e-09,2.823698293686325612e-06,2.823698293686325612e-06,-5.723951817519581504e-08
1.402274321633373955e+00,-2.491307818778753398e-09,1.513994474799932300e-06,-4.633255183703943799e-07,9.882037084493825452e-01,8.343616880503553412e-04,8.343616880503553412e-04,-2.491307818778753398e-09,-4.658168261891731080e-07,9.882051058998611026e-01,8.362249553551120724e-04,8.362249553551120724e-04,-4.248678146137000038e-09,3.353939294532024579e-06,3.353939294532024579e-06,-5.591972063325951041e-08
1.404576906726368035e+00,-2.567504945678872588e-09,1.394451321275812427e-06,-4.667036652001122456e-07,9.881898491909089088e-01,6.728797504785730913e-04,6.728797504785730913e-04,-2.567504945678872588e-09,-4.692711701457911273e-07,9.881912570044193433e-01,6.747568351591562300e-04,6.747568351591562300e-04,-4.375695250050789956e-09,3.797616452765131461e-06,3.797616452765131461e-06,-5.457133461730822182e-08
1.406879491819362116e+00,-2.641825392060436290e-09,1.275540867867272185e-06,-4.698060011804407771e-07,9.881759582056918179e-01,4.962746983898221010e-04,4.962746983898221010e-04,-2.641825392060436290e-09,-4.724478265725012316e-07,9.881773755491715105e-01,4.981644896961120528e-04,4.981644896961120528e-04,-4.499571585363802235e-09,4.144698880319651239e-06,4.144698880319651239e-06,-5.319564915015814222e-08
1.409182076912355974e+00,-2.714231981440866917e-09,1.157349864011421346e-06,-4.726340727864494636e-07,9.881620441831239221e-01,3.086736814216926492e-04,3.086736814216926492e-04,-2.714231981440866917e-09,-4.753483047678903380e-07,9.881634702280381877e-01,3.105750746407642186e-04,3.105750746407642186e-04,-4.620245988757946298e-09,4.387429138243812660e-06,4.387429138243812660e-06,-5.179395480966076737e-08
1.411484662005350055e+00,-2.784689303817780164e-09,1.039962475478644059e-06,-4.751896241405871616e-07,9.881481156486243700e-01,1.144067904584013186e-04,1.144067904584013186e-04,-2.784689303817780164e-09,-4.779743134444049542e-07,9.881495495715647559e-01,1.163186877121789452e-04,1.163186877121789452e-04,-4.737660267888672481e-09,4.520473887563650449e-06,4.520473887563650449e-06,-5.036754217344904528e-08
1.413787247098344135e+00,-2.853163723856801701e-09,9.234602411342258297e-07,-4.774745909997518501e-07,9.881341809598502834e-01,-8.209403195778254764e-05,-8.209403195778254764e-05,-2.853163723856801701e-09,-4.803277547236086721e-07,9.881356219431144394e-01,-8.017272093888811423e-05,-8.017272093888811423e-05,-4.851759199465204116e-09,4.541017268506766872e-06,4.541017268506766872e-06,-4.891770029508941627e-08
1.416089832191338216e+00,-2.919623386821734996e-09,8.079220350130229408e-07,-4.794910946481074834e-07,9.881202483031954475e-01,-2.763963552741473284e-04,-2.763963552741473284e-04,-2.919623386821734996e-09,-4.824107180349292569e-07,9.881216955353495646e-01,-2.744667124020076223e-04,-2.744667124020076223e-04,-4.962490523875166359e-09,4.448796048263623477e-06,4.448796048263623477e-06,-4.744571522350302224e-08
1.418392417284332296e+00,-2.984038222116697592e-09,6.934240341888283603e-07,-4.812414357086753075e-07,9.881063256905765479e-01,-4.641666040656911994e-04,-4.641666040656911994e-04,-2.984038222116697592e-09,-4.842254739307920436e-07,9.881077783669983683e-01,-4.622297021699680393e-04,-4.622297021699680393e-04,-5.069804936465742714e-09,4.246076909152006712e-06,4.246076909152006712e-06,-4.595286857652997674e-08
1.420695002377326377e+00,-3.046379944340315234e-09,5.800396928221995748e-07,-4.827280878877323289e-07,9.880924209564975191e-01,-6.412651972715366919e-04,-6.412651972715366919e-04,-3.046379944340315234e-09,-4.857744678320726441e-07,9.880938782799010278e-01,-6.393220994002084441e-04,-6.393220994002084441e-04,-5.173656075617576033e-09,3.937577548310162797e-06,3.937577548310162797e-06,-4.444043617832046599e-08
1.422997587470320235e+00,-3.106622051783939484e-09,4.678397226675917535e-07,-4.839536916667952262e-07,9.880785417553918926e-01,-8.038354576154898038e-04,-8.038354576154898038e-04,-3.106622051783939484e-09,-4.870603137185791226e-07,9.880800029363330239e-01,-8.018872163606154471e-04,-8.018872163606154471e-04,-5.274000507768194519e-09,3.530334475196083166e-06,3.530334475196083166e-06,-4.290968676888844462e-08
1.425300172563314316e+00,-3.164739822338835395e-09,3.568920802152243911e-07,-4.849210479574847896e-07,9.880646955592350400e-01,-9.483844629725492192e-04,-9.483844629725492192e-04,-3.164739822338835395e-09,-4.880857877798236776e-07,9.880661598165983994e-01,-9.464321198214298856e-04,-9.464321198214298856e-04,-5.370797709559441576e-09,3.033521513916321782e-06,3.033521513916321782e-06,-4.136188079269923620e-08
1.427602757656308397e+00,-3.220710306810166226e-09,2.472619605378214734e-07,-4.856331117348209844e-07,9.880508896554229814e-01,-1.071854243675417206e-03,-1.071854243675417206e-03,-3.220710306810166226e-09,-4.888538220416311208e-07,9.880523562168891383e-01,-1.069898828387250622e-03,-1.069898828387250622e-03,-5.464010047297115435e-09,2.458224013747065057e-06,2.458224013747065057e-06,-3.979826927161619550e-08
1.429905342749302477e+00,-3.274512319668244835e-09,1.390117978094366280e-07,-4.860929856645255728e-07,9.880371311449108740e-01,-1.171681989633199111e-03,-1.171681989633199111e-03,-3.274512319668244835e-09,-4.893674979841938065e-07,9.880385992474047807e-01,-1.169724519641262336e-03,-1.169724519641262336e-03,-5.553602753921899424e-09,1.817174628150455304e-06,1.817174628150455304e-06,-3.822009276594518983e-08
1.432207927842296558e+00,-3.326126427298474017e-09,3.220127236543304775e-08,-4.863039137396947222e-07,9.880234269406038550e-01,-1.245848213033835502e-03,-1.245848213033835502e-03,-3.326126427298474017e-09,-4.896300401669932442e-07,9.880248958307243923e-01,-1.243889692873167453e-03,-1.243889692873167453e-03,-5.639543903697014006e-09,1.124457227647526352e-06,1.124457227647526352e-06,-3.662858042572299620e-08
1.434510512935290638e+00,-3.375534933840568632e-09,-7.311267591824450259e-08,-4.862692749417605985e-07,9.880097837659980176e-01,-1.292912106172029729e-03,-1.292912106172029729e-03,-3.375534933840568632e-09,-4.896448098756012081e-07,9.880112527004276668e-01,-1.290953526932527408e-03,-1.290953526932527408e-03,-5.721804384821336249e-09,3.951860457041415929e-07,3.951860457041415929e-07,-3.502494913284692485e-08
1.436813098028284497e+00,-3.422721864734641576e-09,-1.768758282320843407e-07,-4.859925769400396531e-07,9.879962081540584196e-01,-1.312033638698722159e-03,-1.312033638698722159e-03,-3.422721864734641576e-09,-4.894152988047743025e-07,9.879976763999548384e-01,-1.310075977503503009e-03,-1.310075977503503009e-03,-5.800357870176437045e-09,-3.548324700666499735e-07,-3.548324700666499735e-07,-3.341040273313884757e-08
1.439115683121278577e+00,-3.467672948115043143e-09,-2.790366618039795863e-07,-4.854774498433353185e-07,9.879827064463327924e-01,-1.302982236962501109e-03,-1.302982236962501109e-03,-3.467672948115043143e-09,-4.889451227914504146e-07,9.879841732817011835e-01,-1.301026456471335389e-03,-1.301026456471335389e-03,-5.875180786412089592e-09,-1.109447443392154828e-06,-1.109447443392154828e-06,-3.178613135605708518e-08
1.441418268214272658e+00,-3.510375594213760642e-09,-3.795463196753135031e-07,-4.847276400160999677e-07,9.879692847922907362e-01,-1.266132188984566385e-03,-1.266132188984566385e-03,-3.510375594213760642e-09,-4.882380156103136907e-07,9.879707495063375644e-01,-1.264179236922125188e-03,-1.264179236922125188e-03,-5.946252281568099976e-09,-1.852513304996182351e-06,-1.852513304996182351e-06,-3.015331081847434301e-08
1.443720853307266738e+00,-3.550818872951484732e-09,-4.783585757725239280e-07,-4.837470039705535995e-07,9.879559491488812961e-01,-1.202445194833216087e-03,-1.202445194833216087e-03,-3.550818872951484732e-09,-4.872978228435050714e-07,9.879574110423497979e-01,-1.200496003541842065e-03,-1.200496003541842065e-03,-6.013554191420833697e-09,-2.568233943640357992e-06,-2.568233943640357992e-06,-2.851310210783064398e-08
1.446023438400260819e+00,-3.588993489907933212e-09,-5.754297958048341984e-07,-4.825395023449585867e-07,9.879427052803010367e-01,-1.113440754055428821e-03,-1.113440754055428821e-03,-3.588993489907933212e-09,-4.861284958348665029e-07,9.879441636657885217e-01,-1.111496240072089390e-03,-1.111496240072089390e-03,-6.077071004730655739e-09,-3.241494038839107241e-06,-3.241494038839107241e-06,-2.686665093896530016e-08
1.448326023493254899e+00,-3.624891760871442492e-09,-6.707188945431564080e-07,-4.811091939769713307e-07,9.879295587579667304e-01,-1.001155314209908843e-03,-1.001155314209908843e-03,-3.624891760871442492e-09,-4.847340857378427459e-07,9.879310129602238977e-01,-9.992163778669573785e-04,-9.992163778669573785e-04,-6.136789827552569570e-09,-3.858170790801390462e-06,-3.858170790801390462e-06,-2.521508737816470413e-08
1.450628608586248980e+00,-3.658507585173601956e-09,-7.641872900517165285e-07,-4.794602300796713570e-07,9.879165149606813356e-01,-8.680913259548317905e-04,-8.680913259548317905e-04,-3.658507585173601956e-09,-4.831187376648449205e-07,9.879179643168943814e-01,-8.661588510041724146e-04,-8.661588510041724146e-04,-6.192700346756609966e-09,-4.405419851475269664e-06,-4.405419851475269664e-06,-2.355952552730002722e-08
1.452931193679242838e+00,-3.689836418015267724e-09,-8.557988554443842975e-07,-4.775968485265390689e-07,9.879035790749899348e-01,-7.171575231293678999e-04,-7.171575231293678999e-04,-3.689836418015267724e-09,-4.812866849445543176e-07,9.879050229350447854e-01,-7.152323763895896335e-04,-7.152323763895896335e-04,-6.244794792887694071e-09,-4.871929946840136293e-06,-4.871929946840136293e-06,-2.190106326052712053e-08
1.455233778772236919e+00,-3.718875241988346333e-09,-9.455198687314331297e-07,-4.755233682503102009e-07,9.878907560957129741e-01,-5.516019014650358444e-04,-5.516019014650358444e-04,-3.718875241988346333e-09,-4.792422434922985456e-07,9.878921938224434207e-01,-5.496849324910666129e-04,-5.496849324910666129e-04,-6.293067902476811002e-09,-5.248141490383040304e-06,-5.248141490383040304e-06,-2.024078200572389038e-08
1.457536363865230999e+00,-3.745622537991243870e-09,-1.033318961301862830e-06,-4.732441837593661501e-07,9.878780508266525873e-01,-3.749389737621393976e-04,-3.749389737621393976e-04,-3.745622537991243870e-09,-4.769898062973573973e-07,9.878794817960714347e-01,-3.730310145369499452e-04,-3.730310145369499452e-04,-6.337516879897434989e-09,-5.526425337424457574e-06,-5.526425337424457574e-06,-1.857974656279674816e-08
1.459838948958225080e+00,-3.770078255727093469e-09,-1.119167065560629167e-06,-4.707637597740563392e-07,9.878654678814637879e-01,-1.908729597304293496e-04,-1.908729597304293496e-04,-3.770078255727093469e-09,-4.745338380297834261e-07,9.878668914829779046e-01,-1.889748243783102280e-04,-1.889748243783102280e-04,-6.378141358842892941e-09,-5.701218779720625329e-06,-5.701218779720625329e-06,-1.691900495103917865e-08
1.462141534051219161e+00,-3.792243783961434554e-09,-1.203037362202747677e-06,-4.680866259842169649e-07,9.878530116846806486e-01,-3.218600858480390842e-06,-3.218600858480390842e-06,-3.792243783961434554e-09,-4.718788697681784028e-07,9.878544273212899185e-01,-1.331085379407677231e-06,-1.331085379407677231e-06,-6.414943363482784261e-09,-5.769116812308190353e-06,-5.769116812308190353e-06,-1.525958827800151057e-08
1.464444119144213241e+00,-3.812121920701608946e-09,-1.284905227564827384e-06,-4.652173719280582911e-07,9.878406864728929149e-01,1.841787050753492178e-04,1.841787050753492178e-04,-3.812121920701608946e-09,-4.690294938487599141e-07,9.878420935613744236e-01,1.860548230507442623e-04,1.860548230507442623e-04,-6.447927269339401696e-09,-5.728917707419379853e-06,-5.728917707419379853e-06,-1.360251062269800205e-08
1.466746704237207100e+00,-3.829716843443483688e-09,-1.364748181445930667e-06,-4.621606419916622345e-07,9.878284962960642845e-01,3.675217924682381600e-04,3.675217924682381600e-04,-3.829716843443483688e-09,-4.659903588351056983e-07,9.878298942671407401e-01,3.693857539035785777e-04,3.693857539035785777e-04,-6.477099763909471535e-09,-5.581622861998256152e-06,-5.581622861998256152e-06,-1.194876892650703990e-08
1.469049289330201180e+00,-3.845034079612620861e-09,-1.442545835737865319e-06,-4.589211305274593861e-07,9.878164450189850232e-01,5.431380486807237075e-04,5.431380486807237075e-04,-3.845034079612620861e-09,-4.627661646070720226e-07,9.878178333174788550e-01,5.449891133391520379e-04,5.449891133391520379e-04,-6.502469807041525638e-09,-5.330391861184574245e-06,-5.330391861184574245e-06,-1.029934288573580988e-08
1.471351874423195261e+00,-3.858080477307898559e-09,-1.518279844149977643e-06,-4.555035770893874145e-07,9.878045363228539211e-01,7.075516745647562151e-04,7.075516745647562151e-04,-3.858080477307898559e-09,-4.593616575666953040e-07,9.878059144078266129e-01,7.093891211950230325e-04,7.093891211950230325e-04,-6.524048591066664446e-09,-4.980454545839859182e-06,-4.980454545839859182e-06,-8.655194840541478036e-09
1.473654459516189341e+00,-3.868864176434759563e-09,-1.591933853257074753e-06,-4.519127617817893723e-07,9.877927737069803760e-01,8.575505200748141611e-04,8.575505200748141611e-04,-3.868864176434759563e-09,-4.557816259582241145e-07,9.877941410518582543e-01,8.593736465786470415e-04,8.593736465786470415e-04,-6.541849500668472728e-09,-4.538982755408975769e-06,-4.538982755408975769e-06,-7.017269655679218596e-09
1.475957044609183422e+00,-3.877394580295528595e-09,-1.663493455042895986e-06,-4.481535007187294159e-07,9.877811604906018284e-01,9.902462759513784660e-04,9.902462759513784660e-04,-3.877394580295528595e-09,-4.520308952990249403e-07,9.877825165832877508e-01,9.920543995325745851e-04,9.920543995325745851e-04,-6.555888072469185080e-09,-4.014925109303506105e-06,-4.014925109303506105e-06,-5.386494589379374712e-09
1.478259629702177502e+00,-3.883682327682896097e-09,-1.732946141055229454e-06,-4.442306415900193256e-07,9.877696998148108865e-01,1.103126977284034360e-03,1.103126977284034360e-03,-3.883682327682896097e-09,-4.481143239177022481e-07,9.877710441577826073e-01,1.104919434579705118e-03,1.104919434579705118e-03,-6.566181954300779149e-09,-3.418808908813489922e-06,-3.418808908813489922e-06,-3.763779147522893238e-09
1.480562214795171583e+00,-3.887739265503798479e-09,-1.800281258236393907e-06,-4.401490593301135766e-07,9.877583946445841478e-01,1.194100953112625521e-03,1.194100953112625521e-03,-3.887739265503798479e-09,-4.440367985956173982e-07,9.877597267549799165e-01,1.195877100307008063e-03,1.195877100307008063e-03,-6.572750864125040712e-09,-2.762513750265524847e-06,-2.762513750265524847e-06,-2.150014921137126532e-09
1.482864799888165441e+00,-3.889578421940939310e-09,-1.865489966440876831e-06,-4.359136518859147766e-07,9.877472477709097198e-01,1.261531559663845847e-03,1.261531559663845847e-03,-3.889578421940939310e-09,-4.398032303078557374e-07,9.877485671806006673e-01,1.263290772585077323e-03,1.263290772585077323e-03,-6.575616548562297045e-09,-2.059021933818357436e-06,-2.059021933818357436e-06,-5.460754061146394656e-10
1.485167384981159522e+00,-3.889213980142424786e-09,-1.928565197606944752e-06,-4.315293360796076242e-07,9.877362618130051120e-01,1.304262230316244634e-03,1.304262230316244634e-03,-3.889213980142424786e-09,-4.354185500597500730e-07,9.877375680686553139e-01,1.306003904516483656e-03,1.306003904516483656e-03,-6.574802740987605971e-09,-1.322151055817881070e-06,-1.322151055817881070e-06,1.047184195137898525e-09
1.487469970074153602e+00,-3.886661252412850157e-09,-1.989501616505318369e-06,-4.270010435627634726e-07,9.877254392206230582e-01,1.321631588845626317e-03,1.321631588845626317e-03,-3.886661252412850157e-09,-4.308877048151763012e-07,9.877267318837374965e-01,1.323355139664887095e-03,1.323355139664887095e-03,-6.570335119152927404e-09,-5.662744186681062764e-07,-5.662744186681062764e-07,2.628927189597976608e-09
1.489772555167147683e+00,-3.881936654865557535e-09,-2.048295582952881366e-06,-4.223337168582007364e-07,9.877147822764378304e-01,1.313478568285338793e-03,1.313478568285338793e-03,-3.881936654865557535e-09,-4.262156535130663006e-07,9.877160609233983646e-01,1.315183430899390972e-03,1.315183430899390972e-03,-6.562241262296231154e-09,1.939650257105338407e-07,1.939650257105338407e-07,4.198335625850022845e-09
1.492075140260141763e+00,-3.875057682482520042e-09,-2.104945115346251637e-06,-4.175323054863995155e-07,9.877042930985093783e-01,1.280137684273314211e-03,1.280137684273314211e-03,-3.875057682482520042e-09,-4.214073631688820405e-07,9.877055573205988370e-01,1.281823313725989708e-03,1.281823313725989708e-03,-6.550550607701843190e-09,9.439414816674217214e-07,9.439414816674217214e-07,5.754610540717238559e-09
1.494377725353135844e+00,-3.866042884518622604e-09,-2.159449855346393840e-06,-4.126017621736473803e-07,9.876939736428185235e-01,1.222424792123289220e-03,1.222424792123289220e-03,-3.866042884518622604e-09,-4.164678050581660186e-07,9.876952230462336946e-01,1.224090663343521982e-03,1.224090663343521982e-03,-6.535294406681573563e-09,1.669328282592576568e-06,1.669328282592576568e-06,7.296972217838454477e-09
1.496680310446129702e+00,-3.854911840178265493e-09,-2.211811033524140010e-06,-4.075470391395211220e-07,9.876838257058707660e-01,1.141613841187954668e-03,1.141613841187954668e-03,-3.854911840178265493e-09,-4.114019509796994007e-07,9.876850599117237284e-01,1.143259448991873397e-03,1.143259448991873397e-03,-6.516505679952358179e-09,2.356369674644819824e-06,2.356369674644819824e-06,8.824660455198604893e-09
1.498982895539123783e+00,-3.841685134486909520e-09,-2.262031435764533954e-06,-4.023730844617752970e-07,9.876738509273632616e-01,1.039405292130104151e-03,1.039405292130104151e-03,-3.841685134486909520e-09,-4.062147695962621966e-07,9.876750695716720596e-01,1.041030151208489169e-03,1.041030151208489169e-03,-6.494219172393553975e-09,2.992137383575601968e-06,2.992137383575601968e-06,1.033693483824787952e-08
1.501285480632117864e+00,-3.826384334275925953e-09,-2.310115370218751952e-06,-3.970848385172047561e-07,9.876640507929101975e-01,9.178870122940485264e-04,9.178870122940485264e-04,-3.826384334275925953e-09,-4.009112228514806581e-07,9.876652535265787458e-01,9.194906571854544056e-04,9.194906571854544056e-04,-6.468471307175166567e-09,3.564767357784442942e-06,3.564767357784442942e-06,1.183307501491020176e-08
1.503588065725111944e+00,-3.809031964198121595e-09,-2.356068634591544221e-06,-3.916872304975299405e-07,9.876544266368246783e-01,7.794885785658140203e-04,7.794885785658140203e-04,-3.809031964198121595e-09,-3.954962624617280431e-07,9.876556131256120086e-01,7.810705636156608980e-04,7.810705636156608980e-04,-6.439300139256945814e-09,4.063672564888430572e-06,4.063672564888430572e-06,1.331238096859552329e-08
1.505890650818106025e+00,-3.789651482691590721e-09,-2.399898483554146099e-06,-3.861851749998722698e-07,9.876449796449509044e-01,6.269300230087595464e-04,6.269300230087595464e-04,-3.789651482691590721e-09,-3.899748264825638555e-07,9.876461495694303094e-01,6.284899223146897702e-04,6.284899223146897702e-04,-6.406745308267621190e-09,4.479728289621256408e-06,4.479728289621256408e-06,1.477417328519075666e-08
1.508193235911100105e+00,-3.768267257812497762e-09,-2.441613596081556387e-06,-3.805835686918484742e-07,9.876357108575445354e-01,4.631661271356370233e-04,4.631661271356370233e-04,-3.768267257812497762e-09,-3.843518359496609513e-07,9.876368639130523874e-01,4.647035344794356575e-04,4.647035344794356575e-04,-6.370847990782604799e-09,4.805426975262937552e-06,4.805426975262937552e-06,1.621779341000010772e-08
1.510495821004094186e+00,-3.744904542861635592e-09,-2.481224042524769340e-06,-3.748872870517811318e-07,9.876266211721960175e-01,2.913274278895615897e-04,2.913274278895615897e-04,-3.744904542861635592e-09,-3.786321915946427550e-07,9.876277570687708174e-01,2.928419566559401855e-04,2.928419566559401855e-04,-6.331650852027925514e-09,5.035000316233786972e-06,5.035000316233786972e-06,1.764260389065509480e-08
1.512798406097088044e+00,-3.719589451735910278e-09,-2.518741251245240972e-06,-3.691011811849320538e-07,9.876177113467947688e-01,1.146591234739240795e-04,1.146591234739240795e-04,-3.719589451735910278e-09,-3.728207706366679868e-07,9.876188298091066464e-01,1.161504065564707578e-04,1.161504065564707578e-04,-6.289197997046920896e-09,5.164506965386550284e-06,5.164506965386550284e-06,1.904798860217177187e-08
1.515100991190082125e+00,-3.692348933943527284e-09,-2.554177974658023026e-06,-3.632300747170546905e-07,9.876089820025288901e-01,-6.354092513047567632e-05,-6.354092513047567632e-05,-3.692348933943527284e-09,-3.669224236509982434e-07,9.876100827697998907e-01,-6.207323543587168547e-05,-6.207323543587168547e-05,-6.243534921375123087e-09,5.191884919723544262e-06,5.191884919723544262e-06,2.043335295054636031e-08
1.517403576283076205e+00,-3.663210749230395749e-09,-2.587548254552232578e-06,-3.572787607668827016e-07,9.876004336269192940e-01,-2.399839202369321569e-04,-2.399839202369321569e-04,-3.663210749230395749e-09,-3.609419715161131139e-07,9.876015164528338941e-01,-2.385401523508677102e-04,-2.385401523508677102e-04,-6.194708461276417202e-09,5.116968318454234911e-06,5.116968318454234911e-06,2.179812405157272351e-08
1.519706161376070286e+00,-3.632203441775169661e-09,-2.618867386581463228e-06,-3.512519989994389174e-07,9.875920665768813667e-01,-4.114504426288789697e-04,-4.114504426288789697e-04,-3.632203441775169661e-09,-3.548842024412140705e-07,9.875931312294886633e-01,-4.100309058191141365e-04,-4.100309058191141365e-04,-6.142766743600972216e-09,4.941469061464698724e-06,4.941469061464698724e-06,2.314175088190646771e-08
1.522008746469064366e+00,-3.599356313920993443e-09,-2.648151883842299258e-06,-3.451545127622780887e-07,9.875838810818142743e-01,-5.748482769719389643e-04,-5.748482769719389643e-04,-3.599356313920993443e-09,-3.487538690761990859e-07,9.875849273434215148e-01,-5.734532614956342009e-04,-5.734532614956342009e-04,-6.087759135331907926e-09,4.668924297852987415e-06,4.668924297852987415e-06,2.446370439979455973e-08
1.524311331562058447e+00,-3.564699399422937835e-09,-2.675419439485223817e-06,-3.389909863069128825e-07,9.875758772467121416e-01,-7.272667451325954494e-04,-7.272667451325954494e-04,-3.564699399422937835e-09,-3.425556857063358340e-07,9.875769049137692601e-01,-7.258965223897700762e-04,-7.258965223897700762e-04,-6.029736192892884373e-09,4.304611427728019198e-06,4.304611427728019198e-06,2.576347763331778342e-08
1.526613916655052305e+00,-3.528263436201776460e-09,-2.700688888328723072e-06,-3.327660620977798853e-07,9.875680550552939918e-01,-8.660266395820093079e-04,-8.660266395820093079e-04,-3.528263436201776460e-09,-3.362943255339816613e-07,9.875690639382705971e-01,-8.646814622798734088e-04,-8.646814622798734088e-04,-5.968749611293587032e-09,3.855432832241107985e-06,3.855432832241107985e-06,2.704058573445084070e-08
1.528916501748046386e+00,-3.490079838605742119e-09,-2.723980167473187161e-06,-3.264843382111115890e-07,9.875604143731511186e-01,-9.887249538413508086e-04,-9.887249538413508086e-04,-3.490079838605742119e-09,-3.299744180497173084e-07,9.875614042964052652e-01,-9.874050561691520220e-04,-9.874050561691520220e-04,-5.904852173192996867e-09,3.329773023224281564e-06,3.329773023224281564e-06,2.829456599771582366e-08
1.531219086841040466e+00,-3.450180669193629657e-09,-2.745314275936672756e-06,-3.201503658260794882e-07,9.875529549509046712e-01,-1.093273728146455315e-03,-1.093273728146455315e-03,-3.450180669193629657e-09,-3.236005464952731158e-07,9.875539257525441927e-01,-1.091979325960474190e-03,-1.091979325960474190e-03,-5.838097697963117810e-09,2.737331362948919660e-06,2.737331362948919660e-06,2.952497784268725858e-08
1.533521671934034547e+00,-3.408598610062772056e-09,-2.764713233358062863e-06,-3.137686468104469424e-07,9.875456764273752297e-01,-1.177932451066745394e-03,-1.177932451066745394e-03,-3.408598610062772056e-09,-3.171772454205097157e-07,9.875466279591115226e-01,-1.176663742085063422e-03,-1.176663742085063422e-03,-5.768540990836418236e-09,2.088933844236121419e-06,2.088933844236121419e-06,3.073140276008270056e-08
1.535824257027028628e+00,-3.365366933756373681e-09,-2.782200037835751997e-06,-3.073436314028688682e-07,9.875385783327558231e-01,-1.241333595669303225e-03,-1.241333595669303225e-03,-3.365366933756373681e-09,-3.107089983366252655e-07,9.875395104597508578e-01,-1.240090759675956805e-03,-1.240090759675956805e-03,-5.696237792220899756e-09,1.396327737189155593e-06,1.396327737189155593e-06,3.191344422164350691e-08
1.538126842120022708e+00,-3.320519473793331530e-09,-2.797798622989224795e-06,-3.008797159937539861e-07,9.875316600917899423e-01,-1.282500998386630967e-03,-1.282500998386630967e-03,-3.320519473793331530e-09,-3.042002354675473006e-07,9.875325726924963909e-01,-1.281284197444760783e-03,-1.281284197444760783e-03,-5.621244727265172250e-09,6.719630983997951618e-07,6.719630983997951618e-07,3.307072755444490512e-08
1.540429427213016567e+00,-3.274090594873046466e-09,-2.811533814349746411e-06,-2.943812410063930025e-07,9.875249210269479994e-01,-1.300860932755224875e-03,-1.300860932755224875e-03,-3.274090594873046466e-09,-2.976553316012660568e-07,9.875258139929428136e-01,-1.299670311428819747e-03,-1.299670311428819747e-03,-5.543619255754429273e-09,-7.123470275582427397e-08,-7.123470275582427397e-08,3.420289978071527971e-08
1.542732012306010647e+00,-3.226115162814414174e-09,-2.823431285200021987e-06,-2.878524888797707168e-07,9.875183603616010108e-01,-1.296245856857836977e-03,-1.296245856857836977e-03,-3.226115162814414174e-09,-2.910786040425851123e-07,9.875192335974131153e-01,-1.295081542441666681e-03,-1.295081542441666681e-03,-5.463419622414868705e-09,-8.200972480201371109e-07,-8.200972480201371109e-07,3.530962942460206618e-08
1.545034597399004728e+00,-3.176628514295366321e-09,-2.833517511996774980e-06,-2.812976821541882859e-07,9.875119772231880644e-01,-1.268890952409893521e-03,-1.268890952409893521e-03,-3.176628514295366321e-09,-2.844743106684836658e-07,9.875128306461200545e-01,-1.267753055167219686e-03,-1.267753055167219686e-03,-5.380704807700731921e-09,-1.561445934641134025e-06,-1.561445934641134025e-06,3.639060628770192532e-08
1.547337182491998808e+00,-3.125666426463804165e-09,-2.841819729518107120e-06,-2.747209816604870425e-07,9.875057706463737928e-01,-1.219423689414169927e-03,-1.219423689414169927e-03,-3.125666426463804165e-09,-2.778466480869508239e-07,9.875066041863180821e-01,-1.218312302821822129e-03,-1.218312302821822129e-03,-5.295534479133361129e-09,-2.282321353326890769e-06,-2.282321353326890769e-06,3.744554119544339546e-08
1.549639767584992889e+00,-3.073265086495266271e-09,-2.848365885885886702e-06,-2.681264848133177640e-07,9.874997395761945240e-01,-1.148846773804494247e-03,-1.148846773804494247e-03,-3.073265086495266271e-09,-2.711997498998130352e-07,9.875005531754442734e-01,-1.147761974804894971e-03,-1.147761974804894971e-03,-5.207968943256593105e-09,-2.970205248704929551e-06,-2.970205248704929551e-06,3.847416571670115292e-08
1.551942352677986969e+00,-3.019461061174940577e-09,-2.853184597616060598e-06,-2.615182240085532244e-07,9.874938828711891103e-01,-1.058514934915026672e-03,-1.058514934915026672e-03,-3.019461061174940577e-09,-2.645376850697281542e-07,9.874946764842442715e-01,-1.057456784174747727e-03,-1.057456784174747727e-03,-5.118069098267215860e-09,-3.613231358924183268e-06,-3.613231358924183268e-06,3.947623185920164734e-08
1.554244937770981050e+00,-2.964291266583326735e-09,-2.856305104852001179e-06,-2.549001651245651441e-07,9.874881993065114383e-01,-9.501061087251831943e-04,-9.501061087251831943e-04,-2.964291266583326735e-09,-2.578644563911484580e-07,9.874889728998805793e-01,-9.490746508996185469e-04,-9.490746508996185469e-04,-5.025896387372974496e-09,-4.200381716195660171e-06,-4.200381716195660171e-06,4.045151174346008464e-08
1.556547522863974908e+00,-2.907792937964806694e-09,-2.857757226934123641e-06,-2.482762061267354505e-07,9.874826875770239543e-01,-8.255876510067484226e-04,-8.255876510067484226e-04,-2.907792937964806694e-09,-2.511839990647002452e-07,9.874834411290212000e-01,-8.245829150104896053e-04,-8.245829150104896053e-04,-4.931512752924240744e-09,-4.721665323765120343e-06,-4.721665323765120343e-06,4.139979725808660951e-08
1.558850107956968989e+00,-2.850003599857421557e-09,-2.857571318455402077e-06,-2.416501757742070623e-07,9.874773463003674312e-01,-6.871782836504701768e-04,-6.871782836504701768e-04,-2.850003599857421557e-09,-2.445001793740644797e-07,9.874780798009055172e-01,-6.862002829329739073e-04,-6.862002829329739073e-04,-4.834980591358793595e-09,-5.168276504695577982e-06,-5.168276504695577982e-06,4.232089969936405200e-08
1.561152693049963069e+00,-2.790961036560114133e-09,-2.855778225946459726e-06,-2.350258324275540968e-07,9.874721740200054221e-01,-5.373065305644699440e-04,-5.373065305644699440e-04,-2.790961036560114133e-09,-2.378167934641142150e-07,9.874728874703858628e-01,-5.363552633906134345e-04,-5.363552633906134345e-04,-4.736362708992632820e-09,-5.532730635124097784e-06,-5.532730635124097784e-06,4.321464939801015839e-08
1.563455278142957150e+00,-2.730703263010187317e-09,-2.852409245325709974e-06,-2.284068629557015477e-07,9.874671692082421792e-01,-3.785664367716719378e-04,-3.785664367716719378e-04,-2.730703263010187317e-09,-2.311375662187117442e-07,9.874678626209408838e-01,-3.776418865067970735e-04,-3.776418865067970735e-04,-4.635722278682747565e-09,-5.808975410109801033e-06,-5.808975410109801033e-06,4.408089533600425791e-08
1.565757863235951231e+00,-2.669268496139885740e-09,-2.847496080240386278e-06,-2.217968817401431358e-07,9.874623302692097093e-01,-2.136713895302675195e-04,-2.136713895302675195e-04,-2.669268496139885740e-09,-2.244661502362830248e-07,9.874630036676603773e-01,-2.127735249293223987e-04,-2.127735249293223987e-04,-4.533122797381514503e-09,-5.992476263125087906e-06,-5.992476263125087906e-06,4.491950475628163407e-08
1.568060448328945311e+00,-2.606695126775788238e-09,-2.841070801412875685e-06,-2.151994297742203950e-07,9.874576555418234092e-01,-4.540686685708153041e-05,-4.540686685708153041e-05,-2.606695126775788238e-09,-2.178061249009961836e-07,9.874583089601981500e-01,-4.453564235747754568e-05,-4.453564235747754568e-05,-4.428628044595983602e-09,-6.080275014437687586e-06,-6.080275014437687586e-06,4.573036276798205835e-08
1.570363033421939170e+00,-2.543021692139022118e-09,-2.833165807094467878e-06,-2.086179738549684850e-07,9.874531433027049498e-01,1.234170649958786752e-04,1.234170649958786752e-04,-2.543021692139022118e-09,-2.111609955471075034e-07,9.874537767856915726e-01,1.242617089780671130e-04,1.242617089780671130e-04,-4.322302041759137963e-09,-6.071021319062134019e-06,-6.071021319062134019e-06,4.651337194979418715e-08
1.572665618514933250e+00,-2.478286848998008371e-09,-2.823813784714861073e-06,-2.020559058648318548e-07,9.874487917690677463e-01,2.900127046375865886e-04,2.900127046375865886e-04,-2.478286848998008371e-09,-2.045341927138298747e-07,9.874494053716459385e-01,2.908308414084418954e-04,2.908308414084418954e-04,-4.214209012514862331e-09,-5.964976924168793549e-06,-5.964976924168793549e-06,4.726845195374692745e-08
1.574968203607927331e+00,-2.412529347518544128e-09,-2.813047673802061039e-06,-1.955165421403515819e-07,9.874445991015674551e-01,4.516603501281550885e-04,4.516603501281550885e-04,-2.412529347518544128e-09,-1.979290714878701372e-07,9.874451928887819641e-01,4.524520664141065793e-04,4.524520664141065793e-04,-4.104413343912868994e-09,-5.763993231862086318e-06,-5.763993231862086318e-06,4.799553911160347003e-08
1.577270788700921411e+00,-2.345788005848980676e-09,-2.800900630232514464e-06,-1.890031229247844648e-07,9.874405634071115045e-01,6.057518905310700771e-04,6.057518905310700771e-04,-2.345788005848980676e-09,-1.913489109306334509e-07,9.874411374538443198e-01,6.065172861747926240e-04,6.065172861747926240e-04,-3.992979548505382922e-09,-5.471463058508077125e-06,-5.471463058508077125e-06,4.869458604577757204e-08
1.579573373793915492e+00,-2.278101685470710624e-09,-2.787405991856838637e-06,-1.825188119014871046e-07,9.874366827416295456e-01,7.498316853228731687e-04,7.498316853228731687e-04,-2.278101685470710624e-09,-1.847969135869578194e-07,9.874372371323703046e-01,7.505708729772209934e-04,7.505708729772209934e-04,-3.879972227332999720e-09,-5.092247922598369604e-06,-5.092247922598369604e-06,4.936556128645229787e-08
1.581875958886909572e+00,-2.209509267336945794e-09,-2.772597245532162846e-06,-1.760666958048272175e-07,9.874329551128022686e-01,8.816341256829057695e-04,8.816341256829057695e-04,-2.209509267336945794e-09,-1.782762050721641666e-07,9.874334899414174416e-01,8.823472305031944537e-04,8.823472305031944537e-04,-3.765456033783849450e-09,-4.632582531367587488e-06,-4.632582531367587488e-06,5.000844889632809830e-08
1.584178543979903431e+00,-2.140049628815097350e-09,-2.756507995577747711e-06,-1.696497841053192274e-07,9.874293784827468112e-01,9.991173452730517900e-04,9.991173452730517900e-04,-2.140049628815097350e-09,-1.717898337341343160e-07,9.874298938522479974e-01,9.998045046079883941e-04,9.998045046079883941e-04,-3.649495638306924941e-09,-4.099958493773589070e-06,-4.099958493773589070e-06,5.062324810416313128e-08
1.586481129072897511e+00,-2.069761621440931127e-09,-2.739171933657198154e-06,-1.632710087656735360e-07,9.874259507706594219e-01,1.100492625538204358e-03,1.100492625538204358e-03,-2.069761621440931127e-09,-1.653407703871144758e-07,9.874264467929705358e-01,1.101153988619752800e-03,1.101153988619752800e-03,-3.532155693958221320e-09,-3.502989560547969325e-06,-3.502989560547969325e-06,5.120997294800991970e-08
1.588783714165891592e+00,-1.998684049485683101e-09,-2.720622810077860746e-06,-1.569332240644632688e-07,9.874226698554112724e-01,1.184249124518857964e-03,1.184249124518857964e-03,-1.998684049485683101e-09,-1.589319081139489540e-07,9.874231466511356192e-01,1.184884852151313686e-03,1.184884852151313686e-03,-3.413500802756623332e-09,-2.851260942963576745e-06,-2.851260942963576745e-06,5.176865192879476436e-08
1.591086299258885672e+00,-1.926855649330409249e-09,-2.700894406485886139e-06,-1.506392064841387897e-07,9.874195335781008609e-01,1.249173645426504900e-03,1.249173645426504900e-03,-1.926855649330409249e-09,-1.525660621334692093e-07,9.874199912762872122e-01,1.249783909675038825e-03,1.249783909675038825e-03,-3.293595482824988062e-09,-2.155165456291034779e-06,-2.155165456291034779e-06,5.229932767463100347e-08
1.593388884351879753e+00,-1.854315069635962386e-09,-2.680020509925064090e-06,-1.443916546602077629e-07,9.874165397445578973e-01,1.294365248173321532e-03,1.294365248173321532e-03,-1.854315069635962386e-09,-1.462459697298437335e-07,9.874169784824671225e-01,1.294950232052240928e-03,1.294950232052240928e-03,-3.172504136291607236e-09,-1.425729374023082073e-06,-1.425729374023082073e-06,5.280205661602333560e-08
1.595691469444873833e+00,-1.781100852290918731e-09,-2.658034888217380135e-06,-1.381931893884744785e-07,9.874136861278013377e-01,1.319244598446897739e-03,1.319244598446897739e-03,-1.781100852290918731e-09,-1.399742902407654092e-07,9.874141060506720358e-01,1.319804495607860900e-03,1.319804495607860900e-03,-3.050291017926894941e-09,-6.744309798603683056e-07,-6.744309798603683056e-07,5.327690867188526610e-08
1.597994054537867914e+00,-1.707251414114969549e-09,-2.634971266615514202e-06,-1.320463536873516725e-07,9.874109704704485679e-01,1.323558032837941854e-03,1.323558032837941854e-03,-1.707251414114969549e-09,-1.337536051014666501e-07,9.874113717312639205e-01,1.324093047258347771e-03,1.324093047258347771e-03,-2.927020204490671472e-09,8.698516031943045027e-08,8.698516031943045027e-08,5.372396694609558218e-08
1.600296639630861772e+00,-1.632805029290451148e-09,-2.610863305669699022e-06,-1.259536129123842253e-07,9.874083904870776252e-01,1.307376408022321943e-03,1.307376408022321943e-03,-1.632805029290451148e-09,-1.275864179416746837e-07,9.874087732463314726e-01,1.307886753694088551e-03,1.307886753694088551e-03,-2.802755564766250278e-09,8.466951833250049284e-07,8.466951833250049284e-07,5.414332743411549501e-08
1.602599224723855853e+00,-1.557799812491173031e-09,-2.585744580246361236e-06,-1.199173549202661070e-07,9.874059438665394595e-01,1.271088877595296859e-03,1.271088877595296859e-03,-1.557799812491173031e-09,-1.214751547327572676e-07,9.874063082920037093e-01,1.271574778214227793e-03,1.271574778214227793e-03,-2.677560730258766653e-09,1.592981207755916500e-06,1.592981207755916500e-06,5.453509873903757305e-08
1.604901809816849934e+00,-1.482273702674294391e-09,-2.559648559630909197e-06,-1.139398902797976253e-07,9.874036282742223447e-01,1.215391822421363994e-03,1.215391822421363994e-03,-1.482273702674294391e-09,-1.154221639824719225e-07,9.874039745407142687e-01,1.215853511077293796e-03,1.215853511077293796e-03,-2.551499066537050471e-09,2.314412040507783836e-06,2.314412040507783836e-06,5.489940179627674738e-08
1.607204394909844014e+00,-1.406264447498721047e-09,-2.532608588644440803e-06,-1.080234525273751263e-07,9.874014413542662183e-01,1.141273223749324130e-03,1.141273223749324130e-03,-1.406264447498721047e-09,-1.094297169748738532e-07,9.874017696434171931e-01,1.141710942617223633e-03,1.141710942617223633e-03,-2.424633645199887921e-09,3.000016587496228958e-06,3.000016587496228958e-06,5.523636960600783706e-08
1.609506980002838095e+00,-1.329809588331629453e-09,-2.504657869702012312e-06,-1.021701984647909445e-07,9.873993807317286153e-01,1.049992837584640560e-03,1.049992837584640560e-03,-1.329809588331629453e-09,-1.035000080531225675e-07,9.873996912317527519e-01,1.050406837616853087e-03,1.050406837616853087e-03,-2.297027216450129483e-09,3.639447427618140113e-06,3.639447427618140113e-06,5.554614697234856685e-08
1.611809565095832175e+00,-1.252946445803820913e-09,-2.475829445739781695e-06,-9.638220849728306012e-08,9.873974440146998655e-01,9.430585788895229967e-04,9.430585788895229967e-04,-1.252946445803820913e-09,-9.763515494308688372e-08,9.873977369201647480e-01,9.434491195092953222e-04,9.434491195092953222e-04,-2.168742182262204446e-09,4.223132220939787129e-06,4.223132220939787129e-06,5.582889024822287401e-08
1.614112150188826034e+00,-1.175712105874108673e-09,-2.446156183938746240e-06,-9.066148700994707853e-08,9.873956287963704392e-01,8.221995750045126656e-04,8.221995750045126656e-04,-1.175712105874108673e-09,-9.183719911582119176e-08,9.873959043079677533e-01,8.225669238009759810e-04,8.225669238009759810e-04,-2.039840570131270374e-09,4.742410871625768304e-06,4.742410871625768304e-06,5.608476708478982853e-08
1.616414735281820114e+00,-1.098143406363254927e-09,-2.415670760174518680e-06,-8.500996278078594393e-08,9.873939326570468911e-01,6.893363837568648560e-04,6.893363837568648560e-04,-1.098143406363254927e-09,-8.610810618714919659e-08,9.873941909813654938e-01,6.896808161816134208e-04,6.896808161816134208e-04,-1.910384007394676426e-09,5.189656633653813052e-06,5.189656633653813052e-06,5.631395618430314920e-08
1.618717320374814195e+00,-1.020276923918955557e-09,-2.384405644125220827e-06,-7.942948942884483011e-08,9.873923531661200625e-01,5.465489018946853442e-04,5.465489018946853442e-04,-1.020276923918955557e-09,-8.044976635276379228e-08,9.873925945154191641e-01,5.468707009600963639e-04,5.468707009600963639e-04,-1.780433696119289356e-09,5.558379638506070896e-06,5.558379638506070896e-06,5.651664705526617913e-08
1.621019905467808275e+00,-9.421489613745727780e-10,-2.352393084972946963e-06,-7.392184589601622601e-08,9.873908878839825487e-01,3.960425099024851851e-04,3.960425099024851851e-04,-9.421489613745727780e-10,-7.486399485739080292e-08,9.873911124759671143e-01,3.963419658819147384e-04,3.963419658819147384e-04,-1.650050388550471219e-09,5.843311632751594650e-06,5.843311632751594650e-06,5.669303976876924634e-08
1.623322490560802356e+00,-8.637955354664901800e-10,-2.319665097638559842e-06,-6.848873696125929140e-08,9.873895343638980915e-01,2.401130095617671459e-04,2.401130095617671459e-04,-8.637955354664901800e-10,-6.935253249672577817e-08,9.873897424214955754e-01,2.403904196917540544e-04,2.403904196917540544e-04,-1.519294363121322632e-09,6.040471021899509850e-06,6.040471021899509850e-06,5.684334471493917688e-08
1.625625075653796436e+00,-7.852523648772210043e-10,-2.286253449494307297e-06,-6.313179378610453326e-08,9.873882901538207912e-01,8.111091391687009393e-05,8.111091391687009393e-05,-7.852523648772210043e-10,-6.391704615098175405e-08,9.873884819049592032e-01,8.136658210147401714e-05,8.136658210147401714e-05,-1.388225401023089091e-09,6.147207647399069925e-06,6.147207647399069925e-06,5.696778235848798837e-08
1.627927660746790517e+00,-7.065548585741765189e-10,-2.252189647504230709e-06,-5.785257449043478811e-08,9.873871527981661345e-01,-7.859435813714137585e-05,-7.859435813714137585e-05,-7.065548585741765189e-10,-5.855912934900896732e-08,9.873873284755542157e-01,-7.836012161974533667e-05,-7.836012161974533667e-05,-1.256902763339818199e-09,6.162227028899196045e-06,6.162227028899196045e-06,5.706658299242833955e-08
1.630230245839784375e+00,-6.277381044171493925e-10,-2.217504925747819895e-06,-5.265256475764657449e-08,9.873861198395333938e-01,-2.366498441423765136e-04,-2.366498441423765136e-04,-6.277381044171493925e-10,-5.328030286206372057e-08,9.873862796804420139e-01,-2.364367229309282531e-04,-2.364367229309282531e-04,-1.125385168752553702e-09,6.085594135872482289e-06,6.085594135872482289e-06,5.713998648910643976e-08
1.632532830932778456e+00,-5.488368580107784967e-10,-2.182230233288528140e-06,-4.753317846838060934e-08,9.873851888203789562e-01,-3.907534415324983657e-04,-3.907534415324983657e-04,-5.488368580107784967e-10,-4.808201532639138928e-08,9.873853330664249528e-01,-3.905611134711928266e-04,-3.905611134711928266e-04,-9.937307718199418536e-10,5.918717035423065680e-06,5.918717035423065680e-06,5.718824204780969608e-08
1.634835416025772536e+00,-4.698855317820379584e-10,-2.146396222354803847e-06,-4.249575836210655958e-08,9.873843572846422445e-01,-5.386868657063212168e-04,-5.386868657063212168e-04,-4.698855317820379584e-10,-4.296564389388859744e-08,9.873844861815739282e-01,-5.385150031307457067e-04,-5.385150031307457067e-04,-8.619971418441519224e-10,5.664311077208284950e-06,5.664311077208284950e-06,5.721160793831349269e-08
1.637138001118766617e+00,-3.909181842660699507e-10,-2.110033236807339701e-06,-3.754157672588882286e-08,9.873836227793232334e-01,-6.783467114133221593e-04,-6.783467114133221593e-04,-3.909181842660699507e-10,-3.793249491015489178e-08,9.873837365768080021e-01,-6.781949814336815218e-04,-6.781949814336815218e-04,-7.302412423317340474e-10,5.326344523512997859e-06,5.326344523512997859e-06,5.721035123984902918e-08
1.639440586211760698e+00,-3.119685095877639846e-10,-2.073171300872478643e-06,-3.267183610973310211e-08,9.873829828560130029e-01,-8.077732080762137223e-04,-8.077732080762137223e-04,-3.119685095877639846e-10,-3.298380461932086785e-08,9.873830818074268434e-01,-8.076412728577364065e-04,-8.076412728577364065e-04,-5.985194110606642055e-10,4.909966805778248125e-06,4.909966805778248125e-06,5.718474757509703727e-08
1.641743171304754778e+00,-2.330698271299191452e-10,-2.035840108127450366e-06,-2.788767006793685855e-08,9.873824350723765519e-01,-9.251763045834017875e-04,-9.251763045834017875e-04,-2.330698271299191452e-10,-2.812073989506677651e-08,9.873825194345962064e-01,-9.250638216238215531e-04,-9.250638216238215531e-04,-4.668873407652507040e-10,4.421420796163442820e-06,4.421420796163442820e-06,5.713508083893384398e-08
1.644045756397748637e+00,-1.542550713825934677e-10,-1.998069010728824847e-06,-2.319014392589476243e-08,9.873819769935885393e-01,-1.028958769719328162e-03,-1.028958769719328162e-03,-1.542550713825934677e-10,-2.334439899727735678e-08,9.873820470267855587e-01,-1.028865392123339126e-03,-1.028865392123339126e-03,-3.354000604512037166e-10,3.867940694327260789e-06,3.867940694327260789e-06,5.706164292178157666e-08
1.646348341490742717e+00,-7.555678197167631379e-11,-1.959887008880958266e-06,-1.858025557181704699e-08,9.873816061937240596e-01,-1.117736046613367496e-03,-1.117736046613367496e-03,-7.555678197167631379e-11,-1.865581235378872279e-08,9.873816621611610778e-01,-1.117661423363952447e-03,-1.117661423363952447e-03,-2.041119173532415045e-10,3.257637292371995817e-06,3.257637292371995817e-06,5.696473342753875365e-08
1.648650926583736798e+00,2.992906131812488880e-12,-1.921322740545923364e-06,-1.405893627282628133e-08,9.873813202571003478e-01,-1.190352654316878013e-03,-1.190352654316878013e-03,2.992906131812488880e-12,-1.405594336669446807e-08,9.873813624249304643e-01,-1.190296430543411228e-03,-1.190296430543411228e-03,-7.307655954782342358e-11,2.599372521573197996e-06,2.599372521573197996e-06,5.684465938617990747e-08
1.650953511676730878e+00,8.136227221722852151e-11,-1.882404471401153097e-06,-9.627051514870239753e-09,9.873811167795764066e-01,-1.245894986377130359e-03,-1.245894986377130359e-03,8.136227221722852151e-11,-9.545689242653010870e-09,9.873811454166441237e-01,-1.245856803620159830e-03,-1.245856803620159830e-03,5.765308076721040280e-11,1.902625294049090496e-06,1.902625294049090496e-06,5.670173496123493367e-08
1.653256096769724959e+00,1.595200192471368551e-10,-1.843160085054734567e-06,-5.285401865881333959e-09,9.873809933698040053e-01,-1.283700411200159241e-03,-1.283700411200159241e-03,1.595200192471368551e-10,-5.125881846634197388e-09,9.873810087474494956e-01,-1.283679907672772690e-03,-1.283679907672772690e-03,1.880248033144665660e-10,1.177350723289787779e-06,1.177350723289787779e-06,5.653628115245610796e-08
1.655558681862719039e+00,2.374352830673967188e-10,-1.803617073531972236e-06,-1.034723861574092601e-09,9.873809476504356031e-01,-1.303362636812643817e-03,-1.303362636812643817e-03,2.374352830673967188e-10,-7.972885785066959340e-10,9.873809500423013086e-01,-1.303359447658329704e-03,-1.303359447658329704e-03,3.179871550897302242e-10,4.338348557856366079e-07,4.338348557856366079e-07,5.634862549408642154e-08
1.657861266955713120e+00,3.150776414022629864e-10,-1.763802528049538950e-06,3.124309086763555576e-09,9.873809772592875289e-01,-1.304733354568145222e-03,-1.304733354568145222e-03,3.150776414022629864e-10,3.439386728165818563e-09,9.873809669411273138e-01,-1.304747112115057887e-03,-1.304747112115057887e-03,4.474894450160721001e-10,-3.174529480732100375e-07,-3.174529480732100375e-07,5.613910174922599302e-08
1.660163852048706978e+00,3.924171226201170973e-10,-1.723743130096069710e-06,7.191085763172632590e-09,9.873810798504581987e-01,-1.287920232029296291e-03,-1.287920232029296291e-03,3.924171226201170973e-10,7.583502885792750101e-09,9.873810570999494995e-01,-1.287950566040839363e-03,-1.287950566040839363e-03,5.764817578909450795e-10,-1.066007860263127153e-06,-1.066007860263127153e-06,5.590804960087669499e-08
1.662466437141701059e+00,4.694242142541185007e-10,-1.683465142839555585e-06,1.116505619735822577e-08,9.873812530954042543e-01,-1.253281371220444761e-03,-1.253281371220444761e-03,4.694242142541185007e-10,1.163448041161234468e-08,9.873812181919630060e-01,-1.253327909142091297e-03,-1.253327909142091297e-03,7.049149676194806046e-10,-1.801435588166356582e-06,-1.801435588166356582e-06,5.565581434030717874e-08
1.664769022234695139e+00,5.460698712604226593e-10,-1.642994402883478873e-06,1.504573069523907898e-08,9.873814946839719608e-01,-1.201416398977685597e-03,-1.201416398977685597e-03,5.460698712604226593e-10,1.559180056649950040e-08,9.873814479085702978e-01,-1.201478766179951696e-03,-1.201478766179951696e-03,8.327407497284100235e-10,-2.513594538273942996e-06,-2.513594538273942996e-06,5.538274655344379587e-08
1.667071607327689220e+00,6.223255239962154798e-10,-1.602356312393855311e-06,1.883267885056070106e-08,9.873818023253871923e-01,-1.133154394584612095e-03,-1.133154394584612095e-03,6.223255239962154798e-10,1.945500437455691623e-08,9.873817439603740365e-01,-1.133232214602110247e-03,-1.133232214602110247e-03,9.599115931571694141e-10,-3.192732248048596005e-06,-3.192732248048596005e-06,5.508920180602920630e-08
1.669374192420683300e+00,6.981630858988451497e-10,-1.561575831619913029e-06,2.252552853846265069e-08,9.873821737492020079e-01,-1.049538901654043128e-03,-1.049538901654043128e-03,6.981630858988451497e-10,2.322369162436149573e-08,9.873821040781270986e-01,-1.049631796420540499e-03,-1.049631796420540499e-03,1.086380811324094492e-09,-3.829614320527983587e-06,-3.829614320527983587e-06,5.477554032833130422e-08
1.671676777513677381e+00,7.735549608474395589e-10,-1.520677471830467332e-06,2.612396489194981534e-08,9.873826067062013712e-01,-9.518103019376025070e-04,-9.518103019376025070e-04,7.735549608474395589e-10,2.689751985279725387e-08,9.873825260136418480e-01,-9.519178920170136803e-04,-9.519178920170136803e-04,1.212102552467629247e-09,-4.415644241676170723e-06,-4.415644241676170723e-06,5.444212670019873287e-08
1.673979362606671240e+00,8.484740501884183183e-10,-1.479685288687459977e-06,2.962772926226951334e-08,9.873830989692671256e-01,-8.413858589733150522e-04,-8.413858589733150522e-04,8.484740501884183183e-10,3.047620331245793032e-08,9.873830075406572204e-01,-8.415077637865649380e-04,-8.415077637865649380e-04,1.337031809264283727e-09,-4.942972627666820610e-06,-4.942972627666820610e-06,5.408932953727452489e-08
1.676281947699665320e+00,9.228937594069070588e-10,-1.438622876076757124e-06,3.303661816424605176e-08,9.873836483342022241e-01,-7.198377618993212750e-04,-7.198377618993212750e-04,9.228937594069070588e-10,3.395951192365296089e-08,9.873835464556665054e-01,-7.199735999470158404e-04,-7.199735999470158404e-04,1.461124427727017797e-09,-5.404594629313910192e-06,-5.404594629313910192e-06,5.371752117917406501e-08
1.678584532792659401e+00,9.967880044266568530e-10,-1.397513360414823518e-06,3.635048220766329511e-08,9.873842526205146575e-01,-5.888695176723968139e-04,-5.888695176723968139e-04,9.967880044266568530e-10,3.734727021208995300e-08,9.873841405787040504e-01,-5.890189067532451521e-04,-5.890189067532451521e-04,1.584337115389294772e-09,-5.794434412608113596e-06,-5.794434412608113596e-06,5.332707738042305674e-08
1.680887117885653481e+00,1.070131217522412666e-09,-1.356379395447851468e-06,3.956922501584026132e-08,9.873849096721621921e-01,-4.502910529081940636e-04,-4.502910529081940636e-04,1.070131217522412666e-09,4.063935623336267088e-08,9.873847877540934403e-01,-4.504536103331275351e-04,-4.504536103331275351e-04,1.706627448782329902e-09,-6.107415839955176746e-06,-6.107415839955176746e-06,5.291837700492985965e-08
1.683189702978647562e+00,1.142898352829732706e-09,-1.315243157557779753e-06,4.269280213256729382e-08,9.873856173582583606e-01,-3.059928928735044010e-04,-3.059928928735044010e-04,1.142898352829732706e-09,4.383570048539702798e-08,9.873854858511569299e-01,-3.061682356754460098e-04,-3.061682356754460098e-04,1.827953880214328076e-09,-6.339518679216380209e-06,-6.339518679216380209e-06,5.249180172473362257e-08
1.685492288071641642e+00,1.215064891438934657e-09,-1.274126341587174624e-06,4.572121991860972930e-08,9.873863735737400393e-01,-1.579197878543354451e-04,-1.579197878543354451e-04,1.215064891438934657e-09,4.693628481004866520e-08,9.873862327648855741e-01,-1.581075329935756487e-04,-1.581075329935756487e-04,1.948275743862477130e-09,-6.487819886844786920e-06,-6.487819886844786920e-06,5.204773572373293083e-08
1.687794873164635501e+00,1.286606846061543497e-09,-1.233050157192325641e-06,4.865453443900581931e-08,9.873871762399972773e-01,-8.044153027693594582e-06,-8.044153027693594582e-06,1.286606846061543497e-09,4.994114128506736239e-08,9.873870264165733879e-01,-8.243917592833864376e-06,-8.243917592833864376e-06,2.067553261189874914e-09,-6.550519712521219755e-06,-6.550519712521219755e-06,5.158656540705154373e-08
1.690097458257629581e+00,1.357500765259537132e-09,-1.192035325731125284e-06,5.149285034240878256e-08,9.873880233054666000e-01,1.416603194349162851e-04,1.416603194349162851e-04,1.357500765259537132e-09,5.285035110766831949e-08,9.873878647544133136e-01,1.414489180304856063e-04,1.414489180304856063e-04,2.185747545701190198e-09,-6.526952594063367511e-06,-6.526952594063367511e-06,5.110867911664627516e-08
1.692400043350623662e+00,1.427723737229559771e-09,-1.151102077689566446e-06,5.423631973372402890e-08,9.873889127461886739e-01,2.892445305681962272e-04,2.892445305681962272e-04,1.427723737229559771e-09,5.566404347095358619e-08,9.873887457540582169e-01,2.890218743943124180e-04,2.890218743943124180e-04,2.302820607051854826e-09,-6.417582999231404349e-06,-6.417582999231404349e-06,5.061446685370487567e-08
1.694702628443617742e+00,1.497253393136649630e-09,-1.110270150647618432e-06,5.688514104131189269e-08,9.873898425663276690e-01,4.328089982619005177e-04,4.328089982619005177e-04,1.497253393136649630e-09,5.838239443444854501e-08,9.873896674191443568e-01,4.325754686841626990e-04,4.325754686841626990e-04,2.418735354527255063e-09,-6.223986582289817264e-06,-6.223986582289817264e-06,5.010432000831730036e-08
1.697005213536611823e+00,1.566067909993926578e-09,-1.069558787782601054e-06,5.943955788000921965e-08,9.873908107986597571e-01,5.705277262889152205e-04,5.705277262889152205e-04,1.566067909993926578e-09,6.100562579000314540e-08,9.873906277817824373e-01,5.702837037857552476e-04,5.702837037857552476e-04,2.533455599908975702e-09,-5.948817191832590938e-06,-5.948817191832590938e-06,4.957863109684231079e-08
1.699307798629605903e+00,1.634146013087052726e-09,-1.028986736905191893e-06,6.189985791122336963e-08,9.873918155050238621e-01,7.006706350212621622e-04,7.006706350212621622e-04,1.634146013087052726e-09,6.353400392431042587e-08,9.873916249030121328e-01,7.004164990055648798e-04,7.004164990055648798e-04,2.646946059746308328e-09,-5.595760451908357778e-06,-5.595760451908357778e-06,4.903779350732112823e-08
1.701610383722599984e+00,1.701466977944425683e-09,-9.885722500205546043e-07,6.426637170133230565e-08,9.873928547767406583e-01,8.216242969679904201e-04,8.216242969679904201e-04,1.701466977944425683e-09,6.596783867927672885e-08,9.873926568732246389e-01,8.213604256132732862e-04,8.213604256132732862e-04,2.759172357051871908e-09,-5.169474785901614612e-06,-5.169474785901614612e-06,4.848220125322389252e-08
1.703912968815593842e+00,1.768010631856253154e-09,-9.483330834044415389e-07,6.653947157960426313e-08,9.873939267349987059e-01,9.319107501288329508e-04,9.319107501288329508e-04,1.768010631856253154e-09,6.830748221146051028e-08,9.873937218125520277e-01,9.316375201999870610e-04,9.316375201999870610e-04,2.870101022440797649e-09,-4.675520900180491250e-06,-4.675520900180491250e-06,4.791224873574495980e-08
1.706215553908587923e+00,1.833757354947801582e-09,-9.082864981816074550e-07,6.871957049682244821e-08,9.873950295312072800e-01,1.030204193756585921e-03,1.030204193756585921e-03,1.833757354947801582e-09,7.055332785177024855e-08,9.873948178712237400e-01,1.029921980445178869e-03,1.029921980445178869e-03,2.979699494733385092e-09,-4.120280866522583764e-06,-4.120280866522583764e-06,4.732833051479493241e-08
1.708518139001582004e+00,1.898688080814010154e-09,-8.684492613917527285e-07,7.080712088576348102e-08,9.873961613473201115e-01,1.115345403940508438e-03,1.115345403940508438e-03,1.898688080814010154e-09,7.270580896657749406e-08,9.873959432298932137e-01,1.115054580704642230e-03,1.115054580704642230e-03,3.087936121041209535e-09,-3.510868047050818536e-06,-3.510868047050818536e-06,4.673084108877422338e-08
1.710820724094576084e+00,1.962784296724853477e-09,-8.288376475259000889e-07,7.280261352464687970e-08,9.873973203961259326e-01,1.186353741231874941e-03,1.186353741231874941e-03,1.962784296724853477e-09,7.476539782137173235e-08,9.873970960999324253e-01,1.186054679640589438e-03,1.186054679640589438e-03,3.194780156357149412e-09,-2.855029195309135587e-06,-2.855029195309135587e-06,4.612017468314497062e-08
1.713123309187570165e+00,2.026028043412346921e-09,-7.894674405144419325e-07,7.470657640462172857e-08,9.873985049215111554e-01,1.242436656170864146e-03,1.242436656170864146e-03,2.026028043412346921e-09,7.673260444803407632e-08,9.873982747236977886e-01,1.242129725753072025e-03,1.242129725753072025e-03,3.300201762669369554e-09,-2.161040129481648687e-06,-2.161040129481648687e-06,4.549672504776072239e-08
1.715425894280564245e+00,2.088401914451978674e-09,-7.503539361464218505e-07,7.651957360231533415e-08,9.873997131986925746e-01,1.282996634658681951e-03,1.282996634658681951e-03,2.088401914451978674e-09,7.860797551676731034e-08,9.873994773747660769e-01,1.282682202756614933e-03,1.282682202756614933e-03,3.404172007619403460e-09,-1.437596425995519369e-06,-1.437596425995519369e-06,4.486088526285710101e-08
1.717728479373558104e+00,2.149889055252688721e-09,-7.115119448980827835e-07,7.824220415841476757e-08,9.874009435344223151e-01,1.307635557702421271e-03,1.307635557702421271e-03,2.149889055252688721e-09,8.039209321366745175e-08,9.874007023581427012e-01,1.307313989329566672e-03,1.307313989329566672e-03,3.506662862724062392e-09,-6.937006037070156365e-07,-6.937006037070156365e-07,4.421304755354770289e-08
1.720031064466552184e+00,2.210473161671031120e-09,-6.729557951478366887e-07,7.987510096320204459e-08,9.874021942671636909e-01,1.316156485677901292e-03,1.316156485677901292e-03,2.210473161671031120e-09,8.208557412487307902e-08,9.874019480104413438e-01,1.315828143381401810e-03,1.315828143381401810e-03,3.607647201180606333e-09,6.145271801898208499e-08,6.145271801898208499e-08,4.355360311263204551e-08
1.722333649559546265e+00,2.270138478266055761e-09,-6.346993367536710294e-07,8.141892964990319763e-08,9.874034637672426395e-01,1.308562907066922534e-03,1.308562907066922534e-03,2.270138478266055761e-09,8.368906812816925132e-08,9.874032127000382797e-01,1.308228150794409766e-03,1.308228150794409766e-03,3.707098795273884317e-09,8.185922201059075266e-07,8.185922201059075266e-07,4.288294193146781721e-08
1.724636234652540345e+00,2.328869796212718805e-09,-5.967559449685112450e-07,8.287438749666007721e-08,9.874047504369714012e-01,1.285055524838911055e-03,1.285055524838911055e-03,2.328869796212718805e-09,8.520325729287278981e-08,9.874044948271994970e-01,1.284714711809739575e-03,1.284714711809739575e-03,3.804992313403869584e-09,1.568484401530747831e-06,1.568484401530747831e-06,4.220145263863048324e-08
1.726938819745534426e+00,2.386652450892123575e-09,-5.591385246686198122e-07,8.424220233787036415e-08,9.874060527107471064e-01,1.246026679993730932e-03,1.246026679993730932e-03,2.386652450892123575e-09,8.662885478876248111e-08,9.874057928241827264e-01,1.245680164574575850e-03,1.245680164574575850e-03,3.901303316751028180e-09,2.302045821344740112e-06,2.302045821344740112e-06,4.150952234604606500e-08
1.729241404838528506e+00,2.443472319177684901e-09,-5.218595148700095891e-07,8.552313148558543630e-08,9.874073690551262716e-01,1.192052540246133505e-03,1.192052540246133505e-03,2.443472319177684901e-09,8.796660380476311665e-08,9.874071051553148237e-01,1.191700673830914424e-03,1.191700673830914424e-03,3.996008255596399620e-09,3.010451733408146162e-06,3.010451733408146162e-06,4.080753650226038354e-08
1.731543989931522365e+00,2.499315816436558034e-09,-4.849308935077293879e-07,8.671796066159432352e-08,9.874086979688754262e-01,1.123883204492685806e-03,1.123883204492685806e-03,2.499315816436558034e-09,8.921727647803088486e-08,9.874084303170459487e-01,1.123526335386773600e-03,1.123526335386773600e-03,4.089084465312333932e-09,3.685239860033226196e-06,3.685239860033226196e-06,4.009587875247868383e-08
1.733846575024516445e+00,2.554169893266031459e-09,-4.483641824534732785e-07,8.782750294076764221e-08,9.874100379829985341e-01,1.042430895775633363e-03,1.042430895775633363e-03,2.554169893266031459e-09,9.038167283403367450e-08,9.874097668379799853e-01,1.042069369084297264e-03,1.042069369084297264e-03,4.180510162039168500e-09,4.318408141070671996e-06,4.318408141070671996e-06,3.937493080500644579e-08
1.736149160117510526e+00,2.608022031984401742e-09,-4.121704527471580378e-07,8.885259770617187323e-08,9.874113876607424345e-01,9.487564338015860507e-04,9.487564338015860507e-04,2.608022031984401742e-09,9.146061973815628035e-08,9.874111132788832013e-01,9.483905913226334554e-04,9.483905913226334554e-04,4.270264438061907165e-09,4.902505397717867261e-06,4.902505397717867261e-06,3.864507230369943079e-08
1.738451745210504606e+00,2.660860242895953209e-09,-3.763603300188606667e-07,8.979410961641601313e-08,9.874127455975800771e-01,8.440541932673194725e-04,8.440541932673194725e-04,2.660860242895953209e-09,9.245496985931197006e-08,9.874124682326704816e-01,8.436843733878821722e-04,8.436843733878821722e-04,4.358327256900532716e-09,5.430713961205115465e-06,5.430713961205115465e-06,3.790668070603177359e-08
1.740754330303498687e+00,2.712673060349143305e-09,-3.409440000784782235e-07,9.065292758563203946e-08,9.874141104211739961e-01,7.296357673260594253e-04,7.296357673260594253e-04,2.712673060349143305e-09,9.336560064598118897e-08,9.874138303243720216e-01,7.292623049234755192e-04,7.292623049234755192e-04,4.444679448126228942e-09,5.896923439596917069e-06,5.896923439596917069e-06,3.716013116639334448e-08
1.743056915396492768e+00,2.763449538606733810e-09,-3.059312146511893448e-07,9.142996377644323669e-08,9.874154807913183562e-01,6.069125640714425826e-04,6.069125640714425826e-04,2.763449538606733810e-09,9.419341331504996512e-08,9.874151982110783710e-01,6.065357904181823551e-04,6.065357904181823551e-04,4.529302701915210249e-09,6.295794919282951171e-06,6.295794919282951171e-06,3.640579642422467560e-08
1.745359500489486848e+00,2.813179247545991042e-09,-2.713312972381052246e-07,9.212615260622276019e-08,9.874168553998630138e-01,4.773775710646055090e-04,4.773775710646055090e-04,2.813179247545991042e-09,9.493933185376874875e-08,9.874165705818674921e-01,4.769978137371904238e-04,4.769978137371904238e-04,4.612179563350778168e-09,6.622815034809173585e-06,6.622815034809173585e-06,3.564404669661332876e-08
1.747662085582480707e+00,2.861852268206326233e-09,-2.371531490825845384e-07,9.274244976690039957e-08,9.874182329706180372e-01,3.425865251966924807e-04,3.425865251966924807e-04,2.861852268206326233e-09,9.560430203510672042e-08,9.874179461577119454e-01,3.422041079885520523e-04,3.422041079885520523e-04,4.693293426483487102e-09,6.874339468935738474e-06,6.874339468935738474e-06,3.487524957498470809e-08
1.749964670675474787e+00,2.909459188200950732e-09,-2.034052552239868374e-07,9.327983125852986874e-08,9.874196122592403535e-01,2.041387263140169894e-04,2.041387263140169894e-04,2.909459188200950732e-09,9.618929044673082278e-08,9.874193236913689775e-01,2.037539691522300789e-04,2.037539691522300789e-04,4.772628528158433075e-09,7.047625589324455598e-06,7.047625589324455598e-06,3.409976992553702301e-08
1.752267255768468868e+00,2.955991097008082951e-09,-1.700956906220772526e-07,9.373929243679129666e-08,9.874209920531028528e-01,6.365772952361223205e-05,6.365772952361223205e-05,2.955991097008082951e-09,9.669528353379938334e-08,9.874207019672522900e-01,6.327094838947704071e-05,6.327094838947704071e-05,4.850169941617823990e-09,7.140854054572018379e-06,7.140854054572018379e-06,3.331796979309205714e-08
1.754569840861462948e+00,3.001439581156360155e-09,-1.372321263365254237e-07,9.412184707456392807e-08,9.874223711711480611e-01,-7.722785361228634918e-05,-7.722785361228634918e-05,3.001439581156360155e-09,9.712328665572029319e-08,9.874220798012880440e-01,-7.761634675890923527e-05,-7.761634675890923527e-05,4.925903569886422414e-09,7.153139365945058092e-06,7.153139365945058092e-06,3.253020830805067694e-08
1.756872425954457029e+00,3.045796719317904630e-09,-1.048218357475579216e-07,9.442852643767382780e-08,9.874237484637239382e-01,-2.169032232120048759e-04,-2.169032232120048759e-04,3.045796719317904630e-09,9.747432315699173036e-08,9.874234560407544325e-01,-2.172931205046328511e-04,-2.172931205046328511e-04,4.999816138946606560e-09,7.084529462379132832e-06,7.084529462379132832e-06,3.173684159617227535e-08
1.759175011047451109e+00,3.089055077321403975e-09,-7.287170080509166351e-08,9.466037837488747501e-08,9.874251228124057977e-01,-3.537857168347028855e-04,-3.537857168347028855e-04,3.089055077321403975e-09,9.774943345220887402e-08,9.874248295641054884e-01,-3.541767145685117209e-04,-3.541767145685117209e-04,5.071895190709250825e-09,6.935994588835943187e-06,6.935994588835943187e-06,3.093822269091787320e-08
1.761477596140444968e+00,3.131207703096376167e-09,-4.138821829523831979e-08,9.481846642219848250e-08,9.874264931298032399e-01,-4.863423937685240400e-04,-4.863423937685240400e-04,3.131207703096376167e-09,9.794967412529485618e-08,9.874261992807809030e-01,-4.867341924650252054e-04,-4.867341924650252054e-04,5.142129075786035016e-09,6.709405782262134346e-06,6.709405782262134346e-06,3.013470144812913233e-08
1.763780181233439048e+00,3.172248121558643587e-09,-1.037750611433015476e-08,9.490386892143019188e-08,9.874278583593525394e-01,-6.131066931096304344e-04,-6.131066931096304344e-04,3.172248121558643587e-09,9.807611704298883960e-08,9.874275641310014118e-01,-6.134989975778023467e-04,-6.134989975778023467e-04,5.210506946068379416e-09,6.407503433041796121e-06,6.407503433041796121e-06,2.932662446283903629e-08
1.766082766326433129e+00,3.212170329445725819e-09,2.015469045783071925e-08,9.491767815315594464e-08,9.874292174750955997e-01,-7.326939971131694570e-04,-7.326939971131694570e-04,3.212170329445725819e-09,9.812984848260166426e-08,9.874289230855501920e-01,-7.330865165070998748e-04,-7.330865165070998748e-04,5.277018747117563483e-09,6.033856483037256487e-06,6.033856483037256487e-06,2.851433498804493464e-08
1.768385351419427209e+00,3.250968790109834056e-09,5.020299249269969654e-08,9.486099948392356916e-08,9.874305694814470291e-01,-8.438159486211774165e-04,-8.438159486211774165e-04,3.250968790109834056e-09,9.811196827403339783e-08,9.874302751455421578e-01,-8.442083964942735490e-04,-8.442083964942735490e-04,5.341655210370523046e-09,5.592812912497321300e-06,5.592812912497321300e-06,2.769817285529714282e-08
1.770687936512421290e+00,3.288638428274824013e-09,7.976238116145701533e-08,9.473495052775488745e-08,9.874319134129468933e-01,-9.452933904646271474e-04,-9.452933904646271474e-04,3.288638428274824013e-09,9.802358895602970857e-08,9.874316193421800447e-01,-9.456854848204512918e-04,-9.456854848204512918e-04,5.404407845165246046e-09,5.089442254998937396e-06,5.089442254998937396e-06,2.687847439699051499e-08
1.772990521605415370e+00,3.325174624762440585e-09,1.088281915019170804e-07,9.454066032188145034e-08,9.874332483340042543e-01,-1.036067813801341310e-03,-1.036067813801341310e-03,3.325174624762440585e-09,9.786583494664389382e-08,9.874329547364993909e-01,-1.036459277141127963e-03,-1.036459277141127963e-03,5.465268930589619798e-09,4.529470947263050490e-06,4.529470947263050490e-06,2.605557237027120608e-08
1.775293106698409451e+00,3.360573211192018690e-09,1.373961062074027758e-07,9.427926851666779647e-08,9.874345733386272750e-01,-1.115211223386928163e-03,-1.115211223386928163e-03,3.360573211192018690e-09,9.763984172785981723e-08,9.874342804191020839e-01,-1.115601782753839529e-03,-1.115601782753839529e-03,5.524231507157342090e-09,3.919211387032258835e-06,3.919211387032258835e-06,2.522979588250050219e-08
1.777595691791403310e+00,3.394830464656840664e-09,1.654621494401754287e-07,9.395192457966897813e-08,9.874358875501442201e-01,-1.181934347441513647e-03,-1.181934347441513647e-03,3.394830464656840664e-09,9.734675504432581921e-08,9.874355955098791382e-01,-1.182323734461690999e-03,-1.182323734461690999e-03,5.581289368314458773e-09,3.265485615642307124e-06,3.265485615642307124e-06,2.440147031824105366e-08
1.779898276884397390e+00,3.427943102379306666e-09,1.930226806710156342e-07,9.355978701376319379e-08,9.874371901209132441e-01,-1.235593141768691729e-03,-1.235593141768691729e-03,3.427943102379306666e-09,9.698773011614250542e-08,9.874368991577229249e-01,-1.235981092689156192e-03,-1.235981092689156192e-03,5.636437051779980511e-09,2.575544585559692692e-06,2.575544585559692692e-06,2.357091726775774864e-08
1.782200861977391471e+00,3.459908276346227106e-09,2.200743885457636241e-07,9.310402258930179688e-08,9.874384802320234078e-01,-1.275693557109634302e-03,-1.275693557109634302e-03,3.459908276346227106e-09,9.656393086564801944e-08,9.874381905402308535e-01,-1.276079812833096896e-03,-1.276079812833096896e-03,5.689669830724063581e-09,1.856983992810973403e-06,1.856983992810973403e-06,2.273845445704756389e-08
1.784503447070385551e+00,3.490723567924692453e-09,2.466142847789366716e-07,9.258580559021415914e-08,9.874397570929862589e-01,-1.301894560399441533e-03,-1.301894560399441533e-03,3.490723567924692453e-09,9.607652915813884704e-08,9.874394688633988393e-01,-1.302278866516073984e-03,-1.302278866516073984e-03,5.740983704787328166e-09,1.117657673245732510e-06,1.117657673245732510e-06,2.190439567943179098e-08
1.786806032163379632e+00,3.520386982458256568e-09,2.726396980738481452e-07,9.200631707401149753e-08,9.874410199414185296e-01,-1.314009419155051477e-03,-1.314009419155051477e-03,3.520386982458256568e-09,9.552670405646975824e-08,9.874407333613063331e-01,-1.314391525971277423e-03,-1.314391525971277423e-03,5.790375390944952059e-09,3.655895599526904293e-07,3.655895599526904293e-07,2.106905072876609540e-08
1.789108617256373712e+00,3.548896943842480214e-09,2.981482680681943282e-07,9.136674414563170931e-08,9.874422680427170640e-01,-1.312005278139759907e-03,-1.312005278139759907e-03,3.548896943842480214e-09,9.491564108947419035e-08,9.874419832957938015e-01,-1.312384940704117891e-03,-1.312384940704117891e-03,5.837842314219298510e-09,-3.911148071214949979e-07,-3.911148071214949979e-07,2.023272533433758414e-08
1.791411202349367571e+00,3.576252289078357427e-09,3.231379393035899575e-07,9.066827924507510775e-08,9.874435006897265277e-01,-1.296001074933241003e-03,-1.296001074933241003e-03,3.576252289078357427e-09,9.424453153415346931e-08,9.874432179561318801e-01,-1.296378053059377578e-03,-1.296378053059377578e-03,5.883382598245109040e-09,-1.144356249287792159e-06,-1.144356249287792159e-06,1.939572109753526238e-08
1.793713787442361651e+00,3.602452262801653125e-09,3.476069552172988837e-07,8.991211944878158668e-08,9.874447172023984587e-01,-1.266263858135718628e-03,-1.266263858135718628e-03,3.602452262801653125e-09,9.351457171158323980e-08,9.874444366586833111e-01,-1.266637916422564932e-03,-1.266637916422564932e-03,5.926995055691402121e-09,-1.886128453931260225e-06,-1.886128453931260225e-06,1.855833543038826736e-08
1.796016372535355732e+00,3.627496511785751523e-09,3.715538521540327418e-07,8.909946578470856935e-08,9.874459169274453219e-01,-1.223203587743148602e-03,-1.223203587743148602e-03,3.627496511785751523e-09,9.272696229649431591e-08,9.874456387465584406e-01,-1.223574495592334591e-03,-1.223574495592334591e-03,5.968679178544465880e-09,-2.608602114462588136e-06,-2.608602114462588136e-06,1.772086149608148746e-08
1.798318957628349812e+00,3.651385079415433679e-09,3.949774533956820504e-07,8.823152256107128117e-08,9.874470992379870138e-01,-1.167366511056203843e-03,-1.167366511056203843e-03,3.651385079415433679e-09,9.188290764048671237e-08,9.874468235892640555e-01,-1.167734042686765714e-03,-1.167734042686765714e-03,6.008435128256692048e-09,-3.304205851301289411e-06,-3.304205851301289411e-06,1.688358815156036480e-08
1.800621542721343893e+00,3.674118400128667150e-09,4.178768632066959804e-07,8.730949670871495887e-08,9.874482635331920388e-01,-1.099427220849563507e-03,-1.099427220849563507e-03,3.674118400128667150e-09,9.098361510884362354e-08,9.874479905823466686e-01,-1.099791155309998939e-03,-1.099791155309998939e-03,6.046263725766128183e-09,-3.965703116296672306e-06,-3.965703116296672306e-06,1.604679989234452493e-08
1.802924127814337973e+00,3.695697293823466287e-09,4.402514608928427559e-07,8.633459713709302937e-08,9.874494092379125787e-01,-1.020179512929952816e-03,-1.020179512929952816e-03,3.695697293823466287e-09,9.003029443091649814e-08,9.874491391470292534e-01,-1.020539634107676518e-03,-1.020539634107676518e-03,6.082166441391983423e-09,-4.586264344406019178e-06,-4.586264344406019178e-06,1.521077679967300029e-08
1.805226712907332054e+00,3.716122960226781633e-09,4.621008948711942998e-07,8.530803410383075738e-08,9.874505358023155654e-01,-9.305261705947107630e-04,-9.305261705947107630e-04,3.716122960226781633e-09,8.902415706405754563e-08,9.874502687298444270e-01,-9.308822672229670166e-04,-9.308822672229670166e-04,6.116145384611586834e-09,-5.159533687423839424e-06,-5.159533687423839424e-06,1.437579449010298728e-08
1.807529298000325912e+00,3.735396973222475316e-09,4.834250767493285575e-07,8.423101859785973729e-08,9.874516427015082032e-01,-8.314678103450227594e-04,-8.314678103450227594e-04,3.735396973222475316e-09,8.796641557108221757e-08,9.874513788022615257e-01,-8.318196760073071246e-04,-8.318196760073071246e-04,6.148203293724578715e-09,-5.679689735616641412e-06,-5.679689735616641412e-06,1.354212406768293652e-08
1.809831883093319993e+00,3.753521275135501359e-09,5.042241754118683962e-07,8.310476173611187378e-08,9.874527294351591600e-01,-7.240909303135999609e-04,-7.240909303135999609e-04,3.753521275135501359e-09,8.685828301124737017e-08,9.874524688603101286e-01,-7.244383634456449906e-04,-7.244383634456449906e-04,6.178343525410408013e-09,-6.141499715088444118e-06,-6.141499715088444118e-06,1.271003207882010788e-08
1.812134468186314074e+00,3.770498170969608368e-09,5.244986111128572493e-07,8.193047417376751739e-08,9.874537955271162071e-01,-6.095553062814150665e-04,-6.095553062814150665e-04,3.770498170969608368e-09,8.570097234473712741e-08,9.874535384241991398e-01,-6.098981101707940311e-04,-6.098981101707940311e-04,6.206570044185398423e-09,-6.540366725764737329e-06,-6.540366725764737329e-06,1.187978046995286841e-08
1.814437053279308154e+00,3.786330322596162469e-09,5.442490495726205942e-07,8.070936552805350687e-08,9.874548405250201943e-01,-4.890808836551408401e-04,-4.890808836551408401e-04,3.786330322596162469e-09,8.449569585064966852e-08,9.874545870379326518e-01,-4.894188664385434526e-04,-4.894188664385434526e-04,6.232887411766056056e-09,-6.872369672895649823e-06,-6.872369672895649823e-06,1.105162654813693403e-08
1.816739638372302235e+00,3.801020742891924089e-09,5.634763960782271089e-07,7.944264381559072103e-08,9.874558639999160281e-01,-3.639343141718671265e-04,-3.639343141718671265e-04,3.801020742891924089e-09,8.324366455848265009e-08,9.874556142689223659e-01,-3.642672888301010450e-04,-3.642672888301010450e-04,6.257300776345340332e-09,-7.134295625934784863e-06,-7.134295625934784863e-06,1.022582294464122193e-08
1.819042223465296315e+00,3.814572789824008444e-09,5.821817895868960204e-07,7.813151490329251664e-08,9.874568655458596522e-01,-2.354152858867208941e-04,-2.354152858867208941e-04,3.814572789824008444e-09,8.194608769311652178e-08,9.874566197075965723e-01,-2.357430702374933482e-04,-2.357430702374933482e-04,6.279815861788980420e-09,-7.323664426723835595e-06,-7.323664426723835595e-06,9.402617581644083421e-09
1.821344808558290174e+00,3.826990160480630943e-09,6.003665968321492636e-07,7.677718197281566704e-08,9.874578447795245850e-01,-1.048427926416992757e-04,-1.048427926416992757e-04,3.826990160480630943e-09,8.060417213329630460e-08,9.874576029670081301e-01,-1.051652093302324559e-04,-1.051652093302324559e-04,6.300438956759032048e-09,-7.438745451911024008e-06,-7.438745451911024008e-06,8.582253642107831040e-09
1.823647393651284254e+00,3.838276885046670548e-09,6.180324064329003036e-07,7.538084499856459551e-08,9.874588013398039044e-01,2.645851433319835249e-05,2.645851433319835249e-05,3.838276885046670548e-09,7.921912188361126275e-08,9.874585636824382284e-01,2.614163784566390664e-05,2.614163784566390664e-05,6.319176903772082905e-09,-7.478566517747256114e-06,-7.478566517747256114e-06,7.764969542896725228e-09
1.825949978744278335e+00,3.848437320723511775e-09,6.351810230059713234e-07,7.394370023925132543e-08,9.874597348874120106e-01,1.571717550339932028e-04,1.571717550339932028e-04,3.848437320723511775e-09,7.779213755997483804e-08,9.874595015109993712e-01,1.568605864837533119e-04,1.568605864837533119e-04,6.336037088199601727e-09,-7.442914997426825417e-06,-7.442914997426825417e-06,6.950998911196102327e-09
1.828252563837272415e+00,3.857476145593154562e-09,6.518144612830622055e-07,7.246693974300713701e-08,9.874606451044848354e-01,2.860008981229856628e-04,2.860008981229856628e-04,3.857476145593154562e-09,7.632441588860029405e-08,9.874604161312371398e-01,2.856956004594312357e-04,2.856956004594312357e-04,6.351027427218107296e-09,-7.332331296551324536e-06,-7.332331296551324536e-06,6.140570564271351857e-09
1.830555148930266496e+00,3.865398352427007269e-09,6.679349402334843135e-07,7.095175086604291303e-08,9.874615316941768306e-01,4.116833632587857720e-04,4.116833632587857720e-04,3.865398352427007269e-09,7.481714921846992609e-08,9.874613072427291804e-01,4.113840946619118713e-04,4.113840946619118713e-04,6.364156358716850955e-09,-7.148094909440299868e-06,-7.148094909440299868e-06,5.333908492596620790e-09
1.832857734023260576e+00,3.872209242440309920e-09,6.835448771943616106e-07,6.939931580484913426e-08,9.874623943802597337e-01,5.330020327252106473e-04,5.330020327252106473e-04,3.872209242440309920e-09,7.327152504728944583e-08,9.874621745656846361e-01,5.327089466250215432e-04,5.327089466250215432e-04,6.375432830170803872e-09,-6.892203344620753292e-06,-6.892203344620753292e-06,4.531231846369041532e-09
1.835160319116254435e+00,3.877914418993629469e-09,6.986468820104219906e-07,6.781081114192170720e-08,9.874632329067188907e-01,6.487965663242439970e-04,6.487965663242439970e-04,3.877914418993629469e-09,7.168872556091533832e-08,9.874630178405422454e-01,6.485098114220003585e-04,6.485098114220003585e-04,6.384866287486702195e-09,-6.567344277151431908e-06,-6.567344277151431908e-06,3.732754925408497642e-09
1.837462904209248515e+00,3.882519781243342832e-09,7.132437511857947719e-07,6.618740740499448661e-08,9.874640470373491352e-01,7.579739233313148366e-04,7.579739233313148366e-04,3.882519781243342832e-09,7.006992718623782696e-08,9.874638368275675537e-01,7.576936436225698837e-04,7.576936436225698837e-04,6.392466663829981854e-09,-6.176861339105091950e-06,-6.176861339105091950e-06,2.938687172431479543e-09
1.839765489302242596e+00,3.886031517743524721e-09,7.273384620505374593e-07,6.453026863975411401e-08,9.874648365553515550e-01,8.595180064857461640e-04,8.595180064857461640e-04,3.886031517743524721e-09,6.841630015749763543e-08,9.874646313064511238e-01,8.592443412851161633e-04,8.592443412851161633e-04,6.398244368440280077e-09,-5.724714018518379331e-06,-5.724714018518379331e-06,2.149233169675128835e-09
1.842068074395236676e+00,3.888456100002098174e-09,7.409341669449845015e-07,6.284055199600199406e-08,9.874656012629299262e-01,9.524983538103839586e-04,9.524983538103839586e-04,3.888456100002098174e-09,6.672900809600409471e-08,9.874654010759056355e-01,9.522314377779999379e-04,9.522314377779999379e-04,6.402210275443207142e-09,-5.215432178518112811e-06,-5.215432178518112811e-06,1.364592638831049776e-09
1.844370659488230757e+00,3.889800275994591250e-09,7.540341874251679008e-07,6.111940732722468318e-08,9.874663409808867032e-01,1.036077816176962652e-03,1.036077816176962652e-03,3.889800275994591250e-09,6.500920760321927113e-08,9.874661459532638741e-01,1.035817779346549826e-03,1.035817779346549826e-03,6.404375712665929787e-09,-4.654065753586635336e-06,-4.654065753586635336e-06,5.849604442409315397e-10
1.846673244581224838e+00,3.890071063639206495e-09,7.666420084928926206e-07,5.936797680352275561e-08,9.874670555482213397e-01,1.109519170022879022e-03,1.109519170022879022e-03,3.890071063639206495e-09,6.325804786716196542e-08,9.874668657740777178e-01,1.109266137831410376e-03,1.109266137831410376e-03,6.404752450464003439e-09,-4.046130210078858134e-06,-4.046130210078858134e-06,-1.894734007101058542e-10
1.848975829674218918e+00,3.889275744237341546e-09,7.787612728541677987e-07,5.758739453784028350e-08,9.874677448217277220e-01,1.172190626911538561e-03,1.172190626911538561e-03,3.889275744237341546e-09,6.147667028207762422e-08,9.874675603917169031e-01,1.171944720230410318e-03,1.171944720230410318e-03,6.403352690566719231e-09,-3.397548387335489797e-06,-3.397548387335489797e-06,-9.585237240745965113e-10
1.851278414767212777e+00,3.887421855884054961e-09,7.903957752099098092e-07,5.577878622542757246e-08,9.874684086755943779e-01,1.223570213493611891e-03,1.223570213493611891e-03,3.887421855884054961e-09,5.966620808131162907e-08,9.874682296769701217e-01,1.223331548661286570e-03,1.223331548661286570e-03,6.400189054948072114e-09,-2.714589354775684764e-06,-2.714589354775684764e-06,-1.722010182782241954e-09
1.853580999860206857e+00,3.884517186853251752e-09,8.015494565829489452e-07,5.394326879645945027e-08,9.874690470010040189e-01,1.263249007223866613e-03,1.263249007223866613e-03,3.884517186853251752e-09,5.782778598331270120e-08,9.874688735176461174e-01,1.263017696079933453e-03,1.263017696079933453e-03,6.395274574730220619e-09,-2.003804933694939060e-06,-2.003804933694939060e-06,-2.479757247131913434e-09
1.855883584953200938e+00,3.880569768962717973e-09,8.122263986854199851e-07,5.208195008172451151e-08,9.874696597057370795e-01,1.290933225003302199e-03,1.290933225003302199e-03,3.880569768962717973e-09,5.596251985068723113e-08,9.874694918181775583e-01,1.290709374923899345e-03,1.290709374923899345e-03,6.388622679126130993e-09,-1.271964539584085191e-06,-1.271964539584085191e-06,-3.231594182435203193e-09
1.858186170046195018e+00,3.875587870924295005e-09,8.224308183307603730e-07,5.019592849128524229e-08,9.874702467137747020e-01,1.306445172809181073e-03,1.306445172809181073e-03,3.875587870924295005e-09,5.407151636220953978e-08,9.874700844992255755e-01,1.306228886743732252e-03,1.306228886743732252e-03,6.380247184427804779e-09,-5.259889998765769623e-07,-5.259889998765769623e-07,-3.977355027924093465e-09
1.860488755139189099e+00,3.869579991684772880e-09,8.321670618944863792e-07,4.828629270600433075e-08,9.874708079649051617e-01,1.309723075621093205e-03,1.309723075621093205e-03,3.869579991684772880e-09,5.215587269768910693e-08,9.874706514972870774e-01,1.309514452130302502e-03,1.309514452130302502e-03,6.370162283046263084e-09,2.271160034372298754e-07,2.271160034372298754e-07,-4.716878573036575055e-09
1.862791340232183179e+00,3.862554853763159721e-09,8.414395998279195137e-07,4.635412138181924679e-08,9.874713434143320701e-01,1.300819816626204960e-03,1.300819816626204960e-03,3.862554853763159721e-09,5.021667623558240320e-08,9.874711927643033960e-01,1.300618949921262656e-03,1.300618949921262656e-03,6.358382532609172930e-09,9.803262301921087932e-07,9.803262301921087932e-07,-5.450008331201927847e-09
1.865093925325177038e+00,3.854521396590185403e-09,8.502530212290425599e-07,4.440048286663825472e-08,9.874718530322846854e-01,1.279900624984174271e-03,1.279900624984174271e-03,3.854521396590185403e-09,4.825500426322843764e-08,9.874717082672719304e-01,1.279707604967121257e-03,1.279707604967121257e-03,6.344922845121731417e-09,1.726664298847628204e-06,1.726664298847628204e-06,-6.176592511252939038e-09
1.867396510418171118e+00,3.845488769855899166e-09,8.586120284744927509e-07,4.242643492972022241e-08,9.874723368036306681e-01,1.247239759570751595e-03,1.247239759570751595e-03,3.845488769855899166e-09,4.627192369957612240e-08,9.874721979878595679e-01,1.247054671875953355e-03,1.247054671875953355e-03,6.329798476196100818e-09,2.459263629155371672e-06,2.459263629155371672e-06,-6.896483986593006778e-09
1.869699095511165199e+00,3.835466326871326831e-09,8.665214319167151805e-07,4.043302450339379468e-08,9.874727947274922757e-01,1.203216245095785255e-03,1.203216245095785255e-03,3.835466326871326831e-09,4.426849083026512317e-08,9.874726619220197676e-01,1.203039171132464251e-03,1.203039171132464251e-03,6.313025014354420571e-09,3.171430344638539805e-06,3.171430344638539805e-06,-7.609540262252286754e-09
1.872001680604159279e+00,3.824463617950087046e-09,8.739861446500494479e-07,3.842128743695757549e-08,9.874732268168644467e-01,1.148308723571496350e-03,1.148308723571496350e-03,3.824463617950087046e-09,4.224575105490766336e-08,9.874731000796113101e-01,1.148139740567276617e-03,1.148139740567276617e-03,6.294618370410082131e-09,3.856702601699154835e-06,3.856702601699154835e-06,-8.315623439965423741e-09
1.874304265697153360e+00,3.812490383815864373e-09,8.810111773494548843e-07,3.639224826259831786e-08,9.874736330982371024e-01,1.083089491252760446e-03,1.083089491252760446e-03,3.812490383815864373e-09,4.020473864641418389e-08,9.874735124840211542e-01,1.082928672298174742e-03,1.082928672298174742e-03,6.274594766931671427e-09,4.508906849860174562e-06,4.508906849860174562e-06,-9.014600181406207299e-09
1.876606850790147440e+00,3.799556549041538581e-09,8.876016331853537597e-07,3.434691997315402933e-08,9.874740136112187816e-01,1.008217796322197907e-03,1.008217796322197907e-03,3.799556549041538581e-09,3.814647652219556957e-08,9.874738991717891823e-01,1.008065210416109062e-03,1.008065210416109062e-03,6.252970727793649481e-09,5.122210567859275708e-06,5.122210567859275708e-06,-9.706341669713245846e-09
1.878909435883141299e+00,3.785672215525650388e-09,8.937627028178747232e-07,3.228630381154053567e-08,9.874743684081654926e-01,9.244324775850258765e-04,9.244324775850258765e-04,3.785672215525650388e-09,3.607197602706618936e-08,9.874742601922373852e-01,9.242881896809175633e-04,9.242881896809175633e-04,6.229763067817569596e-09,5.691171064554620969e-06,5.691171064554620969e-06,-1.039072356943925949e-08
1.881212020976135380e+00,3.770847656011730871e-09,8.994996594735943932e-07,3.021138907165215144e-08,9.874746975538120086e-01,8.325440281451925058e-04,8.325440281451925058e-04,3.770847656011730871e-09,3.398223672766388480e-08,9.874745956071018238e-01,8.324080991982818348e-04,8.324080991982818348e-04,6.204988882507256472e-09,6.210779979958643311e-06,6.210779979958643311e-06,-1.106762598505650757e-08
1.883514606069129460e+00,3.755093307655860479e-09,9.048178541076051293e-07,2.812315291054370453e-08,9.874750011249070480e-01,7.334261708791199033e-04,7.334261708791199033e-04,3.755093307655860479e-09,3.187824621819956666e-08,9.874749054901683643e-01,7.332986578942470674e-04,7.332986578942470674e-04,6.178665537881184006e-09,6.676503169710221354e-06,6.676503169710221354e-06,-1.173693341814547539e-08
1.885817191162123541e+00,3.738419765647576218e-09,9.097227106535114949e-07,2.602256017168851559e-08,9.874752792098517862e-01,6.280070346415778885e-04,6.280070346415778885e-04,3.738419765647576218e-09,2.976097993733609346e-08,9.874751899269119670e-01,6.278879907218285102e-04,6.278879907218285102e-04,6.150810660404870814e-09,7.084315707210023085e-06,7.084315707210023085e-06,-1.239853472339301808e-08
1.888119776255117621e+00,3.720837776889037596e-09,9.142197213637103727e-07,2.391056321910733405e-08,9.874755319083425853e-01,5.172600210345563304e-04,5.172600210345563304e-04,3.720837776889037596e-09,2.763140099599637288e-08,9.874754490141396390e-01,5.171494954305723857e-04,5.171494954305723857e-04,6.121442127025922239e-09,7.430731787114146231e-06,7.430731787114146231e-06,-1.305232306352070842e-08
1.890422361348111702e+00,3.702358233737083925e-09,9.183144422420283773e-07,2.178810178215445408e-08,9.874757593310177217e-01,4.021944519970333128e-04,4.021944519970333128e-04,3.702358233737083925e-09,2.549046001589153883e-08,9.874756828596377156e-01,4.020924901569697526e-04,4.020924901569697526e-04,6.090578055314025878e-09,7.712829367282385954e-06,7.712829367282385954e-06,-1.369819586325969698e-08
1.892724946441105782e+00,3.682992167812562504e-09,9.220124885705472133e-07,1.965610281074460678e-08,9.874759615991076656e-01,2.838460876361027264e-04,2.838460876361027264e-04,3.682992167812562504e-09,2.333909497855716763e-08,9.874758915818226956e-01,2.837527312561884856e-04,2.837527312561884856e-04,6.058236793707984261e-09,7.928269435207769720e-06,7.928269435207769720e-06,-1.433605476248382490e-08
1.895027531534099641e+00,3.662750743880956465e-09,9.253195305321856846e-07,1.751548034079867954e-08,9.874761388440893572e-01,1.632676025053895000e-04,1.632676025053895000e-04,3.662750743880956465e-09,2.117823108467963435e-08,9.874760753093960730e-01,1.631828895810507739e-04,1.631828895810507739e-04,6.024436911871559021e-09,8.075309839008982160e-06,8.075309839008982160e-06,-1.496580556860768582e-08
1.897330116627093721e+00,3.641645253808097867e-09,9.282412889302774587e-07,1.536713536968446719e-08,9.874762912073461463e-01,4.151910616161698652e-05,4.151910616161698652e-05,3.641645253808097867e-09,1.900878062349256589e-08,9.874762341810042754e-01,4.144307103912301901e-05,4.144307103912301901e-05,5.989197191159720507e-09,8.152813669521441562e-06,8.152813669521441562e-06,-1.558735820834774883e-08
1.899632701720087802e+00,3.619687110594381473e-09,9.307835310062377868e-07,1.321195574142718888e-08,9.874764188398298392e-01,-8.034120891162802307e-05,-8.034120891162802307e-05,3.619687110594381473e-09,1.683164285202157077e-08,9.874763683449012674e-01,-8.040853548303610672e-05,-8.040853548303610672e-05,5.952536615196668517e-09,8.160252232480292220e-06,8.160252232480292220e-06,-1.620062667894317029e-08
1.901935286813081882e+00,3.596887842490571205e-09,9.329520663560123712e-07,1.105081604145828410e-08,9.874765219017289652e-01,-2.012662125728939869e-04,-2.012662125728939869e-04,3.596887842490571205e-09,1.464770388394885613e-08,9.874764779586172603e-01,-2.013248033884297691e-04,-2.013248033884297691e-04,5.914474360566719359e-09,8.097702693170649946e-06,8.097702693170649946e-06,-1.680552899892163820e-08
1.904237871906075963e+00,3.573259087197973655e-09,9.347527429458653038e-07,8.884577500674670811e-09,9.874766005621402609e-01,-3.202287001473726798e-04,-3.202287001473726798e-04,3.573259087197973655e-09,1.245783658787264447e-08,9.874765631886305295e-01,-3.202785314937241527e-04,-3.202785314937241527e-04,5.875029787619035284e-09,7.965840523700739098e-06,7.965840523700739098e-06,-1.740198715849306796e-08
1.906540456999070043e+00,3.548812586155415090e-09,9.361914432277419744e-07,6.714087908577603710e-09,9.874766549987457065e-01,-4.362299027721744534e-04,-4.362299027721744534e-04,3.548812586155415090e-09,1.026290049473301880e-08,9.874766242100442293e-01,-4.362709543741533774e-04,-4.362709543741533774e-04,5.834222431386975516e-09,7.765926923342756104e-06,7.765926923342756104e-06,-1.798992706964487618e-08
1.908843042092063902e+00,3.523560178915094058e-09,9.372740803542352184e-07,4.540181535259334196e-09,9.874766853974928926e-01,-5.483075794889779014e-04,-5.483075794889779014e-04,3.523560178915094058e-09,8.063741714174428667e-09,9.874766612062677584e-01,-5.483398344558346269e-04,-5.483398344558346269e-04,5.792071992622633011e-09,7.499791423128909605e-06,7.499791423128909605e-06,-1.856927851600680858e-08
1.911145627185057982e+00,3.497513797609075203e-09,9.380065944929554399e-07,2.363679062007304510e-09,9.874766919522813824e-01,-6.555436312089396849e-04,-6.555436312089396849e-04,3.497513797609075203e-09,5.861192859616379713e-09,9.874766743687027892e-01,-6.555670759803781510e-04,-6.555670759803781510e-04,5.748598328947025949e-09,7.169809922339918285e-06,7.169809922339918285e-06,-1.913997510254758228e-08
1.913448212278052063e+00,3.470685461507877647e-09,9.383949492398814048e-07,1.853875202984327373e-10,9.874766748646522929e-01,-7.570711825409112087e-04,-7.570711825409112087e-04,3.470685461507877647e-09,3.656072981806310384e-09,9.874766638964332932e-01,-7.570858068328383938e-04,-7.570858068328383938e-04,5.703821446116305447e-09,6.778878437303480084e-06,6.778878437303480084e-06,-1.970195420515698006e-08
1.915750797371046144e+00,3.443087271672232448e-09,9.384451281310794053e-07,-1.993899761048144622e-09,9.874766343434838722e-01,-8.520810837819653904e-04,-8.520810837819653904e-04,3.443087271672232448e-09,1.449187510624087826e-09,9.874766299959213400e-01,-8.520868805320079304e-04,-8.520868805320079304e-04,5.657761489404099430e-09,6.330382874089198406e-06,6.330382874089198406e-06,-2.025515692016343777e-08
1.918053382464040224e+00,3.414731405698838792e-09,9.381631312519717150e-07,-4.173403200783363065e-09,9.874765706046916280e-01,-9.398277916283940886e-04,-9.398277916283940886e-04,3.414731405698838792e-09,-7.586717950845238592e-10,9.874765728807070042e-01,-9.398247569412137214e-04,-9.398247569412137214e-04,5.610438735100157267e-09,5.828165161485572323e-06,5.828165161485572323e-06,-2.079952801382873209e-08
1.920355967557034305e+00,3.385630112560613993e-09,9.375549719431744235e-07,-6.352357002430621476e-09,9.874764838709317871e-01,-1.019634593945811752e-03,-1.019634593945811752e-03,3.385630112560613993e-09,-2.966726889870007070e-09,9.874764927711124907e-01,-1.019622727038252278e-03,-1.019622727038252278e-03,5.561873582125266224e-09,5.276486105245495666e-06,5.276486105245495666e-06,-2.133501587185627045e-08
1.922658552650028385e+00,3.355795707541667247e-09,9.366266736017806371e-07,-8.530009183999270260e-09,9.874763743713119712e-01,-1.090898150307999422e-03,-1.090898150307999422e-03,3.355795707541667247e-09,-5.174213476457603427e-09,9.874763898939523665e-01,-1.090877453454093581e-03,-1.090877453454093581e-03,5.512086543762386794e-09,4.679985341428683541e-06,4.679985341428683541e-06,-2.186157244894488250e-08
1.924961137743022244e+00,3.325240567266933468e-09,9.353842665767661930e-07,-1.070562160042785771e-08,9.874762423411043155e-01,-1.153092327034492895e-03,-1.153092327034492895e-03,3.325240567266933468e-09,-7.380381033160924241e-09,9.874762644822474567e-01,-1.153062805510360290e-03,-1.153062805510360290e-03,5.461098239503845600e-09,4.043638784131062043e-06,4.043638784131062043e-06,-2.237915321841216754e-08
1.927263722836016324e+00,3.293977124826183449e-09,9.338337851571525741e-07,-1.287846995897222924e-08,9.874760880214655812e-01,-1.205771311694565787e-03,-1.205771311694565787e-03,3.293977124826183449e-09,-9.584492834146045382e-09,9.874761167749440682e-01,-1.205732973723229158e-03,-1.205732973723229158e-03,5.408929387014409686e-09,3.372713971899213441e-06,3.372713971899213441e-06,-2.288771712190986411e-08
1.929566307929010405e+00,3.262017864991874371e-09,9.319812646513505925e-07,-1.504784382774849825e-08,9.874759116591604879e-01,-1.248571999003303228e-03,-1.248571999003303228e-03,3.262017864991874371e-09,-1.178582596275662429e-08,9.874759470166383224e-01,-1.248524855699452256e-03,-1.248524855699452256e-03,5.355600794210029610e-09,2.672723726877880759e-06,2.672723726877880759e-06,-2.338722651924493993e-08
1.931868893022004485e+00,3.229375319530087489e-09,9.298327385560945351e-07,-1.721304663764059733e-08,9.874757135062904867e-01,-1.281215646049028772e-03,-1.281215646049028772e-03,3.229375319530087489e-09,-1.398367131811050984e-08,9.874757554573044827e-01,-1.281159711363756342e-03,-1.281159711363756342e-03,5.301133351451951894e-09,1.949378542832661982e-06,1.949378542832661982e-06,-2.387764713831962708e-08
1.934171478114998566e+00,3.196062062603595128e-09,9.273942358132435901e-07,-1.937339567777492707e-08,9.874754938200284160e-01,-1.303508801299770340e-03,-1.303508801299770340e-03,3.196062062603595128e-09,-1.617733361517133318e-08,9.874755423520292785e-01,-1.303444091965309673e-03,-1.303444091965309673e-03,5.245548023855924569e-09,1.208538119704944071e-06,1.208538119704944071e-06,-2.435894802519757573e-08
1.936474063207992646e+00,3.162090706265960144e-09,9.246717781526711492e-07,-2.152822208476085382e-08,9.874752528623560455e-01,-1.315343517588205219e-03,-1.315343517588205219e-03,3.162090706265960144e-09,-1.836613137849489492e-08,9.874753079607502260e-01,-1.315270053062691288e-03,-1.315270053062691288e-03,5.188865843716224468e-09,4.561624583296893097e-07,4.561624583296893097e-07,-2.483110149429945840e-08
1.938776648300986505e+00,3.127473896045360497e-09,9.216713775194175830e-07,-2.367687082589332342e-08,9.874749908998083914e-01,-1.316696865035556219e-03,-1.316696865035556219e-03,3.127473896045360497e-09,-2.054939692984796210e-08,9.874750525479991659e-01,-1.316614667447836822e-03,-1.316614667447836822e-03,5.131107903044174611e-09,-3.017370773085006080e-07,-3.017370773085006080e-07,-2.529408307873003297e-08
1.941079233393980585e+00,3.092224306616723624e-09,9.183990335832343340e-07,-2.581870067650823273e-08,9.874747082032218071e-01,-1.307629765243657326e-03,-1.307629765243657326e-03,3.092224306616723624e-09,-2.272647636989150993e-08,9.874747763826509095e-01,-1.307538859338177673e-03,-1.307538859338177673e-03,5.072295346220834826e-09,-1.059146332819284664e-06,-1.059146332819284664e-06,-2.574787148073434521e-08
1.943381818486974666e+00,3.056354637560666798e-09,9.148607313286043995e-07,-2.795308419167454222e-08,9.874744050474878465e-01,-1.288285172962747981e-03,-1.288285172962747981e-03,3.056354637560666798e-09,-2.489672955411387377e-08,9.874744797376765471e-01,-1.288185586044531547e-03,-1.288185586044531547e-03,5.012449362763645620e-09,-1.810096186508579517e-06,-1.810096186508579517e-06,-2.619244852227800834e-08
1.945684403579968746e+00,3.019877609207556032e-09,9.110624387233464001e-07,-3.007940767240845775e-08,9.874740817113110136e-01,-1.258885636232845440e-03,-1.258885636232845440e-03,3.019877609207556032e-09,-2.705953006320090130e-08,9.874741628899011969e-01,-1.258777398112592575e-03,-1.258777398112592575e-03,4.951591180206638137e-09,-2.548709253817859280e-06,-2.548709253817859280e-06,-2.662779909574712608e-08
1.947986988672962827e+00,2.982805958565013024e-09,9.070101044638647560e-07,-3.219707112658397839e-08,9.874737384769721737e-01,-1.219730269953094633e-03,-1.219730269953094633e-03,2.982805958565013024e-09,-2.921426516801896536e-08,9.874738261197676392e-01,-1.219613412892422543e-03,-1.219613412892422543e-03,4.889742057094014199e-09,-3.269245122144503783e-06,-3.269245122144503783e-06,-2.705391111475854164e-08
1.950289573765956908e+00,2.945152435327083034e-09,9.027096557951421544e-07,-3.430548822471367706e-08,9.874733756300961840e-01,-1.171191181883060074e-03,-1.171191181883060074e-03,2.945152435327083034e-09,-3.136033578938659320e-08,9.874734697111035020e-01,-1.171065740539902617e-03,-1.171065740539902617e-03,4.826923276086826739e-09,-3.966143785893219043e-06,-3.966143785893219043e-06,-2.747077546507222041e-08
1.952592158858950988e+00,2.906929797963262903e-09,8.981669964035729344e-07,-3.640408625076751919e-08,9.874729934594254077e-01,-1.113709393074569041e-03,-1.113709393074569041e-03,2.906929797963262903e-09,-3.349715645280425463e-08,9.874730939508947758e-01,-1.113575404448757800e-03,-1.113575404448757800e-03,4.763156137182542277e-09,-4.634066973713028704e-06,-4.634066973713028704e-06,-2.787838595559546623e-08
1.954894743951944847e+00,2.868150809885533460e-09,8.933880043807694674e-07,-3.849230604819396756e-08,9.874725922565966707e-01,-1.047790297950256097e-03,-1.047790297950256097e-03,2.868150809885533460e-09,-3.562415523830843327e-08,9.874726991290624367e-01,-1.047647801329302901e-03,-1.047647801329302901e-03,4.698461951047272826e-09,-5.267937085060538029e-06,-5.267937085060538029e-06,-2.827673926946862492e-08
1.957197329044938927e+00,2.828828235691564493e-09,8.883785302564997672e-07,-4.056960196130329071e-08,9.874721723159244346e-01,-9.739987112838719785e-04,-9.739987112838719785e-04,2.828828235691564493e-09,-3.774077372561172456e-08,9.874722855382456199e-01,-9.738477481889695623e-04,-9.738477481889695623e-04,4.632862032460486174e-09,-5.862973478291139789e-06,-5.862973478291139789e-06,-2.866583491522188223e-08
1.959499914137933008e+00,2.788974837482283268e-09,8.831443950989738547e-07,-4.263544177216608326e-08,9.874717339341873013e-01,-8.929535516008852347e-04,-8.929535516008852347e-04,2.788974837482283268e-09,-3.984646693468379875e-08,9.874718534735881237e-01,-8.927941657331465303e-04,-8.927941657331465303e-04,4.566377693872110152e-09,-6.414725880868208386e-06,-6.414725880868208386e-06,-2.904567517799216152e-08
1.961802499230927088e+00,2.748603371251939221e-09,8.776913886807016950e-07,-4.468930663318195237e-08,9.874712774104207336e-01,-8.053222117179764010e-04,-8.053222117179764010e-04,2.748603371251939221e-09,-4.194070326193001604e-08,9.874714032325304647e-01,-8.051544489049287283e-04,-8.051544489049287283e-04,4.499030239071804254e-09,-6.919104719611601228e-06,-6.919104719611601228e-06,-2.941626507078992022e-08
1.964105084323921169e+00,2.707726583348942227e-09,8.720252677082596657e-07,-4.673069099546273646e-08,9.874708030457129970e-01,-7.118146683388923250e-04,-7.118146683388923250e-04,2.707726583348942227e-09,-4.402296441211379382e-08,9.874709351146062630e-01,-7.116385764812438236e-04,-7.116385764812438236e-04,4.430840956970355581e-09,-7.372408198898384544e-06,-7.372408198898384544e-06,-2.977761228580695135e-08
1.966407669416915249e+00,2.666357207005721226e-09,8.661517541142887463e-07,-4.875910253317462901e-08,9.874703111430072067e-01,-6.131773830742921370e-04,-6.131773830742921370e-04,2.666357207005721226e-09,-4.609274532616890531e-08,9.874704494212431793e-01,-6.129930120929874635e-04,-6.129930120929874635e-04,4.361831115493108962e-09,-7.771345983860173892e-06,-7.771345983860173892e-06,-3.012972714575473110e-08
1.968710254509909108e+00,2.624507958935950097e-09,8.600765334101742549e-07,-5.077406206397932522e-08,9.874698020069073712e-01,-5.101870474149593822e-04,-5.101870474149593822e-04,2.624507958935950097e-09,-4.814955410504337595e-08,9.874699464555697359e-01,-5.099944491985392014e-04,-5.099944491985392014e-04,4.292021955585357622e-09,-8.113059375684012985e-06,-8.113059375684012985e-06,-3.047262255522722122e-08
1.971012839602903188e+00,2.582191535997515781e-09,8.538052530978699777e-07,-5.277510346571085493e-08,9.874692759434886558e-01,-4.036442238953594870e-04,-4.036442238953594870e-04,2.582191535997515781e-09,-5.019291192971334163e-08,9.874694265222244693e-01,-4.034434522476406152e-04,-4.034434522476406152e-04,4.221434685329607543e-09,-8.395137896343107348e-06,-8.395137896343107348e-06,-3.080631395208072455e-08
1.973315424695897269e+00,2.539420611919774463e-09,8.473435211394281115e-07,-5.476177358941861121e-08,9.874687332601130851e-01,-2.943669349417795474e-04,-2.943669349417795474e-04,2.539420611919774463e-09,-5.222235297749883385e-08,9.874688899271719666e-01,-2.941580455298695726e-04,-2.941580455298695726e-04,4.150090474174794109e-09,-8.615632229147228787e-06,-8.615632229147228787e-06,-3.113081925882525159e-08
1.975618009788891349e+00,2.496207834093579599e-09,8.406969044828377343e-07,-5.673363216891007477e-08,9.874681742652490213e-01,-1.831842498577532479e-04,-1.831842498577532479e-04,2.496207834093579599e-09,-5.423742433481649435e-08,9.874683369775220099e-01,-1.829673001604139920e-04,-1.829673001604139920e-04,4.078010447277284765e-09,-8.773063491759185183e-06,-8.773063491759185183e-06,-3.144615883402453939e-08
1.977920594881885430e+00,2.452565820422798410e-09,8.338709276428490539e-07,-5.869025172691695405e-08,9.874675992682958592e-01,-7.092991890404832319e-05,-7.092991890404832319e-05,2.452565820422798410e-09,-5.623768590649415647e-08,9.874677679813536058e-01,-7.070496816042234878e-05,-7.070496816042234878e-05,4.005215679953742135e-09,-8.866428845636174959e-06,-8.866428845636174959e-06,-3.175235542370117582e-08
1.980223179974879510e+00,2.408507156236056229e-09,8.268710713355549203e-07,-6.063121747800981066e-08,9.874670085794130525e-01,4.156389831689968927e-05,4.156389831689968927e-05,2.408507156236056229e-09,-5.822271032177375939e-08,9.874671832475440114e-01,4.179678915818678690e-05,4.179678915818678690e-05,3.931727192245815341e-09,-8.895203475195780638e-06,-8.895203475195780638e-06,-3.204943411274809638e-08
1.982525765067873369e+00,2.364044391257557257e-09,8.197027711655159102e-07,-6.255612722838204446e-08,9.874664025093525810e-01,1.534727650789950682e-04,1.534727650789950682e-04,2.364044391257557257e-09,-6.019208283712448183e-08,9.874665830856010906e-01,1.537135334103435747e-04,1.537135334103435747e-04,3.857565943596633060e-09,-8.859338994784672505e-06,-8.859338994784672505e-06,-3.233742227634612942e-08
1.984828350160867450e+00,2.319190036635930796e-09,8.123714163643085687e-07,-6.446459127262265003e-08,9.874657813692971908e-01,2.639859176297765816e-04,2.639859176297765816e-04,2.319190036635930796e-09,-6.214540123598671800e-08,9.874659678055008882e-01,2.642344992347205306e-04,2.642344992347205306e-04,3.782752827639060252e-09,-8.759258369111111458e-06,-8.759258369111111458e-06,-3.261634953139098438e-08
1.987130935253861530e+00,2.273956562030219122e-09,8.048823485794735949e-07,-6.635623228759134618e-08,9.874651454707024101e-01,3.723119930519718239e-04,3.723119930519718239e-04,2.273956562030219122e-09,-6.408227572556112623e-08,9.874653377175295343e-01,3.725683221548740541e-04,3.725683221548740541e-04,3.707308667095779376e-09,-8.595847454689524116e-06,-8.595847454689524116e-06,-3.288624768793527498e-08
1.989433520346855611e+00,2.228356392752081796e-09,7.972408607128053899e-07,-6.823068522351385586e-08,9.874644951251425606e-01,4.776844976561415317e-04,4.776844976561415317e-04,2.228356392752081796e-09,-6.600232883076177158e-08,9.874646931321290344e-01,4.779485069714646040e-04,4.779485069714646040e-04,3.631254208791016169e-09,-8.370443294410996553e-06,-8.370443294410996553e-06,-3.314715070065048724e-08
1.991736105439849691e+00,2.182401906963569133e-09,7.894521958070961246e-07,-7.008759719240588242e-08,9.874638306441615443e-01,5.793669816652551562e-04,5.793669816652551562e-04,2.182401906963569133e-09,-6.790519528544231204e-08,9.874640343597473890e-01,5.796386024463969638e-04,5.796386024463969638e-04,3.554610118773974928e-09,-8.084819316613161489e-06,-8.084819316613161489e-06,-3.339909462031859379e-08
1.994038690532843772e+00,2.136105432929788210e-09,7.815215459804240852e-07,-7.192662735393739191e-08,9.874631523391276255e-01,6.766578891887704622e-04,6.766578891887704622e-04,2.136105432929788210e-09,-6.979052192100760577e-08,9.874633617106933769e-01,6.769370512764545048e-04,6.769370512764545048e-04,3.477396977553828194e-09,-7.741167610318725500e-06,-7.741167610318725500e-06,-3.364211754536287644e-08
1.996341275625837852e+00,2.089479246325954343e-09,7.734540514071405325e-07,-7.374744679884447040e-08,9.874624605210918782e-01,7.688950557894315765e-04,7.688950557894315765e-04,2.089479246325954343e-09,-7.165796755251851110e-08,9.874626754949945573e-01,7.691816876596416523e-04,7.691816876596416523e-04,3.399635275446205005e-09,-7.342078465024720333e-06,-7.342078465024720333e-06,-3.387625957342835982e-08
1.998643860718831711e+00,2.042535567598390460e-09,7.652547993448020637e-07,-7.554973842999512497e-08,9.874617555006519609e-01,8.554598293662015124e-04,8.554598293662015124e-04,2.042535567598390460e-09,-7.350720286239673782e-08,9.874619760222606013e-01,8.557538581776511248e-04,8.557538581776511248e-04,3.321345408031016428e-09,-6.890517378940150317e-06,-6.890517378940150317e-06,-3.410156275302710913e-08
2.000946445811826013e+00,1.995286559379109570e-09,7.569288232062678298e-07,-7.733319684121466931e-08,9.874610375878187796e-01,9.357807936092952389e-04,9.357807936092952389e-04,1.995286559379109570e-09,-7.533791028183556263e-08,9.874612636015496214e-01,9.360821452504225568e-04,9.360821452504225568e-04,3.242547671721426441e-09,-6.389799753308517835e-06,-6.389799753308517835e-06,-3.431807103526112409e-08
2.003249030904819872e+00,1.947744323953818223e-09,7.484811016763013465e-07,-7.909752819397016743e-08,9.874603070918872572e-01,1.009337076748418292e-03,1.009337076748418292e-03,1.947744323953818223e-09,-7.714978387001634549e-08,9.874605385412388303e-01,1.009645675883898315e-03,1.009645675883898315e-03,3.163262259443926003e-09,-5.843563501340080232e-06,-5.843563501340080232e-06,-3.452583022563978300e-08
2.005551615997813730e+00,1.899920900782997658e-09,7.399165578719645433e-07,-8.084245009202219679e-08,9.874595643213119889e-01,1.075661231960704659e-03,1.075661231960704659e-03,1.899920900782997658e-09,-7.894252919123920079e-08,9.874598011488995297e-01,1.075977002077469586e-03,1.075977002077469586e-03,3.083509256428966425e-09,-5.255739810448912768e-06,-5.255739810448912768e-06,-3.472488793600910164e-08
2.007854201090808033e+00,1.851828264076155505e-09,7.312400585462060467e-07,-8.256769145413717063e-08,9.874588095835862278e-01,1.134341679202598109e-03,1.134341679202598109e-03,1.851828264076155505e-09,-8.071586319006101037e-08,9.874590517311757631e-01,1.134664542655358438e-03,1.134664542655358438e-03,3.003308636112207470e-09,-4.630522303056713175e-06,-4.630522303056713175e-06,-3.491529353661043610e-08
2.010156786183801891e+00,1.803478320419147536e-09,7.224564133340459022e-07,-8.427299238496178419e-08,9.874580431851239792e-01,1.185024701885256096e-03,1.185024701885256096e-03,1.803478320419147536e-09,-8.246951406454263397e-08,9.874582905936661881e-01,1.185354579941514308e-03,1.185354579941514308e-03,2.922680256145913239e-09,-3.972334847599243572e-06,-3.972334847599243572e-06,-3.509709810828939501e-08
2.012459371276796194e+00,1.754882906454502456e-09,7.135703740407238981e-07,-8.595810404416146683e-08,9.874572654311476461e-01,1.227415995031511109e-03,1.227415995031511109e-03,1.754882906454502456e-09,-8.420322113770696106e-08,9.874575180408110553e-01,1.227752807916061882e-03,1.227752807916061882e-03,2.841643854519962306e-09,-3.285798273766129373e-06,-3.285798273766129373e-06,-3.527035439487405901e-08
2.014761956369790052e+00,1.706053786615085164e-09,7.045866339713259269e-07,-8.762278851391025656e-08,9.874564766255774506e-01,1.261281765109193613e-03,1.261281765109193613e-03,1.706053786615085164e-09,-8.591673472729516768e-08,9.874567343757816307e-01,1.261625432048102749e-03,1.261625432048102749e-03,2.760219045792454736e-09,-2.575696248538231109e-06,-2.575696248538231109e-06,-3.543511675574436502e-08
2.017064541462784355e+00,1.657002650910966960e-09,6.955098273012820159e-07,-8.926681866483791005e-08,9.874556770709259634e-01,1.286449384726356731e-03,1.286449384726356731e-03,1.657002650910966960e-09,-8.760981601392693813e-08,9.874559399003740578e-01,1.286799823990412506e-03,1.286799823990412506e-03,2.678425317428979203e-09,-1.846940568261329612e-06,-1.846940568261329612e-06,-3.559144111861465167e-08
2.019367126555778214e+00,1.607741112769953924e-09,6.863445284872468663e-07,-9.088997802051801147e-08,9.874548670681961848e-01,1.302807608669956244e-03,1.302807608669956244e-03,1.607741112769953924e-09,-8.928223690774805796e-08,9.874551349149068846e-01,1.303164737617587337e-03,1.303164737617587337e-03,2.596282026250487683e-09,-1.104536120532780677e-06,-1.104536120532780677e-06,-3.573938493255031005e-08
2.021669711648772072e+00,1.558280706931744102e-09,6.770952517178200561e-07,-9.249206062060020666e-08,9.874540469167819579e-01,1.310306360545009444e-03,1.310306360545009444e-03,1.558280706931744102e-09,-9.093377991366846463e-08,9.874543197181216980e-01,1.310670095664664015e-03,1.310670095664664015e-03,2.513808394988764832e-09,-3.535457652046454656e-07,-3.535457652046454656e-07,-3.587900712124333533e-08
2.023972296741766375e+00,1.508632887396169891e-09,6.677664504036044661e-07,-9.407287088267023355e-08,9.874532169143737104e-01,1.308956102153322702e-03,1.308956102153322702e-03,1.508632887396169891e-09,-9.256423799527406966e-08,9.874534946070876451e-01,1.309326359105303849e-03,1.309326359105303849e-03,2.431023508949237709e-09,4.009446214921044069e-07,4.009446214921044069e-07,-3.601036803656766405e-08
2.026274881834760233e+00,1.458809025425718584e-09,6.583625167060947068e-07,-9.563222346293203406e-08,9.874523773568661955e-01,1.298826800299607070e-03,1.298826800299607070e-03,1.458809025425718584e-09,-9.417341443750631982e-08,9.874526598771095065e-01,1.299203493957357082e-03,1.299203493957357082e-03,2.347946312780317248e-09,1.153860703017980967e-06,1.153860703017980967e-06,-3.613352941243820572e-08
2.028577466927754536e+00,1.408820407602505572e-09,6.488877811048623411e-07,-9.716994311580457862e-08,9.874515285382706731e-01,1.280046508107281688e-03,1.280046508107281688e-03,1.408820407602505572e-09,-9.576112270820207553e-08,9.874518158216387675e-01,1.280429552598114432e-03,1.280429552598114432e-03,2.264595607348363259e-09,1.900173610671779521e-06,1.900173610671779521e-06,-3.624855431899715343e-08
2.030880052020748394e+00,1.358678233940236674e-09,6.393465120025579510e-07,-9.868586455251454640e-08,9.874506707506295333e-01,1.252799580183994784e-03,1.252799580183994784e-03,1.358678233940236674e-09,-9.732718631857431427e-08,9.874509627321884642e-01,1.253188888929269084e-03,1.253188888929269084e-03,2.180990046717911058e-09,2.634933025708541166e-06,2.634933025708541166e-06,-3.635550711714845811e-08
2.033182637113742697e+00,1.308393616051141978e-09,6.297429153671755601e-07,-1.001798322987815023e-07,9.874498042839351397e-01,1.217324542880529907e-03,1.217324542880529907e-03,1.308393616051141978e-09,-9.887143868273036630e-08,9.874501008982511374e-01,1.217720028635260873e-03,1.217720028635260873e-03,2.097148135235827545e-09,3.353299208459254729e-06,3.353299208459254729e-06,-3.645445341346553984e-08
2.035485222206736555e+00,1.257977575368477825e-09,6.200811344110919448e-07,-1.016517005516724126e-07,9.874489294260512251e-01,1.173911642773768377e-03,1.173911642773768377e-03,1.257977575368477825e-09,-1.003937229763039290e-07,9.874492306072201186e-01,1.174313217665673642e-03,1.174313217665673642e-03,2.013088224719024092e-09,4.050573779944595562e-06,4.050573779944595562e-06,-3.654546001549201595e-08
2.037787807299730414e+00,1.207441041424558664e-09,6.103652493063020987e-07,-1.031013330357198110e-07,9.874480464626382847e-01,1.122900097927129756e-03,1.122900097927129756e-03,1.207441041424558664e-09,-1.018938919942952507e-07,9.874483521443142564e-01,1.123307673495106945e-03,1.123307673495106945e-03,1.928828511744307633e-09,4.722229074530431179e-06,4.722229074530431179e-06,-3.662859488745881848e-08
2.040090392392724716e+00,1.156794850184806406e-09,6.005992769353444292e-07,-1.045286028583801791e-07,9.874471556770809677e-01,1.064675077963919778e-03,1.064675077963919778e-03,1.156794850184806406e-09,-1.033718080081953738e-07,9.874474657925049748e-01,1.065088565195952599e-03,1.065088565195952599e-03,1.844387035039771881e-09,5.363935896724049047e-06,5.363935896724049047e-06,-3.670392710643801675e-08
2.042392977485718575e+00,1.106049742437952109e-09,5.907871706773370591e-07,-1.059333923649181708e-07,9.874462573504196872e-01,9.996644399266445269e-04,9.996644399266445269e-04,1.106049742437952109e-09,-1.048273426224802243e-07,9.874465718324475505e-01,1.000083749297134457e-03,1.000083749297134457e-03,1.759781672976559898e-09,5.971589529589181035e-06,5.971589529589181035e-06,-3.677152681895348189e-08
2.044695562578712877e+00,1.055216362242469807e-09,5.809328202285387671e-07,-1.073155929928007879e-07,9.874453517612846731e-01,9.283352479445067989e-04,9.283352479445067989e-04,1.055216362242469807e-09,-1.062603766305583125e-07,9.874456705424146108e-01,9.287602894510290545e-04,9.287602894510290545e-04,1.675030141159739229e-09,6.541333858402040962e-06,6.541333858402040962e-06,-3.683146519806888742e-08
2.046998147671706736e+00,1.004305255429657127e-09,5.710400514568863257e-07,-1.086751051256746050e-07,9.874444391858330228e-01,8.511901052357358569e-04,8.511901052357358569e-04,1.004305255429657127e-09,-1.076707998702449427e-07,9.874447621982326284e-01,8.516207884352168349e-04,8.516207884352168349e-04,1.590149990117599121e-09,7.069583488471551149e-06,7.069583488471551149e-06,-3.688381440097071464e-08
2.049300732764700594e+00,9.533268681631734542e-10,5.611126262898529505e-07,-1.100118379470130473e-07,9.874435198976888595e-01,7.687633275340644305e-04,7.687633275340644305e-04,9.533268681631734542e-10,-1.090585110788498706e-07,9.874438470732220807e-01,7.691995615783798600e-04,7.691995615783798600e-04,1.505158603087692728e-09,7.553043753033579924e-06,7.553043753033579924e-06,-3.692864752706481807e-08
2.051603317857694897e+00,9.022915455553727338e-10,5.511542426350650078e-07,-1.113257092935041725e-07,9.874425941678862673e-01,6.816169871676232674e-04,6.816169871676232674e-04,9.022915455553727338e-10,-1.104234177479488060e-07,9.874429254381394960e-01,6.820586808386150130e-04,6.820586808386150130e-04,1.420073193898862032e-09,7.988728523178328047e-06,7.988728523178328047e-06,-3.696603857660368342e-08
2.053905902950688755e+00,8.512095303403398185e-10,5.411685343329970243e-07,-1.126166455082574261e-07,9.874416622648150010e-01,5.903368570861154121e-04,5.903368570861154121e-04,8.512095303403398185e-10,-1.117654359779170854e-07,9.874419975611229416e-01,5.907839188300270357e-04,5.907839188300270357e-04,1.334910804947813447e-09,8.373975748766762501e-06,8.373975748766762501e-06,-3.699606240985879109e-08
2.056208488043683058e+00,8.000909616035234397e-10,5.311590711410979721e-07,-1.138845812939063698e-07,9.874407244541694162e-01,4.955282839320703089e-04,4.955282839320703089e-04,8.000909616035234397e-10,-1.130844903323028433e-07,9.874410637076403985e-01,4.959806218933995479e-04,4.959806218933995479e-04,1.249688305268827341e-09,8.706460675874603191e-06,8.706460675874603191e-06,-3.701879470685421829e-08
2.058511073136676917e+00,7.489458735681343454e-10,5.211293587487226595e-07,-1.151294595656736911e-07,9.874397809988987307e-01,3.978120188761700418e-04,3.978120188761700418e-04,7.489458735681343454e-10,-1.143805136921055561e-07,9.874401241404398011e-01,3.982695409309384743e-04,3.982695409309384743e-04,1.164422388695691161e-09,8.984206702692008401e-06,8.984206702692008401e-06,-3.703431192767476780e-08
2.060813658229671219e+00,6.977841944378779551e-10,5.110828388221146864e-07,-1.163512313044775585e-07,9.874388321591620610e-01,2.978200343988335178e-04,2.978200343988335178e-04,6.977841944378779551e-10,-1.156534471100396816e-07,9.874391791195034074e-01,2.982826481872736862e-04,2.982826481872736862e-04,1.079129572114026652e-09,9.205593852494176535e-06,9.205593852494176535e-06,-3.704269127336028980e-08
2.063116243322665078e+00,6.466157452961460186e-10,5.010228890788164887e-07,-1.175498554101409570e-07,9.874378781922839021e-01,1.961913544554547801e-04,1.961913544554547801e-04,6.466157452961460186e-10,-1.169032396648448074e-07,9.874382289020029457e-01,1.966589674141141489e-04,1.966589674141141489e-04,9.938261938031511069e-10,9.369364857733601180e-06,9.369364857733601180e-06,-3.704401064739877667e-08
2.065418828415658936e+00,5.954502390611294083e-10,4.909528233907179902e-07,-1.187252985547794837e-07,9.874369193527141597e-01,9.356792459808564223e-05,9.356792459808564223e-05,5.954502390611294083e-10,-1.181298483157183533e-07,9.874372737422590918e-01,9.404044399134851601e-05,9.404044399134851601e-05,9.085284118655946308e-10,9.474628865564002696e-06,9.474628865564002696e-06,-3.703834861782681337e-08
2.067721413508653239e+00,5.442972794967938288e-10,4.808758919150794706e-07,-1.198775350364278865e-07,9.874359558919880708e-01,-9.409452419341372655e-06,-9.409452419341372655e-06,5.442972794967938288e-10,-1.193332377569311013e-07,9.874363138917013893e-01,-8.932119468313648144e-06,-8.932119468313648144e-06,8.232522027432644757e-10,9.520862789287999026e-06,9.520862789287999026e-06,-3.702578437994789216e-08
2.070023998601647097e+00,4.931663602792677364e-10,4.707952812527553081e-07,-1.210065466329721709e-07,9.874349880586921202e-01,-1.121050911831918546e-04,-1.121050911831918546e-04,4.931663602792677364e-10,-1.205133802726929042e-07,9.874353495988329454e-01,-1.116230376621010837e-04,-1.116230376621010837e-04,7.380133598186589460e-10,9.507910345688101400e-06,9.507910345688101400e-06,-3.700639771967518241e-08
2.072326583694641400e+00,4.420668641181338548e-10,4.607141146328480622e-07,-1.221123224564522433e-07,9.874340160984287351e-01,-2.138922852290654417e-04,-2.138922852290654417e-04,4.420668641181338548e-10,-1.216702555923341126e-07,9.874343811091954581e-01,-2.134056042066961032e-04,-2.134056042066961032e-04,6.528274920995372110e-10,9.435978830811933197e-06,9.435978830811933197e-06,-3.698026897750543270e-08
2.074629168787635258e+00,3.910080619323799057e-10,4.506354521230855704e-07,-1.231948588077906785e-07,9.874330402537851992e-01,-3.141570340423479007e-04,-3.141570340423479007e-04,3.910080619323799057e-10,-1.228038507458583069e-07,9.874334086653374642e-01,-3.136658186393644944e-04,-3.136658186393644944e-04,5.677100229859598665e-10,9.305633700995349431e-06,9.305633700995349431e-06,-3.694747901313033126e-08
2.076931753880629561e+00,3.399991120802186510e-10,4.405622908650779430e-07,-1.242541590320131237e-07,9.874320607643054526e-01,-4.123016152517497836e-04,-4.123016152517497836e-04,3.399991120802186510e-10,-1.239141599199328922e-07,9.874324325067852515e-01,-4.118059586120700454e-04,-4.118059586120700454e-04,4.826761891177854249e-10,9.117791037032054867e-06,9.117791037032054867e-06,-3.690810917068834918e-08
2.079234338973623419e+00,2.890490596424602790e-10,4.304975653337343742e-07,-1.252902333740109750e-07,9.874310778664621147e-01,-5.077479834110664629e-04,-5.077479834110664629e-04,2.890490596424602790e-10,-1.250011843143685239e-07,9.874314528700151028e-01,-5.072479786738089353e-04,-5.072479786738089353e-04,3.977410393015911370e-10,8.873707981657294493e-06,8.873707981657294493e-06,-3.686224124466086458e-08
2.081536924066617278e+00,2.381668357585219125e-10,4.204441476200023688e-07,-1.263030988349089156e-07,9.874300917936323918e-01,-5.999409783903355241e-04,-5.999409783903355241e-04,2.381668357585219125e-10,-1.260649319991504019e-07,9.874304699884284275e-01,-5.994367186623389063e-04,-5.994367186623389063e-04,3.129194335150724098e-10,8.574971250354869280e-06,8.574971250354869280e-06,-3.680995744641495678e-08
2.083839509159611580e+00,1.873612570146429144e-10,4.104048477361638805e-07,-1.272927790290843249e-07,9.874291027760750961e-01,-6.883513281043456911e-04,-6.883513281043456911e-04,1.873612570146429144e-10,-1.271054177720696872e-07,9.874294840923284466e-01,-6.878429064332573697e-04,-6.878429064332573697e-04,2.282260419878373167e-10,8.223483825348834638e-06,8.223483825348834638e-06,-3.675134037139263215e-08
2.086142094252605439e+00,1.366410248834468103e-10,4.003824139428987142e-07,-1.282593040418935629e-07,9.874281110409101059e-01,-7.724784320500141998e-04,-7.724784320500141998e-04,1.366410248834468103e-10,-1.281226630170101259e-07,9.874284954088992095e-01,-7.719659413979461414e-04,-7.719659413979461414e-04,1.436753443569330507e-10,7.821449951141118040e-06,7.821449951141118040e-06,-3.668647296694855303e-08
2.088444679345599742e+00,8.601472521398360076e-11,3.903795330972646666e-07,-1.292027102881565348e-07,9.874271168121002695e-01,-8.518529138748582230e-04,-8.518529138748582230e-04,8.601472521398360076e-11,-1.291166955629425530e-07,9.874275041621869420e-01,-8.513364470926064898e-04,-8.513364470926064898e-04,5.928162889545231072e-11,7.371358557350382556e-06,7.371358557350382556e-06,-3.661543850083291442e-08
2.090747264438593600e+00,3.549082777166106816e-11,3.803988310208602373e-07,-1.301230403714420985e-07,9.874261203104343076e-01,-9.260389330168369805e-04,-9.260389330168369805e-04,3.549082777166106816e-11,-1.300875495436704250e-07,9.874265105730829495e-01,-9.255185828186623205e-04,-9.255185828186623205e-04,-2.494100818685526030e-11,6.875965241495427364e-06,6.875965241495427364e-06,-3.653832053031930341e-08
2.093049849531587459e+00,-1.492231417309537872e-11,3.704428728873170561e-07,-1.310203429442069371e-07,9.874251217535122693e-01,-9.946362471977530668e-04,-9.946362471977530668e-04,-1.492231417309537872e-11,-1.310352652583800322e-07,9.874255148593080733e-01,-9.941121061367195425e-04,-9.941121061367195425e-04,-1.089786633729353148e-10,6.338272949464658526e-06,6.338272949464658526e-06,-3.645520287197474831e-08
2.095352434624581761e+00,-6.521646420812066772e-11,3.605141636283425965e-07,-1.318946725688265164e-07,9.874241213557328756e-01,-1.057282019396238622e-03,-1.057282019396238622e-03,-6.521646420812066772e-11,-1.319598890330346483e-07,9.874245172353999234e-01,-1.056754179840106375e-03,-1.056754179840106375e-03,-1.928176263988077348e-10,5.761511496453238866e-06,5.761511496453238866e-06,-3.636616957206676319e-08
2.097655019717575620e+00,-1.153835030957725927e-10,3.506151483575364989e-07,-1.327460895795629397e-07,9.874231193282823060e-01,-1.113652364610843819e-03,-1.113652364610843819e-03,-1.153835030957725927e-10,-1.328614730826586991e-07,9.874235179127015538e-01,-1.113120918718513153e-03,-1.113120918718513153e-03,-2.764443807466087739e-10,5.149116074085809559e-06,5.149116074085809559e-06,-3.627130487760566707e-08
2.099957604810569922e+00,-1.654154290432480788e-10,3.407482128111377057e-07,-1.335746599455109933e-07,9.874221158791250952e-01,-1.163463633552580838e-03,-1.163463633552580838e-03,-1.654154290432480788e-10,-1.337400753745542495e-07,9.874225170993512490e-01,-1.162928673251082626e-03,-1.162928673251082626e-03,-3.598456040718978915e-10,4.504704892575248663e-06,4.504704892575248663e-06,-3.617069320801452805e-08
2.102260189903563781e+00,-2.153043579277263001e-10,3.309156838049862962e-07,-1.343804551345578531e-07,9.874211112129966939e-01,-1.206473431992919525e-03,-1.206473431992919525e-03,-2.153043579277263001e-10,-1.345957594924855711e-07,9.874215150002751962e-01,-1.205935048954949679e-03,-1.205935048954949679e-03,-4.430081685662796072e-10,3.832056107669767835e-06,3.832056107669767835e-06,-3.606441912742294061e-08
2.104562774996558083e+00,-2.650425234776744561e-10,3.211198297068580153e-07,-1.351635519783970017e-07,9.874201055313972519e-01,-1.242481376248721556e-03,-1.242481376248721556e-03,-2.650425234776744561e-10,-1.354285945018746686e-07,9.874205118171807127e-01,-1.241939661870714116e-03,-1.241939661870714116e-03,-5.259191412572633228e-10,3.135084183286955035e-06,3.135084183286955035e-06,-3.595256731757754213e-08
2.106865360089551942e+00,-3.146222774110409721e-10,3.113628609234641201e-07,-1.359240325386267460e-07,9.874190990325877326e-01,-1.271329586774054337e-03,-1.271329586774054337e-03,-3.146222774110409721e-10,-1.362386548160377837e-07,9.874195077485521388e-01,-1.270784632154790166e-03,-1.270784632154790166e-03,-6.085657842462371873e-10,2.417815839903874709e-06,2.417815839903874709e-06,-3.583522255136251891e-08
2.109167945182545800e+00,-3.640360895317554623e-10,3.016469304012979907e-07,-1.366619839739716615e-07,9.874180919115870259e-01,-1.292902923431499089e-03,-1.292902923431499089e-03,-3.640360895317554623e-10,-1.370260200635034286e-07,9.874185029896471733e-01,-1.292354819351245170e-03,-1.292354819351245170e-03,-6.909355548864920471e-10,1.684365737847448664e-06,1.684365737847448664e-06,-3.571246966692280252e-08
2.111470530275540103e+00,-4.132765477853437271e-10,2.919741341406337281e-07,-1.373774984086534606e-07,9.874170843601711711e-01,-1.307128967414516616e-03,-1.307128967414516616e-03,-4.132765477853437271e-10,-1.377907749564388133e-07,9.874174977324959857e-01,-1.306577804314690760e-03,-1.306577804314690760e-03,-7.730161059022338151e-10,9.389120423111374134e-07,9.389120423111374134e-07,-3.558439354238226057e-08
2.113773115368533961e+00,-4.623363582748870141e-10,2.823465117219247317e-07,-1.380706728019432599e-07,9.874160765668729134e-01,-1.313977756187353647e-03,-1.313977756187353647e-03,-4.623363582748870141e-10,-1.385330091602181547e-07,9.874164921659004390e-01,-1.313423624150712862e-03,-1.313423624150712862e-03,-8.547952854501256037e-10,1.856720140794330502e-07,1.856720140794330502e-07,-3.545107907114914594e-08
2.116075700461528264e+00,-5.112083452385236357e-10,2.727660468438533214e-07,-1.387416088189241258e-07,9.874150687169848117e-01,-1.313461279102444207e-03,-1.313461279102444207e-03,-5.112083452385236357e-10,-1.392528171641626424e-07,9.874154864754363103e-01,-1.312904267833787638e-03,-1.312904267833787638e-03,-9.362611371248454492e-10,-5.711222337940356792e-07,-5.711222337940356792e-07,-3.531261113779928871e-08
2.118378285554522122e+00,-5.598854509893823703e-10,2.632346678723834761e-07,-1.393904127024868725e-07,9.874140609925609047e-01,-1.305632742525954714e-03,-1.305632742525954714e-03,-5.598854509893823703e-10,-1.399502981534762570e-07,9.874144808434553999e-01,-1.305072941333340706e-03,-1.305072941333340706e-03,-1.017401899909603229e-09,-1.327247677549394272e-06,-1.327247677549394272e-06,-3.516907459452977793e-08
2.120680870647516425e+00,-6.083607358193588163e-10,2.537542484000566884e-07,-1.400171951465877286e-07,9.874130535724222613e-01,-1.290585614454144809e-03,-1.290585614454144809e-03,-6.083607358193588163e-10,-1.406255558824070864e-07,9.874134754490898613e-01,-1.290023112230615160e-03,-1.290023112230615160e-03,-1.098206008073385392e-09,-2.078513891827733912e-06,-2.078513891827733912e-06,-3.502055423817269772e-08
2.122983455740510284e+00,-6.566273778675665845e-10,2.443266078149221319e-07,-1.406220711707865050e-07,9.874120466321625322e-01,-1.268452459553058142e-03,-1.268452459553058142e-03,-6.566273778675665845e-10,-1.412786985486540710e-07,9.874124704682581966e-01,-1.267887344758863478e-03,-1.267887344758863478e-03,-1.178662091015721488e-09,-2.820786001336873150e-06,-2.820786001336873150e-06,-3.486713478776114196e-08
2.125286040833504142e+00,-7.046786729548691224e-10,2.349535118783759460e-07,-1.412051599960912846e-07,9.874110403441551664e-01,-1.239403576535585147e-03,-1.239403576535585147e-03,-7.046786729548691224e-10,-1.419098386690461518e-07,9.874114660736711402e-01,-1.238835937180909029e-03,-1.238835937180909029e-03,-1.258758973060711231e-09,-3.550006956448713724e-06,-3.550006956448713724e-06,-3.470890086263698609e-08
2.127588625926498445e+00,-7.525080343853692919e-10,2.256366733113252946e-07,-1.417665849221255956e-07,9.874100348775615155e-01,-1.203645450517653280e-03,-1.203645450517653280e-03,-7.525080343853692919e-10,-1.425190929565109731e-07,9.874104624348404302e-01,-1.203075374145827232e-03,-1.203075374145827232e-03,-1.338485673201145690e-09,-4.262219020800222940e-06,-4.262219020800222940e-06,-3.454593696109238881e-08
2.129891211019492303e+00,-8.001089927160722424e-10,2.163777523880215124e-07,-1.423064732056384758e-07,9.874090303983406036e-01,-1.161419033792624855e-03,-1.161419033792624855e-03,-8.001089927160722424e-10,-1.431065821983545539e-07,9.874094597180872457e-01,-1.160846607463831507e-03,-1.160846607463831507e-03,-1.417831404794122818e-09,-4.953584366396013029e-06,-4.953584366396013029e-06,-3.437832743953475360e-08
2.132193796112486606e+00,-8.474751954958949346e-10,2.071783575369352990e-07,-1.428249559403752160e-07,9.874080270692597860e-01,-1.112997868975565668e-03,-1.112997868975565668e-03,-8.474751954958949346e-10,-1.436724311358711185e-07,9.874084580865531979e-01,-1.112423179251022199e-03,-1.112423179251022199e-03,-1.496785575209478934e-09,-5.620404679156097308e-06,-5.620404679156097308e-06,-3.420615649216519733e-08
2.134496381205480464e+00,-8.946004069748872368e-10,1.980400459481529545e-07,-1.433221679383217790e-07,9.874070250499061840e-01,-1.058686069056958808e-03,-1.058686069056958808e-03,-8.946004069748872368e-10,-1.442167683452966660e-07,9.874074577002112107e-01,-1.058109201983577653e-03,-1.058109201983577653e-03,-1.575337785431844753e-09,-6.259139686081570221e-06,-6.259139686081570221e-06,-3.402950813116357762e-08
2.136798966298474767e+00,-9.414785077849986276e-10,1.889643241866318858e-07,-1.437982476123402058e-07,9.874060244967000077e-01,-9.988161692357536928e-04,-9.988161692357536928e-04,-9.414785077849986276e-10,-1.447397261201252031e-07,9.874064587158783990e-01,-9.982372103312731407e-04,-9.982372103312731407e-04,-1.653477829617924047e-09,-6.866424523252507444e-06,-6.866424523252507444e-06,-3.384846616736716844e-08
2.139101551391468625e+00,-9.881034945931676430e-10,1.799526488108539106e-07,-1.442533368602052783e-07,9.874050255629083228e-01,-9.337468657527271589e-04,-9.337468657527271589e-04,-9.881034945931676430e-10,-1.452414403547984423e-07,9.874054612872293912e-01,-9.331658999913079473e-04,-9.331658999913079473e-04,-1.731195694609670975e-09,-7.439085872553580982e-06,-7.439085872553580982e-06,-3.366311419143742508e-08
2.141404136484462484e+00,-1.034469479728038737e-09,1.710064269962685055e-07,-1.446875809500569725e-07,9.874040283986595945e-01,-8.638606571180187845e-04,-8.638606571180187845e-04,-1.034469479728038737e-09,-1.457220504297850027e-07,9.874044655648108737e-01,-8.632777689162996317e-04,-8.632777689162996317e-04,-1.808481559404924060e-09,-7.974156803564898905e-06,-7.974156803564898905e-06,-3.347353555550301343e-08
2.143706721577456786e+00,-1.080570690781081728e-09,1.621270171630575103e-07,-1.451011284072765338e-07,9.874030331509598968e-01,-7.895614032438593496e-04,-7.895614032438593496e-04,-1.080570690781081728e-09,-1.461816990980576145e-07,9.874034716960572444e-01,-7.889766764474670947e-04,-7.889766764474670947e-04,-1.885325794586213782e-09,-8.468890265842378583e-06,-8.468890265842378583e-06,-3.327981335527126151e-08
2.146009306670450645e+00,-1.126401470183193923e-09,1.533157296077253518e-07,-1.454941309027971636e-07,9.874020399637097878e-01,-7.112718180112920317e-04,-7.112718180112920317e-04,-1.126401470183193923e-09,-1.466205323729803666e-07,9.874024798253069335e-01,-7.106853358818000918e-04,-7.106853358818000918e-04,-1.961718961708946919e-09,-8.920771185711053850e-06,-8.920771185711053850e-06,-3.308203041260003311e-08
2.148311891763444947e+00,-1.171956274757842261e-09,1.445738271379908943e-07,-1.458667431428579160e-07,9.874010489777212962e-01,-6.294309107098552351e-04,-6.294309107098552351e-04,-1.171956274757842261e-09,-1.470386994176157681e-07,9.874014900938195005e-01,-6.288427559121847425e-04,-6.288427559121847425e-04,-2.037651812650193922e-09,-9.327527130346539817e-06,-9.327527130346539817e-06,-3.288026925851898547e-08
2.150614476856438806e+00,-1.217229675251448682e-09,1.359025257106021116e-07,-1.462191227602061539e-07,9.874000603307370172e-01,-5.444913916471996176e-04,-5.444913916471996176e-04,-1.217229675251448682e-09,-1.474363524354576039e-07,9.874005026397942864e-01,-5.439016462374578155e-04,-5.439016462374578155e-04,-2.113115288918706346e-09,-9.687137510948077077e-06,-9.687137510948077077e-06,-3.267461211669521480e-08
2.152917061949432664e+00,-1.262216355842205321e-09,1.273029950715482843e-07,-1.465514302067572728e-07,9.873990741574492080e-01,-4.569170569603785690e-04,-4.569170569603785690e-04,-1.262216355842205321e-09,-1.478136465625994844e-07,9.873995175983888428e-01,-4.563258023741281776e-04,-4.563258023741281776e-04,-2.188100520927636076e-09,-9.997841305148699631e-06,-9.997841305148699631e-06,-3.246514088733162977e-08
2.155219647042426967e+00,-1.306911113627972984e-09,1.187763593983154265e-07,-1.468638286477146024e-07,9.873980905895197724e-01,-3.671801673632184358e-04,-3.671801673632184358e-04,-1.306911113627972984e-09,-1.481707397613425845e-07,9.873985351017390277e-01,-3.665874844041730560e-04,-3.665874844041730560e-04,-2.262598827230575717e-09,-1.025814328776724339e-05,-1.025814328776724339e-05,-3.225193713149267308e-08
2.157522232135420825e+00,-1.351308858094195564e-09,1.103236979437605779e-07,-1.471564838571549672e-07,9.873971097556014653e-01,-2.757588351492774501e-04,-2.757588351492774501e-04,-1.351308858094195564e-09,-1.485077927152491611e-07,9.873975552789796550e-01,-2.751648039784164446e-04,-2.751648039784164446e-04,-2.336601713722009536e-09,-1.046681876684290534e-05,-1.046681876684290534e-05,-3.203508205584907932e-08
2.159824817228415128e+00,-1.395404610562774006e-09,1.019460456811836013e-07,-1.474295641150834257e-07,9.873961317813589877e-01,-1.831344333291947096e-04,-1.831344333291947096e-04,-1.395404610562774006e-09,-1.488249687256461914e-07,9.873965782562651450e-01,-1.825391334542921136e-04,-1.825391334542921136e-04,-2.410100872803334255e-09,-1.062291683059950687e-05,-1.062291683059950687e-05,-3.181465649783237853e-08
2.162127402321408987e+00,-1.439193503622446569e-09,9.364439395030140177e-08,-1.476832401059586966e-07,9.873951567894915238e-01,-8.978904024384546420e-05,-8.978904024384546420e-05,-1.439193503622446569e-09,-1.491224336095811431e-07,9.873956041567923947e-01,-8.919255050940713952e-05,-8.919255050940713952e-05,-2.483088182514969564e-09,-1.072576211823476861e-05,-1.072576211823476861e-05,-3.159074091119550569e-08
2.164429987414403289e+00,-1.482670780541732546e-09,8.541969110369059440e-08,-1.479176848186923696e-07,9.873941848997556114e-01,3.797067575484792363e-06,3.797067575484792363e-06,-1.482670780541732546e-09,-1.494003555992341121e-07,9.873946331008224275e-01,4.394668997881728812e-06,4.394668997881728812e-06,-2.555555705635958384e-09,-1.077495513555928628e-05,-1.077495513555928628e-05,-3.136341535196860404e-08
2.166732572507397148e+00,-1.525831794664881761e-09,7.727284315343679510e-08,-1.481330734481211070e-07,9.873932162289885683e-01,9.714786216401675762e-05,9.714786216401675762e-05,-1.525831794664881761e-09,-1.496589052427859832e-07,9.873936652057042629e-01,9.774649778498790769e-05,9.774649778498790769e-05,-2.627495688751481610e-09,-1.077037114326384258e-05,-1.077037114326384258e-05,-3.113275946480650832e-08
2.169035157600391006e+00,-1.568672008791833006e-09,6.920471441761289035e-08,-1.483295832979537933e-07,9.873922508911326945e-01,1.897939390381587588e-04,1.897939390381587588e-04,-1.568672008791833006e-09,-1.498982553067456317e-07,9.873927005858985639e-01,1.903935320593857442e-04,1.903935320593857442e-04,-2.698900561289648059e-09,-1.071215765279097019e-05,-1.071215765279097019e-05,-3.089885246971970892e-08
2.171337742693385309e+00,-1.611186994542618390e-09,6.121612816631593643e-08,-1.485073936851918878e-07,9.873912889972600304e-01,2.812748095262986741e-04,2.812748095262986741e-04,-1.611186994542618390e-09,-1.501185806797344980e-07,9.873917393530020625e-01,2.818752838490175944e-04,2.818752838490175944e-04,-2.769762934528053035e-09,-1.060073057109156345e-05,-1.060073057109156345e-05,-3.066177314918273548e-08
2.173640327786379167e+00,-1.653372431706974170e-09,5.330786726697406198e-08,-1.486666858460220789e-07,9.873903306555975590e-01,3.711411005254020381e-04,3.711411005254020381e-04,-1.653372431706974170e-09,-1.503200582777290644e-07,9.873907816157724282e-01,3.717423807585129277e-04,3.717423807585129277e-04,-2.840075600571131220e-09,-1.043676904164033615e-05,-1.043676904164033615e-05,-3.042159983561542679e-08
2.175942912879373470e+00,-1.695224107579844447e-09,4.548067482861065966e-08,-1.488076428431800490e-07,9.873893759715529628e-01,4.589566524810502024e-04,4.589566524810502024e-04,-1.695224107579844447e-09,-1.505028669507598854e-07,9.873898274801538033e-01,4.595586639488532469e-04,4.595586639488532469e-04,-2.909831531299271678e-09,-1.022120903482993815e-05,-1.022120903482993815e-05,-3.017841039922878223e-08
2.178245497972367328e+00,-1.736737916283182391e-09,3.773525484486404162e-08,-1.489304494747815662e-07,9.873884250477407143e-01,5.443005071848150368e-04,5.443005071848150368e-04,-1.736737916283182391e-09,-1.506671873910647606e-07,9.873888770493028932e-01,5.449031759343792719e-04,5.449031759343792719e-04,-2.979023877290202876e-09,-9.955235745859720186e-06,-9.955235745859720186e-06,-2.993228223623295953e-08
2.180548083065361631e+00,-1.777909858074859870e-09,3.007227283545828197e-08,-1.490352921846197623e-07,9.873874779840088323e-01,6.267687778237089656e-04,6.267687778237089656e-04,-1.777909858074859870e-09,-1.508132020426946230e-07,9.873879304236149457e-01,6.273720306318796925e-04,6.273720306318796925e-04,-3.047645966713888071e-09,-9.640274863240365746e-06,-9.640274863240365746e-06,-2.968329225739999071e-08
2.182850668158355489e+00,-1.818736038644972905e-09,2.249235648592560458e-08,-1.491223589739230407e-07,9.873865348774661932e-01,7.059763945338012230e-04,7.059763945338012230e-04,-1.818736038644972905e-09,-1.509410950125680121e-07,9.873869877007512841e-01,7.065801589138515342e-04,7.065801589138515342e-04,-3.115691304201304534e-09,-9.277982774979192453e-06,-9.277982774979192453e-06,-2.943151687697661048e-08
2.185153253251349348e+00,-1.859212668400310178e-09,1.499609628534155884e-08,-1.491918393145714683e-07,9.873855958225100649e-01,7.815587195854865887e-04,7.815587195854865887e-04,-1.859212668400310178e-09,-1.510510519829717762e-07,9.873860489756660641e-01,7.821629237934184806e-04,7.821629237934184806e-04,-3.183153569688337468e-09,-8.870235783687641781e-06,-8.870235783687641781e-06,-2.917703200194356086e-08
2.187455838344343650e+00,-1.899336061737264165e-09,7.584046161865948176e-09,-1.492439240637655652e-07,9.873846609108538619e-01,8.531730271433627917e-04,8.531730271433627917e-04,-1.899336061737264165e-09,-1.511432601255028161e-07,9.873851143406342512e-01,8.537776001838648550e-04,8.537776001838648550e-04,-3.250026617235222869e-09,-8.419118404728984347e-06,-8.419118404728984347e-06,-2.891991302161512503e-08
2.189758423437337509e+00,-1.939102636303751940e-09,2.567241158935240104e-10,-1.492788053801434934e-07,9.873837302315552344e-01,9.204998434329742570e-04,9.204998434329742570e-04,-1.939102636303751940e-09,-1.512179080164472441e-07,9.873841838852792652e-01,9.211047150650400125e-04,9.211047150650400125e-04,-3.316304473822478613e-09,-7.926910824812724465e-06,-7.926910824812724465e-06,-2.866023479757582011e-08
2.192061008530331812e+00,-1.978508912250645463e-09,-6.985387149392662828e-09,-1.492966766413407958e-07,9.873828038710450450e-01,9.832441439486020417e-04,9.832441439486020417e-04,-1.978508912250645463e-09,-1.512751855535914512e-07,9.873832576966017349e-01,9.838492446908164019e-04,9.838492446908164019e-04,-3.381981338124200573e-09,-7.396075600349675329e-06,-7.396075600349675329e-06,-2.839807165394900765e-08
2.194363593623325670e+00,-2.017551511472969029e-09,-1.414183960021813778e-08,-1.492977323629871007e-07,9.873818819131566782e-01,1.041136405207396080e-03,1.041136405207396080e-03,-2.017551511472969029e-09,-1.513152838744600821e-07,9.873823358590082533e-01,1.041741666342893948e-03,1.041741666342893948e-03,-3.447051579259183257e-09,-6.829243677131119559e-06,-6.829243677131119559e-06,-2.813349736799422242e-08
2.196666178716319529e+00,-2.056227156841448681e-09,-2.121221924736390065e-08,-1.492821681191329873e-07,9.873809644391540186e-01,1.093933509343284838e-03,1.093933509343284838e-03,-2.056227156841448681e-09,-1.513383952759744302e-07,9.873814184543397987e-01,1.094538862924388780e-03,1.094538862924388780e-03,-3.511509735520952315e-09,-6.229199814007259887e-06,-6.229199814007259887e-06,-2.786658516102837883e-08
2.198968763809313831e+00,-2.094532671424669203e-09,-2.819614552440171380e-08,-1.492501804641010854e-07,9.873800515277623147e-01,1.141419500654646067e-03,1.141419500654646067e-03,-2.094532671424669203e-09,-1.513447131355257488e-07,9.873805055619017113e-01,1.142024879507188163e-03,1.142024879507188163e-03,-3.575350513087212231e-09,-5.598867494357404615e-06,-5.598867494357404615e-06,-2.759740768966796637e-08
2.201271348902307690e+00,-2.132464977702219801e-09,-3.509327066918185160e-08,-1.492019668557543664e-07,9.873791432551972669e-01,1.183406193990102322e-03,1.183406193990102322e-03,-2.132464977702219801e-09,-1.513344318334565961e-07,9.873795972584927805e-01,1.184011531717436144e-03,1.184011531717436144e-03,-3.638568784709485116e-09,-4.941293409543079134e-06,-4.941293409543079134e-06,-2.732603703738780386e-08
2.203573933995301992e+00,-2.170021096769287152e-09,-4.190327910871961793e-08,-1.491377255801738442e-07,9.873782396951948925e-01,1.219733635607033557e-03,1.219733635607033557e-03,-2.170021096769287152e-09,-1.513077466769431190e-07,9.873786936184348884e-01,1.220338866593741276e-03,1.220338866593741276e-03,-3.701159588383854210e-09,-4.259631598578192638e-06,-4.259631598578192638e-06,-2.705254470639364579e-08
2.205876519088295851e+00,-2.207198147532819070e-09,-4.862588684761158145e-08,-1.490576556777382485e-07,9.873773409190419459e-01,1.250270417876057048e-03,1.250270417876057048e-03,-2.207198147532819070e-09,-1.512648538252710771e-07,9.873777947136034294e-01,1.250875477291358163e-03,1.250875477291358163e-03,-3.763118126003173576e-09,-3.557127327921504006e-06,-3.557127327921504006e-06,-2.677700160980397888e-08
2.208179104181290153e+00,-2.243993345899811758e-09,-5.526084086012356643e-08,-1.489619568705985221e-07,9.873764469956063383e-01,1.274913849877615897e-03,1.274913849877615897e-03,-2.243993345899811758e-09,-1.512059502164983273e-07,9.873769006134569537e-01,1.275518673678481931e-03,1.275518673678481931e-03,-3.824439761991867712e-09,-2.837100794413938684e-06,-2.837100794413938684e-06,-2.649947806413871261e-08
2.210481689274284012e+00,-2.280404003957788471e-09,-6.180791848604974005e-08,-1.488508294915375891e-07,9.873755579913676694e-01,1.293589986625541402e-03,1.293589986625541402e-03,-2.280404003957788471e-09,-1.511312334954953780e-07,9.873760113850681419e-01,1.294194511559523288e-03,1.294194511559523288e-03,-3.885120021923608935e-09,-2.102930733296589232e-06,-2.102930733296589232e-06,-2.622004378211164347e-08
2.212784274367277870e+00,-2.316427529147973354e-09,-6.826692683050349105e-08,-1.487244744142082179e-07,9.873746739704475361e-01,1.306253520243180841e-03,1.306253520243180841e-03,-2.316427529147973354e-09,-1.510409019433561780e-07,9.873751270931533375e-01,1.306857683850954190e-03,1.306857683850954190e-03,-3.945154591122956147e-09,-1.358038011581445648e-06,-1.358038011581445648e-06,-2.593876786572148189e-08
2.215086859460272173e+00,-2.352061423431269631e-09,-7.463770216770286276e-08,-1.485830929847393459e-07,9.873737949946410630e-01,1.312887537046606833e-03,1.312887537046606833e-03,-2.352061423431269631e-09,-1.509351544081706163e-07,9.873742478001042988e-01,1.313491277664239438e-03,1.313491277664239438e-03,-4.004539313251340450e-09,-6.058692852344720195e-07,-6.058692852344720195e-07,-2.565571879964120340e-08
2.217389444553266031e+00,-2.387303282447360200e-09,-8.092010934888696589e-08,-1.484268869547025804e-07,9.873729211234473224e-01,1.313503144990046815e-03,1.313503144990046815e-03,-2.387303282447360200e-09,-1.508141902371499460e-07,9.873733735660180644e-01,1.314106401750995317e-03,1.314106401750995317e-03,-4.063270188878168543e-09,1.501192037057909884e-07,1.501192037057909884e-07,-2.537096444490032772e-08
2.219692029646260334e+00,-2.422150794667280124e-09,-8.711404121446790669e-08,-1.482560584154289761e-07,9.873720524141006427e-01,1.308138976486219714e-03,1.308138976486219714e-03,-2.422150794667280124e-09,-1.506782092100962637e-07,9.873725044487282609e-01,1.308741689323060205e-03,1.308741689323060205e-03,-4.121343374037886375e-09,9.064776164362616022e-07,9.064776164362616022e-07,-2.508457203285760100e-08
2.221994614739254192e+00,-2.456601740539514360e-09,-9.321941801048560949e-08,-1.480708097336673528e-07,9.873711889216012505e-01,1.296860572032493579e-03,1.296860572032493579e-03,-2.456601740539514360e-09,-1.505274114742068598e-07,9.873716405038356347e-01,1.297462681678390479e-03,1.297462681678390479e-03,-4.178755178773326499e-09,1.659778222367682139e-06,1.659778222367682139e-06,-2.479660815946177852e-08
2.224297199832248495e+00,-2.490653991630090161e-09,-9.923618680950193885e-08,-1.478713434885738859e-07,9.873703306987470230e-01,1.279759650536904398e-03,1.279759650536904398e-03,-2.490653991630090161e-09,-1.503619974802039641e-07,9.873707817847394708e-01,1.280361098526825196e-03,1.280361098526825196e-03,-4.235502065666386319e-09,2.406630752107436944e-06,2.406630752107436944e-06,-2.450713877979550168e-08
2.226599784925242353e+00,-2.524305509756649666e-09,-1.051643209359632514e-07,-1.476578624100236756e-07,9.873694777961650182e-01,1.256953272588826184e-03,1.256953272588826184e-03,-2.524305509756649666e-09,-1.501821679197803303e-07,9.873699283426687900e-01,1.257554001260505292e-03,1.257554001260505292e-03,-4.291580648356287052e-09,3.143697334118670941e-06,3.143697334118670941e-06,-2.421622920290232881e-08
2.228902370018236212e+00,-2.557554346116987417e-09,-1.110038193961810506e-07,-1.474305693182337095e-07,9.873686302623416733e-01,1.228582903272393929e-03,1.228582903272393929e-03,-2.557554346116987417e-09,-1.499881236643507068e-07,9.873690802267126587e-01,1.229182855767051294e-03,1.229182855767051294e-03,-4.346987690046466402e-09,3.867706954293697521e-06,3.867706954293697521e-06,-2.392394408688996491e-08
2.231204955111230515e+00,-2.590398640412054448e-09,-1.167547063129588559e-07,-1.471896670646872903e-07,9.873677881436551118e-01,1.194813381408238624e-03,1.194813381408238624e-03,-2.590398640412054448e-09,-1.497800657050993481e-07,9.873682374838522735e-01,1.195412501671058942e-03,1.195412501671058942e-03,-4.401720102000388666e-09,4.575469381424260446e-06,4.575469381424260446e-06,-2.363034743430945870e-08
2.233507540204224373e+00,-2.622836619963757340e-09,-1.224170303649584985e-07,-1.469353584743497135e-07,9.873669514844058970e-01,1.155831802353938891e-03,1.155831802353938891e-03,-2.622836619963757340e-09,-1.495581950943134799e-07,9.873674001589911597e-01,1.156430035134316204e-03,1.156430035134316204e-03,-4.455774942027078772e-09,5.263888505442475431e-06,5.263888505442475431e-06,-2.333550258780668767e-08
2.235810125297218676e+00,-2.654866598827798328e-09,-1.279908642308998918e-07,-1.466678462891637842e-07,9.873661203268485620e-01,1.111846321711312639e-03,1.111846321711312639e-03,-2.654866598827798328e-09,-1.493227128879915768e-07,9.873665682949872568e-01,1.112443612562864651e-03,1.112443612562864651e-03,-4.509149412957061857e-09,5.929975039405536249e-06,5.929975039405536249e-06,-2.303947222604110187e-08
2.238112710390212534e+00,-2.686486976901632148e-09,-1.334763040386224404e-07,-1.463873331128154872e-07,9.873652947112230294e-01,1.063084887436002235e-03,1.063084887436002235e-03,-2.686486976901632148e-09,-1.490738200897171318e-07,9.873657419326833384e-01,1.063681182716361053e-03,1.063681182716361053e-03,-4.561840861109078949e-09,6.570858540283880560e-06,6.570858540283880560e-06,-2.274231835987148161e-08
2.240415295483206393e+00,-2.717696239027926745e-09,-1.388734688191176058e-07,-1.460940213567579238e-07,9.873644746757856971e-01,1.009793907985914903e-03,1.009793907985914903e-03,-2.717696239027926745e-09,-1.488117175957858510e-07,9.873649211109384316e-01,1.010389154856298132e-03,1.010389154856298132e-03,-4.613846774748496098e-09,7.183798707982985349e-06,7.183798707982985349e-06,-2.244410232880277984e-08
2.242717880576200695e+00,-2.748492954093583259e-09,-1.441824999655692497e-07,-1.457881131874829289e-07,9.873636602568401921e-01,9.522368642040902019e-04,9.522368642040902019e-04,-2.748492954093583259e-09,-1.485366061415765034e-07,9.873641058666585701e-01,9.528310106286564957e-04,9.528310106286564957e-04,-4.665164782537750250e-09,7.766195926209323134e-06,7.766195926209323134e-06,-2.214488479769214006e-08
2.245020465669194554e+00,-2.778875774124595710e-09,-1.494035606974685258e-07,-1.454698104750293289e-07,9.873628514887694552e-01,8.906928726973088436e-04,8.906928726973088436e-04,-2.778875774124595710e-09,-1.482486862491539130e-07,9.873632962348282138e-01,8.912858674423055011e-04,8.912858674423055011e-04,-4.715792651979530809e-09,8.315601013345256371e-06,8.315601013345256371e-06,-2.184472575371090014e-08
2.247323050762188856e+00,-2.808843433376986945e-09,-1.545368355298781226e-07,-1.451393147427153748e-07,9.873620484040662726e-01,8.254552084482990985e-04,8.254552084482990985e-04,-2.808843433376986945e-09,-1.479481581760923659e-07,9.873624922485407795e-01,8.260470010810034517e-04,8.260470010810034517e-04,-4.765728287853337141e-09,8.829724155679580450e-06,8.829724155679580450e-06,-2.154368450355767857e-08
2.249625635855182715e+00,-2.838394747423929225e-09,-1.595825297478768277e-07,-1.447968271180855818e-07,9.873612510333642511e-01,7.568297943905556019e-04,7.568297943905556019e-04,-2.838394747423929225e-09,-1.476352218655095077e-07,9.873616939390298386e-01,7.574203352780176654e-04,7.574203352780176654e-04,-4.814969730645830576e-09,9.306442999961641772e-06,9.306442999961641772e-06,-2.124181967092108727e-08
2.251928220948177017e+00,-2.867528612239391469e-09,-1.645408688862649608e-07,-1.444425482850582379e-07,9.873604594054687933e-01,6.851336655827582750e-04,6.851336655827582750e-04,-2.867528612239391469e-09,-1.473100768972976273e-07,9.873609013356995368e-01,6.857229058903474821e-04,6.857229058903474821e-04,-4.863515154975752647e-09,9.743809886405767177e-06,9.743809886405767177e-06,-2.093918919418666120e-08
2.254230806041170876e+00,-2.896244003278373144e-09,-1.694120982145577006e-07,-1.440766784372640006e-07,9.873596735473884056e-01,6.106934155330996173e-04,6.106934155330996173e-04,-2.896244003278373144e-09,-1.469729224405423754e-07,9.873601144661556805e-01,6.112813072228618196e-04,6.112813072228618196e-04,-4.911362868013730538e-09,1.014005820779145766e-05,1.014005820779145766e-05,-2.063585032438602285e-08
2.256533391134164734e+00,-2.924539974554089583e-09,-1.741964822273395485e-07,-1.436994172325613122e-07,9.873588934843641196e-01,5.338436320766276827e-04,5.338436320766276827e-04,-2.924539974554089583e-09,-1.466239572071153906e-07,9.873593333562357133e-01,5.344301279054561012e-04,5.344301279054561012e-04,-4.958511307897776222e-09,1.049360788445046653e-05,1.049360788445046653e-05,-2.033185962338323581e-08
2.258835976227159037e+00,-2.952415657712196401e-09,-1.788943041400135979e-07,-1.433109637487185247e-07,9.873581192399014661e-01,4.549253300487700650e-04,4.549253300487700650e-04,-2.952415657712196401e-09,-1.462633794064307231e-07,9.873585580300396902e-01,4.555103835663957754e-04,4.555103835663957754e-04,-5.004959042144815136e-09,1.080306994919719954e-05,1.080306994919719954e-05,-2.002727296229520080e-08
2.261138561320152895e+00,-2.979870261102308214e-09,-1.835058653899845193e-07,-1.429115164402500536e-07,9.873573508358002293e-01,3.742843878017620670e-04,3.742843878017620670e-04,-2.979870261102308214e-09,-1.458913867013523494e-07,9.873577885099603657e-01,3.748679533485674894e-04,3.748679533485674894e-04,-5.050704766058842439e-09,1.106725024036274252e-05,1.106725024036274252e-05,-1.972214552014333807e-08
2.263441146413147198e+00,-3.006903068847099500e-09,-1.880314851433442431e-07,-1.425012730963929559e-07,9.873565882921848669e-01,2.922699943889668964e-04,2.922699943889668964e-04,-3.006903068847099500e-09,-1.455081761652400459e-07,9.873570248167133911e-01,2.928520270936278724e-04,2.928520270936278724e-04,-5.095747301136360329e-09,1.128515220502866203e-05,1.128515220502866203e-05,-1.941653178273047794e-08
2.265743731506141057e+00,-3.033513439909054203e-09,-1.924714998070737051e-07,-1.420804308002140850e-07,9.873558316275344859e-01,2.092331139993348140e-04,2.092331139993348140e-04,-3.033513439909054203e-09,-1.451139442401231404e-07,9.873562669693671801e-01,2.098135697762953098e-04,2.098135697762953098e-04,-5.140085593469343741e-09,1.145597881853401374e-05,1.145597881853401374e-05,-1.911048554174102062e-08
2.268046316599135359e+00,-3.059700807155256991e-09,-1.968262625468162168e-07,-1.416491858888323914e-07,9.873550808587132632e-01,1.255249739541264276e-04,1.255249739541264276e-04,-3.059700807155256991e-09,-1.447088866959876356e-07,9.873555149853733282e-01,1.261038095009103907e-04,1.261038095009103907e-04,-5.183718712146555823e-09,1.157913362990981983e-05,1.157913362990981983e-05,-1.880405989405976297e-08
2.270348901692129218e+00,-3.085464676420282817e-09,-2.010961428102547256e-07,-1.412077339147467071e-07,9.873543360009997549e-01,4.149558229239049505e-05,4.149558229239049505e-05,-3.085464676420282817e-09,-1.442931985911669891e-07,9.873547688805954792e-01,4.207275508675516597e-05,4.207275508675516597e-05,-5.226645847653409226e-09,1.165422094666079212e-05,1.165422094666079212e-05,-1.849730724130497151e-08
2.272651486785123076e+00,-3.110804625567563232e-09,-2.052815258561296267e-07,-1.407562696082537139e-07,9.873535970681168727e-01,-4.250771933477939617e-05,-4.250771933477939617e-05,-3.110804625567563232e-09,-1.438670742338212787e-07,9.873540286693395229e-01,-4.193225103784410830e-05,-4.193225103784410830e-05,-5.268866310271140837e-09,1.168104517550522522e-05,1.168104517550522522e-05,-1.819027928957233699e-08
2.274954071878117379e+00,-3.135720303549335741e-09,-2.093828122889303193e-07,-1.402949868409452971e-07,9.873528640722614158e-01,-1.261416620638535261e-04,-1.261416620638535261e-04,-3.135720303549335741e-09,-1.434307071444946407e-07,9.873532943643827942e-01,-1.255679392352755587e-04,-1.255679392352755587e-04,-5.310379528475559684e-09,1.165960933918871834e-05,1.165960933918871834e-05,-1.788302704938504903e-08
2.277256656971111237e+00,-3.160211429465438406e-09,-2.134004175992838792e-07,-1.398240785902714664e-07,9.873521370241330475e-01,-2.090684104476283570e-04,-2.090684104476283570e-04,-3.160211429465438406e-09,-1.429842900197368982e-07,9.873525659770031604e-01,-2.084964732875494147e-04,-2.084964732875494147e-04,-5.351185047335918095e-09,1.159011279226279115e-05,1.159011279226279115e-05,-1.757560083584674848e-08
2.279559242064105540e+00,-3.184277791621260733e-09,-2.173347717100882834e-07,-1.393437369051555826e-07,9.873514159329640494e-01,-2.909568726007874550e-04,-2.909568726007874550e-04,-3.184277791621260733e-09,-1.425280146967768350e-07,9.873518435170081098e-01,-2.903867605420003706e-04,-2.903867605420003706e-04,-5.391282526914472715e-09,1.147294816187313553e-05,1.147294816187313553e-05,-1.726805026899187146e-08
2.281861827157099398e+00,-3.207919246584914521e-09,-2.211863185283937323e-07,-1.388541528726503496e-07,9.873507008065469659e-01,-3.714839555009072716e-04,-3.714839555009072716e-04,-3.207919246584914521e-09,-1.420620721192352546e-07,9.873511269927632839e-01,-3.709157072124303093e-04,-3.709157072124303093e-04,-5.430671740666944685e-09,1.130869754202697674e-05,1.130869754202697674e-05,-1.696042427433044378e-08
2.284164412250093257e+00,-3.231135718244056065e-09,-2.249555155030794500e-07,-1.383555165856194316e-07,9.873499916512646912e-01,-4.503357614546899955e-04,-4.503357614546899955e-04,-3.231135718244056065e-09,-1.415866523038634786e-07,9.873504164112215653e-01,-4.497694148454745239e-04,-4.497694148454745239e-04,-5.469352573844606872e-09,1.109812797247467803e-05,1.109812797247467803e-05,-1.665277108358206803e-08
2.286466997343087559e+00,-3.253927196862422551e-09,-2.286428331883302528e-07,-1.378480171114332856e-07,9.873492884721178919e-01,-5.272087221052554036e-04,-5.272087221052554036e-04,-3.253927196862422551e-09,-1.411019443082957172e-07,9.873497117779508336e-01,-5.266443143280222098e-04,-5.266443143280222098e-04,-5.507325021898178491e-09,1.084218623548278705e-05,1.084218623548278705e-05,-1.634513823559547054e-08
2.288769582436081418e+00,-3.276293738136409000e-09,-2.322487548129422915e-07,-1.373318424616657104e-07,9.873485912727539837e-01,-6.018106667329811482e-04,-6.018106667329811482e-04,-3.276293738136409000e-09,-1.406081361998021297e-07,9.873490130971626089e-01,-6.012482341881819495e-04,-6.012482341881819495e-04,-5.544589188884079680e-09,1.054199300588633948e-05,1.054199300588633948e-05,-1.603757257744925704e-08
2.291072167529075720e+00,-3.298235462251937197e-09,-2.357737758554828505e-07,-1.368071795627760516e-07,9.873479000554947760e-01,-6.738618219804933191e-04,-6.738618219804933191e-04,-3.298235462251937197e-09,-1.401054150250279901e-07,9.873483203717398071e-01,-6.733014003203932184e-04,-6.733014003203932184e-04,-5.581145285873492689e-09,1.019883639166001660e-05,1.019883639166001660e-05,-1.573012026572858327e-08
2.293374752622069579e+00,-3.319752552941759306e-09,-2.392184036253024041e-07,-1.362742142277669497e-07,9.873472148213638944e-01,-7.430957405043887506e-04,-7.430957405043887506e-04,-3.319752552941759306e-09,-1.395939667807087139e-07,9.873476336032642742e-01,-7.425373646372659476e-04,-7.425373646372659476e-04,-5.616993629364473720e-09,9.814164903824212444e-06,9.814164903824212444e-06,-1.542282676797510990e-08
2.295677337715063882e+00,-3.340845256543560542e-09,-2.425831568494354032e-07,-1.357331311288009290e-07,9.873465355701153134e-01,-8.092601564398366849e-04,-8.092601564398366849e-04,-3.340845256543560542e-09,-1.390739763853444946e-07,9.873469527920444300e-01,-8.087038605342953233e-04,-8.087038605342953233e-04,-5.652134639697705183e-09,9.389579896010262421e-06,9.389579896010262421e-06,-1.511573686430395869e-08
2.297979922808057740e+00,-3.361513881058963054e-09,-2.458685652653789162e-07,-1.351841137707653208e-07,9.873458623002597800e-01,-8.721177659256622479e-04,-8.721177659256622479e-04,-3.361513881058963054e-09,-1.385456276518242772e-07,9.873462779371426912e-01,-8.715635834150549854e-04,-8.715635834150549854e-04,-5.686568839476063740e-09,8.926827515100492613e-06,8.926827515100492613e-06,-1.480889464918512531e-08
2.300282507901051599e+00,-3.381758795213803671e-09,-2.490751692197841415e-07,-1.346273444657695034e-07,9.873451950090923468e-01,-9.314469313189012835e-04,-9.314469313189012835e-04,-3.381758795213803671e-09,-1.380091032609832967e-07,9.873456090364021165e-01,-9.308948949058573532e-04,-9.308948949058573532e-04,-5.720296851988588116e-09,8.427790205489537562e-06,8.427790205489537562e-06,-1.450234353338307233e-08
2.302585092994045901e+00,-3.401580427519807921e-09,-2.522035192730407548e-07,-1.340630043085630801e-07,9.873445336927190175e-01,-9.870423080731169710e-04,-9.870423080731169710e-04,-3.401580427519807921e-09,-1.374645847360829008e-07,9.873449460864732741e-01,-9.864924497341727005e-04,-9.864924497341727005e-04,-5.753319399639022058e-09,7.894477810149228727e-06,7.894477810149228727e-06,-1.419612624605231849e-08
