ln_a,zeta_obs,Phi_N,Psi_N,delta_b_N,delta_gamma_N,delta_nu_N,zeta,u,delta_b,delta_gamma,delta_nu,vartheta_b,vartheta_gamma,vartheta_nu,alpha
0.000000000000000000e+00,0.000000000000000000e+00,-3.124945290682112995e-04,0.000000000000000000e+00,1.000000000000000000e+00,0.000000000000000000e+00,0.000000000000000000e+00,0.000000000000000000e+00,0.000000000000000000e+00,1.000000000000000000e+00,0.000000000000000000e+00,0.000000000000000000e+00,0.000000000000000000e+00,0.000000000000000000e+00,0.000000000000000000e+00,7.499868697637070395e-08
2.302585092994045846e-03,1.095830064294068152e-10,-2.961519477465664792e-04,7.040163319610829744e-07,1.000536173728277856e+00,6.485556686790037561e-04,6.485556686790037561e-04,1.095830064294068152e-10,7.041259149675124194e-07,1.000534061350532911e+00,6.457391650191336577e-04,6.457391650191336577e-04,1.705473414699804801e-10,1.297190325337788903e-07,1.297190325337788903e-07,7.245094939982041426e-08
4.605170185988091691e-03,2.121165699839063069e-10,-2.651441430774774182e-04,1.351161467208742758e-06,1.002088607132599396e+00,1.851701820247936715e-03,1.851701820247936715e-03,2.121165699839063069e-10,1.351373583778726606e-06,1.002084553011848067e+00,1.846296325912821779e-03,1.846296325912821779e-03,3.304696389308787221e-10,8.554879979245685230e-07,8.554879979245685230e-07,6.624760981689749671e-08
6.907755278982137537e-03,3.033714524952534470e-10,-2.284092829492911686e-04,1.918173752346313849e-06,1.004546901343795096e+00,2.226062659938184835e-03,2.226062659938184835e-03,3.033714524952534470e-10,1.918477123798809300e-06,1.004541145912423605e+00,2.218388751442989387e-03,2.218388751442989387e-03,4.737874798004111593e-10,2.092869319599134029e-06,2.092869319599134029e-06,5.847456301137698474e-08
9.210340371976183382e-03,3.819094414168216968e-10,-1.902358564805943161e-04,2.398373608444615390e-06,1.007780522130781620e+00,1.233004883750755520e-03,1.233004883750755520e-03,3.819094414168216968e-10,2.398755517886032155e-06,1.007773325864227854e+00,1.223409861679211445e-03,1.223409861679211445e-03,5.984269569694663237e-10,3.142343137875935468e-06,3.142343137875935468e-06,5.014701180648584321e-08
1.151292546497022923e-02,4.468609340710545867e-10,-1.474184408469583752e-04,2.786005625642610925e-06,1.011652833017587794e+00,-2.516043939146197258e-04,-2.516043939146197258e-04,4.468609340710545867e-10,2.786452486576681774e-06,1.011644473660127996e+00,-2.627502038609264750e-04,-2.627502038609264750e-04,7.024952464321073256e-10,3.411569720190312566e-06,3.411569720190312566e-06,4.046364526892576781e-08
1.381551055796427507e-02,4.956859666743318337e-10,-9.466798685944681545e-05,3.063971941291245059e-06,1.016011828005303874e+00,-8.672828830176165273e-04,-8.672828830176165273e-04,4.956859666743318337e-10,3.064467627257919453e-06,1.016002634602422017e+00,-8.795407535266482491e-04,-8.795407535266482491e-04,7.812503160040648350e-10,3.022357761940938458e-06,3.022357761940938458e-06,2.807829889219075925e-08
1.611809565095832092e-02,5.243799110174347538e-10,-3.224089902187357777e-05,3.208281864184393691e-06,1.020674601785205526e+00,-1.983261539866884972e-04,-1.983261539866884972e-04,5.243799110174347538e-10,3.208806244095410935e-06,1.020664975366473159e+00,-2.111613789630701460e-04,-2.111613789630701460e-04,8.281115274244128335e-10,2.663604007198076992e-06,2.663604007198076992e-06,1.298157030053354842e-08
1.842068074395236676e-02,5.299330613724361857e-10,3.230288756843566900e-05,3.204455232072774746e-06,1.025429158390824380e+00,8.064840665801665089e-04,8.064840665801665089e-04,5.299330613724361857e-10,3.204985165134147247e-06,1.025419543435329039e+00,7.936641259196298894e-04,7.936641259196298894e-04,8.386969937488871134e-10,2.853620232061426194e-06,2.853620232061426194e-06,-3.006243606156725629e-09
2.072326583694641261e-02,5.124873643030203073e-10,8.988605404654461024e-05,3.058716438829231443e-06,1.030058691440370877e+00,8.498595518973150759e-04,8.498595518973150759e-04,5.124873643030203073e-10,3.059228926193534296e-06,1.030049513753592327e+00,8.376226361925409201e-04,8.376226361925409201e-04,8.137088206531652742e-10,3.393083986597930616e-06,3.393083986597930616e-06,-1.762049644629706499e-08
2.302585092994045846e-02,4.749973487544514893e-10,1.370599963609996769e-04,2.792676753208778604e-06,1.034370211658620198e+00,-3.448377854971676005e-04,-3.448377854971676005e-04,4.749973487544514893e-10,2.793151750557533063e-06,1.034361832203368525e+00,-3.560103924993977581e-04,-3.560103924993977581e-04,7.577637607370873846e-10,3.579565897161014885e-06,3.579565897161014885e-06,-2.994285563354650080e-08
2.532843602293450430e-02,4.208198432921741967e-10,1.771895396200555493e-04,2.427467588217698694e-06,1.038205534591282175e+00,-1.744641779011521640e-03,-1.744641779011521640e-03,4.208198432921741967e-10,2.427888408060990991e-06,1.038198250926057886e+00,-1.754353332643765560e-03,-1.754353332643765560e-03,6.755037127022803378e-10,2.951182676023716982e-06,2.951182676023716982e-06,-4.075577007794449849e-08
2.763102111592855015e-02,3.517463495236881292e-10,2.147851397011680305e-04,1.973693844765291682e-06,1.041431237304733637e+00,-2.084408328416955791e-03,-2.084408328416955791e-03,3.517463495236881292e-10,1.974045591114815282e-06,1.041425315167960219e+00,-2.092304510781415119e-03,-2.092304510781415119e-03,5.690361222805035673e-10,1.778547115691591514e-06,1.778547115691591514e-06,-5.116271611791950819e-08
2.993360620892259599e-02,2.684247183248429111e-10,2.491392085485687690e-04,1.436766458255841044e-06,1.043925152153415414e+00,-1.174216924144859007e-03,-1.174216924144859007e-03,2.684247183248429111e-10,1.437034882974165895e-06,1.043920841048766590e+00,-1.179965063676755759e-03,-1.179965063676755759e-03,4.392082108247582289e-10,7.960328876242227888e-07,7.960328876242227888e-07,-6.096890199929556975e-08
3.223619130191664184e-02,1.725750374030031550e-10,2.738579148669538043e-04,8.308988101672336126e-07,1.045578789696580246e+00,-8.084721945517413287e-05,-8.084721945517413287e-05,1.725750374030031550e-10,8.310713852046366332e-07,1.045576296482424672e+00,-8.417150499599268618e-05,-8.417150499599268618e-05,2.891566495936645118e-10,4.584211383577752260e-07,4.584211383577752260e-07,-6.850969321691355142e-08
3.453877639491068768e-02,6.856385631483618233e-11,2.825762508842377956e-04,1.863533540345910933e-07,1.046316863893860694e+00,-1.177455423684192312e-05,-1.177455423684192312e-05,6.856385631483618233e-11,1.864219178909059353e-07,1.046316304628106986e+00,-1.252024190840554749e-05,-1.252024190840554749e-05,1.262523190314748213e-10,4.955802892478610417e-07,4.955802892478610417e-07,-7.207218358332505535e-08
3.684136148790473353e-02,-3.738554899791550061e-11,2.748334993879507403e-04,-4.580830665542490617e-07,1.046116355469217885e+00,-1.068600536712754163e-03,-1.068600536712754163e-03,-3.738554899791550061e-11,-4.581204521032469905e-07,1.046117729830574161e+00,-1.066768054904341113e-03,-1.066768054904341113e-03,-3.971043580442143928e-11,2.200222324572924990e-07,2.200222324572924990e-07,-7.142111930015549150e-08
3.914394658089877937e-02,-1.396221250680907265e-10,2.561665665003731956e-04,-1.070162926644973789e-06,1.045007371527654438e+00,-2.151607945157286463e-03,-2.151607945157286463e-03,-1.396221250680907265e-10,-1.070302548770041967e-06,1.045010582435300650e+00,-2.147326734962206295e-03,-2.147326734962206295e-03,-2.003590633081757035e-10,-7.381394969726912269e-07,-7.381394969726912269e-07,-6.788126485411724192e-08
4.144653167389282522e-02,-2.347782279215685702e-10,2.325617450101050653e-04,-1.632229385310125435e-06,1.043055794004851045e+00,-2.097155106720277433e-03,-2.097155106720277433e-03,-2.347782279215685702e-10,-1.632464163538046930e-06,1.043060691397341699e+00,-2.090625250066125394e-03,-2.090625250066125394e-03,-3.509017234044239987e-10,-2.028161649694406951e-06,-2.028161649694406951e-06,-6.294246614654807367e-08
4.374911676688687107e-02,-3.212103742545167966e-10,2.050691373090938075e-04,-2.135348569752008573e-06,1.040344673688293753e+00,-8.691534527303417185e-04,-8.691534527303417185e-04,-3.212103742545167966e-10,-2.135669780126263186e-06,1.040351080697634156e+00,-8.606107736098367149e-04,-8.606107736098367149e-04,-4.887096528674792406e-10,-2.917058798810743757e-06,-2.917058798810743757e-06,-5.684600310154792387e-08
4.605170185988091691e-02,-3.969543352503904518e-10,1.699537565351259176e-04,-2.566848244945493561e-06,1.036970549535777275e+00,4.097233890340320063e-04,4.097233890340320063e-04,-3.969543352503904518e-10,-2.567245199280743900e-06,1.036978251271375218e+00,4.199923698311549582e-04,4.199923698311549582e-04,-6.101022223963093095e-10,-3.017021116559876944e-06,-3.017021116559876944e-06,-4.857525424843129400e-08
4.835428695287496276e-02,-4.584389335079486020e-10,1.239597444138899429e-04,-2.904819235043921323e-06,1.033054033381753944e+00,6.027249378742446408e-04,6.027249378742446408e-04,-4.584389335079486020e-10,-2.905277673977429178e-06,1.033062749214775922e+00,6.143460485701543981e-04,6.143460485701543981e-04,-7.088542871897568220e-10,-2.658490690241112103e-06,-2.658490690241112103e-06,-3.720662439137227092e-08
5.065687204586900860e-02,-5.013522564740986613e-10,6.915810753451154594e-05,-3.125494108225962334e-06,1.028748757600103758e+00,-2.962256654720835298e-04,-2.962256654720835298e-04,-5.013522564740986613e-10,-3.125995460482436359e-06,1.028758135586485212e+00,-2.837216836301538047e-04,-2.837216836301538047e-04,-7.780778240123537879e-10,-2.535098097849724674e-06,-2.535098097849724674e-06,-2.320859871645369345e-08
5.295945713886305445e-02,-5.228326662713416784e-10,1.249412384457213607e-05,-3.216173955938131214e-06,1.024234304623016456e+00,-1.173914665460092923e-03,-1.173914665460092923e-03,-5.228326662713416784e-10,-3.216696788604402735e-06,1.024243954713382365e+00,-1.161047878305675272e-03,-1.161047878305675272e-03,-8.136615438431006632e-10,-2.988355989744661354e-06,-2.988355989744661354e-06,-8.374414092539404006e-09
5.526204223185710029e-02,-5.228362412343519214e-10,-3.937284492756089527e-05,-3.180982867700655824e-06,1.019694730169047769e+00,-9.372392938791997054e-04,-9.372392938791997054e-04,-5.228362412343519214e-10,-3.181505703941890038e-06,1.019704274686159540e+00,-9.245132710634321876e-04,-9.245132710634321876e-04,-8.159132143101639179e-10,-3.658233917107643147e-06,-3.658233917107643147e-06,5.518436614941563141e-09
5.756462732485114614e-02,-5.033948683690243466e-10,-8.470468727782714559e-05,-3.034194560963797562e-06,1.015298207381983175e+00,3.805286678127149441e-04,3.805286678127149441e-04,-5.033948683690243466e-10,-3.034697955832166490e-06,1.015307311475850627e+00,3.926674596360436083e-04,3.926674596360436083e-04,-7.879056035409060150e-10,-3.847305047203257187e-06,-3.847305047203257187e-06,1.796543305310895069e-08
5.986721241784519199e-02,-4.665869158771607755e-10,-1.263096309207274053e-04,-2.788219742371680684e-06,1.011191492327308650e+00,1.655007415067418376e-03,1.655007415067418376e-03,-4.665869158771607755e-10,-2.788686329287557882e-06,1.011199858386296446e+00,1.666162160384568585e-03,1.666162160384568585e-03,-7.323076728142132925e-10,-3.225029550937020327e-06,-3.225029550937020327e-06,2.968322958421115258e-08
6.216979751083923783e-02,-4.132611801624862533e-10,-1.668063344134568075e-04,-2.448153366501574103e-06,1.007507900152690983e+00,1.796315089079003439e-03,1.796315089079003439e-03,-4.132611801624862533e-10,-2.448566627681736487e-06,1.007515245852574015e+00,1.806109355589730374e-03,1.806109355589730374e-03,-6.498816462483869989e-10,-2.163348222369147032e-06,-2.163348222369147032e-06,4.136253389909391945e-08
6.447238260383328368e-02,-3.437152373734326393e-10,-2.044322012489236100e-04,-2.017670338465034584e-06,1.004374682455106527e+00,8.279681820533426684e-04,8.279681820533426684e-04,-3.437152373734326393e-10,-2.018014053702408041e-06,1.004380736497267668e+00,8.360402382681523040e-04,8.360402382681523040e-04,-5.410310748197899908e-10,-1.372481572697837256e-06,-1.372481572697837256e-06,5.251562851962564842e-08
6.677496769682733646e-02,-2.595377838959482042e-10,-2.335449734129934111e-04,-1.509567297418760145e-06,1.001907542422749264e+00,-1.522952196931315165e-04,-1.522952196931315165e-04,-2.595377838959482042e-10,-1.509826835202655989e-06,1.001912071903254819e+00,-1.462559123523208908e-04,-1.462559123523208908e-04,-4.086873040068022235e-10,-1.206862641279931836e-06,-1.206862641279931836e-06,6.156887498170514396e-08
6.907755278982137537e-02,-1.646827231906374160e-10,-2.491834967475191386e-04,-9.498443804942397482e-07,1.000193968658265931e+00,-7.468555155388689369e-05,-7.468555155388689369e-05,-1.646827231906374160e-10,-9.500090632174303505e-07,1.000196818685455513e+00,-7.088551530101717144e-05,-7.088551530101717144e-05,-2.595205902570447118e-10,-1.333235961146022027e-06,-1.333235961146022027e-06,6.708502628069840376e-08
7.138013788281541427e-02,-6.463822343526048439e-11,-2.511089533530323640e-04,-3.708862788444947659e-07,9.992788763132575136e-01,1.042331445191768072e-03,1.042331445191768072e-03,-6.463822343526048439e-11,-3.709509170679300448e-07,9.992799891660086864e-01,1.043815248860039801e-03,1.043815248860039801e-03,-1.021691557893757617e-10,-1.084586996120170690e-06,-1.084586996120170690e-06,6.889440789087444822e-08
7.368272297580946706e-02,3.556352656717840840e-11,-2.434405488535026452e-04,1.999661701538535425e-07,9.991642831975788841e-01,2.118230546573429338e-03,2.118230546573429338e-03,3.556352656717840840e-11,2.000017336804207236e-07,9.991636831923778050e-01,2.117430539638707858e-03,2.117430539638707858e-03,5.588695850225732332e-11,-1.418788347967274515e-07,-1.418788347967274515e-07,6.804253505687005998e-08
7.598530806880351984e-02,1.326559975883938293e-10,-2.304306375831946291e-04,7.459799603326829639e-07,9.998217433760304695e-01,2.081709473123975057e-03,2.081709473123975057e-03,1.326559975883938293e-10,7.461126163302713435e-07,9.998195050381815108e-01,2.078725022658654050e-03,2.078725022658654050e-03,2.099284846411714965e-10,1.132109849333784529e-06,1.132109849333784529e-06,6.564974027034576413e-08
7.828789316179755875e-02,2.246547455504957934e-10,-2.126218898246986209e-04,1.256372876410028344e-06,1.001205103272883035e+00,9.217644982251667904e-04,9.217644982251667904e-04,2.246547455504957934e-10,1.256597531155578783e-06,1.001201333480289613e+00,9.167381081005445244e-04,9.167381081005445244e-04,3.567820758480002545e-10,2.031416747259143398e-06,2.031416747259143398e-06,6.182855747992426055e-08
8.059047825479159766e-02,3.092420098510185357e-10,-1.870608143680697389e-04,1.717107926517494139e-06,1.003252472519043703e+00,-3.086817292234032817e-04,-3.086817292234032817e-04,3.092420098510185357e-10,1.717417168527345223e-06,1.003247320267538045e+00,-3.155513978975126423e-04,-3.155513978975126423e-04,4.922709343469870478e-10,2.179561525326304133e-06,2.179561525326304133e-06,5.570466871812215753e-08
8.289306334778565044e-02,3.827474345993441060e-10,-1.511650075597963290e-04,2.106906765707403353e-06,1.005878185348799247e+00,-5.250001563253277586e-04,-5.250001563253277586e-04,3.827474345993441060e-10,2.107289513142002637e-06,1.005871863480259920e+00,-5.334293143778957641e-04,-5.334293143778957641e-04,6.100501097875306479e-10,1.876466950568752681e-06,1.876466950568752681e-06,4.648038027941140550e-08
8.519564844077970323e-02,4.408112461709246302e-10,-1.063424512395471988e-04,2.402752311747010225e-06,1.008966006702257889e+00,3.394575792538931012e-04,3.394575792538931012e-04,4.408112461709246302e-10,2.403193122993181240e-06,1.008958797122888829e+00,3.298448067619203796e-04,3.298448067619203796e-04,7.031062617315698000e-10,1.786354261744083666e-06,1.786354261744083666e-06,3.447368930157567658e-08
8.749823353377374213e-02,4.801489917343979701e-10,-5.786124386837171826e-05,2.589778840714517257e-06,1.012373915641462174e+00,1.283803998416308424e-03,1.283803998416308424e-03,4.801489917343979701e-10,2.590258989706251618e-06,1.012366144864492945e+00,1.273442962457483349e-03,1.273442962457483349e-03,7.665734406504353712e-10,2.277829183793666176e-06,2.277829183793666176e-06,2.112402337690246232e-08
8.980081862676778104e-02,4.997819344851803038e-10,-1.119339755473497268e-05,2.666343556799659897e-06,1.015949889718282595e+00,1.223179797927103534e-03,1.223179797927103534e-03,4.997819344851803038e-10,2.666843338734144957e-06,1.015941889188266334e+00,1.212512424572166929e-03,1.212512424572166929e-03,7.992679418153897121e-10,3.059500239866149435e-06,3.059500239866149435e-06,7.979018821865153867e-09
9.210340371976183382e-02,5.006399865746436326e-10,3.160314085410740551e-05,2.639909214779284381e-06,1.019548074211059419e+00,4.186606847125034586e-05,4.186606847125034586e-05,5.006399865746436326e-10,2.640409854765858938e-06,1.019540152981495140e+00,3.130442905218691011e-05,3.130442905218691011e-05,8.026208335825130718e-10,3.459732505500659317e-06,3.459732505500659317e-06,-4.352031302174849648e-09
9.440598881275588661e-02,4.840068464456395413e-10,7.209590428647803491e-05,2.518136363636444844e-06,1.023035027442626088e+00,-1.297643857242714114e-03,-1.297643857242714114e-03,4.840068464456395413e-10,2.518620370482890415e-06,1.023027471581514636e+00,-1.307718338724645586e-03,-1.307718338724645586e-03,7.781749721291039852e-10,3.073826107802048354e-06,3.073826107802048354e-06,-1.629682299956851292e-08
9.670857390574992551e-02,4.503363261813656868e-10,1.122861566177138764e-04,2.303797489627852974e-06,1.026285585808627721e+00,-1.680461220361242989e-03,-1.680461220361242989e-03,4.503363261813656868e-10,2.304247825954034439e-06,1.026278673065149860e+00,-1.689678211665059191e-03,-1.689678211665059191e-03,7.261015123833946975e-10,2.153037984376828554e-06,2.153037984376828554e-06,-2.842563778587417671e-08
9.901115899874396442e-02,3.995412038162314301e-10,1.512253544540028002e-04,1.998019296051010740e-06,1.029177524889921758e+00,-8.999909590207060906e-04,-8.999909590207060906e-04,3.995412038162314301e-10,1.998418837254827149e-06,1.029171529633410076e+00,-9.079846343697253958e-04,-9.079846343697253958e-04,6.461033868255851880e-10,1.365945517970726614e-06,1.365945517970726614e-06,-4.046124703334653913e-08
1.013137440917380172e-01,3.324037451966624951e-10,1.846844503085252323e-04,1.608196874146305887e-06,1.031594562088710365e+00,1.592495642916262361e-04,1.592495642916262361e-04,3.324037451966624951e-10,1.608529277891502537e-06,1.031589736500876597e+00,1.528154471800602268e-04,1.528154471800602268e-04,5.397308382834804691e-10,1.167056213178236163e-06,1.167056213178236163e-06,-5.114832499598525261e-08
1.036163291847320700e-01,2.516891860964563623e-10,2.081059388336203159e-04,1.152569766579192661e-06,1.033438480955589212e+00,3.771583439789630396e-04,3.771583439789630396e-04,2.516891860964563623e-10,1.152821455765289192e-06,1.033435022491221877e+00,3.725470581559018972e-04,3.725470581559018972e-04,4.117966643669854019e-10,1.377870374902398484e-06,1.377870374902398484e-06,-5.909247058584991605e-08
1.059189142777261089e-01,1.618493136902921470e-10,2.199790051542533016e-04,6.568107152673799418e-07,1.034641936999107559e+00,-5.345424806485158265e-04,-5.345424806485158265e-04,1.618493136902921470e-10,6.569725645810702359e-07,1.034639966081413842e+00,-5.371703709068400808e-04,-5.371703709068400808e-04,2.694682041292941441e-10,1.374979238954208486e-06,1.374979238954208486e-06,-6.376217428590547080e-08
1.082214993707201478e-01,6.754384304284478475e-11,2.225009385181098945e-04,1.455547493519471111e-07,1.035172485567444900e+00,-1.765023379257001784e-03,-1.765023379257001784e-03,6.754384304284478475e-11,1.456222931949899584e-07,1.035172048700565339e+00,-1.765605868429781814e-03,-1.765605868429781814e-03,1.198111387110829916e-10,6.993596533062346991e-07,6.993596533062346991e-07,-6.572078734255509743e-08
1.105240844637142006e-01,-2.770939499108762346e-11,2.190412920383018585e-04,-3.636660072185609116e-07,1.035026128412053215e+00,-2.177121451822227379e-03,-2.177121451822227379e-03,-2.770939499108762346e-11,-3.636937166135519975e-07,1.035027219493203088e+00,-2.175666676955773267e-03,-2.175666676955773267e-03,-3.203880516123799513e-11,-4.938102219610533827e-07,-4.938102219610533827e-07,-6.590538578612392025e-08
1.128266695567082534e-01,-1.216171670952675693e-10,2.109014263128836141e-04,-8.591898458555245317e-07,1.034217607885390633e+00,-1.378447228086399686e-03,-1.378447228086399686e-03,-1.216171670952675693e-10,-8.593114630226197466e-07,1.034220185819779703e+00,-1.375009982234309249e-03,-1.375009982234309249e-03,-1.825722919592251407e-10,-1.566869159512031649e-06,-1.566869159512031649e-06,-6.466076469823747850e-08
1.151292546497022923e-01,-2.120074533901931374e-10,1.963918618917063585e-04,-1.328769207918357663e-06,1.032776496675038125e+00,-8.277523501932251794e-05,-8.277523501932251794e-05,-2.120074533901931374e-10,-1.328981215371747772e-06,1.032780483618684242e+00,-7.745931015783552261e-05,-7.745931015783552261e-05,-3.280072872060850487e-10,-1.983041561739689943e-06,-1.983041561739689943e-06,-6.143578608967299548e-08
1.174318397426963312e-01,-2.957166603782049141e-10,1.729672822628002091e-04,-1.754681785258372369e-06,1.030751544539630027e+00,5.652264001793404560e-04,5.652264001793404560e-04,-2.957166603782049141e-10,-1.754977501918750535e-06,1.030756809472135771e+00,5.722463101870155005e-04,5.722463101870155005e-04,-4.627938820259193594e-10,-1.790877500384728496e-06,-1.790877500384728496e-06,-5.540026575497622355e-08
1.197344248356903840e-01,-3.686091405750150441e-10,1.403049396908885821e-04,-2.115430813502939334e-06,1.028217259816421869e+00,5.728070670498566942e-05,5.728070670498566942e-05,-3.686091405750150441e-10,-2.115799422643514172e-06,1.028223607214689750e+00,6.574390439555972780e-05,6.574390439555972780e-05,-5.800771423572284874e-10,-1.559625637764742001e-06,-1.559625637764742001e-06,-4.637822548070082168e-08
1.220370099286844368e-01,-4.267815878606536299e-10,1.014334277544459213e-04,-2.392733563517210037e-06,1.025274226640921604e+00,-1.016353577161499804e-03,-1.016353577161499804e-03,-4.267815878606536299e-10,-2.393160345105070894e-06,1.025281406121956840e+00,-1.006780935781079449e-03,-1.006780935781079449e-03,-6.738026328503139686e-10,-1.832837433480875426e-06,-1.832837433480875426e-06,-3.522091070516249163e-08
1.243395950216784757e-01,-4.679032183950631060e-10,6.092370320279669161e-05,-2.577629083972652422e-06,1.022040178013962519e+00,-1.528513718369167327e-03,-1.528513718369167327e-03,-4.679032183950631060e-10,-2.578096987191047553e-06,1.022047912304924200e+00,-1.518201330420403117e-03,-1.518201330420403117e-03,-7.406303481207753744e-10,-2.613300357658637950e-06,-2.613300357658637950e-06,-2.328635385053488013e-08
1.266421801146725146e-01,-4.915381646580093460e-10,2.187114729774667697e-05,-2.670503215769552733e-06,1.018636945706350661e+00,-8.660869927076842454e-04,-8.660869927076842454e-04,-4.915381646580093460e-10,-2.670994753934210690e-06,1.018644958690612556e+00,-8.554030136919474466e-04,-8.554030136919474466e-04,-7.800346840896282081e-10,-3.355635629623279953e-06,-3.355635629623279953e-06,-1.152009018250732097e-08
1.289447652076665674e-01,-4.982462326915433173e-10,-1.558473377769585373e-05,-2.675478341422163488e-06,1.015181607984143808e+00,5.050853781678654644e-04,5.050853781678654644e-04,-4.982462326915433173e-10,-2.675976587654854901e-06,1.015189635913906763e+00,5.157892845184848399e-04,5.157892845184848399e-04,-7.926513999553339833e-10,-3.467451912312661769e-06,-3.467451912312661769e-06,2.373526690950208050e-11
1.312473503006606201e-01,-4.883570270058603972e-10,-5.297481661530360834e-05,-2.594600768333461558e-06,1.011785806609280414e+00,1.472733168334442681e-03,1.472733168334442681e-03,-4.883570270058603972e-10,-2.595089125360467346e-06,1.011793591876656517e+00,1.483113524835884484e-03,1.483113524835884484e-03,-7.784969257583848302e-10,-2.852179634534761979e-06,-2.852179634534761979e-06,1.181382153890861902e-08
1.335499353936546729e-01,-4.615580001103491920e-10,-9.077515631965028245e-05,-2.427102801082860910e-06,1.008559617933519004e+00,1.297042380624401125e-03,1.297042380624401125e-03,-4.615580001103491920e-10,-2.427564359082971374e-06,1.008566900626596263e+00,1.306752638060732939e-03,1.306752638060732939e-03,-7.367145061343119897e-10,-1.995423566240536316e-06,-1.995423566240536316e-06,2.400297332609320367e-08
1.358525204866486980e-01,-4.176412754760397131e-10,-1.268037491002813022e-04,-2.174108101538960418e-06,1.005612536673327950e+00,2.770966311908943693e-04,2.770966311908943693e-04,-4.176412754760397131e-10,-2.174525742814436251e-06,1.005619060250556362e+00,2.857947341621521007e-04,2.857947341621521007e-04,-6.670297198371704425e-10,-1.521396805456532874e-06,-1.521396805456532874e-06,3.590823035619549954e-08
1.381551055796427507e-01,-3.576767789956491669e-10,-1.571742033627484853e-04,-1.844134763655304978e-06,1.003047306449684095e+00,-5.359943784197818703e-04,-5.359943784197818703e-04,-3.576767789956491669e-10,-1.844492440434300664e-06,1.003052839927005335e+00,-5.286164086580446685e-04,-5.286164086580446685e-04,-5.715145079115356868e-10,-1.630023655066228875e-06,-1.630023655066228875e-06,4.628216407951886061e-08
1.404576906726368035e-01,-2.845013298910211565e-10,-1.788814371055657019e-04,-1.454138427467615902e-06,1.000949297349778444e+00,-3.040616183856234707e-04,-3.040616183856234707e-04,-2.845013298910211565e-10,-1.454422928797506881e-06,1.000953660618564944e+00,-2.982439266704334322e-04,-2.982439266704334322e-04,-4.549963132022447454e-10,-1.927410949305073501e-06,-1.927410949305073501e-06,5.411783122890257839e-08
1.427602757656308285e-01,-2.020469940168450673e-10,-1.916725712677478321e-04,-1.024968943122820442e-06,9.993784553679184723e-01,8.387185725401615638e-04,8.387185725401615638e-04,-2.020469940168450673e-10,-1.025170990116837348e-06,9.993815308808887687e-01,8.428192565006288649e-04,8.428192565006288649e-04,-3.236929962617135286e-10,-1.798044462380336757e-06,-1.798044462380336757e-06,5.925913079739984389e-08
1.450628608586248813e-01,-1.140711853902006426e-10,-1.975915094927764180e-04,-5.750799849853713542e-07,9.983687919063894967e-01,1.913885925789273520e-03,1.913885925789273520e-03,-1.140711853902006426e-10,-5.751940561707615775e-07,9.983705174885579847e-01,1.916186702013956576e-03,1.916186702013956576e-03,-1.832328325406513521e-10,-9.753029346474678098e-07,-9.753029346474678098e-07,6.228693684474279510e-08
1.473654459516189341e-01,-2.335352132935407679e-11,-1.987160605122240695e-04,-1.176770070568519658e-07,9.979340699257099878e-01,1.985280157374598453e-03,1.985280157374598453e-03,-2.335352132935407679e-11,-1.177003605781813255e-07,9.979344230267916949e-01,1.985750958816911386e-03,1.985750958816911386e-03,-3.770990914988650735e-11,2.065519924262614225e-07,2.065519924262614225e-07,6.381419999961120106e-08
1.496680310446129869e-01,6.803493408504523199e-11,-1.951748333132324355e-04,3.368046332401196754e-07,9.980735575588060016e-01,9.973371842442538011e-04,9.973371842442538011e-04,6.803493408504523199e-11,3.368726681742047284e-07,9.980725469408014972e-01,9.959896935715570332e-04,9.959896935715570332e-04,1.095656621871249979e-10,1.101772769469879018e-06,1.101772769469879018e-06,6.384138572175780934e-08
1.519706161376070397e-01,1.577601854673621158e-10,-1.851816750523464338e-04,7.757986193558603705e-07,9.987725844428489985e-01,-1.836011675032045095e-04,-1.836011675032045095e-04,1.577601854673621158e-10,7.759563795413277602e-07,9.987702565737103244e-01,-1.867049930213698244e-04,-1.867049930213698244e-04,2.544981236395750501e-10,1.318562403779074281e-06,1.318562403779074281e-06,6.174390535592389264e-08
1.542732012306010647e-01,2.425309674924173980e-10,-1.669636419373980479e-04,1.182193335922686914e-06,9.999980800181148544e-01,-5.493042087085183746e-04,-5.493042087085183746e-04,2.425309674924173980e-10,1.182435866890179301e-06,9.999945327105141946e-01,-5.540339521760790850e-04,-5.540339521760790850e-04,3.913910862994348309e-10,1.052837794177929847e-06,1.052837794177929847e-06,5.688134853473728953e-08
1.565757863235951175e-01,3.183813452617653739e-10,-1.407957040349282392e-04,1.536894569820833739e-06,1.001694264008273771e+00,1.550663189144282678e-04,1.550663189144282678e-04,3.183813452617653739e-10,1.537212951166095481e-06,1.001689652369420314e+00,1.489174671097638842e-04,1.489174671097638842e-04,5.137397800940283896e-10,8.966472215058996422e-07,8.966472215058996422e-07,4.926842626617705137e-08
1.588783714165891703e-01,3.817426771594599291e-10,-1.093366693036400966e-04,1.824347873512651830e-06,1.003783832635739337e+00,1.215392936553263796e-03,1.215392936553263796e-03,3.817426771594599291e-10,1.824729616189811340e-06,1.003778358446890673e+00,1.208094018088504487e-03,1.208094018088504487e-03,6.160322764383716420e-10,1.298305355217903853e-06,1.298305355217903853e-06,3.971151827803450552e-08
1.611809565095831953e-01,4.304238925649501375e-10,-7.601876560929970203e-05,2.036447413555700240e-06,1.006175416077905505e+00,1.592321749999607398e-03,1.592321749999607398e-03,4.304238925649501375e-10,2.036877837448265401e-06,1.006169305444393203e+00,1.584174238649814362e-03,1.584174238649814362e-03,6.950830413409779975e-10,2.156665928509022862e-06,2.156665928509022862e-06,2.930247621899378693e-08
1.634835416025772481e-01,4.637177290690604854e-10,-4.294242334907838503e-05,2.171789062908464468e-06,1.008772973854966004e+00,8.435730564315610525e-04,8.435730564315610525e-04,4.637177290690604854e-10,2.172252780637533495e-06,1.008766457096624158e+00,8.348840453090109219e-04,8.348840453090109219e-04,7.498627143043032930e-10,2.906040306988000080e-06,2.906040306988000080e-06,1.872471711910142484e-08
1.657861266955713009e-01,4.816244290399359480e-10,-1.008751987943805938e-05,2.231319972521141841e-06,1.011481592850098421e+00,-4.895872500603944697e-04,-4.895872500603944697e-04,4.816244290399359480e-10,2.231801596950181899e-06,1.011474897445307608e+00,-4.985144564481952447e-04,-4.985144564481952447e-04,7.801121833223044454e-10,3.011100583878211337e-06,3.011100583878211337e-06,7.971893562915649532e-09
1.680887117885653537e-01,4.839352979829106017e-10,2.356965405116105412e-05,2.214429497909301819e-06,1.014207690914567861e+00,-1.361665930215150318e-03,-1.361665930215150318e-03,4.839352979829106017e-10,2.214913433207284723e-06,1.014201046174268317e+00,-1.370525583947979423e-03,-1.370525583947979423e-03,7.850516127735797412e-10,2.432783810645024226e-06,2.432783810645024226e-06,-3.301757989438153204e-09
1.703912968815594065e-01,4.699981186674579735e-10,5.811373352687129414e-05,2.118890076149012314e-06,1.016856612772192081e+00,-1.136049212603368807e-03,-1.136049212603368807e-03,4.699981186674579735e-10,2.119360074267679561e-06,1.016850254691969324e+00,-1.144526652900439536e-03,-1.144526652900439536e-03,7.633424755998528055e-10,1.658358513287369308e-06,1.658358513287369308e-06,-1.513555369016358739e-08
1.726938819745534315e-01,4.393534271077022061e-10,9.166108804640803003e-05,1.944516989865669241e-06,1.019332678319757157e+00,-1.305804728564963766e-04,-1.305804728564963766e-04,4.393534271077022061e-10,1.944956343292777086e-06,1.019326843450727216e+00,-1.383602982296674934e-04,-1.383602982296674934e-04,7.143120367354245682e-10,1.274980040150289994e-06,1.274980040150289994e-06,-2.689989858126187438e-08
1.749964670675474843e-01,3.926586585980110044e-10,1.211195051187503923e-04,1.697152823073331980e-06,1.021544283446752299e+00,6.716487257246829892e-04,6.716487257246829892e-04,3.926586585980110044e-10,1.697545481731930033e-06,1.021539190810307085e+00,6.648585437977552488e-04,6.648585437977552488e-04,6.393350466765941227e-10,1.462975342478746336e-06,1.462975342478746336e-06,-3.753085567913235307e-08
1.772990521605415370e-01,3.320743458365933505e-10,1.440417195635993505e-04,1.389376251243775788e-06,1.023412001482938649e+00,4.826339394681839639e-04,4.826339394681839639e-04,3.320743458365933505e-10,1.389708325589612468e-06,1.023407832357961844e+00,4.770751061658255157e-04,4.770751061658255157e-04,5.421437068927219147e-10,1.848618741803670239e-06,1.848618741803670239e-06,-4.615130856240495539e-08
1.796016372535355621e-01,2.607598379825072592e-10,1.599744828437959620e-04,1.037215919078531851e-06,1.024874874017006610e+00,-6.101855787912956663e-04,-6.101855787912956663e-04,2.607598379825072592e-10,1.037476678916514335e-06,1.024871761586969798e+00,-6.143354855069617067e-04,-6.143354855069617067e-04,4.277718338757270977e-10,1.838663077498656203e-06,1.838663077498656203e-06,-5.254464860010541804e-08
1.819042223465296149e-01,1.818837596583714558e-10,1.702013780802920145e-04,6.555216400569490454e-07,1.025891471676495526e+00,-1.725562950476514047e-03,-1.725562950476514047e-03,1.818837596583714558e-10,6.557035238166074144e-07,1.025889504565923982e+00,-1.728185764571780374e-03,-1.728185764571780374e-03,3.009932701944784337e-10,1.142099771166807634e-06,1.142099771166807634e-06,-5.709109084962420010e-08
1.842068074395236676e-01,9.794173330740310050e-11,1.761816306957347865e-04,2.556272187626345182e-07,1.026436471949635942e+00,-1.949859869356434464e-03,-1.949859869356434464e-03,9.794173330740310050e-11,2.557251604959419133e-07,1.026435704774154356e+00,-1.950882769998418245e-03,-1.950882769998418245e-03,1.654976301636977886e-10,2.854483118754017939e-08,2.854483118754017939e-08,-6.024617224570122683e-08
1.865093925325177204e-01,1.087785949199487316e-11,1.780673834031859233e-04,-1.531809998710113879e-07,1.026496799780876268e+00,-1.116767785829422214e-03,-1.116767785829422214e-03,1.087785949199487316e-11,-1.531701220115193903e-07,1.026497259291242248e+00,-1.116155105341376215e-03,-1.116155105341376215e-03,2.436458768035335778e-11,-8.948248025953352710e-07,-8.948248025953352710e-07,-6.202405361911766988e-08
1.888119776255117732e-01,-7.719517308193923299e-11,1.745465848688389937e-04,-5.601609752091476260e-07,1.026071093791870670e+00,5.903972230390654125e-05,5.903972230390654125e-05,-7.719517308193923299e-11,-5.602381703822295714e-07,1.026072774506381791e+00,6.128067498543546081e-05,6.128067498543546081e-05,-1.187293007055972600e-10,-1.191662307618926891e-06,-1.191662307618926891e-06,-6.192513368250557166e-08
1.911145627185057982e-01,-1.633824871073112039e-10,1.640843735937899607e-04,-9.509829295353404863e-07,1.025172834879041872e+00,5.972979964219451684e-04,5.972979964219451684e-04,-1.633824871073112039e-10,-9.511463120224478085e-07,1.025175688317977896e+00,6.011025816700350062e-04,6.011025816700350062e-04,-2.587412009277658245e-10,-9.545187431275555847e-07,-9.545187431275555847e-07,-5.935519040105413144e-08
1.934171478114998510e-01,-2.440918652502832606e-10,1.464583461086060487e-04,-1.309070258054485174e-06,1.023833947042297687e+00,8.349194620526652734e-05,8.349194620526652734e-05,-2.440918652502832606e-10,-1.309314349919735442e-06,1.023837874985347396e+00,8.872920360494546826e-05,8.872920360494546826e-05,-3.896937134572604198e-10,-7.113669193044332139e-07,-7.113669193044332139e-07,-5.416709041851798677e-08
1.957197329044939038e-01,-3.158021012595371475e-10,1.232840922274880510e-04,-1.619504993184854058e-06,1.022105012076055086e+00,-9.888577654337509914e-04,-9.888577654337509914e-04,-3.158021012595371475e-10,-1.619820795286113628e-06,1.022109871538440906e+00,-9.823784822526064522e-04,-9.823784822526064522e-04,-5.060357717026419148e-10,-9.658472819660343198e-07,-9.658472819660343198e-07,-4.686544681683161661e-08
1.980223179974879288e-01,-3.759256721292631495e-10,9.712156945238980459e-05,-1.872461843256352233e-06,1.020050850728574154e+00,-1.644825426881469342e-03,-1.644825426881469342e-03,-3.759256721292631495e-10,-1.872837768928481396e-06,1.020056469241880981e+00,-1.637334075805755391e-03,-1.637334075805755391e-03,-6.038865535084470770e-10,-1.763732894382873551e-06,-1.763732894382873551e-06,-3.831110765124434779e-08
2.003249030904819816e-01,-4.231113944374817284e-10,6.994295380954385424e-05,-2.063613093816117499e-06,1.017743791842073309e+00,-1.253137785535779957e-03,-1.253137785535779957e-03,-4.231113944374817284e-10,-2.064036205210555023e-06,1.017749983950688941e+00,-1.244881640714937685e-03,-1.244881640714937685e-03,-6.812381331969463202e-10,-2.649704899194673900e-06,-2.649704899194673900e-06,-2.918273128181467515e-08
2.026274881834760344e-01,-4.568103472195879380e-10,4.223060065642395271e-05,-2.191509780837544918e-06,1.015258490158485349e+00,-5.324515243877335144e-05,-5.324515243877335144e-05,-4.568103472195879380e-10,-2.191966591184764543e-06,1.015265066058258947e+00,-4.447728607403429496e-05,-4.447728607403429496e-05,-7.370739880648293715e-10,-3.045734508807587196e-06,-3.045734508807587196e-06,-1.964308246986217145e-08
2.049300732764700872e-01,-4.765323733467192172e-10,1.339460683936415341e-05,-2.254379673741094351e-06,1.012670507749219073e+00,1.050054774790577534e-03,1.050054774790577534e-03,-4.765323733467192172e-10,-2.254856206114440885e-06,1.012677272317837440e+00,1.059074199615035348e-03,1.059074199615035348e-03,-7.702418364260188704e-10,-2.729840475727768241e-06,-2.729840475727768241e-06,-9.470708665007048004e-09
2.072326583694641400e-01,-4.814485496003209898e-10,-1.691592580305964532e-05,-2.249096950288041537e-06,1.010057563293039529e+00,1.241822906758020297e-03,1.241822906758020297e-03,-4.814485496003209898e-10,-2.249578398837641698e-06,1.010064312028235989e+00,1.250821220353370801e-03,1.250821220353370801e-03,-7.790739526252445101e-10,-2.015614924920811372e-06,-2.015614924920811372e-06,1.476206112557717990e-09
2.095352434624581650e-01,-4.706755215824502484e-10,-4.774507069482799361e-05,-2.173120455068794933e-06,1.007500174007927907e+00,4.675544504746150919e-04,4.675544504746150919e-04,-4.706755215824502484e-10,-2.173591130590377352e-06,1.007506694781319601e+00,4.762488149969766149e-04,4.762488149969766149e-04,-7.620787519517022910e-10,-1.487597048074524121e-06,-1.487597048074524121e-06,1.286523175425833074e-08
2.118378285554522178e-01,-4.439948046431678656e-10,-7.689108154628390549e-05,-2.027679540062811710e-06,1.005079084313095450e+00,-5.330003840361118841e-04,-5.330003840361118841e-04,-4.439948046431678656e-10,-2.028123534867455057e-06,1.005085168683700125e+00,-5.248878898966420842e-04,-5.248878898966420842e-04,-7.191168608792681408e-10,-1.517192032601675198e-06,-1.517192032601675198e-06,2.389415162099915521e-08
2.141404136484462706e-01,-4.024008484571207889e-10,-1.020218844155826711e-04,-1.819487896328011643e-06,1.002869697448008912e+00,-8.459184584844849433e-04,-8.459184584844849433e-04,-4.024008484571207889e-10,-1.819890297176468718e-06,1.002875157118900518e+00,-8.386388972957790769e-04,-8.386388972957790769e-04,-6.520779082528926809e-10,-1.961018053163298315e-06,-1.961018053163298315e-06,3.368614507209593516e-08
2.164429987414402956e-01,-3.480194862104866836e-10,-1.219178803134561556e-04,-1.559524059834778483e-06,1.000936296627195743e+00,-1.373674628145930745e-04,-1.373674628145930745e-04,-3.480194862104866836e-10,-1.559872079320988987e-06,1.000940976243433811e+00,-1.311279744973091075e-04,-1.311279744973091075e-04,-5.644943624481584472e-10,-2.286998521357382589e-06,-2.286998521357382589e-06,4.174941187490951042e-08
2.187455838344343484e-01,-2.834531654770738066e-10,-1.368523514744588549e-04,-1.259805133351873451e-06,9.993290904058511614e-01,1.077140861452058644e-03,1.077140861452058644e-03,-2.834531654770738066e-10,-1.260088586517350474e-06,9.993328706716106957e-01,1.082181215798128050e-03,1.082181215798128050e-03,-4.603922703540366928e-10,-2.019015535744753917e-06,-2.019015535744753917e-06,4.813429207788755795e-08
2.210481689274284012e-01,-2.110602883467093715e-10,-1.478565768419660140e-04,-9.306178251037366571e-07,9.980849556398674327e-01,1.859973667414031601e-03,1.859973667414031601e-03,-2.110602883467093715e-10,-9.308288853920834082e-07,9.980877481265235662e-01,1.863696982955599917e-03,1.863696982955599917e-03,-3.432690871365588245e-10,-1.132543598546449466e-06,-1.132543598546449466e-06,5.317833592223114169e-08
2.233507540204224540e-01,-1.327025808205130273e-10,-1.555196453288554704e-04,-5.801650786673610852e-07,9.972300318830734644e-01,1.616255489753575404e-03,1.616255489753575404e-03,-1.327025808205130273e-10,-5.802977812481815790e-07,9.972317727764171691e-01,1.618576680878568196e-03,1.618576680878568196e-03,-2.159409448917144086e-10,-7.961722317965045283e-08,-7.961722317965045283e-08,5.706476734665898400e-08
2.256533391134165067e-01,-5.009290287906048865e-11,-1.593108549632533423e-04,-2.165441780244300387e-07,9.967812380724943022e-01,5.711312468669731569e-04,5.711312468669731569e-04,-5.009290287906048865e-11,-2.165942709273091056e-07,9.967818878553070805e-01,5.719976239506824409e-04,5.719976239506824409e-04,-8.126499150918328314e-11,5.724314509852681587e-07,5.724314509852681587e-07,5.955984590613692656e-08
2.279559242064105318e-01,3.461446578630800570e-11,-1.579458249404961420e-04,1.498990316496156576e-07,9.967451030408038815e-01,-4.211354155508624368e-04,-4.211354155508624368e-04,3.461446578630800570e-11,1.499336461154019764e-07,9.967446532398654968e-01,-4.217351501353240541e-04,-4.217351501353240541e-04,5.696801264573117898e-11,5.913599901248035148e-07,5.913599901248035148e-07,6.013617872542678328e-08
2.302585092994045846e-01,1.185330768026155409e-10,-1.504596364106564640e-04,5.060136022890700105e-07,9.971148386329632407e-01,-5.712923745046176839e-04,-5.712923745046176839e-04,1.185330768026155409e-10,5.061321353658726081e-07,9.971133202365571879e-01,-5.733169030460812023e-04,-5.733169030460812023e-04,1.937926364301668315e-10,2.554936529051168349e-07,2.554936529051168349e-07,5.837172805465719064e-08
2.325610943923986373e-01,1.983389071448504463e-10,-1.371020673650647284e-04,8.377325696920875656e-07,9.978682525868939335e-01,2.129968982050468439e-04,2.129968982050468439e-04,1.983389071448504463e-10,8.379309085992324507e-07,9.978657387941681778e-01,2.096451745706499035e-04,2.096451745706499035e-04,3.237553958697877419e-10,1.172728616555749198e-07,1.172728616555749198e-07,5.429766004047374061e-08
2.348636794853926624e-01,2.709609595413458752e-10,-1.193482363041107968e-04,1.133079537161412498e-06,9.989686155896536635e-01,1.261808276911046724e-03,1.261808276911046724e-03,2.709609595413458752e-10,1.133350498120953791e-06,9.989652155381593124e-01,1.257274874918563011e-03,1.257274874918563011e-03,4.420574240230619852e-10,5.501587105354710187e-07,5.501587105354710187e-07,4.841973312880276518e-08
2.371662645783867152e-01,3.341692029017377998e-10,-9.904409949344031045e-05,1.384119831858452068e-06,1.000368447557729468e+00,1.686611243133002416e-03,1.686611243133002416e-03,3.341692029017377998e-10,1.384454001061353714e-06,1.000364294195726256e+00,1.681073427128757002e-03,1.681073427128757002e-03,5.453322725015455439e-10,1.443920332815923242e-06,1.443920332815923242e-06,4.140509328732133041e-08
2.394688496713807679e-01,3.866547751486845010e-10,-7.738138154167260158e-05,1.586578813406834470e-06,1.002014139612103838e+00,1.090460574226560092e-03,1.090460574226560092e-03,3.866547751486845010e-10,1.586965468181983229e-06,1.002009378715699395e+00,1.084112712353832095e-03,1.084112712353832095e-03,6.315468014109562670e-10,2.289064935986475104e-06,2.289064935986475104e-06,3.368906280463520742e-08
2.417714347643748207e-01,4.276039584681690005e-10,-5.449513804832212851e-05,1.737698742389799260e-06,1.003848971826475145e+00,-1.207672684716749764e-04,-1.207672684716749764e-04,4.276039584681690005e-10,1.738126346348267331e-06,1.003843757447436147e+00,-1.277197738570680407e-04,-1.277197738570680407e-04,6.992105275662924571e-10,2.578302100740061097e-06,2.578302100740061097e-06,2.530858747022055600e-08
2.440740198573688735e-01,4.561559807406868701e-10,-2.995289828488536976e-05,1.834217525224056194e-06,1.005813606518652037e+00,-1.065114989668027685e-03,-1.065114989668027685e-03,4.561559807406868701e-10,1.834673681204796806e-06,1.005808102497608436e+00,-1.072453684392846770e-03,-1.072453684392846770e-03,7.466022098667232203e-10,2.203338226769313127e-06,2.203338226769313127e-06,1.607899704875845928e-08
2.463766049503628985e-01,4.712029447684950742e-10,-3.697835341797439768e-06,1.872134213762798438e-06,1.007845248834445595e+00,-1.081262227357761025e-03,-1.081262227357761025e-03,4.712029447684950742e-10,1.872605416707566887e-06,1.007839631018195403e+00,-1.088752649024591354e-03,-1.088752649024591354e-03,7.716701970404993961e-10,1.534352020573898167e-06,1.534352020573898167e-06,5.957707924321777510e-09
2.486791900433569513e-01,4.716985672977565250e-10,2.332315215254726864e-05,1.848424410508212556e-06,1.009877701072231293e+00,-2.423647784560723211e-04,-2.423647784560723211e-04,4.716985672977565250e-10,1.848896109075510406e-06,1.009872154383903986e+00,-2.497603628923743746e-04,-2.497603628923743746e-04,7.726999514386777205e-10,1.124107950819407180e-06,1.124107950819407180e-06,-4.701395876677530809e-09
2.509817751363510041e-01,4.572322605860395439e-10,4.933598099132111540e-05,1.763310733365251185e-06,1.011843752423030374e+00,7.115848371070905912e-04,7.115848371070905912e-04,4.572322605860395439e-10,1.763767965625837175e-06,1.011838461119133559e+00,7.045297652445872780e-04,7.045297652445872780e-04,7.492270956727101041e-10,1.273638387823996603e-06,1.273638387823996603e-06,-1.520331805272498789e-08
2.532843602293450291e-01,4.284186677436199047e-10,7.256712087121207182e-05,1.621284732512760642e-06,1.013679443746258846e+00,9.600772266865700583e-04,9.600772266865700583e-04,4.284186677436199047e-10,1.621713151180504233e-06,1.013674578606805321e+00,9.535903740818479999e-04,9.535903740818479999e-04,7.024861977227888852e-10,1.800455876447443023e-06,1.800455876447443023e-06,-2.483043804837006658e-08
2.555869453223391097e-01,3.868009801228198501e-10,9.207558334691195567e-05,1.430075216130945750e-06,1.015328249583661080e+00,2.425516363682802038e-04,2.425516363682802038e-04,3.868009801228198501e-10,1.430462017111068542e-06,1.015323958197609677e+00,2.368297882998359220e-04,2.368297882998359220e-04,6.350524545264859084e-10,2.186804250556262980e-06,2.186804250556262980e-06,-3.317642514173408782e-08
2.578895304153331347e-01,3.343409807979836469e-10,1.079677737345200898e-04,1.198329682824162762e-06,1.016743254938900609e+00,-9.439653893862738274e-04,-9.439653893862738274e-04,3.343409807979836469e-10,1.198664023804960711e-06,1.016739658946829161e+00,-9.487600454814936694e-04,-9.487600454814936694e-04,5.499507940089603607e-10,1.987587317395464311e-06,1.987587317395464311e-06,-4.024512487962205736e-08
2.601921155083271597e-01,2.728738852091045870e-10,1.208713766977822222e-04,9.336925999916091856e-07,1.017886869159407848e+00,-1.734993504570546581e-03,-1.734993504570546581e-03,2.728738852091045870e-10,9.339654738768183125e-07,1.017884067262986303e+00,-1.738729366466053956e-03,-1.738729366466053956e-03,4.498914320591384341e-10,1.178843771591176171e-06,1.178843771591176171e-06,-4.625285611261904335e-08
2.624947006013212403e-01,2.039120056019737478e-10,1.311107677042181049e-04,6.425621675365525743e-07,1.018729330205379036e+00,-1.566209253850327091e-03,-1.566209253850327091e-03,2.039120056019737478e-10,6.427660795421545505e-07,1.018727401907140395e+00,-1.568780318168495761e-03,-1.568780318168495761e-03,3.371587165517527435e-10,1.788785919965941853e-07,1.788785919965941853e-07,-5.130041473532488798e-08
2.647972856943152653e-01,1.288961592895956236e-10,1.382289364097732953e-04,3.314576639889577357e-07,1.019247907036126000e+00,-6.017979788118680900e-04,-6.017979788118680900e-04,1.288961592895956236e-10,3.315865601482473179e-07,1.019246912276445594e+00,-6.031243250524610973e-04,-6.031243250524610973e-04,2.141535553965286161e-10,-4.698195667737441841e-07,-4.698195667737441841e-07,-5.517287503860481397e-08
2.670998707873093458e-01,4.964595323637418292e-11,1.412062049033245082e-04,8.700849429192943803e-09,1.019427874849222482e+00,3.996708991608857492e-04,3.996708991608857492e-04,4.964595323637418292e-11,8.750495382429318639e-09,1.019427848597736386e+00,3.996358971793560538e-04,3.996358971793560538e-04,8.408522806138378282e-11,-5.098331048191770942e-07,-5.098331048191770942e-07,-5.741753038312052022e-08
2.694024558803033709e-01,-3.138490830828469087e-11,1.391825834200988361e-04,-3.150726534163060695e-07,1.019264730714811495e+00,6.698536808045620159e-04,6.698536808045620159e-04,-3.138490830828469087e-11,-3.151040383246143583e-07,1.019265676026926526e+00,6.711140969578604674e-04,6.711140969578604674e-04,-4.879299128205206612e-11,-1.558901110088571396e-07,-1.558901110088571396e-07,-5.763340574826587221e-08
2.717050409732973959e-01,-1.112835398083328726e-10,1.321194647119973311e-04,-6.281139090020747241e-07,1.018765989557170792e+00,1.396048601260749550e-05,1.396048601260749550e-05,-1.112835398083328726e-10,-6.282251925418830652e-07,1.018767874232748394e+00,1.647338678277502776e-05,1.647338678277502776e-05,-1.796483379934974346e-10,7.919948233548045642e-08,7.919948233548045642e-08,-5.574800048638262764e-08
2.740076260662914764e-01,-1.871877534062849998e-10,1.209058471435520799e-04,-9.197055475628720957e-07,1.017951076451904191e+00,-1.048633741515945421e-03,-1.048633741515945421e-03,-1.871877534062849998e-10,-9.198927353162783789e-07,1.017953836130110146e+00,-1.044954170574680314e-03,-1.044954170574680314e-03,-3.039435491133110643e-10,-2.174812536883078452e-07,-2.174812536883078452e-07,-5.207410219097315312e-08
2.763102111592855015e-01,-2.567876832011834431e-10,1.068490611833171810e-04,-1.181802613401351432e-06,1.016849116068523351e+00,-1.684778189453208170e-03,-1.684778189453208170e-03,-2.567876832011834431e-10,-1.182059401084552611e-06,1.016852662246726657e+00,-1.680049951848869988e-03,-1.680049951848869988e-03,-4.181342009201739397e-10,-1.041114449626035568e-06,-1.041114449626035568e-06,-4.711097137835707564e-08
2.786127962522795265e-01,-3.184920254119365423e-10,9.094758818997966817e-05,-1.409144255812829023e-06,1.015495805641472016e+00,-1.378381130111257192e-03,-1.378381130111257192e-03,-3.184920254119365423e-10,-1.409462747838241045e-06,1.015500034029715559e+00,-1.372743279119904326e-03,-1.372743279119904326e-03,-5.197501026629958164e-10,-1.969853268441908811e-06,-1.969853268441908811e-06,-4.124515927734743648e-08
2.809153813452736070e-01,-3.711889975621825976e-10,7.348407075208540022e-05,-1.597969619519503520e-06,1.013931017765296927e+00,-3.148894919570756085e-04,-3.148894919570756085e-04,-3.711889975621825976e-10,-1.598340808517065780e-06,1.013935812787722490e+00,-3.084961287230073598e-04,-3.084961287230073598e-04,-6.068906181983027407e-10,-2.479215014903023049e-06,-2.479215014903023049e-06,-3.457389437559836567e-08
2.832179664382676321e-01,-4.138300055630740733e-10,5.421343638333290214e-05,-1.744472677089767783e-06,1.012198027764902530e+00,7.634408927796862204e-04,7.634408927796862204e-04,-4.138300055630740733e-10,-1.744886507095330896e-06,1.012203262424423711e+00,7.704204388080675321e-04,7.704204388080675321e-04,-6.775898566833313745e-10,-2.330668616386777326e-06,-2.330668616386777326e-06,-2.697379893372340344e-08
2.855205515312616571e-01,-4.451811000639583250e-10,3.296947645591037223e-05,-1.844246282060428627e-06,1.010343918004951602e+00,1.114458944362456969e-03,1.114458944362456969e-03,-4.451811000639583250e-10,-1.844691463160492570e-06,1.010349452079341015e+00,1.121837710215098849e-03,1.121837710215098849e-03,-7.295785938611011549e-10,-1.743737299993971371e-06,-1.743737299993971371e-06,-1.835122859831831213e-08
2.878231366242557376e-01,-4.639452229637373065e-10,1.021438385147638060e-05,-1.893156198474821754e-06,1.008419795823000786e+00,5.448070602102454436e-04,5.448070602102454436e-04,-4.639452229637373065e-10,-1.893620143697785399e-06,1.008425476683431965e+00,5.523815407850365521e-04,5.523815407850365521e-04,-7.606484173626714610e-10,-1.226868906515489140e-06,-1.226868906515489140e-06,-8.878903186201864932e-09
2.901257217172497627e-01,-4.691722719298327631e-10,-1.288026898237240193e-05,-1.888991161304230576e-06,1.006479619689718108e+00,-4.551285311749969013e-04,-4.551285311749969013e-04,-4.691722719298327631e-10,-1.889460333576160357e-06,1.006485288070718909e+00,-4.475706898406922726e-04,-4.475706898406922726e-04,-7.693627377790006406e-10,-1.197237264433863213e-06,-1.197237264433863213e-06,9.592093267417890784e-10
2.924283068102438432e-01,-4.606594202639122233e-10,-3.487199416463991944e-05,-1.832668665262974282e-06,1.004577486946268916e+00,-1.082060617090441603e-03,-1.082060617090441603e-03,-4.606594202639122233e-10,-1.833129324683238097e-06,1.004582986334243033e+00,-1.074728099791708589e-03,-1.074728099791708589e-03,-7.556025722677546600e-10,-1.673154122386202919e-06,-1.673154122386202919e-06,1.054595387347202573e-08
2.947308919032378682e-01,-4.390544517679586320e-10,-5.467661049116669624e-05,-1.728123870378039276e-06,1.002764378353520058e+00,-8.150103204494739406e-04,-8.150103204494739406e-04,-4.390544517679586320e-10,-1.728562924829807295e-06,1.002769564042294448e+00,-8.080960687501546674e-04,-8.080960687501546674e-04,-7.205615409434608822e-10,-2.264340766667125622e-06,-2.264340766667125622e-06,1.939965896080372788e-08
2.970334769962318933e-01,-4.055933534707160282e-10,-7.193660052814993694e-05,-1.580973420761787677e-06,1.001085747688896799e+00,2.048749852450864879e-04,2.048749852450864879e-04,-4.055933534707160282e-10,-1.581379014115258433e-06,1.001090491825939122e+00,2.112005013015475115e-04,2.112005013015475115e-04,-6.662065799477151373e-10,-2.462891892595751711e-06,-2.462891892595751711e-06,2.734036552127586722e-08
2.993360620892259738e-01,-3.616633944642383710e-10,-8.688543853042224058e-05,-1.396900377933917258e-06,9.995807434326877683e-01,1.283202546477543119e-03,1.283202546477543119e-03,-3.616633944642383710e-10,-1.397262041328381543e-06,9.995849352188117543e-01,1.288791594642856725e-03,1.288791594642856725e-03,-5.945958128824940054e-10,-2.017917895875145541e-06,-2.017917895875145541e-06,3.444194875086098022e-08
3.016386471822199988e-01,-3.084953564134080701e-10,-9.983693196322483850e-05,-1.180842383195138279e-06,9.982827366807836000e-01,1.682047006369515258e-03,1.682047006369515258e-03,-3.084953564134080701e-10,-1.181150878551551771e-06,9.982862801334192460e-01,1.686771609883721537e-03,1.686771609883721537e-03,-5.075234270975656074e-10,-1.119699415091690413e-06,-1.119699415091690413e-06,4.081680963310476040e-08
3.039412322752140794e-01,-2.471790565290097551e-10,-1.106892615898603656e-04,-9.374221484673196135e-07,9.972200256469010426e-01,1.153971662077914358e-03,1.153971662077914358e-03,-2.471790565290097551e-10,-9.376693275238486366e-07,9.972228386548835921e-01,1.157722339388009801e-03,1.157722339388009801e-03,-4.066995698108335124e-10,-2.622982515086020130e-07,-2.622982515086020130e-07,4.639779828067904267e-08
3.062438173682081044e-01,-1.789527931329504035e-10,-1.188025980207961508e-04,-6.721369569891986440e-07,9.964156452856749446e-01,1.142573191806609467e-04,1.142573191806609467e-04,-1.789527931329504035e-10,-6.723159097823316049e-07,9.964176622334043332e-01,1.169465828197902740e-04,1.169465828197902740e-04,-2.942736512743834376e-10,1.114825481404059759e-07,1.114825481404059759e-07,5.087698296793743136e-08
3.085464024612021294e-01,-1.055194709110980394e-10,-1.233246936524912271e-04,-3.922935144008463939e-07,9.958860384063452642e-01,-6.661133811878719273e-04,-6.661133811878719273e-04,-1.055194709110980394e-10,-3.923990338717575008e-07,9.958872156034468404e-01,-6.645437850523849398e-04,-6.645437850523849398e-04,-1.732638124936180738e-10,-7.619608460917742994e-08,-7.619608460917742994e-08,5.384202612028734901e-08
3.108489875541962100e-01,-2.912886738189157465e-11,-1.237161557900225172e-04,-1.068928927939753808e-07,9.956393093899473801e-01,-6.178384710361312180e-04,-6.178384710361312180e-04,-2.912886738189157465e-11,-1.069220216613572698e-07,9.956396301560123119e-01,-6.174107829494858294e-04,-6.174107829494858294e-04,-4.753240940893340629e-11,-4.905136856627105209e-07,-4.905136856627105209e-07,5.500806148013877481e-08
3.131515726471902350e-01,4.766154792193474756e-11,-1.200962678228162893e-04,1.745551401330263079e-07,9.956741901079558810e-01,2.219627299397576722e-04,2.219627299397576722e-04,4.766154792193474756e-11,1.746028016809482469e-07,9.956736662995507858e-01,2.212643187330338773e-04,2.212643187330338773e-04,7.872109629545221608e-11,-6.324586186378517053e-07,-6.324586186378517053e-07,5.437852770910819499e-08
3.154541577401842600e-01,1.224057196778448476e-10,-1.131729601437442891e-04,4.435529216101260170e-07,9.959804383627003377e-01,1.243271342556263957e-03,1.243271342556263957e-03,1.224057196778448476e-10,4.436753273298038742e-07,9.959791073367183500e-01,1.241496641246944786e-03,1.241496641246944786e-03,2.016378658844645402e-10,-2.016781586771243636e-07,-2.016781586771243636e-07,5.222438743828725843e-08
3.177567428331783406e-01,1.931049848302290757e-10,-1.038218503303603587e-04,6.935280754974739863e-07,9.965404897944165619e-01,1.703209794783091570e-03,1.703209794783091570e-03,1.931049848302290757e-10,6.937211804823042524e-07,9.965384086308750611e-01,1.700434910061162297e-03,1.700434910061162297e-03,3.181270954437577910e-10,6.861909768590277533e-07,6.861909768590277533e-07,4.890263114531027166e-08
3.200593279261723656e-01,2.582646766406372511e-10,-9.261988855150421365e-05,9.196553728594793136e-07,9.973314466367090292e-01,1.253812292215994439e-03,1.253812292215994439e-03,2.582646766406372511e-10,9.199136375361199695e-07,9.973286868957964568e-01,1.250132637665849963e-03,1.250132637665849963e-03,4.258116871356481585e-10,1.579791953637099250e-06,1.579791953637099250e-06,4.464619905202047763e-08
3.223619130191663906e-01,3.166755756849068626e-10,-7.965473561904734534e-05,1.117874871467028693e-06,9.983264129266709030e-01,1.836924634592475443e-04,1.836924634592475443e-04,3.166755756849068626e-10,1.118191547042713631e-06,9.983230583520297241e-01,1.792196972710766991e-04,1.792196972710766991e-04,5.226033888390094516e-10,2.008996470592854728e-06,2.008996470592854728e-06,3.947157333596435288e-08
3.246644981121604712e-01,3.671132027327406908e-10,-6.472305022726509288e-05,1.283925506846992170e-06,9.994947881922581212e-01,-7.910759375505589143e-04,-7.910759375505589143e-04,3.671132027327406908e-10,1.284292620049724906e-06,9.994909353143979214e-01,-7.962131080307577758e-04,-7.962131080307577758e-04,6.062687236499291812e-10,1.812037423453105757e-06,1.812037423453105757e-06,3.326192427588123083e-08
3.269670832051544962e-01,4.081944820546027129e-10,-4.775552174130760720e-05,1.413149455264245275e-06,1.000801954345731160e+00,-1.032210031844025665e-03,-1.032210031844025665e-03,4.081944820546027129e-10,1.413557649746299880e-06,1.000797713672781919e+00,-1.037864262443010787e-03,-1.037864262443010787e-03,6.743346446699514190e-10,1.243236162403501411e-06,1.243236162403501411e-06,2.595896343234813130e-08
3.292696682981485767e-01,4.385095569661273054e-10,-2.915736335195358913e-05,1.501238445316898675e-06,1.002209252517090032e+00,-4.225406867363587005e-04,-4.225406867363587005e-04,4.385095569661273054e-10,1.501676954873864833e-06,1.002204747486225456e+00,-4.285473945558541768e-04,-4.285473945558541768e-04,7.244279011462849748e-10,7.892829974517123508e-07,7.892829974517123508e-07,1.772362381165654939e-08
3.315722533911426018e-01,4.569478201515503106e-10,-9.825680764433731586e-06,1.545418109561451342e-06,1.003674949040257003e+00,5.598279374786542138e-04,5.598279374786542138e-04,4.569478201515503106e-10,1.545875057381602887e-06,1.003670311415084893e+00,5.536444372491278014e-04,5.536444372491278014e-04,7.548313416245366503e-10,8.264248613495965591e-07,8.264248613495965591e-07,8.952383813352018190e-09
3.338748384841366268e-01,4.630015941296561471e-10,9.162291812475823171e-06,1.545268804881391537e-06,1.005156203703015727e+00,1.181143086789510858e-03,1.181143086789510858e-03,4.630015941296561471e-10,1.545731806475521171e-06,1.005151566507596295e+00,1.174960159563608704e-03,1.174960159563608704e-03,7.648904766422086793e-10,1.358998447900008304e-06,1.358998447900008304e-06,1.395300704154598478e-10
3.361774235771307073e-01,4.568487490382475903e-10,2.697118162781234838e-05,1.502645772438039741e-06,1.006611373913816276e+00,9.631495314235971345e-04,9.631495314235971345e-04,4.568487490382475903e-10,1.503102621187077958e-06,1.006606864605952723e+00,9.571371209388488278e-04,9.571371209388488278e-04,7.550108656470253157e-10,2.019073962585033017e-06,2.019073962585033017e-06,-8.318547400245127924e-09
3.384800086701247324e-01,4.391682690749972573e-10,4.325613813049636721e-05,1.420779523386022730e-06,1.008001778139509197e+00,1.064511065349369267e-05,1.064511065349369267e-05,4.391682690749972573e-10,1.421218691655097803e-06,1.007997514483434331e+00,4.960235886873300614e-06,4.960235886873300614e-06,7.262671867793800493e-10,2.323592167524997945e-06,2.323592167524997945e-06,-1.624518871809642860e-08
3.407825937631188129e-01,4.108208132655974652e-10,5.808527847508747577e-05,1.303171601323022023e-06,1.009292418815425529e+00,-1.065957977471045049e-03,-1.065957977471045049e-03,4.108208132655974652e-10,1.303582422136287682e-06,1.009288508068159063e+00,-1.071172307159590307e-03,-1.071172307159590307e-03,6.798999485190466271e-10,2.008426056918090309e-06,2.008426056918090309e-06,-2.365499382771985505e-08
3.430851788561128379e-01,3.726079717039152610e-10,7.161002667237872943e-05,1.152994623200113113e-06,1.010451843666962723e+00,-1.572687387285158717e-03,-1.572687387285158717e-03,3.726079717039152610e-10,1.153367231171817111e-06,1.010448383565269115e+00,-1.577300856209846091e-03,-1.577300856209846091e-03,6.170336923972768307e-10,1.209368571609687579e-06,1.209368571609687579e-06,-3.060338100515886591e-08
3.453877639491068630e-01,3.252582634436556417e-10,8.372266881491518891e-05,9.733185920678106628e-07,1.011451833364386266e+00,-1.204762782515836263e-03,-1.204762782515836263e-03,3.252582634436556417e-10,9.736438503312543810e-07,1.011448912432835190e+00,-1.208657357917161321e-03,-1.208657357917161321e-03,5.387806632463336120e-10,3.687149043551645402e-07,3.687149043551645402e-07,-3.702353231352492844e-08
3.476903490421009435e-01,2.696256047975176565e-10,9.393645075834596253e-05,7.679030062236127666e-07,1.012267612667896444e+00,-2.481147979549173824e-04,-2.481147979549173824e-04,2.696256047975176565e-10,7.681726318284103363e-07,1.012265308150001042e+00,-2.511874884822310025e-04,-2.511874884822310025e-04,4.466208420994186434e-10,-6.501983307226387367e-08,-6.501983307226387367e-08,-4.266389463346733076e-08
3.499929341350949685e-01,2.069401848487394866e-10,1.015623567968041254e-04,5.419166674107812846e-07,1.012878815395773069e+00,6.216573183178492534e-04,6.216573183178492534e-04,2.069401848487394866e-10,5.421236075956300165e-07,1.012877189024950386e+00,6.194888238874667833e-04,6.194888238874667833e-04,3.427611481339809038e-10,6.228661219021545188e-08,6.228661219021545188e-08,-4.716703292608950846e-08
3.522955192280889936e-01,1.389193006217428434e-10,1.060544261294525366e-04,3.020159364608757903e-07,1.013270830422888791e+00,7.998476721384678361e-04,7.998476721384678361e-04,1.389193006217428434e-10,3.021548557614975203e-07,1.013269923958321606e+00,7.986390527154218393e-04,7.986390527154218393e-04,2.301960405814872191e-10,5.123904740905271987e-07,5.123904740905271987e-07,-5.023404255787574331e-08
3.545981043210830741e-01,6.764350019019225803e-11,1.072887061798709476e-04,5.565876660428864430e-08,1.013435827042423965e+00,1.584106187874540525e-04,1.584106187874540525e-04,6.764350019019225803e-11,5.572641010447883779e-08,1.013435659863193727e+00,1.581877131470361432e-04,1.581877131470361432e-04,1.123969181033036259e-10,8.221720495913083842e-07,8.221720495913083842e-07,-5.176345256993657099e-08
3.569006894140770991e-01,-4.739153628695488889e-12,1.055951114152989918e-04,-1.899592819192811526e-07,1.013372908466019240e+00,-8.737703649328514661e-04,-8.737703649328514661e-04,-4.739153628695488889e-12,-1.899640210729098594e-07,1.013373478358082558e+00,-8.730105088485598779e-04,-8.730105088485598779e-04,-7.195802072364627691e-12,6.201636256570179238e-07,6.201636256570179238e-07,-5.187440750632379680e-08
3.592032745070711242e-01,-7.630752025478383844e-11,1.015319753773508143e-04,-4.287289977556677015e-07,1.013087348860047365e+00,-1.603614043045283434e-03,-1.603614043045283434e-03,-7.630752025478383844e-11,-4.288053052759224668e-07,1.013088635275963156e+00,-1.601898821824179709e-03,-1.601898821824179709e-03,-1.255814151072953972e-10,-1.218073451237467036e-07,-1.218073451237467036e-07,-5.080356589179013491e-08
3.615058596000652047e-01,-1.454948324620527026e-10,9.556149820701690311e-05,-6.557769155739025602e-07,1.012589381931209287e+00,-1.537953442514579773e-03,-1.537953442514579773e-03,-1.454948324620527026e-10,-6.559224104063646061e-07,1.012591349698440446e+00,-1.535329752872954291e-03,-1.535329752872954291e-03,-2.402888770063596709e-10,-1.068614937051948848e-06,-1.068614937051948848e-06,-4.874832552952204664e-08
3.638084446930592297e-01,-2.109988334453298856e-10,8.784046077314202564e-05,-8.669627881452625813e-07,1.011893193873099950e+00,-7.082757248826924631e-04,-7.082757248826924631e-04,-2.109988334453298856e-10,-8.671737869787079491e-07,1.011895795394460951e+00,-7.048070297347775771e-04,-7.048070297347775771e-04,-3.491456179523927262e-10,-1.743367326505772016e-06,-1.743367326505772016e-06,-4.576084797770861388e-08
3.661110297860533103e-01,-2.715673174585494284e-10,7.825408088306061145e-05,-1.058165823051142890e-06,1.011016529944586573e+00,3.557512240081527012e-04,3.557512240081527012e-04,-2.715673174585494284e-10,-1.058437390368601424e-06,1.011019705256757772e+00,3.599849735696270848e-04,3.599849735696270848e-04,-4.499318841223862243e-10,-1.840394174460423636e-06,-1.840394174460423636e-06,-4.175943855281678515e-08
3.684136148790473353e-01,-3.258280143122630641e-10,6.665589020966545479e-05,-1.224909342358653572e-06,1.009980835782433584e+00,9.799848218901758591e-04,9.799848218901758591e-04,-3.258280143122630641e-10,-1.225235170372965793e-06,1.009984511487944658e+00,9.848857625716677180e-04,9.848857625716677180e-04,-5.401918245051678764e-10,-1.422085537400531448e-06,-1.422085537400531448e-06,-3.664416616169552616e-08
3.707161999720413603e-01,-3.722945312197057101e-10,5.314429088438161623e-05,-1.362619015563491774e-06,1.008811452960187260e+00,7.887047825260111011e-04,7.887047825260111011e-04,-3.722945312197057101e-10,-1.362991310094711563e-06,1.008815541934117599e+00,7.941567477663898957e-04,7.941567477663898957e-04,-6.173569038779986638e-10,-8.721138611561517632e-07,-8.721138611561517632e-07,-3.043597075905413549e-08
3.730187850650354409e-01,-4.095584922643420704e-10,3.819057414767476871e-05,-1.467375607605857521e-06,1.007537328833490786e+00,-5.433628666579193723e-05,-5.433628666579193723e-05,-4.095584922643420704e-10,-1.467785166098121915e-06,1.007541732188989014e+00,-4.846514600139945127e-05,-4.846514600139945127e-05,-6.791243847140465778e-10,-6.393958358134360212e-07,-6.393958358134360212e-07,-2.334619655154467545e-08
3.753213701580294659e-01,-4.365543393450676060e-10,2.253741358183961423e-05,-1.536698751230431778e-06,1.006190003379079378e+00,-9.598331076937357620e-04,-9.598331076937357620e-04,-4.365543393450676060e-10,-1.537135305569776750e-06,1.006194614784996055e+00,-9.536845664714566550e-04,-9.536845664714566550e-04,-7.238656237752866779e-10,-9.429991770285379091e-07,-9.429991770285379091e-07,-1.573187405843627468e-08
3.776239552510235464e-01,-4.527372469488522166e-10,6.937684158295996515e-06,-1.569886552938463507e-06,1.004802086804392758e+00,-1.301197450587755940e-03,-1.301197450587755940e-03,-4.527372469488522166e-10,-1.570339290185412372e-06,1.004806797822263231e+00,-1.294916093427014294e-03,-1.294916093427014294e-03,-7.508222882277382039e-10,-1.630403900345279694e-06,-1.630403900345279694e-06,-7.967168395679690471e-09
3.799265403440175715e-01,-4.580724881624637422e-10,-8.098058361204884205e-06,-1.567728415795221098e-06,1.003405744853571369e+00,-8.209625819814289280e-04,-8.209625819814289280e-04,-4.580724881624637422e-10,-1.568186488283383536e-06,1.003410449413036254e+00,-8.146898360282953718e-04,-8.146898360282953718e-04,-7.599875960523608033e-10,-2.278599823425747534e-06,-2.278599823425747534e-06,-3.137964200452198116e-10
3.822291254370115965e-01,-4.528549712277608203e-10,-2.239076724409780453e-05,-1.531803233676740858e-06,1.002031678982402196e+00,2.068528317930268083e-04,2.068528317930268083e-04,-4.528549712277608203e-10,-1.532256088647968645e-06,1.002036275750668226e+00,2.129818561476186736e-04,2.129818561476186736e-04,-7.517687473154894380e-10,-2.469089021007624658e-06,-2.469089021007624658e-06,7.129524684667772926e-09
3.845317105300056770e-01,-4.374812751922402030e-10,-3.597500160853633639e-05,-1.463816235369584604e-06,1.000708762809941588e+00,1.158051837848439718e-03,1.158051837848439718e-03,-4.374812751922402030e-10,-1.464253716644776864e-06,1.000713155571091528e+00,1.163908852715018778e-03,1.163908852715018778e-03,-7.266564002438846303e-10,-2.057294710552646494e-06,-2.057294710552646494e-06,1.437206594858571795e-08
3.868342956229997021e-01,-4.123184317497247220e-10,-4.886280273022581763e-05,-1.365370872057189219e-06,9.994640961212806207e-01,1.460773193023343682e-03,1.460773193023343682e-03,-4.123184317497247220e-10,-1.365783190488938886e-06,9.994681934708521398e-01,1.466236325785299447e-03,1.466236325785299447e-03,-6.851080874039920779e-10,-1.263810796338977994e-06,-1.263810796338977994e-06,2.141194326776521842e-08
3.891368807159937271e-01,-3.777437072490500010e-10,-6.084783668508596239e-05,-1.238268947448409477e-06,9.983230184000563279e-01,9.584803553967630695e-04,9.584803553967630695e-04,-3.777437072490500010e-10,-1.238646691155658561e-06,9.983267343401297511e-01,9.634349421613856842e-04,9.634349421613856842e-04,-6.277034779359912317e-10,-5.319176749972579404e-07,-5.319176749972579404e-07,2.813301150712780530e-08
3.914394658089878076e-01,-3.343159049988308805e-10,-7.147471906058548903e-05,-1.085086375549824773e-06,9.973087118216644731e-01,3.654931027276911527e-06,3.654931027276911527e-06,-3.343159049988308805e-10,-1.085420691454823665e-06,9.973119680837387868e-01,7.996613793096206185e-06,7.996613793096206185e-06,-5.554501989615232774e-10,-2.455481331097833337e-07,-2.455481331097833337e-07,3.428444966694362328e-08
3.937420509019818327e-01,-2.829546033117654493e-10,-8.018845456791320295e-05,-9.096025523371293685e-07,9.964413454063782982e-01,-7.719610120705529353e-04,-7.719610120705529353e-04,-2.829546033117654493e-10,-9.098855069404411006e-07,9.964440750628991150e-01,-7.683214700427911260e-04,-7.683214700427911260e-04,-4.700236653555579885e-10,-4.885869951361410790e-07,-4.885869951361410790e-07,3.955487699882131692e-08
3.960446359949758577e-01,-2.250006483053704842e-10,-8.656535998004006183e-05,-7.167649998659978522e-07,9.957370526518430909e-01,-8.595159162972739906e-04,-8.595159162972739906e-04,-2.250006483053704842e-10,-7.169900005143031755e-07,9.957392036218446485e-01,-8.566479562952168279e-04,-8.566479562952168279e-04,-3.737691782781769846e-10,-9.968610365757662454e-07,-9.968610365757662454e-07,4.369297978297630179e-08
3.983472210879699382e-01,-1.621075833799674600e-10,-9.048043540701477866e-05,-5.121690185324702134e-07,9.952071804109644537e-01,-1.916074646431826503e-04,-1.916074646431826503e-04,-1.621075833799674600e-10,-5.123311261158501693e-07,9.952087174043428019e-01,-1.895581401387192496e-04,-1.895581401387192496e-04,-2.694454343897760074e-10,-1.330013090697677555e-06,-1.330013090697677555e-06,4.659928806861558313e-08
4.006498061809639633e-01,-9.601867000972532043e-11,-9.211188154390738349e-05,-3.013297168533491010e-07,9.948581164778194097e-01,8.206068517405232547e-04,8.206068517405232547e-04,-9.601867000972532043e-11,-3.014257355233588480e-07,9.948590207550259690e-01,8.218125546826166765e-04,8.218125546826166765e-04,-1.598470968626205454e-10,-1.152009534245238068e-06,-1.152009534245238068e-06,4.833437722359662633e-08
4.029523912739580438e-01,-2.835155777094986153e-11,-9.178799094121477991e-05,-8.913722693402742503e-08,9.946916915682268989e-01,1.549516194505028968e-03,1.549516194505028968e-03,-2.835155777094986153e-11,-8.916557849179837732e-08,9.946919590649623277e-01,1.549872856818996060e-03,1.549872856818996060e-03,-4.751165749906521129e-11,-4.432331489035647898e-07,-4.432331489035647898e-07,4.904234646406749550e-08
4.052549763669520688e-01,3.949740837481023323e-11,-8.977747091213462245e-05,1.202450003405564016e-07,9.947058583859226255e-01,1.543716620531565683e-03,1.543716620531565683e-03,3.949740837481023323e-11,1.202844977489312026e-07,9.947054975324294279e-01,1.543235482540570008e-03,1.543235482540570008e-03,6.534527641878028234e-11,4.869262618076094093e-07,4.869262618076094093e-07,4.884034855349501380e-08
4.075575614599460939e-01,1.062952211036544918e-10,-8.615322217088557057e-05,3.230611570875998800e-07,9.948952531901446017e-01,8.055085788148493757e-04,8.055085788148493757e-04,1.062952211036544918e-10,3.231674523087035099e-07,9.948942836877876505e-01,8.042159090056145380e-04,8.042159090056145380e-04,1.766686578976444996e-10,1.191781680900710062e-06,1.191781680900710062e-06,4.774338764730601312e-08
4.098601465529401744e-01,1.708217303760022513e-10,-8.080779560194002904e-05,5.154988994775039252e-07,9.952513908346597438e-01,-2.158225849738335141e-04,-2.158225849738335141e-04,1.708217303760022513e-10,5.156697212078799426e-07,9.952498438254960833e-01,-2.178852638586650250e-04,-2.178852638586650250e-04,2.843173708531273820e-10,1.361738955821359151e-06,1.361738955821359151e-06,4.566886692176750509e-08
4.121627316459341994e-01,2.317413800913582352e-10,-7.360221017873736090e-05,6.934273963460881992e-07,9.957625294283750650e-01,-9.053519783797043868e-04,-9.053519783797043868e-04,2.317413800913582352e-10,6.936591377261795818e-07,9.957604484509618992e-01,-9.081266149306091310e-04,-9.081266149306091310e-04,3.859190318129962873e-10,1.011116107476880215e-06,1.011116107476880215e-06,4.251460339158476390e-08
4.144653167389282800e-01,2.875931707959959488e-10,-6.454952679411917209e-05,8.525413930812404191e-07,9.964134840651971414e-01,-8.608192169185611021e-04,-8.608192169185611021e-04,2.875931707959959488e-10,8.528289862520363692e-07,9.964109255782384045e-01,-8.642305328635692526e-04,-8.642305328635692526e-04,4.789427008271072363e-10,4.641360852598708846e-07,4.641360852598708846e-07,3.825934115056869401e-08
4.167679018319223050e-01,3.369183716884880484e-10,-5.391807959702469872e-05,9.888544163812258080e-07,9.971857252180928999e-01,-1.350722170565963535e-04,-1.350722170565963535e-04,3.369183716884880484e-10,9.891913347529143526e-07,9.971827576440885910e-01,-1.390289823956080025e-04,-1.390289823956080025e-04,5.609672504768716184e-10,1.518307258131035998e-07,1.518307258131035998e-07,3.302297433450198861e-08
4.190704869249163300e-01,3.784599831215540884e-10,-4.219290356702708601e-05,1.099269809965011155e-06,9.980579425020409401e-01,8.021937726865466722e-04,8.021937726865466722e-04,3.784599831215540884e-10,1.099648269948132786e-06,9.980546435572310582e-01,7.977951796067541800e-04,7.977951796067541800e-04,6.300028921440315167e-10,3.466054521236315237e-07,3.466054521236315237e-07,2.705031420620140110e-08
4.213730720179104106e-01,4.113252569118163542e-10,-2.992158804249511997e-05,1.181916500458023108e-06,9.990069927634024349e-01,1.354769194283583604e-03,1.354769194283583604e-03,4.113252569118163542e-10,1.182327825714934901e-06,9.990034457799252809e-01,1.350039882980723837e-03,1.350039882980723837e-03,6.846932946928982748e-10,9.966391691214643253e-07,9.966391691214643253e-07,2.062946313471317639e-08
4.236756571109044356e-01,4.350264657990564886e-10,-1.753826914700579653e-05,1.236083325433792127e-06,1.000008944798491228e+00,1.162102100148857450e-03,1.162102100148857450e-03,4.350264657990564886e-10,1.236518351899591247e-06,1.000005235243435431e+00,1.157156026741259060e-03,1.157156026741259060e-03,7.243000185526906199e-10,1.758773409051291653e-06,1.758773409051291653e-06,1.399441112021311594e-08
4.259782422038984606e-01,4.493884512127648149e-10,-5.267750478480265905e-06,1.261824126904938228e-06,1.001039901121485887e+00,3.139711438526601099e-04,3.139711438526601099e-04,4.493884512127648149e-10,1.262273515356151022e-06,1.001036114300939861e+00,3.089220497912355278e-04,3.089220497912355278e-04,7.485007002085792432e-10,2.206980464676284733e-06,2.206980464676284733e-06,7.268743675716167390e-09
4.282808272968925412e-01,4.543885386908440740e-10,6.840757543348864542e-06,1.259489507443639775e-06,1.002076429184173723e+00,-7.081988846683720312e-04,-7.081988846683720312e-04,4.543885386908440740e-10,1.259943895982330670e-06,1.002072649352485856e+00,-7.132386602523013361e-04,-7.132386602523013361e-04,7.571379209805354231e-10,2.088462927298480307e-06,2.088462927298480307e-06,4.805095996410837523e-10
4.305834123898865662e-01,4.500294245881404334e-10,1.877963886580697465e-05,1.229464599874098250e-06,1.003095670401400685e+00,-1.323024225873494723e-03,-1.323024225873494723e-03,4.500294245881404334e-10,1.229914629298686359e-06,1.003091980657512705e+00,-1.327943884390689420e-03,-1.327943884390689420e-03,7.500755092737550829e-10,1.473380140755860551e-06,1.473380140755860551e-06,-6.365117320913655823e-09
4.328859974828805912e-01,4.363198420526575920e-10,3.043530030456166336e-05,1.172250235119348408e-06,1.004075372060379223e+00,-1.195719990785331852e-03,-1.195719990785331852e-03,4.363198420526575920e-10,1.172686554961400971e-06,1.004071854000714303e+00,-1.200410737005177435e-03,-1.200410737005177435e-03,7.272453140494473241e-10,7.105868539422111593e-07,7.105868539422111593e-07,-1.320230437907587161e-08
4.351885825758746718e-01,4.133691181188995725e-10,4.151713644494167173e-05,1.088809759935354760e-06,1.004994104919350928e+00,-4.329529355656996296e-04,-4.329529355656996296e-04,4.133691181188995725e-10,1.089223129053473643e-06,1.004990837249963853e+00,-4.373098280819135157e-04,-4.373098280819135157e-04,6.888479208345832516e-10,2.187106053660710187e-07,2.187106053660710187e-07,-1.986149856091072494e-08
4.374911676688686968e-01,3.815323459405708698e-10,5.160371286749773905e-05,9.809453157521679617e-07,1.005831787240749620e+00,4.861720767704172191e-04,4.861720767704172191e-04,3.815323459405708698e-10,9.813268480981084525e-07,1.005828843260205385e+00,4.822467693780248081e-04,4.822467693780248081e-04,6.355776944831691374e-10,2.388006369109897301e-07,2.388006369109897301e-07,-2.609227593367519432e-08
4.397937527618627773e-01,3.415134183221530254e-10,6.027633468019359664e-05,8.514551091328120348e-07,1.006570426521062211e+00,9.971983982615547325e-04,9.971983982615547325e-04,3.415134183221530254e-10,8.517966225511342354e-07,1.006567871131194503e+00,9.937912117713501841e-04,9.937912117713501841e-04,5.687293052790911164e-10,6.950024175352535619e-07,6.950024175352535619e-07,-3.163789422398594598e-08
4.420963378548568024e-01,2.943590359653935980e-10,6.726065373039897296e-05,7.039565754955526837e-07,1.007194839278937826e+00,7.828091269480559958e-04,7.828091269480559958e-04,2.943590359653935980e-10,7.042509345315181207e-07,1.007192726526134230e+00,7.799921232099299656e-04,7.799921232099299656e-04,4.901137783953699709e-10,1.243387962998868458e-06,1.243387962998868458e-06,-3.631769500831948489e-08
4.443989229478508274e-01,2.413406148124608522e-10,7.249588052496427838e-05,5.424545527467981242e-07,1.007693101587856299e+00,-4.448598754299806540e-05,-4.448598754299806540e-05,2.413406148124608522e-10,5.426958933616105811e-07,1.007691473500176293e+00,-4.665677111644451027e-05,-4.665677111644451027e-05,4.018222661316141720e-10,1.477343205649700262e-06,1.477343205649700262e-06,-4.007057374939391242e-08
4.467015080408449079e-01,1.837842689951612905e-10,7.609639744055534489e-05,3.708735082002820040e-07,1.008056615717033866e+00,-1.012911134169084716e-03,-1.012911134169084716e-03,1.837842689951612905e-10,3.710572924692771762e-07,1.008055502545156523e+00,-1.014395363338961749e-03,-1.014395363338961749e-03,3.059597359091678127e-10,1.167188510148019490e-06,1.167188510148019490e-06,-4.293693995885669477e-08
4.490040931338389329e-01,1.229353873910258503e-10,7.823356216485101444e-05,1.927810439727578174e-07,1.008279868069627438e+00,-1.569330011843887707e-03,-1.569330011843887707e-03,1.229353873910258503e-10,1.929039793601488483e-07,1.008279289357689290e+00,-1.570101627761328342e-03,-1.570101627761328342e-03,2.044813642645244889e-10,3.941831261752876026e-07,3.941831261752876026e-07,-4.499269318993832004e-08
4.513066782268330135e-01,5.992029929521729325e-11,7.900925236413074767e-05,1.140866679739013543e-08,1.008360089707263985e+00,-1.399790062095095057e-03,-1.399790062095095057e-03,5.992029929521729325e-11,1.146858709668535235e-08,1.008360055301502634e+00,-1.399835936443481884e-03,-1.399835936443481884e-03,9.919882827231740835e-11,-4.970530442514678807e-07,-4.970530442514678807e-07,-4.627546723307359834e-08
4.536092633198270385e-01,-4.190898153535709602e-12,7.839342082648518358e-05,-1.700988579900175391e-07,1.008297039492791702e+00,-6.072678805624160455e-04,-6.072678805624160455e-04,-4.190898153535709602e-12,-1.701030488881710743e-07,1.008297549801938420e+00,-6.065874683668633170e-04,-6.065874683668633170e-04,-8.077155660080168953e-12,-1.097415615770484321e-06,-1.097415615770484321e-06,-4.674592636721845202e-08
4.559118484128210635e-01,-6.827432051948687285e-11,7.625765052533216824e-05,-3.484003045424908411e-07,1.008093014292087863e+00,3.525586633337296819e-04,3.525586633337296819e-04,-6.827432051948687285e-11,-3.484685788630103440e-07,1.008094059697824507e+00,3.539525376491817286e-04,3.539525376491817286e-04,-1.153686942520528091e-10,-1.166817019211784284e-06,-1.166817019211784284e-06,-4.630496181999102422e-08
4.582144335058151441e-01,-1.310738202082255562e-10,7.248052234384943203e-05,-5.198444023582255943e-07,1.007753023826705618e+00,9.360264808630030207e-04,9.360264808630030207e-04,-1.310738202082255562e-10,-5.199754761784338185e-07,1.007754583753134092e+00,9.381063827677167937e-04,9.381063827677167937e-04,-2.204580971326174608e-10,-7.680835156208260473e-07,-7.680835156208260473e-07,-4.485486137671031209e-08
4.605170185988091691e-01,-1.912117704737707513e-10,6.706107610116343023e-05,-6.806221217729248506e-07,1.007284947139751141e+00,8.219678333946106455e-04,8.219678333946106455e-04,-1.912117704737707513e-10,-6.808133335433986216e-07,1.007286989579751824e+00,8.246910867287842112e-04,8.246910867287842112e-04,-3.209728756459774095e-10,-2.264781784654373339e-07,-2.264781784654373339e-07,-4.236796279105668931e-08
4.628196036918031941e-01,-2.472938988444359050e-10,6.017499370217097368e-05,-8.271244120736029555e-07,1.006699478815681337e+00,9.087380136375102825e-05,9.087380136375102825e-05,-2.472938988444359050e-10,-8.273717059724473658e-07,1.006701960930799222e+00,9.418328818764081390e-05,9.418328818764081390e-05,-4.145983716029612794e-10,5.932043362095805387e-08,5.932043362095805387e-08,-3.892339250480792932e-08
4.651221887847972747e-01,-2.980592451198289505e-10,5.214313298961594781e-05,-9.563292748687586554e-07,1.006009775117352012e+00,-8.259450215347902483e-04,-8.259450215347902483e-04,-2.980592451198289505e-10,-9.566273341138784191e-07,1.006012644999354277e+00,-8.221185121983346812e-04,-8.221185121983346812e-04,-4.993161187733991733e-10,-1.546789435408850744e-07,-1.546789435408850744e-07,-3.469182605313586704e-08
4.674247738777912997e-01,-3.425018907070139641e-10,4.333211789621295196e-05,-1.066029766025594181e-06,1.005230860333297560e+00,-1.394000068358618085e-03,-1.394000068358618085e-03,-3.425018907070139641e-10,-1.066372267916301135e-06,1.005234059450101247e+00,-1.389734579286952933e-03,-1.389734579286952933e-03,-5.735537160363790922e-10,-8.199641125801229448e-07,-8.199641125801229448e-07,-2.987790607563858080e-08
4.697273589707853247e-01,-3.799082903700853799e-10,3.404320479804666416e-05,-1.154807059442215177e-06,1.004378966128204986e+00,-1.277184891891741236e-03,-1.277184891891741236e-03,-3.799082903700853799e-10,-1.155186967732585262e-06,1.004382431689108124e+00,-1.272564144020810802e-03,-1.272564144020810802e-03,-6.361835143608213207e-10,-1.624048373980762788e-06,-1.624048373980762788e-06,-2.465297905553075447e-08
4.720299440637794053e-01,-4.098014849758955115e-10,2.444918783633939760e-05,-1.221793359195734537e-06,1.003470991720804228e+00,-5.235712279231759031e-04,-5.235712279231759031e-04,-4.098014849758955115e-10,-1.222203160680710352e-06,1.003474658330286262e+00,-5.186824152804530566e-04,-5.186824152804530566e-04,-6.863913569945300314e-10,-2.166719167153957673e-06,-2.166719167153957673e-06,-1.911471151289732248e-08
4.743325291567734303e-01,-4.318336534123266897e-10,1.460960799835965809e-05,-1.266378175590969579e-06,1.002524187659853627e+00,4.657608912717562809e-04,4.657608912717562809e-04,-4.318336534123266897e-10,-1.266810009244382007e-06,1.002527988089881417e+00,4.708281313087338098e-04,4.708281313087338098e-04,-7.235050951656845708e-10,-2.183298551288992243e-06,-2.183298551288992243e-06,-1.329369172747252346e-08
4.766351142497675109e-01,-4.456936616481513289e-10,4.550062442115160679e-06,-1.288030350865839381e-06,1.001556033216262076e+00,1.163252682832238271e-03,1.163252682832238271e-03,-4.456936616481513289e-10,-1.288476044527487601e-06,1.001559898644395652e+00,1.168406587010348188e-03,1.168406587010348188e-03,-7.468886018080095699e-10,-1.690045819263962992e-06,-1.690045819263962992e-06,-7.200363654229826181e-09
4.789376993427615359e-01,-4.510838135589602731e-10,-5.642866262424492696e-06,-1.286331808930537107e-06,1.000584172170250863e+00,1.207625307455643992e-03,1.207625307455643992e-03,-4.510838135589602731e-10,-1.286782892744096098e-06,1.000588032518929138e+00,1.212772439026620378e-03,1.212772439026620378e-03,-7.559641385478487414e-10,-9.724208607453689472e-07,-9.724208607453689472e-07,-8.837590528718972232e-10
4.812402844357555609e-01,-4.477784206879656206e-10,-1.576554388768348924e-05,-1.261194184983542223e-06,9.996262496352860127e-01,6.002920460293747476e-04,6.002920460293747476e-04,-4.477784206879656206e-10,-1.261641963404230156e-06,9.996300345611762728e-01,6.053386138829917190e-04,6.053386138829917190e-04,-7.503503656883106068e-10,-4.252140122602260731e-07,-4.252140122602260731e-07,5.531782699346296255e-09
4.835428695287496415e-01,-4.357300619069962589e-10,-2.551065564254254429e-05,-1.213126778711351633e-06,9.986995605681028287e-01,-3.004333016369928507e-04,-3.004333016369928507e-04,-4.357300619069962589e-10,-1.213562508773258562e-06,9.987032012556291694e-01,-2.955790516018998062e-04,-2.955790516018998062e-04,-7.300377692607896179e-10,-3.348174850081029939e-07,-3.348174850081029939e-07,1.185232249338947637e-08
4.858454546217436665e-01,-4.151631180466378334e-10,-3.454140880856941445e-05,-1.143398180491081218e-06,9.978205365739252208e-01,-9.801162789891619109e-04,-9.801162789891619109e-04,-4.151631180466378334e-10,-1.143813343609127836e-06,9.978239680139560086e-01,-9.755410256147253097e-04,-9.755410256147253097e-04,-6.955030281679475387e-10,-7.238178167207716727e-07,-7.238178167207716727e-07,1.785898203821065104e-08
4.881480397147377470e-01,-3.866016641903360352e-10,-4.258548897599437208e-05,-1.053994491436989819e-06,9.970041960092346223e-01,-1.050695890401203434e-03,-1.050695890401203434e-03,-3.866016641903360352e-10,-1.054381093101180140e-06,9.970073591525139278e-01,-1.046478366028798625e-03,-1.046478366028798625e-03,-6.476978470215538980e-10,-1.341691127647474636e-06,-1.341691127647474636e-06,2.336712338788430842e-08
4.904506248077317720e-01,-3.508145682489530869e-10,-4.949897145066540653e-05,-9.473871668229923043e-07,9.962637110562716503e-01,-4.597488569654666372e-04,-4.597488569654666372e-04,-3.508145682489530869e-10,-9.477379813912412062e-07,9.962665542702158206e-01,-4.559579050399016902e-04,-4.559579050399016902e-04,-5.879153078727274866e-10,-1.804277398094908339e-06,-1.804277398094908339e-06,2.826873462767479778e-08
4.927532099007257971e-01,-3.087042595274619933e-10,-5.526872595267548932e-05,-8.262216067428328055e-07,9.956101926565401605e-01,4.851501906133068786e-04,4.851501906133068786e-04,-3.087042595274619933e-10,-8.265303110023602508e-07,9.956126722474731849e-01,4.884563118573162976e-04,4.884563118573162976e-04,-5.176000929937395580e-10,-1.804060460414055271e-06,-1.804060460414055271e-06,3.253691788396716922e-08
4.950557949937198776e-01,-2.611934623078107080e-10,-5.995593459301286826e-05,-6.930720628004733068e-07,9.950526922934207485e-01,1.286386783347523389e-03,1.286386783347523389e-03,-2.611934623078107080e-10,-6.933332562627811003e-07,9.950547722931895045e-01,1.289160116372574470e-03,1.289160116372574470e-03,-4.381943374593006984e-10,-1.276615556734615031e-06,-1.276615556734615031e-06,3.619238600083422957e-08
4.973583800867139026e-01,-2.091621464919591450e-10,-6.361418913596823062e-05,-5.503643675928347320e-07,9.945983250380829865e-01,1.525482490808257197e-03,1.525482490808257197e-03,-2.091621464919591450e-10,-5.505735297393266491e-07,9.945999767586721774e-01,1.527684784927214445e-03,1.527684784927214445e-03,-3.510865685947206903e-10,-4.344314381082781620e-07,-4.344314381082781620e-07,3.925197237729867412e-08
4.996609651797079277e-01,-1.534574655983937089e-10,-6.622712957491786758e-05,-4.004729851095486378e-07,9.942523801387739280e-01,1.085596709668769366e-03,1.085596709668769366e-03,-1.534574655983937089e-10,-4.006264425751470366e-07,9.942535820181016559e-01,1.087199215439069860e-03,1.087199215439069860e-03,-2.576723576223087423e-10,3.478802900296660141e-07,3.478802900296660141e-07,4.168772785047852323e-08
5.019635502727020082e-01,-9.495934841402612639e-11,-6.769779426040950314e-05,-2.459057783822493929e-07,9.940183201414328762e-01,2.097942437349580697e-04,2.097942437349580697e-04,-9.495934841402612639e-11,-2.460007377306634110e-07,9.940190581436461059e-01,2.107782466858807140e-04,2.107782466858807140e-04,-1.594746701695481802e-10,7.333544920802635995e-07,7.333544920802635995e-07,4.341825443090330931e-08
5.042661353656960888e-01,-3.465527717684296943e-11,-6.789288355617522502e-05,-8.944750919202929129e-08,9.938976542639916811e-01,-6.325274208162549134e-04,-6.325274208162549134e-04,-3.465527717684296943e-11,-8.948216446920613836e-08,9.938979227104850489e-01,-6.321694921583780958e-04,-6.321694921583780958e-04,-5.824153604820815593e-11,5.998802973988868343e-07,5.998802973988868343e-07,4.433591355083479944e-08
5.065687204586900583e-01,2.632558833716400408e-11,-6.671606959837304753e-05,6.583913287660843986e-08,9.938897589467724503e-01,-9.965771203639130736e-04,-9.965771203639130736e-04,2.632558833716400408e-11,6.586545846494560443e-08,9.938895613503970772e-01,-9.968405821977727697e-04,-9.968405821977727697e-04,4.404683646104395344e-11,1.014047175545571354e-07,1.014047175545571354e-07,4.435444068061350812e-08
5.088713055516841388e-01,8.674578776065703069e-11,-6.417046090590438885e-05,2.167765162895578961e-07,9.939917622496777794e-01,-6.959626526996974061e-04,-6.959626526996974061e-04,8.674578776065703069e-11,2.168632620773185424e-07,9.939911116598915131e-01,-6.968301057480066592e-04,-6.968301057480066592e-04,1.452796185225980420e-10,-4.172348611620605264e-07,-4.172348611620605264e-07,4.345134117963734715e-08
5.111738906446782194e-01,1.453510780182201615e-10,-6.037776511348636951e-05,3.603332903468994528e-07,9.941985885294452041e-01,1.029654879959513613e-04,1.029654879959513613e-04,1.453510780182201615e-10,3.604786414249176807e-07,9.941975070935209491e-01,1.015235734302516842e-04,1.015235734302516842e-04,2.433862451847742057e-10,-6.046701171081685707e-07,-6.046701171081685707e-07,4.168308814213086960e-08
5.134764757376721889e-01,2.009806852986116210e-10,-5.554551139659898845e-05,4.938687323359294758e-07,9.945031894438332021e-01,9.727026339825591440e-04,9.727026339825591440e-04,2.009806852986116210e-10,4.940697130212281222e-07,9.945017072346941100e-01,9.707263551304742789e-04,9.707263551304742789e-04,3.365023309544860503e-10,-2.883777690839546225e-07,-2.883777690839546225e-07,3.916602768538456430e-08
5.157790608306662694e-01,2.526482523389997601e-10,-4.990069180796982419e-05,6.152571993642087309e-07,9.948969056552969814e-01,1.450654491329394927e-03,1.450654491329394927e-03,2.526482523389997601e-10,6.155098476165477762e-07,9.948950591257541554e-01,1.448192451938928827e-03,1.448192451938928827e-03,4.230609755132719659e-10,4.356620788849979090e-07,4.356620788849979090e-07,3.603378024228681263e-08
5.180816459236603500e-01,2.995617187516728977e-10,-4.362432867839168086e-05,7.228537139751402351e-07,9.953698529656290761e-01,1.279687487589967806e-03,1.279687487589967806e-03,2.995617187516728977e-10,7.231532756938918607e-07,9.953676835058019590e-01,1.276794874487192227e-03,1.276794874487192227e-03,5.017799087195691937e-10,1.254068022428605266e-06,1.254068022428605266e-06,3.239345580704974338e-08
5.203842310166543195e-01,3.410821096206097505e-10,-3.681914894014873523e-05,8.153421923079595848e-07,9.959112309202394764e-01,5.385638853061358415e-04,5.385638853061358415e-04,3.410821096206097505e-10,8.156832744175802289e-07,9.959087838704162587e-01,5.353011522084655206e-04,5.353011522084655206e-04,5.715682776852924391e-10,1.799174825625799498e-06,1.799174825625799498e-06,2.830257614698582178e-08
5.226868161096484000e-01,3.766515202387282908e-10,-2.952399655009607061e-05,8.915628732580824324e-07,9.965095056921100536e-01,-4.026536158452400879e-04,-4.026536158452400879e-04,3.766515202387282908e-10,8.919395247783212098e-07,9.965068298735356711e-01,-4.062213739443533596e-04,-4.062213739443533596e-04,6.314156192380858060e-10,1.838219178082128885e-06,1.838219178082128885e-06,2.377702236375027438e-08
5.249894012026424805e-01,4.057341337354440907e-10,-2.176418521421118635e-05,9.504185977941403480e-07,9.971524920943958259e-01,-1.075805296659261600e-03,-1.075805296659261600e-03,4.057341337354440907e-10,9.508243319278758109e-07,9.971496396214000191e-01,-1.079608593986973019e-03,-1.079608593986973019e-03,6.803306305487080684e-10,1.390979388131046885e-06,1.390979388131046885e-06,1.882404196181034216e-08
5.272919862956364501e-01,4.278048009885976620e-10,-1.360936701372811563e-05,9.909120207552210269e-07,9.978274138371110435e-01,-1.154721452383987521e-03,-1.154721452383987521e-03,4.278048009885976620e-10,9.913398255562095669e-07,9.978244398176343566e-01,-1.158686811686212301e-03,-1.158686811686212301e-03,7.173677344187639824e-10,7.168438038905634891e-07,7.168438038905634891e-07,1.348184581854965100e-08
5.295945713886305306e-01,4.423932982930056622e-10,-5.208146658299845223e-06,1.012294386494512865e-06,9.985210304232257084e-01,-6.190499554935561177e-04,-6.190499554935561177e-04,4.423932982930056622e-10,1.012736779792805862e-06,9.985179922128862851e-01,-6.231009026127273115e-04,-6.231009026127273115e-04,7.417317281916505582e-10,1.800567564824364268e-07,1.800567564824364268e-07,7.844733891110934808e-09
5.318971564816246111e-01,4.491629363097273032e-10,3.218101861395880355e-06,1.014248393693772566e-06,9.992198813712106498e-01,2.396805478933002639e-04,2.396805478933002639e-04,4.491629363097273032e-10,1.014697556630082215e-06,9.992168372785407149e-01,2.356217576667799418e-04,2.356217576667799418e-04,7.529099125258200411e-10,6.359986399906990164e-08,6.359986399906990164e-08,2.060826519386611675e-09
5.341997415746186917e-01,4.479846352716659208e-10,1.141846838550862974e-05,9.970113149779206149e-07,9.999106353925690804e-01,9.696006134824383931e-04,9.696006134824383931e-04,4.479846352716659208e-10,9.974592996131921754e-07,9.999076430146702776e-01,9.656107762839856532e-04,9.656107762839856532e-04,7.507672808306989891e-10,4.267345088162939144e-07,4.267345088162939144e-07,-3.696262155520273028e-09
5.365023266676126612e-01,4.389701569362683615e-10,1.917074966569799936e-05,9.613758685609614822e-07,1.000580476707204847e+00,1.188168430524420881e-03,1.188168430524420881e-03,4.389701569362683615e-10,9.618148387178977798e-07,1.000577591262688637e+00,1.184321171169549353e-03,1.184321171169549353e-03,7.355593293254704046e-10,1.077292707230443102e-06,1.077292707230443102e-06,-9.267514829614587799e-09
5.388049117606067417e-01,4.224487248412729647e-10,2.632626621210602108e-05,9.085672703395058787e-07,1.001217440040029327e+00,7.732407749247776838e-04,7.732407749247776838e-04,4.224487248412729647e-10,9.089897190643471625e-07,1.001214713070872175e+00,7.696048160485203290e-04,7.696048160485203290e-04,7.078579065797754329e-10,1.670728044585120015e-06,1.670728044585120015e-06,-1.454080086925622652e-08
5.411074968536008223e-01,3.988988033425268070e-10,3.282078828827828161e-05,8.400537261137931306e-07,1.001810628362067135e+00,-7.908067254173865781e-05,-7.908067254173865781e-05,3.988988033425268070e-10,8.404526249171356450e-07,1.001808107004192427e+00,-8.244248304140720123e-05,-8.244248304140720123e-05,6.684270116663251052e-10,1.884268699261064200e-06,1.884268699261064200e-06,-1.946045091296260843e-08
5.434100819465947918e-01,3.688674532790944463e-10,3.864869436131804307e-05,7.573755154919557359e-07,1.002350299738031358e+00,-9.558799135301854991e-04,-9.558799135301854991e-04,3.688674532790944463e-10,7.577443829452347922e-07,1.002348026504882528e+00,-9.589108910619663926e-04,-9.589108910619663926e-04,6.181070516928608363e-10,1.578126732521184839e-06,1.578126732521184839e-06,-2.401098953486657010e-08
5.457126670395888723e-01,3.329136137352331565e-10,4.381551489224667066e-05,6.620627861649584838e-07,1.002827864578245354e+00,-1.434609420936901756e-03,-1.434609420936901756e-03,3.329136137352331565e-10,6.623956997786937643e-07,1.002825877391146037e+00,-1.437259003736016463e-03,-1.437259003736016463e-03,5.577580709534698234e-10,8.639309090029937283e-07,8.639309090029937283e-07,-2.818467495041014133e-08
5.480152521325829529e-01,2.915977185392884081e-10,4.829365973602974297e-05,5.556639205290733154e-07,1.003235865417226647e+00,-1.291580440692772277e-03,-1.291580440692772277e-03,2.915977185392884081e-10,5.559555182476125631e-07,1.003234197550672002e+00,-1.293804262765762669e-03,-1.293804262765762669e-03,4.882801625411901238e-10,4.806250861687648016e-08,4.806250861687648016e-08,-3.194995025999106769e-08
5.503178372255769224e-01,2.455158639600744598e-10,5.200318610213105737e-05,4.398501819598926025e-07,1.003568004690048809e+00,-6.092049250423941555e-04,-6.092049250423941555e-04,2.455158639600744598e-10,4.400956978238526581e-07,1.003566684402955378e+00,-6.109653078336895176e-04,-6.109653078336895176e-04,4.106895905315269666e-10,-5.201281987629970226e-07,-5.201281987629970226e-07,-3.523667041489993882e-08
5.526204223185710029e-01,1.953545318696259003e-10,5.482609402758938474e-05,3.165259849315174227e-07,1.003819247476456233e+00,2.684674681330787320e-04,2.684674681330787320e-04,1.953545318696259003e-10,3.167213394633870356e-07,1.003818297312437879e+00,2.672005827752252025e-04,2.672005827752252025e-04,3.262017692572535344e-10,-6.191672467297090576e-07,-6.191672467297090576e-07,-3.794506705435389064e-08
5.549230074115650835e-01,1.419323130486123242e-10,5.664589895213541140e-05,1.878740708315029104e-07,1.003985976487826948e+00,9.070987097162353874e-04,9.070987097162353874e-04,1.419323130486123242e-10,1.880160031445515113e-07,1.003985412439817537e+00,9.063466457036571406e-04,9.063466457036571406e-04,2.362699043460830608e-10,-2.615360468841074221e-07,-2.615360468841074221e-07,-3.997354244706920152e-08
5.572255925045590530e-01,8.620221210721942972e-11,5.739237222637706291e-05,5.629916775964351621e-08,1.004066140445515787e+00,9.943844893106847018e-04,9.943844893106847018e-04,8.620221210721942972e-11,5.638536997175073369e-08,1.004065971289405779e+00,9.941589478307977668e-04,9.941589478307977668e-04,1.425507968672855943e-10,3.155845074707119996e-07,3.155845074707119996e-07,-4.125142145521520777e-08
5.595281775975531335e-01,2.920776714430584419e-11,5.706975949157825587e-05,-7.571595807445021999e-08,1.004059331165471081e+00,4.896791095261704939e-04,4.896791095261704939e-04,2.920776714430584419e-11,-7.568675030730591016e-08,1.004059558225721904e+00,4.899818565273996894e-04,4.899818565273996894e-04,4.680498030191119285e-11,7.684742131877250349e-07,7.684742131877250349e-07,-4.176090335749473346e-08
5.618307626905472141e-01,-2.799158786613209540e-11,5.575564298823861166e-05,-2.057867244776325547e-07,1.003966750343919800e+00,-3.599689713009324860e-04,-3.599689713009324860e-04,-2.799158786613209540e-11,-2.058147160654986978e-07,1.003967367788068055e+00,-3.591457124366704808e-04,-3.591457124366704808e-04,-4.923070058893031824e-11,8.149948946774888596e-07,8.149948946774888596e-07,-4.153819886795845421e-08
5.641333477835411836e-01,-8.439645081667282729e-11,5.357209230406592877e-05,-3.317666229852740587e-07,1.003791070377201056e+00,-1.142321368889480122e-03,-1.142321368889480122e-03,-8.439645081667282729e-11,-3.318510194360907183e-07,1.003792065930259270e+00,-1.140993964811735798e-03,-1.140993964811735798e-03,-1.439483201048144763e-10,3.708770530220502793e-07,3.708770530220502793e-07,-4.065409537544296166e-08
5.664359328765352641e-01,-1.391156207091339114e-10,5.064366750086309819e-05,-4.518018375348511747e-07,1.003536233163437208e+00,-1.479484974905794208e-03,-1.479484974905794208e-03,-1.391156207091339114e-10,-4.519409531555603255e-07,1.003537588986296747e+00,-1.477677211093171962e-03,-1.477677211093171962e-03,-2.359144860193840803e-10,-4.106784492354452028e-07,-4.106784492354452028e-07,-3.918386798433908835e-08
5.687385179695293447e-01,-1.913714878222798448e-10,4.706219674253294809e-05,-5.642931986214908766e-07,1.003207248400892038e+00,-1.207726080366477907e-03,-1.207726080366477907e-03,-1.913714878222798448e-10,-5.644845701093131923e-07,1.003208941854602410e+00,-1.205468142086040754e-03,-1.205468142086040754e-03,-3.238482688434875286e-10,-1.213403559360279951e-06,-1.213403559360279951e-06,-3.718099511963934295e-08
5.710411030625233142e-01,-2.404680397357435086e-10,4.287397086538727818e-05,-6.678007854062667268e-07,1.002810041569219157e+00,-4.525443031982873143e-04,-4.525443031982873143e-04,-2.404680397357435086e-10,-6.680412534460024827e-07,1.002812045692979437e+00,-4.498721381845033145e-04,-4.498721381845033145e-04,-4.065551294840614048e-10,-1.709066474215909133e-06,-1.709066474215909133e-06,-3.466665908384766157e-08
5.733436881555173947e-01,-2.857438141752912346e-10,3.809364521530171486e-05,-7.609502985282505262e-07,1.002351368639863294e+00,4.343580679209111143e-04,4.343580679209111143e-04,-2.857438141752912346e-10,-7.612360423424257693e-07,1.002353652347990343e+00,4.374030120902808161e-04,4.374030120902808161e-04,-4.828596405067472570e-10,-1.712364279865006377e-06,-1.712364279865006377e-06,-3.163902751910156915e-08
5.756462732485114753e-01,-3.265378322853857703e-10,3.273642074325786060e-05,-8.423951800170363321e-07,1.001838776409490483e+00,1.043641516857875826e-03,1.043641516857875826e-03,-3.265378322853857703e-10,-8.427217178493217358e-07,1.001841304574643932e+00,1.047012403729273046e-03,1.047012403729273046e-03,-5.515779025646409442e-10,-1.266398930402010725e-06,-1.266398930402010725e-06,-2.809683212606192445e-08
5.779488583415055558e-01,-3.621888784557587884e-10,2.685197973116249480e-05,-9.108583564547246187e-07,1.001280562252258033e+00,1.101087230862229016e-03,1.101087230862229016e-03,-3.621888784557587884e-10,-9.112205453331803514e-07,1.001283295913893978e+00,1.104732113043561687e-03,1.104732113043561687e-03,-6.115495227017641531e-10,-6.196963430426783300e-07,-6.196963430426783300e-07,-2.406528073521383562e-08
5.802514434344995253e-01,-3.920716319833396340e-10,2.054365394281982998e-05,-9.652377683641550111e-07,1.000685685926989477e+00,5.938778758433851555e-04,5.938778758433851555e-04,-3.920716319833396340e-10,-9.656298399961383242e-07,1.000688582816509520e+00,5.977403952033697376e-04,5.977403952033697376e-04,-6.617195260603073230e-10,-1.073661305986859759e-07,-1.073661305986859759e-07,-1.961171916406832340e-08
5.825540285274936059e-01,-4.156553261702661778e-10,1.396393096879904677e-05,-1.004729411867757255e-06,1.000063608004176929e+00,-2.270623664997547685e-04,-2.270623664997547685e-04,-4.156553261702661778e-10,-1.005145067193927581e-06,1.000066623439378466e+00,-2.230417862309790522e-04,-2.230417862309790522e-04,-7.012366922522810687e-10,6.502683587229205296e-09,6.502683587229205296e-09,-1.484369619515548063e-08
5.848566136204876864e-01,-4.325600795245051490e-10,7.288710275941011559e-06,-1.028913979867857042e-06,9.994240630720659935e-01,-9.671787564665631793e-04,-9.671787564665631793e-04,-4.325600795245051490e-10,-1.029346539947381557e-06,9.994271511116857853e-01,-9.630613703067736082e-04,-9.630613703067736082e-04,-7.295273282785574872e-10,-3.487379548708909282e-07,-3.487379548708909282e-07,-9.890474214117974757e-09
5.871591987134816559e-01,-4.425873235940882561e-10,6.823174193670113217e-07,-1.037770634312002288e-06,9.987768050682260812e-01,-1.272761799763154865e-03,-1.272761799763154865e-03,-4.425873235940882561e-10,-1.038213221635596439e-06,9.987799197078910396e-01,-1.268608946876612553e-03,-1.268608946876612553e-03,-7.463151188661353914e-10,-1.019179560140065888e-06,-1.019179560140065888e-06,-4.876561589227006967e-09
5.894617838064757365e-01,-4.457127333445261008e-10,-5.731100811580550179e-06,-1.031614666780285741e-06,9.981313737777441908e-01,-9.934747201562957580e-04,-9.934747201562957580e-04,-4.457127333445261008e-10,-1.032060379513630181e-06,9.981344699588827751e-01,-9.893464786382413431e-04,-9.893464786382413431e-04,-7.515822496278843203e-10,-1.699367942162301626e-06,-1.699367942162301626e-06,1.008819330359798389e-10
5.917643688994698170e-01,-4.420468202794298189e-10,-1.187783789639215534e-05,-1.010988872174703735e-06,9.974969213941904389e-01,-2.488130990780663531e-04,-2.488130990780663531e-04,-4.420468202794298189e-10,-1.011430918994983232e-06,9.974999556869473816e-01,-2.447673754020864337e-04,-2.447673754020864337e-04,-7.454927019447241708e-10,-2.074123490401026109e-06,-2.074123490401026109e-06,4.981179034636336145e-09
5.940669539924637865e-01,-4.317820728437166134e-10,-1.772343935594287233e-05,-9.765564281107821857e-07,9.968821118415451821e-01,6.298825733334879017e-04,6.298825733334879017e-04,-4.317820728437166134e-10,-9.769882101836258712e-07,9.968850428061757363e-01,6.337905261742224263e-04,6.337905261742224263e-04,-7.283137554741078928e-10,-1.963068582051780454e-06,-1.963068582051780454e-06,9.732719728301845877e-09
5.963695390854578671e-01,-4.151501725173503219e-10,-2.324671883380019684e-05,-9.290386820461466160e-07,9.962950759530283529e-01,1.252871081949731525e-03,1.252871081949731525e-03,-4.151501725173503219e-10,-9.294538322186639693e-07,9.962978643145250501e-01,1.256588897278606122e-03,1.256588897278606122e-03,-7.003699558535137399e-10,-1.401888977556483504e-06,-1.401888977556483504e-06,1.433349653495291331e-08
5.986721241784519476e-01,-3.924067113211572284e-10,-2.841186646612612230e-05,-8.692177126815871459e-07,9.957433859779356577e-01,1.349333369883094075e-03,1.349333369883094075e-03,-3.924067113211572284e-10,-8.696101193929082741e-07,9.957459948082938439e-01,1.352811810360665711e-03,1.352811810360665711e-03,-6.620467088137379360e-10,-6.244689324851357612e-07,-6.244689324851357612e-07,1.874929391822077129e-08
6.009747092714459171e-01,-3.638472211300768987e-10,-3.315166625637439295e-05,-7.979924488782568583e-07,9.952340113223702156e-01,8.879691164655908152e-04,8.879691164655908152e-04,-3.638472211300768987e-10,-7.983562960993869489e-07,9.952364063912585435e-01,8.911625416499883469e-04,8.911625416499883469e-04,-6.138366488875558022e-10,4.434765307844674512e-08,4.434765307844674512e-08,2.291984305389121628e-08
6.032772943644399977e-01,-3.298436267157012563e-10,-3.736916373131148901e-05,-7.164527832055202331e-07,9.947732334554436617e-01,8.778166164125452602e-05,8.778166164125452602e-05,-3.298436267157012563e-10,-7.167826268322359568e-07,9.947753838033241980e-01,9.064879214858346688e-05,9.064879214858346688e-05,-5.564020801654704743e-10,3.355201514026123833e-07,3.355201514026123833e-07,2.675922107195728445e-08
6.055798794574340782e-01,-2.908810467517554709e-10,-4.095650336620876704e-05,-6.259289630553860460e-07,9.943665232815718236e-01,-6.834893278283852213e-04,-6.834893278283852213e-04,-2.908810467517554709e-10,-6.262198441021377955e-07,9.943684019411040964e-01,-6.809844484519766549e-04,-6.809844484519766549e-04,-4.906197683488619012e-10,1.555287172833420450e-07,1.555287172833420450e-07,3.017012962077642096e-08
6.078824645504281587e-01,-2.475750157980393604e-10,-4.382206966011304052e-05,-5.279858114805968094e-07,9.940184071260150800e-01,-1.075586192673711307e-03,-1.075586192673711307e-03,-2.475750157980393604e-10,-5.282333864963948310e-07,9.940199918261746204e-01,-1.073473259127725706e-03,-1.073473259127725706e-03,-4.175827139671396526e-10,-3.740416828876304354e-07,-3.740416828876304354e-07,3.306550792679162571e-08
6.101850496434221283e-01,-2.006581996668048280e-10,-4.591379501374221551e-05,-4.243565561241869119e-07,9.937323577871294278e-01,-9.113167245187721397e-04,-9.113167245187721397e-04,-2.006581996668048280e-10,-4.245572143238537200e-07,9.937336314587723596e-01,-9.096184956614767649e-04,-9.096184956614767649e-04,-3.385528630323802322e-10,-9.733223843461979847e-07,-9.733223843461979847e-07,3.538792733246820616e-08
6.124876347364162088e-01,-1.509391711233692748e-10,-4.722872398159154439e-05,-3.168374449130647401e-07,9.935107409811323453e-01,-2.627900711957643952e-04,-2.627900711957643952e-04,-1.509391711233692748e-10,-3.169883840841880829e-07,9.935116919462846363e-01,-2.615221176594276459e-04,-2.615221176594276459e-04,-2.548799988311410129e-10,-1.330520810330429993e-06,-1.330520810330429993e-06,3.711854352239579741e-08
6.147902198294102893e-01,-9.924769135843468955e-11,-4.780535400206299506e-05,-2.071802905738219666e-07,9.933548284742913514e-01,5.836814189946183630e-04,5.836814189946183630e-04,-9.924769135843468955e-11,-2.072795382651803985e-07,9.933554503129061741e-01,5.845105371476790913e-04,5.845105371476790913e-04,-1.679158778860459821e-10,-1.240757663804553286e-06,-1.240757663804553286e-06,3.827225105439430268e-08
6.170928049224042589e-01,-4.638609908499500297e-11,-4.770286505306575817e-05,-9.701922623553560572e-08,9.932648661938944246e-01,1.256253072681055329e-03,1.256253072681055329e-03,-4.638609908499500297e-11,-9.706561233462060322e-08,9.932651573907314013e-01,1.256641335130393887e-03,1.256641335130393887e-03,-7.895332937013395780e-11,-6.960092697735011092e-07,-6.960092697735011092e-07,3.888179128804868772e-08
6.193953900153983394e-01,6.897090087289523830e-12,-4.697674812934986435e-05,1.214844006609656362e-08,9.932401687363167087e-01,1.461483038904920701e-03,1.461483038904920701e-03,6.897090087289523830e-12,1.215533715618385280e-08,9.932401322703052760e-01,1.461434417556295917e-03,1.461434417556295917e-03,1.079214756294441169e-11,1.124860127805124946e-07,1.124860127805124946e-07,3.897819304685995244e-08
6.216979751083924199e-01,5.990551775348397054e-11,-4.566134501883746977e-05,1.189313839274646625e-07,9.932792077826677613e-01,1.111280344665452509e-03,1.111280344665452509e-03,5.990551775348397054e-11,1.189912894452181453e-07,9.932788508087994073e-01,1.110804379507671557e-03,1.110804379507671557e-03,1.001599026569629997e-10,8.789327866832839995e-07,8.789327866832839995e-07,3.857614538860644484e-08
6.240005602013863895e-01,1.119716643719476882e-10,-4.376624699918540138e-05,2.219884130780504646e-07,9.933796718313510077e-01,3.584789431221169892e-04,3.584789431221169892e-04,1.119716643719476882e-10,2.221003847424224197e-07,9.933790055301967570e-01,3.575905415831472762e-04,3.575905415831472762e-04,1.879999029238868976e-10,1.316451076970081210e-06,1.316451076970081210e-06,3.767035847500726317e-08
6.263031452943804700e-01,1.624272279947552395e-10,-4.128716297321382189e-05,3.199815479135793338e-07,9.935384932456240437e-01,-4.724439470517801678e-04,-4.724439470517801678e-04,1.624272279947552395e-10,3.201439751415740661e-07,9.935375328136986095e-01,-4.737245229523464858e-04,-4.737245229523464858e-04,2.731343121955682176e-10,1.280619722255818812e-06,1.280619722255818812e-06,3.624394375760346860e-08
6.286057303873745505e-01,2.105844837528475724e-10,-3.822562470769238287e-05,4.115658772154061940e-07,9.937518573961993118e-01,-1.027435565674715339e-03,-1.027435565674715339e-03,2.105844837528475724e-10,4.117764616991590194e-07,9.937506220668141932e-01,-1.029082671521511965e-03,-1.029082671521511965e-03,3.543485932439330085e-10,8.299056781044731926e-07,8.299056781044731926e-07,3.428461445275718420e-08
6.309083154803685201e-01,2.557403405196132018e-10,-3.460839589479923430e-05,4.954263054222717323e-07,9.940152196148528407e-01,-1.075181957595899634e-03,-1.075181957595899634e-03,2.557403405196132018e-10,4.956820457627913473e-07,9.940137325687155023e-01,-1.077164685778950800e-03,-1.077164685778950800e-03,4.304219340869332090e-10,1.980614900350757070e-07,1.980614900350757070e-07,3.180131279572690586e-08
6.332109005733626006e-01,2.972044529331601589e-10,-3.049801395668939955e-05,5.703501208415351546e-07,9.943233545593170852e-01,-6.042972923012736308e-04,-6.042972923012736308e-04,2.972044529331601589e-10,5.706473252944682799e-07,9.943216426173412392e-01,-6.065798816024515171e-04,-6.065798816024515171e-04,5.001892222624033362e-10,-3.081735038460257599e-07,-3.081735038460257599e-07,2.883396735856468497e-08
6.355134856663566811e-01,3.343422013413019875e-10,-2.599004347554518220e-05,6.353088189079134300e-07,9.946704505726597922e-01,1.748656736053423361e-04,1.748656736053423361e-04,3.343422013413019875e-10,6.356431611092547280e-07,9.946685436431764726e-01,1.723231009609053226e-04,1.723231009609053226e-04,5.626131734885183675e-10,-4.411183894526159742e-07,-4.411183894526159742e-07,2.545226641848447981e-08
6.378160707593506507e-01,3.666170749856140055e-10,-2.119840431155128573e-05,6.895190319222895234e-07,9.950502443706985556e-01,9.225452994425492994e-04,9.225452994425492994e-04,3.666170749856140055e-10,6.898856489972751859e-07,9.950481747137515098e-01,9.197857568465601453e-04,9.197857568465601453e-04,6.168411400209420659e-10,-1.172802388104039522e-07,-1.172802388104039522e-07,2.174410627558131911e-08
6.401186558523447312e-01,3.936174296469642353e-10,-1.623504001469285610e-05,7.324616093190178558e-07,9.954561764237608301e-01,1.315022189101477642e-03,1.315022189101477642e-03,3.936174296469642353e-10,7.328552267486647936e-07,9.954539778580805409e-01,1.312090768194482983e-03,1.312090768194482983e-03,6.622278652627364465e-10,5.485070562662478604e-07,5.485070562662478604e-07,1.779865326555711226e-08
6.424212409453388117e-01,4.150592580749387223e-10,-1.119222168064101425e-05,7.638553377522485688e-07,9.958815408182734030e-01,1.180815868950689171e-03,1.180815868950689171e-03,4.150592580749387223e-10,7.642703970103235430e-07,9.958792480070823849e-01,1.177758787362647840e-03,1.177758787362647840e-03,6.983197019963757287e-10,1.293130237246729526e-06,1.293130237246729526e-06,1.369098003162225973e-08
6.447238260383327813e-01,4.307664571919586535e-10,-6.134265058907027401e-06,7.835997974499314149e-07,9.963196074386281298e-01,5.706852994996861484e-04,5.706852994996861484e-04,4.307664571919586535e-10,7.840305639071234143e-07,9.963172553469363812e-01,5.675491772440576302e-04,5.675491772440576302e-04,7.248112904175621794e-10,1.816961739375625172e-06,1.816961739375625172e-06,9.474271454036144095e-09
6.470264111313268618e-01,4.406388801835047095e-10,-1.101210030841530729e-06,7.917129470265336609e-07,9.967637067182810728e-01,-2.664251625522688302e-04,-2.664251625522688302e-04,4.406388801835047095e-10,7.921535859067172088e-07,9.967613302575233369e-01,-2.695937768958956977e-04,-2.695937768958956977e-04,7.414959209203419280e-10,1.909500985756235004e-06,1.909500985756235004e-06,5.182193747236561033e-09
6.493289962243209423e-01,4.446226428214349370e-10,3.878027777587454871e-06,7.882890297220934151e-07,9.972072823968765043e-01,-9.895027504848610649e-04,-9.895027504848610649e-04,4.446226428214349370e-10,7.887336523649148784e-07,9.972049161959194441e-01,-9.926576850943207714e-04,-9.926576850943207714e-04,7.482318054925821118e-10,1.536262843899253385e-06,1.536262843899253385e-06,8.397098472197607020e-10
6.516315813173150229e-01,4.426952096719476600e-10,8.769258779943347920e-06,7.734919218718656305e-07,9.976439293271950337e-01,-1.307922237982992678e-03,-1.307922237982992678e-03,4.426952096719476600e-10,7.739346170815376299e-07,9.976416075233437430e-01,-1.311017976451318932e-03,-1.311017976451318932e-03,7.449382773933685019e-10,8.514837873653233760e-07,8.514837873653233760e-07,-3.522774595296795839e-09
6.539341664103089924e-01,4.348707999078636761e-10,1.352058204185908385e-05,7.475829724812501424e-07,9.980674369087655373e-01,-1.100644798774930329e-03,-1.100644798774930329e-03,4.348707999078636761e-10,7.480178432811579834e-07,9.980651928552356500e-01,-1.103636870148055026e-03,-1.103636870148055026e-03,7.316223384535394028e-10,1.326545838329039498e-07,1.326545838329039498e-07,-7.858189591528382617e-09
6.562367515033030729e-01,4.212227119777823251e-10,1.805910739610796172e-05,7.109675813986575186e-07,9.984718532645869837e-01,-4.636172793537806031e-04,-4.636172793537806031e-04,4.212227119777823251e-10,7.113888041106353362e-07,9.984697190981746129e-01,-4.664628345702231580e-04,-4.664628345702231580e-04,7.084228016425649919e-10,-3.348062487843767159e-07,-3.348062487843767159e-07,-1.209928654530046686e-08
6.585393365962971535e-01,4.019120010271165021e-10,2.229802731149475308e-05,6.642371824927047908e-07,9.988515736137236756e-01,3.325345854158209065e-04,3.325345854158209065e-04,4.019120010271165021e-10,6.646390944937319019e-07,9.988495796964401707e-01,3.298760290378459641e-04,3.298760290378459641e-04,6.756518913461697360e-10,-3.745464789564557978e-07,-3.745464789564557978e-07,-1.616426138226991194e-08
6.608419216892911230e-01,3.772093783962861774e-10,2.615095792178832439e-05,6.081856144826039766e-07,9.992014435511713533e-01,9.553576524685688598e-04,9.553576524685688598e-04,3.772093783962861774e-10,6.085628238610002173e-07,9.991996178626997294e-01,9.529234011731248276e-04,9.529234011731248276e-04,6.338153038709714230e-10,9.921626957170782876e-09,9.921626957170782876e-09,-1.996916501541344663e-08
6.631445067822852035e-01,3.475000676129386192e-10,2.954766968385318522e-05,5.437896040975907624e-07,9.995168593685416214e-01,1.146597479496718440e-03,1.146597479496718440e-03,3.475000676129386192e-10,5.441371041652037483e-07,9.995152269572291637e-01,1.144420931080057614e-03,1.144420931080057614e-03,5.836005478948276163e-10,6.386594949734616609e-07,6.386594949734616609e-07,-2.344209180625885405e-08
6.654470918752792841e-01,3.132682508792505002e-10,3.244503680140132780e-05,4.721574838964924078e-07,9.997938463806803622e-01,8.258234242861736294e-04,8.258234242861736294e-04,3.132682508792505002e-10,4.724707521473716325e-07,9.997924289684239074e-01,8.239335412775841694e-04,8.239335412775841694e-04,5.258359786255951544e-10,1.230305383187549655e-06,1.230305383187549655e-06,-2.653361180840014475e-08
6.677496769682732536e-01,2.750657319973550947e-10,3.482922015376507905e-05,3.944623665518863347e-07,1.000029102548866122e+00,1.205360842214133035e-04,1.205360842214133035e-04,2.750657319973550947e-10,3.947374322838836762e-07,1.000027918336569233e+00,1.189571344922777676e-04,1.189571344922777676e-04,4.614340883488392389e-10,1.517100661890919645e-06,1.517100661890919645e-06,-2.921962560537795382e-08
6.700522620612673341e-01,2.334752930590376330e-10,3.670874673415110482e-05,3.118811087836893948e-07,1.000220005608742468e+00,-6.877879619762257077e-04,-6.877879619762257077e-04,2.334752930590376330e-10,3.121145840767484500e-07,1.000219069264990157e+00,-6.890364203125326839e-04,-6.890364203125326839e-04,3.913379362298623384e-10,1.352945009759252278e-06,1.352945009759252278e-06,-3.149597598067357868e-08
6.723548471542614147e-01,1.890807097221473092e-10,3.810172897664571001e-05,2.255568790728925557e-07,1.000364592879604997e+00,-1.278344536518193639e-03,-1.278344536518193639e-03,1.890807097221473092e-10,2.257459597826147140e-07,1.000363915641725665e+00,-1.279247520357324136e-03,-1.279247520357324136e-03,3.164872480426315173e-10,7.712676431185356668e-07,7.712676431185356668e-07,-3.336742231906563719e-08
6.746574322472553842e-01,1.424521262941357154e-10,3.902257176976420511e-05,1.365928586149274160e-07,1.000461529672278971e+00,-1.419355802162334135e-03,-1.419355802162334135e-03,1.424521262941357154e-10,1.367353107412215644e-07,1.000461119466346638e+00,-1.419902743405298921e-03,-1.419902743405298921e-03,2.378119833329626257e-10,-2.954504805627544588e-08,-2.954504805627544588e-08,-3.483567087819650277e-08
6.769600173402494647e-01,9.414898112190872105e-11,3.947340377251858687e-05,4.607197309030245238e-08,1.000510082374243881e+00,-1.058871263350187001e-03,-1.058871263350187001e-03,9.414898112190872105e-11,4.616612207142436296e-08,1.000509943875877772e+00,-1.059055927838472655e-03,-1.059055927838472655e-03,1.562498005533160956e-10,-7.661328156817852757e-07,-7.661328156817852757e-07,-3.589129373068021782e-08
6.792626024332435453e-01,4.473561880451611179e-11,3.944331728893206131e-05,-4.491234775230587144e-08,1.000510106242374020e+00,-3.428937765344166146e-04,-3.428937765344166146e-04,4.473561880451611179e-11,-4.486761213350135637e-08,1.000510240845210452e+00,-3.427143060858825908e-04,-3.427143060858825908e-04,7.277444499144139313e-11,-1.182745877418552012e-06,-1.182745877418552012e-06,-3.651260470853504362e-08
6.815651875262376258e-01,-5.200089449322008756e-12,3.891526728887254966e-05,-1.352328429676354173e-07,1.000462048440963425e+00,4.447751541095059822e-04,4.447751541095059822e-04,-5.200089449322008756e-12,-1.352380430570847335e-07,1.000462454155092606e+00,4.453161062817342984e-04,4.453161062817342984e-04,-1.158176532962293711e-11,-1.151438646451257972e-06,-1.151438646451257972e-06,-3.667167860200194835e-08
6.838677726192315953e-01,-5.503560054927431036e-11,3.787748520806824630e-05,-2.237270146318350685e-07,1.000366957852715233e+00,9.957088819337244975e-04,9.957088819337244975e-04,-5.503560054927431036e-11,-2.237820502323843438e-07,1.000367629198865904e+00,9.966040101346540763e-04,9.966040101346540763e-04,-9.572523037957777811e-11,-7.206983329170052000e-07,-7.206983329170052000e-07,-3.634488003278263046e-08
6.861703577122256759e-01,-1.041171789100390725e-10,3.633465190361540769e-05,-3.092226855730058355e-07,1.000226488153587834e+00,1.097686902304641004e-03,1.097686902304641004e-03,-1.041171789100390725e-10,-3.093268027519158829e-07,1.000227416133996128e+00,1.098924209515648575e-03,1.098924209515648575e-03,-1.785237246719510705e-10,-9.435436319788676762e-08,-9.435436319788676762e-08,-3.552360281056698759e-08
6.884729428052197564e-01,-1.517791568042153086e-10,3.431438631358593532e-05,-3.905845943068296742e-07,1.000042881314999521e+00,7.159735067042455759e-04,7.159735067042455759e-04,-1.517791568042153086e-10,-3.907363734636339016e-07,1.000044053524119958e+00,7.175364521981001005e-04,7.175364521981001005e-04,-2.588498476794567134e-10,4.498025386628093819e-07,4.498025386628093819e-07,-3.422099561508643543e-08
6.907755278982137259e-01,-1.973739089498556009e-10,3.186660908262288906e-05,-4.667679178716195124e-07,9.998189245094460942e-01,4.356668652085082277e-06,4.356668652085082277e-06,-1.973739089498556009e-10,-4.669652917805693652e-07,9.998203254053213973e-01,6.224529819207359738e-06,6.224529819207359738e-06,-3.356326699884399041e-10,6.690302892141704201e-07,6.690302892141704201e-07,-3.247214942865418411e-08
6.930781129912078065e-01,-2.403034200299644852e-10,2.905616848941746706e-05,-5.368622030618993697e-07,9.995578818436047230e-01,-7.568314362572266512e-04,-7.568314362572266512e-04,-2.403034200299644852e-10,-5.371025064819293447e-07,9.995594931511241343e-01,-7.546830262312989503e-04,-7.546830262312989503e-04,-4.079020753744888040e-10,4.496042013026969596e-07,4.496042013026969596e-07,-3.032781277218245056e-08
6.953806980842018870e-01,-2.800428895198613567e-10,2.595164379535391705e-05,-6.001131580562947220e-07,9.992634100700121813e-01,-1.270316308379169923e-03,-1.270316308379169923e-03,-2.800428895198613567e-10,-6.003932009458145706e-07,9.992652112496149819e-01,-1.267914735575386602e-03,-1.267914735575386602e-03,-4.748133994520504216e-10,-1.502287628814514147e-07,-1.502287628814514147e-07,-2.784414781001809873e-08
6.976832831771958565e-01,-3.161500070759980452e-10,2.261452735194960172e-05,-6.559182568353470554e-07,9.989394715570266703e-01,-1.336085548308620606e-03,-1.336085548308620606e-03,-3.161500070759980452e-10,-6.562344068424230123e-07,9.989414402602472265e-01,-1.333460610681250864e-03,-1.333460610681250864e-03,-5.356476127430645104e-10,-9.239332016448167551e-07,-9.239332016448167551e-07,-2.507241964610225221e-08
6.999858682701899371e-01,-3.482589737521937848e-10,1.909261852057272748e-05,-7.038016792495439447e-07,9.985902569857417754e-01,-9.264929621105478120e-04,-9.264929621105478120e-04,-3.482589737521937848e-10,-7.041499382232961513e-07,9.985923694355564040e-01,-9.236763623576546350e-04,-9.236763623576546350e-04,-5.897913802349629615e-10,-1.596805841830220419e-06,-1.596805841830220419e-06,-2.205235345965930784e-08
7.022884533631840176e-01,-3.760638867342203225e-10,1.541967571753728215e-05,-7.433810908891855023e-07,9.982201250903262046e-01,-1.945249743203517848e-04,-1.945249743203517848e-04,-3.760638867342203225e-10,-7.437571547759197504e-07,9.982223563617905748e-01,-1.915499457012481113e-04,-1.915499457012481113e-04,-6.367083534248274420e-10,-1.931039881659266870e-06,-1.931039881659266870e-06,-1.881133646854679658e-08
7.045910384561779871e-01,-3.992996641133423233e-10,1.162092113613236372e-05,-7.743406875164137944e-07,9.978335594503907613e-01,5.864896804963275158e-04,5.864896804963275158e-04,-3.992996641133423233e-10,-7.747399871805271462e-07,9.978358836703522528e-01,5.895886404450495803e-04,5.895886404450495803e-04,-6.759154694911136916e-10,-1.815432425513876261e-06,-1.815432425513876261e-06,-1.536934058844125562e-08
7.068936235491720677e-01,-4.177290234005302873e-10,7.721830706878074713e-06,-7.964213562864809185e-07,9.974351357307844612e-01,1.127528004932805070e-03,1.127528004932805070e-03,-4.177290234005302873e-10,-7.968390853098814416e-07,9.974375262480403848e-01,1.130715361274044553e-03,1.130715361274044553e-03,-7.069751578219295540e-10,-1.306087221540509718e-06,-1.306087221540509718e-06,-1.174729689136774951e-08
7.091962086421661482e-01,-4.311411680406638620e-10,3.756556790204822220e-06,-8.094313808261767122e-07,9.970294892556454958e-01,1.232607843457432083e-03,1.232607843457432083e-03,-4.311411680406638620e-10,-8.098625219942173759e-07,9.970319188432115176e-01,1.235847293545408888e-03,1.235847293545408888e-03,-7.295075133854606873e-10,-6.036277672871699629e-07,-6.036277672871699629e-07,-7.975457363911663816e-09
7.114987937351601177e-01,-4.393629917984185053e-10,-2.273385210637929145e-07,-8.132728138727380308e-07,9.966212735045069104e-01,8.708147840388099237e-04,8.708147840388099237e-04,-4.393629917984185053e-10,-8.137121768645364106e-07,9.966237146410374947e-01,8.740696327462680291e-04,8.740696327462680291e-04,-7.432184274010843145e-10,2.344229861785334849e-08,2.344229861785334849e-08,-4.098429862833375747e-09
7.138013788281541983e-01,-4.422786680973077987e-10,-4.169621281046798013e-06,-8.079725836887187846e-07,9.962151045071683253e-01,1.855371089885246355e-04,1.855371089885246355e-04,-4.422786680973077987e-10,-8.084148623568161020e-07,9.962175297517553707e-01,1.887707684379519117e-04,1.887707684379519117e-04,-7.479334249926815992e-10,3.396740485864159345e-07,3.396740485864159345e-07,-1.749451369908176536e-10
7.161039639211482788e-01,-4.398502798072352697e-10,-8.003264116128127234e-06,-7.937057014068283902e-07,9.958154923427299243e-01,-5.611931179501932106e-04,-5.611931179501932106e-04,-4.398502798072352697e-10,-7.941455516866356206e-07,9.958178747793849928e-01,-5.580165357434467219e-04,-5.580165357434467219e-04,-7.436247741797646384e-10,2.299245037155479298e-07,2.299245037155479298e-07,3.727557772966967498e-09
7.184065490141422483e-01,-4.321317679596472582e-10,-1.166325767603183318e-05,-7.708009841202180787e-07,9.954267666078058241e-01,-1.087285303932078624e-03,-1.087285303932078624e-03,-4.321317679596472582e-10,-7.712331158881777596e-07,9.954290803071534910e-01,-1.084200371468525869e-03,-1.084200371468525869e-03,-7.304219225408746949e-10,-2.591826509737996332e-07,-2.591826509737996332e-07,7.541537645470538950e-09
7.207091341071363289e-01,-4.192709472067339942e-10,-1.509517740005902050e-05,-7.397261325113170684e-07,9.950530057572056775e-01,-1.194858340257455706e-03,-1.194858340257455706e-03,-4.192709472067339942e-10,-7.401454034585237835e-07,9.950552261934160203e-01,-1.191897758643621586e-03,-1.191897758643621586e-03,-7.086013618309331350e-10,-9.381078053777701358e-07,-9.381078053777701358e-07,1.120806928893440535e-08
7.230117192001304094e-01,-4.014986253256127569e-10,-1.826056385953764866e-05,-7.010562821010885829e-07,9.946979796649407790e-01,-8.417911906854036019e-04,-8.417911906854036019e-04,-4.014986253256127569e-10,-7.014577807264142145e-07,9.947000840382829168e-01,-8.389853595624979310e-04,-8.389853595624979310e-04,-6.785592496479053513e-10,-1.545586649481520475e-06,-1.545586649481520475e-06,1.468267607893851336e-08
7.253143042931244899e-01,-3.791083371967096110e-10,-2.113746091256391487e-05,-6.554356005872820074e-07,9.943651109931042065e-01,-1.550818922476767314e-04,-1.550818922476767314e-04,-3.791083371967096110e-10,-6.558147089244786778e-07,9.943670784372309335e-01,-1.524586334119788290e-04,-1.524586334119788290e-04,-6.407758508353534202e-10,-1.845179290966341748e-06,-1.845179290966341748e-06,1.793644330642240560e-08
7.276168893861184594e-01,-3.524332380026615180e-10,-2.371626663663991638e-05,-6.035432641226344341e-07,9.940574555108978583e-01,6.176215176500128622e-04,6.176215176500128622e-04,-3.524332380026615180e-10,-6.038956973606370979e-07,9.940592671979899819e-01,6.200371004394554042e-04,6.200371004394554042e-04,-5.957830955880255525e-10,-1.711505989418073929e-06,-1.711505989418073929e-06,2.095235026473294822e-08
7.299194744791125400e-01,-3.218272713143604759e-10,-2.599270648066878415e-05,-5.460727848023151195e-07,9.937776964057409845e-01,1.199425386625718477e-03,1.199425386625718477e-03,-3.218272713143604759e-10,-5.463946120736295157e-07,9.937793355895772063e-01,1.201610965074012983e-03,1.201610965074012983e-03,-5.441446457589414760e-10,-1.174997111070879693e-06,-1.174997111070879693e-06,2.371846891789842485e-08
7.322220595721066205e-01,-2.876557445855333842e-10,-2.796065381006627076e-05,-4.837282540782119754e-07,9.935281446524996118e-01,1.384587998687627445e-03,1.384587998687627445e-03,-2.876557445855333842e-10,-4.840159098227974803e-07,9.935295967002291118e-01,1.386524062326918673e-03,1.386524062326918673e-03,-4.864526959503294229e-10,-4.096634124438140492e-07,-4.096634124438140492e-07,2.622071485279765348e-08
7.345246446651005900e-01,-2.502967335157312392e-10,-2.960741738194363272e-05,-4.172347107389398671e-07,9.933107375664421701e-01,1.111577126245609113e-03,1.111577126245609113e-03,-2.502967335157312392e-10,-4.174850074724556101e-07,9.933119900214646414e-01,1.113247066275498912e-03,1.113247066275498912e-03,-4.233393151707460089e-10,3.307278809246706472e-07,3.307278809246706472e-07,2.843786489045241127e-08
7.368272297580946706e-01,-2.101506979304869160e-10,-3.091308613505548225e-05,-3.473548495232279852e-07,9.931270305371352469e-01,4.831675719310222399e-04,4.831675719310222399e-04,-2.101506979304869160e-10,-3.475650002211584520e-07,9.931280732321359217e-01,4.845578319319068707e-04,4.845578319319068707e-04,-3.554948090165044332e-10,8.042605029497702595e-07,8.042605029497702595e-07,3.034061592887624172e-08
7.391298148510887511e-01,-1.676527723700346796e-10,-3.185398752564129270e-05,-2.749023499393653661e-07,9.929781814206800616e-01,-2.724805426430612566e-04,-2.724805426430612566e-04,-1.676527723700346796e-10,-2.750700027117354165e-07,9.929790066306881657e-01,-2.713802626322143097e-04,-2.713802626322143097e-04,-2.836831947272224708e-10,8.670058435130267211e-07,8.670058435130267211e-07,3.189493363831078477e-08
7.414323999440827206e-01,-1.232813746856718441e-10,-3.240884682093912793e-05,-2.007437384076807592e-07,9.928649314624046207e-01,-8.846670794401343806e-04,-8.846670794401343806e-04,-1.232813746856718441e-10,-2.008670197823664393e-07,9.928655340634640059e-01,-8.838636113610049295e-04,-8.838636113610049295e-04,-2.087461418760732858e-10,5.230838747594360492e-07,5.230838747594360492e-07,3.306839650010576435e-08
7.437349850370768012e-01,-7.755824867349204275e-11,-3.256534301091148083e-05,-1.257851285455822052e-07,9.927875893744677605e-01,-1.136631593728064035e-03,-1.136631593728064035e-03,-7.755824867349204275e-11,-1.258626867942556934e-07,9.927879669625281345e-01,-1.136128142980887034e-03,-1.136128142980887034e-03,-1.315910267497280913e-10,-7.850250276592013750e-08,-7.850250276592013750e-08,3.383722470657896215e-08
7.460375701300708817e-01,-3.103820202236240731e-11,-3.232472022023357436e-05,-5.094570729589899012e-08,9.927460254188876787e-01,-9.413200853952780273e-04,-9.413200853952780273e-04,-3.103820202236240731e-11,-5.097674549792135177e-08,9.927461783491241532e-01,-9.411161784132862944e-04,-9.411161784132862944e-04,-5.316442933306648186e-11,-6.982224169890906864e-07,-6.982224169890906864e-07,3.419152462630037636e-08
7.483401552230648512e-01,1.570955502939998120e-11,-3.170289435989980111e-05,2.287553914940681919e-08,9.927396800991178383e-01,-3.702341979330162698e-04,-3.702341979330162698e-04,1.570955502939998120e-11,2.289124870443622042e-08,9.927396114253717041e-01,-3.703257629278339886e-04,-3.703257629278339886e-04,2.558258386568116744e-11,-1.091530656963407523e-06,-1.091530656963407523e-06,3.413699050966447570e-08
7.506427403160589318e-01,6.212371155016929388e-11,-3.072777448425155792e-05,9.483119592078940314e-08,9.927675882517891237e-01,3.737498654462081222e-04,3.737498654462081222e-04,6.212371155016929388e-11,9.489331963233957639e-08,9.927673035718301842e-01,3.733702921676787610e-04,3.733702921676787610e-04,1.037284174689625753e-10,-1.094994888651513798e-06,-1.094994888651513798e-06,3.369259498369123023e-08
7.529453254090530123e-01,1.076709293913993395e-10,-2.943382560150667579e-05,1.641471278212003795e-07,9.928284153495099407e-01,1.028924311389760619e-03,1.028924311389760619e-03,1.076709293913993395e-10,1.642547987505917802e-07,9.928279225851136536e-01,1.028267292194758216e-03,1.028267292194758216e-03,1.804057289046953618e-10,-6.829191963037682745e-07,-6.829191963037682745e-07,3.288519269979583847e-08
7.552479105020470929e-01,1.518587570534565270e-10,-2.785578315723981701e-05,2.301302685038628983e-07,9.929205000434415673e-01,1.366483945617953666e-03,1.366483945617953666e-03,1.518587570534565270e-10,2.302821272609163575e-07,9.929198091970597995e-01,1.365562817108909900e-03,1.365562817108909900e-03,2.548120236899390526e-10,2.474583607820291511e-08,2.474583607820291511e-08,3.174297138419227003e-08
7.575504955950410624e-01,1.942390241915701427e-10,-2.602361126004267854e-05,2.921629904680202039e-07,9.930418962639409042e-01,1.269289321509287777e-03,1.269289321509287777e-03,1.942390241915701427e-10,2.923572294922117577e-07,9.930410191922524055e-01,1.268119892591318843e-03,1.268119892591318843e-03,3.262060055905388617e-10,8.051150267374677615e-07,8.051150267374677615e-07,3.028998357974006707e-08
7.598530806880351429e-01,2.344026096555333330e-10,-2.396025619962857044e-05,3.496888758919225157e-07,9.931904096717326658e-01,7.707737271048250129e-04,7.707737271048250129e-04,2.344026096555333330e-10,3.499232785015780560e-07,9.931893599018971619e-01,7.693740339908187011e-04,7.693740339908187011e-04,3.938943521328798975e-10,1.410080264169978167e-06,1.410080264169978167e-06,2.854351395934036840e-08
7.621556657810292235e-01,2.719692718794200584e-10,-2.168271030247190010e-05,4.021971477359226745e-07,9.933636262751988077e-01,4.147348065080701842e-05,4.147348065080701842e-05,2.719692718794200584e-10,4.024691170078020765e-07,9.933624188678478184e-01,3.986360418277581181e-05,3.986360418277581181e-05,4.572164895506247508e-10,1.651682740584908719e-06,1.651682740584908719e-06,2.651498365060717219e-08
7.644582508740231930e-01,3.065776429833762603e-10,-1.920574903754717364e-05,4.492128589095087490e-07,9.935589344824198310e-01,-6.711020335372166502e-04,-6.711020335372166502e-04,3.065776429833762603e-10,4.495194365524920993e-07,9.935575859241101426e-01,-6.729001112834266315e-04,-6.729001112834266315e-04,5.155351184842934111e-10,1.465755554428312940e-06,1.465755554428312940e-06,2.421385158422718109e-08
7.667608359670172735e-01,3.378801041661381751e-10,-1.654683213869058260e-05,4.902973760485302237e-07,9.937735445471655993e-01,-1.127781676723377865e-03,-1.127781676723377865e-03,3.378801041661381751e-10,4.906352561526963247e-07,9.937720726413971084e-01,-1.129744217747988711e-03,-1.129744217747988711e-03,5.682377621347231465e-10,9.324849439738967577e-07,9.324849439738967577e-07,2.165297330073880314e-08
7.690634210600113541e-01,3.655452926503686273e-10,-1.373034402471124435e-05,5.250597314502610045e-07,9.940045104364417794e-01,-1.178733242535516578e-03,-1.178733242535516578e-03,3.655452926503686273e-10,5.254252767429113993e-07,9.940029341606115842e-01,-1.180834943642488331e-03,-1.180834943642488331e-03,6.147504361274876509e-10,2.476411119177284010e-07,2.476411119177284010e-07,1.885344493261995482e-08
7.713660061530053236e-01,3.892681735299364024e-10,-1.078966280625185358e-05,5.531754614378399926e-07,9.942487583326048428e-01,-8.128571716980940564e-04,-8.128571716980940564e-04,3.892681735299364024e-10,5.535647296113698959e-07,9.942470976384160108e-01,-8.150714306165394996e-04,-8.150714306165394996e-04,6.545601596786219802e-10,-3.449259514457886048e-07,-3.449259514457886048e-07,1.584721113160511770e-08
7.736685912459994041e-01,4.087849253131053641e-10,-7.766348817554688023e-06,5.744069258504089912e-07,9.945031236708615774e-01,-1.596080493155242058e-04,-1.596080493155242058e-04,4.087849253131053641e-10,5.748157107757221008e-07,9.945013992237292655e-01,-1.619073121586271061e-04,-1.619073121586271061e-04,6.872399214075999640e-10,-6.360819415265616998e-07,-6.360819415265616998e-07,1.267653216684364775e-08
7.759711763389934847e-01,4.238882253181613990e-10,-4.706737775505361556e-06,5.886186141488887392e-07,9.947643956637115537e-01,5.563578890494553109e-04,5.563578890494553109e-04,4.238882253181613990e-10,5.890425023742068833e-07,9.947626285362044518e-01,5.540017190399584715e-04,5.540017190399584715e-04,7.124688613666984241e-10,-5.214058208563573367e-07,-5.214058208563573367e-07,9.390486703044743978e-09
7.782737614319874542e-01,4.344383871198237103e-10,-1.657069915500548837e-06,5.957826363273276091e-07,9.950293656964912525e-01,1.091552880074157187e-03,1.091552880074157187e-03,4.344383871198237103e-10,5.962170747144474110e-07,9.950275770452671198e-01,1.089168011775299436e-03,1.089168011775299436e-03,7.300420153170312128e-10,-3.517832955971436353e-08,-3.517832955971436353e-08,6.039660536984495017e-09
7.805763465249815347e-01,4.403671735842667635e-10,1.341285563781242429e-06,5.959727952328710458e-07,9.952948746231178312e-01,1.264966747944114593e-03,1.264966747944114593e-03,4.403671735842667635e-10,5.964131624064553379e-07,9.952930853836305936e-01,1.262581095294488696e-03,1.262581095294488696e-03,7.398673532182332680e-10,6.623499631219723969e-07,6.623499631219723969e-07,2.670721153958509642e-09
7.828789316179756153e-01,4.416734678984013832e-10,4.255057678842524331e-06,5.893492089531363232e-07,9.955578542295678846e-01,1.017252247579587430e-03,1.017252247579587430e-03,4.416734678984013832e-10,5.897908824210346795e-07,9.955560848569205978e-01,1.014893084049903324e-03,1.014893084049903324e-03,7.419518336797895635e-10,1.339375186947623007e-06,1.339375186947623007e-06,-6.774563769032733523e-10
7.851815167109695848e-01,4.384125152695852177e-10,7.059873761734697696e-06,5.761382094628165633e-07,9.958153598013844698e-01,4.287110076577430604e-04,4.287110076577430604e-04,4.384125152695852177e-10,5.765766219780861134e-07,9.958136300715185740e-01,4.264047011698307121e-04,4.264047011698307121e-04,7.363814536157880667e-10,1.769918146942038446e-06,1.769918146942038446e-06,-3.975024306182723765e-09
7.874841018039636653e-01,4.306823176565643417e-10,9.738581622478110987e-06,5.566133341502013647e-07,9.960645932120730794e-01,-3.089606120575736736e-04,-3.089606120575736736e-04,4.306823176565643417e-10,5.570440164678579339e-07,9.960629220800236716e-01,-3.111887881234450893e-04,-3.111887881234450893e-04,7.233017682527799964e-10,1.808268219460613899e-06,1.808268219460613899e-06,-7.199574902891957525e-09
7.897866868969577459e-01,4.186113967989306569e-10,1.227784072697092351e-05,5.310823896477264641e-07,9.963029183989220439e-01,-9.569249218420059974e-04,-9.569249218420059974e-04,4.186113967989306569e-10,5.315010010445253915e-07,9.963013238959188556e-01,-9.590509258461841439e-04,-9.590509258461841439e-04,7.029046879353721097e-10,1.436108597071541309e-06,1.436108597071541309e-06,-1.033246899029607301e-08
7.920892719899517154e-01,4.023513898030825722e-10,1.466424110748627343e-05,4.998831815247175862e-07,9.965278727321413843e-01,-1.307719956988741229e-03,-1.307719956988741229e-03,4.023513898030825722e-10,5.002855329145206483e-07,9.965263718755426048e-01,-1.309721099120399407e-03,-1.309721099120399407e-03,6.754248453236854972e-10,7.673878498798381335e-07,7.673878498798381335e-07,-1.335445616060246756e-08
7.943918570829457959e-01,3.820761132950772568e-10,1.688128664897610415e-05,4.633874249149930956e-07,9.967371781430601763e-01,-1.252213044767388431e-03,-1.252213044767388431e-03,3.820761132950772568e-10,4.637695010282881669e-07,9.967357868345571026e-01,-1.254068122771501625e-03,-1.254068122771501625e-03,6.411453706433512568e-10,1.008193385024060051e-08,1.008193385024060051e-08,-1.624212540996925458e-08
7.966944421759398764e-01,3.579864644203200898e-10,1.890822421796876910e-05,4.220096079927829740e-07,9.969287549285352767e-01,-8.135588929266057354e-04,-8.135588929266057354e-04,3.579864644203200898e-10,4.223675944572032885e-07,9.969274878257519124e-01,-8.152483633044345758e-04,-8.152483633044345758e-04,6.004096731938768760e-10,-6.020049165587293582e-07,-6.020049165587293582e-07,-1.896638457231801309e-08
7.989970272689339570e-01,3.303185666430662500e-10,2.072105099146660028e-05,3.762160321162656703e-07,9.971007392828720173e-01,-1.379145444269663670e-04,-1.379145444269663670e-04,3.303185666430662500e-10,3.765463506829087346e-07,9.970996096438199396e-01,-1.394207298296979954e-04,-1.394207298296979954e-04,5.536338357635972058e-10,-8.848489536704920104e-07,-8.848489536704920104e-07,-2.149345789579207731e-08
8.012996123619279265e-01,2.993515272005374946e-10,2.229531334683368512e-05,3.265293271363112588e-07,9.972515034840758741e-01,5.541826579312253030e-04,5.541826579312253030e-04,2.993515272005374946e-10,3.268286786635118155e-07,9.972505229980398456e-01,5.528753432165712470e-04,5.528753432165712470e-04,5.013140649713530934e-10,-7.627678174971382110e-07,-7.627678174971382110e-07,-2.378805847627386081e-08
8.036021974549220070e-01,2.654113406032043905e-10,2.360975393995075423e-05,2.735253246079048192e-07,9.973796759772781684e-01,1.039376034784455973e-03,1.039376034784455973e-03,2.654113406032043905e-10,2.737907359485080084e-07,9.973788546050703641e-01,1.038280871840661880e-03,1.038280871840661880e-03,4.440252729671806484e-10,-2.914615358056174833e-07,-2.914615358056174833e-07,-2.581770716001034631e-08
8.059047825479160876e-01,2.288687412121930986e-10,2.464963541885798658e-05,2.178216810778729376e-07,9.974841578704792822e-01,1.162692353336403214e-03,1.162692353336403214e-03,2.288687412121930986e-10,2.180505498190851250e-07,9.974835037188298781e-01,1.161820151137126942e-03,1.161820151137126942e-03,3.824096938164394895e-10,3.612025890685115716e-07,3.612025890685115716e-07,-2.755684160566598436e-08
8.082073676409100571e-01,1.901307282069405823e-10,2.540872201956770083e-05,1.600602365883692297e-07,9.975641327684116044e-01,8.857915655057095649e-04,8.857915655057095649e-04,1.901307282069405823e-10,1.602503673165761587e-07,9.975636520173096766e-01,8.851505640364432234e-04,8.851505640364432234e-04,3.171575128115684881e-10,9.698133710053059460e-07,9.698133710053059460e-07,-2.898947396348847732e-08
8.105099527339041376e-01,1.496274261999635767e-10,2.588936375269052122e-05,1.008869516351257415e-07,9.976190682327162884e-01,2.974995101976117572e-04,2.974995101976117572e-04,1.496274261999635767e-10,1.010365790613257031e-07,9.976187651229790898e-01,2.970953638813664320e-04,2.970953638813664320e-04,2.489838302833251830e-10,1.323527534812912602e-06,1.323527534812912602e-06,-3.010965473792587745e-08
8.128125378268982182e-01,1.077972973372061114e-10,2.610073909944598348e-05,4.093384855280873313e-08,9.976487089981816991e-01,-4.158848951001870497e-04,-4.158848951001870497e-04,1.077972973372061114e-10,4.104164585014593942e-08,9.976485858732441203e-01,-4.160490616835876409e-04,-4.160490616835876409e-04,1.786071932057914657e-10,1.292613469563281955e-06,1.292613469563281955e-06,-3.091970828417590212e-08
8.151151229198921877e-01,6.507409178143592607e-11,2.605587246209694981e-05,-1.919342088859219538e-08,9.976530638030690623e-01,-1.030330978982156934e-03,-1.030330978982156934e-03,6.507409178143592607e-11,-1.912834679681075783e-08,9.976531211881094485e-01,-1.030254465594969675e-03,-1.030254465594969675e-03,1.067341903572942594e-10,8.686125655702278551e-07,8.686125655702278551e-07,-3.142689088483391551e-08
8.174177080128862682e-01,2.187824275153912286e-11,2.576838168626911286e-05,-7.892062592334583667e-08,9.976323887858176143e-01,-1.354555885771490135e-03,-1.354555885771490135e-03,2.187824275153912286e-11,-7.889874768059430107e-08,9.976326254820606643e-01,-1.354240290780767781e-03,-1.354240290780767781e-03,3.405252631346899725e-11,1.660075571509394392e-07,1.660075571509394392e-07,-3.163957382504584167e-08
8.197202931058803488e-01,-2.138606209747670640e-11,2.524993741737401243e-05,-1.377031636099899114e-07,9.975871705676152557e-01,-1.289079149700659253e-03,-1.289079149700659253e-03,-2.138606209747670640e-11,-1.377245496720874002e-07,9.975875837412642166e-01,-1.288528251501970881e-03,-1.288528251501970881e-03,-3.876772707355959378e-11,-6.144511281055146447e-07,-6.144511281055146447e-07,-3.156414364638586352e-08
8.220228781988743183e-01,-6.432867972466224408e-11,2.450914034094745623e-05,-1.950199546646169381e-07,9.975181113899995733e-01,-8.557939689554506894e-04,-8.557939689554506894e-04,-6.432867972466224408e-11,-1.950842833443416001e-07,9.975186966428496449e-01,-8.550136318220733465e-04,-8.550136318220733465e-04,-1.110674885879979083e-10,-1.248705162327070221e-06,-1.248705162327070221e-06,-3.120353058966313279e-08
8.243254632918683988e-01,-1.065682523220726968e-10,2.355204679788685219e-05,-2.503666626524903368e-07,9.974261172978046153e-01,-1.895606346374790379e-04,-1.895606346374790379e-04,-1.065682523220726968e-10,-2.504732309048124092e-07,9.974268687174973058e-01,-1.885587417138597844e-04,-1.885587417138597844e-04,-1.821909242052364702e-10,-1.558705170494306737e-06,-1.558705170494306737e-06,-3.055772931613481575e-08
8.266280483848624794e-01,-1.477267778868161574e-10,2.238405465580994228e-05,-3.032517949646055293e-07,9.973122888120078411e-01,5.047749383835916856e-04,5.047749383835916856e-04,-1.477267778868161574e-10,-3.033995217424923393e-07,9.973131990105730260e-01,5.059885364705616262e-04,5.059885364705616262e-04,-2.514809980503705573e-10,-1.466623910989301642e-06,-1.466623910989301642e-06,-2.962604405158998180e-08
8.289306334778565599e-01,-1.874267939693731887e-10,2.101245962780856258e-05,-3.531980804881961573e-07,9.971779123067234796e-01,1.016028867001420727e-03,1.016028867001420727e-03,-1.874267939693731887e-10,-3.533855072821655448e-07,9.971789724632452723e-01,1.017442409030549361e-03,1.017442409030549361e-03,-3.182814583528665252e-10,-1.017600181545026025e-06,-1.017600181545026025e-06,-2.841027009205226937e-08
8.312332185708505294e-01,-2.252930051696304204e-10,1.944882195250596755e-05,-3.997496819339252104e-07,9.970244497454603394e-01,1.191132707246814193e-03,1.191132707246814193e-03,-2.252930051696304204e-10,-3.999749749390948323e-07,9.970256496703852056e-01,1.192732607146570600e-03,1.192732607146570600e-03,-3.819462284477068314e-10,-3.646176232391472046e-07,-3.646176232391472046e-07,-2.691776725479716380e-08
8.335358036638446100e-01,-2.609587117853933433e-10,1.771038200756074464e-05,-4.424838832097351310e-07,9.968535246740956035e-01,9.807936494421907667e-04,9.807936494421907667e-04,-2.609587117853933433e-10,-4.427448419215205389e-07,9.968548529086214138e-01,9.825646288098767878e-04,9.825646288098767878e-04,-4.418547877572375629e-10,2.792129242271111746e-07,2.792129242271111746e-07,-2.516345240838450818e-08
8.358383887568386905e-01,-2.940758705445251272e-10,1.582008544377935859e-05,-4.810244758966838836e-07,9.966669032926299687e-01,4.529514216282185522e-04,4.529514216282185522e-04,-2.940758705445251272e-10,-4.813185517672283710e-07,9.966683472482852357e-01,4.548766958352874474e-04,4.548766958352874474e-04,-4.974302580024086871e-10,7.059287472964903074e-07,7.059287472964903074e-07,-2.317009950069738470e-08
8.381409738498326600e-01,-3.243264985451391016e-10,1.380521432904119139e-05,-5.150535510786064707e-07,9.964664707184039960e-01,-2.293266650946270704e-04,-2.293266650946270704e-04,-3.243264985451391016e-10,-5.153778775771516023e-07,9.964680168520366754e-01,-2.272651535843184538e-04,-2.272651535843184538e-04,-5.481560939043182908e-10,7.755310192356939063e-07,7.755310192356939063e-07,-2.096686357011135515e-08
8.404435589428267406e-01,-3.514327342737509613e-10,1.169503410583353483e-05,-5.443188893213063177e-07,9.962542038041408698e-01,-8.581065914237098920e-04,-8.581065914237098920e-04,-3.514327342737509613e-10,-5.446703220555800483e-07,9.962558378151070704e-01,-8.559279101354876247e-04,-8.559279101354876247e-04,-5.935877112482049446e-10,4.574949926134937401e-07,4.574949926134937401e-07,-1.858647401514434097e-08
8.427461440358208211e-01,-3.751632805073785838e-10,9.518135754782096304e-06,-5.686354337719414037e-07,9.960321427158901342e-01,-1.243367091534988136e-03,-1.243367091534988136e-03,-3.751632805073785838e-10,-5.690105970524487891e-07,9.960338497476812769e-01,-1.241091049146778383e-03,-1.241091049146778383e-03,-6.333568822170045466e-10,-1.610820873733546637e-07,-1.610820873733546637e-07,-1.606191473150969456e-08
8.450487291288147906e-01,-3.953350154070787661e-10,7.300207391531110224e-06,-5.878810039502436267e-07,9.958023636831673242e-01,-1.269331750376384354e-03,-1.269331750376384354e-03,-3.953350154070787661e-10,-5.882763389656506751e-07,9.958041285121842501e-01,-1.266978645020521788e-03,-1.266978645020521788e-03,-6.671687962350272779e-10,-9.025371057041017101e-07,-9.025371057041017101e-07,-1.342352236465889685e-08
8.473513142218088712e-01,-4.118099287897166280e-10,5.062806257962603160e-06,-6.019879487986807335e-07,9.955669548811204583e-01,-9.277866797084092371e-04,-9.277866797084092371e-04,-4.118099287897166280e-10,-6.023997587274704516e-07,9.955687620803966853e-01,-9.253770806734993616e-04,-9.253770806734993616e-04,-6.947936883423528353e-10,-1.552241143473591154e-06,-1.552241143473591154e-06,-1.069726856644869014e-08
8.496538993148029517e-01,-4.244888053525579231e-10,2.823381468550018355e-06,-6.109334039224085975e-07,9.953279964615782127e-01,-3.190422233555808965e-04,-3.190422233555808965e-04,-4.244888053525579231e-10,-6.113578927277611985e-07,9.953298305352563657e-01,-3.165967917846698276e-04,-3.165967917846698276e-04,-7.160562918705080922e-10,-1.922413901750947577e-06,-1.922413901750947577e-06,-7.904610579252285556e-09
8.519564844077969212e-01,-4.333038720870666579e-10,5.964227751438751611e-07,-6.147309608516902399e-07,9.950875446174405337e-01,3.790406086983703839e-04,3.790406086983703839e-04,-4.333038720870666579e-10,-6.151642647237772855e-07,9.950893901102346728e-01,3.815012657572654968e-04,3.815012657572654968e-04,-7.308267134130317596e-10,-1.907165033764142547e-06,-1.907165033764142547e-06,-5.063819334588364765e-09
8.542590695007910018e-01,-4.382127445279944116e-10,-1.604706831785762786e-06,-6.134258811571810403e-07,9.948476185797077154e-01,9.641883146997063357e-04,9.641883146997063357e-04,-4.382127445279944116e-10,-6.138640939017090730e-07,9.948494601719893859e-01,9.666437710753131860e-04,9.666437710753131860e-04,-7.390156056983783164e-10,-1.512761923879673139e-06,-1.512761923879673139e-06,-2.192268719029982258e-09
8.565616545937850823e-01,-4.391954440337908187e-10,-3.765868321613161627e-06,-6.070947375415892102e-07,9.946101888808281943e-01,1.269027644285726812e-03,1.269027644285726812e-03,-4.391954440337908187e-10,-6.075339329856229534e-07,9.946120114826271230e-01,1.271457780017669304e-03,1.271457780017669304e-03,-7.405749896175543425e-10,-8.547145761862024964e-07,-8.547145761862024964e-07,6.910853704616204364e-10
8.588642396867790518e-01,-4.362552104968212342e-10,-5.870772087963891989e-06,-5.958489314917960297e-07,9.943771652057700194e-01,1.209199115691685826e-03,1.209199115691685826e-03,-4.362552104968212342e-10,-5.962851867022928657e-07,9.943789540613301448e-01,1.211584256438494930e-03,1.211584256438494930e-03,-7.355042307925280704e-10,-1.231149339285784199e-07,-1.231149339285784199e-07,3.563827138818913642e-09
8.611668247797731324e-01,-4.294226260180019373e-10,-7.900543909998975341e-06,-5.798403452514710228e-07,9.941503826594569881e-01,8.065881756950517246e-04,8.065881756950517246e-04,-4.294226260180019373e-10,-5.802697678774890715e-07,9.941521234687605846e-01,8.089092547665617050e-04,8.089092547665617050e-04,-7.238590572512304041e-10,4.731550118076671879e-07,4.731550118076671879e-07,6.399385716639425035e-09
8.634694098727672129e-01,-4.187615492824361083e-10,-9.834349837256908756e-06,-5.592667630522037142e-07,9.939315861255479945e-01,1.815200667711945408e-04,1.815200667711945408e-04,-4.187615492824361083e-10,-5.596855246014861627e-07,9.939332651821217723e-01,1.837588088696004885e-04,1.837588088696004885e-04,-7.057605682242365852e-10,7.668580758978165737e-07,7.668580758978165737e-07,9.167737623017755228e-09
8.657719949657611824e-01,-4.043748189305445827e-10,-1.165088717362245198e-05,-5.343747889961931638e-07,9.937224133112957380e-01,-4.831616362320429793e-04,-4.831616362320429793e-04,-4.043748189305445827e-10,-5.347791638151236903e-07,9.937240176487871501e-01,-4.810225195767824807e-04,-4.810225195767824807e-04,-6.814011664600109665e-10,6.800143505106532041e-07,6.800143505106532041e-07,1.183731075343784966e-08
8.680745800587552630e-01,-3.864077495338508122e-10,-1.333030936522004568e-05,-5.054587309319452208e-07,9.935243777967521783e-01,-9.952446040310462642e-04,-9.952446040310462642e-04,-3.864077495338508122e-10,-5.058451386814790196e-07,9.935258953321681741e-01,-9.932212234763204261e-04,-9.932212234763204261e-04,-6.510452103783495211e-10,2.452807559208512027e-07,2.452807559208512027e-07,1.437755750611462430e-08
8.703771651517493435e-01,-3.650480699118303334e-10,-1.485604844501328319e-05,-4.728550653730187571e-07,9.933388537367914273e-01,-1.208009920602500170e-03,-1.208009920602500170e-03,-3.650480699118303334e-10,-4.732201134429306123e-07,9.933402733971317122e-01,-1.206117040148728349e-03,-1.206117040148728349e-03,-6.150236420946647029e-10,-4.045335956156442466e-07,-4.045335956156442466e-07,1.676149460800742184e-08
8.726797502447434240e-01,-3.405219387437294089e-10,-1.621605099321154399e-05,-4.369333030374153508e-07,9.931670637274719882e-01,-1.061206714470787956e-03,-1.061206714470787956e-03,-3.405219387437294089e-10,-4.372738249761590954e-07,9.931683755489468801e-01,-1.059457619170883378e-03,-1.059457619170883378e-03,-5.737234632194507058e-10,-1.075267348941575411e-06,-1.075267348941575411e-06,1.896754285498623699e-08
8.749823353377373936e-01,-3.130867242974805119e-10,-1.740312835551039317e-05,-3.980849970046754067e-07,9.930100708060176640e-01,-5.968679455728837218e-04,-5.968679455728837218e-04,-3.130867242974805119e-10,-3.983980837289728615e-07,9.930112660002688996e-01,-5.952743532379678676e-04,-5.952743532379678676e-04,-5.275742411887928911e-10,-1.567034870196834424e-06,-1.567034870196834424e-06,2.098022080874216171e-08
8.772849204307314741e-01,-2.830220571501856137e-10,-1.841437967810454548e-05,-3.567130340235769671e-07,9.928687747773186079e-01,5.393032939784512793e-05,5.393032939784512793e-05,-2.830220571501856137e-10,-3.569960560807271308e-07,9.928698457654868692e-01,5.535831362216803815e-05,5.535831362216803815e-05,-4.770344825704503708e-10,-1.730701338069787457e-06,-1.730701338069787457e-06,2.278958125235040123e-08
8.795875055237255546e-01,-2.506210393237084942e-10,-1.924990120504730949e-05,-3.132231426095296310e-07,9.927439122748328293e-01,7.090173724849247860e-04,7.090173724849247860e-04,-2.506210393237084942e-10,-3.134737636488533424e-07,9.927448526961237807e-01,7.102712675395202180e-04,7.102712675395202180e-04,-4.225805556168202012e-10,-1.509335639053578749e-06,-1.509335639053578749e-06,2.438962881673901827e-08
8.818900906167195242e-01,-2.161833375281392637e-10,-1.991117691975740147e-05,-2.680188303612467718e-07,9.926360593837575408e-01,1.186649716192601442e-03,1.186649716192601442e-03,-2.161833375281392637e-10,-2.682350136987749047e-07,9.926368640887985872e-01,1.187722656247396482e-03,1.187722656247396482e-03,-3.646999638718516770e-10,-9.533200800539984976e-07,-9.533200800539984976e-07,2.577622390713503057e-08
8.841926757097136047e-01,-1.800112699119385364e-10,-2.039960838174108195e-05,-2.214999550091306847e-07,9.925456354230544065e-01,1.355987508326232790e-03,1.355987508326232790e-03,-1.800112699119385364e-10,-2.216799662790426360e-07,9.925463004629532238e-01,1.356874228191348947e-03,1.356874228191348947e-03,-3.038894443153478089e-10,-2.053809429279872800e-07,-2.053809429279872800e-07,2.694509248856783002e-08
8.864952608027076852e-01,-1.424091062892805345e-10,-2.071557545040456921e-05,-1.740641318213635226e-07,9.924729066393277455e-01,1.172575662519418369e-03,1.172575662519418369e-03,-1.424091062892805345e-10,-1.742065409276527938e-07,9.924734292589505458e-01,1.173272488683129063e-03,1.173272488683129063e-03,-2.406569748904997347e-10,5.397707435828719226e-07,5.397707435828719226e-07,2.789049981695633644e-08
8.887978458957016548e-01,-1.036848972332158064e-10,-2.085825036184265599e-05,-1.261094575988915993e-07,9.924179890403663773e-01,6.893787027982513837e-04,6.893787027982513837e-04,-1.036848972332158064e-10,-1.262131424961248051e-07,9.924183676797938558e-01,6.898835553682358505e-04,6.898835553682358505e-04,-1.755257113928390067e-10,1.089587706268900980e-06,1.089587706268900980e-06,2.860493478998378852e-08
8.911004309886957353e-01,-6.415347486130007603e-11,-2.082616762747314430e-05,-7.803676932959676732e-08,9.923808502380047081e-01,4.087888201041638765e-05,4.087888201041638765e-05,-6.415347486130007603e-11,-7.810092280445806764e-08,9.923810845407731174e-01,4.119128570163421797e-05,4.119128570163421797e-05,-1.090374082410344419e-10,1.306484618434580001e-06,1.306484618434580001e-06,2.907985574092841197e-08
8.934030160816898158e-01,-2.413899924167903722e-11,-2.061834417932392136e-05,-3.024989842636753041e-08,9.923613107921426257e-01,-5.948194817239203140e-04,-5.948194817239203140e-04,-2.413899924167903722e-11,-3.027403742560920635e-08,9.923614016142549010e-01,-5.946983855742179028e-04,-5.946983855742179028e-04,-4.175310961279960838e-11,1.144849051331626299e-06,1.144849051331626299e-06,2.930725305217230971e-08
8.957056011746837854e-01,1.602438713586243089e-11,-2.023560358274793892e-05,1.684696527347814021e-08,9.923590459810993636e-01,-1.045073639180662487e-03,-1.045073639180662487e-03,1.602438713586243089e-11,1.686298966061400214e-08,9.923589953921303497e-01,-1.045141091139304952e-03,-1.045141091139304952e-03,2.575026958735631378e-11,6.624538161112290627e-07,6.624538161112290627e-07,2.928156896350909471e-08
8.980081862676778659e-01,5.599466069016381846e-11,-1.968171874459182804e-05,6.285482150567564058e-08,9.923735890607654486e-01,-1.189414731430592275e-03,-1.189414731430592275e-03,5.599466069016381846e-11,6.291081616636580162e-08,9.923734003283170013e-01,-1.189666374695257708e-03,-1.189666374695257708e-03,9.288767343346173992e-11,3.632119997515057691e-09,3.632119997515057691e-09,2.900143426600711254e-08
9.003107713606719464e-01,9.542685087777610129e-11,-1.896405383863383125e-05,1.073875106704912081e-07,9.924043368955470790e-01,-9.913244002169561715e-04,-9.913244002169561715e-04,9.542685087777610129e-11,1.074829375213689822e-07,9.924040144467345392e-01,-9.917543319670416024e-04,-9.917543319670416024e-04,1.590769531782093425e-10,-6.407224049910916734e-07,-6.407224049910916734e-07,2.847074998111622136e-08
9.026133564536660270e-01,1.339801043956834431e-10,-1.809353411090959811e-05,1.500800824903897091e-07,9.924505584133663794e-01,-5.068589160437655863e-04,-5.068589160437655863e-04,1.339801043956834431e-10,1.502140625947853817e-07,9.924501077711785912e-01,-5.074597722941446860e-04,-5.074597722941446860e-04,2.237513570493285840e-10,-1.085133585418993911e-06,-1.085133585418993911e-06,2.769883365316164261e-08
9.049159415466599965e-01,1.713256115075586160e-10,-1.708395759976162435e-05,1.905963138729748586e-07,9.925114057833863690e-01,1.316761796296439817e-04,1.316761796296439817e-04,1.713256115075586160e-10,1.907676394844824298e-07,9.925108334804678689e-01,1.309131090717060653e-04,1.309131090717060653e-04,2.863712299140413696e-10,-1.199333008236534148e-06,-1.199333008236534148e-06,2.669960716566781711e-08
9.072185266396540770e-01,2.071539158870246175e-10,-1.595083430979102424e-05,2.286340455225360666e-07,9.925859276916535467e-01,7.520918568976284625e-04,7.520918568976284625e-04,2.071539158870246175e-10,2.288411994384231002e-07,9.925852411680552434e-01,7.511764920998747304e-04,7.511764920998747304e-04,3.464329357764357257e-10,-9.425949280482506043e-07,-9.425949280482506043e-07,2.549005438371440135e-08
9.095211117326481576e-01,2.411803127298686169e-10,-1.471005165766264601e-05,2.639275797139070164e-07,9.926730837320508760e-01,1.188614491668797636e-03,1.188614491668797636e-03,2.411803127298686169e-10,2.641687600266368743e-07,9.926722912257708309e-01,1.187557816628690994e-03,1.187557816628690994e-03,4.034737676156668726e-10,-3.737561635403360127e-07,-3.737561635403360127e-07,2.408835631562453497e-08
9.118236968256421271e-01,2.731475511704426039e-10,-1.337669384453713354e-05,2.962471207777317862e-07,9.927717588214159949e-01,1.325646098401100838e-03,1.325646098401100838e-03,2.731475511704426039e-10,2.965202683289022353e-07,9.927708692606109775e-01,1.324460017327785217e-03,1.324460017327785217e-03,4.570726459495745986e-10,3.652954407047510504e-07,3.652954407047510504e-07,2.251217541180195458e-08
9.141262819186362076e-01,3.028257476737588071e-10,-1.196428475595327102e-05,3.253959431526374440e-07,9.928807767017393537e-01,1.127510587619249237e-03,1.127510587619249237e-03,3.028257476737588071e-10,3.256987689003112030e-07,9.928797996054326003e-01,1.126207792543648060e-03,1.126207792543648060e-03,5.068474447415278285e-10,1.087825305907044579e-06,1.087825305907044579e-06,2.077749831024972374e-08
9.164288670116302882e-01,3.300100992635456031e-10,-1.048459939901278469e-05,3.512064587537487278e-07,9.929989119533199071e-01,6.466912797967692148e-04,6.466912797967692148e-04,3.300100992635456031e-10,3.515364688530122941e-07,9.929978573439133260e-01,6.452851339213571845e-04,6.452851339213571845e-04,5.524505505497738683e-10,1.611712873746421702e-06,1.611712873746421702e-06,1.889828061769505593e-08
9.187314521046242577e-01,3.545174830923241180e-10,-8.948034061714682695e-06,3.735365123916203842e-07,9.931249004050702878e-01,8.885554953023568336e-06,8.885554953023568336e-06,3.545174830923241180e-10,3.738910298747127088e-07,9.931237787319806554e-01,7.389990833524717924e-06,7.389990833524717924e-06,5.935645721660847802e-10,1.807015766644650555e-06,1.807015766644650555e-06,1.688691662394432852e-08
9.210340371976183382e-01,3.761832225023083727e-10,-7.364382110711146697e-06,3.922670397295487996e-07,9.932574482671154836e-01,-6.207169714479757704e-04,-6.207169714479757704e-04,3.761832225023083727e-10,3.926432229520510984e-07,9.932562703374466784e-01,-6.222875443397839820e-04,-6.222875443397839820e-04,6.298999153472815439e-10,1.629270648447015548e-06,1.629270648447015548e-06,1.475534118008232797e-08
9.233366222906124188e-01,3.948591542379530662e-10,-5.743766757397283409e-06,4.073017472254132404e-07,9.933952406158966797e-01,-1.080773304691000228e-03,-1.080773304691000228e-03,3.948591542379530662e-10,4.076966063796511796e-07,9.933940175260775884e-01,-1.082404091116518762e-03,-1.082404091116518762e-03,6.611952983652626038e-10,1.130143315325693368e-06,1.130143315325693368e-06,1.251641567457586557e-08
9.256392073836063883e-01,4.104137004667809386e-10,-4.097455793625450178e-06,4.185688558707977247e-07,9.935369499642874302e-01,-1.255341151724292514e-03,-1.255341151724292514e-03,4.104137004667809386e-10,4.189792695712644891e-07,9.935356930264787056e-01,-1.257017068802577598e-03,-1.257017068802577598e-03,6.872213949595031407e-10,4.430859097045291453e-07,4.430859097045291453e-07,1.018519184959572936e-08
9.279417924766004688e-01,4.227340565584653157e-10,-2.438328743355531270e-06,4.260243565863702290e-07,9.936812455361780927e-01,-1.103005855090091617e-03,-1.103005855090091617e-03,4.227340565584653157e-10,4.264470906429287012e-07,9.936799661949061724e-01,-1.104711643452663304e-03,-1.104711643452663304e-03,7.077868923341134312e-10,-2.518505865674284601e-07,-2.518505865674284601e-07,7.779695954441032495e-09
9.302443775695945494e-01,4.317300098086029279e-10,-7.808681897056289746e-07,4.296558050151298350e-07,9.938268035797148681e-01,-6.664012378402407255e-04,-6.664012378402407255e-04,4.317300098086029279e-10,4.300875350249384634e-07,9.938255133171097766e-01,-6.681215879803404506e-04,-6.681215879803404506e-04,7.227455735658443321e-10,-7.746452585546466189e-07,-7.746452585546466189e-07,5.321013445487778020e-09
9.325469626625885189e-01,4.373384568445137681e-10,8.593248039037469386e-07,4.294855341698151395e-07,9.939723186799409582e-01,-6.013555500657699154e-05,-6.013555500657699154e-05,4.373384568445137681e-10,4.299228726266596608e-07,9.939710289113230512e-01,-6.185524649708363252e-05,-6.185524649708363252e-05,7.320027386016509264e-10,-9.912606107845754768e-07,-9.912606107845754768e-07,2.832641553214795605e-09
9.348495477555825994e-01,4.395274945700703318e-10,2.466370176624882495e-06,4.255723076555545546e-07,9.941165156709630413e-01,5.593285292102191534e-04,5.593285292102191534e-04,4.395274945700703318e-10,4.260118351501245995e-07,9.941152376354576159e-01,5.576244818696186965e-04,5.576244818696186965e-04,7.355194229089258570e-10,-8.472453148394046363e-07,-8.472453148394046363e-07,3.392637092196700275e-10
9.371521328485766800e-01,4.382990580993850659e-10,4.025098217546980421e-06,4.180108215217428967e-07,9.942581614912824328e-01,1.033819998427479205e-03,1.033819998427479205e-03,4.382990580993850659e-10,4.184491205798422561e-07,9.942569061439207045e-01,1.032146201945159875e-03,1.032146201945159875e-03,7.333134008775710825e-10,-3.807009571601114004e-07,-3.807009571601114004e-07,-2.134760896266598118e-09
9.394547179415706495e-01,4.336894312846623865e-10,5.521955509410014024e-06,4.069289794917785482e-07,9.943960762330805725e-01,1.243298072767743106e-03,1.243298072767743106e-03,4.336894312846623865e-10,4.073626689230632132e-07,9.943948541450737810e-01,1.241668622092050858e-03,1.241668622092050858e-03,7.254567220708925347e-10,2.882807612273940868e-07,2.882807612273940868e-07,-4.566839904438579915e-09
9.417573030345647300e-01,4.257674619836743649e-10,6.945625443816399270e-06,3.924833785098954669e-07,9.945291427219727920e-01,1.135400393238751192e-03,1.135400393238751192e-03,4.257674619836743649e-10,3.929091459718791562e-07,9.945279639945349137e-01,1.133828756654863684e-03,1.133828756654863684e-03,7.120703217134882830e-10,9.886268257048175476e-07,9.886268257048175476e-07,-6.937200876656145724e-09
9.440598881275588106e-01,4.146308426766644520e-10,8.287240669990283235e-06,3.748538226702614516e-07,9.946563141977997624e-01,7.375529979880085735e-04,7.375529979880085735e-04,4.146308426766644520e-10,3.752684535129381103e-07,9.946551883924392712e-01,7.360519241739568079e-04,7.360519241739568079e-04,6.933168740814908693e-10,1.541606694493645213e-06,1.541606694493645213e-06,-9.229342414088647145e-09
9.463624732205528911e-01,4.004012362515508436e-10,9.540169880043078987e-06,3.542378471105266289e-07,9.947766199844770840e-01,1.490221047009560593e-04,1.490221047009560593e-04,4.004012362515508436e-10,3.546382483467782022e-07,9.947755560697320032e-01,1.476035517075689556e-04,1.476035517075689556e-04,6.693933718277215521e-10,1.805452956917412637e-06,1.805452956917412637e-06,-1.142982706688815521e-08
9.486650583135468606e-01,3.832192390809478715e-10,1.069946468130853842e-05,3.308461516088994695e-07,9.948891693565417027e-01,-4.846732803203470936e-04,-4.846732803203470936e-04,3.832192390809478715e-10,3.312293708479804327e-07,9.948881756684291311e-01,-4.859981978037390096e-04,-4.859981978037390096e-04,6.405248537047676064e-10,1.710185406321779294e-06,1.710185406321779294e-06,-1.352752214254645035e-08
9.509676434065409412e-01,3.632401368943005857e-10,1.176112878845823356e-05,3.048995504712724486e-07,9.949931540552608977e-01,-1.008281014418886635e-03,-1.008281014418886635e-03,3.632401368943005857e-10,3.052627906081667753e-07,9.949922382668890952e-01,-1.009502065581319250e-03,-1.009502065581319250e-03,6.069603009757192274e-10,1.274214485046009920e-06,1.274214485046009920e-06,-1.551252286118580356e-08
9.532702284995350217e-01,3.406311442315697089e-10,1.272140439848475520e-05,2.766276243881818786e-07,9.950878500245244895e-01,-1.295052800613698046e-03,-1.295052800613698046e-03,3.406311442315697089e-10,2.769682555324134588e-07,9.950870191197579429e-01,-1.296160673635827652e-03,-1.296160673635827652e-03,5.689710942254491348e-10,5.989729795345027005e-07,5.989729795345027005e-07,-1.737505707407445073e-08
9.555728135925289912e-01,3.155704006128172225e-10,1.357625414894494153e-05,2.462688207984946262e-07,9.951726189071846695e-01,-1.277308172062407727e-03,-1.277308172062407727e-03,3.155704006128172225e-10,2.465843911991074509e-07,9.951718791540110631e-01,-1.278294509627204067e-03,-1.278294509627204067e-03,5.268517316567702323e-10,-1.567061880958180023e-07,-1.567061880958180023e-07,-1.910465953730077699e-08
9.578753986855230718e-01,2.882475342788521468e-10,1.432115848143772444e-05,2.140713991712858939e-07,9.952469096837337492e-01,-9.620543987315200796e-04,-9.620543987315200796e-04,2.882475342788521468e-10,2.143596467055647417e-07,9.952462666047936501e-01,-9.629118373183423712e-04,-9.629118373183423712e-04,4.809219280753508353e-10,-8.158435670497954264e-07,-8.158435670497954264e-07,-2.068982322638276536e-08
9.601779837785171523e-01,2.588652109669742598e-10,1.495126421486392564e-05,1.802944357513430820e-07,9.953102605947994341e-01,-4.282108001938363714e-04,-4.282108001938363714e-04,2.588652109669742598e-10,1.805533009623100469e-07,9.953097189348965035e-01,-4.289330133976856246e-04,-4.289330133976856246e-04,4.315288761806920268e-10,-1.226411313976190523e-06,-1.226411313976190523e-06,-2.211820846494999689e-08
9.624805688715111218e-01,2.276408518461775216e-10,1.546183237231548254e-05,1.452081226848156871e-07,9.953623012309158469e-01,1.934771226588174336e-04,1.934771226588174336e-04,2.276408518461775216e-10,1.454357635366618576e-07,9.953618649236252169e-01,1.928953796046707788e-04,1.928953796046707788e-04,3.790484280672700977e-10,-1.297778361439583896e-06,-1.297778361439583896e-06,-2.337735060632134807e-08
9.647831539645052024e-01,1.948076796866684840e-10,1.584886299296711469e-05,1.090928025596323581e-07,9.954027544613939238e-01,7.526118872689904109e-04,7.526118872689904109e-04,1.948076796866684840e-10,1.092876102393190283e-07,9.954024265985631503e-01,7.521747368280331430e-04,7.521747368280331430e-04,3.238842356231850708e-10,-1.021844648541047453e-06,-1.021844648541047453e-06,-2.445568788783936191e-08
9.670857390574992829e-01,1.606144317584709136e-10,1.610973745984878349e-05,7.223651149486540709e-08,9.954314377575852468e-01,1.115427210546865097e-03,1.115427210546865097e-03,1.606144317584709136e-10,7.239712592662388183e-08,9.954312205662074753e-01,1.115137622043158505e-03,1.115137622043158505e-03,2.664643921290125996e-10,-4.740761207965222828e-07,-4.740761207965222828e-07,-2.534366019124357460e-08
9.693883241504932524e-01,1.253234097300378495e-10,1.624372158603143950e-05,3.493117594576017915e-08,9.954482634673724739e-01,1.196433118180197618e-03,1.196433118180197618e-03,1.253234097300378495e-10,3.505649935549021535e-08,9.954481582978743637e-01,1.196292892182775633e-03,1.196292892182775633e-03,2.072357133552905911e-10,2.054359508333686561e-07,2.054359508333686561e-07,-2.603462110706282328e-08
9.716909092434873330e-01,8.920693553584296357e-11,1.625221226860982396e-05,-2.532069915459000928e-09,9.954532377107908614e-01,9.780115096306328179e-04,9.780115096306328179e-04,8.920693553584296357e-11,-2.442862979923157835e-09,9.954532450393798193e-01,9.780212810825525578e-04,9.780212810825525578e-04,1.466563392765874322e-10,8.460159907690320259e-07,8.460159907690320259e-07,-2.652535863686917974e-08
9.739934943364814135e-01,5.254265097434683411e-11,1.613867541302693969e-05,-3.986778099145259356e-08,9.954464577589421381e-01,5.135999974246385422e-04,5.135999974246385422e-04,5.254265097434683411e-11,-3.981523834047824643e-08,9.954465772046571237e-01,5.137592583780004442e-04,5.137592583780004442e-04,8.518770171054297911e-11,1.287200898937194324e-06,1.287200898937194324e-06,-2.681611841819059311e-08
9.762960794294754940e-01,1.560835277792949065e-11,1.590829634571003340e-05,-7.680061153555989320e-08,9.954281079808307009e-01,-8.591420673925069616e-05,-8.591420673925069616e-05,1.560835277792949065e-11,-7.678500318278196097e-08,9.954283383358402126e-01,-8.560706672651956879e-05,-8.560706672651956879e-05,2.328701178077588795e-11,1.416541656052404052e-06,1.416541656052404052e-06,-2.691014205586968740e-08
9.785986645224694636e-01,-2.132285976794020830e-11,1.556742843252264562e-05,-1.130686649749810230e-07,9.953984546425735935e-01,-6.790184910722387368e-04,-6.790184910722387368e-04,-2.132285976794020830e-11,-1.130899878347489658e-07,9.953987939125370499e-01,-6.785661311208997497e-04,-6.785661311208997497e-04,-3.859873910145612895e-11,1.195582912463465186e-06,1.195582912463465186e-06,-2.681284323947429258e-08
9.809012496154635441e-01,-5.798644285066426307e-11,1.512296670573039536e-05,-1.484254598949608554e-07,9.953578399762477158e-01,-1.127052004255725678e-03,-1.127052004255725678e-03,-5.798644285066426307e-11,-1.484834463378115328e-07,9.953582854265867752e-01,-1.126458070470374431e-03,-1.126458070470374431e-03,-1.000366499646892650e-10,6.681601601353465677e-07,6.681601601353465677e-07,-2.653082069598690867e-08
9.832038347084576246e-01,-9.412883550447456127e-11,1.458178291727605869e-05,-1.826404984574884831e-07,9.953066759753955717e-01,-1.326398234258835537e-03,-1.326398234258835537e-03,-9.412883550447456127e-11,-1.827346272929929564e-07,9.953072241792774166e-01,-1.325667295749663466e-03,-1.325667295749663466e-03,-1.606095374267449460e-10,-5.059201508986610163e-08,-5.059201508986610163e-08,-2.607093377323156624e-08
9.855064198014515942e-01,-1.295083524016803844e-10,1.395033629256206059e-05,-2.154987179330048545e-07,9.952454383178144237e-01,-1.231965735028915784e-03,-1.231965735028915784e-03,-1.295083524016803844e-10,-2.156282262854065368e-07,9.952460852024932469e-01,-1.231103222123774120e-03,-1.231103222123774120e-03,-2.199157031866062684e-10,-8.016137229678690707e-07,-8.016137229678690707e-07,-2.543964002311427766e-08
9.878090048944456747e-01,-1.638947773327815592e-10,1.323452736657281751e-05,-2.467993188478664019e-07,9.951746606827813757e-01,-8.667390967720723944e-04,-8.667390967720723944e-04,-1.638947773327815592e-10,-2.469632136251991917e-07,9.951754015724222358e-01,-8.657512439175715779e-04,-8.657512439175715779e-04,-2.775676102965442053e-10,-1.419048059249222125e-06,-1.419048059249222125e-06,-2.464272342385793254e-08
9.901115899874397552e-01,-1.970681612064816412e-10,1.243980284408716947e-05,-2.763545508482813655e-07,9.950949295545951090e-01,-3.155230640725488695e-04,-3.155230640725488695e-04,-1.970681612064816412e-10,-2.765516190094878490e-07,9.950957592094521464e-01,-3.144168575965109293e-04,-3.144168575965109293e-04,-3.331904243538404667e-10,-1.768401277199097800e-06,-1.768401277199097800e-06,-2.368544534772725064e-08
9.924141750804337248e-01,-2.288174688760072780e-10,1.157146170256864823e-05,-3.039889872658964955e-07,9.950068794296850205e-01,2.953299589967134115e-04,2.953299589967134115e-04,-2.288174688760072780e-10,-3.042178047347724763e-07,9.950077920830991962e-01,2.965468302156524811e-04,2.965468302156524811e-04,-3.864213337403249509e-10,-1.776973284067511660e-06,-1.776973284067511660e-06,-2.257305138741080031e-08
9.947167601734278053e-01,-2.589397059856810492e-10,1.063506969216776652e-05,-3.295396510170346029e-07,9.949111882099412885e-01,8.272729891897300089e-04,8.272729891897300089e-04,-2.589397059856810492e-10,-3.297985907230203050e-07,9.949121776057134880e-01,8.285921835526220604e-04,8.285921835526220604e-04,-4.369103123401020483e-10,-1.449759634283168172e-06,-1.449759634283168172e-06,-2.131148827011709769e-08
9.970193452664218858e-01,-2.872400007553754238e-10,9.636869785954667954e-06,-3.528571128413602654e-07,9.948085724981258204e-01,1.161134282539845550e-03,1.161134282539845550e-03,-2.872400007553754238e-10,-3.531443528421156649e-07,9.948096319311843239e-01,1.162546859951213950e-03,1.162546859951213950e-03,-4.843225959265187160e-10,-8.674822955040774563e-07,-8.674822955040774563e-07,-1.990814307708584926e-08
9.993219303594158553e-01,-3.135328582039877383e-10,8.584082945268322221e-06,-3.738074266645690970e-07,9.946997825228526269e-01,1.223723673267029929e-03,1.223723673267029929e-03,-3.135328582039877383e-10,-3.741209595227730672e-07,9.947009048857311519e-01,1.225220157105120968e-03,1.225220157105120968e-03,-5.283427051408400222e-10,-1.675268438873608755e-07,-1.675268438873608755e-07,-1.837241934198876355e-08
1.001624515452409936e+00,-3.376445082340864018e-10,7.485023659954768627e-06,-3.922745544105769937e-07,9.945855965030575563e-01,1.003605113116227618e-03,1.003605113116227618e-03,-3.376445082340864018e-10,-3.926121989188111005e-07,9.945867743396543670e-01,1.005175561911902937e-03,1.005175561911902937e-03,-5.686794645192456677e-10,4.876016665568790653e-07,4.876016665568790653e-07,-1.671600848208979934e-08
1.003927100545404016e+00,-3.594160021339985454e-10,6.348999972809208703e-06,-4.081628089198327210e-07,9.944668143920961656e-01,5.527504195919758206e-04,5.527504195919758206e-04,-3.594160021339985454e-10,-4.085222249219666985e-07,9.944680399587709774e-01,5.543845084916637026e-04,5.543845084916637026e-04,-6.050712216503179832e-10,9.469957483589849815e-07,9.469957483589849815e-07,-1.495278844053075516e-08
1.006229685638398097e+00,-3.787065323263696084e-10,5.186017152413458326e-06,-4.213988313202286898e-07,9.943442510875113438e-01,-2.597227476226077948e-05,-2.597227476226077948e-05,-3.787065323263696084e-10,-4.217775378525550408e-07,9.943455164201249197e-01,-2.428516461085056016e-05,-2.428516461085056016e-05,-6.372904114622452657e-10,1.104937233440033683e-06,1.104937233440033683e-06,-1.309836653631086672e-08
1.008532270731392178e+00,-3.953963933190656681e-10,4.006346675253289202e-06,-4.319327148093029519e-07,9.942187293205094756e-01,-6.023735241587251186e-04,-6.023735241587251186e-04,-3.953963933190656681e-10,-4.323281112026220178e-07,9.942200263048430742e-01,-6.006442117139146331e-04,-6.006442117139146331e-04,-6.651467422336091093e-10,9.239498017800399247e-07,9.239498017800399247e-07,-1.116936090564101098e-08
1.010834855824386036e+00,-4.093890746865464050e-10,2.820048796848695332e-06,-4.397380633594473318e-07,9.940910725217971811e-01,-1.048115194955830847e-03,-1.048115194955830847e-03,-4.093890746865464050e-10,-4.401474524341338751e-07,9.940923929641545254e-01,-1.046354605146094250e-03,-1.046354605146094250e-03,-6.884885642946124116e-10,4.424025296508094599e-07,4.424025296508094599e-07,-9.182567930266156266e-09
1.013137440917380117e+00,-4.206121576613589528e-10,1.636542883415319886e-06,-4.448109882601676600e-07,9.939620979818378776e-01,-1.264929159449478284e-03,-1.264929159449478284e-03,-4.206121576613589528e-10,-4.452316004178290222e-07,9.939634336766390854e-01,-1.263148233047806926e-03,-1.263148233047806926e-03,-7.072023500499461193e-10,-2.347245508157093657e-07,-2.347245508157093657e-07,-7.154181355898538732e-09
1.015440026010374197e+00,-4.290169312959502833e-10,4.643048208980985087e-07,-4.471682489379590727e-07,9.938326105823040990e-01,-1.205716572330844515e-03,-1.205716572330844515e-03,-4.290169312959502833e-10,-4.475972658692550050e-07,9.938339533741017418e-01,-1.203926183267367556e-03,-1.203926183267367556e-03,-7.212105808613785681e-10,-9.595705153415598663e-07,-9.595705153415598663e-07,-5.099210237708769309e-09
1.017742611103368278e+00,-4.345768963785369558e-10,-6.892603043800637994e-07,-4.468448937505250947e-07,9.937033972837274742e-01,-8.840839260848411089e-04,-8.840839260848411089e-04,-4.345768963785369558e-10,-4.472794706469036278e-07,9.937047391221394133e-01,-8.822948082022535410e-04,-8.822948082022535410e-04,-7.304686230126919997e-10,-1.574158667619473513e-06,-1.574158667619473513e-06,-3.031193373009958950e-09
1.020045196196362358e+00,-4.372855307184092452e-10,-1.817761732146559863e-06,-4.438918224128848650e-07,9.935752224343322725e-01,-3.705073812003904896e-04,-3.705073812003904896e-04,-4.372855307184092452e-10,-4.443291079436032783e-07,9.935765554216561268e-01,-3.687300647686160907e-04,-3.687300647686160907e-04,-7.349613235265714250e-10,-1.944892242315947763e-06,-1.944892242315947763e-06,-9.622398411793063215e-10
1.022347781289356439e+00,-4.371538063050430366e-10,-2.915613421597749419e-06,-4.383736650794197489e-07,9.934488238437004792e-01,2.237379009804387235e-04,2.237379009804387235e-04,-4.371538063050430366e-10,-4.388108188857247762e-07,9.934501402761571898e-01,2.254931442559816217e-04,2.254931442559816217e-04,-7.347000420015894454e-10,-1.991267483962186856e-06,-1.991267483962186856e-06,1.096645704333060948e-09
1.024650366382350297e+00,-4.342079565341560957e-10,-3.977732306948184065e-06,-4.303672649868352420e-07,9.933249094676220858e-01,7.711385218565079734e-04,7.711385218565079734e-04,-4.342079565341560957e-10,-4.308014729433694047e-07,9.933262018720409037e-01,7.728617277482814629e-04,7.728617277482814629e-04,-7.297206682447407577e-10,-1.702711713342224020e-06,-1.702711713342224020e-06,3.135052872811346616e-09
1.026952951475344378e+00,-4.284878938803516566e-10,-4.999220981691248460e-06,-4.199608897891111455e-07,9.932041544958536416e-01,1.155526697470601058e-03,1.155526697470601058e-03,-4.284878938803516566e-10,-4.203893776829915018e-07,9.932054156639866793e-01,1.157208254981332987e-03,1.157208254981332987e-03,-7.200829005546965170e-10,-1.140147725118123517e-06,-1.140147725118123517e-06,5.142604617555886750e-09
1.029255536568338458e+00,-4.200465009868230412e-10,-5.975109792317104280e-06,-4.072541188107654379e-07,9.930871986308558164e-01,1.296721673717506074e-03,1.296721673717506074e-03,-4.200465009868230412e-10,-4.076741653117522410e-07,9.930884216533517606e-01,1.298352370378753071e-03,1.298352370378753071e-03,-7.058707401674674214e-10,-4.222352706406495005e-07,-4.222352706406495005e-07,7.108483627150768607e-09
1.031558121661332539e+00,-4.089498025353889252e-10,-6.900215973806010976e-06,-3.923581980359100963e-07,9.929746433898904989e-01,1.167051402355089680e-03,1.167051402355089680e-03,-4.089498025353889252e-10,-3.927671478384454787e-07,9.929758216913340263e-01,1.168622470946443538e-03,1.168622470946443538e-03,-6.871938637453283456e-10,3.004901396165250413e-07,3.004901396165250413e-07,9.021158529367372853e-09
1.033860706754326619e+00,-3.952778187591052230e-10,-7.769148974970790244e-06,-3.753965532376070118e-07,9.928670493422341314e-01,7.964393282336576160e-04,7.964393282336576160e-04,-3.952778187591052230e-10,-3.757918310563661020e-07,9.928681767177273132e-01,7.979424955578830842e-04,7.979424955578830842e-04,-6.641893288509239879e-10,8.778640782914854481e-07,8.778640782914854481e-07,1.086837429933446568e-08
1.036163291847320700e+00,-3.791257470036240019e-10,-8.576458163088701214e-06,-3.565051224401096316e-07,9.927649332882655386e-01,2.652455974641465693e-04,2.652455974641465693e-04,-3.791257470036240019e-10,-3.568842481871132385e-07,9.927660039410101112e-01,2.666731344568950396e-04,2.666731344568950396e-04,-6.370229865751716049e-10,1.191789069099313783e-06,1.191789069099313783e-06,1.263741191587874421e-08
1.038465876940314780e+00,-3.606050451828524217e-10,-9.316888826019123059e-06,-3.358322138688708240e-07,9.926687654764504432e-01,-3.133512434561019737e-04,-3.133512434561019737e-04,-3.606050451828524217e-10,-3.361928189140536878e-07,9.926697740549071947e-01,-3.120064721804457651e-04,-3.120064721804457651e-04,-6.058900317976519573e-10,1.180717872888023423e-06,1.180717872888023423e-06,1.431556474865438725e-08
1.040768462033308639e+00,-3.398440115708998524e-10,-9.985690939708052855e-06,-3.135377010616057242e-07,9.925789670189575364e-01,-8.175045778788270776e-04,-8.175045778788270776e-04,-3.398440115708998524e-10,-3.138775450731766492e-07,9.925799086515927350e-01,-8.162490676985343979e-04,-8.162490676985343979e-04,-5.710142966389817456e-10,8.519278261186798851e-07,8.519278261186798851e-07,1.589073529258548368e-08
1.043071047126302719e+00,-3.169875605038497174e-10,-1.057891644359825268e-05,-2.897915075314384405e-07,9.924959076943804526e-01,-1.142199474561384322e-03,-1.142199474561384322e-03,-3.169875605038497174e-10,-2.901084950919422915e-07,9.924967780198656886e-01,-1.141039040581016571e-03,-1.141039040581016571e-03,-5.326461444560643384e-10,2.792538662088946408e-07,2.792538662088946408e-07,1.735203408151785169e-08
1.045373632219296800e+00,-2.921960576076621048e-10,-1.109364578770658826e-05,-2.647714782052608282e-07,9.924199043128171249e-01,-1.220779967718920800e-03,-1.220779967718920800e-03,-2.921960576076621048e-10,-2.650636742628684752e-07,9.924206995038399315e-01,-1.219719713021869380e-03,-1.219719713021869380e-03,-4.910590944907386654e-10,-4.129750890500722558e-07,-4.129750890500722558e-07,1.869026625082428906e-08
1.047676217312290881e+00,-2.656432647097987176e-10,-1.152810141193960342e-05,-2.386608537721878636e-07,9.923512197691009007e-01,-1.038147813153687945e-03,-1.038147813153687945e-03,-2.656432647097987176e-10,-2.389264970368976364e-07,9.923519365485919952e-01,-1.037192107165540262e-03,-1.037192107165540262e-03,-4.465455438712482374e-10,-1.076212376048454906e-06,-1.076212376048454906e-06,1.989821819295953557e-08
1.049978802405284961e+00,-2.375136144858735047e-10,-1.188163041109261816e-05,-2.116456341776890469e-07,9.922900628361547293e-01,-6.331094578871748714e-04,-6.331094578871748714e-04,-2.375136144858735047e-10,-2.118831477921749074e-07,9.922906984855981438e-01,-6.322619252960062211e-04,-6.322619252960062211e-04,-3.994121073747661465e-10,-1.568575320122211129e-06,-1.568575320122211129e-06,2.097070030695750057e-08
1.052281387498279042e+00,-2.079991543882476332e-10,-1.215456545284196864e-05,-1.839121272496594375e-07,9.922365886683214287e-01,-8.964079018557813232e-05,-8.964079018557813232e-05,-2.079991543882476332e-10,-1.841201264040476769e-07,9.922371410287006421e-01,-8.890430967996194595e-05,-8.890430967996194595e-05,-3.499751388726722253e-10,-1.783908833328290428e-06,-1.783908833328290428e-06,2.190435222638168345e-08
1.054583972591272900e+00,-1.772965467005703648e-10,-1.234799648344315179e-05,-1.556449292637566851e-07,9.921908999108559613e-01,4.808927605662036749e-04,4.808927605662036749e-04,-1.772965467005703648e-10,-1.558222258104572436e-07,9.921913673775334397e-01,4.815160494694454966e-04,4.815160494694454966e-04,-2.985569282444953941e-10,-1.673126632926264369e-06,-1.673126632926264369e-06,2.269726353224484789e-08
1.056886557684266981e+00,-1.456044805481731295e-10,-1.246350134955165212e-05,-1.270254893904775710e-07,9.921530482605314116e-01,9.627406890498907280e-04,9.627406890498907280e-04,-1.456044805481731295e-10,-1.271710938710257519e-07,9.921534297738130448e-01,9.632493734253748299e-04,9.632493734253748299e-04,-2.454829035084175071e-10,-1.253633511768226974e-06,-1.253633511768226974e-06,2.334849659460698871e-08
1.059189142777261061e+00,-1.131217523048519180e-10,-1.250288853835644237e-05,-9.823129104006085807e-08,9.921230363020704379e-01,1.259223277072983333e-03,1.259223277072983333e-03,-1.131217523048519180e-10,-9.834441279236571481e-08,9.921233313353088334e-01,1.259616654724152792e-03,1.259616654724152792e-03,-1.910799476139242250e-10,-6.051443412136853973e-07,-6.051443412136853973e-07,2.385761276059467397e-08
1.061491727870255142e+00,-8.004612616981610570e-11,-1.246799942674097439e-05,-6.943556524759609244e-08,9.921008194577445316e-01,1.311904894709637562e-03,1.311904894709637562e-03,-8.004612616981610570e-11,-6.951561137376590445e-08,9.921010280045786667e-01,1.312182957155132558e-03,1.312182957155132558e-03,-1.356757097104291500e-10,1.470004783343069831e-07,1.470004783343069831e-07,2.422429671319365916e-08
1.063794312963249222e+00,-4.657392766545411633e-11,-1.236060256401845882e-05,-4.080735777477258046e-08,9.920863079281511121e-01,1.111739135268906362e-03,1.111739135268906362e-03,-4.657392766545411633e-11,-4.085393170243803493e-08,9.920864304899462693e-01,1.111902550995716183e-03,1.111902550995716183e-03,-7.959859804382730544e-11,8.574362118433862589e-07,8.574362118433862589e-07,2.444814886128852083e-08
1.066096898056243303e+00,-1.290018158799933171e-11,-1.218239210106760728e-05,-1.251171960562019902e-08,9.920793685609111678e-01,7.001462369102025166e-04,7.001462369102025166e-04,-1.290018158799933171e-11,-1.252461978720819865e-08,9.920794061347705250e-01,7.001963353893513172e-04,7.001963353893513172e-04,-2.317802239962527102e-11,1.390003305063623878e-06,1.390003305063623878e-06,2.452867804374509670e-08
1.068399483149237383e+00,2.078099049578497979e-11,-1.193508089763186364e-05,1.529021222182663425e-08,9.920798266478974003e-01,1.600416163685149920e-04,1.600416163685149920e-04,2.078099049578497979e-11,1.531099321232241867e-08,9.920797807149177583e-01,1.599803723956657057e-04,1.599803723956657057e-04,3.325557185072579090e-11,1.644716013140244585e-06,1.644716013140244585e-06,2.446548475617868436e-08
1.070702068242231242e+00,5.427603301438906184e-11,-1.162056040800599839e-05,4.244143237877276029e-08,9.920874677076093606e-01,-4.011757694959220398e-04,-4.011757694959220398e-04,5.427603301438906184e-11,4.249570841178715020e-08,9.920873402204841707e-01,-4.013457523295691940e-04,-4.013457523295691940e-04,8.937126811673947557e-11,1.577165377375609341e-06,1.577165377375609341e-06,2.425858707845703529e-08
1.073004653335225322e+00,8.739196876315594792e-11,-1.124108758083525505e-05,6.878969299933422612e-08,9.921020393468442666e-01,-8.731356964900199901e-04,-8.731356964900199901e-04,8.739196876315594792e-11,6.887708496809738341e-08,9.921018327155893823e-01,-8.734112048298923493e-04,-8.734112048298923493e-04,1.448390877371772716e-10,1.206668764797796200e-06,1.206668764797796200e-06,2.390881475090587417e-08
1.075307238428219403e+00,1.199369635231657713e-10,-1.079945562111017904e-05,9.418854955061224772e-08,9.921232533086250527e-01,-1.164182991280450887e-03,-1.164182991280450887e-03,1.199369635231657713e-10,9.430848651413540930e-08,9.921229703831655478e-01,-1.164560225226507397e-03,-1.164560225226507397e-03,1.993323028649574300e-10,6.117768188099383977e-07,6.117768188099383977e-07,2.341818604674385868e-08
1.077609823521213483e+00,1.517215222171037432e-10,-1.029911068677544194e-05,1.184987439782166740e-07,9.921507878004290903e-01,-1.218995647865425214e-03,-1.218995647865425214e-03,1.517215222171037432e-10,1.186504655004337750e-07,9.921504318490326213e-01,-1.219470249727426948e-03,-1.219470249727426948e-03,2.525305196712017511e-10,-8.574318412214268832e-08,-8.574318412214268832e-08,2.279018847634952304e-08
1.079912408614207564e+00,1.825602615587270317e-10,-9.744188886413744619e-06,1.415897679784289211e-07,9.921842901621771293e-01,-1.028800722961483935e-03,-1.028800722961483935e-03,1.825602615587270317e-10,1.417723282399876538e-07,9.921838648451923870e-01,-1.029367812274443886e-03,-1.029367812274443886e-03,3.041232388346648916e-10,-7.451072443717454903e-07,-7.451072443717454903e-07,2.202990578577152978e-08
1.082214993707201645e+00,2.122740852953407085e-10,-9.139464503386712891e-06,1.633414088345207132e-07,9.922233798852114761e-01,-6.323803982552386694e-04,-6.323803982552386694e-04,2.122740852953407085e-10,1.635536829198160477e-07,9.922228892241626852e-01,-6.330346129869179363e-04,-6.330346129869179363e-04,3.538135028028375753e-10,-1.234045788644938122e-06,-1.234045788644938122e-06,2.114396524389759112e-08
1.084517578800195503e+00,2.406925068858951433e-10,-8.490217755365005737e-06,1.836450796388659677e-07,9.922676519417351626e-01,-1.078880216072415030e-04,-1.078880216072415030e-04,2.406925068858951433e-10,1.838857721457518740e-07,9.922671002844187793e-01,-1.086235646958245044e-04,-1.086235646958245044e-04,4.013212198242919195e-10,-1.454282293997381113e-06,-1.454282293997381113e-06,2.014031425311109785e-08
1.086820163893189584e+00,2.676558345984361657e-10,-7.802045234588040324e-06,2.024047728234064571e-07,9.923166803390752744e-01,4.427401148934630767e-04,4.427401148934630767e-04,2.676558345984361657e-10,2.026724286580048866e-07,9.923160723217893109e-01,4.419294251788310839e-04,4.419294251788310839e-04,4.463858133149952135e-10,-1.360095468387064180e-06,-1.360095468387064180e-06,1.902786697605581524e-08
1.089122748986183664e+00,2.930169588629216926e-10,-7.080645797768968298e-06,2.195375415956964800e-07,9.923700217829095616e-01,9.136233428607626935e-04,9.136233428607626935e-04,2.930169588629216926e-10,2.198305585545593954e-07,9.923693622912338475e-01,9.127440206265444731e-04,9.127440206265444731e-04,4.887679668865178302e-10,-9.665396111338263249e-07,-9.665396111338263249e-07,1.781608409417553099e-08
1.091425334079177745e+00,3.166425540605436423e-10,-6.331617583486711499e-06,2.349734941207404581e-07,9.924272193231954420e-01,1.215148135686741453e-03,1.215148135686741453e-03,3.166425540605436423e-10,2.352901366748010016e-07,9.924265134527854304e-01,1.214206975140042291e-03,1.214206975140042291e-03,5.282503942555451131e-10,-3.459511340612598927e-07,-3.459511340612598927e-07,1.651455823991062821e-08
1.093727919172171825e+00,3.384136109714855541e-10,-5.560297893699186549e-06,2.486553642020344796e-07,9.924878058668030745e-01,1.290710835213754312e-03,1.290710835213754312e-03,3.384136109714855541e-10,2.489937778130059904e-07,9.924870588854696196e-01,1.289714860102502206e-03,1.289714860102502206e-03,5.646377275544708625e-10,3.863727173310956970e-07,3.863727173310956970e-07,1.513267298540278235e-08
1.096030504265165906e+00,3.582253309104094504e-10,-4.771668046050652475e-06,2.605377851275437738e-07,9.925513074687409842e-01,1.126910736144224419e-03,1.126910736144224419e-03,3.582253309104094504e-10,2.608960104584541927e-07,9.925505247807095976e-01,1.125867152102390592e-03,1.125867152102390592e-03,5.977557562230011384e-10,1.094408454290446348e-06,1.094408454290446348e-06,1.367938615343567592e-08
1.098333089358159764e+00,3.759865162967114344e-10,-3.970332134730548780e-06,2.705864294859655720e-07,9.926172463532402235e-01,7.554295135127603701e-04,7.554295135127603701e-04,3.759865162967114344e-10,2.709624160022622810e-07,9.926164334659922650e-01,7.543456638487512677e-04,7.543456638487512677e-04,6.274503370979859246e-10,1.647216352747866040e-06,1.647216352747866040e-06,1.216316251112229200e-08
1.100635674451153845e+00,3.916186663725939228e-10,-3.160564598030117080e-06,2.787771820079470821e-07,9.926851436589592126e-01,2.464388003309484062e-04,2.464388003309484062e-04,3.916186663725939228e-10,2.791688006743196660e-07,9.926843061525572054e-01,2.453221251282511513e-04,2.453221251282511513e-04,6.535863206446476590e-10,1.943417926791046520e-06,1.943417926791046520e-06,1.059205186573879923e-08
1.102938259544147925e+00,4.050550188170767578e-10,-2.346409234222772556e-06,2.850954859644188613e-07,9.927545219412000632e-01,-3.050377537695598174e-04,-3.050377537695598174e-04,4.050550188170767578e-10,2.855005409832359599e-07,9.927536654395771043e-01,-3.061797559334927875e-04,-3.061797559334927875e-04,6.760467972711574952e-10,1.929795866141332286e-06,1.929795866141332286e-06,8.973881775128776905e-09
1.105240844637142006e+00,4.162397642934058179e-10,-1.531803983840800308e-06,2.895359530955768363e-07,9.928249074916195571e-01,-7.971123717452784346e-04,-7.971123717452784346e-04,4.162397642934058179e-10,2.899521928598702440e-07,9.928240376350410124e-01,-7.982721805167179371e-04,-7.982721805167179371e-04,6.947328722921513955e-10,1.610670317895606575e-06,1.610670317895606575e-06,7.316514349477931717e-09
1.107543429730136086e+00,4.251276062984675842e-10,-7.207026897380796833e-07,2.921022631905136762e-07,9.928958325483088210e-01,-1.139945196576700728e-03,-1.139945196576700728e-03,4.251276062984675842e-10,2.925273907968121468e-07,9.928949549661364449e-01,-1.141115306139888017e-03,-1.141115306139888017e-03,7.095640487535426558e-10,1.046491459725195617e-06,1.046491459725195617e-06,5.628107211276280228e-09
1.109846014823130167e+00,4.316837550845544849e-10,8.283259997144619131e-08,2.928073148002670772e-07,9.929668374651785534e-01,-1.272078861597537294e-03,-1.272078861597537294e-03,4.316837550845544849e-10,2.932389985553516087e-07,9.929659577481828592e-01,-1.273251817591758601e-03,-1.273251817591758601e-03,7.204791595516564849e-10,3.421131862277344436e-07,3.421131862277344436e-07,3.917320767900073585e-09
1.112148599916124247e+00,4.358843485664314673e-10,8.745881761826965887e-07,2.916735350206180284e-07,9.930374728912758631e-01,-1.171262925695262802e-03,-1.171262925695262802e-03,4.358843485664314673e-10,2.921094193691844418e-07,9.930365965630177927e-01,-1.172431363372739488e-03,-1.172431363372739488e-03,7.274376697956597992e-10,-3.729034105070408498e-07,-3.729034105070408498e-07,2.193426538344823833e-09
1.114451185009118106e+00,4.377172030357112315e-10,1.650213285386339889e-06,2.887332229445843620e-07,9.931073019824057102e-01,-8.579221565194168966e-04,-8.579221565194168966e-04,4.377172030357112315e-10,2.891709401476200648e-07,9.931064344695852419e-01,-8.590788402800073487e-04,-8.590788402800073487e-04,7.304210883672083806e-10,-9.682056556789529970e-07,-9.682056556789529970e-07,4.662915100150343749e-10
1.116753770102112187e+00,4.371827282222716062e-10,2.405290790492732109e-06,2.840287931479670725e-07,9.931759026351572039e-01,-3.908105714469016327e-04,-3.908105714469016327e-04,4.371827282222716062e-10,2.844659758761893198e-07,9.931750492372295458e-01,-3.919484353504063684e-04,-3.919484353504063684e-04,7.294341971964834108e-10,-1.336352263397277910e-06,-1.336352263397277910e-06,-1.253762691355948385e-09
1.119056355195106267e+00,4.342948060534354563e-10,3.135451600620065455e-06,2.776128024919171987e-07,9.932428697034414444e-01,1.441800466115377550e-04,1.441800466115377550e-04,4.342948060534354563e-10,2.780470972979706094e-07,9.932420355621495167e-01,1.430678582223458687e-04,1.430678582223458687e-04,7.245058309532173446e-10,-1.412013768349878142e-06,-1.412013768349878142e-06,-2.956204141277330258e-09
1.121358940288100348e+00,4.290814351322416369e-10,3.836513128725104042e-06,2.695476811362876875e-07,9.933078171353461050e-01,6.498816325844274881e-04,6.498816325844274881e-04,4.290814351322416369e-10,2.699767625714199071e-07,9.933070072050583788e-01,6.488017255341418368e-04,6.488017255341418368e-04,7.156890117041461982e-10,-1.183293128608571171e-06,-1.183293128608571171e-06,-4.630598869918899332e-09
1.123661525381094428e+00,4.215849812516664502e-10,4.504618513078484973e-06,2.599051390614768555e-07,9.933703799572451976e-01,1.035427959105861360e-03,1.035427959105861360e-03,4.215849812516664502e-10,2.603267240427285013e-07,9.933695989770731094e-01,1.034386652209690538e-03,1.034386652209690538e-03,7.030603474983269208e-10,-6.932839322769269873e-07,-6.932839322769269873e-07,-6.266933431205723035e-09
1.125964110474088509e+00,4.118619397345057537e-10,5.136354142047921262e-06,2.487652729065550891e-07,9.934302160340796606e-01,1.232370906192443343e-03,1.232370906192443343e-03,4.118619397345057537e-10,2.491771348462896144e-07,9.934294685026751059e-01,1.231374197653058123e-03,1.231374197653058123e-03,6.867187206879192432e-10,-3.177423479660013473e-08,-3.177423479660013473e-08,-7.855901462348436921e-09
1.128266695567082367e+00,3.999821952207396655e-10,5.728827743293226342e-06,2.362154449029511479e-07,9.934870075486115226e-01,1.206504214685973813e-03,1.206504214685973813e-03,3.999821952207396655e-10,2.366154270981718783e-07,9.934862977023302122e-01,1.205557752977581224e-03,1.205557752977581224e-03,6.667833998095839487e-10,6.812383061362469173e-07,6.812383061362469173e-07,-9.389112093080974874e-09
1.130569280660076448e+00,3.860278440340650875e-10,6.279696865993215746e-06,2.223490382190120750e-07,9.935404621652722534e-01,9.634025147932577483e-04,9.634025147932577483e-04,3.860278440340650875e-10,2.227350660630461348e-07,9.935397939600740802e-01,9.625115745290055208e-04,9.625115745290055208e-04,6.433917894685583768e-10,1.317140754545421332e-06,1.317140754545421332e-06,-1.085919324279524964e-08
1.132871865753070528e+00,3.700917095776856557e-10,6.787146496616949039e-06,2.072642062540856926e-07,9.935903138715878047e-01,5.468467516824152344e-04,5.468467516824152344e-04,3.700917095776856557e-10,2.076342979636633857e-07,9.935896909686938727e-01,5.460162144905605919e-04,5.460162144905605919e-04,6.166970731163678306e-10,1.761499014277277096e-06,1.761499014277277096e-06,-1.225978197973314384e-08
1.135174450846064609e+00,3.522757216628153811e-10,7.249823167706306362e-06,1.910627261323533519e-07,9.936363235172277486e-01,3.057907099814526281e-05,3.057907099814526281e-05,3.522757216628153811e-10,1.914150018540161788e-07,9.936357492722222018e-01,2.981341099072919556e-05,2.981341099072919556e-05,5.868659988450972817e-10,1.934022485024978754e-06,1.934022485024978754e-06,-1.358541365444692717e-08
1.137477035939058689e+00,3.326893404559380477e-10,7.666739766569061562e-06,1.738490412906269572e-07,9.936782790929505893e-01,-4.950158764684384248e-04,-4.950158764684384248e-04,3.326893404559380477e-10,1.741817306310828941e-07,9.936777565477586949e-01,-4.957126033909627777e-04,-4.957126033909627777e-04,5.540770114392435304e-10,1.802259621839110907e-06,1.802259621839110907e-06,-1.483133803894154315e-08
1.139779621032052770e+00,3.114481846412533971e-10,8.037169253071227060e-06,1.557295400538264071e-07,9.937159958057345532e-01,-9.388673025628633487e-04,-9.388673025628633487e-04,3.114481846412533971e-10,1.560409882384676708e-07,9.937155276827698280e-01,-9.394914665158171684e-04,-9.394914665158171684e-04,5.185188551780971054e-10,1.386758118487261328e-06,1.386758118487261328e-06,-1.599330150434170378e-08
1.142082206125046628e+00,2.886729765539100288e-10,8.360546140924350874e-06,1.368120737151656880e-07,9.937493160104431400e-01,-1.224986712697817386e-03,-1.224986712697817386e-03,2.886729765539100288e-10,1.371007466917195928e-07,9.937489047082030957e-01,-1.225535115684584344e-03,-1.225535115684584344e-03,4.803896764737422360e-10,7.569579937288826462e-07,7.569579937288826462e-07,-1.706733779819108674e-08
1.144384791218040709e+00,2.644888537132854544e-10,8.636391983965475521e-06,1.172056766235749356e-07,9.937781090525228400e-01,-1.305333484118848192e-03,-1.305333484118848192e-03,2.644888537132854544e-10,1.174701654772882249e-07,9.937777566420263886e-01,-1.305803364780757378e-03,-1.305803364780757378e-03,4.398965606150963428e-10,1.870456837486152703e-08,1.870456837486152703e-08,-1.804960602437760786e-08
1.146687376311034789e+00,2.390250279685469740e-10,8.864275887789346058e-06,9.702041898096627213e-08,9.938022710622345102e-01,-1.167636660891861093e-03,-1.167636660891861093e-03,2.390250279685469740e-10,9.725944400893481471e-08,9.938019792839024591e-01,-1.168025698667896810e-03,-1.168025698667896810e-03,3.972553588892194709e-10,-7.043104520779160033e-07,-7.043104520779160033e-07,-1.893630406632641126e-08
1.148989961404028870e+00,2.124147121770351327e-10,9.043814288911635171e-06,7.636730531905346804e-08,9.938217247217658867e-01,-8.369542478347140107e-04,-8.369542478347140107e-04,2.124147121770351327e-10,7.657972003123050669e-08,9.938214949826057465e-01,-8.372605667148389462e-04,-8.372605667148389462e-04,3.526906136381975636e-10,-1.291885355946852810e-06,-1.291885355946852810e-06,-1.972367104005731914e-08
1.151292546497022951e+00,1.847951899969508312e-10,9.174707154418247846e-06,5.535813012204817686e-08,9.938364190059413295e-01,-3.708517885592538146e-04,-3.708517885592538146e-04,1.847951899969508312e-10,5.554292531204512694e-08,9.938362523771654411e-01,-3.710739602605020037e-04,-3.710739602605020037e-04,3.064353762015958029e-10,-1.647731262896333465e-06,-1.647731262896333465e-06,-2.040807613833528772e-08
1.153595131590017031e+00,1.563078836293688738e-10,9.256801570523116130e-06,3.410521606895153523e-08,9.938463288788015326e-01,1.508325567984705794e-04,1.508325567984705794e-04,1.563078836293688738e-10,3.426152395258090506e-08,9.938462260942296789e-01,1.506955107026602622e-04,1.506955107026602622e-04,2.587307365194790467e-10,-1.715532135290194678e-06,-1.715532135290194678e-06,-2.098617625887140045e-08
1.155897716683011112e+00,1.270982795248566979e-10,9.290169391946508537e-06,1.272098660178473573e-08,9.938514549151111765e-01,6.397819322880213787e-04,6.397819322880213787e-04,1.270982795248566979e-10,1.284808488130959191e-08,9.938514163708564997e-01,6.397305399484961002e-04,6.397305399484961002e-04,2.098249375935067737e-10,-1.488011406006350272e-06,-1.488011406006350272e-06,-2.145511355225322495e-08
1.158200301776004970e+00,9.731560105159214017e-11,9.275183817186722271e-06,-8.682642148596520976e-09,9.938518228098337515e-01,1.014152310625984071e-03,1.014152310625984071e-03,9.731560105159214017e-11,-8.585326547544929082e-09,9.938518485658134338e-01,1.014186651932174298e-03,1.014186651932174298e-03,1.599720223565755985e-10,-1.007613940043923376e-06,-1.007613940043923376e-06,-2.181271816785675171e-08
1.160502886868999051e+00,6.711216392819213775e-11,9.212580584234908050e-06,-2.999503062811908981e-08,9.938474827403949163e-01,1.212153134670007669e-03,1.212153134670007669e-03,6.711216392819213775e-11,-2.992791846419089853e-08,9.938475725241503467e-01,1.212272846343864481e-03,1.212272846343864481e-03,1.094300413530302373e-10,-3.588503885326509962e-07,-3.588503885326509962e-07,-2.205768170794677791e-08
1.162805471961993131e+00,3.664240623391071047e-11,9.103492645964830307e-06,-5.110769716113153033e-08,9.938385085554194420e-01,1.202027323401057713e-03,1.202027323401057713e-03,3.664240623391071047e-11,-5.107105475489761855e-08,9.938386617685837088e-01,1.202231607620077303e-03,1.202231607620077303e-03,5.845892318336322300e-11,3.462583961066105147e-07,3.462583961066105147e-07,-2.218967285793299753e-08
1.165108057054987212e+00,6.061640329669291371e-12,8.949452016984076139e-06,-7.191524181171993836e-08,9.938249967777146310e-01,9.868603942878369662e-04,9.868603942878369662e-04,6.061640329669291371e-12,-7.190918017139026455e-08,9.938252125052551289e-01,9.871480310085225477e-04,9.871480310085225477e-04,7.318164067351129861e-12,9.870862471921867181e-07,9.870862471921867181e-07,-2.220937705358655502e-08
1.167410642147981292e+00,-2.447538005459621240e-11,8.752358086136218193e-06,-9.231623522453354148e-08,9.938070654259603121e-01,6.035464973903236418e-04,6.035464973903236418e-04,-2.447538005459621240e-11,-9.234071060458813582e-08,9.938073424480921014e-01,6.039158602327420345e-04,6.039158602327420345e-04,-4.373547993339678443e-11,1.454445500251085856e-06,1.454445500251085856e-06,-2.211845492594940790e-08
1.169713227240975373e+00,-5.481595505334830492e-11,8.514417096438987880e-06,-1.122139996315934237e-07,9.937848526760089118e-01,1.162191305868879757e-04,1.162191305868879757e-04,-5.481595505334830492e-11,-1.122688155866467755e-07,9.937851894824556442e-01,1.166682058492345646e-04,1.166682058492345646e-04,-9.445011767833668998e-11,1.668447212224160850e-06,1.668447212224160850e-06,-2.191942738831283447e-08
1.172015812333969231e+00,-8.481086510205483386e-11,8.238061837702291432e-06,-1.315172253596225496e-07,9.937585153962211759e-01,-3.946475787856617364e-04,-3.946475787856617364e-04,-8.481086510205483386e-11,-1.316020362247246049e-07,9.937589102023298704e-01,-3.941211706407628484e-04,-3.941211706407628484e-04,-1.445805159255922803e-10,1.591291615822055731e-06,1.591291615822055731e-06,-2.161550644269174891e-08
1.174318397426963312e+00,-1.143156099399591581e-10,7.925863237814281727e-06,-1.501403904542922031e-07,9.937282275998818859e-01,-8.455886158066621555e-04,-8.455886158066621555e-04,-1.143156099399591581e-10,-1.502547060642321595e-07,9.937286783640000287e-01,-8.449875969824051933e-04,-8.449875969824051933e-04,-1.938894652452550807e-10,1.232998596817156274e-06,1.232998596817156274e-06,-2.121039836749407894e-08
1.176620982519957392e+00,-1.431913721169876782e-10,7.580446155677425732e-06,-1.680039790898193771e-07,9.936941788603395054e-01,-1.163724736910735653e-03,-1.163724736910735653e-03,-1.431913721169876782e-10,-1.681471704619363642e-07,9.936946833018508451e-01,-1.163052148228887854e-03,-1.163052148228887854e-03,-2.421486892946910529e-10,6.492829069119403486e-07,6.492829069119403486e-07,-2.070810887212523346e-08
1.178923567612951473e+00,-1.713056598710613380e-10,7.204420298488183783e-06,-1.850345215544514073e-07,9.936565727310693319e-01,-1.298367193940397303e-03,-1.298367193940397303e-03,-1.713056598710613380e-10,-1.852058272143224755e-07,9.936571283485510220e-01,-1.297626370631540073e-03,-1.297626370631540073e-03,-2.891393346596467466e-10,-6.793059404686827608e-08,-6.793059404686827608e-08,-2.011277784864286032e-08
1.181226152705945553e+00,-1.985326321061192132e-10,6.800334153480355393e-06,-2.011645005342652650e-07,9.936156252042416259e-01,-1.228830358303985640e-03,-1.228830358303985640e-03,-1.985326321061192132e-10,-2.013630331663713943e-07,9.936162292933411466e-01,-1.228024906171320142e-03,-1.228024906171320142e-03,-3.346521355990780887e-10,-8.056815714285143187e-07,-8.056815714285143187e-07,-1.942856509212937330e-08
1.183528737798939634e+00,-2.247531531857629523e-10,6.370655725520761847e-06,-2.163321819935017547e-07,9.935715632292908550e-01,-9.672905672431415542e-04,-9.672905672431415542e-04,-2.247531531857629523e-10,-2.165569351466875253e-07,9.935722129000963410e-01,-9.664243395025547741e-04,-9.664243395025547741e-04,-3.784873869300032790e-10,-1.448294736655323697e-06,-1.448294736655323697e-06,-1.865959903207489197e-08
1.185831322891933715e+00,-2.498546604128956785e-10,5.917779423747669961e-06,-2.304814325287334668e-07,9.935246232995056381e-01,-5.563523983501862539e-04,-5.563523983501862539e-04,-2.498546604128956785e-10,-2.307312871891463602e-07,9.935253154933672004e-01,-5.554294732014296168e-04,-5.554294732014296168e-04,-4.204548737274506981e-10,-1.895859505633276442e-06,-1.895859505633276442e-06,-1.780998976603164159e-08
1.188133907984927573e+00,-2.737309473567445467e-10,5.444054367428986884e-06,-2.435615787008949338e-07,9.934750501019781188e-01,-6.183389828992783672e-05,-6.183389828992783672e-05,-2.737309473567445467e-10,-2.438353096482517004e-07,9.934757816079070603e-01,-6.085855705133483436e-05,-6.085855705133483436e-05,-4.603738972745668392e-10,-2.079927158789226579e-06,-2.079927158789226579e-06,-1.688389729364233567e-08
1.190436493077921654e+00,-2.962819691822590401e-10,4.951826300534509841e-06,-2.555273491345016102e-07,9.934230952162690365e-01,4.379756746356733960e-04,4.379756746356733960e-04,-2.962819691822590401e-10,-2.558236311036838868e-07,9.934238626871623179e-01,4.389989691600881339e-04,4.389989691600881339e-04,-4.980735055264204489e-10,-1.973994047974028782e-06,-1.973994047974028782e-06,-1.588563743305958773e-08
1.192739078170915734e+00,-3.174137622331948610e-10,4.443483636721283531e-06,-2.663389199365328150e-07,9.933690158412059601e-01,8.648114483868177445e-04,8.648114483868177445e-04,-3.174137622331948610e-10,-2.666563336987659899e-07,9.933698158102070019e-01,8.658780737216128457e-04,8.658780737216128457e-04,-5.333929892967943612e-10,-1.597219145888620597e-06,-1.597219145888620597e-06,-1.481980267764801780e-08
1.195041663263909815e+00,-3.370385423337949894e-10,3.921498073090386628e-06,-2.759620617351281450e-07,9.933130735279563917e-01,1.152682313902447147e-03,1.152682313902447147e-03,-3.370385423337949894e-10,-2.762991002774619176e-07,9.933139024252571891e-01,1.153787510303557091e-03,1.153787510303557091e-03,-5.661826506526922598e-10,-1.010923321367231060e-06,-1.010923321367231060e-06,-1.369137386295244653e-08
1.197344248356903895e+00,-3.550750096146759335e-10,3.388451625740508816e-06,-2.843683659705782575e-07,9.932555329007655143e-01,1.257968802097795234e-03,1.257968802097795234e-03,-3.550750096146759335e-10,-2.847234409801929414e-07,9.932563870710884313e-01,1.259107695861716100e-03,1.259107695861716100e-03,-5.963047965707425263e-10,-3.085570085835343421e-07,-3.085570085835343421e-07,-1.250580097116540934e-08
1.199646833449897976e+00,-3.714488482559927037e-10,2.847044539871332109e-06,-2.915355121174655769e-07,9.931966603536613869e-01,1.165851855207580834e-03,1.165851855207580834e-03,-3.714488482559927037e-10,-2.919069609657215944e-07,9.931975360745443071e-01,1.167019483051443722e-03,1.167019483051443722e-03,-6.236348670547443584e-10,3.991765112346865199e-07,3.991765112346865199e-07,-1.126903711422762079e-08
1.201949418542891834e+00,-3.860933735970497735e-10,2.300081836863944783e-06,-2.974475284817137114e-07,9.931367227206712167e-01,8.921651632614749708e-04,8.921651632614749708e-04,-3.860933735970497735e-10,-2.978336218553107557e-07,9.931376162215367343e-01,8.933564977488962344e-04,8.933564977488962344e-04,-6.480625789865073449e-10,1.001644035367709960e-06,1.001644035367709960e-06,-9.987517649429002947e-09
1.204252003635885915e+00,-3.989502519508311108e-10,1.750439727737870106e-06,-3.020949981019381907e-07,9.930759859270233969e-01,4.804943085195878994e-04,4.804943085195878994e-04,-3.989502519508311108e-10,-3.024939483538890207e-07,9.930768934088685107e-01,4.817042843130034326e-04,4.817042843130034326e-04,-6.694929585399445178e-10,1.405332605607425880e-06,1.405332605607425880e-06,-8.668085158158659504e-09
1.206554588728879995e+00,-4.099702039205289542e-10,1.201016206567611752e-06,-3.054751678164193214e-07,9.930147136378114636e-01,-4.919852243742392809e-06,-4.919852243742392809e-06,-4.099702039205289542e-10,-3.058851380203398419e-07,9.930156312932255647e-01,-3.696311691661033653e-06,-3.696311691661033653e-06,-6.878471464076036919e-10,1.548014158334482245e-06,1.548014158334482245e-06,-7.317869269319312181e-09
1.208857173821874076e+00,-4.191136016735700889e-10,6.546723930188698529e-07,-3.075919313110222201e-07,9.929531659272929911e-01,-4.892908099936316016e-04,-4.892908099936316016e-04,-4.191136016735700889e-10,-3.080110449126957803e-07,9.929540899604277771e-01,-4.880587658139807876e-04,-4.880587658139807876e-04,-7.030628886928482516e-10,1.407915117112711490e-06,1.407915117112711490e-06,-5.944136804943477761e-09
1.211159758914868156e+00,-4.263508838840979337e-10,1.141723295052830263e-07,-3.084556736576925204e-07,9.928915979954513471e-01,-8.988011357783713641e-04,-8.988011357783713641e-04,-4.263508838840979337e-10,-3.088820245415765946e-07,9.928925246415249983e-01,-8.975656076802051089e-04,-8.975656076802051089e-04,-7.150946669624920592e-10,1.006592065283139545e-06,1.006592065283139545e-06,-4.554131575250002886e-09
1.213462344007862237e+00,-4.316627362879670214e-10,-4.178711465654120652e-07,-3.080829827517593770e-07,9.928302589582758131e-01,-1.171746666492236169e-03,-1.171746666492236169e-03,-4.316627362879670214e-10,-3.085146454880473242e-07,9.928311845022123050e-01,-1.170512607910284032e-03,-1.170512607910284032e-03,-7.239134669421320493e-10,4.051997766244428366e-07,4.051997766244428366e-07,-3.154923914508027575e-09
1.215764929100856317e+00,-4.350400168757641745e-10,-9.390380531757027983e-07,-3.064962494103088977e-07,9.927693907346013535e-01,-1.267640070202580944e-03,-1.267640070202580944e-03,-4.350400168757641745e-10,-3.069312894271846823e-07,9.927703115284696178e-01,-1.266412345044872195e-03,-1.266412345044872195e-03,-7.295062295293287042e-10,-3.051571064560826652e-07,-3.051571064560826652e-07,-1.753287778076155622e-09
1.218067514193850176e+00,-4.364834377424791416e-10,-1.447126133647949199e-06,-3.037231903559696198e-07,9.927092270459830781e-01,-1.172956792769603391e-03,-1.172956792769603391e-03,-4.364834377424791416e-10,-3.041596737937120877e-07,9.927101395250044202e-01,-1.171740154074428454e-03,-1.171740154074428454e-03,-7.318750637104679196e-10,-1.017424524803947995e-06,-1.017424524803947995e-06,-3.556184175640054681e-10
1.220370099286844257e+00,-4.360030455534105194e-10,-1.940157256660435853e-06,-2.997963352583159496e-07,9.926499925380157796e-01,-9.027450692737646123e-04,-9.027450692737646123e-04,-4.360030455534105194e-10,-3.002323383038693573e-07,9.926508932350306402e-01,-9.015441399205491053e-04,-9.015441399205491053e-04,-7.310363236917778350e-10,-1.624773100809941089e-06,-1.624773100809941089e-06,1.032102833500252787e-09
1.222672684379838337e+00,-4.336175652200873325e-10,-2.416366366025978107e-06,-2.947525197348713272e-07,9.925919020229778678e-01,-4.979588927339678641e-04,-4.979588927339678641e-04,-4.336175652200873325e-10,-2.951861373000914393e-07,9.925927875813898016e-01,-4.967781481847675365e-04,-4.967781481847675365e-04,-7.270196594119482791e-10,-2.036495161582955207e-06,-2.036495161582955207e-06,2.404297245062058906e-09
1.224975269472832418e+00,-4.293536837504930170e-10,-2.874176399747434141e-06,-2.886324209835090678e-07,9.925351598359132277e-01,-1.901039602327728788e-05,-1.901039602327728788e-05,-4.293536837504930170e-10,-2.890617746672595732e-07,9.925360270212372216e-01,-1.785414892460825001e-05,-1.785414892460825001e-05,-7.198671404032920060e-10,-2.191273173984982933e-06,-2.191273173984982933e-06,3.755738088239737395e-09
1.227277854565826498e+00,-4.232453520456028461e-10,-3.312164355745554379e-06,-2.814801626456512961e-07,9.924799592902882051e-01,4.634182020364449204e-04,4.634182020364449204e-04,-4.232453520456028461e-10,-2.819034079976968951e-07,9.924808050005121673e-01,4.645458156684356991e-04,4.645458156684356991e-04,-7.096325298940723457e-10,-2.065912096557542743e-06,-2.065912096557542743e-06,5.081473238300449680e-09
1.229580439658820579e+00,-4.153331721145713885e-10,-3.729024581138331826e-06,-2.733430023417157708e-07,9.924264822158834765e-01,8.788896877328266277e-04,8.788896877328266277e-04,-4.153331721145713885e-10,-2.737583355138303355e-07,9.924273034908900337e-01,8.799847210748819835e-04,8.799847210748819835e-04,-6.963807531965250776e-10,-1.678340450799721998e-06,-1.678340450799721998e-06,6.376736627790381925e-09
1.231883024751814437e+00,-4.056639178186210807e-10,-4.123535326271822213e-06,-2.642711011726257847e-07,9.923748985608875639e-01,1.167486217870927594e-03,1.167486217870927594e-03,-4.056639178186210807e-10,-2.646767650904444074e-07,9.923756925911828564e-01,1.168544924931289421e-03,1.168544924931289421e-03,-6.801875671065433478e-10,-1.084552389346039579e-06,-1.084552389346039579e-06,7.636864902094177234e-09
1.234185609844808518e+00,-3.942902120759137082e-10,-4.494533697941434415e-06,-2.543173614516124236e-07,9.923253660421322842e-01,1.288354242154511739e-03,1.288354242154511739e-03,-3.942902120759137082e-10,-2.547116516636883142e-07,9.923261301770872622e-01,1.289373088761166511e-03,1.289373088761166511e-03,-6.611394009167017887e-10,-3.700540230777295569e-07,-3.700540230777295569e-07,8.857233923200327996e-09
1.236488194937802598e+00,-3.812703563802623633e-10,-4.840902554215549818e-06,-2.435373088323501583e-07,9.922780298315385661e-01,1.225323708784747207e-03,1.225323708784747207e-03,-3.812703563802623633e-10,-2.439185791887304385e-07,9.922787615872761258e-01,1.226299383101502050e-03,1.226299383101502050e-03,-6.393333098973606009e-10,3.628385215737144935e-07,3.628385215737144935e-07,1.003322602548249039e-08
1.238790780030796679e+00,-3.666682834853623476e-10,-5.161570878112326182e-06,-2.319889891093024948e-07,9.922330222723532156e-01,9.888610324277845830e-04,9.888610324277845830e-04,-3.666682834853623476e-10,-2.323556573927878581e-07,9.922337193393253596e-01,9.897904550573556701e-04,9.897904550573556701e-04,-6.148769627111026073e-10,1.009934464933656610e-06,1.009934464933656610e-06,1.116023379977632251e-08
1.241093365123790759e+00,-3.505535846556345672e-10,-5.455527062214326254e-06,-2.197328488765150448e-07,9.921904626247294301e-01,6.141628081372343430e-04,6.141628081372343430e-04,-3.505535846556345672e-10,-2.200834024611706899e-07,9.921911228749368261e-01,6.150431417470790399e-04,6.150431417470790399e-04,-5.878885774687802857e-10,1.480146509940791095e-06,1.480146509940791095e-06,1.223370047959960624e-08
1.243395950216784840e+00,-3.330015514854054653e-10,-5.721842637823658629e-06,-2.068315728109779489e-07,9.921504568457168993e-01,1.557546661035597881e-04,1.557546661035597881e-04,-3.330015514854054653e-10,-2.071645743624633503e-07,9.921510783394399402e-01,1.565833244010096507e-04,1.565833244010096507e-04,-5.584967273543609315e-10,1.708367058008290294e-06,1.708367058008290294e-06,1.324919157208375439e-08
1.245698535309778698e+00,-3.140931701664529398e-10,-5.959702547154451281e-06,-1.933498578083583807e-07,9.921130974129822588e-01,-3.205528960089274165e-04,-3.205528960089274165e-04,-3.140931701664529398e-10,-1.936639509785248433e-07,9.921136784048352197e-01,-3.197782402050133236e-04,-3.197782402050133236e-04,-5.268399544150229565e-10,1.664448534855303782e-06,1.664448534855303782e-06,1.420248797378213372e-08
1.248001120402772779e+00,-2.939150130939707563e-10,-6.168437259428610365e-06,-1.793541142537731314e-07,9.920784632040295925e-01,-7.471490901889772836e-04,-7.471490901889772836e-04,-2.939150130939707563e-10,-1.796480292668670947e-07,9.920790021481173948e-01,-7.464304980719098544e-04,-7.464304980719098544e-04,-4.930661561648029294e-10,1.357089644406671546e-06,1.357089644406671546e-06,1.508968800611911285e-08
1.250303705495766859e+00,-2.725589874203942322e-10,-6.347551944202556246e-06,-1.649120957836533249e-07,9.920466194430536122e-01,-1.064175714247788621e-03,-1.064175714247788621e-03,-2.725589874203942322e-10,-1.651846547710737279e-07,9.920471149970179203e-01,-1.063514975628704340e-03,-1.063514975628704340e-03,-4.573317399962214473e-10,8.321779195204686055e-07,8.321779195204686055e-07,1.590730490652738248e-08
1.252606290588760940e+00,-2.501219201686793763e-10,-6.496748505871403006e-06,-1.500924693669898347e-07,9.920176177258974715e-01,-1.227805216882164136e-03,-1.227805216882164136e-03,-2.501219201686793763e-10,-1.503425912871585260e-07,9.920180687536713782e-01,-1.227203846517015400e-03,-1.227203846517015400e-03,-4.198005705623747079e-10,1.659297996824641233e-07,1.659297996824641233e-07,1.665234734297044035e-08
1.254908875681755021e+00,-2.267049817667161681e-10,-6.615937427584628889e-06,-1.349643459705373365e-07,9.919914961302267464e-01,-1.216117016240321654e-03,-1.216117016240321654e-03,-2.267049817667161681e-10,-1.351910509523040602e-07,9.919919017033795861e-01,-1.215576252036512433e-03,-1.215576252036512433e-03,-3.806427610746818217e-10,-5.461097259254076018e-07,-5.461097259254076018e-07,1.732237323415147943e-08
1.257211460774749101e+00,-2.024129711721151065e-10,-6.705237877427732000e-06,-1.195967974097577604e-07,9.919682794135138426e-01,-1.031811437759014684e-03,-1.031811437759014684e-03,-2.024129711721151065e-10,-1.197992103809298742e-07,9.919686388111449427e-01,-1.031332240917490857e-03,-1.031332240917490857e-03,-3.400333774856556694e-10,-1.202593601565373644e-06,-1.202593601565373644e-06,1.791551108766696644e-08
1.259514045867743182e+00,-1.773535032296999907e-10,-6.764966164368140955e-06,-1.040583866587335146e-07,9.919479792964438492e-01,-7.014606629643570191e-04,-7.014606629643570191e-04,-1.773535032296999907e-10,-1.042357401619632123e-07,9.919482920036643003e-01,-7.010437200037091497e-04,-7.010437200037091497e-04,-2.981511326780602722e-10,-1.710498617250899136e-06,-1.710498617250899136e-06,1.843044760500990938e-08
1.261816630960737040e+00,-1.516361503257268390e-10,-6.795614163184554525e-06,-8.841673687088949664e-08,9.919305948245757953e-01,-2.714827437682548034e-04,-2.714827437682548034e-04,-1.516361503257268390e-10,-8.856837302121522974e-08,9.919308605296948134e-01,-2.711284702761699314e-04,-2.711284702761699314e-04,-2.551771454204433338e-10,-1.997887082564813330e-06,-1.997887082564813330e-06,1.886638478864945599e-08
1.264119216053731121e+00,-1.253715944994582245e-10,-6.797820553033344161e-06,-7.273815913027156986e-08,9.919161127971702907e-01,1.985299966145176605e-04,1.985299966145176605e-04,-1.253715944994582245e-10,-7.286353072477103266e-08,9.919163313877624732e-01,1.988214507374167503e-04,1.988214507374167503e-04,-2.112938268131273825e-10,-2.023575206457242407e-06,-2.023575206457242407e-06,1.922297361042080250e-08
1.266421801146725201e+00,-9.867084273392018769e-11,-6.772338485574777178e-06,-5.708735140093453850e-08,9.919045082494780674e-01,6.441525229762673759e-04,6.441525229762673759e-04,-9.867084273392018769e-11,-5.718602224366845650e-08,9.919046798075448201e-01,6.443812670652420685e-04,6.443812670652420685e-04,-1.666839373537457577e-10,-1.782444311846178277e-06,-1.782444311846178277e-06,1.950023397666716826e-08
1.268724386239719282e+00,-7.164454799322652751e-11,-6.720003539376949416e-06,-4.152717241998254674e-08,9.918957449737449972e-01,1.004962883007566674e-03,1.004962883007566674e-03,-7.164454799322652751e-11,-4.159881696797577409e-08,9.918958697701959482e-01,1.005129278275438505e-03,1.005129278275438505e-03,-1.215298336257392242e-10,-1.305755723023536568e-06,-1.305755723023536568e-06,1.969847195289632940e-08
1.271026971332713362e+00,-4.440246338715531019e-11,-6.641705528295480684e-06,-2.611848562548136689e-08,9.918897760647575890e-01,1.232662611113818441e-03,1.232662611113818441e-03,-4.440246338715531019e-11,-2.616288808886852113e-08,9.918898545534218236e-01,1.232767262666173815e-03,1.232767262666173815e-03,-7.601289843651436025e-11,-6.565241885758223713e-07,-6.565241885758223713e-07,1.981820490210993589e-08
1.273329556425707443e+00,-1.705303889420220544e-11,-6.538366984808949956e-06,-1.092006077408265036e-08,9.918865444777484885e-01,1.297402859892835989e-03,1.297402859892835989e-03,-1.705303889420220544e-11,-1.093711381297685294e-08,9.918865772890899102e-01,1.297446608348087893e-03,1.297446608348087893e-03,-3.031312543407579366e-11,7.932823742129271449e-08,7.932823742129271449e-08,1.986010347195279564e-08
1.275632141518701301e+00,1.029684811880062848e-11,-6.410930063570089805e-06,4.011484400235045070e-09,9.918859835895446064e-01,1.191509118809316436e-03,1.191509118809316436e-03,1.029684811880062848e-11,4.021781248353845366e-09,9.918859715242008823e-01,1.191493031684322983e-03,1.191493031684322983e-03,1.539118826438829035e-11,8.047649424516469621e-07,8.047649424516469621e-07,1.982495654394186391e-08
1.277934726611695382e+00,3.754205335940656694e-11,-6.260352369882664800e-06,1.862172273267748112e-08,9.918880177574892487e-01,9.301684638893267885e-04,9.301684638893267885e-04,3.754205335940656694e-11,1.865926478603688709e-08,9.918879617796948489e-01,9.300938268301826633e-04,9.300938268301826633e-04,6.092369803634947969e-11,1.424736560894864210e-06,1.424736560894864210e-06,1.971366177064609482e-08
1.280237311704689462e+00,6.457925367181235087e-11,-6.087610987533884974e-06,3.285845634165958871e-08,9.918925628743969769e-01,5.490604954941086116e-04,5.490604954941086116e-04,6.457925367181235087e-11,3.292303559533140040e-08,9.918924641052901947e-01,5.489288033517273312e-04,5.489288033517273312e-04,1.061102747345208734e-10,1.858818641065298258e-06,1.858818641065298258e-06,1.952724067413955379e-08
1.282539896797683543e+00,9.130700562943395163e-11,-5.893712922466185835e-06,4.667177252324183422e-08,9.918995269210972854e-01,9.931927446155832773e-05,9.931927446155832773e-05,9.130700562943395163e-11,4.676307952887126735e-08,9.918993866318587260e-01,9.913222214344284038e-05,9.913222214344284038e-05,1.507793268064804246e-10,2.051716011033509828e-06,2.051716011033509828e-06,1.926687395441103832e-08
1.284842481890677623e+00,1.176258178283373931e-10,-5.679709421612486340e-06,6.001412877873510414e-08,9.919088105205953187e-01,-3.594447058445184636e-04,-3.594447058445184636e-04,1.176258178283373931e-10,6.013175459656344497e-08,9.919086301253314808e-01,-3.596852328629047361e-04,-3.596852328629047361e-04,1.947622205102470815e-10,1.980286814120872174e-06,1.980286814120872174e-06,1.893395008049649892e-08
1.287145066983671704e+00,1.434382744932354917e-10,-5.446711250231001794e-06,7.284047255491199702e-08,9.919203074992648528e-01,-7.670988698801180445e-04,-7.670988698801180445e-04,1.434382744932354917e-10,7.298391082940523013e-08,9.919200885475323304e-01,-7.673908055234356703e-04,-7.673908055234356703e-04,2.378938192496924356e-10,1.656229810828024311e-06,1.656229810828024311e-06,1.853011870779615836e-08
1.289447652076665563e+00,1.686492376664904383e-10,-5.195902041294454677e-06,8.510839450841272977e-08,9.919339054606767236e-01,-1.070854945657105347e-03,-1.070854945657105347e-03,1.686492376664904383e-10,8.527704374607921992e-08,9.919336496295454442e-01,-1.071196053832089564e-03,-1.071196053832089564e-03,2.800131429583099511e-10,1.124167741647278807e-06,1.124167741647278807e-06,1.805734012545313332e-08
1.291750237169659643e+00,1.931661417100069944e-10,-4.928547237413360178e-06,9.677830785614562883e-08,9.919494863767172044e-01,-1.232024649423696860e-03,-1.232024649423696860e-03,1.931661417100069944e-10,9.697147399785563101e-08,9.919491954622952079e-01,-1.232412535319688321e-03,-1.232412535319688321e-03,3.209641289495980707e-10,4.554670386472898631e-07,4.554670386472898631e-07,1.751792276762049499e-08
1.294052822262653724e+00,2.168993790235524223e-10,-4.645996852941594098e-06,1.078136414295077989e-07,9.919669271987840986e-01,-1.230815035644247006e-03,-1.230815035644247006e-03,2.168993790235524223e-10,1.080305408085313511e-07,9.919666031071616707e-01,-1.231247157807481042e-03,-1.231247157807481042e-03,3.605964592493471643e-10,-2.613197506647956679e-07,-2.613197506647956679e-07,1.691454265090837026e-08
1.296355407355647804e+00,2.397627617493361366e-10,-4.349681181180680034e-06,1.181810309815194728e-07,9.919861004893522072e-01,-1.068591270426996797e-03,-1.068591270426996797e-03,2.397627617493361366e-10,1.184207937432688062e-07,9.919857452269710274e-01,-1.069064953601969953e-03,-1.069064953601969953e-03,3.987664081134476181e-10,-9.320866076698042774e-07,-9.320866076698042774e-07,1.625024113717052783e-08
1.298657992448641885e+00,2.616740325770678596e-10,-4.041099531728741661e-06,1.278504923944343200e-07,9.920068750714704509e-01,-7.673766551703263637e-04,-7.673766551703263637e-04,2.616740325770678596e-10,1.281121664270113805e-07,9.920064907349711580e-01,-7.678891038360343953e-04,-7.678891038360343953e-04,4.353376584346240080e-10,-1.469343345946366683e-06,-1.469343345946366683e-06,1.552840030172243359e-08
1.300960577541635965e+00,2.825553899626040362e-10,-3.721802979212989817e-06,1.367955616971070818e-07,9.920291166911470171e-01,-3.667201759726056404e-04,-3.667201759726056404e-04,2.825553899626040362e-10,1.370781170870696989e-07,9.920287054567957785e-01,-3.672684884409539371e-04,-3.672684884409539371e-04,4.701820373987802368e-10,-1.803351156774053882e-06,-1.803351156774053882e-06,1.475269802492491509e-08
1.303263162634630046e+00,3.023339899413606177e-10,-3.393372826692223156e-06,1.449933899461114118e-07,9.920526886854594828e-01,8.160607692293331879e-05,8.160607692293331879e-05,3.023339899413606177e-10,1.452957239360527820e-07,9.920522527982876815e-01,8.102489402718910131e-05,8.102489402718910131e-05,5.031801295429513548e-10,-1.890823605253689267e-06,-1.890823605253689267e-06,1.392704736067216079e-08
1.305565747727623904e+00,3.209423884368350000e-10,-3.057396954212240949e-06,1.524247855503228158e-07,9.920774526478197686e-01,5.203547933510604094e-04,5.203547933510604094e-04,3.209423884368350000e-10,1.527457279387596530e-07,9.920769944106359040e-01,5.197438104393053201e-04,5.197438104393053201e-04,5.342217380181931651e-10,-1.720135377937525456e-06,-1.720135377937525456e-06,1.305552648172671423e-08
1.307868332820617985e+00,3.383188940969509146e-10,-2.715446392196623473e-06,1.590742018797159783e-07,9.921032690813066379e-01,8.941096096323272865e-04,8.941096096323272865e-04,3.383188940969509146e-10,1.594125207738129364e-07,9.921027908437443088e-01,8.934719595492320206e-04,8.934719595492320206e-04,5.632061805516273162e-10,-1.312448475937546785e-06,-1.312448475937546785e-06,1.214230637586468509e-08
1.310170917913612065e+00,3.544078112690300288e-10,-2.369054327817827173e-06,1.649296732975022837e-07,9.921299980313561528e-01,1.156217386658624138e-03,1.156217386658624138e-03,3.544078112690300288e-10,1.652840811087713014e-07,9.921295021791127766e-01,1.155556250334188999e-03,1.155556250334188999e-03,5.900424232282835688e-10,-7.186941979477064293e-07,-7.186941979477064293e-07,1.119158340585453765e-08
1.312473503006606146e+00,3.691595644010144485e-10,-2.019699355322261946e-06,1.699827074307219084e-07,9.921574996902996491e-01,1.274487684993961872e-03,1.274487684993961872e-03,3.691595644010144485e-10,1.703518669951229262e-07,9.921569886346986999e-01,1.273806277525981303e-03,1.273806277525981303e-03,6.146490706666550845e-10,-1.287068527765457322e-08,-1.287068527765457322e-08,1.020752290858589117e-08
1.314776088099600226e+00,3.825307073956544430e-10,-1.668794184381708926e-06,1.742281450071972257e-07,9.921856349680731046e-01,1.234978655650261154e-03,1.234978655650261154e-03,3.825307073956544430e-10,1.746106757145928740e-07,9.921851111360460163e-01,1.234280212947402693e-03,1.234280212947402693e-03,6.369542435949090801e-10,7.174349866645873118e-07,7.174349866645873118e-07,9.194218358415904722e-09
1.317078673192594307e+00,3.944838327195757430e-10,-1.317680310223587095e-06,1.776640005731388304e-07,9.922142660256370039e-01,1.043445528854060420e-03,1.043445528854060420e-03,3.944838327195757430e-10,1.780584844058584050e-07,9.922137318501837999e-01,1.042733294916437089e-03,1.042733294916437089e-03,6.568953828746042837e-10,1.382067835914797881e-06,1.382067835914797881e-06,8.155668500153442583e-09
1.319381258285588165e+00,4.049874040533662191e-10,-9.676284200896961592e-07,1.802912977137658406e-07,9.922432567699788208e-01,7.243289318916208306e-04,7.243289318916208306e-04,4.049874040533662191e-10,1.806962851178192062e-07,9.922427146811234611e-01,7.236061467511495458e-04,7.236061467511495458e-04,6.744190219108803881e-10,1.899475290605812919e-06,1.899475290605812919e-06,7.095772554912201086e-09
1.321683843378582246e+00,4.140155419839121197e-10,-6.198436530929505767e-07,1.821139110926631877e-07,9.922724733117218587e-01,3.174666110565371019e-04,3.174666110565371019e-04,4.140155419839121197e-10,1.825279266346470867e-07,9.922719257279419836e-01,3.167364993499984958e-04,3.167364993499984958e-04,6.894805670516294128e-10,2.206648008413019886e-06,2.206648008413019886e-06,6.018341410064350513e-09
1.323986428471576327e+00,4.215477941586367630e-10,-2.754743204668502210e-07,1.831384249615147553e-07,9.923017843881252187e-01,-1.270140403409525842e-04,-1.270140403409525842e-04,4.215477941586367630e-10,1.835599727556733913e-07,9.923012337082069978e-01,-1.277482802319752767e-04,-1.277482802319752767e-04,7.020441185778166243e-10,2.266636381925210886e-06,2.266636381925210886e-06,4.927120884533293070e-09
1.326289013564570407e+00,4.275689194029758789e-10,6.437761676438764399e-08,1.833740141766683444e-07,9.923310617554369495e-01,-5.549562402062003120e-04,-5.549562402062003120e-04,4.275689194029758789e-10,1.838015830960713138e-07,9.923305103506876446e-01,-5.556914465385846217e-04,-5.556914465385846217e-04,7.120823543256249085e-10,2.072772777978389242e-06,2.072772777978389242e-06,3.825821913948130538e-09
1.328591598657564488e+00,4.320687099727201834e-10,3.986461007102113716e-07,1.828323496885092234e-07,9.923601805550873456e-01,-9.147993152735288489e-04,-9.147993152735288489e-04,4.320687099727201834e-10,1.832644183984819384e-07,9.923596307618322010e-01,-9.155323729471227714e-04,-9.155323729471227714e-04,7.195764853325708264e-10,1.649151143850947230e-06,1.649151143850947230e-06,2.718151946357015899e-09
1.330894183750558568e+00,4.350418681852700493e-10,7.262922122829045088e-07,1.815275264636599164e-07,9.923890196580580358e-01,-1.163760068265951063e-03,-1.163760068265951063e-03,4.350418681852700493e-10,1.819625683318451889e-07,9.923884737703529968e-01,-1.164487918539278350e-03,-1.164487918539278350e-03,7.245162798115374124e-10,1.047379585795360420e-06,1.047379585795360420e-06,1.607842007125657761e-09
1.333196768843552649e+00,4.364879442290475641e-10,1.046298415372593395e-06,1.794760083370650760e-07,9.924174619910245410e-01,-1.272837095468575723e-03,-1.272837095468575723e-03,4.364879442290475641e-10,1.799124962812941121e-07,9.924169222535357271e-01,-1.273556745453700845e-03,-1.273556745453700845e-03,7.269001398367061155e-10,3.400704780558622867e-07,3.400704780558622867e-07,4.986647214091121490e-10
1.335499353936546507e+00,4.364113321933677517e-10,1.357666669547391913e-06,1.766965817545304902e-07,9.924453948466862574e-01,-1.230067047026372215e-03,-1.230067047026372215e-03,4.364113321933677517e-10,1.771329930867238684e-07,9.924448634477069930e-01,-1.230775578998719120e-03,-1.230775578998719120e-03,7.267352057547509789e-10,-3.880869307053285807e-07,-3.880869307053285807e-07,-6.055600615501250777e-10
1.337801939029540588e+00,4.348213124697488247e-10,1.659420730606442735e-06,1.732103090043347802e-07,9.924727101792426565e-01,-1.041686661900294341e-03,-1.041686661900294341e-03,4.348213124697488247e-10,1.736451303168045225e-07,9.924721892438517212e-01,-1.042381242421561551e-03,-1.042381242421561551e-03,7.240374575127484146e-10,-1.050557881433862288e-06,-1.050557881433862288e-06,-1.700973706774163481e-09
1.340104524122534668e+00,4.317321216628929218e-10,1.950612411643385295e-06,1.690404714417929547e-07,9.924993048844683585e-01,-7.311130806372691379e-04,-7.311130806372691379e-04,4.317321216628929218e-10,1.694722035634558380e-07,9.924987964678576580e-01,-7.317909694515229227e-04,-7.317909694515229227e-04,7.188317803434971481e-10,-1.569255552267462375e-06,-1.569255552267462375e-06,-2.783701151670864479e-09
1.342407109215528749e+00,4.271630267540640795e-10,2.230331089736569760e-06,1.642124943196695794e-07,9.925250810624630660e-01,-3.359155026547551112e-04,-3.359155026547551112e-04,4.271630267540640795e-10,1.646396573464236347e-07,9.925245871434910105e-01,-3.365740612841408141e-04,-3.365740612841408141e-04,7.111519645804544438e-10,-1.883677214715981064e-06,-1.883677214715981064e-06,-3.849885337980525960e-09
1.344709694308522829e+00,4.211383788728171879e-10,2.497715368671075068e-06,1.587538469483730449e-07,9.925499462600826384e-01,9.681710001193157553e-05,9.681710001193157553e-05,4.211383788728171879e-10,1.591749853272458516e-07,9.925494687351266165e-01,9.618040007062258990e-05,9.618040007062258990e-05,7.010406153161191069e-10,-1.957829509645913360e-06,-1.957829509645913360e-06,-4.895730467756805534e-09
1.347012279401516910e+00,4.136876236754494506e-10,2.751965583154913283e-06,1.526939147160508789e-07,9.925738136894123320e-01,5.161309476045850301e-04,5.161309476045850301e-04,4.136876236754494506e-10,1.531076023397263159e-07,9.925733543666053205e-01,5.155185171952261737e-04,5.155185171952261737e-04,6.885489562987307026e-10,-1.784174131018994791e-06,-1.784174131018994791e-06,-5.917549877594550905e-09
1.349314864494510768e+00,4.048452496663680101e-10,2.992355771714427505e-06,1.460638426309765603e-07,9.925966024184745828e-01,8.732009778244765284e-04,8.732009778244765284e-04,4.048452496663680101e-10,1.464686878806429390e-07,9.925961630124109369e-01,8.726151030729539055e-04,8.726151030729539055e-04,6.737365227381857886e-10,-1.384191925976096896e-06,-1.384191925976096896e-06,-6.911813904538517035e-09
1.351617449587504849e+00,3.946506622037173268e-10,3.218243850257196036e-06,1.388963531227955957e-07,9.926182375306928929e-01,1.126958922940152858e-03,1.126958922940152858e-03,3.946506622037173268e-10,1.392910037849993088e-07,9.926178196576815882e-01,1.126401758925012859e-03,1.126401758925012859e-03,6.566707482943073573e-10,-8.055665395061331275e-07,-8.055665395061331275e-07,-7.875193251666197123e-09
1.353920034680498929e+00,3.831479785693003606e-10,3.429078963907372128e-06,1.312255435018022462e-07,9.926386502503747877e-01,1.248714233475227160e-03,1.248714233475227160e-03,3.831479785693003606e-10,1.316086914803715368e-07,9.926382554243003975e-01,1.248187798709305719e-03,1.248187798709305719e-03,6.374264612109354331e-10,-1.163802760473356248e-07,-1.163802760473356248e-07,-8.804594005746079324e-09
1.356222619773493010e+00,3.703857474234351585e-10,3.624405344145094083e-06,1.230866704423548996e-07,9.926577780325587241e-01,1.225260406697077642e-03,1.225260406697077642e-03,3.703857474234351585e-10,1.234570561897783237e-07,9.926574076613901010e-01,1.224766578472318620e-03,1.224766578472318620e-03,6.160853122713684618e-10,6.029500527008124679e-07,6.029500527008124679e-07,-9.697181512065652500e-09
1.358525204866487091e+00,3.564166032901150197e-10,3.803862405052346648e-06,1.145159299412067040e-07,9.926755646168337055e-01,1.060147399535461788e-03,1.060147399535461788e-03,3.564166032901150197e-10,1.148723465444968220e-07,9.926752199997940229e-01,1.059687910149283759e-03,1.059687910149283759e-03,5.927351622024145068e-10,1.269027586384783940e-06,1.269027586384783940e-06,-1.055039162995814179e-08
1.360827789959481171e+00,3.412968726268509655e-10,3.967181226678205920e-06,1.055502413296861106e-07,9.926919600460515358e-01,7.730192617164293508e-04,7.730192617164293508e-04,3.412968726268509655e-10,1.058915382023129570e-07,9.926916423714369220e-01,7.725956955636201001e-04,7.725956955636201001e-04,5.674694579211535480e-10,1.805026351717155118e-06,1.805026351717155118e-06,-1.136192931220957302e-08
1.363130375052475252e+00,3.250861519287416606e-10,4.114177947767291653e-06,9.622704312939454219e-08,9.927069206520652278e-01,3.971389033810681984e-04,3.971389033810681984e-04,3.250861519287416606e-10,9.655212928132328727e-08,9.927066309956773527e-01,3.967526948639429137e-04,3.967526948639429137e-04,5.403866255606858615e-10,2.149348846567463644e-06,2.149348846567463644e-06,-1.212975580599042215e-08
1.365432960145469110e+00,3.078468798571492014e-10,4.244744884604986472e-06,8.658410697484687420e-08,9.927204090116167334e-01,-2.457642967302433635e-05,-2.457642967302433635e-05,3.078468798571492014e-10,8.689195385470401812e-08,9.927201483357551703e-01,-2.492399748844315401e-05,-2.492399748844315401e-05,5.115895038558449718e-10,2.262427912242719157e-06,2.262427912242719157e-06,-1.285206691288952504e-08
1.367735545238463191e+00,2.896439245112060045e-10,4.358840379472483162e-06,7.665937370230973321e-08,9.927323938761737354e-01,-4.445268376520789856e-04,-4.445268376520789856e-04,2.896439245112060045e-10,7.694901762682094293e-08,9.927321630291208177e-01,-4.448346337225862518e-04,-4.448346337225862518e-04,4.811848348524246897e-10,2.130943027167934993e-06,2.130943027167934993e-06,-1.352726555480925826e-08
1.370038130331457271e+00,2.705442038882457285e-10,4.456478447046859429e-06,6.649081328996400093e-08,9.927428500798305411e-01,-8.158272492095629052e-04,-8.158272492095629052e-04,2.705442038882457285e-10,6.676135749385224598e-08,9.927426497957581031e-01,-8.160942946395383091e-04,-8.160942946395383091e-04,4.492828208784141871e-10,1.769029064761084407e-06,1.769029064761084407e-06,-1.415393229845313964e-08
1.372340715424451352e+00,2.506163527531432145e-10,4.537719230515472346e-06,5.611630791365824240e-08,9.927517584293326092e-01,-1.097518366276354750e-03,-1.097518366276354750e-03,2.506163527531432145e-10,5.636692426641138339e-08,9.927515893285597803e-01,-1.097743833973420470e-03,-1.097743833973420470e-03,4.159967482470943277e-10,1.216401929735795521e-06,1.216401929735795521e-06,-1.473079747094112820e-08
1.374643300517445432e+00,2.299304431729354502e-10,4.602661115137567121e-06,4.557355522133974985e-08,9.927591055798906661e-01,-1.259016917135768543e-03,-1.259016917135768543e-03,2.299304431729354502e-10,4.580348566451268207e-08,9.927589681694336532e-01,-1.259200131078426575e-03,-1.259200131078426575e-03,3.814426702108067012e-10,5.336704195694547694e-07,5.336704195694547694e-07,-1.525671807843604667e-08
1.376945885610439513e+00,2.085577595805811991e-10,4.651435100405807456e-06,3.489998724826163187e-08,9.927648838997954472e-01,-1.283331609307811205e-03,-1.283331609307811205e-03,2.085577595805811991e-10,3.510854500784221232e-08,9.927647785741604558e-01,-1.283472043487842579e-03,-1.283472043487842579e-03,3.457391351006292208e-10,-2.045910964672502798e-07,-2.045910964672502798e-07,-1.573066198720111230e-08
1.379248470703433371e+00,1.865706231286567380e-10,4.684201735189080647e-06,2.413269934813009971e-08,9.927690913260085459e-01,-1.168720662885334126e-03,-1.168720662885334126e-03,1.865706231286567380e-10,2.431926997125875692e-08,9.927690183681986413e-01,-1.168817939965219104e-03,-1.168817939965219104e-03,3.090069410238613812e-10,-9.182014717379320254e-07,-9.182014717379320254e-07,-1.615170084341793468e-08
1.381551055796427452e+00,1.640422549286148812e-10,4.701150608970294414e-06,1.330838317683826176e-08,9.927717312119984649e-01,-9.286469826086655348e-04,-9.286469826086655348e-04,1.640422549286148812e-10,1.347242543176687690e-08,9.927716907947221614e-01,-9.287008723103926154e-04,-9.287008723103926154e-04,2.713688963424055192e-10,-1.530217647532423882e-06,-1.530217647532423882e-06,-1.651901211495141144e-08
1.383853640889421532e+00,1.410466640563000647e-10,4.702502101416198294e-06,2.463258127633321470e-09,9.927728121682283247e-01,-5.900770257451217957e-04,-5.900770257451217957e-04,1.410466640563000647e-10,2.604304791689621690e-09,9.927728043553138981e-01,-5.900874429642885034e-04,-5.900874429642885034e-04,2.329495655293688978e-10,-1.975289872423951915e-06,-1.975289872423951915e-06,-1.683188956058209690e-08
1.386156225982415613e+00,1.176585442674494869e-10,4.688510852345747057e-06,-8.367003404217156192e-09,9.927723478949574965e-01,-1.903481712747532922e-04,-1.903481712747532922e-04,1.176585442674494869e-10,-8.249344859949707118e-09,9.927723726429921181e-01,-1.903151738953134963e-04,-1.903151738953134963e-04,1.938749827252819311e-10,-2.206628407480750065e-06,-2.206628407480750065e-06,-1.708976048646994329e-08
1.388458811075409693e+00,9.395316332727114614e-11,4.659470247480313621e-06,-1.914736009798619568e-08,9.927703570064827510e-01,2.270220842979252848e-04,2.270220842979252848e-04,9.395316332727114614e-11,-1.905340693465892486e-08,9.927704141667035298e-01,2.270982979256639159e-04,2.270982979256639159e-04,1.542723199713299934e-10,-2.200855007907922250e-06,-2.200855007907922250e-06,-1.729220743103780201e-08
1.390761396168403774e+00,7.000623062454734826e-11,4.615717135487428205e-06,-2.984349656002878067e-08,9.927668628456506328e-01,6.171084170727398439e-04,6.171084170727398439e-04,7.000623062454734826e-11,-2.977349032940423304e-08,9.927669521661216523e-01,6.172275110340574421e-04,6.172275110340574421e-04,1.142695030795410292e-10,-1.960258188785669695e-06,-1.960258188785669695e-06,-1.743899149324860523e-08
1.393063981261397632e+00,4.589373203394748438e-11,4.557636001840442011e-06,-4.042192857197358228e-08,9.927618932874500146e-01,9.384059898365432542e-04,9.384059898365432542e-04,4.589373203394748438e-11,-4.037603483993963655e-08,9.927620144155545612e-01,9.385674939759030026e-04,9.385674939759030026e-04,7.399477469502987362e-11,-1.512261710163461820e-06,-1.512261710163461820e-06,-1.753007441521040161e-08
1.395366566354391713e+00,2.169172538330618568e-11,4.485661918177364698e-06,-5.085011666143226507e-08,9.927554805307042818e-01,1.157198346044124035e-03,1.157198346044124035e-03,2.169172538330618568e-11,-5.082842493604895631e-08,9.927556330159791331e-01,1.157401659743868220e-03,1.157401659743868220e-03,3.357621057151035390e-11,-9.062182602856360921e-07,-9.062182602856360921e-07,-1.756563674185805373e-08
1.397669151447385794e+00,-2.523905145771865010e-12,4.400281746983160982e-06,-6.109658452712977311e-08,9.927476608773208033e-01,1.251012133939791680e-03,1.251012133939791680e-03,-2.523905145771865010e-12,-6.109910843227554015e-08,9.927478441746461213e-01,1.251256530373520779e-03,1.251256530373520779e-03,-6.858799269025777087e-12,-2.079222964456999909e-07,-2.079222964456999909e-07,-1.754608986842075648e-08
1.399971736540379874e+00,-2.667773236015822363e-11,4.302033289189493561e-06,-7.113103788610551041e-08,9.927384744991244458e-01,1.210815495779504975e-03,1.210815495779504975e-03,-2.667773236015822363e-11,-7.115771561846566532e-08,9.927386879722712720e-01,1.211100126641978915e-03,1.211100126641978915e-03,-4.718408855176641382e-11,5.075318360442147844e-07,5.075318360442147844e-07,-1.747208048387815728e-08
1.402274321633373955e+00,-5.069509932543560506e-11,4.191502291823007246e-06,-8.092447885603859235e-08,9.927279651929598048e-01,1.041759143531128346e-03,1.041759143531128346e-03,-5.069509932543560506e-11,-8.097517395536402855e-08,9.927282081184817253e-01,1.042083044226949865e-03,1.042083044226949865e-03,-8.727525349616184130e-11,1.163760974469515947e-06,1.163760974469515947e-06,-1.734448674074606759e-08
1.404576906726368035e+00,-7.450245121048399178e-11,4.069317458662325299e-06,-9.044931106121797750e-08,9.927161801254026363e-01,7.624177669583358588e-04,7.624177669583358588e-04,-7.450245121048399178e-11,-9.052381351242845713e-08,9.927164516968431940e-01,7.627798622123855773e-04,7.627798622123855773e-04,-1.270101732959732356e-10,1.691115582826185752e-06,1.691115582826185752e-06,-1.716440633534874574e-08
1.406879491819362116e+00,-9.802767209163980840e-11,3.936143805588427726e-06,-9.967943121966242120e-08,9.927031695690001767e-01,4.026472522548604012e-04,4.026472522548604012e-04,-9.802767209163980840e-11,-9.977745889175406451e-08,9.927034689013768398e-01,4.030463620904274147e-04,4.030463620904274147e-04,-1.662694946927916707e-10,2.033875316735089021e-06,2.033875316735089021e-06,-1.693313747733415534e-08
1.409182076912355974e+00,-1.212004122939208052e-10,3.792674854950055625e-06,-1.085903039456868041e-07,9.926889866324263290e-01,3.138124653131739388e-07,3.138124653131739388e-07,-1.212004122939208052e-10,-1.087115043579807288e-07,9.926893127669393913e-01,7.486584827450968541e-07,7.486584827450968541e-07,-2.049370660463039856e-10,2.155885804184153158e-06,2.155885804184153158e-06,-1.665215438326953632e-08
1.411484662005350055e+00,-1.439523925096928630e-10,3.639624256865919833e-06,-1.171590177641124774e-07,9.926736869872131441e-01,-4.027394185767833087e-04,-4.027394185767833087e-04,-1.439523925096928630e-10,-1.173029701566221742e-07,9.926740388961236006e-01,-4.022702066961568088e-04,-4.022702066961568088e-04,-2.429003106383620528e-10,2.044083976284227352e-06,2.044083976284227352e-06,-1.632307938635752736e-08
1.413787247098344135e+00,-1.662176729335737422e-10,3.477717453980699684e-06,-1.253643217347012475e-07,9.926573285938197211e-01,-7.650546468853973913e-04,-7.650546468853973913e-04,-1.662176729335737422e-10,-1.255305394076348271e-07,9.926577051854379441e-01,-7.645525247277668197e-04,-7.645525247277668197e-04,-2.800505340678021754e-10,1.709590477188737980e-06,1.709590477188737980e-06,-1.594765397641389492e-08
1.416089832191338216e+00,-1.879328787224550344e-10,3.307683970895994613e-06,-1.331866434783526343e-07,9.926399714296948451e-01,-1.049795513134702766e-03,-1.049795513134702766e-03,-1.879328787224550344e-10,-1.333745763570750888e-07,9.926403715534238836e-01,-1.049262014829274552e-03,-1.049262014829274552e-03,-3.162831659415552413e-10,1.186305329573961949e-06,1.186305329573961949e-06,-1.552771106130775073e-08
1.418392417284332296e+00,-2.090373768716326978e-10,3.130250817896672162e-06,-1.406080906402799007e-07,9.926216772217135720e-01,-1.228427898757272416e-03,-1.228427898757272416e-03,-2.090373768716326978e-10,-1.408171280171515411e-07,9.926220996730976687e-01,-1.227864630245203851e-03,-1.227864630245203851e-03,-3.514979410934383171e-10,5.271998505677091101e-07,5.271998505677091101e-07,-1.506515048881836065e-08
1.420695002377326377e+00,-2.294734036802476061e-10,2.946137363496995052e-06,-1.476124388041470993e-07,9.926025091849539628e-01,-1.283485058499813942e-03,-1.283485058499813942e-03,-2.294734036802476061e-10,-1.478419122078273485e-07,9.926029527106905448e-01,-1.282893690850982552e-03,-1.282893690850982552e-03,-3.855990297780171006e-10,-2.012723623210191808e-07,-2.012723623210191808e-07,-1.456191942445827893e-08
1.422997587470320235e+00,-2.491861459398859214e-10,2.756051868121064367e-06,-1.541851095030581073e-07,9.925825317692686944e-01,-1.210159694590037111e-03,-1.210159694590037111e-03,-2.491861459398859214e-10,-1.544342956489979972e-07,9.925829950721556383e-01,-1.209541957407441045e-03,-1.209541957407441045e-03,-4.184951293131667817e-10,-9.260422036200954532e-07,-9.260422036200954532e-07,-1.401999860159884453e-08
1.425300172563314316e+00,-2.681237824331170157e-10,2.560689699915232978e-06,-1.603131422168710070e-07,9.925618104145601528e-01,-1.016591169782685806e-03,-1.016591169782685806e-03,-2.681237824331170157e-10,-1.605812659993041219e-07,9.925622921583581171e-01,-1.015948844718688685e-03,-1.015948844718688685e-03,-4.500995312439245985e-10,-1.574852124622192841e-06,-1.574852124622192841e-06,-1.344139481096309566e-08
1.427602757656308397e+00,-2.862374949579167663e-10,2.360733090988656515e-06,-1.659851641003528899e-07,9.925404113151297114e-01,-7.228507436930170331e-04,-7.228507436930170331e-04,-2.862374949579167663e-10,-1.662714015953108151e-07,9.925409101293345415e-01,-7.221856580866358290e-04,-7.221856580866358290e-04,-4.803301781896251808e-10,-2.083487139231599218e-06,-2.083487139231599218e-06,-1.282813934616699033e-08
1.429905342749302477e+00,-3.034814596822865551e-10,2.156852153962866842e-06,-1.711913606920022239e-07,9.925184011930026085e-01,-3.587576767426502752e-04,-3.587576767426502752e-04,-3.034814596822865551e-10,-1.714948421516845135e-07,9.925189156775290344e-01,-3.580716973740435570e-04,-3.580716973740435570e-04,-5.091097231902105327e-10,-2.402091353884126766e-06,-2.402091353884126766e-06,-1.218229153549200706e-08
1.432207927842296558e+00,-3.198128300780020951e-10,1.949706776773705898e-06,-1.759234500799431260e-07,9.924958470797508037e-01,3.922850289315084636e-05,3.922850289315084636e-05,-3.198128300780020951e-10,-1.762432629100211191e-07,9.924963758095395328e-01,3.993347594479092861e-05,3.993347594479092861e-05,-5.363656017983909713e-10,-2.499960042956444081e-06,-2.499960042956444081e-06,-1.150594602223384716e-08
1.434510512935290638e+00,-3.351917219987921162e-10,1.739948955959276546e-06,-1.801746620433550921e-07,9.924728161060992759e-01,4.317098439674001533e-04,4.317098439674001533e-04,-3.351917219987921162e-10,-1.805098537653538935e-07,9.924733576356605802e-01,4.324318833824615754e-04,4.324318833824615754e-04,-5.620301236946262862e-10,-2.368363142154970159e-06,-2.368363142154970159e-06,-1.080124214655802752e-08
1.436813098028284497e+00,-3.495812097813102063e-10,1.528225118044926302e-06,-1.839397226517374463e-07,9.924493752984829831e-01,7.802670943340450941e-04,7.802670943340450941e-04,-3.495812097813102063e-10,-1.842893038615187499e-07,9.924499281663945460e-01,7.810042515494911627e-04,7.810042515494911627e-04,-5.860405866249116257e-10,-2.021161003456929713e-06,-2.021161003456929713e-06,-1.007037365257036714e-08
1.439115683121278577e+00,-3.629473397735320752e-10,1.315178013127634624e-06,-1.872148437971796440e-07,9.924255913817626729e-01,1.051202996015524827e-03,1.051202996015524827e-03,-3.629473397735320752e-10,-1.875777911369531806e-07,9.924261541151361277e-01,1.051953307180072614e-03,1.051953307180072614e-03,-6.083394113988635887e-10,-1.493195881185168752e-06,-1.493195881185168752e-06,-9.315596998009738350e-09
1.441418268214272658e+00,-3.752591647162633573e-10,1.101447838107404041e-06,-1.899977162542898593e-07,9.924015305874466231e-01,1.218750772747277406e-03,1.218750772747277406e-03,-3.752591647162633573e-10,-1.903729754190061245e-07,9.924021017063728856e-01,1.219512264648953430e-03,1.219512264648953430e-03,-6.288742929444925995e-10,-8.366604845249239837e-07,-8.366604845249239837e-07,-8.539236765246311572e-09
1.443720853307266738e+00,-3.864887992345572597e-10,8.876723495797671109e-07,-1.922875041873938454e-07,9.923772584670160768e-01,1.267449177539883972e-03,1.267449177539883972e-03,-3.864887992345572597e-10,-1.926739929866283902e-07,9.923778364889950243e-01,1.268219873511830477e-03,1.268219873511830477e-03,-6.475983593490787046e-10,-1.158369571524448967e-07,-1.158369571524448967e-07,-7.743687030320607315e-09
1.446023438400260819e+00,-3.966114936543026467e-10,6.744858463647506704e-07,-1.940848386090481635e-07,9.923528397102528986e-01,1.193474705167789970e-03,1.193474705167789970e-03,-3.966114936543026467e-10,-1.944814501027024776e-07,9.923534231546031759e-01,1.194252630968200678e-03,1.194252630968200678e-03,-6.644703286909924746e-10,5.992520018865866084e-07,5.992520018865866084e-07,-6.931407999310359192e-09
1.448326023493254899e+00,-4.056057207328036151e-10,4.625170262941344674e-07,-1.953918071630645840e-07,9.923283379687953820e-01,1.004828078672384073e-03,1.004828078672384073e-03,-4.056057207328036151e-10,-1.957974128837973819e-07,9.923289253610340088e-01,1.005611268323919295e-03,1.005611268323919295e-03,-6.794546524468972382e-10,1.239646361769000349e-06,1.239646361769000349e-06,-6.104917719453511366e-09
1.450628608586248980e+00,-4.134532679140142172e-10,2.523858388983413217e-07,-1.962119377553883963e-07,9.923038156854614433e-01,7.203849927989498412e-04,7.203849927989498412e-04,-4.134532679140142172e-10,-1.966253910233024233e-07,9.923044055616344616e-01,7.211714943630430667e-04,7.211714943630430667e-04,-6.925216343893731493e-10,1.744044560995370032e-06,1.744044560995370032e-06,-5.266779165745685731e-09
1.452931193679242838e+00,-4.201393265480395141e-10,4.469955427817966211e-08,-1.965501739567181175e-07,9.922793339301457793e-01,3.679292921141807384e-04,3.679292921141807384e-04,-4.201393265480395141e-10,-1.969703132832661546e-07,9.922799248410856254e-01,3.687171733673137914e-04,3.687171733673137914e-04,-7.036475151050836176e-10,2.064566017500520631e-06,2.064566017500520631e-06,-4.419583445177743428e-09
1.455233778772236919e+00,-4.256525692245612881e-10,-1.599516595571448768e-07,-1.964128406990743456e-07,9.922549522432895230e-01,-1.861986795135098135e-05,-1.861986795135098135e-05,-4.256525692245612881e-10,-1.968384932682988974e-07,9.922555427587693710e-01,-1.783251397827778661e-05,-1.783251397827778661e-05,-7.128145143967636432e-10,2.171148991056462583e-06,2.171148991056462583e-06,-3.565930211102705597e-09
1.457536363865230999e+00,-4.299852069477690877e-10,-3.609993184369917397e-07,-1.958075995164318620e-07,9.922307284880249600e-01,-4.025050946207240125e-04,-4.025050946207240125e-04,-4.299852069477690877e-10,-1.962375847233796231e-07,9.922313172007791726e-01,-4.017201442818305111e-04,-4.017201442818305111e-04,-7.200108266386988008e-10,2.054194654340425553e-06,2.054194654340425553e-06,-2.708406611112085348e-09
1.459838948958225080e+00,-4.331330192321031050e-10,-5.579010238947864328e-07,-1.947433933607766192e-07,9.922067187121040854e-01,-7.476289608587823694e-04,-7.476289608587823694e-04,-4.331330192321031050e-10,-1.951765263800087346e-07,9.922073042416832411e-01,-7.468482547532623653e-04,-7.468482547532623653e-04,-7.252305673397725117e-10,1.725243120137626070e-06,1.725243120137626070e-06,-1.849566187906793031e-09
1.462141534051219161e+00,-4.350953521619954460e-10,-7.501443718403526559e-07,-1.932303817830208901e-07,9.921829770206253007e-01,-1.021920632407875146e-03,-1.021920632407875146e-03,-4.350953521619954460e-10,-1.936654771351828756e-07,9.921835580170567104e-01,-1.021145970499334320e-03,-1.021145970499334320e-03,-7.284736724156111790e-10,1.215657198269457931e-06,1.215657198269457931e-06,-9.919091122239239900e-10
1.464444119144213241e+00,-4.358750818244792431e-10,-9.372501081576856384e-07,-1.912798679334317076e-07,9.921595554604031308e-01,-1.200260048169844718e-03,-1.200260048169844718e-03,-4.358750818244792431e-10,-1.917157430152561901e-07,9.921601306076321958e-01,-1.199493185197783585e-03,-1.199493185197783585e-03,-7.297457546778356911e-10,5.734764988282096247e-07,5.734764988282096247e-07,-1.378649610792777820e-10
1.466746704237207100e+00,-4.354785430547993429e-10,-1.118774345859774854e-06,-1.889042193520704975e-07,9.921365039165774835e-01,-1.266698846942122684e-03,-1.266698846942122684e-03,-4.354785430547993429e-10,-1.893396978951252937e-07,9.921370719356711332e-01,-1.265941488150542152e-03,-1.265941488150542152e-03,-7.290579245493690871e-10,-1.412291581294483571e-07,-1.412291581294483571e-07,7.102210144149917391e-10
1.469049289330201180e+00,-4.339154258919960828e-10,-1.294309745808997703e-06,-1.861167848467954163e-07,9.921138700217813078e-01,-1.215789817536586711e-03,-1.215789817536586711e-03,-4.339154258919960828e-10,-1.865507002726874188e-07,9.921144296738820811e-01,-1.215043614735495867e-03,-1.215043614735495867e-03,-7.264265838057037380e-10,-8.620470213583827766e-07,-8.620470213583827766e-07,1.550097529086538258e-09
1.471351874423195261e+00,-4.311986443041900742e-10,-1.463485654410894725e-06,-1.829318098754395026e-07,9.920916990778797517e-01,-1.052924209029241186e-03,-1.052924209029241186e-03,-4.311986443041900742e-10,-1.833630085197436795e-07,9.920922491669053045e-01,-1.052190756995162240e-03,-1.052190756995162240e-03,-7.218732020965121099e-10,-1.522404554521464217e-06,-1.522404554521464217e-06,2.379612588030709582e-09
1.473654459516189341e+00,-4.273441834296931206e-10,-1.625967278475334634e-06,-1.793643527606532919e-07,9.920700339900074827e-01,-7.936701507763985371e-04,-7.936701507763985371e-04,-4.273441834296931206e-10,-1.797916969440829733e-07,9.920705733650982960e-01,-7.929509839886221935e-04,-7.929509839886221935e-04,-7.154240860759849562e-10,-2.061671343718535520e-06,-2.061671343718535520e-06,3.196714651218528911e-09
1.475957044609183422e+00,-4.223709326612361935e-10,-1.781454051986162647e-06,-1.754302037905158370e-07,9.920489152123662668e-01,-4.621968592705411180e-04,-4.621968592705411180e-04,-4.223709326612361935e-10,-1.758525747231770861e-07,9.920494427700904394e-01,-4.614934489716484276e-04,-4.614934489716484276e-04,-7.071101502034237693e-10,-2.430624121417847503e-06,-2.430624121417847503e-06,3.999450139830947941e-09
1.478259629702177502e+00,-4.163005123088953336e-10,-1.929677405832573686e-06,-1.711458088309574872e-07,9.920283807050440661e-01,-8.895000347735834180e-05,-8.895000347735834180e-05,-4.163005123088953336e-10,-1.715621093432663848e-07,9.920288953913720675e-01,-8.826375503998527827e-05,-8.826375503998527827e-05,-6.969666967815527392e-10,-2.595790739348453009e-06,-2.595790739348453009e-06,4.785958067659192365e-09
1.480562214795171583e+00,-4.091571013092436038e-10,-2.070398185691453950e-06,-1.665281985444586412e-07,9.920084659009713590e-01,2.921933646596901928e-04,2.921933646596901928e-04,-4.091571013092436038e-10,-1.669373556457678855e-07,9.920089667130382871e-01,2.928611140822732508e-04,2.928611140822732508e-04,-6.850332107520548190e-10,-2.542302270461067320e-06,-2.542302270461067320e-06,5.554462777255845941e-09
1.482864799888165441e+00,-4.009672725611657783e-10,-2.203403973546036676e-06,-1.615949237269479455e-07,9.919892036820618930e-01,6.470215701017889218e-04,6.470215701017889218e-04,-4.009672725611657783e-10,-1.619958909995091098e-07,9.919896896697348865e-01,6.476695536657869597e-04,6.476695536657869597e-04,-6.713531723796564715e-10,-2.275026003548321501e-06,-2.275026003548321501e-06,6.303265858394671201e-09
1.485167384981159522e+00,-3.917598410721926063e-10,-2.328506555376766588e-06,-1.563639966960914860e-07,9.919706243635854070e-01,9.440531620668038068e-04,9.440531620668038068e-04,-3.917598410721926063e-10,-1.567557565371636709e-07,9.919710946308549770e-01,9.446801850929525089e-04,9.446801850929525089e-04,-6.559738884601313452e-10,-1.817911985613039624e-06,-1.817911985613039624e-06,7.030738322497990348e-09
1.487469970074153602e+00,-3.815657283420343976e-10,-2.445539744003668385e-06,-1.508538381401522983e-07,9.919527556858872552e-01,1.157297246299879203e-03,1.157297246299879203e-03,-3.815657283420343976e-10,-1.512354038684943237e-07,9.919532093920988558e-01,1.157902187915353133e-03,1.157902187915353133e-03,-6.389463403129057608e-10,-1.211647100020934144e-06,-1.211647100020934144e-06,7.735314007031765061e-09
1.489772555167147683e+00,-3.704178444652705556e-10,-2.554357716202194372e-06,-1.450832284101107837e-07,9.919356228126892105e-01,1.268471608342822262e-03,1.268471608342822262e-03,-3.704178444652705556e-10,-1.454536462545760564e-07,9.919360591736279265e-01,1.269053422927840557e-03,1.269053422927840557e-03,-6.203250447711447874e-10,-5.098589883528756952e-07,-5.098589883528756952e-07,8.415485002677492984e-09
1.492075140260141763e+00,-3.583509874830112226e-10,-2.654833962515504817e-06,-1.390712619401624022e-07,9.919192483353623802e-01,1.268495760872853997e-03,1.268495760872853997e-03,-3.583509874830112226e-10,-1.394296129276454109e-07,9.919196666242011684e-01,1.269053479324564653e-03,1.269053479324564653e-03,-6.001679228261802761e-10,2.257652988472826956e-07,2.257652988472826956e-07,9.069799653967779576e-09
1.494377725353135844e+00,-3.454017577252502643e-10,-2.746860882705435393e-06,-1.328373033310405408e-07,9.919036522827424651e-01,1.158145197238059617e-03,1.158145197238059617e-03,-3.454017577252502643e-10,-1.331827050887657946e-07,9.919040518308577248e-01,1.158677928058414724e-03,1.158677928058414724e-03,-5.785361696313324759e-10,9.309942110046269468e-07,9.309942110046269468e-07,9.696863405832746838e-09
1.496680310446129702e+00,-3.316084834092976420e-10,-2.830349995587107776e-06,-1.264009436307110555e-07,9.918888521362368982e-01,9.478299859909664667e-04,9.478299859909664667e-04,-3.316084834092976420e-10,-1.267325521141203421e-07,9.918892323338932560e-01,9.483369161994228969e-04,9.483369161994228969e-04,-5.554941192751722990e-10,1.544703827877310372e-06,1.544703827877310372e-06,1.029534248064024692e-08
1.498982895539123783e+00,-3.170111527079805439e-10,-2.905232674627329000e-06,-1.197819554882395870e-07,9.918748628501382614e-01,6.565383743798940781e-04,6.565383743798940781e-04,-3.170111527079805439e-10,-1.200989666409475595e-07,9.918752231470381320e-01,6.570187702464578595e-04,6.570187702464578595e-04,-5.311090980882187845e-10,2.014170969078207145e-06,2.014170969078207145e-06,1.086397009862050190e-08
1.501285480632117864e+00,-3.016513469442362092e-10,-2.971461274727650611e-06,-1.130002461177068202e-07,9.918616968771951647e-01,3.100574942549024437e-04,3.100574942549024437e-04,-3.016513469442362092e-10,-1.133018974646510550e-07,9.918620367828875350e-01,3.105107018447610264e-04,3.105107018447610264e-04,-5.054512611857048596e-10,2.299554369734670573e-06,2.299554369734670573e-06,1.140155472188234225e-08
1.503588065725111944e+00,-2.855721695296951162e-10,-3.029010484334141420e-06,-1.060758073594297005e-07,9.918493641995891341e-01,-6.135739213460010273e-05,-6.135739213460010273e-05,-2.855721695296951162e-10,-1.063613795289593903e-07,9.918496832837276900e-01,-6.093194661648427147e-05,-6.093194661648427147e-05,-4.785934083604138646e-10,2.377192378061250187e-06,2.377192378061250187e-06,1.190698962666713200e-08
1.505890650818106025e+00,-2.688181657217813132e-10,-3.077878722194778084e-06,-9.902866252927427872e-08,9.918378723655114637e-01,-4.256510845711351776e-04,-4.256510845711351776e-04,-2.688181657217813132e-10,-9.929748069499606525e-08,9.918381702579535109e-01,-4.252538946483551841e-04,-4.252538946483551841e-04,-4.506107771773969325e-10,2.241456743647715453e-06,2.241456743647715453e-06,1.237926300211928206e-08
1.508193235911100105e+00,-2.514352291628944729e-10,-3.118089399961114343e-06,-9.187881016483631469e-08,9.918272265315423164e-01,-7.517372664798621998e-04,-7.517372664798621998e-04,-2.514352291628944729e-10,-9.213024539399920890e-08,9.918275029222785033e-01,-7.513687454982862380e-04,-7.513687454982862380e-04,-4.215808130193198151e-10,1.905032372005046286e-06,1.905032372005046286e-06,1.281746774209160668e-08
1.510495821004094186e+00,-2.334704923894580056e-10,-3.149691889189088888e-06,-8.464616517242508935e-08,9.918174295109842831e-01,-1.012129368331279606e-03,-1.012129368331279606e-03,-2.334704923894580056e-10,-8.487963566481455020e-08,9.918176841498912433e-01,-1.011789849788620249e-03,-1.011789849788620249e-03,-3.915829177160960502e-10,1.397630618578579269e-06,1.397630618578579269e-06,1.322081013802194788e-08
1.512798406097088044e+00,-2.149721999373791306e-10,-3.172762061675755952e-06,-7.735049821798466455e-08,9.918084818282228987e-01,-1.185213479533714668e-03,-1.185213479533714668e-03,-2.149721999373791306e-10,-7.756547041792205030e-08,9.918087145246341496e-01,-1.184903217652043044e-03,-1.184903217652043044e-03,-3.606981801039044979e-10,7.632767851238927833e-07,7.632767851238927833e-07,1.358861678820403097e-08
1.515100991190082125e+00,-1.959895641916471176e-10,-3.187402312073585659e-06,-7.001137446214977620e-08,9.918003817790708165e-01,-1.256979943821027275e-03,-1.256979943821027275e-03,-1.959895641916471176e-10,-7.020736402634142583e-08,9.918005924011629171e-01,-1.256699114364921840e-03,-1.256699114364921840e-03,-3.290090932591837031e-10,5.642982307672538543e-08,5.642982307672538543e-08,1.392033919917700708e-08
1.517403576283076205e+00,-1.765726055988544283e-10,-3.193741017356924907e-06,-6.264809289691606327e-08,9.917931254969234445e-01,-1.222081157890856501e-03,-1.222081157890856501e-03,-1.765726055988544283e-10,-6.282466550251491956e-08,9.917933139709199653e-01,-1.221829859228846507e-03,-1.221829859228846507e-03,-2.965992641385664823e-10,-6.627155814749001445e-07,-6.627155814749001445e-07,1.421555575204109583e-08
1.519706161376070286e+00,-1.567719801612959521e-10,-3.191931434781175483e-06,-5.527962759084356367e-08,9.917867070244104077e-01,-1.084143424052518229e-03,-1.084143424052518229e-03,-1.567719801612959521e-10,-5.543639957100486038e-08,9.917868733336091536e-01,-1.083921678454234259e-03,-1.083921678454234259e-03,-2.635531218627069042e-10,-1.333334269491522754e-06,-1.333334269491522754e-06,1.447397092174745521e-08
1.522008746469064366e+00,-1.366387981593589011e-10,-3.182150084433524998e-06,-4.792457209285313792e-08,9.917811183900997474e-01,-8.553250715998838866e-04,-8.553250715998838866e-04,-1.366387981593589011e-10,-4.806121089101249612e-08,9.917812625737324472e-01,-8.551328267563198561e-04,-8.551328267563198561e-04,-2.299556308908434545e-10,-1.899048915804148552e-06,-1.899048915804148552e-06,1.469541185181843746e-08
1.524311331562058447e+00,-1.162244387321615387e-10,-3.164594700777295870e-06,-4.060108809175139201e-08,9.917763496896926378e-01,-5.551759407763420112e-04,-5.551759407763420112e-04,-1.162244387321615387e-10,-4.071731253048355302e-08,9.917764718416302028e-01,-5.550130715262200937e-04,-5.550130715262200937e-04,-1.958920148662076863e-10,-2.312559917400471109e-06,-2.312559917400471109e-06,1.487982258275199177e-08
1.526613916655052305e+00,-9.558036524439170603e-11,-3.139481866941078425e-06,-3.332685919736145203e-08,9.917723891710563677e-01,-2.089095512897813374e-04,-2.089095512897813374e-04,-9.558036524439170603e-11,-3.342243956260584551e-08,9.917724894383750378e-01,-2.087758615315309227e-04,-2.087758615315309227e-04,-1.614474960312942049e-10,-2.539452820766716387e-06,-2.539452820766716387e-06,1.502725639435318719e-08
1.528916501748046386e+00,-7.475794627305485249e-11,-3.107044464031671834e-06,-2.611905042255911121e-08,9.917692233223851517e-01,1.547555446750092966e-04,1.547555446750092966e-04,-7.475794627305485249e-11,-2.619380836883216668e-08,9.917693019038102964e-01,1.548603199084846224e-04,1.548603199084846224e-04,-1.267070539082416431e-10,-2.560886183124765281e-06,-2.560886183124765281e-06,1.513786683892433717e-08
1.531219086841040466e+00,-5.380828658702430771e-11,-3.067529074607027931e-06,-1.899427362983443178e-08,9.917668369627545832e-01,5.059979010641078769e-04,5.059979010641078769e-04,-5.380828658702430771e-11,-1.904808191642145508e-08,9.917668941070003630e-01,5.060740933917736101e-04,5.060740933917736101e-04,-9.175520552666800869e-11,-2.374961904029349272e-06,-2.374961904029349272e-06,1.521189810654574135e-08
1.533521671934034547e+00,-3.278207171875495608e-11,-3.021193474798868343e-06,-1.196855888810482302e-08,9.917652133343444198e-01,8.163370017478181317e-04,8.163370017478181317e-04,-3.278207171875495608e-11,-1.200134095982357848e-08,9.917652493383672940e-01,8.163850071116573841e-04,8.163850071116573841e-04,-5.667580798326754042e-11,-1.996692549109422101e-06,-1.996692549109422101e-06,1.524967537322443819e-08
1.535824257027028628e+00,-1.172942871798020292e-11,-2.968304334521642563e-06,-5.057331390906057389e-09,9.917643341956517977e-01,1.060919391024746881e-03,1.060919391024746881e-03,-1.172942871798020292e-11,-5.069060819624037934e-09,9.917643494028343110e-01,1.060939667268025449e-03,1.060939667268025449e-03,-2.155188265900233461e-11,-1.456596398237090468e-06,-1.456596398237090468e-06,1.525159573972113859e-08
1.538126842120022708e+00,9.300195476986102764e-12,-2.909135221617107115e-06,1.724606662319233402e-09,9.917641799150872517e-01,1.220466237792584580e-03,1.220466237792584580e-03,9.300195476986102764e-12,1.733906857796219554e-09,9.917641747133666419e-01,1.220459302165153486e-03,1.220459302165153486e-03,1.353454088519359458e-11,-7.980613179700763416e-07,-7.980613179700763416e-07,1.521812027977444933e-08
1.540429427213016567e+00,3.025813781532689267e-11,-2.843964976096658538e-06,8.363090007389718004e-09,9.917647295644346217e-01,1.282733948600794363e-03,1.282733948600794363e-03,3.025813781532689267e-11,8.393348145205044509e-09,9.917647043843902388e-01,1.282700375208213573e-03,1.282700375208213573e-03,4.850256436904323186e-11,-7.371436789663112232e-08,-7.371436789663112232e-08,1.514976759095135088e-08
1.542732012306010647e+00,5.109660597215042056e-11,-2.773076487626510582e-06,1.484460097879994666e-08,9.917659610117670610e-01,1.243382770921572364e-03,1.243382770921572364e-03,5.109660597215042056e-11,1.489569758477209732e-08,9.917659163246742571e-01,1.243323188131233202e-03,1.243323188131233202e-03,8.327254738093804036e-11,6.588919527900509029e-07,6.588919527900509029e-07,1.504710909157806626e-08
1.545034597399004728e+00,7.176875017614515524e-11,-2.696755875898104251e-06,2.115627783207400124e-08,9.917678510135137238e-01,1.106198619744663434e-03,1.106198619744663434e-03,7.176875017614515524e-11,2.122804658225014487e-08,9.917677873293739843e-01,1.106113707558334337e-03,1.106113707558334337e-03,1.177662252405416497e-10,1.341918907933669059e-06,1.341918907933669059e-06,1.491076614645973419e-08
1.547337182491998808e+00,9.222872275501145637e-11,-2.615292042233273202e-06,2.728592162342758312e-08,9.917703753054831761e-01,8.826663422859459471e-04,8.826663422859459471e-04,9.222872275501145637e-11,2.737815034618259406e-08,9.917702931710321579e-01,8.825568296845612325e-04,8.825568296845612325e-04,1.519068222896254100e-10,1.921831127685571854e-06,1.921831127685571854e-06,1.474140894580099624e-08
1.549639767584992889e+00,1.124317286667676692e-10,-2.528976534028543798e-06,3.322200243944033431e-08,9.917735086927367272e-01,5.909440002704129634e-04,5.909440002704129634e-04,1.124317286667676692e-10,3.333443416810710057e-08,9.917734086894341994e-01,5.908106625337405330e-04,5.908106625337405330e-04,1.856191644214329446e-10,2.353574654365626396e-06,2.353574654365626396e-06,1.453975691831968658e-08
1.551942352677986969e+00,1.323340705342630658e-10,-2.438103643262015435e-06,3.895366560924846014e-08,9.917772251382874771e-01,2.543334972834578262e-04,2.543334972834578262e-04,1.323340705342630658e-10,3.908599967978272476e-08,9.917771078802883888e-01,2.541771532847387051e-04,2.541771532847387051e-04,2.188297940129060655e-10,2.604022756281493121e-06,2.604022756281493121e-06,1.430658034150362400e-08
1.554244937770981050e+00,1.518931916547658438e-10,-2.342970647464388129e-06,4.447073833323893862e-08,9.917814978506518386e-01,-1.006203794822451157e-04,-1.006203794822451157e-04,1.518931916547658438e-10,4.462263152489370468e-08,9.917813639827572914e-01,-1.007988700083446969e-04,-1.007988700083446969e-04,2.514670895433592070e-10,2.654434126433495652e-06,2.654434126433495652e-06,1.404270272718541981e-08
1.556547522863974908e+00,1.710677201353432781e-10,-2.243878096809342921e-06,4.976373694357001026e-08,9.917862993703163710e-01,-4.462452385835704422e-04,-4.462452385835704422e-04,1.710677201353432781e-10,4.993480466370535198e-08,9.917861495659023863e-01,-4.464449778022252526e-04,-4.464449778022252526e-04,2.834613911505111002e-10,2.501751469941094209e-06,2.501751469941094209e-06,1.374900351389782611e-08
1.558850107956968989e+00,1.898175167471951789e-10,-2.141130054158500716e-06,5.482387479165631674e-08,9.917916016551850955e-01,-7.559013035593577842e-04,-7.559013035593577842e-04,1.898175167471951789e-10,5.501369230840351148e-08,9.917914366141081794e-01,-7.561213583285914148e-04,-7.561213583285914148e-04,3.147451322801989343e-10,2.158662861859760077e-06,2.158662861859760077e-06,1.342642059036303550e-08
1.561152693049963069e+00,2.081037283535644369e-10,-2.035034205244489164e-06,5.964307055355187577e-08,9.917973761650680231e-01,-1.006018601710647904e-03,-1.006018601710647904e-03,2.081037283535644369e-10,5.985117428190543604e-08,9.917971966115451954e-01,-1.006258006407775461e-03,-1.006258006407775461e-03,3.452529765194370958e-10,1.652445928198408577e-06,1.652445928198408577e-06,1.307595220532546529e-08
1.563455278142957150e+00,2.258888479128181769e-10,-1.925901772429028676e-06,6.421395657110986796e-08,9.918035939452300997e-01,-1.177857475951200796e-03,-1.177857475951200796e-03,2.258888479128181769e-10,6.443984541902269273e-08,9.918034006256938317e-01,-1.178115235332876862e-03,-1.178115235332876862e-03,3.749219577466357566e-10,1.022708218789946445e-06,1.022708218789946445e-06,1.269865788327566225e-08
1.565757863235951231e+00,2.431367811623863299e-10,-1.814047185994882628e-06,6.852988671664378134e-08,9.918102257089818075e-01,-1.258864418717919875e-03,-1.258864418717919875e-03,2.431367811623863299e-10,6.877302349780616715e-08,9.918100193899113126e-01,-1.259139510811911047e-03,-1.259139510811911047e-03,4.036916209572432435e-10,3.182190406008241451e-07,3.182190406008241451e-07,1.229565805662008765e-08
1.568060448328945311e+00,2.598129192215785677e-10,-1.699787489869514101e-06,7.258494318926726494e-08,9.918172419192333722e-01,-1.243529809319834402e-03,-1.243529809319834402e-03,2.598129192215785677e-10,7.284475610848884324e-08,9.918170233849650241e-01,-1.243821188344268339e-03,-1.243821188344268339e-03,4.315041605798153331e-10,-4.069073610003267343e-07,-4.069073610003267343e-07,1.186813223408513180e-08
1.570363033421939170e+00,2.758842155771518226e-10,-1.583441482118621537e-06,7.637394162547928120e-08,9.918246128688796848e-01,-1.133694678516420111e-03,-1.133694678516420111e-03,2.758842155771518226e-10,7.664982584105643028e-08,9.918243829194021144e-01,-1.134001277819784255e-03,-1.134001277819784255e-03,4.583045528178505847e-10,-1.097374430302808417e-06,-1.097374430302808417e-06,1.141731564324710374e-08
1.572665618514933250e+00,2.913192652895456983e-10,-1.465328612666597778e-06,7.989243393385773595e-08,9.918323087598237553e-01,-9.382968260965614130e-04,-9.382968260965614130e-04,2.913192652895456983e-10,8.018375319914728196e-08,9.918320682085641771e-01,-9.386175611093579675e-04,-9.386175611093579675e-04,4.840406785460996323e-10,-1.700890130862869156e-06,-1.700890130862869156e-06,1.094449440258272823e-08
1.574968203607927331e+00,3.060883838205604051e-10,-1.345767679898577083e-06,8.313670833892882353e-08,9.918402997804059984e-01,-6.725891133333540073e-04,-6.725891133333540073e-04,3.060883838205604051e-10,8.344279672274938047e-08,9.918400494520158706e-01,-6.729228845202449771e-04,-6.729228845202449771e-04,5.086634335446180827e-10,-2.172062414616516905e-06,-2.172062414616516905e-06,1.045099938647211477e-08
1.577270788700921411e+00,3.201636826594258530e-10,-1.225075382802984679e-06,8.610378623410123804e-08,9.918485561809594619e-01,-3.569013709562606266e-04,-3.569013709562606266e-04,3.201636826594258530e-10,8.642394991676066684e-08,9.918482969091096946e-01,-3.572470667559276528e-04,-3.572470667559276528e-04,5.321268233389152678e-10,-2.475717345244053903e-06,-2.475717345244053903e-06,9.938199037524930988e-09
1.579573373793915492e+00,3.335191389206690910e-10,-1.103564795255472965e-06,8.879141558715478267e-08,9.918570483471982335e-01,-1.504935760146880997e-05,-1.504935760146880997e-05,3.335191389206690910e-10,8.912493472607544907e-08,9.918567809723940476e-01,-1.540585734037311209e-05,-1.540585734037311209e-05,5.543880405832963777e-10,-2.589404000879265347e-06,-2.589404000879265347e-06,9.407491448550691674e-09
1.581875958886909572e+00,3.461306562945705338e-10,-9.815438334922795819e-07,9.119806080191285182e-08,9.918657468711342684e-01,3.274825636007284578e-04,3.274825636007284578e-04,3.461306562945705338e-10,9.154419145820741641e-08,9.918654722385599198e-01,3.271163868348956217e-04,3.271163868348956217e-04,5.754075237194832784e-10,-2.504916505818144453e-06,-2.504916505818144453e-06,8.860296077625721992e-09
1.584178543979903431e+00,3.579761151244922339e-10,-8.593137867822274151e-07,9.332288910360896651e-08,9.918746226192269866e-01,6.454452871372046629e-04,6.454452871372046629e-04,3.579761151244922339e-10,9.368086521873346401e-08,9.918743415766313465e-01,6.450705636763297626e-04,6.450705636763297626e-04,5.951489964995585378e-10,-2.228740427283845980e-06,-2.228740427283845980e-06,8.298045472424404528e-09
1.586481129072897511e+00,3.690354099279804595e-10,-7.371679751958655586e-07,9.516575367084163446e-08,9.918836467974976312e-01,9.156732891438995646e-04,9.156732891438995646e-04,3.690354099279804595e-10,9.553478908076961125e-08,9.918833601931303923e-01,9.152911499875764382e-04,9.152911499875764382e-04,6.135794888161959424e-10,-1.781412284363003052e-06,-1.781412284363003052e-06,7.722177364872934771e-09
1.588783714165891592e+00,3.792904733241353739e-10,-6.153905879520095706e-07,9.672717387301120496e-08,9.918927910133744641e-01,1.118743512719997486e-03,1.118743512719997486e-03,3.792904733241353739e-10,9.710646434633534612e-08,9.918924996939814109e-01,1.118355086862612069e-03,1.118355086862612069e-03,6.306693400724732342e-10,-1.195860900316315453e-06,-1.195860900316315453e-06,7.134127456875501746e-09
1.591086299258885672e+00,3.887252860272636056e-10,-4.942557421230526512e-07,9.800831307999127399e-08,9.919020273340863891e-01,1.240328606159149310e-03,1.240328606159149310e-03,3.887252860272636056e-10,9.839703836601853692e-08,9.919017321429712819e-01,1.239935018005685220e-03,1.239935018005685220e-03,6.463921869951815493e-10,-5.148719789134042579e-07,-5.148719789134042579e-07,6.535323156657516735e-09
1.593388884351879753e+00,3.973258732638227441e-10,-3.740267857044025572e-07,9.901095458429272797e-08,9.919113283414749960e-01,1.272153865453158617e-03,1.272153865453158617e-03,3.973258732638227441e-10,9.940828045755655304e-08,9.919110301166336185e-01,1.271756232331328410e-03,1.271756232331328410e-03,6.607249383072825674e-10,2.121224556431870384e-07,2.121224556431870384e-07,5.927178448769885360e-09
1.595691469444873833e+00,4.050802886167693069e-10,-2.549558524691223050e-07,9.973747621185766511e-08,9.919206671831549693e-01,1.212498509314369546e-03,1.212498509314369546e-03,4.050802886167693069e-10,1.001425565004744358e-07,9.919203667554854498e-01,1.212097939088367703e-03,1.212097939088367703e-03,6.736477389993131962e-10,9.326842067438618678e-07,9.326842067438618678e-07,5.311089995357233031e-09
1.597994054537867914e+00,4.119785868551571080e-10,-1.372836598837856084e-07,1.001908241954739197e-07,9.919300176200087638e-01,1.066216432934956803e-03,1.066216432934956803e-03,4.119785868551571080e-10,1.006028027823290805e-07,9.919297158116003876e-01,1.065814021723827595e-03,1.065814021723827595e-03,6.851439270629760233e-10,1.595168167473747464e-06,1.595168167473747464e-06,4.688434478564059343e-09
1.600296639630861772e+00,4.180127877327995881e-10,-2.123952678489181906e-08,1.003744868470198170e-07,9.919393540700577327e-01,8.442867402794254064e-04,8.442867402794254064e-04,4.180127877327995881e-10,1.007924996347526110e-07,9.919390516925588042e-01,8.438835702808864490e-04,8.438835702808864490e-04,6.951999854751986910e-10,2.152405440873312744e-06,2.152405440873312744e-06,4.060567110345183213e-09
1.602599224723855853e+00,4.231768330144055637e-10,9.295842455227935887e-08,1.002924684960968733e-07,9.919486516487966421e-01,5.629376026158112089e-04,5.629376026158112089e-04,4.231768330144055637e-10,1.007156453291112728e-07,9.919483495018606156e-01,5.625347400344947891e-04,5.625347400344947891e-04,7.038054919637787232e-10,2.565010096740569583e-06,2.565010096740569583e-06,3.428821162194746276e-09
1.604901809816849934e+00,4.274665390992259210e-10,2.051029261792025552e-07,9.994926406977789455e-08,9.919578862061164681e-01,2.424160338802923615e-04,2.424160338802923615e-04,4.274665390992259210e-10,1.003767306088771266e-07,9.919575850759246860e-01,2.420145269578568572e-04,2.420145269578568572e-04,7.109530686747611577e-10,2.804082463632219874e-06,2.804082463632219874e-06,2.794508308111872797e-09
1.607204394909844014e+00,4.308795475613323048e-10,3.149971315306875525e-07,9.934983457913439200e-08,9.919670343599673590e-01,-9.450089223185189789e-05,-9.450089223185189789e-05,4.308795475613323048e-10,9.978071412669572741e-08,9.919667350178249521e-01,-9.490001508835867942e-05,-9.490001508835867942e-05,7.166383333345648379e-10,2.853130108000158184e-06,2.853130108000158184e-06,2.158919532845004172e-09
1.609506980002838095e+00,4.334152757239853662e-10,4.224541426914371947e-07,9.849958366152853435e-08,9.919760735269290697e-01,-4.241424235667018059e-04,-4.241424235667018059e-04,4.334152757239853662e-10,9.893299893725251352e-08,9.919757767279322458e-01,-4.245381555624507994e-04,-4.245381555624507994e-04,7.208598529003082103e-10,2.709087125682994238e-06,2.709087125682994238e-06,1.523326336021854118e-09
1.611809565095832175e+00,4.350748690548645275e-10,5.272965466278542594e-07,9.740433521193636599e-08,9.919849819498597343e-01,-7.236100173587076438e-04,-7.236100173587076438e-04,4.350748690548645275e-10,9.783941008099122427e-08,9.919846884316294577e-01,-7.240013749990316600e-04,-7.240013749990316600e-04,7.236191000662501896e-10,2.382378506452007706e-06,2.382378506452007706e-06,8.889819615574143227e-10
1.614112150188826034e+00,4.358611567387084273e-10,6.293560037349098446e-07,9.607031202978409331e-08,9.919937387227890646e-01,-9.723560014923423407e-04,-9.723560014923423407e-04,4.358611567387084273e-10,9.650617318652280552e-08,9.919934492042694618e-01,-9.727420261850884585e-04,-9.727420261850884585e-04,7.249204123883487554e-10,1.896044280273349646e-06,1.896044280273349646e-06,2.571223996931348909e-10
1.616414735281820114e+00,4.357786112890248411e-10,7.284729239881757674e-07,9.450411531675792723e-08,9.920023238132035237e-01,-1.153567709523061272e-03,-1.153567709523061272e-03,4.357786112890248411e-10,9.493989392804694772e-08,9.920020389935216842e-01,-1.153947469098773500e-03,-1.153947469098773500e-03,7.247709532443663131e-10,1.284003107136727057e-06,1.284003107136727057e-06,-3.710330561811488484e-10
1.618717320374814195e+00,4.348333125382762919e-10,8.244962560081295862e-07,9.271270479106279950e-08,9.920107180818534820e-01,-1.255266342409303926e-03,-1.255266342409303926e-03,4.348333125382762919e-10,9.314753810360107590e-08,9.920104386392392115e-01,-1.255638932561718279e-03,-1.255638932561718279e-03,7.231806733986730327e-10,5.885925400044406835e-07,5.885925400044406835e-07,-9.942818674947671511e-10
1.621019905467808275e+00,4.330329158338273308e-10,9.172834032564293003e-07,9.070337913816972168e-08,9.920189033001836076e-01,-1.271052066258402356e-03,-1.271052066258402356e-03,4.330329158338273308e-10,9.113641205400355361e-08,9.920186298909474676e-01,-1.271416611906618296e-03,-1.271416611906618296e-03,7.201622716155410213e-10,-1.424303811105993067e-07,-1.424303811105993067e-07,-1.611439035186439596e-09
1.623322490560802356e+00,4.303866237993537092e-10,1.006700270226924105e-06,8.848375649873544951e-08,9.920268621654577679e-01,-1.200453072727498700e-03,-1.200453072727498700e-03,4.303866237993537092e-10,8.891414312253480426e-08,9.920265954230284011e-01,-1.200808729299988930e-03,-1.200808729299988930e-03,7.157311525784450364e-10,-8.592120607343733141e-07,-8.592120607343733141e-07,-2.221338660538767476e-09
1.625625075653796436e+00,4.269051606282659833e-10,1.092621430670448970e-06,8.606175470078450424e-08,9.920345783136280682e-01,-1.048864560426110946e-03,-1.048864560426110946e-03,4.269051606282659833e-10,8.648865986141276909e-08,9.920343188476484775e-01,-1.049210515065556685e-03,-1.049210515065556685e-03,7.099053803318281326e-10,-1.513215891115598097e-06,-1.513215891115598097e-06,-2.822836268784730516e-09
1.627927660746790517e+00,4.226007475799707763e-10,1.174930400308284968e-06,8.344557097330989635e-08,9.920420363299646827e-01,-8.270918432889866681e-04,-8.270918432889866681e-04,4.226007475799707763e-10,8.386817172088986779e-08,9.920417847254495713e-01,-8.274273159758701885e-04,-8.274273159758701885e-04,7.027056255614387050e-10,-2.060493051948063543e-06,-2.060493051948063543e-06,-3.414811823344000834e-09
1.630230245839784375e+00,4.174870781668048519e-10,1.253519988722821098e-06,8.064366092859660998e-08,9.920492217574490290e-01,-5.505381351573328556e-04,-5.505381351573328556e-04,4.174870781668048519e-10,8.106114800676342036e-08,9.920489785740049804e-01,-5.508623797493599405e-04,-5.508623797493599405e-04,6.941551052559487279e-10,-2.464592589199366347e-06,-2.464592589199366347e-06,-3.996173307602969060e-09
1.632532830932778456e+00,4.115792914560810491e-10,1.328292699577933056e-06,7.766471666608373701e-08,9.920561211029133020e-01,-2.381002925211575115e-04,-2.381002925211575115e-04,4.115792914560810491e-10,7.807629595753981879e-08,9.920558868740254610e-01,-2.384125977049876837e-04,-2.384125977049876837e-04,6.842795136244909228e-10,-2.698922424222960812e-06,-2.698922424222960812e-06,-4.565860711062522852e-09
1.634835416025772536e+00,4.048939419663712287e-10,1.399161145250404394e-06,7.451764392599380327e-08,9.920627218409066028e-01,8.914647459285945420e-05,8.914647459285945420e-05,4.048939419663712287e-10,7.492253786796017001e-08,9.920624970732929704e-01,8.884678444138761596e-05,8.884678444138761596e-05,6.731069435543559888e-10,-2.748414357905705339e-06,-2.748414357905705339e-06,-5.122850229563010757e-09
1.637138001118766617e+00,3.974489648005273583e-10,1.466048441399818277e-06,7.121153830045371128e-08,9.920690124152589107e-01,4.093821885449854697e-04,4.093821885449854697e-04,3.974489648005273583e-10,7.160898726525423911e-08,9.920687975882971354e-01,4.090957525959244357e-04,4.090957525959244357e-04,6.606677983489521257e-10,-2.610396167758004061e-06,-2.610396167758004061e-06,-5.666158476281185034e-09
1.639440586211760698e+00,3.892636349140310865e-10,1.528888548846014021e-06,6.775566058774998026e-08,9.920749822383312377e-01,7.014960852979344264e-04,7.014960852979344264e-04,3.892636349140310865e-10,6.814492422266400571e-08,9.920747778035585718e-01,7.012235056010437300e-04,7.012235056010437300e-04,6.469946939555957446e-10,-2.294628926628420648e-06,-2.294628926628420648e-06,-6.194846501381607607e-09
1.641743171304754778e+00,3.803585197445970685e-10,1.587626534088758845e-06,6.415941144641765807e-08,9.920806216879396455e-01,9.464645774656990076e-04,9.464645774656990076e-04,3.803585197445970685e-10,6.453976996616225834e-08,9.920804280686297272e-01,9.462064183858343329e-04,9.462064183858343329e-04,6.321223523437306622e-10,-1.822523883080283100e-06,-1.822523883080283100e-06,-6.708023432760834347e-09
1.644045756397748637e+00,3.707554248026284599e-10,1.642218725495845442e-06,6.043230556562901723e-08,9.920859221019701080e-01,1.128564578874824897e-03,1.128564578874824897e-03,3.707554248026284599e-10,6.080306099043163938e-08,9.920857396927871275e-01,1.128321366630863094e-03,1.128321366630863094e-03,6.160874870978591295e-10,-1.225606880861552507e-06,-1.225606880861552507e-06,-7.204849576553207233e-09
1.646348341490742717e+00,3.604773322154454105e-10,1.692632749120812947e-06,5.658394561338324118e-08,9.920908757707137537e-01,1.236346919647104926e-03,1.236346919647104926e-03,3.604773322154454105e-10,5.694442294559868964e-08,9.920907049374448894e-01,1.236119141955322430e-03,1.236119141955322430e-03,5.989286826215065170e-10,-5.433459216969208998e-07,-5.433459216969208998e-07,-7.684538851628200876e-09
1.648650926583736798e+00,3.495483326045581766e-10,1.738847435754202156e-06,5.262399625206970008e-08,9.920954759269788870e-01,1.263312400401829906e-03,1.263312400401829906e-03,3.495483326045581766e-10,5.297354458467426115e-08,9.920953170063451232e-01,1.263100506223491151e-03,1.263100506223491151e-03,5.806862685906604440e-10,1.795038334685909814e-07,1.795038334685909814e-07,-8.146360474359154360e-09
1.650953511676730878e+00,3.379935510298746897e-10,1.780852598619711925e-06,4.856215852106831758e-08,9.920997167340619427e-01,1.208253997503812467e-03,1.208253997503812467e-03,3.379935510298746897e-10,4.890015207209819041e-08,9.920995700336057155e-01,1.208058396895524177e-03,1.208058396895524177e-03,5.614021914358170883e-10,8.958557873966835220e-07,8.958557873966835220e-07,-8.589639855405388397e-09
1.653256096769724959e+00,3.258390680362587781e-10,1.818648688578860465e-06,4.440814487845516563e-08,9.921035932716789629e-01,1.075251356950625899e-03,1.075251356950625899e-03,3.258390680362587781e-10,4.473398394649142353e-08,9.921034590697270783e-01,1.075072421014840011e-03,1.075072421014840011e-03,5.411198846669894862e-10,1.559351548905454769e-06,1.559351548905454769e-06,-9.013758715987528197e-09
1.655558681862719039e+00,3.131118370692559673e-10,1.852246340343569260e-06,4.017165516992704143e-08,9.921071015199832699e-01,8.733264783883918411e-04,8.733264783883918411e-04,3.131118370692559673e-10,4.048476700699629699e-08,9.921069800656822091e-01,8.731645393203638170e-04,8.731645393203638170e-04,5.198841397883761842e-10,2.127325838039081539e-06,2.127325838039081539e-06,-9.418154474189332777e-09
1.657861266955713120e+00,2.998395996766496157e-10,1.881665828639059724e-06,3.586235375513752603e-08,9.921102383418120008e-01,6.157909254326379223e-04,6.157909254326379223e-04,2.998395996766496157e-10,3.616219335481417569e-08,9.921101298552319481e-01,6.156462766592186130e-04,6.156462766592186130e-04,4.977409793883023170e-10,2.563488944470789192e-06,2.563488944470789192e-06,-9.802318989578715226e-09
1.660163852048706978e+00,2.860507999749826010e-10,1.906936457233745637e-06,3.148984797284011744e-08,9.921130014633171568e-01,3.193336801057947475e-04,3.193336801057947475e-04,2.860507999749826010e-10,3.177589877281509988e-08,9.921129061356208645e-01,3.192065765107034809e-04,3.192065765107034809e-04,4.747375337501984780e-10,2.840161649525191386e-06,2.840161649525191386e-06,-1.016579678478368466e-08
1.662466437141701059e+00,2.717744998353334870e-10,1.928095906096448239e-06,2.706366807016590985e-08,9.921153894531441475e-01,2.913791435412508763e-06,2.913791435412508763e-06,2.717744998353334870e-10,2.733544257000124463e-08,9.921153074468164190e-01,2.804449665132503744e-06,2.804449665132503744e-06,4.509219220307051414e-10,2.939929983684007513e-06,2.939929983684007513e-06,-1.050818288406883651e-08
1.664769022234695139e+00,2.570402961361072849e-10,1.945189562607140156e-06,2.259324866189144582e-08,9.921174017003282497e-01,-3.134675615361530790e-04,-3.134675615361530790e-04,2.570402961361072849e-10,2.285028895802755434e-08,9.921173331494613779e-01,-3.135589626919851793e-04,-3.135589626919851793e-04,4.263431387132640258e-10,2.856627107582959909e-06,2.856627107582959909e-06,-1.082912042057533280e-08
1.667071607327689220e+00,2.418782412526434045e-10,1.958269861798121662e-06,1.808791172646120295e-08,9.921190383910706290e-01,-6.100355532107744816e-04,-6.100355532107744816e-04,2.418782412526434045e-10,1.832978996771384558e-08,9.921189834017006826e-01,-6.101088723706453876e-04,-6.101088723706453876e-04,4.010509456924825701e-10,2.595594205683340678e-06,2.595594205683340678e-06,-1.112829816552554850e-08
1.669374192420683300e+00,2.263187677185388071e-10,1.967395658199148166e-06,1.355685109043067580e-08,9.921203004845573492e-01,-8.684704852289270097e-04,-8.684704852289270097e-04,2.263187677185388071e-10,1.378316985814921510e-08,9.921202591350477551e-01,-8.685256179083595532e-04,-8.685256179083595532e-04,3.750957699989685607e-10,2.173218610605175144e-06,2.173218610605175144e-06,-1.140544812480524153e-08
1.671676777513677381e+00,2.103926177187086595e-10,1.972631648244504953e-06,9.009118304936246094e-09,9.921211896879664760e-01,-1.073021395063109354e-03,-1.073021395063109354e-03,2.103926177187086595e-10,9.219510922654955399e-09,9.921211620294336786e-01,-1.073058273106799977e-03,-1.073058273106799977e-03,3.485286068568889275e-10,1.615792465434445885e-06,1.615792465434445885e-06,-1.166034333195167106e-08
1.673979362606671240e+00,1.941307777779508893e-10,1.974047857672846901e-06,4.453609779230423150e-09,9.921217084308004974e-01,-1.211438378377104400e-03,-1.211438378377104400e-03,1.941307777779508893e-10,4.647740557008374272e-09,9.921216944875788091e-01,-1.211456969339332404e-03,-1.211456969339332404e-03,3.214009274950924331e-10,9.577763415124507037e-07,9.577763415124507037e-07,-1.189279594318404299e-08
1.676281947699665320e+00,1.775644187103903450e-10,1.971719203252270973e-06,-1.009449910069106624e-10,9.921218598386626342e-01,-1.275670615068390549e-03,-1.275670615068390549e-03,1.775644187103903450e-10,7.661942770347968256e-11,9.921218596088043906e-01,-1.275670921546101380e-03,-1.275670921546101380e-03,2.937645909215783110e-10,2.395868949337118397e-07,2.395868949337118397e-07,-1.210265571157170290e-08
1.678584532792659401e+00,1.607248406124997568e-10,1.965725132842243595e-06,-4.645994278099369777e-09,9.921216477065781802e-01,-1.262293030842801238e-03,-1.262293030842801238e-03,1.607248406124997568e-10,-4.485269437486869943e-09,9.921216611623865367e-01,-1.262275089765051280e-03,-1.262275089765051280e-03,2.656717587296231045e-10,-4.949460040200054674e-07,-4.949460040200054674e-07,-1.228980888578604913e-08
1.680887117885653481e+00,1.436434224317184401e-10,1.956149342603163955e-06,-9.173174240084181284e-09,9.921210764719468056e-01,-1.172642209387789874e-03,-1.172642209387789874e-03,1.436434224317184401e-10,-9.029530817652462533e-09,9.921211035605392858e-01,-1.172606091264519245e-03,-1.172606091264519245e-03,2.371748119367634695e-10,-1.201290580225520582e-06,-1.201290580225520582e-06,-1.245417754625824824e-08
1.683189702978647562e+00,1.263515754375345417e-10,1.943079565394017244e-06,-1.367431847366518104e-08,9.921201511871937662e-01,-1.012660445550859307e-03,-1.012660445550859307e-03,1.263515754375345417e-10,-1.354796689822764575e-08,9.921201918310944556e-01,-1.012606253683266330e-03,-1.012606253683266330e-03,2.083262688651400184e-10,-1.836924535510326233e-06,-1.836924535510326233e-06,-1.259571936002058155e-08
1.685492288071641642e+00,1.088806997719781967e-10,1.926607420321845550e-06,-1.814146715558146336e-08,9.921188774921732012e-01,-7.924645635026221621e-04,-7.924645635026221621e-04,1.088806997719781967e-10,-1.803258645580948608e-08,9.921189315899325845e-01,-7.923924331567988935e-04,-7.923924331567988935e-04,1.791787031484299899e-10,-2.363882272338523069e-06,-2.363882272338523069e-06,-1.271442770691585982e-08
1.687794873164635501e+00,9.126214316801461859e-11,1.906828310226646210e-06,-2.256687589837307933e-08,9.921172615863655952e-01,-5.256722584472215548e-04,-5.256722584472215548e-04,9.126214316801461859e-11,-2.247561375520506446e-08,9.921173290132068168e-01,-5.255823559922006942e-04,-5.255823559922006942e-04,1.497846610882867132e-10,-2.750987680528596199e-06,-2.750987680528596199e-06,-1.281033210579258888e-08
1.690097458257629581e+00,7.352716089927170908e-11,1.883841351736231764e-06,-2.694302441320199411e-08,9.921153102008991587e-01,-2.285323453025883212e-04,-2.285323453025883212e-04,7.352716089927170908e-11,-2.686949725230272303e-08,9.921153908093909290e-01,-2.284248673135791038e-04,-2.284248673135791038e-04,1.201965777698621311e-10,-2.975644809016408891e-06,-2.975644809016408891e-06,-1.288349885097122716e-08
1.692400043350623662e+00,5.570687606116460411e-11,1.857749321471209823e-06,-3.126262503538358012e-08,9.921130305704235486e-01,8.108431681550949395e-05,8.108431681550949395e-05,5.570687606116460411e-11,-3.120691815932241385e-08,9.921131241911780307e-01,8.120914448814679017e-05,8.120914448814679017e-05,9.046669156752748886e-11,-3.025088343931136347e-06,-3.025088343931136347e-06,-1.293403175746257656e-08
1.694702628443617742e+00,3.783223937614542987e-11,1.828658602012239125e-06,-3.551863113017766151e-08,9.921104304048530276e-01,3.847698038594111938e-04,3.847698038594111938e-04,3.783223937614542987e-11,-3.548079889080151564e-08,9.921105368472497021e-01,3.849117270549743731e-04,3.849117270549743731e-04,6.064695691256181331e-11,-2.897030408382462209e-06,-2.897030408382462209e-06,-1.296207290848830306e-08
1.697005213536611823e+00,1.993398785630111207e-11,1.796679112288105049e-06,-3.970424535955351984e-08,9.921075178610034850e-01,6.646739289841607128e-04,6.646739289841607128e-04,1.993398785630111207e-11,-3.968431137169721780e-08,9.921076369139375517e-01,6.648326662296474799e-04,6.648326662296474799e-04,3.078895543892433019e-11,-2.599677563786749503e-06,-2.599677563786749503e-06,-1.296780330071093449e-08
1.699307798629605903e+00,2.042601833782750545e-12,1.761924208975721348e-06,-4.381292775734020813e-08,9.921043015141465249e-01,9.045441257136191664e-04,9.045441257136191664e-04,2.042601833782750545e-12,-4.381088515550642220e-08,9.921044329468019507e-01,9.047193692542412338e-04,9.047193692542412338e-04,9.438058557559365163e-13,-2.151129721181268187e-06,-2.151129721181268187e-06,-1.295144329074526044e-08
1.701610383722599984e+00,-1.581173992880016163e-11,1.724510548148966524e-06,-4.783840353222807753e-08,9.921007903295068209e-01,1.090650775389591810e-03,1.090650775389591810e-03,-1.581173992880016163e-11,-4.785421527215687926e-08,9.921009338921525922e-01,1.090842192250680506e-03,1.090842192250680506e-03,-2.883792689750966565e-11,-1.578208699419161124e-06,-1.578208699419161124e-06,-1.291325276015879194e-08
1.703912968815593842e+00,-3.359920712291658985e-11,1.684557899569929500e-06,-5.177467049688857129e-08,9.920969936337384887e-01,1.212546777047973602e-03,1.212546777047973602e-03,-3.359920712291658985e-11,-5.180826970401148654e-08,9.920971490585476227e-01,1.212754010126789730e-03,1.212754010126789730e-03,-5.850632248681770734e-11,-9.147963788853278388e-07,-9.147963788853278388e-07,-1.285353093417535397e-08
1.706215553908587923e+00,-5.129036663768186035e-11,1.642188909462358469e-06,-5.561600600800625644e-08,9.920929210864219971e-01,1.263621295212180801e-03,1.263621295212180801e-03,-5.129036663768186035e-11,-5.566729637464393634e-08,9.920930880883110925e-01,1.263843964397679291e-03,1.263843964397679291e-03,-8.801219515812559929e-11,-1.997889757533716225e-07,-1.997889757533716225e-07,-1.277261581036683086e-08
1.708518139001582004e+00,-6.885623282990881382e-11,1.597528811122168793e-06,-5.935697329659670085e-08,9.920885826516296913e-01,1.241420716269937483e-03,1.241420716269937483e-03,-6.885623282990881382e-11,-5.942582952942660863e-08,9.920887609291182407e-01,1.241658419588055140e-03,1.241658419588055140e-03,-1.173071819243897419e-10,5.252063917980872149e-07,5.252063917980872149e-07,-1.267088317635716036e-08
1.710820724094576084e+00,-8.626831881680823433e-11,1.550705086092248938e-06,-6.299242707059488862e-08,9.920839885696174365e-01,1.147724062938259779e-03,1.147724062938259779e-03,-8.626831881680823433e-11,-6.307869538941169517e-08,9.920841778057035709e-01,1.147976377719817434e-03,1.147976377719817434e-03,-1.463438280166930687e-10,1.218294907899665985e-06,1.218294907899665985e-06,-1.254874521855576738e-08
1.713123309187570165e+00,-1.034986881501937655e-10,1.501847081669296812e-06,-6.651751828171517663e-08,9.920791493287062224e-01,9.883745922255138348e-04,9.883745922255138348e-04,-1.034986881501937655e-10,-6.662101696986536717e-08,9.920793491917571094e-01,9.886410762933932166e-04,9.886410762933932166e-04,-1.750756686813957534e-10,1.839695612177513443e-06,1.839695612177513443e-06,-1.240664874582889665e-08
1.715425894280564245e+00,-1.205200061343373671e-10,1.451085593063402223e-06,-6.992769796509363219e-08,9.920740756374204494e-01,7.728831958981488646e-04,7.728831958981488646e-04,-1.205200061343373671e-10,-7.004821797122797457e-08,9.920742857820743499e-01,7.731633887700337408e-04,7.731633887700337408e-04,-2.034573064834224155e-10,2.353984599281800628e-06,2.353984599281800628e-06,-1.224507307161348569e-08
1.717728479373558104e+00,-1.373055899971499645e-10,1.398552420477101714e-06,-7.321872008191724996e-08,9.920687783969579510e-01,5.138317616243344215e-04,5.138317616243344215e-04,-1.373055899971499645e-10,-7.335602567191440096e-08,9.920689984650349347e-01,5.141251857270221284e-04,5.141251857270221284e-04,-2.314444833954124314e-10,2.732055544163889179e-06,2.732055544163889179e-06,-1.206452761426465932e-08
1.720031064466552184e+00,-1.538294571173220412e-10,1.344379912637936694e-06,-7.638664332064361714e-08,9.920632686740640249e-01,2.261151728515890119e-04,2.261151728515890119e-04,-1.538294571173220412e-10,-7.654047277776093918e-08,9.920634982954823489e-01,2.264213347427000635e-04,2.264213347427000635e-04,-2.589941471051225568e-10,2.952692318678068082e-06,2.952692318678068082e-06,-1.186554928767833457e-08
1.722333649559546265e+00,-1.700663705467829274e-10,1.288700508870646302e-06,-7.942783183987365007e-08,9.920575576743848600e-01,-7.393139518634531170e-05,-7.393139518634531170e-05,-1.700663705467829274e-10,-7.959789821042043731e-08,9.920577964680794558e-01,-7.361300359350362926e-05,-7.361300359350362926e-05,-2.860645111490266349e-10,3.003672942066681432e-06,3.003672942066681432e-06,-1.164869976192588478e-08
1.724636234652540345e+00,-1.859918811445385311e-10,1.231646291650832680e-06,-8.233895496385801986e-08,9.920516567163714106e-01,-3.694681374572127879e-04,-3.694681374572127879e-04,-1.859918811445385311e-10,-8.252494684500255183e-08,9.920519042912119279e-01,-3.691380376698327769e-04,-3.691380376698327769e-04,-3.126151086681362136e-10,2.882352423176990525e-06,2.882352423176990525e-06,-1.141456267664125946e-08
1.726938819745534426e+00,-2.015823657484634480e-10,1.173348560785676871e-06,-8.511698586838179624e-08,9.920455772058016652e-01,-6.440954768293804698e-04,-6.440954768293804698e-04,-2.015823657484634480e-10,-8.531856823413026206e-08,9.920458331615064074e-01,-6.437542025564439111e-04,-6.437542025564439111e-04,-3.386068397714442767e-10,2.595702483958546307e-06,2.595702483958546307e-06,-1.116374088824943291e-08
1.729241404838528506e+00,-2.168150609486028154e-10,1.113937439008129619e-06,-8.775919931901929522e-08,9.920393306109823728e-01,-8.827554059755838125e-04,-8.827554059755838125e-04,-2.168150609486028154e-10,-8.797601437996789354e-08,9.920395945390254600e-01,-8.824035019180638886e-04,-8.824035019180638886e-04,-3.640020126731162409e-10,2.159816928482701260e-06,2.159816928482701260e-06,-1.089685382620126482e-08
1.731543989931522365e+00,-2.316680921801655954e-10,1.053541516955374168e-06,-9.026316854426719396e-08,9.920329284386857349e-01,-1.072540543079838560e-03,-1.072540543079838560e-03,-2.316680921801655954e-10,-9.049483663644736604e-08,9.920331999231956077e-01,-1.072178563733292705e-03,-1.072178563733292705e-03,-3.887643789320795130e-10,1.598920809647512904e-06,1.598920809647512904e-06,-1.061453502371426737e-08
1.733846575024516445e+00,-2.461204980177680872e-10,9.922875433627141536e-07,-9.262676134199131876e-08,9.920263822108648100e-01,-1.203368642329218259e-03,-1.203368642329218259e-03,-2.461204980177680872e-10,-9.287288184000909098e-08,9.920266608295102984e-01,-1.202997150801858118e-03,-1.202997150801858118e-03,-4.128591632595299056e-10,9.439479931886997807e-07,9.439479931886997807e-07,-1.031742987588263974e-08
1.736149160117510526e+00,-2.601522497150284413e-10,9.303001639750830154e-07,-9.484813552830584780e-08,9.920197034421864846e-01,-1.268488911251993258e-03,-1.268488911251993258e-03,-2.601522497150284413e-10,-9.510828777802087423e-08,9.920199887670497763e-01,-1.268108478100881146e-03,-1.268108478100881146e-03,-4.362530884647027704e-10,2.307738058223180410e-07,2.307738058223180410e-07,-1.000619366324258598e-08
1.738451745210504606e+00,-2.737442661872765827e-10,8.677017103004882501e-07,-9.692573384326607405e-08,9.920129036184065496e-01,-1.264796664184861079e-03,-1.264796664184861079e-03,-2.737442661872765827e-10,-9.719947810945335513e-08,9.920131952168408374e-01,-1.264407866272423313e-03,-1.264407866272423313e-03,-4.589143961788928514e-10,-5.017938066280304456e-07,-5.017938066280304456e-07,-9.681489862902009768e-09
1.740754330303498687e+00,-2.868784247715899560e-10,8.046120370380391187e-07,-9.885827842755281076e-08,9.920059941756079747e-01,-1.192943949731436852e-03,-1.192943949731436852e-03,-2.868784247715899560e-10,-9.914515685232440392e-08,9.920062916110785611e-01,-1.192547369104027472e-03,-1.192547369104027472e-03,-4.808128640297247520e-10,-1.214150605093543381e-06,-1.214150605093543381e-06,-9.343988753116923797e-09
1.743056915396492768e+00,-2.995375682116926557e-10,7.411484049215190362e-07,-1.006447649790693329e-07,9.919989864803090418e-01,-1.057245203354834550e-03,-1.057245203354834550e-03,-2.995375682116926557e-10,-1.009443025472810277e-07,9.919992893132166811e-01,-1.056841426144645383e-03,-1.056841426144645383e-03,-5.019198199330956512e-10,-1.868041758814250458e-06,-1.868041758814250458e-06,-8.994366301581030311e-09
1.745359500489486848e+00,-3.117055084004261085e-10,6.774254039335841491e-07,-1.022844566886177925e-07,9.919918918104432271e-01,-8.653880586312865959e-04,-8.653880586312865959e-04,-3.117055084004261085e-10,-1.025961621970182155e-07,9.919921995989298136e-01,-8.649776739824985641e-04,-8.649776739824985641e-04,-5.222081541311317078e-10,-2.428601222118819573e-06,-2.428601222118819573e-06,-8.633303313540143615e-09
1.747662085582480707e+00,-3.233670274664917247e-10,6.135549104388239025e-07,-1.037768780403808508e-07,9.919847213372071648e-01,-6.279696137108394492e-04,-6.279696137108394492e-04,-3.233670274664917247e-10,-1.041002450678473402e-07,9.919850336379423261e-01,-6.275532127305680653e-04,-6.275532127305680653e-04,-5.416523295351497499e-10,-2.866177644377873240e-06,-2.866177644377873240e-06,-8.261484803804854807e-09
1.749964670675474787e+00,-3.345078768138532905e-10,5.496460708077538454e-07,-1.051218085467540350e-07,9.919774861077637063e-01,-3.578871899085472050e-04,-3.578871899085472050e-04,-3.345078768138532905e-10,-1.054563164235678875e-07,9.919778024767129665e-01,-3.574653646428529205e-04,-3.574653646428529205e-04,-5.602283908385411127e-10,-3.157853719561466604e-06,-3.157853719561466604e-06,-7.879599547345293511e-09
1.752267255768468868e+00,-3.451147747119958552e-10,4.858053035833934548e-07,-1.063192764691772100e-07,9.919701970287851944e-01,-6.961951564034476591e-05,-6.961951564034476591e-05,-3.451147747119958552e-10,-1.066643912438892111e-07,9.919705170219589307e-01,-6.919285807536920642e-05,-6.919285807536920642e-05,-5.779139727521584489e-10,-3.288584487775984566e-06,-3.288584487775984566e-06,-7.488339756768483671e-09
1.754569840861462948e+00,-3.551754029954908033e-10,4.221363121750122096e-07,-1.073695525580695804e-07,9.919628648508210800e-01,2.215609734289404132e-04,2.215609734289404132e-04,-3.551754029954908033e-10,-1.077247279610650712e-07,9.919631880250049383e-01,2.219918723407846733e-04,2.219918723407846733e-04,-5.946883075914861748e-10,-3.251902112702337042e-06,-3.251902112702337042e-06,-7.088400831768755571e-09
1.756872425954457029e+00,-3.646784033655753831e-10,3.587401004236243515e-07,-1.082731438267870950e-07,9.919555001534681171e-01,5.004015771004485195e-04,5.004015771004485195e-04,-3.646784033655753831e-10,-1.086378222301526683e-07,9.919558260669347760e-01,5.008361283893691777e-04,5.008361283893691777e-04,-6.105322323177279895e-10,-3.050158813422038850e-06,-3.050158813422038850e-06,-6.680481125592494604e-09
1.759175011047451109e+00,-3.736133736995781980e-10,2.957149841246897808e-07,-1.090307873576445083e-07,9.919481133313262644e-01,7.524652803883740988e-04,7.524652803883740988e-04,-3.736133736995781980e-10,-1.094044007313440888e-07,9.919484415445284364e-01,7.529028979912994390e-04,7.529028979912994390e-04,-6.254281950112682718e-10,-2.694304561707512758e-06,-2.694304561707512758e-06,-6.265281676500644821e-09
1.761477596140444968e+00,-3.819708646716861750e-10,2.331565926497499777e-07,-1.096434441232756072e-07,9.919407145807198622e-01,9.648681445032150769e-04,9.648681445032150769e-04,-3.819708646716861750e-10,-1.100254149879472944e-07,9.919410446569648654e-01,9.653082461631668984e-04,9.653082461631668984e-04,-6.393602606421688192e-10,-2.203220543420473523e-06,-2.203220543420473523e-06,-5.843505857809732838e-09
1.763780181233439048e+00,-3.897423768768447091e-10,1.711578561056542677e-07,-1.101122927945811738e-07,9.919333138871700983e-01,1.126921314618878388e-03,1.126921314618878388e-03,-3.897423768768447091e-10,-1.105020351714580242e-07,9.919336453932756648e-01,1.127363322759564234e-03,1.127363322759564234e-03,-6.523141159040866165e-10,-1.602651974523865931e-06,-1.602651974523865931e-06,-5.415858907912200946e-09
1.766082766326433129e+00,-3.969203585349347271e-10,1.098089749218854200e-07,-1.104387234977033529e-07,9.919259210136024407e-01,1.230646827798859361e-03,1.230646827798859361e-03,-3.969203585349347271e-10,-1.108356438562382922e-07,9.919262535205339848e-01,1.231090170374284348e-03,1.231090170374284348e-03,-6.642770727998044196e-10,-9.238035201921255061e-07,-9.238035201921255061e-07,-4.983047311170480299e-09
1.768385351419427209e+00,-4.034982037407804399e-10,4.919737027844347239e-08,-1.106243314771039284e-07,9.919185454892793796e-01,1.271143809628168730e-03,1.271143809628168730e-03,-4.034982037407804399e-10,-1.110278296808447075e-07,9.919188785727683921e-01,1.271587920946892119e-03,1.271587920946892119e-03,-6.752380706115807648e-10,-2.016764060568144198e-07,-2.016764060568144198e-07,-4.545778011166284151e-09
1.770687936512421290e+00,-4.094702511228237632e-10,-1.059238470698151359e-08,-1.106709106199927173e-07,9.919111965994500402e-01,1.246790000681782329e-03,1.246790000681782329e-03,-4.094702511228237632e-10,-1.110803808711155380e-07,9.919115298405926096e-01,1.247234322205266867e-03,1.247234322205266867e-03,-6.851876758595995494e-10,5.267624012021277511e-07,5.267624012021277511e-07,-4.104757448842680658e-09
1.772990521605415370e+00,-4.148317826841492569e-10,-6.947865169922486505e-08,-1.105804467988998680e-07,9.919038833757121143e-01,1.159272408071309636e-03,1.159272408071309636e-03,-4.148317826841492569e-10,-1.109952785815840166e-07,9.919042163615479080e-01,1.159716389185636064e-03,1.159716389185636064e-03,-6.941180798472797175e-10,1.224482208041138411e-06,1.224482208041138411e-06,-3.660690429012553303e-09
1.775293106698409451e+00,-4.195790225280626724e-10,-1.273828291863349250e-07,-1.103551109938284552e-07,9.918966145870825590e-01,1.013449744398422928e-03,1.013449744398422928e-03,-4.195790225280626724e-10,-1.107746900163565220e-07,9.918969469111525994e-01,1.013892843158488303e-03,1.013892843158488303e-03,-7.020230934121858229e-10,1.856263840481984015e-06,1.856263840481984015e-06,-3.214278828951679422e-09
1.777595691791403310e+00,-4.237091351193563217e-10,-1.842294662148783334e-07,-1.099972521627168984e-07,9.918893987317760619e-01,8.170577539308594142e-04,8.170577539308594142e-04,-4.237091351193563217e-10,-1.104209612978362502e-07,9.918897299946599633e-01,8.174994377760507218e-04,8.174994377760507218e-04,-7.088981385435864962e-10,2.390453928597559274e-06,2.390453928597559274e-06,-2.766220171866008744e-09
1.779898276884397390e+00,-4.272202227033788536e-10,-2.399463834100509623e-07,-1.095093898383351626e-07,9.918822440296952703e-01,5.802761221474561160e-04,5.802761221474561160e-04,-4.272202227033788536e-10,-1.099366100610385459e-07,9.918825738395254943e-01,5.807158685877002310e-04,5.807158685877002310e-04,-7.147402365891609543e-10,2.800512456466491528e-06,2.800512456466491528e-06,-2.317206095516809812e-09
1.782200861977391471e+00,-4.301113214985438829e-10,-2.944647963663938269e-07,-1.088942064406093487e-07,9.918751584156305645e-01,3.151820609537097501e-04,3.151820609537097501e-04,-4.301113214985438829e-10,-1.093243177621078939e-07,9.918754863885838047e-01,3.156193582247581808e-04,3.156193582247581808e-04,-7.195479928498957065e-10,3.066280286107333511e-06,3.066280286107333511e-06,-1.867920751904704262e-09
1.784503447070385551e+00,-4.323823962932168356e-10,-3.477194362779533968e-07,-1.081545393050637599e-07,9.918681495331732600e-01,3.512059419692316700e-05,3.512059419692316700e-05,-4.323823962932168356e-10,-1.085869217013569746e-07,9.918684752939384008e-01,3.555494188372859601e-05,3.555494188372859601e-05,-7.233215774494362965e-10,3.174909157320582017e-06,3.174909157320582017e-06,-1.419039177473495064e-09
1.786806032163379632e+00,-4.340343331132325341e-10,-3.996486627405581254e-07,-1.072933724399192065e-07,9.918612247293442374e-01,-2.459751666754929084e-04,-2.459751666754929084e-04,-4.340343331132325341e-10,-1.077274067730324427e-07,9.918615479115645561e-01,-2.455442570484007861e-04,-2.455442570484007861e-04,-7.260627024570305173e-10,3.121414858075674549e-06,3.121414858075674549e-06,-9.712256747261453476e-10
1.789108617256373712e+00,-4.350689296789790812e-10,-4.501945639828658161e-07,-1.063138280357697048e-07,9.918543910499338923e-01,-5.142789600125779624e-04,-5.142789600125779624e-04,-4.350689296789790812e-10,-1.067488969654486878e-07,9.918547112966248358e-01,-5.138519644247161507e-04,-5.138519644247161507e-04,-7.277745953370126725e-10,2.908833873775993513e-06,2.908833873775993513e-06,-5.251322454905315422e-10
1.791411202349367571e+00,-4.354888834376165635e-10,-4.993030403349555200e-07,-1.052191577621111026e-07,9.918476552355542930e-01,-7.567469914543210755e-04,-7.567469914543210755e-04,-4.354888834376165635e-10,-1.056546466455487189e-07,9.918479721994942766e-01,-7.563243728677389137e-04,-7.563243728677389137e-04,-7.284619688877987693e-10,2.547983845063417517e-06,2.547983845063417517e-06,-8.139711347274679221e-11
1.793713787442361651e+00,-4.352977770326256979e-10,-5.469238674811687935e-07,-1.040127338938262276e-07,9.918410237183961087e-01,-9.617416507323071299e-04,-9.617416507323071299e-04,-4.352977770326256979e-10,-1.044480316708588590e-07,9.918413370624911130e-01,-9.613238586056237038e-04,-9.613238586056237038e-04,-7.281309879153199944e-10,2.056847571451903329e-06,2.056847571451903329e-06,3.593566305715603161e-10
1.796016372535355732e+00,-4.345000611554157100e-10,-5.930107369204502267e-07,-1.026980403176914565e-07,9.918345026196820902e-01,-1.119574229872583992e-03,-1.119574229872583992e-03,-4.345000611554157100e-10,-1.031325403788468677e-07,9.918348120173032800e-01,-1.119161699711068627e-03,-1.119161699711068627e-03,-7.267892329562694893e-10,1.459618196352214415e-06,1.459618196352214415e-06,7.965222334353756548e-10
1.798318957628349812e+00,-4.331010348077348354e-10,-6.375212720198722555e-07,-1.012786634737676147e-07,9.918280977478066696e-01,-1.222942327323447943e-03,-1.222942327323447943e-03,-4.331010348077348354e-10,-1.017117645085753455e-07,9.918284028831001464e-01,-1.222535480265413664e-03,-1.222535480265413664e-03,-7.244456614224435809e-10,7.854587329488250786e-07,7.854587329488250786e-07,1.229510312983131508e-09
1.800621542721343893e+00,-4.311068230851645572e-10,-6.804170190440353240e-07,-9.975828328907563573e-08,9.918218145971428035e-01,-1.267243428475075661e-03,-1.267243428475075661e-03,-4.311068230851645572e-10,-1.001893901121608040e-07,9.918221151653131562e-01,-1.266842670914627034e-03,-1.266842670914627034e-03,-7.211105665770099518e-10,6.704160346607166191e-08,6.704160346607166191e-08,1.657749707193673904e-09
1.802924127814337973e+00,-4.285243526670361863e-10,-7.216634135218788736e-07,-9.814066416118183723e-08,9.918156583475031818e-01,-1.250752651335295101e-03,-1.250752651335295101e-03,-4.285243526670361863e-10,-9.856918851384887910e-08,9.918159540550687270e-01,-1.250358374581239749e-03,-1.250358374581239749e-03,-7.167955347754972979e-10,-6.610571742509821991e-07,-6.610571742509821991e-07,2.080688133021858614e-09
1.805226712907332054e+00,-4.253613252636491129e-10,-7.612297232292279163e-07,-9.642964604735733106e-08,9.918096338642273802e-01,-1.174659513532008140e-03,-1.174659513532008140e-03,-4.253613252636491129e-10,-9.685500737262097862e-08,9.918099244292495342e-01,-1.174272093502517654e-03,-1.174272093502517654e-03,-7.115134014086526059e-10,-1.364029385982757865e-06,-1.364029385982757865e-06,2.497792656977650140e-09
1.807529298000325912e+00,-4.216261893247719554e-10,-7.990889698770966971e-07,-9.462913571100712542e-08,9.918037456988758604e-01,-1.042965450565006610e-03,-1.042965450565006610e-03,-4.216261893247719554e-10,-9.505076190033190172e-08,9.918040308511615333e-01,-1.042585247517405179e-03,-1.042585247517405179e-03,-7.052782059716029717e-10,-2.008490685037769521e-06,-2.008490685037769521e-06,2.908549986441527743e-09
1.809831883093319993e+00,-4.173281103523325181e-10,-8.352178322720768900e-07,-9.274309817137310566e-08,9.917979980904990667e-01,-8.622503863754790894e-04,-8.622503863754790894e-04,-4.173281103523325181e-10,-9.316042628172543983e-08,9.917982775717779642e-01,-8.618777446703522254e-04,-8.618777446703522254e-04,-6.981051466554823285e-10,-2.564043124639214769e-06,-2.564043124639214769e-06,3.312466597079502352e-09
1.812134468186314074e+00,-4.124769401836521110e-10,-8.695965342300418979e-07,-9.077554839546276214e-08,9.917923949674566364e-01,-6.413226038376500715e-04,-6.413226038376500715e-04,-4.124769401836521110e-10,-9.118802533564640764e-08,9.917926685315326951e-01,-6.409578517363075101e-04,-6.409578517363075101e-04,-6.900105348160343943e-10,-3.004672315850902887e-06,-3.004672315850902887e-06,3.709068717015088132e-09
1.814437053279308154e+00,-4.070831856192535417e-10,-9.022087208656537945e-07,-8.873054326310307003e-08,9.917869399497516447e-01,-3.907712473469406077e-04,-3.907712473469406077e-04,-4.070831856192535417e-10,-8.913762644872232828e-08,9.917872073626310403e-01,-3.904146968411457193e-04,-3.904146968411457193e-04,-6.810117496211482273e-10,-3.309916927556114775e-06,-3.309916927556114775e-06,4.097902192487281767e-09
1.816739638372302235e+00,-4.011579767614960181e-10,-9.330413270401903288e-07,-8.661217382741352063e-08,9.917816363518525691e-01,-1.224447878512760078e-04,-1.224447878512760078e-04,-4.011579767614960181e-10,-8.701333180417502166e-08,9.917818973918479664e-01,-1.220967345240593107e-04,-1.220967345240593107e-04,-6.711271931189828631e-10,-3.465760448782598744e-06,-3.465760448782598744e-06,4.478532262429887281e-09
1.819042223465296315e+00,-3.947130354081897996e-10,-9.620844417346183998e-07,-8.442455788422200590e-08,9.917764871859668929e-01,1.511184423696971602e-04,1.511184423696971602e-04,-3.947130354081897996e-10,-8.481927091963019570e-08,9.917767416437796024e-01,1.514577194533756695e-04,1.514577194533756695e-04,-6.603762459033862507e-10,-3.465209328412278718e-06,-3.465209328412278718e-06,4.850543270715032675e-09
1.821344808558290174e+00,-3.877606438105443594e-10,-9.893311719341453012e-07,-8.217183285542028298e-08,9.917714951657398137e-01,4.172800732588354835e-04,4.172800732588354835e-04,-3.877606438105443594e-10,-8.255959349923082847e-08,9.917717428445202987e-01,4.176103116328323947e-04,4.176103116328323947e-04,-6.487792234869522100e-10,-3.308537054350819989e-06,-3.308537054350819989e-06,5.213538344719539181e-09
1.823647393651284254e+00,-3.803136140595578654e-10,-1.014777509284124763e-06,-7.985814898332907869e-08,9.917666627103419730e-01,6.638841677677226761e-04,6.638841677677226761e-04,-3.803136140595578654e-10,-8.023846259738863593e-08,9.917669034257298177e-01,6.642051216181122427e-04,6.642051216181122427e-04,-6.363573334274448500e-10,-3.003189679247597300e-06,-3.003189679247597300e-06,5.567139067485656793e-09
1.825949978744278335e+00,-3.723852583117701976e-10,-1.038422202329306026e-06,-7.748766282612792617e-08,9.917619919489211178e-01,8.798057746246880665e-04,8.798057746246880665e-04,-3.723852583117701976e-10,-7.786004808443969456e-08,9.917622255290653444e-01,8.801172148170258516e-04,8.801172148170258516e-04,-6.231326331932584061e-10,-2.563363992004467809e-06,-2.563363992004467809e-06,5.910985168193834451e-09
1.828252563837272415e+00,-3.639893600069319225e-10,-1.060266636607366805e-06,-7.506453103853634318e-08,9.917574847253851633e-01,1.055441326384135925e-03,1.055441326384135925e-03,-3.639893600069319225e-10,-7.542852039854328130e-08,9.917577110109463412e-01,1.055743040465730205e-03,1.055743040465730205e-03,-6.091279887005372924e-10,-2.009284251595533743e-06,-2.009284251595533743e-06,6.244734252130239383e-09
1.830555148930266496e+00,-3.551401461695524782e-10,-1.080314724264260410e-06,-7.259290441741691271e-08,9.917531426034961184e-01,1.183120004634520593e-03,1.183120004634520593e-03,-3.551401461695524782e-10,-7.294804456358646070e-08,9.917533614476298220e-01,1.183411796812774931e-03,1.183411796812774931e-03,-5.943670334106905453e-10,-1.366216501774309002e-06,-1.366216501774309002e-06,6.568061587032755504e-09
1.832857734023260576e+00,-3.458522608261586688e-10,-1.098572804224974892e-06,-7.007692218887625821e-08,9.917489668722442309e-01,1.257419392064913375e-03,1.257419392064913375e-03,-3.458522608261586688e-10,-7.042277444970241326e-08,9.917491781405676221e-01,1.257701083162712135e-03,1.257701083162712135e-03,-5.788741278435733140e-10,-6.632704365260087071e-07,-6.632704365260087071e-07,6.880659957881582516e-09
1.835160319116254435e+00,-3.361407395132148362e-10,-1.115049553319499546e-06,-6.752070651183567772e-08,9.917449585514851451e-01,1.275373542447118692e-03,1.275373542447118692e-03,-3.361407395132148362e-10,-6.785684725134889850e-08,9.917451621220269020e-01,1.275644969836123993e-03,1.275644969836123993e-03,-5.626743193397140296e-10,6.795285254654328987e-08,6.795285254654328987e-08,7.182239597110583345e-09
1.837462904209248515e+00,-3.260209847992083902e-10,-1.129755908158757803e-06,-6.492835717286040147e-08,9.917411183978167566e-01,1.236566790817325611e-03,1.236566790817325611e-03,-3.260209847992083902e-10,-6.525437815765961022e-08,9.917413141609512373e-01,1.236827808329956160e-03,1.236827808329956160e-03,-5.457933018947452377e-10,7.948034193219841277e-07,7.948034193219841277e-07,7.472528192102089735e-09
1.839765489302242596e+00,-3.155087427006435780e-10,-1.142704997005439543e-06,-6.230394644821223792e-08,9.917374469106796653e-01,1.143111933795769482e-03,1.143111933795769482e-03,-3.155087427006435780e-10,-6.261945519091288424e-08,9.917376347690451954e-01,1.143362411616533156e-03,1.143362411616533156e-03,-5.282573758907007263e-10,1.485049010766929341e-06,1.485049010766929341e-06,7.751270966930764776e-09
1.842068074395236676e+00,-3.046200798367865876e-10,-1.153912080409923992e-06,-5.965151411142564332e-08,9.917339443386624653e-01,9.995166124421781245e-04,9.995166124421781245e-04,-3.046200798367865876e-10,-5.995613419126242908e-08,9.917341242070650820e-01,9.997564369789431298e-04,9.997564369789431298e-04,-5.100934075609828297e-10,2.108299895063910266e-06,2.108299895063910266e-06,8.018230830842416975e-09
1.844370659488230757e+00,-2.933713611434292871e-10,-1.163394498999683638e-06,-5.697506256805682824e-08,9.917306106859998804e-01,8.124465769910741483e-04,8.124465769910741483e-04,-2.933713611434292871e-10,-5.726843392920025453e-08,9.917307824913016434e-01,8.126756507267909272e-04,8.126756507267909272e-04,-4.913287880477939751e-10,2.637329724035887909e-06,2.637329724035887909e-06,8.273188582079647792e-09
1.846673244581224838e+00,-2.817792279518737292e-10,-1.171171626531545461e-06,-5.427855210334398385e-08,9.917274457192468695e-01,5.903988220003912645e-04,5.903988220003912645e-04,-2.817792279518737292e-10,-5.456033133129585727e-08,9.917276094002408504e-01,5.906170633257164021e-04,5.906170633257164021e-04,-4.719913919407459692e-10,3.049236317394880712e-06,3.049236317394880712e-06,8.515943152530753327e-09
1.848975829674218918e+00,-2.698605762361320010e-10,-1.177264826147111443e-06,-5.156589623313018163e-08,9.917244489741190439e-01,3.433011620212412162e-04,3.433011620212412162e-04,-2.698605762361320010e-10,-5.183575680936631528e-08,9.917246044813894379e-01,3.435085050484786972e-04,3.435085050484786972e-04,-4.521095352216423210e-10,3.326394676746864305e-06,3.326394676746864305e-06,8.746311876391141539e-09
1.851278414767212777e+00,-2.576325348383279526e-10,-1.181697407711265283e-06,-4.884095715326592989e-08,9.917216197624851848e-01,8.205756133828927734e-05,8.205756133828927734e-05,-2.576325348383279526e-10,-4.909858968810426104e-08,9.917217670582542111e-01,8.225395569704170053e-05,8.225395569704170053e-05,-4.317119325809151456e-10,3.457164817714448441e-06,3.457164817714448441e-06,8.964130764630068428e-09
1.853580999860206857e+00,-2.451124434987694259e-10,-1.184494584159057851e-06,-4.610754128757994203e-08,9.917189571795020919e-01,-1.819396696658890061e-04,-1.819396696658890061e-04,-2.451124434987694259e-10,-4.635265373107871286e-08,9.917190962374632379e-01,-1.817542590509646885e-04,-1.817542590509646885e-04,-4.108276541138091642e-10,3.436328609103575980e-06,3.436328609103575980e-06,9.169254766575887408e-09
1.855883584953200938e+00,-2.323178305418955640e-10,-1.185683424917402691e-06,-4.336939493916766169e-08,9.917164601108793276e-01,-4.373088741819640890e-04,-4.373088741819640890e-04,-2.323178305418955640e-10,-4.360171276970955590e-08,9.917165909160176041e-01,-4.371344673308852455e-04,-4.371344673308852455e-04,-3.894860814472400363e-10,3.265242213836450345e-06,3.265242213836450345e-06,9.361558000330593760e-09
1.858186170046195018e+00,-2.192663901006365053e-10,-1.185292804693112716e-06,-4.063020005394755960e-08,9.917141272402630880e-01,-6.731674648349525534e-04,-6.731674648349525534e-04,-2.192663901006365053e-10,-4.084946644404819528e-08,9.917142497886624053e-01,-6.730040669691763483e-04,-6.730040669691763483e-04,-3.677168633889642117e-10,2.951703322078515747e-06,2.951703322078515747e-06,9.540933934942959184e-09
1.860488755139189099e+00,-2.059759587981673063e-10,-1.183353346211863831e-06,-3.789357010905981013e-08,9.917119570567269893e-01,-8.795890645912576465e-04,-8.795890645912576465e-04,-2.059759587981673063e-10,-3.809954606785797785e-08,9.917120713553652100e-01,-8.794366664069861676e-04,-8.794366664069861676e-04,-3.455498712280401448e-10,2.509544661894681916e-06,2.509544661894681916e-06,9.707295509202012479e-09
1.862791340232183179e+00,-1.924644918455065548e-10,-1.179897355836908321e-06,-3.516304614153605232e-08,9.917099478623576658e-01,-1.048010624777840401e-03,-1.048010624777840401e-03,-1.924644918455065548e-10,-3.535551063338155712e-08,9.917100539288895567e-01,-1.047869202735306942e-03,-1.047869202735306942e-03,-3.230151538475265930e-10,1.957976693494218084e-06,1.957976693494218084e-06,9.860575174444390635e-09
1.865093925325177038e+00,-1.787500385541625291e-10,-1.174958751372834631e-06,-3.244209293469501721e-08,9.917080977799226371e-01,-1.171573450732331855e-03,-1.171573450732331855e-03,-1.787500385541625291e-10,-3.262084297324918181e-08,9.917081956424516065e-01,-1.171442967360438901e-03,-1.171442967360438901e-03,-3.001428928360584827e-10,1.320712512828989007e-06,1.320712512828989007e-06,1.000072485175138007e-08
1.867396510418171118e+00,-1.648507173031529300e-10,-1.168572981750244029e-06,-2.973409538084455908e-08,9.917064047606067856e-01,-1.245385338728619484e-03,-1.245385338728619484e-03,-1.648507173031529300e-10,-2.989894609814771061e-08,9.917064944574450758e-01,-1.245265742944226929e-03,-1.245265742944226929e-03,-2.769633578033327225e-10,6.249164095511852601e-07,6.249164095511852601e-07,1.012771579719623508e-08
1.869699095511165199e+00,-1.507846900375481851e-10,-1.160776938673418251e-06,-2.704235503910292749e-08,9.917048665918026806e-01,-1.266694732016889011e-03,-1.266694732016889011e-03,-1.507846900375481851e-10,-2.719313972914047505e-08,9.917049481712219006e-01,-1.266585959457972466e-03,-1.266585959457972466e-03,-2.535068621152546905e-10,-9.997605842481065393e-08,-9.997605842481065393e-08,1.024153837222698254e-08
1.872001680604159279e+00,-1.365701364096207966e-10,-1.151608860679141773e-06,-2.437008690649612935e-08,9.917034809049416477e-01,-1.234971771873149236e-03,-1.234971771873149236e-03,-1.365701364096207966e-10,-2.450665704290575136e-08,9.917035544249127588e-01,-1.234873745244977538e-03,-1.234873745244977538e-03,-2.298037192671811526e-10,-8.235143921888310045e-07,-8.235143921888310045e-07,1.034220171968963556e-08
1.874304265697153360e+00,-1.222252277024661183e-10,-1.141108230384883265e-06,-2.172041641904217647e-08,9.917022451833483743e-01,-1.151895161026963901e-03,-1.151895161026963901e-03,-1.222252277024661183e-10,-2.184264164674464215e-08,9.917023107112733493e-01,-1.151807790460376976e-03,-1.151807790460376976e-03,-2.058842001087971906e-10,-1.515511897799062079e-06,-1.515511897799062079e-06,1.042973334925207814e-08
1.876606850790147440e+00,-1.077681006986232601e-10,-1.129315665988184743e-06,-1.909637669736599260e-08,9.917011567701055075e-01,-1.021247718155601043e-03,-1.021247718155601043e-03,-1.077681006986232601e-10,-1.920414479806461668e-08,9.917012143825398862e-01,-1.021170901576408862e-03,-1.021170901576408862e-03,-1.817784911219864505e-10,-2.147293263581209005e-06,-2.147293263581209005e-06,1.050417863896918670e-08
1.878909435883141299e+00,-9.321683167198498776e-11,-1.116272808305567186e-06,-1.650090604863790549e-08,9.917002128759097035e-01,-8.487272032808086024e-04,-8.487272032808086024e-04,-9.321683167198498776e-11,-1.659412288030988934e-08,9.917002626582783753e-01,-8.486608267892873118e-04,-8.486608267892873118e-04,-1.575166539344767586e-10,-2.692860002385139999e-06,-2.692860002385139999e-06,1.056560026230934673e-08
1.881212020976135380e+00,-7.858941068982931925e-11,-1.102022204803045327e-06,-1.393684573342707309e-08,9.916994105869071374e-01,-6.416823015629382222e-04,-6.416823015629382222e-04,-7.858941068982931925e-11,-1.401543514411690190e-08,9.916994526332125748e-01,-6.416262398223617977e-04,-6.416262398223617977e-04,-1.331285862280534958e-10,-3.129927442071806908e-06,-3.129927442071806908e-06,1.061407755206293288e-08
1.883514606069129460e+00,-6.390371641309843751e-11,-1.086607192168370395e-06,-1.140693800256797651e-08,9.916987468724874910e-01,-4.087864411298021330e-04,-4.087864411298021330e-04,-6.390371641309843751e-11,-1.147084171898107507e-08,9.916987812850126538e-01,-4.087405577629262248e-04,-4.087405577629262248e-04,-1.086439841719807222e-10,-3.440793369308355707e-06,-3.440793369308355707e-06,1.064970581411280464e-08
1.885817191162123541e+00,-4.917749157721923714e-11,-1.070071779006570164e-06,-8.913824405486942009e-09,9.916982185930264260e-01,-1.596642946682737848e-04,-1.596642946682737848e-04,-4.917749157721923714e-11,-8.963001897064161834e-09,9.916982454820321147e-01,-1.596284426606855154e-04,-1.596284426606855154e-04,-8.409230648106737459e-11,-3.613006300797869835e-06,-3.613006300797869835e-06,1.067259560502616031e-08
1.888119776255117621e+00,-3.442831932350502864e-11,-1.052460530208821421e-06,-6.460044367803571794e-09,9.916978225075568920e-01,9.551268961190289056e-05,9.551268961190289056e-05,-3.442831932350502864e-11,-6.494472687127076415e-09,9.916978419909749931e-01,9.553866750265139780e-05,9.553866750265139780e-05,-5.950274016515809265e-11,-3.639810313314353306e-06,-3.639810313314353306e-06,1.068287198782420016e-08
1.890422361348111702e+00,-1.967360053309253250e-11,-1.033818454453984651e-06,-4.048034032532394102e-09,9.916975552813590555e-01,3.464446054934336634e-04,3.464446054934336634e-04,-1.967360053309253250e-11,-4.067707633065486886e-09,9.916975674844819011e-01,3.464608763239659071e-04,3.464608763239659071e-04,-3.490416800387147583e-11,-3.520352975573492537e-06,-3.520352975573492537e-06,1.068067378010630302e-08
1.892724946441105782e+00,-4.930532292512641914e-12,-1.014190896160734639e-06,-1.680125355990863066e-09,9.916974134934515295e-01,5.831180702888691088e-04,5.831180702888691088e-04,-4.930532292512641914e-12,-1.685055888283375715e-09,9.916974185486191473e-01,5.831248105124222291e-04,5.831248105124222291e-04,-1.032513774844991935e-11,-3.259652827056227721e-06,-3.259652827056227721e-06,1.066615280799907980e-08
1.895027531534099641e+00,9.783912406565833992e-12,-9.936234330239260192e-07,6.414545533093043671e-10,9.916973936439744675e-01,7.962013228870691486e-04,7.962013228870691486e-04,9.783912406565833992e-12,6.512384657158702301e-10,9.916973916902590558e-01,7.961987179332062885e-04,7.961987179332062885e-04,1.420616697711794760e-11,-2.868332585639886874e-06,-2.868332585639886874e-06,1.063947317821537186e-08
1.897330116627093721e+00,2.445300365996442183e-11,-9.721617800521713429e-07,2.914583866876893729e-09,9.916974921614526428e-01,9.774041686099296973e-04,9.774041686099296973e-04,2.445300365996442183e-11,2.939036870536858138e-09,9.916974833443420456e-01,9.773924124624475476e-04,9.773924124624475476e-04,3.866195413010415838e-11,-2.362133479550624577e-06,-2.362133479550624577e-06,1.060081057892362752e-08
1.899632701720087802e+00,3.906027229284934434e-11,-9.498517007849988197e-07,5.137246255477587392e-09,9.916977054099260780e-01,1.119789346202032694e-03,1.119789346202032694e-03,3.906027229284934434e-11,5.176306527770436335e-09,9.916976898810064833e-01,1.119768640975921581e-03,1.119768640975921581e-03,6.301484913501895792e-11,-1.761234426889512831e-06,-1.761234426889512831e-06,1.055035161822693944e-08
1.901935286813081882e+00,5.358952613812881312e-11,-9.267389261182766307e-07,7.307530912579523050e-09,9.916980296959430063e-01,1.218024210794646988e-03,1.218024210794646988e-03,5.358952613812881312e-11,7.361120438717651889e-09,9.916980076125816446e-01,1.217994766312892069e-03,1.217994766312892069e-03,8.723791929634481643e-11,-1.089406932617582151e-06,-1.089406932617582151e-06,1.048829320692836241e-08
1.904237871906075963e+00,6.802486496794799068e-11,-9.028690809163683466e-07,9.423632399867407080e-09,9.916984612754032868e-01,1.268564305435772831e-03,1.268564305435772831e-03,6.802486496794799068e-11,9.491657264835354243e-09,9.916984328004314619e-01,1.268526338806713442e-03,1.268526338806713442e-03,1.113046968455137681e-10,-3.730422829407581256e-07,-3.730422829407581256e-07,1.041484199000948317e-08
1.906540456999070043e+00,8.235069412201366909e-11,-8.782876183486554902e-07,1.148385033280187272e-08,9.916989963602501623e-01,1.269763316253063375e-03,1.269763316253063375e-03,8.235069412201366909e-11,1.156620102692388722e-08,9.916989616616470604e-01,1.269717051448955624e-03,1.269717051448955624e-03,1.351892007372377272e-10,3.599082724481475861e-07,3.599082724481475861e-07,1.033021382897104888e-08
1.908843042092063902e+00,9.655173690052317532e-11,-8.530397616653966320e-07,1.348658892377184557e-08,9.916996311250003693e-01,1.221906945281054637e-03,1.221906945281054637e-03,9.655173690052317532e-11,1.358314066067236956e-08,9.916995903755784214e-01,1.221852612718411866e-03,1.221852612718411866e-03,1.588659573126515261e-10,1.081037268066362689e-06,1.081037268066362689e-06,1.023463333496738542e-08
1.911145627185057982e+00,1.106130458097430764e-10,-8.271704529307232565e-07,1.543035639947811618e-08,9.917003617131120441e-01,1.127171271605935821e-03,1.127171271605935821e-03,1.106130458097430764e-10,1.554096944528786077e-08,9.917003150902037323e-01,1.127109107728154576e-03,1.127109107728154576e-03,1.823100199441698068e-10,1.762584974787866626e-06,1.762584974787866626e-06,1.012833345059243107e-08
1.913448212278052063e+00,1.245200127640735890e-10,-8.007243080656078860e-07,1.731376430785154679e-08,9.917011842431846524e-01,9.895090780806224413e-04,9.895090780806224413e-04,1.245200127640735890e-10,1.743828432061562058e-08,9.917011319283316473e-01,9.894393249433399741e-04,9.894393249433399741e-04,2.054969877697899560e-10,2.378500906952822996e-06,2.378500906952822996e-06,1.001155507632367157e-08
1.915750797371046144e+00,1.382583783596071586e-10,-7.737455774240854147e-07,1.913552672814818508e-08,9.917020948149894988e-01,8.144703010962628040e-04,8.144703010962628040e-04,1.382583783596071586e-10,1.927378510650779092e-08,9.917020369936341284e-01,8.143932059558367563e-04,8.143932059558367563e-04,2.284030236135881556e-10,2.905422923911506549e-06,2.905422923911506549e-06,9.884546736051194550e-09
1.918053382464040224e+00,1.518142403403250150e-10,-7.462781110354993225e-07,2.089445939593434696e-08,9.917030895153295944e-01,6.089651127135488297e-04,6.089651127135488297e-04,1.518142403403250150e-10,2.104627363627467220e-08,9.917030263765086451e-01,6.088809276190037569e-04,6.088809276190037569e-04,2.510048711747217289e-10,3.323538122416660203e-06,3.323538122416660203e-06,9.747564274865444506e-09
1.920355967557034305e+00,1.651740613793951719e-10,-7.183653275947320963e-07,2.258947875259963433e-08,9.917041644237264419e-01,3.809800855306045729e-04,3.809800855306045729e-04,1.651740613793951719e-10,2.275465281397903085e-08,9.917040961597679560e-01,3.808890669193486754e-04,3.808890669193486754e-04,2.732798715504902957e-10,3.617295111196760485e-06,3.617295111196760485e-06,9.600870581378719680e-09
1.922658552650028385e+00,1.783246762946947989e-10,-6.900501862701128790e-07,2.421960092688220986e-08,9.917053156179342910e-01,1.392593756899877485e-04,1.392593756899877485e-04,1.783246762946947989e-10,2.439792560317690355e-08,9.917052424241574737e-01,1.391617839875750322e-04,1.391617839875750322e-04,2.952059791405069600e-10,3.775943668356171994e-06,3.775943668356171994e-06,9.444735326319885737e-09
1.924961137743022244e+00,1.912532988100356814e-10,-6.613751604235788656e-07,2.578394065375927076e-08,9.917065391792808660e-01,-1.070361651612450012e-04,-1.070361651612450012e-04,1.912532988100356814e-10,2.597519395256930647e-08,9.917064612536989898e-01,-1.071400659370552754e-04,-1.071400659370552754e-04,3.167617769597442070e-10,3.793884911776206814e-06,3.793884911776206814e-06,9.279434708977013504e-09
1.927263722836016324e+00,2.039475279622052376e-10,-6.323822123957883529e-07,2.728171013402547325e-08,9.917078311978362315e-01,-3.486785829782608243e-04,-3.486785829782608243e-04,2.039475279622052376e-10,2.748565766198767975e-08,9.917077487408632042e-01,-3.487885256089087683e-04,-3.487885256089087683e-04,3.379264913690014069e-10,3.670822664737498160e-06,3.670822664737498160e-06,9.105251203248687476e-09
1.929566307929010405e+00,2.163953542394157608e-10,-6.031127685959313412e-07,2.871221783601853345e-08,9.917091877774069086e-01,-5.767178153584970020e-04,-5.767178153584970020e-04,2.163953542394157608e-10,2.892861319025794944e-08,9.917091009915672828e-01,-5.768335298112580280e-04,-5.768335298112580280e-04,3.586800062128376165e-10,3.411714392862620887e-06,3.411714392862620887e-06,8.922473295575687926e-09
1.931868893022004485e+00,2.285851655199024826e-10,-5.736076942465925316e-07,3.007486723932871283e-08,9.917106050403602380e-01,-7.828093437836247019e-04,-7.828093437836247019e-04,2.285851655199024826e-10,3.030345240484861715e-08,9.917105141300029958e-01,-7.829305575932440789e-04,-7.829305575932440789e-04,3.790028763381587910e-10,3.026527613659516641e-06,3.026527613659516641e-06,8.731395207822225997e-09
1.934171478114998566e+00,2.405057528608710152e-10,-5.439072672625265233e-07,3.136915551897805388e-08,9.917120791322741047e-01,-9.595127781224519273e-04,-9.595127781224519273e-04,2.405057528608710152e-10,3.160966127183892329e-08,9.917119843032903281e-01,-9.596392167675393348e-04,-9.596392167675393348e-04,3.988763404517839271e-10,2.529814759247101717e-06,2.529814759247101717e-06,8.532316599213739921e-09
1.936474063207992646e+00,2.521463161686860336e-10,-5.140511508822380882e-07,3.259467216752431982e-08,9.917136062264174656e-01,-1.100551065549752001e-03,-1.100551065549752001e-03,2.521463161686860336e-10,3.284681848369300736e-08,9.917135076859620035e-01,-1.100682452823686713e-03,-1.100682452823686713e-03,4.182823332631612029e-10,1.940125872008214635e-06,1.940125872008214635e-06,8.325542242661811198e-09
1.938776648300986505e+00,2.634964697617589676e-10,-4.840783648171171453e-07,3.375109755184215382e-08,9.917151825280565713e-01,-1.201021772350134619e-03,-1.201021772350134619e-03,2.634964697617589676e-10,3.401459402160391294e-08,9.917150804842744805e-01,-1.201157830726221109e-03,-1.201157830726221109e-03,4.372034968491574590e-10,1.279284015887004760e-06,1.279284015887004760e-06,8.111381672162449016e-09
1.941079233393980585e+00,2.745462478189668218e-10,-4.540272548278033287e-07,3.483820140097688577e-08,9.917168042785925453e-01,-1.257553891138425218e-03,-1.257553891138425218e-03,2.745462478189668218e-10,3.511274764879585130e-08,9.917166989403496391e-01,-1.257694342129020383e-03,-1.257694342129020383e-03,4.556231911719052044e-10,5.715526845840592351e-07,5.715526845840592351e-07,7.890148799375795576e-09
1.943381818486974666e+00,2.852861096890177728e-10,-4.239354607771016078e-07,3.585584122142928763e-08,9.917184677595261011e-01,-1.268405811419469386e-03,-1.268405811419469386e-03,2.852861096890177728e-10,3.614112733111830473e-08,9.917183593361441618e-01,-1.268550375928793753e-03,-1.268550375928793753e-03,4.735255036779086984e-10,-1.572722767870863897e-07,-1.572722767870863897e-07,7.662161498936475276e-09
1.945684403579968746e+00,2.957069450208526996e-10,-3.938398833371734131e-07,3.680396063651631221e-08,9.917201692962506199e-01,-1.233502359954944142e-03,-1.233502359954944142e-03,2.957069450208526996e-10,3.709966758153716455e-08,9.917200579972478280e-01,-1.233650758625270223e-03,-1.233650758625270223e-03,4.908952579072916862e-10,-8.808117896742957068e-07,-8.808117896742957068e-07,7.427741163440177613e-09
1.947986988672962827e+00,3.058000786622041696e-10,-3.637766496421021794e-07,3.768258764700681627e-08,9.917219052616740305e-01,-1.154411080804155403e-03,-1.154411080804155403e-03,3.058000786622041696e-10,3.798838772566901775e-08,9.917217912965108351e-01,-1.154563034355058021e-03,-1.154563034355058021e-03,5.077180210456900389e-10,-1.573058624145393275e-06,-1.573058624145393275e-06,7.187212230355938554e-09
1.950289573765956908e+00,3.155572752632910761e-10,-3.337810782722393617e-07,3.849183281103494454e-08,9.917236720796687166e-01,-1.034260114360794876e-03,-1.034260114360794876e-03,3.155572752632910761e-10,3.880739008629823453e-08,9.917235556574984789e-01,-1.034415343921140165e-03,-1.034415343921140165e-03,5.239801103578943310e-10,-2.209304017503247927e-06,-2.209304017503247927e-06,6.940901684286229415e-09
1.952592158858950988e+00,3.249707435155399412e-10,-3.038876440310999067e-07,3.923188734228873100e-08,9.917254662283493394e-01,-8.776020616142598142e-04,-8.776020616142598142e-04,3.249707435155399412e-10,3.955685808580426800e-08,9.917253475577750832e-01,-8.777602890466030573e-04,-8.777602890466030573e-04,5.396685984514035635e-10,-2.767003280439779481e-06,-2.767003280439779481e-06,6.689138538996222150e-09
1.954894743951944847e+00,3.340331399513354772e-10,-2.741299430275371324e-07,3.990302112661123590e-08,9.917272842431780200e-01,-6.902300182604077360e-04,-6.902300182604077360e-04,3.340331399513354772e-10,4.023705426656257438e-08,9.917271635320151768e-01,-6.903909664774739337e-04,-6.903909664774739337e-04,5.547713173291874769e-10,-3.226550821692709431e-06,-3.226550821692709431e-06,6.432253304432860706e-09
1.957197329044938927e+00,3.427375722300614347e-10,-2.445406586053164217e-07,4.050558065838439372e-08,9.917291227198969938e-01,-4.789534871915528949e-04,-4.789534871915528949e-04,3.427375722300614347e-10,4.084831823061445251e-08,9.917290001749422546e-01,-4.791168804644753334e-04,-4.791168804644753334e-04,5.692768612036999870e-10,-3.571938973058303265e-06,-3.571938973058303265e-06,6.170577444538854768e-09
1.959499914137933008e+00,3.510776018380354927e-10,-2.151515286689979259e-07,4.103998689933709053e-08,9.917309783172900683e-01,-2.513430725977040619e-04,-2.513430725977040619e-04,3.510776018380354927e-10,4.139106450117512478e-08,9.917308541440965630e-01,-2.515086368557087446e-04,-2.515086368557087446e-04,5.831745880579940978e-10,-3.791279744476459232e-06,-3.791279744476459232e-06,5.904442832023149284e-09
1.961802499230927088e+00,3.590472461351702465e-10,-1.859933149401538874e-07,4.150673306367935460e-08,9.917328477597706637e-01,-1.545369730149454633e-05,-1.545369730149454633e-05,3.590472461351702465e-10,4.186578030981452469e-08,9.917327221624296918e-01,-1.562116042273380438e-05,-1.562116042273380438e-05,5.964546199541832386e-10,-3.877173973452610621e-06,-3.877173973452610621e-06,5.634181206374911458e-09
1.964105084323921169e+00,3.666409796889064289e-10,-1.570957746438891084e-07,4.190638233466426678e-08,9.917347278397988797e-01,2.204634436564854708e-04,2.204634436564854708e-04,3.666409796889064289e-10,4.227302331435317171e-08,9.917346010207289675e-01,2.202943515632280484e-04,2.202943515632280484e-04,6.091078421038847461e-10,-3.826918070257670234e-06,-3.826918070257670234e-06,5.360123641316952988e-09
1.966407669416915249e+00,3.738537348458990415e-10,-1.284876350740572602e-07,4.223956551877963217e-08,9.917366154201291417e-01,4.482498860142404475e-04,4.482498860142404475e-04,3.738537348458990415e-10,4.261341925362553059e-08,9.917364875798714285e-01,4.480794323372259600e-04,4.480794323372259600e-04,6.211259007292582898e-10,-3.642544472657227079e-06,-3.642544472657227079e-06,5.082600027593930261e-09
1.968710254509909108e+00,3.806809015035720932e-10,-1.001965714197756844e-07,4.250697864473033543e-08,9.917385074358863184e-01,6.601198170524542582e-04,6.601198170524542582e-04,3.806809015035720932e-10,4.288765954623390603e-08,9.917383787729077138e-01,6.599482664142692712e-04,6.599482664142692712e-04,6.325011997562883009e-10,-3.330697784144631876e-06,-3.330697784144631876e-06,4.801938576506102775e-09
1.971012839602903188e+00,3.871183260565267634e-10,-7.224918815902922585e-08,4.270938051516475446e-08,9.917404008964759710e-01,8.489214809579610516e-04,8.489214809579610516e-04,3.871183260565267634e-10,4.309649884122127967e-08,9.917402716069794177e-01,8.487490949625961512e-04,8.487490949625961512e-04,6.432268963936932292e-10,-2.902354204319600191e-06,-2.902354204319600191e-06,4.518465348957743926e-09
1.973315424695897269e+00,3.931623095064836432e-10,-4.467100424035930821e-08,4.284759021970800095e-08,9.917422928873276256e-01,1.008371552237945787e-03,1.008371552237945787e-03,3.931623095064836432e-10,4.324075252921448273e-08,9.917421631650700231e-01,1.008198589227828935e-03,1.008198589227828935e-03,6.532968956610153623e-10,-2.372397078799071960e-06,-2.372397078799071960e-06,4.232503814017676029e-09
1.975618009788891349e+00,3.988096047382580194e-10,-1.748644218484371908e-08,4.292248461825695254e-08,9.917441805714757308e-01,1.133255132251917863e-03,1.133255132251917863e-03,3.988096047382580194e-10,4.332129422299520984e-08,9.917440506075930751e-01,1.133081847075025983e-03,1.133081847075025983e-03,6.627058439375765405e-10,-1.759065976069108415e-06,-1.759065976069108415e-06,3.944374440126030093e-09
1.977920594881885430e+00,4.040574129780259708e-10,9.281178849504618532e-09,4.293499580369497176e-08,9.917460611909781898e-01,1.219585417173749565e-03,1.219585417173749565e-03,4.040574129780259708e-10,4.333905321667299546e-08,9.917459311738184846e-01,1.219412060960882839e-03,1.219412060960882839e-03,6.714491216102447892e-10,-1.083300613141724566e-06,-1.083300613141724566e-06,3.654394321155640017e-09
1.980223179974879510e+00,4.089033794630613649e-10,3.560964608631053864e-08,4.288610855316259442e-08,9.917479320681783506e-01,1.264718626099602030e-03,1.264718626099602030e-03,4.089033794630613649e-10,4.329501193262565811e-08,9.917478021831425128e-01,1.264545446051871603e-03,1.264545446051871603e-03,6.795228349018623208e-10,-3.680039680986518171e-07,-3.680039680986518171e-07,3.362876838588444676e-09
1.982525765067873369e+00,4.133455883640856004e-10,6.147785236043721086e-08,4.277685777681458155e-08,9.917497906068132307e-01,1.267421422646035052e-03,1.267421422646035052e-03,4.133455883640856004e-10,4.319020336517866772e-08,9.917496610362031007e-01,1.267248661832574320e-03,1.267248661832574320e-03,6.869238069640564418e-10,3.627489418078630855e-07,3.627489418078630855e-07,3.070131360125668882e-09
1.984828350160867450e+00,4.173825570118655506e-10,8.686579176167855019e-08,4.260832597259752277e-08,9.917516342929701967e-01,1.227889746298639877e-03,1.227889746298639877e-03,4.173825570118655506e-10,4.302570852960938563e-08,9.917515052158446531e-01,1.227717643464521381e-03,1.227717643464521381e-03,6.936495683178218549e-10,1.084528969167365561e-06,1.084528969167365561e-06,2.776462974148639102e-09
1.987130935253861530e+00,4.210132294884434292e-10,1.117545519606367775e-07,4.238164069502754425e-08,9.917534606958985366e-01,1.147719626283611946e-03,1.147719626283611946e-03,4.210132294884434292e-10,4.280265392451598897e-08,9.917533322879367175e-01,1.147548415667913905e-03,1.147548415667913905e-03,6.996983467229306132e-10,1.773369580729798521e-06,1.773369580729798521e-06,2.482172258616032596e-09
1.989433520346855611e+00,4.242369696502845506e-10,1.361263035389589627e-07,4.209797204525361054e-08,9.917552674686775926e-01,1.029832140497073667e-03,1.029832140497073667e-03,4.242369696502845506e-10,4.252220901490389442e-08,9.917551399020505531e-01,1.029662051661013990e-03,1.029662051661013990e-03,7.050690565531173734e-10,2.406555308413696448e-06,2.406555308413696448e-06,2.187555082239908159e-09
1.991736105439849691e+00,4.270535536554458882e-10,1.599642866875372198e-07,4.175853018889131117e-08,9.917570523487496681e-01,8.783561431239625015e-04,8.783561431239625015e-04,4.270535536554458882e-10,4.218558374254675545e-08,9.917569257919984782e-01,8.781874007889922716e-04,8.781874007889922716e-04,7.097612877482643379e-10,2.963356395380276904e-06,2.963356395380276904e-06,1.892902435153026489e-09
1.994038690532843772e+00,4.294631620695335639e-10,1.832527956644995746e-07,4.136456290722789240e-08,9.917588131583184863e-01,6.984736717780295990e-04,6.984736717780295990e-04,4.294631620695335639e-10,4.179402606929742498e-08,9.917586877762403219e-01,6.983064956737523605e-04,6.983064956737523605e-04,7.137752944077729263e-10,3.425686530903416679e-06,3.425686530903416679e-06,1.598500285777540614e-09
1.996341275625837852e+00,4.314663716258596530e-10,2.059771614201071069e-07,4.091735318647007321e-08,9.917605478046206402e-01,4.962340344679133522e-04,4.962340344679133522e-04,4.314663716258596530e-10,4.134881955809593406e-08,9.917604237581619797e-01,4.960686391896810101e-04,4.960686391896810101e-04,7.171119830813025292e-10,3.778663670854201024e-06,3.778663670854201024e-06,1.304629460235214541e-09
1.998643860718831711e+00,4.330641467137681058e-10,2.281237327979441246e-07,4.041821684875489348e-08,9.917622542800746954e-01,2.783434272333935346e-04,2.783434272333935346e-04,4.330641467137681058e-10,4.085128099546866479e-08,9.917621317262317326e-01,2.781800221094116827e-04,2.781800221094116827e-04,7.197729008043196991e-10,4.011057613296740942e-06,4.011057613296740942e-06,1.011565540410410249e-09
2.000946445811826013e+00,4.342578306658026988e-10,2.496798567117462777e-07,3.986850022770593884e-08,9.917639306623112772e-01,5.193752981520656655e-05,5.193752981520656655e-05,4.342578306658026988e-10,4.030275805837174289e-08,9.917638097540371067e-01,5.177631878297308231e-05,5.177631878297308231e-05,7.217602229168363761e-10,4.115612084663468448e-06,4.115612084663468448e-06,7.195787766894357853e-10
2.003249030904819872e+00,4.350491369094177507e-10,2.706338576763579233e-07,3.926957789041612300e-08,9.917655751140918019e-01,-1.756551353432106086e-04,-1.756551353432106086e-04,4.350491369094177507e-10,3.970462702732554168e-08,9.917654560002107100e-01,-1.758139538513199020e-04,-1.758139538513199020e-04,7.230767406945701228e-10,4.089233474734164793e-06,4.089233474734164793e-06,4.289340114431879216e-10
2.005551615997813730e+00,4.354401400425001789e-10,2.909750170406140705e-07,3.862285040689423255e-08,9.917671858831176301e-01,-3.971512257838675066e-04,-3.971512257838675066e-04,4.354401400425001789e-10,3.905829054693673567e-08,9.917670687082459358e-01,-3.973074589460552685e-04,-3.973074589460552685e-04,7.237258488128818381e-10,3.933042856811271960e-06,3.933042856811271960e-06,1.398906094897209633e-10
2.007854201090808033e+00,4.354332668843923277e-10,3.106935522310772638e-07,3.792974216726070425e-08,9.917687613017375226e-01,-6.055443127743274489e-04,-6.055443127743274489e-04,4.354332668843923277e-10,3.836517543414509529e-08,9.917686462062111907e-01,-6.056977734760639982e-04,-6.056977734760639982e-04,7.237115326554932342e-10,3.652292401777455144e-06,3.652292401777455144e-06,-1.472976079431125793e-10
2.010156786183801891e+00,4.350312875456240184e-10,3.297805962706456849e-07,3.719169924631167513e-08,9.917702997865558423e-01,-7.943230817579587924e-04,-7.943230817579587924e-04,4.350312875456240184e-10,3.762673053385730168e-08,9.917701869063642039e-01,-7.944735886800942219e-04,-7.944735886800942219e-04,7.230383554723690679e-10,3.256151620878167864e-06,3.256151620878167864e-06,-4.323824288591077581e-10
2.012459371276796194e+00,4.342373065505631183e-10,3.482281777864934842e-07,3.641018731452500198e-08,9.917717998379469435e-01,-9.576693977301290730e-04,-9.576693977301290730e-04,4.342373065505631183e-10,3.684442462107556469e-08,9.917716893046730764e-01,-9.578167754286133614e-04,-9.578167754286133614e-04,7.217114453845480034e-10,2.757372864081341726e-06,2.757372864081341726e-06,-7.151213183862375176e-10
2.014761956369790052e+00,4.330547540378940334e-10,3.660292016696332944e-07,3.558668959415246168e-08,9.917732600394807418e-01,-1.090630466643532828e-03,-1.090630466643532828e-03,4.330547540378940334e-10,3.601974434819035514e-08,9.917731519802477358e-01,-1.090774545620925694e-03,-1.090774545620925694e-03,7.197364822281611887e-10,2.171849112379880265e-06,2.171849112379880265e-06,-9.952774910509400884e-10
2.017064541462784355e+00,4.314873770546122789e-10,3.831774304957689816e-07,3.472270485872918607e-08,9.917746790572624649e-01,-1.189260312519717930e-03,-1.189260312519717930e-03,4.314873770546122789e-10,3.515419223578379695e-08,9.917745735946857932e-01,-1.189400929288660959e-03,-1.189400929288660959e-03,7.171196842256209563e-10,1.518080173567496290e-06,1.518080173567496290e-06,-1.272619989013668444e-09
2.019367126555778214e+00,4.295392309503509388e-10,3.996674667651539757e-07,3.381974547415325055e-08,9.917760556391916893e-01,-1.250726892631760572e-03,-1.250726892631760572e-03,4.295392309503509388e-10,3.424928470510359942e-08,9.917759528913375755e-01,-1.250863889770581060e-03,-1.250863889770581060e-03,7.138677944689888591e-10,8.165658634228268701e-07,8.165658634228268701e-07,-1.546923767270405010e-09
2.021669711648772072e+00,4.272146708705180896e-10,4.154947359700932761e-07,3.287933547940911763e-08,9.917773886141445505e-01,-1.273382361109009651e-03,-1.273382361109009651e-03,4.272146708705180896e-10,3.330655015027963645e-08,9.917772886944941080e-01,-1.273515587309610687e-03,-1.273515587309610687e-03,7.099880671988534933e-10,8.914658874403166149e-08,8.914658874403166149e-08,-1.817969786256119724e-09
2.023972296741766375e+00,4.245183433392836165e-10,4.306554704534581866e-07,3.190300870505876431e-08,9.917786768910820117e-01,-1.256795209864849027e-03,-1.256795209864849027e-03,4.245183433392836165e-10,3.232752704839804793e-08,9.917785799085008236e-01,-1.256924519973042680e-03,-1.256924519973042680e-03,7.054882538617129260e-10,-6.416871301676705316e-07,-6.416871301676705316e-07,-2.085545111733218041e-09
2.026274881834760233e+00,4.214551779169682365e-10,4.451466939815961023e-07,3.089230692775748459e-08,9.917799194580889655e-01,-1.201744238150454901e-03,-1.201744238150454901e-03,4.214551779169682365e-10,3.131376210567445598e-08,9.917798255168026600e-01,-1.201869493198877512e-03,-1.201869493198877512e-03,7.003765889297196118e-10,-1.353494224758042450e-06,-1.353494224758042450e-06,-2.349443021333931635e-09
2.028577466927754536e+00,4.180303789110373411e-10,4.589662069210192516e-07,2.984877805927366514e-08,9.917811153813467229e-01,-1.110175485387381034e-03,-1.110175485387381034e-03,4.180303789110373411e-10,3.026680843818470264e-08,9.917810245809214331e-01,-1.110296552621133732e-03,-1.110296552621133732e-03,6.946617754686151932e-10,-2.024570025689439570e-06,-2.024570025689439570e-06,-2.609463116660814602e-09
2.030880052020748394e+00,4.142494171159081764e-10,4.721125718811127547e-07,2.877397436879513935e-08,9.917822638040431071e-01,-9.851243635240767085e-04,-9.851243635240767085e-04,4.142494171159081764e-10,2.918822378591104778e-08,9.917821762393717044e-01,-9.852411164192203825e-04,-9.852411164192203825e-04,6.883529704427423242e-10,-2.634599812847953566e-06,-2.634599812847953566e-06,-2.865411439447692888e-09
2.033182637113742697e+00,4.101180215539597441e-10,4.845850996650880827e-07,2.766945073764058002e-08,9.917833639452218186e-01,-8.306062305728560647e-04,-8.306062305728560647e-04,4.101180215539597441e-10,2.807956875919454064e-08,9.917832797065155859e-01,-8.307185488478928447e-04,-8.307185488478928447e-04,6.814597697497897049e-10,-3.165259723631081166e-06,-3.165259723631081166e-06,-3.117100589955055412e-09
2.035485222206736555e+00,4.056421711887753343e-10,4.963838353586283932e-07,2.653676294589307575e-08,9.917844150985766216e-01,-6.514795124582719449e-04,-6.514795124582719449e-04,4.056421711887753343e-10,2.694240511708185114e-08,9.917843342713612564e-01,-6.515872820787402698e-04,-6.515872820787402698e-04,6.739921929825132303e-10,-3.600747857488384329e-06,-3.600747857488384329e-06,-3.364349845520776681e-09
2.037787807299730414e+00,4.008280865814851138e-10,5.075095443803495668e-07,2.537746599086435180e-08,9.917854166311903530e-01,-4.532861927593596451e-04,-4.532861927593596451e-04,4.008280865814851138e-10,2.577829407744583573e-08,9.917853392963080772e-01,-4.533893059356694359e-04,-4.533893059356694359e-04,6.659606679195851630e-10,-3.928230950514337645e-06,-3.928230950514337645e-06,-3.606985277021362976e-09
2.040090392392724716e+00,3.956822214622392603e-10,5.179636983194708455e-07,2.419311243772120254e-08,9.917863679822250811e-01,-2.420750355754263013e-04,-2.420750355754263013e-04,3.956822214622392603e-10,2.458879465918344278e-08,9.917862942158410799e-01,-2.421733907540630452e-04,-2.421733907540630452e-04,6.573760147531053951e-10,-4.138194911840639860e-06,-4.138194911840639860e-06,-3.844839860909826635e-09
2.042392977485718575e+00,3.902112541910681774e-10,5.277484603940999422e-07,2.298525080299232344e-08,9.917872686615628597e-01,-2.421326633775078383e-05,-2.421326633775078383e-05,3.902112541910681774e-10,2.337546205718339038e-08,9.917871985351767172e-01,-2.430676818597951572e-05,-2.430676818597951572e-05,6.482494300656232926e-10,-4.224690681010747943e-06,-4.224690681010747943e-06,-4.077753584494433467e-09
2.044695562578712877e+00,3.844220790856434052e-10,5.368666703770694283e-07,2.175542397204673293e-08,9.917881182484032943e-01,1.938073839999765338e-04,1.938073839999765338e-04,3.844220790856434052e-10,2.213984605113237696e-08,9.917880518288650915e-01,1.937188246157719920e-04,1.937188246157719920e-04,6.385924705748442096e-10,-4.185470211689276060e-06,-4.185470211689276060e-06,-4.305573542194380818e-09
2.046998147671706736e+00,3.783217975976108657e-10,5.453218288547591342e-07,2.050516765197619270e-08,9.917889163898173654e-01,4.055643714847249480e-04,4.055643714847249480e-04,3.783217975976108657e-10,2.088348944957380393e-08,9.917888537393489967e-01,4.054808375269266640e-04,4.054808375269266640e-04,6.284170366693219374e-10,-4.022010790331075700e-06,-4.022010790331075700e-06,-4.528154020650479987e-09
2.049300732764700594e+00,3.719177093238878251e-10,5.531180807069520041e-07,1.923600886158356731e-08,9.917896627992647263e-01,6.048920487736385515e-04,6.048920487736385515e-04,3.719177093238878251e-10,1.960792657090745472e-08,9.917896039754849902e-01,6.048136170673549476e-04,6.048136170673549476e-04,6.177353557629714070e-10,-3.739429234786836111e-06,-3.739429234786836111e-06,-4.745356570776875274e-09
2.051603317857694897e+00,3.652173028446864038e-10,5.602601977213348349e-07,1.794946446042242024e-08,9.917903572550719193e-01,7.860580161837958007e-04,7.860580161837958007e-04,3.652173028446864038e-10,1.831468176326710602e-08,9.917903023110266059e-01,7.859847574567427157e-04,7.859847574567427157e-04,6.065599655004960433e-10,-3.346290748012498761e-06,-3.346290748012498761e-06,-4.957050065096839833e-09
2.053905902950688755e+00,3.582282463855651643e-10,5.667535602838870223e-07,1.664703971898751193e-08,9.917909995988792859e-01,9.439232290990874066e-04,9.439232290990874066e-04,3.582282463855651643e-10,1.700526796537307653e-08,9.917909485830753713e-01,9.438552080272259335e-04,9.438552080272259335e-04,5.949036968491925573e-10,-2.854320154355982942e-06,-2.854320154355982942e-06,-5.163110739007466353e-09
2.056208488043683058e+00,3.509583783065487694e-10,5.726041381151653600e-07,1.533022693225727134e-08,9.917915897340565667e-01,1.074081595656467243e-03,1.074081595656467243e-03,3.509583783065487694e-10,1.568118531056381882e-08,9.917915426905006271e-01,1.074018870915225072e-03,1.074018870915225072e-03,5.827796571153701163e-10,-2.278025922571766564e-06,-2.278025922571766564e-06,-5.363422214950823406e-09
2.058511073136676917e+00,3.434156974270561661e-10,5.778184700512678112e-07,1.400050407882844773e-08,9.917921276240913020e-01,1.172975521582846504e-03,1.172975521582846504e-03,3.434156974270561661e-10,1.434391977625550441e-08,9.917920845923319240e-01,1.172918145903741570e-03,1.172918145903741570e-03,5.702012129256254011e-10,-1.634249652308626269e-06,-1.634249652308626269e-06,-5.557875508819875376e-09
2.060813658229671219e+00,3.356083532007228889e-10,5.824036428962192010e-07,1.265933352783666727e-08,9.917926132909516967e-01,1.237984657942361967e-03,1.237984657942361967e-03,3.356083532007228889e-10,1.299494188103739027e-08,9.917925743061261068e-01,1.237932678174837866e-03,1.237932678174837866e-03,5.571819732142383863e-10,-9.416555395639506123e-07,-9.416555395639506123e-07,-5.746369018287825113e-09
2.063116243322665078e+00,3.275446357593590474e-10,5.863672693990380374e-07,1.130816079577399485e-08,9.917930468134291688e-01,1.267485966467146166e-03,1.267485966467146166e-03,3.275446357593590474e-10,1.163570543153335364e-08,9.917930119063128602e-01,1.267439423645419939e-03,1.267439423645419939e-03,5.437357722583918783e-10,-2.201757191745627293e-07,-2.201757191745627293e-07,-5.928808493106767975e-09
2.065418828415658936e+00,3.192329658496804597e-10,5.897174654326059628e-07,9.948413355143823684e-09,9.917934283254600247e-01,1.260884091058332842e-03,1.260884091058332842e-03,3.192329658496804597e-10,1.026764632099350425e-08,9.917933975225210474e-01,1.260843020473048810e-03,1.260843020473048810e-03,5.298766528022680937e-10,5.095717608718546205e-07,5.095717608718546205e-07,-6.105106987763944126e-09
2.067721413508653239e+00,3.106818846904530166e-10,5.924628264727510910e-07,8.581499496699752466e-09,9.917937580144329246e-01,1.218611908501717736e-03,1.218611908501717736e-03,3.106818846904530166e-10,8.892181381390205792e-09,9.917937313378887287e-01,1.218576339776192069e-03,1.218576339776192069e-03,5.156188493099480136e-10,1.226875200582952523e-06,1.226875200582952523e-06,-6.275184797205788974e-09
2.070023998601647097e+00,3.019000437807800887e-10,5.946124034936001753e-07,7.208807246753168030e-09,9.917940361194818033e-01,1.142101982597643409e-03,1.142101982597643409e-03,3.019000437807800887e-10,7.510707290533948119e-09,9.917940135873599683e-01,1.142071939768481278e-03,1.142071939768481278e-03,5.009767713849694325e-10,1.911514752841991382e-06,1.911514752841991382e-06,-6.438969376629813352e-09
2.072326583694641400e+00,2.928961946926238189e-10,5.961756784092095322e-07,5.831703340745067658e-09,9.917942629297694657e-01,1.033730448890452652e-03,1.033730448890452652e-03,2.928961946926238189e-10,6.124599535437691270e-09,9.917942445559708720e-01,1.033705950492310940e-03,1.033705950492310940e-03,4.859649873917930740e-10,2.544324789788892569e-06,2.544324789788892569e-06,-6.596395246596927080e-09
2.074629168787635258e+00,2.836791788822843090e-10,5.971625392016772018e-07,4.451532253970985299e-09,9.917944387827625219e-01,8.967355950958600264e-04,8.967355950958600264e-04,2.836791788822843090e-10,4.735211432853269970e-09,9.917944245771281864e-01,8.967166542501286671e-04,8.967166542501286671e-04,4.705982083114024895e-10,3.107717810162834389e-06,3.107717810162834389e-06,-6.747403884927606728e-09
2.076931753880629561e+00,2.742579175561286196e-10,5.975832548817742482e-07,3.069615289998034931e-09,9.917945640625018822e-01,7.351140417795123949e-04,7.351140417795123949e-04,2.742579175561286196e-10,3.343873207554163396e-09,9.917945540308822361e-01,7.351006662866822186e-04,7.351006662866822186e-04,4.548912718595216515e-10,3.586156021698931451e-06,3.586156021698931451e-06,-6.891943607007922947e-09
2.079234338973623419e+00,2.646414016258785116e-10,5.974484504303863164e-07,1.687249726986250753e-09,9.917946391978720300e-01,5.534979747117487218e-04,5.534979747117487218e-04,2.646414016258785116e-10,1.951891128612129316e-09,9.917946333421986393e-01,5.534901671472342195e-04,5.534901671472342195e-04,4.388591268922416215e-10,3.966558542083178658e-06,3.966558542083178658e-06,-7.029969436247407739e-09
2.081536924066617278e+00,2.548386817877162683e-10,5.967690818672320536e-07,3.057080217667554161e-10,9.917946646608689631e-01,3.570173045184129820e-04,3.570173045184129820e-04,2.548386817877162683e-10,5.605467035544716844e-10,9.917946629792288027e-01,3.570150623315987816e-04,3.570150623315987816e-04,4.225168181195545500e-10,4.238634249584071144e-06,4.238634249584071144e-06,-7.161442966497074391e-09
2.083839509159611580e+00,2.448588587579251434e-10,5.955564115880147434e-07,-1.073762928789172032e-09,9.917946409648721318e-01,1.511509340235076134e-04,1.511509340235076134e-04,2.448588587579251434e-10,-8.289040700312469921e-10,9.917946434515843013e-01,1.511542496397877335e-04,1.511542496397877335e-04,4.058794711432902325e-10,4.395132613962278661e-06,4.395132613962278661e-06,-7.286332218251620153e-09
2.086142094252605439e+00,2.347110736953818950e-10,5.938219841028239269e-07,-2.449942469906255581e-09,9.917945686629210389e-01,-5.842850603877845696e-05,-5.842850603877845696e-05,2.347110736953818950e-10,-2.215231396210873841e-09,9.917945753086152560e-01,-5.841964511319361580e-05,-5.841964511319361580e-05,3.889622778316308535e-10,4.432007301390520513e-06,4.432007301390520513e-06,-7.404611490434214765e-09
2.088444679345599742e+00,2.244044988383321904e-10,5.915776022971256490e-07,-3.821636815632621143e-09,9.917944483460006122e-01,-2.660120429123708006e-04,-2.660120429123708006e-04,2.244044988383321904e-10,-3.597232316794289237e-09,9.917944591376975927e-01,-2.659976539831036412e-04,-2.659976539831036412e-04,3.717804820383555781e-10,4.348489848061244269e-06,4.348489848061244269e-06,-7.516261209487609244e-09
2.090747264438593600e+00,2.139483283795610130e-10,5.888353043232982179e-07,-5.187679621503840804e-09,9.917942806413343471e-01,-4.660095279191260337e-04,-4.660095279191260337e-04,2.139483283795610130e-10,-4.973731293124279481e-09,9.917942955625281831e-01,-4.659896329939535180e-04,-4.659896329939535180e-04,3.543493656711950655e-10,4.147073240218142308e-06,4.147073240218142308e-06,-7.621267777387150399e-09
2.093049849531587459e+00,2.033517696002222157e-10,5.856073412151348313e-07,-6.546932504732051122e-09,9.917940662106906613e-01,-6.530984300843030920e-04,-6.530984300843030920e-04,2.033517696002222157e-10,-6.343580735131828803e-09,9.917940852414328656e-01,-6.530730557613625411e-04,-6.530730557613625411e-04,3.366842351099587889e-10,3.833407673162553877e-06,3.833407673162553877e-06,-7.719623420047279368e-09
2.095352434624581761e+00,1.926240342786898325e-10,5.819061553010796372e-07,-7.898285513688076252e-09,9.917938057487032388e-01,-8.223623980653537759e-04,-8.223623980653537759e-04,1.926240342786898325e-10,-7.705661479409386031e-09,9.917938288656876766e-01,-8.223315754194360965e-04,-8.223315754194360965e-04,3.188004079720701464e-10,3.416113090804378533e-06,3.416113090804378533e-06,-7.811326037420907398e-09
2.097655019717575620e+00,1.817743303865748086e-10,5.777443594745036950e-07,-9.240657548606669536e-09,9.917934999812052510e-01,-9.694161211961135460e-04,-9.694161211961135460e-04,1.817743303865748086e-10,-9.058883218220095011e-09,9.917935271578549594e-01,-9.693798856632406934e-04,-9.693798856632406934e-04,3.007132002202600770e-10,2.906515233863259691e-06,2.906515233863259691e-06,-7.896379056399465530e-09
2.099957604810569922e+00,1.708118540798807802e-10,5.731347173615723279e-07,-1.057299673555581473e-08,9.917931496635827848e-01,-1.090513487705339641e-03,-1.090513487705339641e-03,1.708118540798807802e-10,-1.040218488147593421e-08,9.917931808701374585e-01,-1.090471878965813737e-03,-1.090471878965813737e-03,2.824379136048637640e-10,2.318313796894915684e-06,2.318313796894915684e-06,-7.974791287413149882e-09
2.102260189903563781e+00,1.597457819892043615e-10,5.680901244097335270e-07,-1.189428075577513498e-08,9.917927555791452576e-01,-1.182636576736099780e-03,-1.182636576736099780e-03,1.597457819892043615e-10,-1.173453497378593124e-08,9.917927907827501777e-01,-1.182589638596204728e-03,-1.182589638596204728e-03,2.639898234314376511e-10,1.667192913042958461e-06,1.667192913042958461e-06,-8.046576785413723678e-09
2.104562774996558083e+00,1.485852638088802624e-10,5.626235899030640053e-07,-1.320351713253074560e-08,9.917923185375174810e-01,-1.243563597589435882e-03,-1.243563597589435882e-03,1.485852638088802624e-10,-1.305493186872186572e-08,9.917923577023131099e-01,-1.243511377861961000e-03,-1.243511377861961000e-03,2.453841666429343748e-10,9.703854387968868672e-07,9.703854387968868672e-07,-8.111754715705439734e-09
2.106865360089551942e+00,1.373394151813854499e-10,5.567482198948598194e-07,-1.449974347761337922e-08,9.917918393730524862e-01,-1.271914508826468447e-03,-1.271914508826468447e-03,1.373394151813854499e-10,-1.436240406243199397e-08,9.917918824602647287e-01,-1.271857059210218695e-03,-1.271857059210218695e-03,2.266361302050414599e-10,2.462034704048555523e-07,2.462034704048555523e-07,-8.170349224872237590e-09
2.109167945182545800e+00,1.260173108698890910e-10,5.504772010335569582e-07,-1.578202769957907677e-08,9.917913189432671084e-01,-1.267173670356447996e-03,-1.267173670356447996e-03,1.260173108698890910e-10,-1.565601038870918783e-08,9.917913659112982394e-01,-1.267111046314893128e-03,-1.267111046314893128e-03,2.077608397827524201e-10,-4.864519126064556509e-07,-4.864519126064556509e-07,-8.222389316846114642e-09
2.111470530275540103e+00,1.146279782090093009e-10,5.438237852453567258e-07,-1.704946817574522779e-08,9.917907581273008866e-01,-1.229689507839885117e-03,-1.229689507839885117e-03,1.146279782090093009e-10,-1.693484019753621719e-08,9.917908089318214770e-01,-1.229621768479094998e-03,-1.229621768479094998e-03,1.887733486965517381e-10,-1.208588449666506175e-06,-1.208588449666506175e-06,-8.267908733968195677e-09
2.113773115368533961e+00,1.031803908213034862e-10,5.368012752261796695e-07,-1.830119388986330873e-08,9.917901578244014971e-01,-1.160651768710728926e-03,-1.160651768710728926e-03,1.031803908213034862e-10,-1.819801349904200365e-08,9.917902124184420076e-01,-1.160578976656732701e-03,-1.160578976656732701e-03,1.696886271470165939e-10,-1.901614956842242735e-06,-1.901614956842242735e-06,-8.306945842721965005e-09
2.116075700461528264e+00,9.168346258505372750e-11,5.294230106868702387e-07,-1.953636453726680511e-08,9.917895189524329469e-01,-1.062047514281898742e-03,-1.062047514281898742e-03,9.168346258505372750e-11,-1.944468107468175077e-08,9.917895772864762094e-01,-1.061969735557599919e-03,-1.061969735557599919e-03,1.505215516975535373e-10,-2.547815415724820173e-06,-2.547815415724820173e-06,-8.339543523667282390e-09
2.118378285554522122e+00,8.014604183751000282e-11,5.217023552890062512e-07,-2.075417059914506901e-08,9.917888424464129660e-01,-9.365975139435118307e-04,-9.365975139435118307e-04,8.014604183751000282e-11,-2.067402455730755912e-08,9.917889044684866651e-01,-9.365148178452826523e-04,-9.365148178452826523e-04,1.312868950063556074e-10,-3.130793055460267178e-06,-3.130793055460267178e-06,-8.365749064976232885e-09
2.120680870647516425e+00,6.857690579672183280e-11,5.136526842043061921e-07,-2.195383338745491836e-08,9.917881292570753793e-01,-7.876751584997344381e-04,-7.876751584997344381e-04,6.857690579672183280e-11,-2.188525648165819748e-08,9.917881949128448671e-01,-7.875876174738078361e-04,-7.875876174738078361e-04,1.119993157999506020e-10,-3.635873650902018638e-06,-3.635873650902018638e-06,-8.385614058874046557e-09
2.122983455740510284e+00,5.698475518478949117e-11,5.052873722283642016e-07,-2.313460506180707584e-08,9.917873803494619001e-01,-6.192104026071367862e-04,-6.192104026071367862e-04,5.698475518478949117e-11,-2.307762030662228521e-08,9.917874495823227887e-01,-6.191180921259102979e-04,-6.191180921259102979e-04,9.267334908265135947e-11,-4.050458579283810460e-06,-4.050458579283810460e-06,-8.399194300214377454e-09
2.125286040833504142e+00,4.537820903531845635e-11,4.966197823792077693e-07,-2.429576861951818384e-08,9.917865967015402351e-01,-4.355815507295935371e-04,-4.355815507295935371e-04,4.537820903531845635e-11,-2.425039041048286401e-08,9.917866694527114335e-01,-4.354845491679515987e-04,-4.354845491679515987e-04,7.332339657779727159e-11,-4.364319685303674039e-06,-4.364319685303674039e-06,-8.406549686375413001e-09
2.127588625926498445e+00,3.376579966852454863e-11,4.876632549129297933e-07,-2.543663785984559592e-08,9.917857793028530544e-01,-2.414979314259178074e-04,-2.414979314259178074e-04,3.376579966852454863e-11,-2.540287206017707006e-08,9.917858555114692498e-01,-2.413963199376771042e-04,-2.413963199376771042e-04,5.396371739879930283e-11,-4.569829686505125734e-06,-4.569829686505125734e-06,-8.407744117646073015e-09
2.129891211019492303e+00,2.215596781832820565e-11,4.784310966920038771e-07,-2.655655732327733923e-08,9.917849291531947165e-01,-4.187664476508290792e-05,-4.187664476508290792e-05,2.215596781832820565e-11,-2.653440135545901083e-08,9.917850087563987449e-01,-4.177050715966107062e-05,-4.177050715966107062e-05,3.460841894976866475e-11,-4.662123631823801874e-06,-4.662123631823801874e-06,-8.402845397281070120e-09
2.132193796112486606e+00,1.055705789711698946e-11,4.689365708468361320e-07,-2.765490220660621550e-08,9.917840472613178582e-01,1.582833755788680299e-04,1.582833755788680299e-04,1.055705789711698946e-11,-2.764434514870909789e-08,9.917841301943532972e-01,1.583939529594628596e-04,1.583939529594628596e-04,1.527144805736083794e-11,-4.639188767790119109e-06,-4.639188767790119109e-06,-8.391925130437977670e-09
2.134496381205480464e+00,-1.022686614401427736e-12,4.591928866773672298e-07,-2.873107825437847571e-08,9.917831346436700724e-01,3.540267709151062353e-04,3.540267709151062353e-04,-1.022686614401427736e-12,-2.873210094099287701e-08,9.917832208399729454e-01,3.541416993188702101e-04,3.541416993188702101e-04,-4.033417662630916939e-12,-4.501882039487683250e-06,-4.501882039487683250e-06,-8.375058621265530794e-09
2.136798966298474767e+00,-1.257512766306231300e-11,4.492131897486321350e-07,-2.978452162720730183e-08,9.917821923231611159e-01,5.405635299592070333e-04,5.405635299592070333e-04,-1.257512766306231300e-11,-2.979709675487036563e-08,9.917822817144513747e-01,5.406827183462264812e-04,5.406827183462264812e-04,-2.329257819904520725e-11,-4.253876250255781161e-06,-4.253876250255781161e-06,-8.352324767487504145e-09
2.139101551391468625e+00,-2.409223701335261100e-11,4.390105521423568592e-07,-3.081469874732903454e-08,9.917812213279595390e-01,7.133842001757824836e-04,7.133842001757824836e-04,-2.409223701335261100e-11,-3.083879098434238946e-08,9.917813138443325460e-01,7.135075553397198997e-04,7.135075553397198997e-04,-4.249261929290308432e-11,-3.901537688944578280e-06,-3.901537688944578280e-06,-8.323805951919658701e-09
2.141404136484462484e+00,-3.556610053826447765e-11,4.285979628348726034e-07,-3.182110612171992317e-08,9.917802226903215113e-01,8.683658581801724985e-04,8.683658581801724985e-04,-3.556610053826447765e-11,-3.185667222225818956e-08,9.917803182603381895e-01,8.684932848690615206e-04,8.684932848690615206e-04,-6.162032033128523444e-11,-3.453739599511586972e-06,-3.453739599511586972e-06,-8.289587930459767451e-09
2.143706721577456786e+00,-4.698892241490555780e-11,4.179883181806181153e-07,-3.280327014301871333e-08,9.917791974454491788e-01,1.001866471459338494e-03,1.001866471459338494e-03,-4.698892241490555780e-11,-3.285025906543361895e-08,9.917792959962263843e-01,1.001997872495600204e-03,1.001997872495600204e-03,-8.066266197886006283e-11,-2.921617409204996853e-06,-2.921617409204996853e-06,-8.249759716207751035e-09
2.146009306670450645e+00,-5.835302922676561435e-11,4.071944124889175275e-07,-3.376074686847533365e-08,9.917781466303816629e-01,1.110805629940717293e-03,1.110805629940717293e-03,-5.835302922676561435e-11,-3.381909989770210255e-08,9.917782480876813356e-01,1.110940906340308074e-03,1.110940906340308074e-03,-9.960683353794957630e-11,-2.318272834283770254e-06,-2.318272834283770254e-06,-8.204413459490488495e-09
2.148311891763444947e+00,-6.965087397224432971e-11,3.962289286902800482e-07,-3.469312177712579004e-08,9.917770712829157009e-01,1.192730026459512017e-03,1.192730026459512017e-03,-6.965087397224432971e-11,-3.476277265109803212e-08,9.917771755712336823e-01,1.192869077550116333e-03,1.192869077550116333e-03,-1.184402400275719620e-10,-1.658435114705677313e-06,-1.658435114705677313e-06,-8.153644323690195187e-09
2.150614476856438806e+00,-8.087503997694221348e-11,3.851044290964371360e-07,-3.560000950539159884e-08,9.917759724405595945e-01,1.245862476018413847e-03,1.245862476018413847e-03,-8.087503997694221348e-11,-3.568088454536853876e-08,9.917760794832132243e-01,1.246005199556595323e-03,1.246005199556595323e-03,-1.371505089717269045e-10,-9.580884206410615445e-07,-9.580884206410615445e-07,-8.097550356896613941e-09
2.152917061949432664e+00,-9.201824470536754327e-11,3.738333462655457497e-07,-3.648105356133146178e-08,9.917748511395166888e-01,1.269133704016441261e-03,1.269133704016441261e-03,-9.201824470536754327e-11,-3.657307180603682934e-08,9.917749608587320687e-01,1.269279996303665330e-03,1.269279996303665330e-03,-1.557254968875436259e-10,-2.340750920224752511e-07,-2.340750920224752511e-07,-8.036232359520625919e-09
2.155219647042426967e+00,-1.030733434659192996e-10,3.624279739906545858e-07,-3.733592601779963027e-08,9.917737084137028258e-01,1.262196566475424445e-03,1.262196566475424445e-03,-1.030733434659192996e-10,-3.743899936126555232e-08,9.917738207307008613e-01,1.262346322472869499e-03,1.262346322472869499e-03,-1.741532954641783556e-10,4.963153014168314126e-07,4.963153014168314126e-07,-7.969793748119018580e-09
2.157522232135420825e+00,-1.140333330015971025e-10,3.509004584350426524e-07,-3.816432718482193247e-08,9.917725452937935504e-01,1.225422800574659183e-03,1.225422800574659183e-03,-1.140333330015971025e-10,-3.827836051782352980e-08,9.917726601288751054e-01,1.225575914016730373e-03,1.225575914016730373e-03,-1.924222374241547324e-10,1.215760992834226048e-06,1.215760992834226048e-06,-7.898340415781419876e-09
2.159824817228415128e+00,-1.248913549577173009e-10,3.392627894426379653e-07,-3.896598526156208484e-08,9.917713628063047349e-01,1.159882815819969840e-03,1.159882815819969840e-03,-1.248913549577173009e-10,-3.909087661651980217e-08,9.917714800789345642e-01,1.160039179326435941e-03,1.160039179326435941e-03,-2.105209020597644496e-10,1.907317214348477309e-06,1.907317214348477309e-06,-7.821980589520878225e-09
2.162127402321408987e+00,-1.356406992169422868e-10,3.275267920553670813e-07,-3.974065596831701832e-08,9.917701619727038453e-01,1.067309425166139717e-03,1.067309425166139717e-03,-1.356406992169422868e-10,-3.987629666753396115e-08,9.917702816015938616e-01,1.067468930352809785e-03,1.067468930352809785e-03,-2.284381204381240588e-10,2.554810009500171974e-06,2.554810009500171974e-06,-7.740824685188403038e-09
2.164429987414403289e+00,-1.462748070914561568e-10,3.157041182715460148e-07,-4.048812215906627344e-08,9.917689438085539599e-01,9.500467709216656609e-04,9.500467709216656609e-04,-1.462748070914561568e-10,-4.063439696615772760e-08,9.917690657117448350e-01,9.502093085095302417e-04,9.502093085095302417e-04,-2.461629802699600033e-10,3.143205718258176514e-06,3.143205718258176514e-06,-7.654985160493233529e-09
2.166732572507397148e+00,-1.567872743617143710e-10,3.038062390809489610e-07,-4.120819341517336399e-08,9.917677093226894280e-01,8.109860086872562948e-04,8.109860086872562948e-04,-1.567872743617143710e-10,-4.136498068953507896e-08,9.917678334176315280e-01,8.111514686100144804e-04,8.111514686100144804e-04,-2.636848304383633549e-10,3.658947979300596222e-06,3.658947979300596222e-06,-7.564576366760697557e-09
2.169035157600391006e+00,-1.671718541513316335e-10,2.918444368123288917e-07,-4.190070562093055925e-08,9.917664595164233932e-01,6.534895830266868695e-04,6.534895830266868695e-04,-1.671718541513316335e-10,-4.206787747508188771e-08,9.917665857200558266e-01,6.536578545365871956e-04,6.536578545365871956e-04,-2.809932851854833423e-10,4.090255066024313117e-06,4.090255066024313117e-06,-7.469714400091069279e-09
2.171337742693385309e+00,-1.774224596278807731e-10,2.798297978284858273e-07,-4.256552052171242548e-08,9.917651953827860689e-01,4.813061350509452289e-04,4.813061350509452289e-04,-1.774224596278807731e-10,-4.274294298134030690e-08,9.917653236116150683e-01,4.814771068228706021e-04,4.814771068228706021e-04,-2.980782279564696246e-10,4.427371460759414563e-06,4.427371460759414563e-06,-7.370516952599760175e-09
2.173640327786379167e+00,-1.875331665200087493e-10,2.677732056023369881e-07,-4.320252526559003663e-08,9.917639179057968768e-01,2.984782463910816072e-04,2.984782463910816072e-04,-1.875331665200087493e-10,-4.339005843211004512e-08,9.917640480759721822e-01,2.986518066248100610e-04,2.986518066248100610e-04,-3.149298149016798857e-10,4.662768801902374130e-06,4.662768801902374130e-06,-7.267103164422314633e-09
2.175942912879373470e+00,-1.974982154421151645e-10,2.556853342048104988e-07,-4.381163192933088711e-08,9.917626280597654498e-01,1.092453201773508476e-04,1.092453201773508476e-04,-1.974982154421151645e-10,-4.400913014477300088e-08,9.917627600871559146e-01,1.094213566979299361e-04,1.094213566979299361e-04,-3.315384780397154615e-10,4.791292607496513083e-06,4.791292607496513083e-06,-7.159593477152961666e-09
2.178245497972367328e+00,-2.073120140188066931e-10,2.435766422322971542e-07,-4.439277702977459537e-08,9.917613268086261646e-01,-8.205605180620404956e-05,-8.205605180620404956e-05,-2.073120140188066931e-10,-4.460008904379340423e-08,9.917614606088932527e-01,-8.187765145002887904e-05,-8.187765145002887904e-05,-3.478949280852613071e-10,4.810252534432386077e-06,4.810252534432386077e-06,-7.048109489361495125e-09
2.180548083065361631e+00,-2.169691388026794790e-10,2.314573671973459055e-07,-4.494592102163966245e-08,9.917600151053015400e-01,-2.710919001031484796e-04,-2.710919001031484796e-04,-2.169691388026794790e-10,-4.516289016044234398e-08,9.917601505939720452e-01,-2.709112485425067070e-04,-2.709112485425067070e-04,-3.639901569473124804e-10,4.719455258821834134e-06,4.719455258821834134e-06,-6.932773814792785852e-09
2.182850668158355489e+00,-2.264643369802462826e-10,2.193375204020792684e-07,-4.547104778285986746e-08,9.917586938910989414e-01,-4.536285939895983669e-04,-4.536285939895983669e-04,-2.264643369802462826e-10,-4.569751211984011390e-08,9.917588309836352645e-01,-4.534458039411189915e-04,-4.534458039411189915e-04,-3.798154399045216869e-10,4.521180412517439407e-06,4.521180412517439407e-06,-6.813709943805423086e-09
2.185153253251349348e+00,-2.357925278624301250e-10,2.072268823089803365e-07,-4.596816408859413833e-08,9.917573640951355962e-01,-6.256263049820718269e-04,-6.256263049820718269e-04,-2.357925278624301250e-10,-4.620395661645657042e-08,9.917575027070054672e-01,-6.254414891556060122e-04,-6.254414891556060122e-04,-3.953623374658032556e-10,4.220101268472791335e-06,4.220101268472791335e-06,-6.691042108547111203e-09
2.187455838344343650e+00,-2.449488041575231827e-10,1.951349984188111785e-07,-4.643729907507622947e-08,9.917560266337949182e-01,-7.833262192752951745e-04,-7.833262192752951745e-04,-2.449488041575231827e-10,-4.668224787923375513e-08,9.917561666805385645e-01,-7.831394902837782819e-04,-7.831394902837782819e-04,-4.106226969252368562e-10,3.823153096608799200e-06,3.823153096608799200e-06,-6.564895152298793703e-09
2.189758423437337509e+00,-2.539284330261673312e-10,1.830711756603651877e-07,-4.687850369448922487e-08,9.917546824102128067e-01,-9.233296982660718849e-04,-9.233296982660718849e-04,-2.539284330261673312e-10,-4.713243212751539070e-08,9.917548238075092337e-01,-9.231411685375617718e-04,-9.231411685375617718e-04,-4.255886536213249219e-10,3.339353186166644803e-06,3.339353186166644803e-06,-6.435394403348903783e-09
2.192061008530331812e+00,-2.627268569195403182e-10,1.710444792916672424e-07,-4.729185016205463734e-08,9.917533323137923684e-01,-1.042667822518926393e-03,-1.042667822518926393e-03,-2.627268569195403182e-10,-4.755457701897417874e-08,9.917534749775234193e-01,-1.042477604210850393e-03,-1.042477604210850393e-03,-4.402526319114151335e-10,2.779577541162985007e-06,2.779577541162985007e-06,-6.302665553683542325e-09
2.194363593623325670e+00,-2.713396942034264161e-10,1.590637303074681696e-07,-4.767743139651496159e-08,9.917519772197489480e-01,-1.138860011519189251e-03,-1.138860011519189251e-03,-2.713396942034264161e-10,-4.794877109071839121e-08,9.917521210660622533e-01,-1.138668216434826456e-03,-1.138668216434826456e-03,-4.546073458725554564e-10,2.156300068888107098e-06,2.156300068888107098e-06,-6.166834542703525943e-09
2.196666178716319529e+00,-2.797627395724746766e-10,1.471375033430436063e-07,-4.803536045517457018e-08,9.917506179886825812e-01,-1.209960696133826740e-03,-1.209960696133826740e-03,-2.797627395724746766e-10,-4.831512319474704486e-08,9.917507629340521769e-01,-1.209767435641047805e-03,-1.209767435641047805e-03,-4.686457997406150144e-10,1.483300788189872971e-06,1.483300788189872971e-06,-6.028027446100740831e-09
2.198968763809313831e+00,-2.879919642602529169e-10,1.352741250601735657e-07,-4.836576996463070057e-08,9.917492554661794246e-01,-1.254593311657132421e-03,-1.254593311657132421e-03,-2.879919642602529169e-10,-4.865376192889095246e-08,9.917494014274652603e-01,-1.254398696609416953e-03,-1.254398696609416953e-03,-4.823612880995614708e-10,7.753500906778079670e-07,7.753500906778079670e-07,-5.886370369954008764e-09
2.201271348902307690e+00,-2.960235160520680886e-10,1.234816729970888257e-07,-4.866881154828989265e-08,9.917478904824399422e-01,-1.271971182862980830e-03,-1.271971182862980830e-03,-2.960235160520680886e-10,-4.896483506434195847e-08,9.917480373769451685e-01,-1.271775323522723530e-03,-1.271775323522723530e-03,-4.957473958329362864e-10,4.787644885463285300e-08,4.787644885463285300e-08,-5.741989350030849845e-09
2.203573933995301992e+00,-3.038537191086689120e-10,1.117679748608141174e-07,-4.894465525171868212e-08,9.917465238519346249e-01,-1.261905170228506002e-03,-1.261905170228506002e-03,-3.038537191086689120e-10,-4.924850897082735031e-08,9.917466715974615488e-01,-1.261708176192622615e-03,-1.261708176192622615e-03,-5.087979978494690885e-10,-6.833748630683541518e-07,-6.833748630683541518e-07,-5.595010256216308392e-09
2.205876519088295851e+00,-3.114790736098788387e-10,1.001406082374043073e-07,-4.919348896682012751e-08,9.917451563730860231e-01,-1.224798240593003669e-03,-1.224798240593003669e-03,-3.114790736098788387e-10,-4.950496804043000950e-08,9.917453048879901756e-01,-1.224600220720841945e-03,-1.224600220720841945e-03,-5.215072585944146744e-10,-1.402684458897129317e-06,-1.402684458897129317e-06,-5.445558701928423078e-09
2.208179104181290153e+00,-3.188962552281126526e-10,8.860690069310497351e-08,-4.941551785577079237e-08,9.917437888279768687e-01,-1.161627404648762126e-03,-1.161627404648762126e-03,-3.188962552281126526e-10,-4.973441411099890332e-08,9.917439380312191854e-01,-1.161428466992318236e-03,-1.161428466992318236e-03,-5.338696313579614673e-10,-2.094695523353101350e-06,-2.094695523353101350e-06,-5.293759958324877737e-09
2.210481689274284012e+00,-3.261021144422607571e-10,7.717393023780501370e-08,-4.961096377558406194e-08,9.917424219820828446e-01,-1.073913722979216332e-03,-1.073913722979216332e-03,-3.261021144422607571e-10,-4.993706589002632461e-08,9.917425717932805140e-01,-1.073713974715656289e-03,-1.073713974715656289e-03,-5.458798573913942016e-10,-2.744737383450194553e-06,-2.744737383450194553e-06,-5.139738873060381332e-09
2.212784274367277870e+00,-3.330936757029682431e-10,6.584852612073343992e-08,-4.978006470410023389e-08,9.917410565840305559e-01,-9.636813210135223825e-04,-9.636813210135223825e-04,-3.330936757029682431e-10,-5.011315837980320513e-08,9.917412069235056471e-01,-9.634808683800031703e-04,-9.634808683800031703e-04,-5.575329648412468879e-10,-3.339129323433603891e-06,-3.339129323433603891e-06,-4.983619793313113846e-09
2.215086859460272173e+00,-3.398681364605017302e-10,5.463726992788388770e-08,-4.992307416813014408e-08,9.917396933653797042e-01,-8.334065579740320730e-04,-8.334065579740320730e-04,-3.398681364605017302e-10,-5.026294230459064524e-08,9.917398441542065735e-01,-8.332055062048136914e-04,-8.332055062048136914e-04,-5.688242675108646471e-10,-3.865458581492316810e-06,-3.865458581492316810e-06,-4.825526492771298513e-09
2.217389444553266031e+00,-3.464228660665315497e-10,4.354649695037638411e-08,-5.004026067440948573e-08,9.917383330404283548e-01,-6.859586758463801295e-04,-6.859586758463801295e-04,-3.464228660665315497e-10,-5.038668354047601516e-08,9.917384842004789425e-01,-6.857571291122182590e-04,-6.857571291122182590e-04,-5.797493634581381847e-10,-4.312827173552351690e-06,-4.312827173552351690e-06,-4.665582102246878328e-09
2.219692029646260334e+00,-3.527554045610328609e-10,3.258229779344880151e-08,-5.013190714394949926e-08,9.917369763060406296e-01,-5.245333916500305362e-04,-5.245333916500305362e-04,-3.527554045610328609e-10,-5.048466254851053481e-08,9.917371277600283141e-01,-5.243314529998364861e-04,-5.243314529998364861e-04,-5.903041334373858572e-10,-4.672062970633342472e-06,-4.672062970633342472e-06,-4.503909043571639611e-09
2.221994614739254192e+00,-3.588634613552109908e-10,2.175052019665103018e-08,-5.019831035029922703e-08,9.917356238414977154e-01,-3.525810079421784677e-04,-3.525810079421784677e-04,-3.588634613552109908e-10,-5.055717381165443865e-08,9.917357755130191688e-01,-3.523787792469318262e-04,-3.523787792469318262e-04,-6.004847391924822976e-10,-4.935891339988011062e-06,-4.935891339988011062e-06,-4.340628966426163160e-09
2.224297199832248495e+00,-3.647449138209989993e-10,1.105677103705866335e-08,-5.023978036217004747e-08,9.917342763083689672e-01,-1.737306807262316549e-04,-1.737306807262316549e-04,-3.647449138209989993e-10,-5.060452527599104771e-08,9.917344281219447888e-01,-1.735282626251276957e-04,-1.735282626251276957e-04,-6.102876216076662747e-10,-5.099064557268537489e-06,-5.099064557268537489e-06,-4.175862687754525460e-09
2.226599784925242353e+00,-3.703978057970271146e-10,5.064184891176592507e-10,-5.025663999080676996e-08,9.917329343504049932e-01,8.287478864017887054e-06,8.287478864017887054e-06,-3.703978057970271146e-10,-5.062703779660379769e-08,9.917330862315183460e-01,8.489987015204301848e-06,8.489987015204301848e-06,-6.197094987214981362e-10,-5.158447175336261228e-06,-5.158447175336261228e-06,-4.009730133429598692e-09
2.228902370018236212e+00,-3.758203460203899830e-10,-9.895405683420649130e-09,-5.024922424243463426e-08,9.917315985934500588e-01,1.897208004030344526e-04,1.897208004030344526e-04,-3.758203460203899830e-10,-5.062504458845502300e-08,9.917317504685838614e-01,1.899233005813882750e-04,1.899233005813882750e-04,-6.287473636088693311e-10,-5.113056464146085077e-06,-5.113056464146085077e-06,-3.842350281848953064e-09
2.231204955111230515e+00,-3.810109064926717753e-10,-2.014380372562858014e-08,-5.021787977605415837e-08,9.917302696453755839e-01,3.668713145467503590e-04,3.668713145467503590e-04,-3.810109064926717753e-10,-5.059889068254683175e-08,9.917304214420475938e-01,3.670737101094805359e-04,3.670737101094805359e-04,-6.373984821350894831e-10,-4.964058024332821084e-06,-4.964058024332821084e-06,-3.673841109166307806e-09
2.233507540204224373e+00,-3.859680207879042485e-10,-3.023410939937094212e-08,-5.016296436681090572e-08,9.917289480960300718e-01,5.361703177116211019e-04,5.361703177116211019e-04,-3.859680207879042485e-10,-5.054893238759881214e-08,9.917290997428271915e-01,5.363725134411715442e-04,5.363725134411715442e-04,-6.456603905855429596e-10,-4.714717557607569103e-06,-4.714717557607569103e-06,-3.504319535890968076e-09
2.235810125297218676e+00,-3.906903823092041434e-10,-4.016188541836371973e-08,-5.008484637512193973e-08,9.917276345172103547e-01,6.942487818623220217e-04,6.942487818623220217e-04,-3.906903823092041434e-10,-5.047553675743114103e-08,9.917277859438206056e-01,6.944506840093517567e-04,6.944506840093517567e-04,-6.535308931737838056e-10,-4.370310695322309426e-06,-4.370310695322309426e-06,-3.333901374618723359e-09
2.238112710390212534e+00,-3.951768424998850950e-10,-4.992292082483476546e-08,-4.998390422170752745e-08,9.917263294626480485e-01,8.380022767340304570e-04,8.380022767340304570e-04,-3.951768424998850950e-10,-5.037908106420741353e-08,9.917264805998912136e-01,8.382037930582872647e-04,8.382037930582872647e-04,-6.610080594304122369e-10,-3.937993551174233232e-06,-3.937993551174233232e-06,-3.162701278695176104e-09
2.240415295483206393e+00,-3.994264090139139264e-10,-5.951322831976422665e-08,-4.986052586864379818e-08,9.917250334680148827e-01,9.646492252333668284e-04,9.646492252333668284e-04,-3.994264090139139264e-10,-5.025995227765771045e-08,9.917251842478717050e-01,9.648502650424775010e-04,9.648502650424775010e-04,-6.680902214747153428e-10,-3.426637437846990706e-06,-3.426637437846990706e-06,-2.990832691647981067e-09
2.242717880576200695e+00,-4.034382438496136008e-10,-6.892904155603032917e-08,-4.971510830653104615e-08,9.917237470509434605e-01,1.071781479523970610e-03,1.071781479523970610e-03,-4.034382438496136008e-10,-5.011854655038066244e-08,9.917238974065830659e-01,1.071981953710172096e-03,1.071981953710172096e-03,-6.747759711706722815e-10,-2.846631791377316126e-06,-2.846631791377316126e-06,-2.818407797264364110e-09
2.245020465669194554e+00,-4.072116614495894951e-10,-7.816681240129439952e-08,-4.954805704785166027e-08,9.917224707110646742e-01,1.157406393354501678e-03,1.157406393354501678e-03,-4.072116614495894951e-10,-4.995526870930124656e-08,9.917226205768707725e-01,1.157606214429338911e-03,1.157606214429338911e-03,-6.810641571686946072e-10,-2.209659913508001184e-06,-2.209659913508001184e-06,-2.645537470229292032e-09
2.247323050762188856e+00,-4.107461267690191685e-10,-8.722320817517460560e-08,-4.935978562658190998e-08,9.917212049300598853e-01,1.219979758512861187e-03,1.219979758512861187e-03,-4.107461267690191685e-10,-4.977053175335092677e-08,9.917213542416551952e-01,1.220178840639874482e-03,1.220178840639874482e-03,-6.869538818343755859e-10,-1.528452554537607476e-06,-1.528452554537607476e-06,-2.472331227277130888e-09
2.249625635855182715e+00,-4.140412533135475856e-10,-9.609510886296613585e-08,-4.915071510411261763e-08,9.917199501717285370e-01,1.258429177581483517e-03,1.258429177581483517e-03,-4.140412533135475856e-10,-4.956475635742616785e-08,9.917200988659976568e-01,1.258627436606913176e-03,1.258627436606913176e-03,-6.924444980653471010e-10,-8.165246887735838822e-07,-8.165246887735838822e-07,-2.298897178848802653e-09
2.251928220948177017e+00,-4.170968011473715265e-10,-1.047796043063604966e-07,-4.892127358153290793e-08,9.917187068820694229e-01,1.272167645704374347e-03,1.272167645704374347e-03,-4.170968011473715265e-10,-4.933837038268028101e-08,9.917188548971805906e-01,1.272364999185905026e-03,1.272364999185905026e-03,-6.975356059974952575e-10,-8.790102692970860635e-08,-8.790102692970860635e-08,-2.125341981279050516e-09
2.254230806041170876e+00,-4.199126748713412326e-10,-1.132739913697473841e-07,-4.867189571833254138e-08,9.917174754893757216e-01,1.261097317923796967e-03,1.261097317923796967e-03,-4.199126748713412326e-10,-4.909180839320388303e-08,9.917176227648009101e-01,1.261293685157369778e-03,1.261293685157369778e-03,-7.022270496017611880e-10,6.431640987638918321e-07,6.431640987638918321e-07,-1.951770789573386331e-09
2.256533391134164734e+00,-4.224889215704125807e-10,-1.215757710793681446e-07,-4.840302225758394393e-08,9.917162564043440209e-01,1.225603630473453198e-03,1.225603630473453198e-03,-4.224889215704125807e-10,-4.882551117915435336e-08,9.917164028808775900e-01,1.225798932518169836e-03,1.225798932518169836e-03,-7.065189131730296336e-10,1.362466874871603665e-06,1.362466874871603665e-06,-1.778287210860871315e-09
2.258835976227159037e+00,-4.248257287292276268e-10,-1.296826457312746916e-07,-4.811509955767350194e-08,9.917150500201947771e-01,1.166540132171372353e-03,1.166540132171372353e-03,-4.248257287292276268e-10,-4.853992528640272657e-08,9.917151956399706814e-01,1.166734291872517908e-03,1.166734291872517908e-03,-7.104115177127391885e-10,2.056128706438143720e-06,2.056128706438143720e-06,-1.604993258636402378e-09
2.261138561320152895e+00,-4.269234221142896150e-10,-1.375925159632091483e-07,-4.780857913066355684e-08,9.917138567128054305e-01,1.085204550798327073e-03,1.085204550798327073e-03,-4.269234221142896150e-10,-4.823550255277784656e-08,9.917140014193130959e-01,1.085397492808538216e-03,1.085397492808538216e-03,-7.139054172072150546e-10,2.710860253231384712e-06,2.710860253231384712e-06,-1.431989307926388239e-09
2.263441146413147198e+00,-4.287824636208876338e-10,-1.453034777848645115e-07,-4.748391718737718114e-08,9.917126768408552895e-01,9.833067776028904788e-04,9.833067776028904788e-04,-4.287824636208876338e-10,-4.791269965099807084e-08,9.917128205789542683e-01,9.834984284014943682e-04,9.834984284014943682e-04,-7.170013948040117708e-10,3.314209916989203552e-06,3.314209916989203552e-06,-1.259374051528639712e-09
2.265743731506141057e+00,-4.304034490827674872e-10,-1.528138195605790699e-07,-4.714157418931461928e-08,9.917115107459816281e-01,8.629295875306982645e-04,8.629295875306982645e-04,-4.304034490827674872e-10,-4.757197763839738346e-08,9.917116534619145884e-01,8.631198754412519082e-04,8.631198754412519082e-04,-7.197004588889132046e-10,3.854792314447671940e-06,3.854792314447671940e-06,-1.087244457490945800e-09
2.268046316599135359e+00,-4.317871060424878082e-10,-1.601220189384422500e-07,-4.678201440752106320e-08,9.917103587529454423e-01,7.264830313788022157e-04,7.264830313788022157e-04,-4.317871060424878082e-10,-4.721380151356354822e-08,9.917105003943499364e-01,7.266718865848564423e-04,7.266718865848564423e-04,-7.220038390666607156e-10,4.322492769888843382e-06,4.322492769888843382e-06,-9.156957279999170407e-10
2.270348901692129218e+00,-4.329342914804151261e-10,-1.672267397198784775e-07,-4.640570548854345176e-08,9.917092211698086412e-01,5.766535287205892249e-04,5.766535287205892249e-04,-4.329342914804151261e-10,-4.683863978002386719e-08,9.917093616857279859e-01,5.768408832797093698e-04,5.768408832797093698e-04,-7.239129820488359810e-10,4.708644415727059178e-06,4.708644415727059178e-06,-7.448212598563373877e-10
2.272651486785123076e+00,-4.338459895004482364e-10,-1.741268286641410038e-07,-4.601311802762335349e-08,9.917080982881197881e-01,4.163487630698268680e-04,4.163487630698268680e-04,-4.338459895004482364e-10,-4.644696401712380405e-08,9.917082376290118351e-01,4.165345509258953785e-04,4.165345509258953785e-04,-7.254295474527707237e-10,5.006175099959780670e-06,5.006175099959780670e-06,-5.747126067122178527e-10
2.274954071878117379e+00,-4.345233089707541309e-10,-1.808213122226647871e-07,-4.560472514928942999e-08,9.917069903831100541e-01,2.486395278566247728e-04,2.486395278566247728e-04,-4.345233089707541309e-10,-4.603924845826018273e-08,9.917071285008554060e-01,2.488236848504578238e-04,2.488236848504578238e-04,-7.265554035157242985e-10,5.209721940279256423e-06,5.209721940279256423e-06,-4.054594432408803546e-10
2.277256656971111237e+00,-4.349674811180891166e-10,-1.873093931989499301e-07,-4.518100209552142088e-08,9.917058977138963893e-01,7.669969629329417306e-05,7.669969629329417306e-05,-4.349674811180891166e-10,-4.561596957663951279e-08,9.917060345618051720e-01,7.688216017160072783e-05,7.688216017160072783e-05,-7.272926227289761321e-10,5.315712029662285850e-06,5.315712029662285850e-06,-2.371495314029387764e-10
2.279559242064105540e+00,-4.351798570746215187e-10,-1.935904473305114969e-07,-4.474242582166661770e-08,9.917048205236951297e-01,-9.625451051912957857e-05,-9.625451051912957857e-05,-4.351798570746215187e-10,-4.517760567874123756e-08,9.917049560565122102e-01,-9.607380009641461782e-05,-9.607380009641461782e-05,-7.276434773968364266e-10,5.322408475777015085e-06,5.322408475777015085e-06,-6.986868895922382097e-11
2.281861827157099398e+00,-4.351619053765659419e-10,-1.996640197903665455e-07,-4.428947460029903189e-08,9.917037590400408220e-01,-2.670248043657148058e-04,-2.670248043657148058e-04,-4.351619053765659419e-10,-4.472463650567560058e-08,9.917038932139503604e-01,-2.668459058196920785e-04,-2.668459058196920785e-04,-7.276104351259004121e-10,5.229921618275532157e-06,5.229921618275532157e-06,9.629923963191312574e-11
2.284164412250093257e+00,-4.349152094143959310e-10,-2.055298216066284274e-07,-4.382262763321201145e-08,9.917027134750145967e-01,-4.324895486519574018e-04,-4.324895486519574018e-04,-4.349152094143959310e-10,-4.425754284262640847e-08,9.917028462476431550e-01,-4.323125184805868778e-04,-4.323125184805868778e-04,-7.271961542501861753e-10,5.040185934750199768e-06,5.040185934750199768e-06,2.612724098137107074e-10
2.286466997343087559e+00,-4.344414648348646742e-10,-2.111877259998533676e-07,-4.334236467174091033e-08,9.917016840254785359e-01,-5.896598655918629164e-04,-5.896598655918629164e-04,-4.344414648348646742e-10,-4.377680613657577759e-08,9.917018153558969651e-01,-5.894847583673165723e-04,-5.894847583673165723e-04,-7.264034791980313220e-10,4.756903750675846302e-06,4.756903750675846302e-06,4.249710009253914461e-10
2.288769582436081418e+00,-4.337424768955786789e-10,-2.166377646389496439e-07,-4.284916564560937108e-08,9.917006708733160369e-01,-7.357321624948467975e-04,-7.357321624948467975e-04,-4.337424768955786789e-10,-4.328290812250494743e-08,9.917008007220403654e-01,-7.355590308623568283e-04,-7.355590308623568283e-04,-7.252354358068535822e-10,4.385457479828814331e-06,4.385457479828814331e-06,5.873172375120116373e-10
2.291072167529075720e+00,-4.328201577733501456e-10,-2.218801238176106706e-07,-4.234351030048796336e-08,9.916996741856790587e-01,-8.681362002241524000e-04,-8.681362002241524000e-04,-4.328201577733501456e-10,-4.277633045826131315e-08,9.916998025146703810e-01,-8.679650949023193490e-04,-8.679650949023193490e-04,-7.236952265920074416e-10,3.932792626733178163e-06,3.932792626733178163e-06,7.482354078921713506e-10
2.293374752622069579e+00,-4.316765238280966038e-10,-2.269151405543292995e-07,-4.182587784445272338e-08,9.916986941152408086e-01,-9.845779379470810493e-04,-9.845779379470810493e-04,-4.316765238280966038e-10,-4.225755436828081693e-08,9.916988208879039535e-01,-9.844089077296078270e-04,-9.844089077296078270e-04,-7.217862259761218051e-10,3.407274298275426438e-06,3.407274298275426438e-06,9.076518799473913785e-10
2.295677337715063882e+00,-4.303136928245058435e-10,-2.317432986201616922e-07,-4.129674660351511834e-08,9.916977308004538694e-01,-1.083076501663520277e-03,-1.083076501663520277e-03,-4.303136928245058435e-10,-4.172706029633962460e-08,9.916978559816347349e-01,-1.082909593422334881e-03,-1.082909593422334881e-03,-7.195119754853039071e-10,2.818520347898882802e-06,2.818520347898882802e-06,1.065495114121135225e-09
2.297979922808057740e+00,-4.287338811142067464e-10,-2.363652244993993541e-07,-4.075659368639146622e-08,9.916967843658114345e-01,-1.161994755960014383e-03,-1.161994755960014383e-03,-4.287338811142067464e-10,-4.118532756750567183e-08,9.916969079217941019e-01,-1.161830014649744289e-03,-1.161830014649744289e-03,-7.168761789186534123e-10,2.177214659851474376e-06,2.177214659851474376e-06,1.221695673636682166e-09
2.300282507901051599e+00,-4.269394007815865631e-10,-2.407816832892589787e-07,-4.020589465865953860e-08,9.916958549221159824e-01,-1.220063083218179490e-03,-1.220063083218179490e-03,-4.269394007815865631e-10,-4.063283405944112336e-08,9.916959768206181636e-01,-1.219900551881941729e-03,-1.219900551881941729e-03,-7.138826974974432793e-10,1.494904318470681881e-06,1.494904318470681881e-06,1.376186231966188607e-09
2.302585092994045901e+00,-4.249326567568335364e-10,-2.449935745455006727e-07,-3.964512322643943353e-08,9.916949425667492823e-01,-1.256396115688249463e-03,-1.256396115688249463e-03,-4.249326567568335364e-10,-4.007005588319626634e-08,9.916950627769168802e-01,-1.256235835464716583e-03,-1.256235835464716583e-03,-7.105355450002382440e-10,7.837846329463388406e-07,7.837846329463388406e-07,1.528901577602803258e-09
