ln_a,zeta_obs,Phi_N,Psi_N,delta_b_N,delta_gamma_N,delta_nu_N,zeta,u,delta_b,delta_gamma,delta_nu,vartheta_b,vartheta_gamma,vartheta_nu,alpha
0.000000000000000000e+00,0.000000000000000000e+00,-3.110447009866931832e-04,0.000000000000000000e+00,1.000000000000000000e+00,0.000000000000000000e+00,0.000000000000000000e+00,0.000000000000000000e+00,0.000000000000000000e+00,1.000000000000000000e+00,0.000000000000000000e+00,0.000000000000000000e+00,0.000000000000000000e+00,0.000000000000000000e+00,0.000000000000000000e+00,1.995007786079853137e-05
2.302585092994045846e-03,2.947145259987689072e-08,-3.044831656875829351e-04,7.246745983821959763e-07,1.000004173937345975e+00,5.564239717998226628e-06,5.564239717998226628e-06,2.947145259987689072e-08,7.541460509820728472e-07,1.000001911499192930e+00,2.547655514069934815e-06,2.547655514069934815e-06,4.585856590691379343e-08,4.639032979421082402e-08,4.639032979421082402e-08,1.990183677666795004e-05
4.605170185988091691e-03,5.884615002226865284e-08,-2.979222702912995941e-04,1.433459109339882263e-06,1.000012227190701486e+00,1.628725663294845511e-05,1.628725663294845511e-05,5.884615002226865284e-08,1.492305259362150850e-06,1.000007750274923390e+00,1.031803559549985171e-05,1.031803559549985171e-05,9.155375357333537766e-08,9.570287333386033502e-08,9.570287333386033502e-08,1.984878753694331615e-05
6.907755278982137537e-03,8.811728369156796596e-08,-2.913647726797769975e-04,2.126377599220982676e-06,1.000024051162104133e+00,3.199017200224820248e-05,3.199017200224820248e-05,8.811728369156796596e-08,2.214494882912550522e-06,1.000017407677455505e+00,2.313219247059800039e-05,2.313219247059800039e-05,1.370752148683769172e-07,1.508887229389289739e-07,1.508887229389289739e-07,1.979102083963003392e-05
9.210340371976183382e-03,1.172781889576346119e-07,-2.848133586065653127e-04,2.803460178282971786e-06,1.000039538088060675e+00,5.247381228404220414e-05,5.247381228404220414e-05,1.172781889576346119e-07,2.920738367240606266e-06,1.000030775872958966e+00,4.079085881507978247e-05,4.079085881507978247e-05,1.824128162426367712e-07,2.147940689593782285e-07,2.147940689593782285e-07,1.972862729189856843e-05
1.151292546497022923e-02,1.463223445956361447e-07,-2.782706422676581694e-04,3.464742831057590710e-06,1.000058581073097974e+00,7.751980183258847283e-05,7.751980183258847283e-05,1.463223445956361447e-07,3.611065175653226749e-06,1.000047747877571114e+00,6.307554112997556075e-05,6.307554112997556075e-05,2.275566380635949040e-07,2.901487264920183293e-07,2.901487264920183293e-07,1.966169736953567404e-05
1.381551055796427507e-02,1.752433722558052495e-07,-2.717391668998721862e-04,4.110267248345900351e-06,1.000081074121869751e+00,1.068917263130545034e-04,1.068917263130545034e-04,1.752433722558052495e-07,4.285510620601705812e-06,1.000068217590007968e+00,8.974968383064767675e-05,8.974968383064767675e-05,2.724969738668053063e-07,3.795552944779350788e-07,3.795552944779350788e-07,1.959032137761322243e-05
1.611809565095832092e-02,2.040350358644343473e-07,-2.652214054055202440e-04,4.740080660898809831e-06,1.000106912169837603e+00,1.403363606665584062e-04,1.403363606665584062e-04,2.040350358644343473e-07,4.944115696763244443e-06,1.000092079822747282e+00,1.205598978795054284e-04,1.205598978795054284e-04,3.172243295256885105e-07,4.854789865792256449e-07,4.854789865792256449e-07,1.951458941236727479e-05
1.842068074395236676e-02,2.326912409774163046e-07,-2.587197610021418643e-04,5.354235674835630974e-06,1.000135991112558242e+00,1.775849552947497169e-04,1.775849552947497169e-04,2.326912409774163046e-07,5.586926915813047597e-06,1.000119230331810716e+00,1.552372476314975197e-04,1.552372476314975197e-04,3.617294223427289244e-07,6.102381699001307617e-07,6.102381699001307617e-07,1.943459132427975773e-05
2.072326583694641261e-02,2.612060340876170954e-07,-2.522365678960768729e-04,5.952790108850382225e-06,1.000168207833592060e+00,2.183545739478938267e-04,2.183545739478938267e-04,2.612060340876170954e-07,6.213996142937999109e-06,1.000149565845163346e+00,1.934985893761418405e-04,1.934985893761418405e-04,4.060031800648318526e-07,7.559956438058598576e-07,7.559956438058598576e-07,1.935041668235402886e-05
2.302585092994045846e-02,2.895736018873559553e-07,-2.457740919786897829e-04,6.535806833252686734e-06,1.000203460231063213e+00,2.623494766942781721e-04,2.623494766942781721e-04,2.895736018873559553e-07,6.825380435140042689e-06,1.000182984089757809e+00,2.350479549537180183e-04,2.350479549537180183e-04,4.500367398255870272e-07,9.247506875324659503e-07,9.247506875324659503e-07,1.926215473957561757e-05
2.532843602293450430e-02,3.177882704872540749e-07,-2.393345315440794589e-04,7.103353610887752047e-06,1.000241647242891441e+00,3.092625412425588903e-04,3.092625412425588903e-04,3.177882704872540749e-07,7.421141881375005804e-06,1.000219383817247287e+00,2.795779737170588433e-04,2.795779737170588433e-04,4.938214470171567769e-07,1.118331901392119235e-06,1.118331901392119235e-06,1.916989439954861705e-05
2.763102111592855015e-02,3.458445045926994050e-07,-2.329200180271194965e-04,7.655502939976900444e-06,1.000282668870722924e+00,3.587767158341225501e-04,3.587767158341225501e-04,3.458445045926994050e-07,8.001347444569600537e-06,1.000258664828389321e+00,3.267713260558441682e-04,3.267713260558441682e-04,5.373488540944651404e-07,1.338390862597737664e-06,1.338390862597737664e-06,1.907372418429723792e-05
2.993360620892259599e-02,3.737369066391749364e-07,-2.265326167607091741e-04,8.192331898917997143e-06,1.000326426202583274e+00,4.105664968931834586e-04,4.105664968931834586e-04,3.737369066391749364e-07,8.566068805557172609e-06,1.000300727996166650e+00,3.763022216709547749e-04,3.763022216709547749e-04,5.806107193143553374e-07,1.586396612880816601e-06,1.586396612880816601e-06,1.897373220322254536e-05
3.223619130191664184e-02,4.014602158876785994e-07,-2.201743277511197382e-04,8.713921993082198792e-06,1.000372821434276860e+00,4.642994246224357315e-04,4.642994246224357315e-04,4.014602158876785994e-07,9.115382208969877127e-06,1.000345475287649943e+00,4.278378957865562365e-04,4.278378957865562365e-04,6.235990054123365281e-07,1.863630991137815769e-06,1.863630991137815769e-06,1.887000612320224695e-05
3.453877639491068768e-02,4.290093074814692260e-07,-2.138470864703521197e-04,9.220359003641269476e-06,1.000421757889557783e+00,5.196375897710570632e-04,5.196375897710570632e-04,4.290093074814692260e-07,9.649368311122738702e-06,1.000392809784624415e+00,4.810401165265660813e-04,4.810401165265660813e-04,6.663058782195176063e-07,2.171184820585478125e-06,2.171184820585478125e-06,1.876263313982217399e-05
3.684136148790473353e-02,4.563791914653579867e-07,-2.075527646644380320e-04,9.711732838457072130e-06,1.000473140039098485e+00,5.762391448602179880e-04,5.762391448602179880e-04,4.563791914653579867e-07,1.016811202992242948e-05,1.000442635703008731e+00,5.355666967405282430e-04,5.355666967405282430e-04,7.087237052222892941e-07,2.509954955911383602e-06,2.509954955911383602e-06,1.865169994972677820e-05
3.914394658089877937e-02,4.835650117687727570e-07,-2.012931711766331017e-04,1.018813738506265281e-05,1.000526873518278181e+00,6.337598132503183398e-04,6.337598132503183398e-04,4.835650117687727570e-07,1.067170239683142599e-05,1.000494858411087762e+00,5.910730036629926630e-04,5.910730036629926630e-04,7.508450540672870616e-07,2.880642192291711108e-06,2.880642192291711108e-06,1.853729272407553144e-05
4.144653167389282522e-02,5.105620451538072011e-07,-1.950700527844739362e-04,1.064967036576182211e-05,1.000582865143819555e+00,6.918543895500301388e-04,6.918543895500301388e-04,5.105620451538072011e-07,1.116023241091562984e-05,1.000549384446586698e+00,6.472134599063676533e-04,6.472134599063676533e-04,7.926626910141226063e-07,3.283750034168057713e-06,3.283750034168057713e-06,1.841949708309156437e-05
4.374911676688687107e-02,5.373657001294803343e-07,-1.888850950496871880e-04,1.109643319487195699e-05,1.000641022929293689e+00,7.501782250203985810e-04,7.501782250203985810e-04,5.373657001294803343e-07,1.163379889500143764e-05,1.000606121532608750e+00,7.036430294403928304e-04,7.036430294403928304e-04,8.341695793383463240e-07,3.719584318273032182e-06,3.719584318273032182e-06,1.829839807168823237e-05
4.605170185988091691e-02,5.639715158334167108e-07,-1.827399231799581379e-04,1.152853083813247774e-05,1.000701256099524983e+00,8.083886917977184481e-04,8.083886917977184481e-04,5.639715158334167108e-07,1.209250235396589392e-05,1.000664978592463061e+00,7.600186823818549063e-04,7.600186823818549063e-04,8.753588776870585204e-07,4.188253681512439896e-06,4.188253681512439896e-06,1.817408013615879933e-05
4.835428695287496276e-02,5.903751608821729451e-07,-1.766361029015881641e-04,1.194607167429923749e-05,1.000763475103913391e+00,8.661466199591055749e-04,8.661466199591055749e-04,5.903751608821729451e-07,1.253644683518140958e-05,1.000725865763407940e+00,8.160008326183799433e-04,8.160008326183799433e-04,9.162239383895524899e-07,4.689670861113383233e-06,4.689670861113383233e-06,1.804662710191387410e-05
5.065687204586900860e-02,6.165724321914172724e-07,-1.705751413420834492e-04,1.234916735894288132e-05,1.000827591628705715e+00,9.231177016756064984e-04,9.231177016756064984e-04,6.165724321914172724e-07,1.296573979113429902e-05,1.000788694409332269e+00,8.712547425110692481e-04,8.712547425110692481e-04,9.567583057253271684e-07,5.223554810826898580e-06,5.223554810826898580e-06,1.791612215225055337e-05
5.295945713886305445e-02,6.425592537671922517e-07,-1.645584879217435413e-04,1.273793269046722109e-05,1.000893518608234611e+00,9.789738569395997451e-04,9.789738569395997451e-04,6.425592537671922517e-07,1.338049194423441345e-05,1.000853377132401967e+00,9.254518891626621049e-04,9.254518891626621049e-04,9.969557141517762524e-07,5.789433613920884755e-06,5.789433613920884755e-06,1.778264780813694701e-05
5.526204223185710029e-02,6.683316754694693255e-07,-1.585875352533310423e-04,1.311248547836140214e-05,1.000961170235155739e+00,1.033394555616357373e-03,1.033394555616357373e-03,6.683316754694693255e-07,1.378081715383087168e-05,1.000919827783694149e+00,9.782712870010337909e-04,9.782712870010337909e-04,1.036810086493805516e-06,6.386648170480145718e-06,6.386648170480145718e-06,1.764628590899496223e-05
5.756462732485114614e-02,6.938858717492198380e-07,-1.526636200489281750e-04,1.347294641369789153e-05,1.001030461969702579e+00,1.086068090850318951e-03,1.086068090850318951e-03,6.938858717492198380e-07,1.416683228544711200e-05,1.000987961472846299e+00,1.029400761708530428e-03,1.029400761708530428e-03,1.076315532097603379e-06,7.014356633621522119e-06,7.014356633621522119e-06,1.750711759446407382e-05
5.986721241784519199e-02,7.192181403602241404e-07,-1.467880240331028373e-04,1.381943894188609292e-05,1.001101310547987788e+00,1.136692799151867422e-03,1.136692799151867422e-03,7.192181403602241404e-07,1.453865708224631738e-05,1.001057694576741097e+00,1.078538170822882078e-03,1.078538170822882078e-03,1.115466344950732062e-06,7.671539566465198864e-06,7.671539566465198864e-06,1.736522328712812355e-05
6.216979751083923783e-02,7.443249010468298323e-07,-1.409619748615235587e-04,1.415208913768955033e-05,1.001173633989371758e+00,1.184978222806054799e-03,1.184978222806054799e-03,7.443249010468298323e-07,1.489641403873638048e-05,1.001128944747255556e+00,1.125392566651109297e-03,1.125392566651109297e-03,1.154257001770664127e-06,8.357005789007361906e-06,8.357005789007361906e-06,1.722068267618661870e-05
6.447238260383328368e-02,7.692026942088890293e-07,-1.351866470441923443e-04,1.447102558251290372e-05,1.001247351602924329e+00,1.230646210563452261e-03,1.230646210563452261e-03,7.692026942088890293e-07,1.524022827672179307e-05,1.001201630918094221e+00,1.169685297456565191e-03,1.169685297456565191e-03,1.192682160063858777e-06,9.069398881710973628e-06,9.069398881710973628e-06,1.707357470205224777e-05
6.677496769682733646e-02,7.938481795450867615e-07,-1.294631628724705733e-04,1.477637924396277055e-05,1.001322383993005882e+00,1.273431952917887609e-03,1.273431952917887609e-03,7.938481795450867615e-07,1.557022742350785689e-05,1.001275673310735304e+00,1.211151043223856289e-03,1.211151043223856289e-03,1.230736656157402135e-06,9.807204310235016553e-06,9.807204310235016553e-06,1.692397754185496185e-05
6.907755278982137537e-02,8.182581346758770531e-07,-1.237925933491068641e-04,1.506828335768503523e-05,1.001398653063985789e+00,1.313084948610159343e-03,1.313084948610159343e-03,8.182581346758770531e-07,1.588654149236091271e-05,1.001350993439508619e+00,1.249538782640715598e-03,1.249538782640715598e-03,1.268415503205210690e-06,1.056875713382281688e-05,1.056875713382281688e-05,1.677196859583368223e-05
7.138013788281541427e-02,8.424294537472447183e-07,-1.181759591204854928e-04,1.534687331147926970e-05,1.001476082024128855e+00,1.349369899364671280e-03,1.349369899364671280e-03,8.424294537472447183e-07,1.618930276522651516e-05,1.001427514115833084e+00,1.284612688303765193e-03,1.284612688303765193e-03,1.305713889170735090e-06,1.135225025781245114e-05,1.135225025781245114e-05,1.661762447459543747e-05
7.368272297580946706e-02,8.663591460165030697e-07,-1.126142314103431341e-04,1.561228653168930436e-05,1.001554595388667979e+00,1.382067530207859666e-03,1.382067530207859666e-03,8.663591460165030697e-07,1.647864567770580764e-05,1.001505159451634874e+00,1.316152947497036462e-03,1.316152947497036462e-03,1.342627174788064385e-06,1.215574318927397810e-05,1.215574318927397810e-05,1.646102098722226529e-05
7.598530806880351984e-02,8.900443344213285276e-07,-1.071083329542142941e-04,1.586466237186724389e-05,1.001634118982090094e+00,1.410975333099912313e-03,1.410975333099912313e-03,8.900443344213285276e-07,1.675470670628857083e-05,1.001583854861971323e+00,1.343956506274758111e-03,1.343956506274758111e-03,1.379150891503268134e-06,1.297717125310698263e-05,1.297717125310698263e-05,1.630223313020513366e-05
7.828789316179755875e-02,9.134822541332467745e-07,-1.016591389338983320e-04,1.610414200370687579e-05,1.001714579939654293e+00,1.435908231958736136e-03,1.435908231958736136e-03,9.134822541332467745e-07,1.701762425784012256e-05,1.001663527066880777e+00,1.367837734927375686e-03,1.367837734927375686e-03,1.415280739397786933e-06,1.381435522486431118e-05,1.381435522486431118e-05,1.614133507718504707e-05
8.059047825479159766e-02,9.366702510967527021e-07,-9.626747791124487161e-05,1.633086831024049322e-05,1.001795906708169426e+00,1.456699167538228401e-03,1.456699167538228401e-03,9.366702510967527021e-07,1.726753856133724603e-05,1.001744104092485488e+00,1.387629013292879417e-03,1.387629013292879417e-03,1.451012585095607336e-06,1.466501133536942360e-05,1.466501133536942360e-05,1.597840016947970129e-05
8.289306334778565044e-02,9.596057805552611124e-07,-9.093413276059939617e-05,1.654498578129204761e-05,1.001878029046051610e+00,1.473199600977193914e-03,1.473199600977193914e-03,9.596057805552611124e-07,1.750459156184730851e-05,1.001825515271365985e+00,1.403181234729804694e-03,1.403181234729804694e-03,1.486342459655928795e-06,1.552676160145770112e-05,1.552676160145770112e-05,1.581350090737590336e-05
8.519564844077970323e-02,9.822864055650652335e-07,-8.565984159924576577e-05,1.674664041117777447e-05,1.001960878022681856e+00,1.485279935205533180e-03,1.485279935205533180e-03,9.822864055650652335e-07,1.772892681674283907e-05,1.001907691242231557e+00,1.414364227938561891e-03,1.414364227938561891e-03,1.521266556452965867e-06,1.639714443648328728e-05,1.639714443648328728e-05,1.564670894216580171e-05
8.749823353377374213e-02,1.004709795498473753e-06,-8.044529871522953330e-05,1.693597959864431428e-05,1.002044386017092448e+00,1.492829853753182071e-03,1.492829853753182071e-03,1.004709795498473753e-06,1.794068939414278634e-05,1.001990563948909951e+00,1.421067096176610979e-03,1.421067096176610979e-03,1.555781229044492719e-06,1.727362549382136544e-05,1.727362549382136544e-05,1.547809506890667888e-05
8.980081862676778104e-02,1.026873724537287867e-06,-7.529115549194883325e-05,1.711315204903277840e-05,1.002128486715994748e+00,1.495758576857321486e-03,1.495758576857321486e-03,1.026873724537287867e-06,1.814002577357006521e-05,1.002074066638674044e+00,1.423198473763041252e-03,1.423198473763041252e-03,1.589882989030673217e-06,1.815360869638635240e-05,1.815360869638635240e-05,1.530772921988275847e-05
9.210340371976183382e-02,1.048776070157759075e-06,-7.019802132893053232e-05,1.727830767865611207e-05,1.002213115111178610e+00,1.493995035119543690e-03,1.493995035119543690e-03,1.048776070157759075e-06,1.832708374881387262e-05,1.002158133859932132e+00,1.420686700124288186e-03,1.420686700124288186e-03,1.623568503904680946e-06,1.903444740513016370e-05,1.903444740513016370e-05,1.513568045874793331e-05
9.440598881275588661e-02,1.070414811608171981e-06,-6.516646455823360301e-05,1.743159752137571068e-05,1.002298207496298277e+00,1.487487961291571528e-03,1.487487961291571528e-03,1.070414811608171981e-06,1.850201233298388414e-05,1.002242701459299390e+00,1.413479911959636100e-03,1.413479911959636100e-03,1.656834594896559264e-06,1.991345567969876138e-05,1.991345567969876138e-05,1.496201697532871858e-05
9.670857390574992551e-02,1.091788028380161997e-06,-6.019701335593311274e-05,1.757317363736213086e-05,1.002383701463070098e+00,1.476205901113158232e-03,1.476205901113158232e-03,1.091788028380161997e-06,1.866496166574229412e-05,1.002327706578072908e+00,1.401546054450188974e-03,1.401546054450188974e-03,1.689678234811723452e-06,2.078791958474502768e-05,2.078791958474502768e-05,1.478680608106580849e-05
9.901115899874396442e-02,1.112893898674874837e-06,-5.529015664817561271e-05,1.770318902402367729e-05,1.002469535896899577e+00,1.460137144426198455e-03,1.460137144426198455e-03,1.112893898674874837e-06,1.881608292269855128e-05,1.002413087648131418e+00,1.384872812735404250e-03,1.384872812735404250e-03,1.722096545865455976e-06,2.165510849598842349e-05,2.165510849598842349e-05,1.461011420507384334e-05
1.013137440917380172e-01,1.133730697865056235e-06,-5.044634501130461173e-05,1.782179752908540635e-05,1.002555650971960421e+00,1.439289578117759457e-03,1.439289578117759457e-03,1.133730697865056235e-06,1.895552822695046217e-05,1.002498784387279462e+00,1.363467465209957513e-03,1.363467465209957513e-03,1.754086797514702251e-06,2.251228636080136440e-05,2.251228636080136440e-05,1.443200689079823142e-05
1.036163291847320700e-01,1.154296796954134471e-06,-4.566599156558441900e-05,1.792915376580014555e-05,1.002641988145743790e+00,1.413690462714970505e-03,1.413690462714970505e-03,1.154296796954134471e-06,1.908345056275428150e-05,1.002584737794055547e+00,1.337356660463953325e-03,1.337356660463953325e-03,1.785646404288415655e-06,2.335672286903699605e-05,2.335672286903699605e-05,1.425254879324823464e-05
1.059189142777261089e-01,1.174590661033349434e-06,-4.094947286207432956e-05,1.802541303027220958e-05,1.002728490153099283e+00,1.383386134758738360e-03,1.383386134758738360e-03,1.174590661033349434e-06,1.920000369130555774e-05,1.002670890142025373e+00,1.306586119993516197e-03,1.306586119993516197e-03,1.816772923617668334e-06,2.418570449085751279e-05,2.418570449085751279e-05,1.407180367678620401e-05
1.082214993707201478e-01,1.194610847737948474e-06,-3.629712976222224314e-05,1.811073122087343014e-05,1.002815100999784548e+00,1.348441637327222383e-03,1.348441637327222383e-03,1.194610847737948474e-06,1.930534206861137756e-05,1.002757184973578797e+00,1.271220269052776792e-03,1.271220269052776792e-03,1.847464053666681249e-06,2.499654533955729063e-05,2.499654533955729063e-05,1.388983441345229927e-05
1.105240844637142006e-01,1.214356005703462706e-06,-3.170926830976815208e-05,1.818526475973035410e-05,1.002901765955546365e+00,1.308940281346636933e-03,1.308940281346636933e-03,1.214356005703462706e-06,1.939962076543381595e-05,1.002843567093250066e+00,1.231341798284901669e-03,1.231341798284901669e-03,1.877717631165889223e-06,2.578659781874694930e-05,2.578659781874694930e-05,1.370670298180455690e-05
1.128266695567082534e-01,1.233824873023036187e-06,-2.718616059457868852e-05,1.824917051626055993e-05,1.002988431546746551e+00,1.264983140549278285e-03,1.264983140549278285e-03,1.233824873023036187e-06,1.948299538928359570e-05,1.002929982560578637e+00,1.187051158992143834e-03,1.187051158992143834e-03,1.907531629248105071e-06,2.655326301477491850e-05,2.655326301477491850e-05,1.352247046625479761e-05
1.151292546497022923e-01,1.253016275706773999e-06,-2.272804560804365118e-05,1.830260573273538886e-05,1.003075045548557531e+00,1.216688483160445521e-03,1.216688483160445521e-03,1.253016275706773999e-06,1.955562200844216371e-05,1.003016378682532128e+00,1.138465995126676771e-03,1.138465995126676771e-03,1.936904155288813218e-06,2.729400079690743469e-05,2.729400079690743469e-05,1.333719705688052578e-05
1.174318397426963312e-01,1.271929126144039264e-06,-1.833513008969365243e-05,1.834572795184548184e-05,1.003161556976740476e+00,1.164191143595253927e-03,1.164191143595253927e-03,1.271929126144039264e-06,1.961765707798952111e-05,1.003102704005506496e+00,1.085720515283295938e-03,1.085720515283295938e-03,1.965833448751558022e-06,2.800633958956042684e-05,2.800633958956042684e-05,1.315094204969353545e-05
1.197344248356903840e-01,1.290562421569601842e-06,-1.400758936472042979e-05,1.837869494624503984e-05,1.003247916079025304e+00,1.107641837623104478e-03,1.107641837623104478e-03,1.290562421569601842e-06,1.966925736781464232e-05,1.003188908306921867e+00,1.028964808151845841e-03,1.028964808151845841e-03,1.994317879039371219e-06,2.868788578273313381e-05,2.868788578273313381e-05,1.296376384734656280e-05
1.220370099286844368e-01,1.308915242534524690e-06,-9.745568172095352697e-06,1.840166465004993156e-05,1.003334074326112324e+00,1.047206424628321182e-03,1.047206424628321182e-03,1.308915242534524690e-06,1.971057989258445455e-05,1.003274942586434682e+00,9.683641050579833501e-04,9.683641050579833501e-04,2.022355943353117725e-06,2.933633274880484014e-05,2.933633274880484014e-05,1.277571996025899633e-05
1.243395950216784757e-01,1.326986751382633654e-06,-5.549181483010390570e-06,1.841479509226431901e-05,1.003419984402307952e+00,9.830651207301532857e-04,9.830651207301532857e-04,1.326986751382633654e-06,1.974178184364695267e-05,1.003360759056777018e+00,9.040979933555654208e-04,9.040979933555654208e-04,2.049946264557616781e-06,2.994946943587353271e-05,2.994946943587353271e-05,1.258686700814371470e-05
1.266421801146725146e-01,1.344776190733397811e-06,-1.418515309379356837e-06,1.841824433210986821e-05,1.003505600195814917e+00,9.154116666630085237e-04,9.154116666630085237e-04,1.344776190733397811e-06,1.976302052284326539e-05,1.003446311134246427e+00,8.363595845716354079e-04,8.363595845716354079e-04,2.077087589056340147e-06,3.052518851003182008e-05,3.052518851003182008e-05,1.239726072191698348e-05
1.289447652076665674e-01,1.362282881972015109e-06,2.646372497837834438e-06,1.841217039623118182e-05,1.003590876788693853e+00,8.444524544118476531e-04,8.444524544118476531e-04,1.362282881972015109e-06,1.977445327820319756e-05,1.003531553428859135e+00,7.653546412990349171e-04,7.653546412990349171e-04,2.103778784675457310e-06,3.106149402110486697e-05,3.106149402110486697e-05,1.220695594597410900e-05
1.312473503006606201e-01,1.379506223747456713e-06,6.645451460709270498e-06,1.839673121775055212e-05,1.003675770446506688e+00,7.704056167006135842e-04,7.704056167006135842e-04,1.379506223747456713e-06,1.977623744149800735e-05,1.003616441734182185e+00,6.913006669346215141e-04,6.913006669346215141e-04,2.130018838557940475e-06,3.155650856876090316e-05,3.155650856876090316e-05,1.201600664081360413e-05
1.335499353936546729e-01,1.396445690479222677e-06,1.057871769700526957e-05,1.837208457714496979e-05,1.003760238607666277e+00,6.935000834868936112e-04,6.935000834868936112e-04,1.396445690479222677e-06,1.976853026762419416e-05,1.003700933016863361e+00,6.144259624163968345e-04,6.144259624163968345e-04,2.155806855068448473e-06,3.200847994810702339e-05,3.200847994810702339e-05,1.182446588599326033e-05
1.358525204866486980e-01,1.413100830873490565e-06,1.444619315365104636e-05,1.833838804491764318e-05,1.003844239872498711e+00,6.139746096809411361e-04,6.139746096809411361e-04,1.413100830873490565e-06,1.975148887579113480e-05,1.003784985405871355e+00,5.349686541777766511e-04,5.349686541777766511e-04,2.181142053709600731e-06,3.241578725637310877e-05,3.241578725637310877e-05,1.163238588340208859e-05
1.381551055796427507e-01,1.429471266449341014e-06,1.824792485112650253e-05,1.829579892603625549e-05,1.003927733992040716e+00,5.320767783294409704e-04,5.320767783294409704e-04,1.429471266449341014e-06,1.972527019248559820e-05,1.003868558181463255e+00,4.531756975594985505e-04,4.531756975594985505e-04,2.206023767050291797e-06,3.277694644456298625e-05,3.277694644456298625e-05,1.143981796083204562e-05
1.404576906726368035e-01,1.445556690075695939e-06,2.198398413895498029e-05,1.824447420610983837e-05,1.004010681856580156e+00,4.480619835275078408e-04,4.480619835275078408e-04,1.445556690075695939e-06,1.969003089618553558e-05,1.003951611763891583e+00,3.693018599427656985e-04,3.693018599427656985e-04,2.230451438666601264e-06,3.309061530045106245e-05,3.309061530045106245e-05,1.124681257583452569e-05
1.427602757656308285e-01,1.461356864519576479e-06,2.565446596241360762e-05,1.818457049927583221e-05,1.004093045483961166e+00,3.621923973156576464e-04,3.621923973156576464e-04,1.461356864519576479e-06,1.964592736379540763e-05,1.004034107701869738e+00,2.836086878604760159e-04,2.836086878604760159e-04,2.254424621095858951e-06,3.335559785166210571e-05,3.335559785166210571e-05,1.105341931984643431e-05
1.450628608586248813e-01,1.476871621006256893e-06,2.925948814057285997e-05,1.811624399776883880e-05,1.004174788007661245e+00,2.747359248008807500e-04,2.747359248008807500e-04,1.476871621006256893e-06,1.959311561877509632e-05,1.004116008660804971e+00,1.963634623257803512e-04,1.963634623257803512e-04,2.277942973804372728e-06,3.357084818000364771e-05,3.357084818000364771e-05,1.085968692257176097e-05
1.473654459516189341e-01,1.492100857791855433e-06,3.279919065576524580e-05,1.803965042314237236e-05,1.004255873664657406e+00,1.859651517053214134e-04,1.859651517053214134e-04,1.492100857791855433e-06,1.953175128093422928e-05,1.004197278410814631e+00,1.078381465815844963e-04,1.078381465815844963e-04,2.301006261169296712e-06,3.373547364064017826e-05,3.373547364064017826e-05,1.066566325660437148e-05
1.496680310446129869e-01,1.507044538748876782e-06,3.627373495455901383e-05,1.795494497911474547e-05,1.004336267783095815e+00,9.615628849255751260e-05,9.615628849255751260e-05,1.507044538748876782e-06,1.946198951786362225e-05,1.004277881814542139e+00,1.830833042110302359e-05,1.830833042110302359e-05,2.323614350475098494e-06,3.384873748202686813e-05,3.384873748202686813e-05,1.047139534227885390e-05
1.519706161376070397e-01,1.521702691965180803e-06,3.968330326030462395e-05,1.786228230601029742e-05,1.004415936769772699e+00,5.588115156043082046e-06,5.588115156043082046e-06,1.521702691965180803e-06,1.938398499797547780e-05,1.004357784814778665e+00,-7.194782483585882916e-05,-7.194782483585882916e-05,2.345767209925033254e-06,3.391006086494749390e-05,3.391006086494749390e-05,1.027692935273609237e-05
1.542732012306010647e-01,1.536075408356829298e-06,4.302809789730214433e-05,1.776181643676696953e-05,1.004494848097447601e+00,-8.545906932988673059e-05,-8.545906932988673059e-05,1.536075408356829298e-06,1.929789184512379840e-05,1.004436954421912276e+00,-1.626506367103819242e-04,-1.626506367103819242e-04,2.367464906668028793e-06,3.391902428120874903e-05,3.391902428120874903e-05,1.008231061919124616e-05
1.565757863235951175e-01,1.550162840295220930e-06,4.630834062662429621e-05,1.765370075448131974e-05,1.004572970291992107e+00,-1.767044889907165377e-04,-1.767044889907165377e-04,1.550162840295220930e-06,1.920386359477654025e-05,1.004515358701207672e+00,-2.535199433698226987e-04,-2.535199433698226987e-04,2.388707604841336807e-06,3.387536837493135164e-05,3.387536837493135164e-05,9.887583636392028376e-06
1.588783714165891703e-01,1.563965200248901637e-06,4.952427199362076404e-05,1.753808795146208937e-05,1.004650272919391130e+00,-2.678679204690578288e-04,-2.678679204690578288e-04,1.563965200248901637e-06,1.910205315171098974e-05,1.004592966759936035e+00,-3.442761330759017743e-04,-3.442761330759017743e-04,2.409495563629291767e-06,3.377899417143550431e-05,3.377899417143550431e-05,9.692792068255459418e-06
1.611809565095831953e-01,1.577482759440401193e-06,5.267615068710809761e-05,1.741512998976340091e-05,1.004726726572611639e+00,-3.586707066053670522e-04,-3.586707066053670522e-04,1.577482759440401193e-06,1.899261274920380083e-05,1.004669748734364099e+00,-4.346411576021822691e-04,-4.346411576021822691e-04,2.429829135338486574e-06,3.362996272103011930e-05,3.362996272103011930e-05,9.497978753672245007e-06
1.634835416025772481e-01,1.590715846518419063e-06,5.576425291024491486e-05,1.728497806316886220e-05,1.004802302858340379e+00,-4.488367504422011481e-04,-4.488367504422011481e-04,1.590715846518419063e-06,1.887569390968728020e-05,1.004745675776611336e+00,-5.243395260809502554e-04,-5.243395260809502554e-04,2.449708763489663549e-06,3.342849416691435810e-05,3.342849416691435810e-05,9.303185712467904365e-06
1.657861266955713009e-01,1.603664846245652000e-06,5.878887176307824960e-05,1.714778256059791019e-05,1.004876974383611010e+00,-5.380934862582429940e-04,-5.380934862582429940e-04,1.603664846245652000e-06,1.875144740684356177e-05,1.004820720041390558e+00,-6.130992758856172817e-04,-6.130992758856172817e-04,2.469134980926568965e-06,3.317496624856139181e-05,3.317496624856139181e-05,9.108454151510226741e-06
1.680887117885653537e-01,1.616330198202517477e-06,6.175031663672880962e-05,1.700369303090575081e-05,1.004950714742329110e+00,-6.261728243914442505e-04,-6.261728243914442505e-04,1.616330198202517477e-06,1.862002322910826765e-05,1.004894854672641724e+00,-7.006529173078772941e-04,-7.006529173078772941e-04,2.488108407942027324e-06,3.286991225373246797e-05,3.286991225373246797e-05,8.913824470953706725e-06
1.703912968815594065e-01,1.628712395507022206e-06,6.464891261918396755e-05,1.685285814904863806e-05,1.005023498501699697e+00,-7.128120667763636863e-04,-7.128120667763636863e-04,1.628712395507022206e-06,1.848157054455565963e-05,1.004968053790066040e+00,-7.867383489545862977e-04,-7.867383489545862977e-04,2.506629750421458170e-06,3.251401843419318499e-05,3.251401843419318499e-05,8.719336270611146301e-06
1.726938819745534315e-01,1.640811983550959125e-06,6.748499991264838747e-05,1.669542568358620816e-05,1.005095301188577706e+00,-7.977547902919680627e-04,-7.977547902919680627e-04,1.640811983550959125e-06,1.833623766713716622e-05,1.005040292475576358e+00,-8.710997409605167547e-04,-8.710997409605167547e-04,2.524699798004021769e-06,3.210812090188380562e-05,3.210812090188380562e-05,8.525028356443578936e-06
1.749964670675474843e-01,1.652629558752630206e-06,7.025893326239353038e-05,1.653154246549284889e-05,1.005166099275741853e+00,-8.807516951958353985e-04,-8.807516951958353985e-04,1.652629558752630206e-06,1.818417202424547910e-05,1.005111546759669183e+00,-9.534883832928173555e-04,-9.534883832928173555e-04,2.542319422261599493e-06,3.165320202394151763e-05,3.165320202394151763e-05,8.330938747160187682e-06
1.772990521605415370e-01,1.664165767326225531e-06,7.297108139704230781e-05,1.636135435825040283e-05,1.005235870168105672e+00,-9.615614161082532054e-04,-9.615614161082532054e-04,1.664165767326225531e-06,1.802552012557662921e-05,1.005181793607728968e+00,-1.033663496610559736e-03,-1.033663496610559736e-03,2.559489574895753748e-06,3.115038633653098837e-05,3.115038633653098837e-05,8.137104680919845191e-06
1.796016372535355621e-01,1.675421304067997551e-06,7.562182648021259620e-05,1.618500622919450977e-05,1.005304592188876356e+00,-1.039951293198619359e-03,-1.039951293198619359e-03,1.675421304067997551e-06,1.786042753326250732e-05,1.005251010906276665e+00,-1.111393003331669375e-03,-1.111393003331669375e-03,2.576211285952824994e-06,3.060093599881474224e-05,3.060093599881474224e-05,7.943562622126674409e-06
1.819042223465296149e-01,1.686396911159319040e-06,7.821156357343771442e-05,1.600264192208744951e-05,1.005372244565667206e+00,-1.115698101427149702e-03,-1.115698101427149702e-03,1.686396911159319040e-06,1.768903883324676792e-05,1.005319177449167434e+00,-1.186454256760136787e-03,-1.186454256760136787e-03,2.592485662057296309e-06,3.000624580978563619e-05,3.000624580978563619e-05,7.750348268312257330e-06
1.842068074395236676e-01,1.697093376986700768e-06,8.074070011027199151e-05,1.581440423089034263e-05,1.005438807416573432e+00,-1.188588735889321889e-03,-1.188588735889321889e-03,1.697093376986700768e-06,1.751149760787704192e-05,1.005386272923749713e+00,-1.258634726320830097e-03,-1.258634726320830097e-03,2.608313884663541095e-06,2.936783781180333060e-05,2.936783781180333060e-05,7.557496557097596156e-06
1.865093925325177204e-01,1.707511534978818860e-06,8.320965538148798030e-05,1.562043487470806159e-05,1.005504261736220872e+00,-1.258420851521017438e-03,-1.258420851521017438e-03,1.707511534978818860e-06,1.732794640968688172e-05,1.005452277896991875e+00,-1.327732637159764924e-03,-1.327732637159764924e-03,2.623697208326053056e-06,2.868735550587489931e-05,2.868735550587489931e-05,7.365041673227977726e-06
1.888119776255117732e-01,1.717652262460580231e-06,8.561886003125556831e-05,1.542087447388035699e-05,1.005568589381796718e+00,-1.325003455618097015e-03,-1.325003455618097015e-03,1.717652262460580231e-06,1.713852673634093659e-05,1.005517173801587782e+00,-1.393557562563460788e-03,-1.393557562563460788e-03,2.638636958988248214e-06,2.796655770458095864e-05,2.796655770458095864e-05,7.173017055675022905e-06
1.911145627185057982e-01,1.727516479524223754e-06,8.796875556420134204e-05,1.521586252719306972e-05,1.005631773059063816e+00,-1.388157451841015447e-03,-1.388157451841015447e-03,1.727516479524223754e-06,1.694337900671729347e-05,1.005580942922043697e+00,-1.455930967867884607e-03,-1.455930967867884607e-03,2.653134532289915201e-06,2.720731204953730469e-05,2.720731204953730469e-05,6.981455404799218360e-06
1.934171478114998510e-01,1.737105147917457801e-06,9.025979386322654369e-05,1.500553739018375199e-05,1.005693796308375854e+00,-1.447716134570497908e-03,-1.447716134570497908e-03,1.737105147917457801e-06,1.674264253810120979e-05,1.005643568380761632e+00,-1.514686704722902760e-03,-1.514686704722902760e-03,2.667191391893379056e-06,2.641158822090742950e-05,2.641158822090742950e-05,6.790388689568173794e-06
1.957197329044939038e-01,1.746419269948575931e-06,9.249243671796716329e-05,1.479003625451605087e-05,1.005754643490692324e+00,-1.503525632696616149e-03,-1.503525632696616149e-03,1.746419269948575931e-06,1.653645552446462722e-05,1.005705034124118935e+00,-1.569671454794474563e-03,-1.569671454794474563e-03,2.680809067828415784e-06,2.558145086721681286e-05,2.558145086721681286e-05,6.599848154824781268e-06
1.980223179974879288e-01,1.755459887408517252e-06,9.466715536377275715e-05,1.456949512839790741e-05,1.005814299773605480e+00,-1.555445302119983463e-03,-1.555445302119983463e-03,1.755459887408517252e-06,1.632495501580642487e-05,1.005765324908558078e+00,-1.620745122183209121e-03,-1.620745122183209121e-03,2.693989154855983756e-06,2.471905228415278137e-05,2.471905228415278137e-05,6.409864328600386709e-06
2.003249030904819816e-01,1.764228080509786554e-06,9.678443003107169260e-05,1.434404881801863818e-05,1.005872751117384833e+00,-1.603348066452122984e-03,-1.603348066452122984e-03,1.764228080509786554e-06,1.610827689852842431e-05,1.005824426286689333e+00,-1.667781174046236749e-03,-1.667781174046236749e-03,2.706733310850777026e-06,2.382662487148381249e-05,2.382662487148381249e-05,6.220467029468596127e-06
2.026274881834760344e-01,1.772724966842150142e-06,9.884474950499652320e-05,1.411383090998068593e-05,1.005929984261043408e+00,-1.647120705599390512e-03,-1.647120705599390512e-03,1.772724966842150142e-06,1.588655587682283671e-05,1.005882324593412980e+00,-1.710666929106681791e-03,-1.710666929106681791e-03,2.719043255202638686e-06,2.290647339749125872e-05,2.290647339749125872e-05,6.031685373934807986e-06
2.049300732764700872e-01,1.780951700345002973e-06,1.008486106951284668e-04,1.387897375470180565e-05,1.005985986708437308e+00,-1.686664092110744858e-03,-1.686664092110744858e-03,1.780951700345002973e-06,1.565992545504680820e-05,1.005939006932072166e+00,-1.749303793930932077e-03,-1.749303793930932077e-03,2.730920767236842298e-06,2.196096710047886836e-05,2.196096710047886836e-05,5.843547783857816785e-06
2.072326583694641400e-01,1.788909470296283846e-06,1.027965182152290255e-04,1.363960845076412005e-05,1.006040746714398360e+00,-1.721893375365183979e-03,-1.721893375365183979e-03,1.788909470296283846e-06,1.542851792106040432e-05,1.005994461160635289e+00,-1.783607447049425677e-03,-1.783607447049425677e-03,2.742367684653244807e-06,2.099253165700012719e-05,2.099253165700012719e-05,5.656081993899095137e-06
2.095352434624581650e-01,1.796599500317810117e-06,1.046889839728129356e-04,1.339586483018671702e-05,1.006094253270912509e+00,-1.752738113856734800e-03,-1.752738113856734800e-03,1.796599500317810117e-06,1.519246433050452650e-05,1.006048675877921017e+00,-1.813507971178752879e-03,-1.813507971178752879e-03,2.753385901984309215e-06,2.000364104637068134e-05,2.000364104637068134e-05,5.469315058996551707e-06
2.118378285554522178e-01,1.804023047396882865e-06,1.065265267684240361e-04,1.314787144459882276e-05,1.006146496093343501e+00,-1.779142356024182841e-03,-1.779142356024182841e-03,1.804023047396882865e-06,1.495189449199570626e-05,1.006101640409867493e+00,-1.838949933992165605e-03,-1.838949933992165605e-03,2.763977369071986038e-06,1.899680934090775458e-05,1.899680934090775458e-05,5.283273361858935583e-06
2.141404136484462706e-01,1.811181400924005788e-06,1.083096719044685825e-04,1.289575555229109385e-05,1.006197465606711861e+00,-1.801064670240036438e-03,-1.801064670240036438e-03,1.811181400924005788e-06,1.470693695321510006e-05,1.006153344795852167e+00,-1.859892418052896913e-03,-1.859892418052896913e-03,2.774144089563439958e-06,1.797458245105086497e-05,1.797458245105086497e-05,5.097982620477819962e-06
2.164429987414402956e-01,1.818075881746550566e-06,1.100389508034610892e-04,1.263964310612274646e-05,1.006247152932031375e+00,-1.818478124753815676e-03,-1.818478124753815676e-03,1.818075881746550566e-06,1.445771898786929639e-05,1.006203779775067808e+00,-1.876309000705292862e-03,-1.876309000705292862e-03,2.783888119425597139e-06,1.693952985419397252e-05,1.693952985419397252e-05,4.913467895654053171e-06
2.187455838344343484e-01,1.824707841238186130e-06,1.117149006355351392e-04,1.237965874226279608e-05,1.006295549872711304e+00,-1.831370218535036554e-03,-1.831370218535036554e-03,1.824707841238186130e-06,1.420436658350098305e-05,1.006252936772960904e+00,-1.888187684869040541e-03,-1.888187684869040541e-03,2.793211565478480145e-06,1.589423633557594047e-05,1.589423633557594047e-05,4.729753598535847058e-06
2.210481689274284012e-01,1.831078660383892079e-06,1.133380639550732706e-04,1.211592576974404740e-05,1.006342648901026093e+00,-1.839742764130224703e-03,-1.839742764130224703e-03,1.831078660383892079e-06,1.394700443012793990e-05,1.006300807887735793e+00,-1.895530781850736368e-03,-1.895530781850736368e-03,2.802116583947306766e-06,1.484129376906099850e-05,1.484129376906099850e-05,4.546863498165821075e-06
2.233507540204224540e-01,1.837189748880354205e-06,1.149089883463084863e-04,1.184856616080867041e-05,1.006388443144657474e+00,-1.843611723783044991e-03,-1.843611723783044991e-03,1.837189748880354205e-06,1.368575590968902525e-05,1.006347385876928513e+00,-1.898354747421800983e-03,-1.898354747421800983e-03,2.810605379033304871e-06,1.378329296498796919e-05,1.378329296498796919e-05,4.364820729034301693e-06
2.256533391134165067e-01,1.843042544251545845e-06,1.164282260777489870e-04,1.157770054202487797e-05,1.006432926373317827e+00,-1.843007000217520251e-03,-1.843007000217520251e-03,1.843042544251545845e-06,1.342074308627642403e-05,1.006392664144059035e+00,-1.896689972562625934e-03,-1.896689972562625934e-03,2.818680201503206471e-06,1.272281561156719905e-05,1.272281561156719905e-05,4.183647798636678261e-06
2.279559242064105318e-01,1.848638510979283494e-06,1.178963337652771053e-04,1.130344818615431685e-05,1.006476092985451487e+00,-1.837972183607200190e-03,-1.837972183607200190e-03,1.848638510979283494e-06,1.315208669713360014e-05,1.006436636725360101e+00,-1.890580530395734489e-03,-1.890580530395734489e-03,2.826343347297366328e-06,1.166242633550406492e-05,1.166242633550406492e-05,4.003366595032519842e-06
2.302585092994045846e-01,1.853979139648545158e-06,1.193138720437777523e-04,1.102592700475032962e-05,1.006517937995026202e+00,-1.828564256380834502e-03,-1.828564256380834502e-03,1.853979139648545158e-06,1.287990614439887499e-05,1.006479298276593104e+00,-1.880083880958429961e-03,-1.880083880958429961e-03,2.833597156156464054e-06,1.060466490666437352e-05,1.060466490666437352e-05,3.823998394404226186e-06
2.325610943923986373e-01,1.859065946107334792e-06,1.206814052471475986e-04,1.074525354146758186e-05,1.006558457018412511e+00,-1.814853257627011907e-03,-1.814853257627011907e-03,1.859065946107334792e-06,1.260431948757491666e-05,1.006520644059949676e+00,-1.865270535577311485e-03,-1.865270535577311485e-03,2.840444010266721917e-06,9.552038610659512838e-06,9.552038610659512838e-06,3.645563868613245597e-06
2.348636794853926624e-01,1.863900470640871764e-06,1.219995010965386210e-04,1.046154296606386112e-05,1.006597646261356838e+00,-1.796921908963802382e-03,-1.796921908963802382e-03,1.863900470640871764e-06,1.232544343670473246e-05,1.006560669931046759e+00,-1.846223682710621244e-03,-1.846223682710621244e-03,2.846886332923592635e-06,8.507014812234097863e-06,8.507014812234097863e-06,3.468083092752014865e-06
2.371662645783867152e-01,1.868484277159879815e-06,1.232687303966911805e-04,1.017490906907528382e-05,1.006635502506053825e+00,-1.774865203838148870e-03,-1.774865203838148870e-03,1.868484277159879815e-06,1.204339334623516427e-05,1.006599372326015152e+00,-1.823038777223089622e-03,-1.823038777223089622e-03,2.852926587213844715e-06,7.472013731271440746e-06,7.472013731271440746e-06,3.291575552689747190e-06
2.394688496713807679e-01,1.872818952402752752e-06,1.244896667402121742e-04,9.885464257146528113e-06,1.006672023098317936e+00,-1.748789962300956961e-03,-1.748789962300956961e-03,1.872818952402752752e-06,1.175828320954928065e-05,1.006636748248689317e+00,-1.795823095139154144e-03,-1.795823095139154144e-03,2.858567274715986910e-06,6.449401452136199728e-06,6.449401452136199728e-06,3.116060152610360070e-06
2.417714347643748207e-01,1.876906105151367113e-06,1.256628862196546991e-04,9.593319548997955888e-06,1.006707205934860072e+00,-1.718814353386518765e-03,-1.718814353386518765e-03,1.876906105151367113e-06,1.147022565414932258e-05,1.006672795257897546e+00,-1.764695256003115994e-03,-1.764695256003115994e-03,2.863810934218958936e-06,5.441483185889996792e-06,5.441483185889996792e-06,2.941555222540923197e-06
2.440740198573688735e-01,1.880747365460319447e-06,1.267889671472586209e-04,9.298584572011970000e-06,1.006741049450669223e+00,-1.685067387285126006e-03,-1.685067387285126006e-03,1.880747365460319447e-06,1.117933193747228945e-05,1.006707511454856707e+00,-1.729784715035015191e-03,-1.729784715035015191e-03,2.868660140459026204e-06,4.450496803745053084e-06,4.450496803745053084e-06,2.768078525868951346e-06
2.463766049503628985e-01,1.884344383899352334e-06,1.278684897822093131e-04,9.001367559421259628e-06,1.006773552606508026e+00,-1.647688379563677814e-03,-1.647688379563677814e-03,1.884344383899352334e-06,1.088571194332061175e-05,1.006740895470678021e+00,-1.691231227336960309e-03,-1.691231227336960309e-03,2.873117502874797237e-06,3.478606658837490955e-06,3.478606658837490955e-06,2.595647266847267484e-06
2.486791900433569513e-01,1.887698830808752286e-06,1.289020360652783342e-04,8.701775348081804956e-06,1.006804714876517348e+00,-1.606826389728657767e-03,-1.606826389728657767e-03,1.887698830808752286e-06,1.058947417889055788e-05,1.006772946453980744e+00,-1.649184286444220059e-03,-1.649184286444220059e-03,2.877185664380290521e-06,2.527897712180597731e-06,2.527897712180597731e-06,2.424278098084768711e-06
2.509817751363510041e-01,1.890812395567485745e-06,1.298901893607082032e-04,8.399913376814176604e-06,1.006834536235938105e+00,-1.562639636473938439e-03,-1.562639636473938439e-03,1.890812395567485745e-06,1.029072577238166320e-05,1.006803664058620873e+00,-1.603802539563465180e-03,-1.603802539563465180e-03,2.880867300155977928e-06,1.600369977300276779e-06,1.600369977300276779e-06,2.253987128021696577e-06
2.532843602293450291e-01,1.893686785873855300e-06,1.308335342052042820e-04,8.095885685296548266e-06,1.006863017148949879e+00,-1.515294891977830068e-03,-1.515294891977830068e-03,1.893686785873855300e-06,9.989572471170403355e-06,1.006833048431536426e+00,-1.555253181862511743e-03,-1.555253181862511743e-03,2.884165116457719177e-06,6.979332967900246606e-07,6.979332967900246606e-07,2.084789928388307669e-06
2.555869453223391097e-01,1.896323727038451004e-06,1.317326560639021709e-04,7.789794913493552561e-06,1.006890158556631221e+00,-1.464966857641089278e-03,-1.464966857641089278e-03,1.896323727038451004e-06,9.686118640532002930e-06,1.006861100200709735e+00,-1.503711332203217215e-03,-1.503711332203217215e-03,2.887081849443509388e-06,-1.775975373669213993e-07,-1.775975373669213993e-07,1.916701541645379584e-06
2.578895304153331347e-01,1.898724961289180801e-06,1.325881410931799981e-04,7.481742301605309975e-06,1.006915961865039844e+00,-1.411837523665304900e-03,-1.411837523665304900e-03,1.898724961289180801e-06,9.380467262894490776e-06,1.006887820463251204e+00,-1.449359392716882775e-03,-1.449359392716882775e-03,2.889620264017952508e-06,-1.024507309173165972e-06,-1.024507309173165972e-06,1.749736488405240853e-06
2.601921155083271597e-01,1.900892247088162599e-06,1.334005759101812420e-04,7.171827690521084462e-06,1.006940428933419618e+00,-1.356095514876788860e-03,-1.356095514876788860e-03,1.900892247088162599e-06,9.072719937609247272e-06,1.006913210773606737e+00,-1.392386394627225877e-03,-1.392386394627225877e-03,2.891783152694378416e-06,-1.841184540534422393e-06,-1.841184540534422393e-06,1.583908774832494103e-06
2.624947006013212403e-01,1.902827358460267060e-06,1.341705473689276066e-04,6.860149522762704507e-06,1.006963562062531459e+00,-1.297935425195421684e-03,-1.297935425195421684e-03,1.902827358460267060e-06,8.762976881222971355e-06,1.006937273131887745e+00,-1.332987332720313644e-03,-1.332987332720313644e-03,2.893573334474513111e-06,-2.626125281918091235e-06,-2.626125281918091235e-06,1.419231900022504812e-06
2.647972856943152653e-01,1.904532084333104029e-06,1.348986423428885097e-04,6.546804843902863891e-06,1.006985363983114334e+00,-1.237557143133917936e-03,-1.237557143133917936e-03,1.904532084333104029e-06,8.451336928235968132e-06,1.006960009972329706e+00,-1.271362490846861910e-03,-1.271362490846861910e-03,2.894993653745612585e-06,-3.377936525294146298e-06,-3.377936525294146298e-06,1.255718863357293772e-06
2.670998707873093458e-01,1.906008227888247591e-06,1.355854475138915550e-04,6.231889304443842462e-06,1.007005837844474616e+00,-1.175165170693279106e-03,-1.175165170693279106e-03,1.906008227888247591e-06,8.137897532332089842e-06,1.006981424151877524e+00,-1.207716760822607560e-03,-1.207716760822607560e-03,2.896046979194973163e-06,-4.095339234279021345e-06,-4.095339234279021345e-06,1.093382171836766697e-06
2.694024558803033709e-01,1.907257605923501164e-06,1.362315491672451027e-04,5.915497162142556518e-06,1.007024987203205768e+00,-1.110967937989424011e-03,-1.110967937989424011e-03,1.907257605923501164e-06,7.822754768066057682e-06,1.007001518938901663e+00,-1.142258957061688309e-03,-1.142258957061688309e-03,2.896736202741717500e-06,-4.777170987694472653e-06,-4.777170987694472653e-06,9.322338473849529784e-07
2.717050409732973959e-01,1.908282048226008828e-06,1.368375329929597765e-04,5.597721284767961064e-06,1.007042816012043707e+00,-1.045177115911905940e-03,-1.045177115911905940e-03,1.908282048226008828e-06,7.506003332993969892e-06,1.007020298002044623e+00,-1.075201129243881894e-03,-1.075201129243881894e-03,2.897064238485766881e-06,-5.422388234130994754e-06,-5.422388234130994754e-06,7.722854341293851256e-07
2.740076260662914764e-01,1.909083396956024041e-06,1.374039838929481516e-04,5.278653153277254806e-06,1.007059328608851834e+00,-9.780069290702879479e-04,-9.780069290702879479e-04,1.909083396956024041e-06,7.187736550233279271e-06,1.007037765399201090e+00,-1.006757875271221004e-03,-1.006757875271221004e-03,2.897034021673904094e-06,-6.030068156334900077e-06,-6.030068156334900077e-06,6.135480056529198899e-07
2.763102111592855015e-01,1.909663506041149365e-06,1.379314857940879446e-04,4.958382865397608096e-06,1.007074529705745070e+00,-9.096734712361045569e-04,-9.096734712361045569e-04,1.909663506041149365e-06,6.868046371438757037e-06,1.007053925566630648e+00,-9.371456567218596325e-04,-9.371456567218596325e-04,2.896648507682818906e-06,-6.599410145596138964e-06,-6.599410145596138964e-06,4.560321722167079586e-07
2.786127962522795265e-01,1.910024240580873783e-06,1.384206214670367062e-04,4.636999139600210277e-06,1.007088424378347113e+00,-8.403940254301907808e-04,-8.403940254301907808e-04,1.910024240580873783e-06,6.547023380181083636e-06,1.007068783308206594e+00,-8.665821189509151628e-04,-8.665821189509151628e-04,2.895910671019052677e-06,-7.129736887469313196e-06,-7.129736887469313196e-06,2.997480879531548627e-07
2.809153813452736070e-01,1.910167476261228045e-06,1.388719723506867221e-04,4.314589319454028356e-06,1.007101018055187147e+00,-7.703863907448090876e-04,-7.703863907448090876e-04,1.910167476261228045e-06,6.224756795715255978e-06,1.007082343784799994e+00,-7.952854179276700776e-04,-7.952854179276700776e-04,2.894823504335720591e-06,-7.620495061468413358e-06,-7.620495061468413358e-06,1.447054580277017012e-07
2.832179664382676321e-01,1.910095098779395186e-06,1.392861183821498617e-04,3.991239378346646028e-06,1.007112316507232208e+00,-6.998682179212700879e-04,-6.998682179212700879e-04,1.910095098779395186e-06,5.901334477126041214e-06,1.007094612503800724e+00,-7.234735558297742189e-04,-7.234735558297742189e-04,2.893390017465920431e-06,-8.071255658472024355e-06,-8.071255658472024355e-06,-9.086454231530919214e-09
2.855205515312616571e-01,1.909809003278114437e-06,1.396636378321675564e-04,3.667033924559858736e-06,1.007122325837559895e+00,-6.290563556317067167e-04,-6.290563556317067167e-04,1.909809003278114437e-06,5.576842927837973173e-06,1.007105595308776413e+00,-6.513637273430585755e-04,-6.513637273430585755e-04,2.891613236472720329e-06,-8.481713920785668935e-06,-8.481713920785668935e-06,-1.616188202375654200e-07
2.878231366242557376e-01,1.909311093789720564e-06,1.400051071458389257e-04,3.342056206688135395e-06,1.007131052471170962e+00,-5.581662093358677815e-04,-5.581662093358677815e-04,1.909311093789720564e-06,5.251367300477855959e-06,1.007115298369269496e+00,-5.791716785377792019e-04,-5.791716785377792019e-04,2.889496202715614535e-06,-8.851688910863658613e-06,-8.851688910863658613e-06,-3.128832390828713511e-07
2.901257217172497627e-01,1.908603282689669126e-06,1.403111007885660295e-04,3.016388119388047213e-06,1.007138503144940245e+00,-4.874111145022032776e-04,-4.874111145022032776e-04,1.908603282689669126e-06,4.924991402077716339e-06,1.007123728170733923e+00,-5.071110801105141192e-04,-5.071110801105141192e-04,2.887041971933338775e-06,-9.181122715771911701e-06,-9.181122715771911701e-06,-4.628717305133274205e-07
2.924283068102438432e-01,1.907687490159403665e-06,1.405821910971126248e-04,2.690110209447130862e-06,1.007144684897709697e+00,-4.170017258964130343e-04,-4.170017258964130343e-04,1.907687490159403665e-06,4.597797699606534527e-06,1.007130891504610881e+00,-4.353929166948391724e-04,-4.353929166948391724e-04,2.884253613342939751e-06,-9.470079295486427448e-06,-9.470079295486427448e-06,-6.115767279388651492e-07
2.947308919032378682e-01,1.906565643658425262e-06,1.408189481356796069e-04,2.363301682160948813e-06,1.007149605060521091e+00,-3.471454245519865409e-04,-3.471454245519865409e-04,1.906565643658425262e-06,4.269867325819374287e-06,1.007136795458543732e+00,-3.642248938552640177e-04,-3.642248938552640177e-04,2.881134208754974690e-06,-9.718742984064010151e-06,-9.718742984064010151e-06,-7.589910714820399548e-07
2.970334769962318933e-01,1.905239677405434675e-06,1.410219395568996386e-04,2.036040408007119005e-06,1.007153271246992610e+00,-2.780457439437780394e-04,-2.780457439437780394e-04,1.905239677405434675e-06,3.941280085412553679e-06,1.007141447406736390e+00,-2.938108642854282541e-04,-2.938108642854282541e-04,2.877686851704738871e-06,-9.927416653671296666e-06,-9.927416653671296666e-06,-9.051080010656839485e-07
2.993360620892259738e-01,1.903711531868412363e-06,1.411917304676525221e-04,1.708402929605607126e-06,1.007155691343832427e+00,-2.099018167920317646e-04,-2.099018167920317646e-04,1.903711531868412363e-06,3.612114461474019489e-06,1.007144855000448036e+00,-2.243502746379278290e-04,-2.243502746379278290e-04,2.873914646599395774e-06,-1.009651955227069353e-05,-1.009651955227069353e-05,-1.049921149540507877e-06
3.016386471822199988e-01,1.901983153263522900e-06,1.413288832996105915e-04,1.380464468954561685e-06,1.007156873501499073e+00,-1.429078438247509918e-04,-1.429078438247509918e-04,1.901983153263522900e-06,3.282447622218084585e-06,1.007147026158632386e+00,-1.560376343136233386e-04,-1.560376343136233386e-04,2.869820707880898041e-06,-1.022658482662740267e-05,-1.022658482662740267e-05,-1.193424535853995388e-06
3.039412322752140794e-01,1.900056493062720744e-06,1.414339576844214023e-04,1.052298934931178488e-06,1.007156826125000570e+00,-7.725258572951747174e-05,-7.725258572951747174e-05,1.900056493062720744e-06,2.952355427993899232e-06,1.007147969058716619e+00,-8.906200744149306867e-05,-8.906200744149306867e-05,2.865408159204569653e-06,-1.031825674298608691e-05,-1.031825674298608691e-05,-1.335612558261705435e-06
3.062438173682081044e-01,1.897933507509950645e-06,1.415075103334352590e-04,7.239789310476128752e-07,1.007155557864835904e+00,-1.311887942172736040e-05,-1.311887942172736040e-05,1.897933507509950645e-06,2.621912438557563521e-06,1.007147692127520200e+00,-2.360652917595761448e-05,-2.360652917595761448e-05,2.860680132633240051e-06,-1.037228761853842705e-05,-1.037228761853842705e-05,-1.476479987581886332e-06
3.085464024612021294e-01,1.895616157145831504e-06,1.415500949218909295e-04,3.955757634516156619e-07,1.007153077608079261e+00,4.931682034222061955e-05,4.931682034222061955e-05,1.895616157145831504e-06,2.291191920597447166e-06,1.007146204032317360e+00,4.015205265983083258e-05,4.015205265983083258e-05,2.855639767846795535e-06,-1.038953447736213012e-05,-1.038953447736213012e-05,-1.616021960494716267e-06
3.108489875541962100e-01,1.893106406340726284e-06,1.415622619774704763e-04,6.715944916237276192e-08,1.007149394469604164e+00,1.098848730848936959e-04,1.098848730848936959e-04,1.893106406340726284e-06,1.960265855503099046e-06,1.007143513672037693e+00,1.020438096628812946e-04,1.020438096628812946e-04,2.850290211367031035e-06,-1.037095544517040646e-05,-1.037095544517040646e-05,-1.754233972887082850e-06
3.131515726471902350e-01,1.890406222836102468e-06,1.415445587731394787e-04,-2.612012754682091107e-07,1.007144517783452153e+00,1.684228576388766864e-04,1.684228576388766864e-04,1.890406222836102468e-06,1.629204947367893358e-06,1.007139630168609967e+00,1.619060378494051062e-04,1.619060378494051062e-04,2.844634615797664626e-06,-1.031760589767002319e-05,-1.031760589767002319e-05,-1.891111873244140481e-06
3.154541577401842600e-01,1.887517577294084389e-06,1.414975292241837674e-04,-5.894389460782288438e-07,1.007138457094339135e+00,2.247759493727949798e-04,2.247759493727949798e-04,1.887517577294084389e-06,1.298078631215855545e-06,1.007134562858445381e+00,2.195836348479315500e-04,2.195836348479315500e-04,2.838676139079399573e-06,-1.023063437784012668e-05,-1.023063437784012668e-05,-2.026651856088502941e-06
3.177567428331783406e-01,1.884442442855118429e-06,1.414217137893662094e-04,-9.174873614116138620e-07,1.007131222149304728e+00,2.787972689976159105e-04,2.787972689976159105e-04,1.884442442855118429e-06,9.669550814435045665e-07,1.007128321284060490e+00,2.749294486718419040e-04,2.749294486718419040e-04,2.832417943759887395e-06,-1.011127829782262105e-05,-1.011127829782262105e-05,-2.160850455468399783e-06
3.200593279261723656e-01,1.881182794703661542e-06,1.413176493761156944e-04,-1.245281574236141599e-06,1.007122822889503500e+00,3.303482024413087275e-04,3.303482024413087275e-04,1.881182794703661542e-06,6.359012204675199427e-07,1.007120915185842014e+00,3.278045975594386248e-04,3.278045975594386248e-04,2.825863196278473331e-06,-9.960859441475529739e-06,-9.960859441475529739e-06,-2.293704538495550593e-06
3.223619130191663906e-01,1.877740609641815992e-06,1.411858692496706944e-04,-1.572757882072577491e-06,1.007113269442132086e+00,3.792986913820906567e-04,3.792986913820906567e-04,1.877740609641815992e-06,3.049827275692385538e-07,1.007112354493949313e+00,3.780787604718136756e-04,3.780787604718136756e-04,2.819015066265581935e-06,-9.780779283937223259e-06,-9.780779283937223259e-06,-2.425211298933989978e-06
3.246644981121604712e-01,1.874117865670836211e-06,1.410269029460986838e-04,-1.899853817743477542e-06,1.007102572112500427e+00,4.255274941288423696e-04,4.255274941288423696e-04,1.874117865670836211e-06,-2.573595207264133137e-08,1.007102649320356536e+00,4.256304379371329306e-04,4.256304379371329306e-04,2.811876725856605143e-06,-9.572514144768628927e-06,-9.572514144768628927e-06,-2.555368250840741130e-06
3.269670832051544962e-01,1.870316541580432167e-06,1.408412761891123541e-04,-2.226508139750163052e-06,1.007090741376240439e+00,4.689224166384999394e-04,4.689224166384999394e-04,1.870316541580432167e-06,-3.561915981697310445e-07,1.007091809951034866e+00,4.703471830311788376e-04,4.703471830311788376e-04,2.804451349020166179e-06,-9.337610191442562418e-06,-9.337610191442562418e-06,-2.684173222259372204e-06
3.292696682981485767e-01,1.866338616545803604e-06,1.406295108106055364e-04,-2.552660822486322385e-06,1.007077787871652141e+00,5.093805135534996715e-04,5.093805135534996715e-04,1.866338616545803604e-06,-6.863222059405186754e-07,1.007079846838270010e+00,5.121258023772617398e-04,5.121258023772617398e-04,2.796742110900602189e-06,-9.077678310043280649e-06,-9.077678310043280649e-06,-2.811624348967365117e-06
3.315722533911426018e-01,1.862186069732338871e-06,1.403921246748349703e-04,-2.878253046296118238e-06,1.007063722392189886e+00,5.468082592412108279e-04,5.468082592412108279e-04,1.862186069732338871e-06,-1.016066976563779367e-06,1.007066770593119553e+00,5.508725271474659716e-04,5.508725271474659716e-04,2.788752187174545724e-06,-8.794388860141582256e-06,-8.794388860141582256e-06,-2.937720068278295010e-06
3.338748384841366268e-01,1.857860879907914393e-06,1.401296316061711317e-04,-3.203227187385052850e-06,1.007048555879083596e+00,5.811216889044946293e-04,5.811216889044946293e-04,1.857860879907914393e-06,-1.345366307477138457e-06,1.007052591978006006e+00,5.865031541344032035e-04,5.865031541344032035e-04,2.780484753421441623e-06,-8.489466330788543878e-06,-8.489466330788543878e-06,-3.062459112899674162e-06
3.361774235771307073e-01,1.853365025062735056e-06,1.398425413203457197e-04,-3.527526807591150694e-06,1.007032299414098331e+00,6.122465099278642494e-04,6.122465099278642494e-04,1.853365025062735056e-06,-1.674161782528415637e-06,1.007037321899445947e+00,6.189431570579778967e-04,6.189431570579778967e-04,2.771942984507872223e-06,-8.164683914573470775e-06,-8.164683914573470775e-06,-3.185840504847415409e-06
3.384800086701247324e-01,1.848700482036660677e-06,1.395313593591236245e-04,-3.851096644024203507e-06,1.007014964212429087e+00,6.401181837046163647e-04,6.401181837046163647e-04,1.848700482036660677e-06,-2.002396161987543042e-06,1.007020971400915066e+00,6.481277683525665453e-04,6.481277683525665453e-04,2.763130053985538426e-06,-7.821858016566479309e-06,-7.821858016566479309e-06,-3.307863549417729053e-06
3.407825937631188129e-01,1.843869226153957560e-06,1.391965870283269494e-04,-4.173882598580598467e-06,1.006996561615729702e+00,6.646819782797705337e-04,6.646819782797705337e-04,1.843869226153957560e-06,-2.330013372426641119e-06,1.007003551655846874e+00,6.740020317694770660e-04,6.740020317694770660e-04,2.754049133502742482e-06,-7.462842714862587523e-06,-7.462842714862587523e-06,-3.428527829217388381e-06
3.430851788561128379e-01,1.838873230865427927e-06,1.388387213391405065e-04,-4.495831727340839079e-06,1.006977103085275882e+00,6.858929922194998254e-04,6.858929922194998254e-04,1.838873230865427927e-06,-2.656958496475411152e-06,1.006985073960765309e+00,6.965208262054014632e-04,6.965208262054014632e-04,2.744703392229243726e-06,-7.089524189235742001e-06,-7.089524189235742001e-06,-3.547833198253001627e-06
3.453877639491068630e-01,1.833714467397858553e-06,1.384582549526296408e-04,-4.816892229857180476e-06,1.006956600195263896e+00,7.037161501984692856e-04,7.037161501984692856e-04,1.833714467397858553e-06,-2.983177762459322346e-06,1.006965549728551235e+00,7.156488612483065479e-04,7.156488612483065479e-04,2.735095996294315317e-06,-6.703815134198463349e-06,-6.703815134198463349e-06,-3.665779776080292398e-06
3.476903490421009435e-01,1.828394904410745630e-06,1.380556761274016983e-04,-5.137013438338082980e-06,1.006935064626237830e+00,7.181261708682931764e-04,7.181261708682931764e-04,1.828394904410745630e-06,-3.308618533927337351e-06,1.006944990481839719e+00,7.313606450040024834e-04,7.313606450040024834e-04,2.725230108237867736e-06,-6.307649172481692006e-06,-6.307649172481692006e-06,-3.782367942013976420e-06
3.499929341350949685e-01,1.822916507660240797e-06,1.376314686703412893e-04,-5.456145806736510907e-06,1.006912508158650743e+00,7.291075076407968003e-04,7.291075076407968003e-04,1.822916507660240797e-06,-3.633229299076270110e-06,1.006923407846547880e+00,7.436404248371018605e-04,7.436404248371018605e-04,2.715108886474479799e-06,-5.902975284637962962e-06,-5.902975284637962962e-06,-3.897598329398967699e-06
3.522955192280889936e-01,1.817281239670273449e-06,1.371861118903543739e-04,-5.774240899748716080e-06,1.006888942666554820e+00,7.366542630870493227e-04,7.366542630870493227e-04,1.817281239670273449e-06,-3.956959660078443054e-06,1.006900813545535067e+00,7.524821017273631424e-04,7.524821017273631424e-04,2.704735484770185130e-06,-5.491752270117900588e-06,-5.491752270117900588e-06,-4.011471819943644673e-06
3.545981043210830741e-01,1.811491059410801669e-06,1.367200805550544403e-04,-6.091251381729975694e-06,1.006864380111421653e+00,7.407700777135435783e-04,7.407700777135435783e-04,1.811491059410801669e-06,-4.279760322319173813e-06,1.006877219392388501e+00,7.578891190028202735e-04,7.578891190028202735e-04,2.694113051731862491e-06,-5.075943254776819383e-06,-5.075943254776819383e-06,-4.123989538115869644e-06
3.569006894140770991e-01,1.805547921983145418e-06,1.362338448503228202e-04,-6.407131005533664379e-06,1.006838832536089523e+00,7.414679939381725376e-04,7.414679939381725376e-04,1.805547921983145418e-06,-4.601583083550518749e-06,1.006852637285340135e+00,7.598743262723745787e-04,7.598743262723745787e-04,2.683244730309072413e-06,-4.657510259343641194e-06,-4.657510259343641194e-06,-4.235152845602146894e-06
3.592032745070711242e-01,1.799453778312355393e-06,1.357278703426820221e-04,-6.721834601280026769e-06,1.006812312058839920e+00,7.387702961396200177e-04,7.387702961396200177e-04,1.799453778312355393e-06,-4.922380822967671376e-06,1.006827079201308761e+00,7.584598194314907168e-04,7.584598194314907168e-04,2.672133657308185120e-06,-4.238408842923772056e-06,-4.238408842923772056e-06,-4.344963335830844022e-06
3.615058596000652047e-01,1.793210574846573080e-06,1.352026179444145077e-04,-7.035318065060508643e-06,1.006784830867596847e+00,7.327083277083050374e-04,7.327083277083050374e-04,1.793210574846573080e-06,-5.242107490213935986e-06,1.006800557190067558e+00,7.536767576691608085e-04,7.536767576691608085e-04,2.660782962918643897e-06,-3.820582835116688096e-06,-3.820582835116688096e-06,-4.453422828559644633e-06
3.638084446930592297e-01,1.786820253263336693e-06,1.346585438813656008e-04,-7.347538347583745290e-06,1.006756401214255137e+00,7.233222860684440907e-04,7.233222860684440907e-04,1.786820253263336693e-06,-5.560718094320408596e-06,1.006773083368537991e+00,7.455651584457257319e-04,7.455651584457257319e-04,2.649195770251208042e-06,-3.405959169812989518e-06,-3.405959169812989518e-06,-4.560533364527970150e-06
3.661110297860533103e-01,1.780284750182784498e-06,1.340960996633665605e-04,-7.658453442768983007e-06,1.006727035409127780e+00,7.106609966880391782e-04,7.106609966880391782e-04,1.780284750182784498e-06,-5.878168692586197873e-06,1.006744669915205614e+00,7.341736714583839765e-04,7.341736714583839765e-04,2.637375194888010237e-06,-2.996442833184937008e-06,-2.996442833184937008e-06,-4.666297200174725654e-06
3.684136148790473353e-01,1.773605996887715932e-06,1.335157320572180519e-04,-7.968022376292476717e-06,1.006696745815520044e+00,6.947816671264446910e-04,6.947816671264446910e-04,1.773605996887715932e-06,-6.194416379404761209e-06,1.006715329064658215e+00,7.195593326440637020e-04,7.195593326440637020e-04,2.625324344444284333e-06,-2.593911937823919380e-06,-2.593911937823919380e-06,-4.770716802421909314e-06
3.707161999720413603e-01,1.766785919050455238e-06,1.329178830621683934e-04,-8.276205194092542216e-06,1.006665544844421945e+00,6.757496222073839341e-04,6.757496222073839341e-04,1.766785919050455238e-06,-6.509419275042086978e-06,1.006685073102246974e+00,7.017872993075523159e-04,7.017872993075523159e-04,2.613046318141584416e-06,-2.200212934378149212e-06,-2.200212934378149212e-06,-4.873794843524209912e-06
3.730187850650354409e-01,1.759826436466482053e-06,1.323029898878309331e-04,-8.582962950838454505e-06,1.006633444949321943e+00,6.536380214314516709e-04,6.536380214314516709e-04,1.759826436466482053e-06,-6.823136514371972029e-06,1.006653914358865087e+00,6.809305674889395759e-04,6.809305674889395759e-04,2.600544206392357496e-06,-1.817155971443602798e-06,-1.817155971443602798e-06,-4.975534195985196411e-06
3.753213701580294659e-01,1.752729462794773244e-06,1.316714849344769941e-04,-8.888257698368529381e-06,1.006600458621140115e+00,6.285275597698804402e-04,6.285275597698804402e-04,1.752729462794773244e-06,-7.135528235573756138e-06,1.006621865205846733e+00,6.570696727121754952e-04,6.570696727121754952e-04,2.587821090395696607e-06,-1.446510413827856138e-06,-1.446510413827856138e-06,-5.075937927540253721e-06
3.776239552510235464e-01,1.745496905304809414e-06,1.310237957756468167e-04,-9.192052474102531452e-06,1.006566598383276556e+00,6.005061530017426772e-04,6.005061530017426772e-04,1.745496905304809414e-06,-7.446555568797721826e-06,1.006588938049982840e+00,6.302923752769335137e-04,6.302923752769335137e-04,2.574880041744110849e-06,-1.090000528668243088e-06,-1.090000528668243088e-06,-5.175009296206594991e-06
3.799265403440175715e-01,1.738130664630201817e-06,1.303603451430184054e-04,-9.494311289433184155e-06,1.006531876786779467e+00,5.696686087741662310e-04,5.696686087741662310e-04,1.738130664630201817e-06,-7.756180624802981702e-06,1.006555145328653866e+00,6.006933312733782121e-04,6.006933312733782121e-04,2.561724122041170476e-06,-7.493013482347126038e-07,-7.493013482347126038e-07,-5.272751745400392811e-06
3.822291254370115965e-01,1.730632634528884413e-06,1.296815509134783097e-04,-9.794999118101845341e-06,1.006496306405625374e+00,5.361162845794255642e-04,5.361162845794255642e-04,1.730632634528884413e-06,-8.064366483572960081e-06,1.006520499505076049e+00,5.683737505137174181e-04,5.683737505137174181e-04,2.548356382529846626e-06,-4.260347175770806043e-07,-4.260347175770806043e-07,-5.369168899121555294e-06
3.845317105300056770e-01,1.723004701649822782e-06,1.289878260983342738e-04,-1.009408188456286142e-05,1.006459899832113258e+00,4.999567338509640141e-04,4.999567338509640141e-04,1.723004701649822782e-06,-8.371077182913038640e-06,1.006485013063662004e+00,5.334410425826162025e-04,5.334410425826162025e-04,2.534779863731401697e-06,-1.217655345172768372e-07,-1.217655345172768372e-07,-5.464264557205785386e-06
3.868342956229997021e-01,1.715248745306189927e-06,1.282795788346163292e-04,-1.039152645234120285e-05,1.006422669672373704e+00,4.613033413879726171e-04,4.613033413879726171e-04,1.715248745306189927e-06,-8.676277707035012074e-06,1.006448698505494788e+00,4.960084522161126858e-04,4.960084522161126858e-04,2.520997595094660531e-06,1.620018112058242678e-07,1.620018112058242678e-07,-5.558042690644567974e-06
3.891368807159937271e-01,1.707366637254947545e-06,1.275572123784063773e-04,-1.068730061238796675e-05,1.006384628541984627e+00,4.202749493181341341e-04,4.202749493181341341e-04,1.707366637254947545e-06,-8.979933975133020055e-06,1.006411568343910101e+00,4.561946852186661940e-04,4.561946852186661940e-04,2.507012594655503591e-06,4.238267934905756130e-07,4.238267934905756130e-07,-5.650507436972648590e-06
3.914394658089878076e-01,1.699360241482788734e-06,1.268211251001442712e-04,-1.098137307143782270e-05,1.006345789061701801e+00,3.769954748090819491e-04,3.769954748090819491e-04,1.699360241482788734e-06,-9.282012829955033119e-06,1.006373635100191732e+00,4.141235261289020748e-04,4.141235261289020748e-04,2.492827868706430518e-06,6.623358946856086591e-07,6.623358946856086591e-07,-5.741663095723395017e-06
3.937420509019818327e-01,1.691231413998380504e-06,1.260717104818538301e-04,-1.127371344037270106e-05,1.006306163853292412e+00,3.315935207314618920e-04,3.315935207314618920e-04,1.691231413998380504e-06,-9.582482026374319919e-06,1.006334911299371582e+00,3.699234488369591649e-04,3.699234488369591649e-04,2.478446411476027188e-06,8.762255348703787148e-07,8.762255348703787148e-07,-5.831514123951766532e-06
3.960446359949758577e-01,1.682982002630844684e-06,1.253093571162339800e-04,-1.156429222259589310e-05,1.006265765535480083e+00,2.842019804708032730e-04,2.842019804708032730e-04,1.682982002630844684e-06,-9.881310219965047995e-06,1.006295409466140045e+00,3.237272213506634921e-04,3.237272213506634921e-04,2.463871204818178319e-06,1.064264781526237596e-06,1.064264781526237596e-06,-5.920065131824893317e-06
3.983472210879699382e-01,1.674613846834429163e-06,1.245344487075645233e-04,-1.185308080242025592e-05,1.006224606719992032e+00,2.349576380714235178e-04,2.349576380714235178e-04,1.674613846834429163e-06,-1.017846695558582633e-05,1.006255142120858759e+00,2.756715058937668299e-04,2.756715058937668299e-04,2.449105217910873138e-06,1.225297836158841050e-06,1.225297836158841050e-06,-6.007320878280378696e-06
4.006498061809639633e-01,1.666128777499299150e-06,1.237473640743694270e-04,-1.214005143347450991e-05,1.006182700007712816e+00,1.840007648827969382e-04,1.840007648827969382e-04,1.666128777499299150e-06,-1.047392265597521139e-05,1.006214121775680814e+00,2.258964555066977702e-04,2.258964555066977702e-04,2.434151406964444459e-06,1.358246295132652860e-06,1.358246295132652860e-06,-6.093286266751789715e-06
4.029523912739580438e-01,1.657528616768388958e-06,1.229484771537888137e-04,-1.242517722713134234e-05,1.006140057984939329e+00,1.314747138597786576e-04,1.314747138597786576e-04,1.657528616768388958e-06,-1.076764861036295275e-05,1.006172360930770449e+00,1.745453083012304821e-04,1.745453083012304821e-04,2.419012714939074729e-06,1.462111182613157893e-06,1.462111182613157893e-06,-6.177966340961448731e-06
4.052549763669520688e-01,1.648815177860255864e-06,1.221381570076074245e-04,-1.270843214096069319e-05,1.006096693219738158e+00,7.752551264842844211e-05,7.752551264842844211e-05,1.648815177860255864e-06,-1.105961696310043754e-05,1.006129872070627540e+00,1.217639805008301923e-04,1.217639805008301923e-04,2.403692071271434773e-06,1.535974754177479762e-06,1.535974754177479762e-06,-6.261366280780379464e-06
4.075575614599460939e-01,1.639990264897863197e-06,1.213167678298870895e-04,-1.298979096721195864e-05,1.006052618258402420e+00,2.230145656551275451e-05,2.230145656551275451e-05,1.639990264897863197e-06,-1.134980070231409459e-05,1.006086667660509359e+00,6.770065937476913288e-05,6.770065937476913288e-05,2.388192391610273994e-06,1.579002070287858359e-06,1.579002070287858359e-06,-6.343491398154821366e-06
4.098601465529401744e-01,1.631055672743232307e-06,1.204846689561557489e-04,-1.326922932132820060e-05,1.006007845622006736e+00,-3.404729744579106869e-05,-3.404729744579106869e-05,1.631055672743232307e-06,-1.163817364858496850e-05,1.006042760142952464e+00,1.250539714854880533e-05,1.250539714854880533e-05,2.372516577560829027e-06,1.590442339443428743e-06,1.590442339443428743e-06,-6.424347133099526617e-06
4.121627316459341994e-01,1.622013186837893535e-06,1.196422148741006536e-04,-1.354672363049573005e-05,1.005962387803060576e+00,-9.136913482954116673e-05,-9.136913482954116673e-05,1.622013186837893535e-06,-1.192471044365783652e-05,1.005998161934391621e+00,-4.367029305490982745e-05,-4.367029305490982745e-05,2.356667516437889916e-06,1.569630031450375849e-06,1.569630031450375849e-06,-6.503939049756954576e-06
4.144653167389282800e-01,1.612864583049063331e-06,1.187897552357190193e-04,-1.382225112223219982e-05,1.005916257262256641e+00,-1.495113843761590607e-04,-1.495113843761590607e-04,1.612864583049063331e-06,-1.220938653918313607e-05,1.005952885421874221e+00,-1.006738382194265029e-04,-1.006738382194265029e-04,2.340648081027363306e-06,1.515985761826832363e-06,1.515985761826832363e-06,-6.582272832522593264e-06
4.167679018319223050e-01,1.603611627521483375e-06,1.179276348708772080e-04,-1.409578981301604788e-05,1.005869466425313608e+00,-2.083207151352667438e-04,-2.083207151352667438e-04,1.603611627521483375e-06,-1.249217818549456430e-05,1.005906942959870154e+00,-1.583520023932884799e-04,-1.583520023932884799e-04,2.324461129356201776e-06,1.429016948963134761e-06,1.429016948963134761e-06,-6.659354282235587920e-06
4.190704869249163300e-01,1.594256076534839939e-06,1.170561938022313418e-04,-1.436731849696042338e-05,1.005822027679912356e+00,-2.676435283251623991e-04,-2.676435283251623991e-04,1.594256076534839939e-06,-1.277306242042558344e-05,1.005860346867173627e+00,-2.165512786434600789e-04,-2.165512786434600789e-04,2.308109504470523136e-06,1.308318246188261273e-06,1.308318246188261273e-06,-6.735189312434581788e-06
4.213730720179104106e-01,1.584799676366698926e-06,1.161757672614621061e-04,-1.463681673453413995e-05,1.005773953372722795e+00,-3.273263433176975840e-04,-3.273263433176975840e-04,1.584799676366698926e-06,-1.305201705816744102e-05,1.005813109423897345e+00,-2.751182750850278132e-04,-2.751182750850278132e-04,2.291596034221796867e-06,1.153571751472253239e-06,1.153571751472253239e-06,-6.809783945678194822e-06
4.236756571109044356e-01,1.575244163160875885e-06,1.152866857067788543e-04,-1.490426484133250915e-05,1.005725255806521945e+00,-3.872161768151434328e-04,-3.872161768151434328e-04,1.575244163160875885e-06,-1.332902067817163390e-05,1.005765242868556397e+00,-3.339000941024568769e-04,-3.339000941024568769e-04,2.274923531060935486e-06,9.645469979741983777e-07,9.645469979741983777e-07,-6.883144309929712587e-06
4.259782422038984606e-01,1.565591262801159923e-06,1.143892748416463410e-04,-1.516964387690058990e-05,1.005675947237400170e+00,-4.471609143749281446e-04,-4.471609143749281446e-04,1.565591262801159923e-06,-1.360405261409942998e-05,1.005716759395242521e+00,-3.927447039185304450e-04,-3.927447039185304450e-04,2.258094791840141362e-06,7.411007291897425631e-07,7.411007291897425631e-07,-6.955276635005555879e-06
4.282808272968925412e-01,1.555842690790328172e-06,1.134838556346899965e-04,-1.543293563361123767e-05,1.005626039872055344e+00,-5.070096734782124316e-04,-5.070096734782124316e-04,1.555842690790328172e-06,-1.387709294282091098e-05,1.005667671150883846e+00,-4.515013017069287944e-04,-4.515013017069287944e-04,2.241112597622381895e-06,4.831764628904003393e-07,4.831764628904003393e-07,-7.026187249086811109e-06
4.305834123898865662e-01,1.546000152134351729e-06,1.125707443407369972e-04,-1.569412262560044517e-05,1.005575545865172282e+00,-5.666131573803500623e-04,-5.666131573803500623e-04,1.546000152134351729e-06,-1.414812247346609238e-05,1.005617990232592573e+00,-5.100206674864857063e-04,-5.100206674864857063e-04,2.223979713498328757e-06,1.908038485369596727e-07,1.908038485369596727e-07,-7.095882575293651189e-06
4.328859974828805912e-01,1.536065341231731224e-06,1.116502525229489388e-04,-1.595318807776218719e-05,1.005524477316886545e+00,-6.258239990233699585e-04,-6.258239990233699585e-04,1.536065341231731224e-06,-1.441712273653045681e-05,1.005567728685096140e+00,-5.681555080772481177e-04,-5.681555080772481177e-04,2.206698888410640907e-06,-1.359021767415211746e-07,-1.359021767415211746e-07,-7.164369128321876116e-06
4.351885825758746718e-01,1.526039941767863765e-06,1.107226870760039892e-04,-1.621011591480497178e-05,1.005472846270333287e+00,-6.844970943343488745e-04,-6.844970943343488745e-04,1.526039941767863765e-06,-1.468407597303710653e-05,1.005516898498252321e+00,-6.257607904422004619e-04,-6.257607904422004619e-04,2.189272854985426212e-06,-4.967424280891935284e-07,-4.967424280891935284e-07,-7.231653511140980341e-06
4.374911676688686968e-01,1.515925626614375401e-06,1.097883502502866999e-04,-1.646489075037206961e-05,1.005420664709275380e+00,-7.424899242774922557e-04,-7.424899242774922557e-04,1.515925626614375401e-06,-1.494896512375769485e-05,1.005465511604646700e+00,-6.826940637824614831e-04,-6.826940637824614831e-04,2.171704329370774092e-06,-8.914347028887917169e-07,-8.914347028887917169e-07,-7.297742411753158221e-06
4.397937527618627773e-01,1.505724057733317886e-06,1.088475396770452908e-04,-1.671749787622763074e-05,1.005367944555814352e+00,-7.996628650722378308e-04,-7.996628650722378308e-04,1.505724057733317886e-06,-1.521177381849431348e-05,1.005413579877269870e+00,-7.388157697982605972e-04,-7.388157697982605972e-04,2.153996011082188957e-06,-1.319615194500764916e-06,-1.319615194500764916e-06,-7.362642600012776624e-06
4.420963378548568024e-01,1.495436886086160703e-06,1.079005483944760229e-04,-1.696792325151030300e-05,1.005314697668178381e+00,-8.558794860350584822e-04,-8.558794860350584822e-04,1.495436886086160703e-06,-1.547248636542414166e-05,1.005361115127274552e+00,-7.939895405733619427e-04,-7.939895405733619427e-04,2.136150582854818948e-06,-1.780840083176263308e-06,-1.780840083176263308e-06,-7.426360924505557417e-06
4.443989229478508274e-01,1.485065751547480952e-06,1.069476648746945030e-04,-1.721615349205639193e-05,1.005260935838588887e+00,-9.110068345472876247e-04,-9.110068345472876247e-04,1.485065751547480952e-06,-1.573108774050891183e-05,1.005308129101810444e+00,-8.480824835852520316e-04,-8.480824835852520316e-04,2.118170710502326274e-06,-2.274587297253559501e-06,-2.274587297253559501e-06,-7.488904309486781211e-06
4.467015080408449079e-01,1.474612282823276122e-06,1.059891730515578971e-04,-1.746217585979410362e-05,1.005206670791205070e+00,-9.649157076975160407e-04,-9.649157076975160407e-04,1.474612282823276122e-06,-1.598756357697082855e-05,1.005254633481935889e+00,-9.009654533896326858e-04,-9.009654533896326858e-04,2.100059042782281400e-06,-2.800258437438599593e-06,-2.800258437438599593e-06,-7.550279751878121888e-06
4.490040931338389329e-01,1.464078097373797066e-06,1.050253523492961343e-04,-1.770597825221060189e-05,1.005151914180139494e+00,-1.017480910191360293e-03,-1.017480910191360293e-03,1.464078097373797066e-06,-1.624190015483680397e-05,1.005200639880603930e+00,-9.525133095720130904e-04,-9.525133095720130904e-04,2.081818211267931991e-06,-3.357180856738647701e-06,-3.357180856738647701e-06,-7.610494318322010749e-06
4.513066782268330135e-01,1.453464801340833397e-06,1.040564777119186283e-04,-1.794754919189334356e-05,1.005096677587551834e+00,-1.068581498167979829e-03,-1.068581498167979829e-03,1.453464801340833397e-06,-1.649408439055251080e-05,1.005146159840723419e+00,-1.002605160605769732e-03,-1.002605160605769732e-03,2.063450830226242458e-06,-3.944609888352617037e-06,-3.944609888352617037e-06,-7.669555142293155061e-06
4.536092633198270385e-01,1.442773989479346069e-06,1.030828196333594203e-04,-1.818687781614722649e-05,1.005040972521811682e+00,-1.118101008606092652e-03,-1.118101008606092652e-03,1.442773989479346069e-06,-1.674410382666787915e-05,1.005091204833291618e+00,-1.051124593299421163e-03,-1.051124593299421163e-03,2.044959496502068549e-06,-4.561731213646291564e-06,-4.561731213646291564e-06,-7.727469421266542694e-06
4.559118484128210635e-01,1.432007245093372817e-06,1.021046441883230834e-04,-1.842395386668880069e-05,1.004984810415733953e+00,-1.165927674048500371e-03,-1.165927674048500371e-03,1.432007245093372817e-06,-1.699194662159542808e-05,1.005035786255598751e+00,-1.097959887562118550e-03,-1.097959887562118550e-03,2.026346789408331061e-06,-5.207663362124683250e-06,-5.207663362124683250e-06,-7.784244413940850325e-06
4.582144335058151441e-01,1.421166139976097829e-06,1.011222130638008809e-04,-1.865876767941901634e-05,1.004928202624884026e+00,-1.211954622416650234e-03,-1.211954622416650234e-03,1.421166139976097829e-06,-1.723760153944291915e-05,1.004979915429502269e+00,-1.143004216258878625e-03,-1.143004216258878625e-03,2.007615270622075576e-06,-5.881460335183808839e-06,-5.881460335183808839e-06,-7.839887437517218812e-06
4.605170185988091691e-01,1.410252234354025913e-06,1.001357835912176447e-04,-1.889131017427546415e-05,1.004871160425949927e+00,-1.256080061731449293e-03,-1.256080061731449293e-03,1.410252234354025913e-06,-1.748105793992143993e-05,1.004923603599769732e+00,-1.186155829971763560e-03,-1.186155829971763560e-03,1.988767484086310664e-06,-6.582114345268227271e-06,-6.582114345268227271e-06,-7.894405865031684706e-06
4.628196036918031941e-01,1.399267076835140912e-06,9.914560877918130876e-05,-1.912157284516555141e-05,1.004813695015183805e+00,-1.298207449598630034e-03,-1.298207449598630034e-03,1.399267076835140912e-06,-1.772230576833041176e-05,1.004866861932488753e+00,-1.227318226525308306e-03,-1.227318226525308306e-03,1.969805955917476309e-06,-7.308558661966300764e-06,-7.308558661966300764e-06,-7.947807122741526264e-06
4.651221887847972747e-01,1.388212204360980576e-06,9.815193734679943831e-05,-1.934954774998142349e-05,1.004755817506906013e+00,-1.338245647359145949e-03,-1.338245647359145949e-03,1.388212204360980576e-06,-1.796133554562044313e-05,1.004809701513542874e+00,-1.266400305176664095e-03,-1.266400305176664095e-03,1.950733194318454892e-06,-8.059670556482533089e-06,-8.059670556482533089e-06,-8.000098687564147519e-06
4.674247738777912997e-01,1.377089142162532404e-06,9.715501375753325349e-05,-1.957522750069769132e-05,1.004697538932078471e+00,-1.376109058846425055e-03,-1.376109058846425055e-03,1.377089142162532404e-06,-1.819813835853516040e-05,1.004752133347154075e+00,-1.303316505412284399e-03,-1.303316505412284399e-03,1.931551689496993029e-06,-8.834274335865162023e-06,-8.834274335865162023e-06,-8.051288084568058277e-06
4.697273589707853247e-01,1.365899403719851771e-06,9.615507825355489816e-05,-1.979860525355301167e-05,1.004638870236935544e+00,-1.411717753731825484e-03,-1.411717753731825484e-03,1.365899403719851771e-06,-1.843270584983316117e-05,1.004694168354484995e+00,-1.337986930332492894e-03,-1.337986930332492894e-03,1.912263913589422440e-06,-9.631144458334144453e-06,-9.631144458334144453e-06,-8.101382884514909860e-06
4.720299440637794053e-01,1.354644490725329924e-06,9.515236689058151408e-05,-2.001967469931615056e-05,1.004579822281682411e+00,-1.444997575479639151e-03,-1.444997575479639151e-03,1.354644490725329924e-06,-1.866503020859082190e-05,1.004635817372308226e+00,-1.370337454645275971e-03,-1.370337454645275971e-03,1.892872320589576734e-06,-1.044900872102919808e-05,-1.044900872102919808e-05,-8.150390701452081782e-06
4.743325291567734303e-01,1.343325893050511675e-06,9.414711157315642641e-05,-2.023843005363745129e-05,1.004520405839250285e+00,-1.475880233969692956e-03,-1.475880233969692956e-03,1.343325893050511675e-06,-1.889510416058693920e-05,1.004577091151731993e+00,-1.400299817327345158e-03,-1.400299817327345158e-03,1.873379346282795469e-06,-1.128655151151574527e-05,-1.128655151151574527e-05,-8.198319190355309437e-06
4.766351142497675109e-01,1.331945088716370897e-06,9.313954009034361361e-05,-2.045486604748641862e-05,1.004460631594112918e+00,-1.504303382883953296e-03,-1.504303382883953296e-03,1.331945088716370897e-06,-1.912292095877004815e-05,1.004518000356989127e+00,-1.427811699048873008e-03,-1.427811699048873008e-03,1.853787408184890563e-06,-1.214241711440078891e-05,-1.214241711440078891e-05,-8.245176044819653647e-06
4.789376993427615359e-01,1.320503543866972037e-06,9.212987615181376390e-05,-2.066897791767597809e-05,1.004400510141161496e+00,-1.530210681987070279e-03,-1.530210681987070279e-03,1.320503543866972037e-06,-1.934847437380900754e-05,1.004458555564282873e+00,-1.452816784491834344e-03,-1.452816784491834344e-03,1.834098905485999650e-06,-1.301521306447333332e-05,-1.301521306447333332e-05,-8.290968994798939134e-06
4.812402844357555609e-01,1.309002712746409006e-06,9.111833942429519307e-05,-2.088076139747409163e-05,1.004340051984636162e+00,-1.553551844467259812e-03,-1.553551844467259812e-03,1.309002712746409006e-06,-1.957175868472768178e-05,1.004398767260690439e+00,-1.475264809728349044e-03,-1.475264809728349044e-03,1.814316218999194901e-06,-1.390351353783720084e-05,-1.390351353783720084e-05,-8.335705804393280747e-06
4.835428695287496415e-01,1.297444037678947977e-06,9.010514556835248930e-05,-2.109021270730321380e-05,1.004279267537113718e+00,-1.574282669534324882e-03,-1.574282669534324882e-03,1.297444037678947977e-06,-1.979276866962426519e-05,1.004338645843122491e+00,-1.495111594855827713e-03,-1.495111594855827713e-03,1.794441711113768733e-06,-1.480586277260677718e-05,-1.480586277260677718e-05,-8.379394269681883592e-06
4.858454546217436665e-01,1.285828949052285775e-06,8.909050627548323591e-05,-2.129732854552799195e-05,1.004218167118549276e+00,-1.592365060505341072e-03,-1.592365060505341072e-03,1.285828949052285775e-06,-2.001149959647570596e-05,1.004278201617338606e+00,-1.512319062119438316e-03,-1.512319062119438316e-03,1.774477725753079521e-06,-1.572077851082844701e-05,-1.572077851082844701e-05,-8.422042216603099144e-06
4.881480397147377470e-01,1.274158865303833029e-06,8.807462930549482419e-05,-2.150210607933179303e-05,1.004156760955373429e+00,-1.607767028636512613e-03,-1.607767028636512613e-03,1.274158865303833029e-06,-2.022794721402795831e-05,1.004217444797015579e+00,-1.526855239780400752e-03,-1.526855239780400752e-03,1.754426588336880017e-06,-1.664675545342628256e-05,-1.664675545342628256e-05,-8.463657498879001396e-06
4.904506248077317720e-01,1.262435192909938851e-06,8.705771852414190834e-05,-2.170454293568217566e-05,1.004095059179640037e+00,-1.620462682989657699e-03,-1.620462682989657699e-03,1.262435192909938851e-06,-2.044210774277223553e-05,1.004156385502868343e+00,-1.538694252018568730e-03,-1.538694252018568730e-03,1.734290605748011803e-06,-1.758226872010226337e-05,-1.758226872010226337e-05,-8.504247995984230653e-06
4.927532099007257971e-01,1.250659326377976588e-06,8.603997394100466184e-05,-2.190463719238580203e-05,1.004033071828226209e+00,-1.630432206647845555e-03,-1.630432206647845555e-03,1.250659326377976588e-06,-2.065397786600782650e-05,1.004095033761824185e+00,-1.547816295183814276e-03,-1.547816295183814276e-03,1.714072066303390816e-06,-1.852577730628454059e-05,-1.852577730628454059e-05,-8.543821611159269284e-06
4.950557949937198776e-01,1.238832648241198303e-06,8.502159174757539025e-05,-2.210238736923293210e-05,1.003970808842081119e+00,-1.637661819620426108e-03,-1.637661819620426108e-03,1.238832648241198303e-06,-2.086355472099173295e-05,1.004033399506244040e+00,-1.554207600736459216e-03,-1.554207600736459216e-03,1.693773239729183138e-06,-1.947572752938630966e-05,-1.947572752938630966e-05,-8.582386269465645606e-06
4.973583800867139026e-01,1.226956529056287912e-06,8.400276435554054444e-05,-2.229779241923167613e-05,1.003908280065525904e+00,-1.642143728801778897e-03,-1.642143728801778897e-03,1.226956529056287912e-06,-2.107083589017538864e-05,1.003971492573196400e+00,-1.557860385241077424e-03,-1.557860385241077424e-03,1.673396377140088690e-06,-2.043055645682537359e-05,-2.043055645682537359e-05,-8.619949915883845165e-06
4.996609651797079277e-01,1.215032327403516403e-06,8.298368043523296706e-05,-2.249085171993228001e-05,1.003845495245600850e+00,-1.643876065369751340e-03,-1.643876065369751340e-03,1.215032327403516403e-06,-2.127581939252876509e-05,1.003909322703778528e+00,-1.558772787799636225e-03,-1.558772787799636225e-03,1.652943711022639647e-06,-2.138869530845600634e-05,-2.138869530845600634e-05,-8.656520513452724944e-06
5.019635502727020082e-01,1.203061389889431165e-06,8.196452495423299999e-05,-2.268156506484135542e-05,1.003782464031457655e+00,-1.642862810031415349e-03,-1.642862810031415349e-03,1.203061389889431165e-06,-2.147850367495192511e-05,1.003846899542482518e+00,-1.556948795331607703e-03,-1.556948795331607703e-03,1.632417455222433745e-06,-2.234857282627553230e-05,-2.234857282627553230e-05,-8.692106041449527547e-06
5.042661353656960888e-01,1.191045051151993453e-06,8.094547921609725660e-05,-2.286993265492623419e-05,1.003719195973800105e+00,-1.639113706541665003e-03,-1.639113706541665003e-03,1.191045051151993453e-06,-2.167888760377424074e-05,1.003784232636611318e+00,-1.552398156126568026e-03,-1.552398156126568026e-03,1.611819804935216297e-06,-2.330861860449498832e-05,-2.330861860449498832e-05,-8.726714493609514508e-06
5.065687204586900583e-01,1.178984633868086068e-06,7.992672089920114034e-05,-2.305595509020942670e-05,1.003655700524366923e+00,-1.632644163939176623e-03,-1.632644163939176623e-03,1.178984633868086068e-06,-2.187697045634134021e-05,1.003721331435736053e+00,-1.545136282113811167e-03,-1.545136282113811167e-03,1.591152936701735523e-06,-2.426726637329786976e-05,-2.426726637329786976e-05,-8.760353876385647314e-06
5.088713055516841388e-01,1.166881448763315429e-06,7.890842409566818086e-05,-2.323963336145315375e-05,1.003591987035461708e+00,-1.623475147958483014e-03,-1.623475147958483014e-03,1.166881448763315429e-06,-2.207275191268983790e-05,1.003658205291199756e+00,-1.535184140307723757e-03,-1.535184140307723757e-03,1.570419008406280999e-06,-2.522295722985694018e-05,-2.522295722985694018e-05,-8.793032207246086757e-06
5.111738906446782194e-01,1.154736794624032882e-06,7.789075935037339399e-05,-2.342096884193374862e-05,1.003528064759520166e+00,-1.611633062093158859e-03,-1.611633062093158859e-03,1.154736794624032882e-06,-2.226623204730971531e-05,1.003594863455662178e+00,-1.522568133903920038e-03,-1.522568133903920038e-03,1.549620159278846340e-06,-2.617414281043420424e-05,-2.617414281043420424e-05,-8.824757513009739312e-06
5.134764757376721889e-01,1.142551958311498357e-06,7.687389370000422646e-05,-2.359996327930605469e-05,1.003463942848725088e+00,-1.597149618796002467e-03,-1.597149618796002467e-03,1.142551958311498357e-06,-2.245741132099455633e-05,1.003531315082688113e+00,-1.507319973512024269e-03,-1.507319973512024269e-03,1.528758509900826134e-06,-2.711928839765204835e-05,-2.711928839765204835e-05,-8.855537828219450740e-06
5.157790608306662694e-01,1.130328214778111852e-06,7.585799071215408086e-05,-2.377661878755737816e-05,1.003399630354657068e+00,-1.580061701315094982e-03,-1.580061701315094982e-03,1.130328214778111852e-06,-2.264629057277926737e-05,1.003467569226375478e+00,-1.489476539023978008e-03,-1.489476539023978008e-03,1.507836162214169404e-06,-2.805687595729526189e-05,-2.805687595729526189e-05,-8.885381193550734416e-06
5.180816459236603500e-01,1.118066827085644967e-06,7.484321052444274235e-05,-2.395093783905109751e-05,1.003335136227987423e+00,-1.560411216672929211e-03,-1.560411216672929211e-03,1.118066827085644967e-06,-2.283287101196545190e-05,1.003403634841023351e+00,-1.469079732625067471e-03,-1.469079732625067471e-03,1.486855199533949575e-06,-2.898540709927854757e-05,-2.898540709927854757e-05,-8.914295654257204990e-06
5.203842310166543195e-01,1.105769046425400290e-06,7.382970988364039684e-05,-2.412292325665937404e-05,1.003270469318207958e+00,-1.538244940304985377e-03,-1.538244940304985377e-03,1.105769046425400290e-06,-2.301715421023397523e-05,1.003339520780838656e+00,-1.446176323464049571e-03,-1.446176323464049571e-03,1.465817686564241895e-06,-2.990340595769966464e-05,-2.990340595769966464e-05,-8.942289258650720058e-06
5.226868161096484000e-01,1.093436112140222818e-06,7.281764218478033277e-05,-2.429257820598501437e-05,1.003205638373400932e+00,-1.513614352880341199e-03,-1.513614352880341199e-03,1.093436112140222818e-06,-2.319914209384479049e-05,1.003275235799682363e+00,-1.420817784504962078e-03,-1.420817784504962078e-03,1.444725669417264265e-06,-3.080942198518437427e-05,-3.080942198518437427e-05,-8.969370056615736894e-06
5.249894012026424805e-01,1.081069251748308360e-06,7.180715751025089398e-05,-2.445990618767194267e-05,1.003140652040042102e+00,-1.486575469832295427e-03,-1.486575469832295427e-03,1.081069251748308360e-06,-2.337883693592363304e-05,1.003210788550849886e+00,-1.393060122088600949e-03,-1.393060122088600949e-03,1.423581175635720482e-06,-3.170203265702040087e-05,-3.170203265702040087e-05,-8.995546098158001112e-06
5.272919862956364501e-01,1.068669680968732474e-06,7.079840266884700542e-05,-2.462491102980409304e-05,1.003075518862843296e+00,-1.457188664131074240e-03,-1.457188664131074240e-03,1.068669680968732474e-06,-2.355624134883535950e-05,1.003146187586889893e+00,-1.362963698735732707e-03,-1.362963698735732707e-03,1.402386214218265439e-06,-3.257984608087531077e-05,-3.257984608087531077e-05,-9.020825431986022287e-06
5.295945713886305306e-01,1.056238603748633661e-06,6.979152123476858643e-05,-2.478759688039234923e-05,1.003010247284627177e+00,-1.425518482832659889e-03,-1.425518482832659889e-03,1.056238603748633661e-06,-2.373135827664371472e-05,1.003081441359457093e+00,-1.330593049726084935e-03,-1.330593049726084935e-03,1.381142775648039549e-06,-3.344150350818637810e-05,-3.344150350818637810e-05,-9.045216104124972296e-06
5.318971564816246111e-01,1.043777212291998718e-06,6.878665358655889934e-05,-2.494796819994903370e-05,1.002944845646236205e+00,-1.391633457939610470e-03,-1.391633457939610470e-03,1.043777212291998718e-06,-2.390419098765703520e-05,1.003016558219199217e+00,-1.296016693988982262e-03,-1.296016693988982262e-03,1.359852831924219873e-06,-3.428568174361378609e-05,-3.428568174361378609e-05,-9.068726156563160551e-06
5.341997415746186917e-01,1.031286687089975299e-06,6.778393694595891291e-05,-2.510602975414983080e-05,1.002879322186475575e+00,-1.355605912108701679e-03,-1.355605912108701679e-03,1.031286687089975299e-06,-2.407474306705985529e-05,1.002951546415676853e+00,-1.259306939840462150e-03,-1.259306939840462150e-03,1.338518336596525067e-06,-3.511109544924320507e-05,-3.511109544924320507e-05,-9.091363625928844871e-06
5.365023266676126612e-01,1.018768196952659786e-06,6.678350541667693553e-05,-2.526178660658229367e-05,1.002813685042087899e+00,-1.317511759739740463e-03,-1.317511759739740463e-03,1.018768196952659786e-06,-2.424301840962963346e-05,1.002886414097316825e+00,-1.220539686101221929e-03,-1.220539686101221929e-03,1.317141224802609557e-06,-3.591649934053025499e-05,-3.591649934053025499e-05,-9.113136542198394424e-06
5.388049117606067417e-01,1.006222899042295056e-06,6.578549002305379896e-05,-2.541524411158084672e-05,1.002747942247758761e+00,-1.277430303976148911e-03,-1.277430303976148911e-03,1.006222899042295056e-06,-2.440902121253855103e-05,1.002821169311396421e+00,-1.179794219125994761e-03,-1.179794219125994761e-03,1.295723413308303109e-06,-3.670069027126956395e-05,-3.670069027126956395e-05,-9.134052927434090362e-06
5.411074968536008223e-01,9.936519389078302685e-07,6.479001874861887653e-05,-2.556640790714752827e-05,1.002682101736152687e+00,-1.235444030145198659e-03,-1.235444030145198659e-03,9.936519389078302685e-07,-2.457275596823969927e-05,1.002755820004057385e+00,-1.137153006272239794e-03,-1.137153006272239794e-03,1.274266800550649846e-06,-3.746250920517992872e-05,-3.746250920517992872e-05,-9.154120794551757253e-06
5.434100819465947918e-01,9.810564505207764079e-07,6.379721657452190598e-05,-2.571528390795831386e-05,1.002616171337979090e+00,-1.191638396159664390e-03,-1.191638396159664390e-03,9.810564505207764079e-07,-2.473422745743753597e-05,1.002690374020351438e+00,-1.092701486329914233e-03,-1.092701486329914233e-03,1.252773266683689317e-06,-3.820084307198196391e-05,-3.820084307198196391e-05,-9.173348146117256321e-06
5.457126670395888723e-01,9.684375563123052664e-07,6.280720551782972068e-05,-2.586187829845417688e-05,1.002550158782086642e+00,-1.146101620397544166e-03,-1.146101620397544166e-03,9.684375563123052664e-07,-2.489344074214187310e-05,1.002624839104313104e+00,-1.046527857428976565e-03,-1.046527857428976565e-03,1.231244673626919700e-06,-3.891462650614821667e-05,-3.891462650614821667e-05,-9.191742973170793549e-06
5.480152521325829529e-01,9.557963672115495216e-07,6.182010466968515170e-05,-2.600619752601647294e-05,1.002484071695584511e+00,-1.098924467568707965e-03,-1.098924467568707965e-03,9.557963672115495216e-07,-2.505040115880492448e-05,1.002559222899060964e+00,-9.987228629334881855e-04,-9.987228629334881855e-04,1.209682865116425771e-06,-3.960284346678702026e-05,-3.960284346678702026e-05,-9.209313254079852417e-06
5.503178372255769224e-01,9.431339826850386844e-07,6.083603023330664693e-05,-2.614824829422621440e-05,1.002417917603993347e+00,-1.050200033069598107e-03,-1.050200033069598107e-03,9.431339826850386844e-07,-2.520511431154117635e-05,1.002493532946928001e+00,-9.493795758234335096e-04,-9.493795758234335096e-04,1.188089666758602389e-06,-4.026452873741483948e-05,-4.026452873741483948e-05,-9.226066953418050927e-06
5.526204223185710029e-01,9.304514907772233791e-07,5.985509556183608848e-05,-2.628803755620670314e-05,1.002351703931419369e+00,-1.000023526317915740e-03,-1.000023526317915740e-03,9.304514907772233791e-07,-2.535758606542948114e-05,1.002427776689615690e+00,-8.985931820561977477e-04,-8.985931820561977477e-04,1.166466886086438781e-06,-4.089876930465035878e-05,-4.089876930465035878e-05,-9.242012020872403033e-06
5.549230074115650835e-01,9.177499681520553433e-07,5.887741119600953943e-05,-2.642557250804868121e-05,1.002285438000755979e+00,-9.484920535493564621e-04,-9.484920535493564621e-04,9.177499681520553433e-07,-2.550782253989662554e-05,1.002361961468375640e+00,-8.464607633897699599e-04,-8.464607633897699599e-04,1.144816312618335023e-06,-4.150470561513951373e-05,-4.150470561513951373e-05,-9.257156390175045769e-06
5.572255925045590530e-01,9.050304801355544338e-07,5.790308490165301393e-05,-2.656086058231783010e-05,1.002219127033909585e+00,-8.957044005476982960e-04,-8.957044005476982960e-04,9.050304801355544338e-07,-2.565583010218227492e-05,1.002296094524216086e+00,-7.930810801389691963e-04,-7.930810801389691963e-04,1.123139717919392077e-06,-4.208153271029818827e-05,-4.208153271029818827e-05,-9.271507978061270142e-06
5.595281775975531335e-01,8.922940807593288613e-07,5.693222170699619621e-05,-2.669390944164385279e-05,1.002152778152048507e+00,-8.417608157679181595e-04,-8.417608157679181595e-04,8.922940807593288613e-07,-2.580161536088452457e-05,1.002230182998131269e+00,-7.385543543243800477e-04,-7.385543543243800477e-04,1.101438855665148051e-06,-4.262850123871712334e-05,-4.262850123871712334e-05,-9.285074683253081594e-06
5.618307626905472141e-01,8.795418128050107510e-07,5.596492393978689682e-05,-2.682472697239060333e-05,1.002086398375877874e+00,-7.867627942999584753e-04,-7.867627942999584753e-04,8.795418128050107510e-07,-2.594518515958559396e-05,1.002164233931356563e+00,-6.829820536616161130e-04,-6.829820536616161130e-04,1.079715461707738679e-06,-4.314491834634234986e-05,-4.314491834634234986e-05,-9.297864385465997965e-06
5.641333477835411836e-01,8.667747078495522881e-07,5.500129126421298158e-05,-2.695332127840670142e-05,1.002019994625932275e+00,-7.308128631075175947e-04,-7.308128631075175947e-04,8.667747078495522881e-07,-2.608654657055714882e-05,1.002098254265644028e+00,-6.264666768252889588e-04,-6.264666768252889588e-04,1.057971254144422492e-06,-4.363014844478724517e-05,-4.363014844478724517e-05,-9.309884944441360093e-06
5.664359328765352641e-01,8.539937863113484616e-07,5.404142071761290151e-05,-2.707970067485623576e-05,1.001953573722895507e+00,-6.740143679629558016e-04,-6.740143679629558016e-04,8.539937863113484616e-07,-2.622570688854488857e-05,1.002032250843561068e+00,-5.691115404087762879e-04,-5.691115404087762879e-04,1.036207933388456938e-06,-4.408361385839098970e-05,-4.408361385839098970e-05,-9.321144199001134525e-06
5.687385179695293447e-01,8.412000574971510431e-07,5.308540674697542674e-05,-2.720387368212888172e-05,1.001887142387937191e+00,-6.164712624850696501e-04,-6.164712624850696501e-04,8.412000574971510431e-07,-2.636267362463173163e-05,1.001966230408811054e+00,-5.110205679865427236e-04,-5.110205679865427236e-04,1.014427182242302146e-06,-4.450479535086071910e-05,-4.450479535086071910e-05,-9.331649966126092640e-06
5.710411030625233142e-01,8.283945196497258365e-07,5.213334124522190976e-05,-2.732584901982897612e-05,1.001820707243072484e+00,-5.582878996719097551e-04,-5.582878996719097551e-04,8.283945196497258365e-07,-2.649745450017924965e-05,1.001900199606573061e+00,-4.522980816711927700e-04,-4.522980816711927700e-04,9.926306659730979118e-07,-4.489323253258316668e-05,-4.489323253258316668e-05,-9.341410040056908796e-06
5.733436881555173947e-01,8.155781599962324476e-07,5.118531358726086626e-05,-2.744563560084308136e-05,1.001754274811540890e+00,-4.995688263056829873e-04,-4.995688263056829873e-04,8.155781599962324476e-07,-2.663005744084684913e-05,1.001834164983863351e+00,-3.930485965422956043e-04,-3.930485965422956043e-04,9.708200323904187844e-07,-4.524852414989682318e-05,-4.524852414989682318e-05,-9.350432191416644355e-06
5.756462732485114753e-01,8.027519547972711968e-07,5.024141066581633714e-05,-2.756324252548569357e-05,1.001687851518201722e+00,-4.404185805911538590e-04,-4.404185805911538590e-04,8.027519547972711968e-07,-2.676049057068842279e-05,1.001768132989913740e+00,-3.333766183084001678e-04,-3.333766183084001678e-04,9.489969119262576914e-07,-4.557032825784470621e-05,-4.557032825784470621e-05,-9.358724166355650989e-06
5.779488583415055558e-01,7.899168693965926246e-07,4.930171692701548313e-05,-2.767867907572235585e-05,1.001621443689952429e+00,-3.809414933731751973e-04,-3.809414933731751973e-04,7.899168693965926246e-07,-2.688876220632576238e-05,1.001702109976571498e+00,-2.733864445478721749e-04,-2.733864445478721749e-04,9.271629177172345105e-07,-4.585836227812243199e-05,-4.585836227812243199e-05,-9.366293685716443624e-06
5.802514434344995253e-01,7.770738582714058486e-07,4.836631440574302174e-05,-2.779195470947011935e-05,1.001555057556161366e+00,-3.212414932625434370e-04,-3.212414932625434370e-04,7.770738582714058486e-07,-2.701488085119871266e-05,1.001636102198715017e+00,-2.131819698577486135e-04,-2.131819698577486135e-04,9.053196456889825738e-07,-4.611240294413983465e-05,-4.611240294413983465e-05,-9.373148444220816473e-06
5.825540285274936059e-01,7.642238650832797380e-07,4.743528276074444774e-05,-2.790307905497516549e-05,1.001488699249117875e+00,-2.614219159830108658e-04,-2.614219159830108658e-04,7.642238650832797380e-07,-2.713885518989188702e-05,1.001570115814687467e+00,-1.528664952234433177e-04,-1.528664952234433177e-04,8.834686746427247523e-07,-4.633228613530059633e-05,-4.633228613530059633e-05,-9.379296109675951243e-06
5.848566136204876864e-01,7.513678227296019651e-07,4.650869930948225213e-05,-2.801206190526669854e-05,1.001422374804500137e+00,-2.015853182355291850e-04,-2.015853182355291850e-04,7.513678227296019651e-07,-2.726069408253709774e-05,1.001504156886747765e+00,-9.254254190538079407e-05,-9.254254190538079407e-05,8.616115663439945458e-07,-4.651790660277952506e-05,-4.651790660277952506e-05,-9.384744322200754181e-06
5.871591987134816559e-01,7.385066533955645935e-07,4.558663906273869524e-05,-2.811891321268753527e-05,1.001356090161859891e+00,-1.418332963587265493e-04,-1.418332963587265493e-04,7.385066533955645935e-07,-2.738040655929197163e-05,1.001438231381537758e+00,-3.231167012155866278e-05,-3.231167012155866278e-05,8.397498656134922247e-07,-4.666921758925399774e-05,-4.666921758925399774e-05,-9.389500693471739253e-06
5.894617838064757365e-01,7.256412686066499453e-07,4.466917475895818159e-05,-2.822364308350099540e-05,1.001289851165118483e+00,-8.226631004777230189e-05,-8.226631004777230189e-05,7.256412686066499453e-07,-2.749800181489434482e-05,1.001372345170563172e+00,2.772569721180507738e-05,2.772569721180507738e-05,8.178851004200533662e-07,-4.678623034519675610e-05,-4.678623034519675610e-05,-9.393572805987449487e-06
5.917643688994698170e-01,7.127725692816066889e-07,4.375637689832828783e-05,-2.832626177257410621e-05,1.001223663563082900e+00,-2.298351137645221736e-05,-2.298351137645221736e-05,7.127725692816066889e-07,-2.761348920329250069e-05,1.001306504030692768e+00,8.747044543671778538e-05,8.747044543671778538e-05,7.960187819757334912e-07,-4.686901354449807792e-05,-4.686901354449807792e-05,-9.396968212351402923e-06
5.940669539924637865e-01,6.999014457858769712e-07,4.284831377659814269e-05,-2.842677967813698266e-05,1.001157533009971567e+00,3.591742064975195778e-05,3.591742064975195778e-05,6.999014457858769712e-07,-2.772687823235110558e-05,1.001240713644668601e+00,1.468249335791563801e-04,1.468249335791563801e-04,7.741524048329575550e-07,-4.691769260231452176e-05,-4.691769260231452176e-05,-9.399694434573900299e-06
5.963695390854578671e-01,6.870287779854447374e-07,4.194505151861797725e-05,-2.852520733661918914e-05,1.001091465065956143e+00,9.434043979932223991e-05,9.434043979932223991e-05,6.870287779854447374e-07,-2.783817855863374334e-05,1.001174979601632042e+00,2.056931540338572133e-04,2.056931540338572133e-04,7.522874469837347161e-07,-4.693244889818732295e-05,-4.693244889818732295e-05,-9.401758963389845040e-06
5.986721241784519476e-01,6.741554353011485423e-07,4.104665411161633891e-05,-2.862155541756226986e-05,1.001025465197717290e+00,1.521912863853386007e-04,1.521912863853386007e-04,6.741554353011485423e-07,-2.794739998226112036e-05,1.001109307397664017e+00,2.639808863143830822e-04,2.639808863143830822e-04,7.304253699609617831e-07,-4.691351890757836080e-05,-4.691351890757836080e-05,-9.403169257595592697e-06
6.009747092714459171e-01,6.612822767633329634e-07,4.015318343819136064e-05,-2.871583471861029438e-05,1.000959538779009339e+00,2.093776349255184227e-04,2.093776349255184227e-04,6.612822767633329634e-07,-2.805455244184696057e-05,1.001043702436334781e+00,3.215958446929062650e-04,3.215958446929062650e-04,7.085676189417043769e-07,-4.686119324510191109e-05,-4.686119324510191109e-05,-9.403932743401489122e-06
6.032772943644399977e-01,6.484101510669303060e-07,3.926469930902615495e-05,-2.880805616057761860e-05,1.000893691091241822e+00,2.658092355318477035e-04,2.658092355318477035e-04,6.484101510669303060e-07,-2.815964600951068893e-05,1.000978170029270364e+00,3.784478195698904321e-04,3.784478195698904321e-04,6.867156228525325717e-07,-4.677581562281601588e-05,-4.677581562281601588e-05,-9.404056813801300185e-06
6.055798794574340782e-01,6.355398966268839807e-07,3.838125949531854088e-05,-2.889823078259589424e-05,1.000827927324068556e+00,3.213980488879313838e-04,3.213980488879313838e-04,6.355398966268839807e-07,-2.826269088596901111e-05,1.000912715396726549e+00,4.344488124318074147e-04,4.344488124318074147e-04,6.648707944768382751e-07,-4.665778172704514707e-05,-4.665778172704514707e-05,-9.403548827957730022e-06
6.078824645504281587e-01,6.226723416339458464e-07,3.750291976091974416e-05,-2.898636973734021482e-05,1.000762252575991162e+00,3.760583746881291799e-04,3.760583746881291799e-04,6.226723416339458464e-07,-2.836369739570627046e-05,1.000847343668178180e+00,4.895131642709542753e-04,4.895131642709542753e-04,6.430345305641284192e-07,-4.650753801727831893e-05,-4.650753801727831893e-05,-9.402416110602603128e-06
6.101850496434221283e-01,6.098083041108120475e-07,3.662973389419293935e-05,-2.907248428633633293e-05,1.000696671854969022e+00,4.297069734294546865e-04,4.297069734294546865e-04,6.098083041108120475e-07,-2.846267598222552056e-05,1.000782059882915798e+00,5.435576773583567552e-04,5.435576773583567552e-04,6.212082119412711967e-07,-4.632558045076839775e-05,-4.632558045076839775e-05,-9.400665951454783312e-06
6.124876347364162088e-01,5.969485919685830546e-07,3.576175373956126305e-05,-2.915658579535038524e-05,1.000631190079046107e+00,4.822631814633723509e-04,4.822631814633723509e-04,5.969485919685830546e-07,-2.855963720338180060e-05,1.000716868990656261e+00,5.965017302768995397e-04,5.965017302768995397e-04,5.993932036256507695e-07,-4.611245313652126117e-05,-4.611245313652126117e-05,-9.398305604649730892e-06
6.147902198294102893e-01,5.840940030635726814e-07,3.489902922877463246e-05,-2.923868572986229087e-05,1.000565812076978700e+00,5.336490192303452616e-04,5.336490192303452616e-04,5.840940030635726814e-07,-2.865459172679871809e-05,1.000651775852159142e+00,6.482673861375401339e-04,6.482673861375401339e-04,5.775908549402318237e-07,-4.586874692241722882e-05,-4.586874692241722882e-05,-9.395342288187001736e-06
6.170928049224042589e-01,5.712453252544276459e-07,3.404160841185965841e-05,-2.931879565062542846e-05,1.000500542588881103e+00,5.837892926161743776e-04,5.837892926161743776e-04,5.712453252544276459e-07,-2.874755032537100208e-05,1.000586785239857113e+00,6.987794939176583588e-04,6.987794939176583588e-04,5.558024996304621867e-07,-4.559509791925960085e-05,-4.559509791925960085e-05,-9.391783183388862768e-06
6.193953900153983394e-01,5.584033364595684743e-07,3.318953748777689160e-05,-2.939692720931468591e-05,1.000435386266874005e+00,6.326116873840051218e-04,6.326116873840051218e-04,5.584033364595684743e-07,-2.883852387285511733e-05,1.000521901838492544e+00,7.479657828754255776e-04,7.479657828754255776e-04,5.340294559829849181e-07,-4.529218596557665709e-05,-4.529218596557665709e-05,-9.387635434375568604e-06
6.216979751083924199e-01,5.455688047149478307e-07,3.234286083475566094e-05,-2.947309214426560011e-05,1.000370347675745508e+00,6.800468566514124725e-04,6.800468566514124725e-04,5.455688047149478307e-07,-2.892752333955065324e-05,1.000457130245764104e+00,7.957569500096151396e-04,7.957569500096151396e-04,5.122730269461086299e-07,-4.496073303704077275e-05,-4.496073303704077275e-05,-9.382906147551305735e-06
6.240005602013863895e-01,5.327424882321382369e-07,3.150162104033376502e-05,-2.954730227630825243e-05,1.000305431293617042e+00,7.260285013960943298e-04,7.260285013960943298e-04,5.327424882321382369e-07,-2.901455978807611293e-05,1.000392474972981338e+00,8.420867405483987815e-04,8.420867405483987815e-04,4.905345002519915649e-07,-4.460150160438152068e-05,-4.460150160438152068e-05,-9.377602391107548303e-06
6.263031452943804700e-01,5.199251354567198528e-07,3.066585893105879082e-05,-2.961956950469857311e-05,1.000240641512619488e+00,7.704934439887015140e-04,7.704934439887015140e-04,5.199251354567198528e-07,-2.909964436924185368e-05,1.000327940445727259e+00,8.868920214656688880e-04,8.868920214656688880e-04,4.688151485404138103e-07,-4.421529294368987733e-05,-4.421529294368987733e-05,-9.371731194534884220e-06
6.286057303873745505e-01,5.071174851270251766e-07,2.983561360187938786e-05,-2.968990580315196035e-05,1.000175982639574856e+00,8.133816947643071312e-04,8.133816947643071312e-04,5.071174851270251766e-07,-2.918278831802493549e-05,1.000263531004528916e+00,9.301128480364069138e-04,9.301128480364069138e-04,4.471162294841335148e-07,-4.380294540300873883e-05,-4.380294540300873883e-05,-9.365299548150076014e-06
6.309083154803685201e-01,4.943202663331917462e-07,2.901092244521044484e-05,-2.975832321598369007e-05,1.000111458896686845e+00,8.546365116584938746e-04,8.546365116584938746e-04,4.943202663331917462e-07,-2.926400294965049938e-05,1.000199250905535742e+00,9.716925234570958315e-04,9.716925234570958315e-04,4.254389859156568044e-07,-4.336533262910897182e-05,-4.336533262910897182e-05,-9.358314402636257461e-06
6.332109005733626006e-01,4.815341985765840418e-07,2.819182117965905333e-05,-2.982483385436093394e-05,1.000047074422236726e+00,8.942044529461002289e-04,8.942044529461002289e-04,4.815341985765840418e-07,-2.934329965578435086e-05,1.000135104321204116e+00,1.011577651569237632e-03,1.011577651569237632e-03,4.037846459553558036e-07,-4.290336175833194828e-05,-4.290336175833194828e-05,-9.350782668593547037e-06
6.355134856663566811e-01,4.687599918295599716e-07,2.737834387841991512e-05,-2.988944989267263374e-05,9.999828332712864531e-01,9.320354231340215309e-04,9.320354231340215309e-04,4.687599918295599716e-07,-2.942068990084307435e-05,1.000071095340989036e+00,1.049718182737393842e-03,1.049718182737393842e-03,3.821544231407706500e-07,-4.241797157536852898e-05,-4.241797157536852898e-05,-9.342711216103611992e-06
6.378160707593506507e-01,4.559983465956263050e-07,2.657052299731884465e-05,-2.995218356502392669e-05,9.999187394163878695e-01,9.680827120710473006e-04,9.680827120710473006e-04,4.559983465956263050e-07,-2.949618521842829895e-05,1.000007227972043111e+00,1.086067452944760496e-03,1.086067452944760496e-03,3.605495165569686060e-07,-4.191013064381486847e-05,-4.191013064381486847e-05,-9.334106874304378190e-06
6.401186558523447312e-01,4.432499539699892460e-07,2.576838940251736682e-05,-3.001304716186153576e-05,9.998547967482964705e-01,1.002303027349620793e-03,1.002303027349620793e-03,4.432499539699892460e-07,-2.956979720789154614e-05,9.999435061399201130e-01,1.120582216181187059e-03,1.120582216181187059e-03,3.389711109677506274e-07,-4.138083541231369483e-05,-4.138083541231369483e-05,-9.324976430979054810e-06
6.424212409453388117e-01,4.305154957005139653e-07,2.497197239785174549e-05,-3.007205302673929639e-05,9.997910090766937152e-01,1.034656520085568262e-03,1.034656520085568262e-03,4.305154957005139653e-07,-2.964153753103878369e-05,9.998799336892868483e-01,1.153222670209723411e-03,1.153222670209723411e-03,3.174203769475109934e-07,-4.083110830005421635e-05,-4.083110830005421635e-05,-9.315326632155211621e-06
6.447238260383327813e-01,4.177956442491504766e-07,2.418129975180930238e-05,-3.012921355323166671e-05,9.997273801309122243e-01,1.065106804172250617e-03,1.065106804172250617e-03,4.177956442491504766e-07,-2.971141790898251586e-05,9.998165143846391434e-01,1.183952475808180667e-03,1.183952475808180667e-03,2.958984710135190247e-07,-4.026199576535381230e-05,-4.026199576535381230e-05,-9.305164181715843482e-06
6.470264111313268618e-01,4.050910628538220990e-07,2.339639772414245649e-05,-3.018454118200565998e-05,9.996639135606673054e-01,1.093620969116196372e-03,1.093620969116196372e-03,4.050910628538220990e-07,-2.977945011915183836e-05,9.997532519110247096e-01,1.212738769592803644e-03,1.212738769592803644e-03,2.744065357583260031e-07,-3.967456636099829477e-05,-3.967456636099829477e-05,-9.294495741024719196e-06
6.493289962243209423e-01,3.924024055908327269e-07,2.261729109208817501e-05,-3.023804839806152977e-05,9.996006129367932536e-01,1.120169586570402996e-03,1.120169586570402996e-03,3.924024055908327269e-07,-2.984564599247069720e-05,9.996901498747706727e-01,1.239552170540285771e-03,1.239552170540285771e-03,2.529456999819994027e-07,-3.906990877995662363e-05,-3.906990877995662363e-05,-9.283327928560412457e-06
6.516315813173150229e-01,3.797303174378289594e-07,2.184400317621393349e-05,-3.028974772815389339e-05,9.995374817519848687e-01,1.144726710691213768e-03,1.144726710691213768e-03,3.797303174378289594e-07,-2.991001741071606406e-05,9.996272118042169863e-01,1.264366780334078011e-03,1.264366780334078011e-03,2.315170788238207368e-07,-3.844912989502648817e-05,-3.844912989502648817e-05,-9.271667319566160450e-06
6.539341664103089924e-01,3.670754343373439828e-07,2.107655586585544338e-05,-3.033965173840552832e-05,9.994745234215436369e-01,1.167269872452724724e-03,1.167269872452724724e-03,3.670754343373439828e-07,-2.997257630406818487e-05,9.995644411504558402e-01,1.287160177668997436e-03,1.287160177668997436e-03,2.101217738930191113e-07,-3.781335279589571310e-05,-3.781335279589571310e-05,-9.259520445710079975e-06
6.562367515033030729e-01,3.544383832609895389e-07,2.031496964415403114e-05,-3.038777303212820716e-05,9.994117412841285741e-01,1.187780068061434786e-03,1.187780068061434786e-03,3.544383832609895389e-07,-3.003333464886721646e-05,9.995018412880751768e-01,1.307913406656903638e-03,1.307913406656903638e-03,1.887608733981053474e-07,-3.716371482703654877e-05,-3.716371482703654877e-05,-9.246893794760238828e-06
6.585393365962971535e-01,3.418197822743482835e-07,1.955926361267127679e-05,-3.043412424786391695e-05,9.993491386025118439e-01,1.206241741620766791e-03,1.206241741620766791e-03,3.418197822743482835e-07,-3.009230446558956994e-05,9.994394155159086468e-01,1.326610959483125098e-03,1.326610959483125098e-03,1.674354522742785479e-07,-3.650136562976664505e-05,-3.650136562976664505e-05,-9.233793810271993924e-06
6.608419216892911230e-01,3.292202406025840062e-07,1.880945551558246704e-05,-3.047871805766269894e-05,9.992867185643385941e-01,1.222642762202931109e-03,1.222642762202931109e-03,3.292202406025840062e-07,-3.014949781706011557e-05,9.993771670577897837e-01,1.343240753471171625e-03,1.343240753471171625e-03,1.461465723082763715e-07,-3.582746519173309014e-05,-3.582746519173309014e-05,-9.220226891291682223e-06
6.631445067822852035e-01,3.166403586969052877e-07,1.806556176342045676e-05,-3.052156716561346651e-05,9.992244842828922335e-01,1.236974395491448895e-03,1.236974395491448895e-03,3.166403586969052877e-07,-3.020492680691655942e-05,9.993150990633129505e-01,1.357794102719115173e-03,1.357794102719115173e-03,1.248952822601039111e-07,-3.514318190698752551e-05,-3.514318190698752551e-05,-9.206199392072661412e-06
6.654470918752792841e-01,3.040807283018629027e-07,1.732759745638417603e-05,-3.056268430664374258e-05,9.991624387978628175e-01,1.249231270164351997e-03,1.249231270164351997e-03,3.040807283018629027e-07,-3.025860357834187894e-05,9.992532146085978395e-01,1.370265684477719580e-03,1.370265684477719580e-03,1.036826179808071665e-07,-3.444969064973011627e-05,-3.444969064973011627e-05,-9.191717621811094915e-06
6.677496769682732536e-01,2.915419325236108822e-07,1.659557640717535323e-05,-3.060208224560751692e-05,9.991005850761217610e-01,1.259411339193217344e-03,1.259411339193217344e-03,2.915419325236108822e-07,-3.031054031308390599e-05,9.991915166970609663e-01,1.380653500445552968e-03,1.380653500445552968e-03,8.250960252556152504e-08,-3.374817086470844571e-05,-3.374817086470844571e-05,-9.176787844396446479e-06
6.700522620612673341e-01,2.790245458991752261e-07,1.586951116336902113e-05,-3.063977377667827928e-05,9.990389260124998838e-01,1.267515836238431674e-03,1.267515836238431674e-03,2.790245458991752261e-07,-3.036074923077910660e-05,9.991300082601922705e-01,1.388958833161548032e-03,1.388958833161548032e-03,6.137724626114598830e-08,-3.303980467715840187e-05,-3.303980467715840187e-05,-9.161416278181881730e-06
6.723548471542614147e-01,2.665291344668323359e-07,1.514941302929769386e-05,-3.067577172306562588e-05,9.989774644305714490e-01,1.273549227325669045e-03,1.273549227325669045e-03,2.665291344668323359e-07,-3.040924258859879561e-05,9.990686921583372682e-01,1.395186197680064241e-03,1.395186197680064241e-03,4.028654696686550698e-08,-3.232577502507605094e-05,-3.232577502507605094e-05,-9.145609095773472166e-06
6.746574322472553842e-01,2.540562558376455000e-07,1.443529208744796637e-05,-3.071008893707432132e-05,9.989162030834418671e-01,1.277519157992466079e-03,1.277519157992466079e-03,2.540562558376455000e-07,-3.045603268123667513e-05,9.990075711814855319e-01,1.399343288717412766e-03,1.399343288717412766e-03,1.923848992782176225e-08,-3.160726381650647975e-05,-3.160726381650647975e-05,-9.129372423842468939e-06
6.769600173402494647e-01,2.416064592682681164e-07,1.372715721935854012e-05,-3.074273830052283451e-05,9.988551446545410606e-01,1.279436396097617277e-03,1.279436396097617277e-03,2.416064592682681164e-07,-3.050113184125456629e-05,9.989466480500648338e-01,1.401440923462635461e-03,1.401440923462635461e-03,-1.765951980576074033e-09,-3.088545011443034720e-05,-3.088545011443034720e-05,-9.112712342961464660e-06
6.792626024332435453e-01,2.291802857351139740e-07,1.302501612600302398e-05,-3.077373272553781493e-05,9.987942917584231584e-01,1.279314770488853854e-03,1.279314770488853854e-03,2.291802857351139740e-07,-3.054455243980270233e-05,9.988859254157426149e-01,1.401492980248064636e-03,1.401492980248064636e-03,-2.272581821806851584e-08,-3.016150835172305304e-05,-3.016150835172305304e-05,-9.095634887464018015e-06
6.815651875262376258e-01,2.167782680099363351e-07,1.232887534766709378e-05,-3.080308515574059600e-05,9.987336469415700746e-01,1.277171105727340850e-03,1.277171105727340850e-03,2.167782680099363351e-07,-3.058630688773065635e-05,9.988254058622332288e-01,1.399516333278263448e-03,1.399516333278263448e-03,-4.364016051631679161e-08,-2.943660657855232422e-05,-2.943660657855232422e-05,-9.078146045334226083e-06
6.838677726192315953e-01,2.044009307369383734e-07,1.163874028331284120e-05,-3.083080856783829572e-05,9.986732126832011947e-01,1.273025153069146228e-03,1.273025153069146228e-03,2.044009307369383734e-07,-3.062640763710135515e-05,9.987650919061125121e-01,1.395530783617551568e-03,1.395530783617551568e-03,-6.450804282830706495e-08,-2.871190474447112118e-05,-2.871190474447112118e-05,-9.060251758127120178e-06
6.861703577122256759e-01,1.920487905114797407e-07,1.095461520941898031e-05,-3.085691597362885203e-05,9.986129913960902771e-01,1.266899517906092511e-03,1.266899517906092511e-03,1.920487905114797407e-07,-3.066486718311737099e-05,9.987049859976396826e-01,1.389558986638562022e-03,1.389558986638562022e-03,-8.532854129182910692e-08,-2.798855301734936226e-05,-2.798855301734936226e-05,-9.041957920919554877e-06
6.884729428052197564e-01,1.797223559605262204e-07,1.027650329832305126e-05,-3.088142042242647116e-05,9.985529854273871297e-01,1.258819583869103236e-03,1.258819583869103236e-03,1.797223559605262204e-07,-3.070169806646594254e-05,9.986450905215865648e-01,1.381626376134967088e-03,1.381626376134967088e-03,-1.061007442083920247e-07,-2.726769014117998472e-05,-2.726769014117998472e-05,-9.023270382299218619e-06
6.907755278982137259e-01,1.674221278248056771e-07,9.604406636055060357e-06,-3.090433500390649964e-05,9.984931970594468353e-01,1.248813433798418937e-03,1.248813433798418937e-03,1.674221278248056771e-07,-3.073691287608169137e-05,9.985854077980750310e-01,1.371761085302745757e-03,1.371761085302745757e-03,-1.268237520391646313e-07,-2.655044183467727894e-05,-2.655044183467727894e-05,-9.004194944390102285e-06
6.930781129912078065e-01,1.551485990428190074e-07,8.938326239700134177e-06,-3.092567285137284367e-05,9.984336285106648612e-01,1.236911767784984939e-03,1.236911767784984939e-03,1.551485990428190074e-07,-3.077052425233002254e-05,9.985259400834218813e-01,1.359993864794305056e-03,1.359993864794305056e-03,-1.474966774192847038e-07,-2.583791923248532688e-05,-2.583791923248532688e-05,-8.984737362924385197e-06
6.953806980842018870e-01,1.429022548367857938e-07,8.278262074275932278e-06,-3.094544714542158315e-05,9.983742819363212728e-01,1.223147818487659976e-03,1.223147818487659976e-03,1.429022548367857938e-07,-3.080254489058479521e-05,9.984666895709930490e-01,1.346357998049999265e-03,1.346357998049999265e-03,-1.681186451918667607e-07,-2.513121737068114086e-05,-2.513121737068114086e-05,-8.964903347350750300e-06
6.976832831771958565e-01,1.306835728004635159e-07,7.624213069199742723e-06,-3.096367111799506788e-05,9.983151594294292774e-01,1.207557263930003665e-03,1.207557263930003665e-03,1.306835728004635159e-07,-3.083298754519460524e-05,9.984076583920649117e-01,1.330889214110782086e-03,1.330889214110782086e-03,-1.886887924631207858e-07,-2.443141371817181257e-05,-2.443141371817181257e-05,-8.944698560998439195e-06
6.999858682701899371e-01,1.184930229890183023e-07,6.976177134348505429e-06,-3.098035805678515399e-05,9.982562630215947586e-01,1.190178137979825334e-03,1.190178137979825334e-03,1.184930229890183023e-07,-3.086186503379613450e-05,9.983488486166961495e-01,1.313625598115009899e-03,1.313625598115009899e-03,-2.092062686795018411e-07,-2.373956675545299777e-05,-2.373956675545299777e-05,-8.924128621287057123e-06
7.022884533631840176e-01,1.063310680107916592e-07,6.334151175763233309e-06,-3.099552130995199056e-05,9.981975946838802516e-01,1.171050738713120924e-03,1.171050738713120924e-03,1.063310680107916592e-07,-3.088919024194120044e-05,9.982902622546060423e-01,1.294607499680885780e-03,1.294607499680885780e-03,-2.296702357279889748e-07,-2.305671460210251901e-05,-2.305671460210251901e-05,-8.903199099989102353e-06
7.045910384561779871e-01,9.419816312106962515e-08,5.698131111073985374e-06,-3.100917429110008070e-05,9.981391563276795775e-01,1.150217534862461649e-03,1.150217534862461649e-03,9.419816312106962515e-08,-3.091497612797901334e-05,9.982319012560635363e-01,1.273877439374377675e-03,1.273877439374377675e-03,-2.500798680599655628e-07,-2.238387369426584613e-05,-2.238387369426584613e-05,-8.881915523550398746e-06
7.068936235491720677e-01,8.209475631775610847e-08,5.068111884684762752e-06,-3.102133048444670043e-05,9.980809498055994711e-01,1.127723070547832730e-03,1.127723070547832730e-03,8.209475631775610847e-08,-3.093923572812894146e-05,9.981737675127838605e-01,1.251480013460348414e-03,1.251480013460348414e-03,-2.704343528390331226e-07,-2.172203751328961725e-05,-2.172203751328961725e-05,-8.860283373463855822e-06
7.091962086421661482e-01,7.002128843887408221e-08,4.444087482819042377e-06,-3.103200345010459922e-05,9.980229769123475370e-01,1.103613868485284156e-03,1.103613868485284156e-03,7.002128843887408221e-08,-3.096198216166572826e-05,9.981158628588325810e-01,1.227461797131947042e-03,1.227461797131947042e-03,-2.907328901126153711e-07,-2.107217536655899286e-05,-2.107217536655899286e-05,-8.838308086704420175e-06
7.114987937351601177e-01,5.797819326177025501e-08,3.826050948483926899e-06,-3.104120682937968283e-05,9.979652393856308645e-01,1.077938331866206681e-03,1.077938331866206681e-03,5.797819326177025501e-08,-3.098322863611790973e-05,9.980581890715392035e-01,1.201871246410678292e-03,1.201871246410678292e-03,-3.109746930066950693e-07,-2.043523122148518904e-05,-2.043523122148518904e-05,-8.815995056216597146e-06
7.138013788281541983e-01,4.596589760387802446e-08,3.213994396487296844e-06,-3.104895434997894462e-05,9.979077389070588611e-01,1.050746645096593953e-03,1.050746645096593953e-03,4.596589760387802446e-08,-3.100298845237506399e-05,9.980007478724159942e-01,1.174758598906094128e-03,1.174758598906094128e-03,-3.311589879424860299e-07,-1.981212259350336174e-05,-1.981212259350336174e-05,-8.793349631464824034e-06
7.161039639211482788e-01,3.398482142485730901e-08,2.607909028574089053e-06,-3.105525983100103452e-05,9.978504771030556331e-01,1.022090673582523764e-03,1.022090673582523764e-03,3.398482142485730901e-08,-3.102127500957617390e-05,9.979435409280843494e-01,1.146175773620828351e-03,1.146175773620828351e-03,-3.512850148731219688e-07,-1.920373948883412219e-05,-1.920373948883412219e-05,-8.770377119032922087e-06
7.184065490141422483e-01,2.203537792977117469e-08,2.007785148834901301e-06,-3.106013718758314962e-05,9.977934555457764754e-01,9.920238627437471830e-04,9.920238627437471830e-04,2.203537792977117469e-08,-3.103810180965337610e-05,9.978865698512053850e-01,1.116176269982360660e-03,1.116176269982360660e-03,-3.713520275380246816e-07,-1.861094340268346715e-05,-1.861094340268346715e-05,-8.747082783283457441e-06
7.207091341071363289e-01,1.011797367312969117e-08,1.413612179459770470e-06,-3.106360043504344536e-05,9.977366757540305775e-01,9.606011364339163026e-04,9.606011364339163026e-04,1.011797367312969117e-08,-3.105348246137031590e-05,9.978298362014147438e-01,1.084815066279397593e-03,1.084815066279397593e-03,-3.913592937314060759e-07,-1.803456637344602720e-05,-1.803456637344602720e-05,-8.723471847055670861e-06
7.230117192001304094e-01,-1.766991336617850473e-09,8.253786769894779598e-07,-3.106566369238100955e-05,9.976801391942088371e-01,9.278787949409602080e-04,9.278787949409602080e-04,-1.766991336617850473e-09,-3.106743068371762461e-05,9.977733414862599570e-01,1.052148517675830734e-03,1.052148517675830734e-03,-4.113060955811306880e-07,-1.747541009341294093e-05,-1.747541009341294093e-05,-8.699549492409519949e-06
7.253143042931244899e-01,-1.361912353257589690e-08,2.430723491749735181e-07,-3.106634118496401294e-05,9.976238472812120062e-01,8.939144127368244203e-04,8.939144127368244203e-04,-1.361912353257589690e-08,-3.107996030849658679e-05,9.977170871621374726e-01,1.018234253970810767e-03,1.018234253970810767e-03,-4.311917298331427290e-07,-1.693424507637916756e-05,-1.693424507637916756e-05,-8.675320861403712787e-06
7.276168893861184594e-01,-2.543803568519159662e-08,-3.333199274423326979e-07,-3.106564724625026351e-05,9.975678013793828347e-01,8.587667361411900624e-04,8.587667361411900624e-04,-2.543803568519159662e-08,-3.109108528193545536e-05,9.976610746352286840e-01,9.831310772689318567e-04,9.831310772689318567e-04,-4.510155081358992189e-07,-1.641180988247234050e-05,-1.641180988247234050e-05,-8.650791056898305540e-06
7.299194744791125400e-01,-3.722334679898442725e-08,-9.038120891449627527e-07,-3.106359631839343132e-05,9.975120028034365482e-01,8.224955810582468925e-04,8.224955810582468925e-04,-3.722334679898442725e-08,-3.110081966519241296e-05,9.976053052624320738e-01,9.468988597190165172e-04,9.468988597190165172e-04,-4.707767573190317562e-07,-1.590881040044341124e-05,-1.590881040044341124e-05,-8.625965143369392291e-06
7.322220595721066205e-01,-4.897468201057179639e-08,-1.468418865730033055e-06,-3.106020295158281686e-05,9.974564528193878843e-01,7.851617309412580814e-04,7.851617309412580814e-04,-4.897468201057179639e-08,-3.110917763359339136e-05,9.975497803522886953e-01,9.095984414756316198e-04,9.095984414756316198e-04,-4.904748196593922082e-07,-1.542591918756810353e-05,-1.542591918756810353e-05,-8.600848147728334985e-06
7.345246446651005900e-01,-6.069167248862970924e-08,-2.027155760231537595e-06,-3.105548180199907426e-05,9.974011526454754639e-01,7.468268351337933051e-04,7.468268351337933051e-04,-6.069167248862970924e-08,-3.111617347448770256e-05,9.974945011658988836e-01,8.712915290317441424e-04,8.712915290317441424e-04,-5.101090531278016138e-07,-1.496377486723666459e-05,-1.496377486723666459e-05,-8.575445060128948554e-06
7.368272297580946706e-01,-7.237395533631910922e-08,-2.580039027605697674e-06,-3.104944762828198231e-05,9.973461034530767266e-01,7.075533077316443998e-04,7.075533077316443998e-04,-7.237395533631910922e-08,-3.112182158361829928e-05,9.974394689178275319e-01,8.320405940661176241e-04,8.320405940661176241e-04,-5.296788316094186693e-07,-1.452298158422029190e-05,-1.452298158422029190e-05,-8.549760834754973897e-06
7.391298148510887511e-01,-8.402117349673233464e-08,-3.127085652401475123e-06,-3.104211528643922749e-05,9.972913063676146495e-01,6.674042271040593220e-04,6.674042271040593220e-04,-8.402117349673233464e-08,-3.112613645993596149e-05,9.973846847769944901e-01,7.919087729438031679e-04,7.919087729438031679e-04,-5.491835450907525856e-07,-1.410410851752339994e-05,-1.410410851752339994e-05,-8.523800390563652528e-06
7.414323999440827206e-01,-9.563297566183415187e-08,-3.668313325380757027e-06,-3.103349972314948374e-05,9.972367624694512545e-01,6.264432362080256519e-04,6.264432362080256519e-04,-9.563297566183415187e-08,-3.112913269881131660e-05,9.973301498675476440e-01,7.509597670032709454e-04,7.509597670032709454e-04,-5.686225998064725333e-07,-1.370768945063786464e-05,-1.370768945063786464e-05,-8.497568611982658513e-06
7.437349850370768012e-01,-1.072090161856230443e-07,-4.203740419177045409e-06,-3.102361596747723081e-05,9.971824727947650180e-01,5.847344438233425005e-04,5.847344438233425005e-04,-1.072090161856230443e-07,-3.113082498366285394e-05,9.972758652697160109e-01,7.092577437579939163e-04,7.092577437579939163e-04,-5.879954183403579813e-07,-1.333422239894480712e-05,-1.333422239894480712e-05,-8.471070349542591518e-06
7.460375701300708817e-01,-1.187489550017457438e-07,-4.733385963069584897e-06,-3.101247912102470872e-05,9.971284383364117376e-01,5.423423268325338210e-04,5.423423268325338210e-04,-1.187489550017457438e-07,-3.113122807602645281e-05,9.972218320206398534e-01,6.668672391366396593e-04,6.668672391366396593e-04,-6.073014396745731454e-07,-1.298416929390153573e-05,-1.298416929390153573e-05,-8.444310420427729493e-06
7.483401552230648512e-01,-1.302524575460870751e-07,-5.257269616984325496e-06,-3.100010434661042803e-05,9.970746600447636387e-01,4.993316336637927634e-04,4.993316336637927634e-04,-1.302524575460870751e-07,-3.113035680415651447e-05,9.971680511151761461e-01,6.238530608804188212e-04,6.238530608804188212e-04,-6.265401191831439871e-07,-1.265795572357509660e-05,-1.265795572357509660e-05,-8.417293608938479862e-06
7.506427403160589318e-01,-1.417191946848496850e-07,-5.775411644851643453e-06,-3.098650685561360983e-05,9.970211388285246112e-01,4.557672890103136622e-04,4.557672890103136622e-04,-1.417191946848496850e-07,-3.112822605029845865e-05,9.971145235066755097e-01,5.802801932115075239e-04,5.802801932115075239e-04,-6.457109285670078330e-07,-1.235597072899294079e-05,-1.235597072899294079e-05,-8.390024666866959015e-06
7.529453254090530123e-01,-1.531488426481285145e-07,-6.287832887563368959e-06,-3.097170189413836342e-05,9.969678755555213545e-01,4.117142999359714407e-04,4.117142999359714407e-04,-1.531488426481285145e-07,-3.112485073678649376e-05,9.970612501077317225e-01,5.362137028831173886e-04,5.362137028831173886e-04,-6.648133557284663633e-07,-1.207856665568176890e-05,-1.207856665568176890e-05,-8.362508313755267898e-06
7.552479105020470929e-01,-1.645410829694090618e-07,-6.794554735659560781e-06,-3.095570472820532092e-05,9.969148710534653235e-01,3.672376634716568132e-04,3.672376634716568132e-04,-1.645410829694090618e-07,-3.112024581117473279e-05,9.970082317908988134e-01,4.917186467163557444e-04,4.917186467163557444e-04,-6.838469045852577505e-07,-1.182605905968113814e-05,-1.182605905968113814e-05,-8.334749237056125035e-06
7.575504955950410624e-01,-1.758956024309633899e-07,-7.295599101988767919e-06,-3.093853062821167951e-05,9.968621261106856979e-01,3.224022758032195173e-04,3.224022758032195173e-04,-1.758956024309633899e-07,-3.111442623064264586e-05,9.969554693893776243e-01,4.468599807257901007e-04,4.468599807257901007e-04,-7.028110948257145866e-07,-1.159872666723137200e-05,-1.159872666723137200e-05,-8.306752092189573694e-06
7.598530806880351429e-01,-1.872120930151846693e-07,-7.790988394629440840e-06,-3.092019485290091311e-05,9.968096414768323754e-01,2.772728431477244470e-04,2.772728431477244470e-04,-1.872120930151846693e-07,-3.110740694591609810e-05,9.969029636976701747e-01,4.017024709313888665e-04,4.017024709313888665e-04,-7.217054616077226553e-07,-1.139681138724104842e-05,-1.139681138724104842e-05,-8.278521502476872653e-06
7.621556657810292235e-01,-1.984902518617467399e-07,-8.280745490187016222e-06,-3.090071263311861851e-05,9.967574178635463245e-01,2.319137944108075767e-04,2.319137944108075767e-04,-1.984902518617467399e-07,-3.109920288498036292e-05,9.968507154722012764e-01,3.563106059507290284e-04,3.563106059507290284e-04,-7.405295552059938614e-07,-1.122051837556369347e-05,-1.122051837556369347e-05,-8.250062058992268830e-06
7.644582508740231930e-01,-2.097297812304144409e-07,-8.764893707788395263e-06,-3.088009915562208363e-05,9.967054559450986284e-01,1.863891957141585506e-04,1.863891957141585506e-04,-2.097297812304144409e-07,-3.108982893685249545e-05,9.967987254319091717e-01,3.107485114615685324e-04,3.107485114615685324e-04,-7.592829406132056154e-07,-1.107001615003296168e-05,-1.107001615003296168e-05,-8.221378320310622113e-06
7.667608359670172735e-01,-2.209303884691786549e-07,-9.243456783932757053e-06,-3.085836954720596177e-05,9.966537563589975557e-01,1.407626668785608420e-04,1.407626668785608420e-04,-2.209303884691786549e-07,-3.107929993567513796e-05,9.967469942588045306e-01,2.650798666212613938e-04,2.650798666212613938e-04,-7.779651971015199345e-07,-1.094543675513076059e-05,-1.094543675513076059e-05,-8.192474812173723516e-06
7.690634210600113541e-01,-2.320917859874178311e-07,-9.716458848391082594e-06,-3.083553885939961854e-05,9.966023197065646544e-01,9.509729994396857577e-05,9.509729994396857577e-05,-2.320917859874178311e-07,-3.106763064538703960e-05,9.966955225985008049e-01,2.193678225255167342e-04,2.193678225255167342e-04,-7.965759177520550523e-07,-1.084687597510372348e-05,-1.084687597510372348e-05,-8.163356027087409033e-06
7.713660061530053236e-01,-2.432136912336194829e-07,-1.018392440133877074e-05,-3.081162205395884655e-05,9.965511465534804270e-01,4.945557980460223158e-05,4.945557980460223158e-05,-2.432136912336194829e-07,-3.105483574519246360e-05,9.966443110607160483e-01,1.736749227853720860e-04,1.736749227853720860e-04,-8.151147089600606298e-07,-1.077439359427609036e-05,-1.077439359427609036e-05,-8.134026423853382511e-06
7.736685912459994041e-01,-2.542958266770421105e-07,-1.064587829179368271e-05,-3.078663398933855958e-05,9.965002374303014721e-01,3.899307033718922262e-06,3.899307033718922262e-06,-2.542958266770421105e-07,-3.104092981601559910e-05,9.965933602197495356e-01,1.280630262977813186e-04,1.280630262977813186e-04,-8.335811899234530032e-07,-1.072801370325941980e-05,-1.072801370325941980e-05,-8.104490427061726018e-06
7.759711763389934847e-01,-2.653379197930715361e-07,-1.110234569752323306e-05,-3.076058940833548307e-05,9.964495928329499819e-01,-4.151047703259154301e-05,-4.151047703259154301e-05,-2.653379197930715361e-07,-3.102592732812855392e-05,9.965426706149344005e-01,8.259323227992267265e-05,8.259323227992267265e-05,-8.519749921236075989e-07,-1.070772504972104496e-05,-1.070772504972104496e-05,-8.074752426547184315e-06
7.782737614319874542e-01,-2.763397030514939183e-07,-1.155335210639657141e-05,-3.073350292700473480e-05,9.963992132231792587e-01,-8.671356288545171770e-05,-8.671356288545171770e-05,-2.763397030514939183e-07,-3.100984263005622586e-05,9.964922427510694014e-01,3.732580763477318575e-05,3.732580763477318575e-05,-8.702957588053315255e-07,-1.071348143232575488e-05,-1.071348143232575488e-05,-8.044816776839742019e-06
7.805763465249815347e-01,-2.873009139070389995e-07,-1.199892329928664816e-05,-3.070538902493177348e-05,9.963490990290164717e-01,-1.316506430446542290e-04,-1.316506430446542290e-04,-2.873009139070389995e-07,-3.099268993883881195e-05,9.964420770988330345e-01,-7.679883289298986316e-06,-7.679883289298986316e-06,-8.885431444628371829e-07,-1.074520213643461109e-05,-1.074520213643461109e-05,-8.014687796595952783e-06
7.828789316179756153e-01,-2.982212947920786294e-07,-1.243908533446200607e-05,-3.067626203695131672e-05,9.962992506451852082e-01,-1.762633798149033947e-04,-1.762633798149033947e-04,-2.982212947920786294e-07,-3.097448333174339450e-05,9.963921740951804384e-01,-5.236544648792980318e-05,-5.236544648792980318e-05,-9.067168143397250553e-07,-1.080277241014021679e-05,-1.080277241014021679e-05,-7.984369768055418586e-06
7.851815167109695848e-01,-3.091005931103170041e-07,-1.287386453343774883e-05,-3.064613614626552366e-05,9.962496684335098163e-01,-2.204944705413163669e-04,-2.204944705413163669e-04,-3.091005931103170041e-07,-3.095523673937584214e-05,9.963425341437279759e-01,-9.667352358381301185e-05,-9.667352358381301185e-05,-9.248164439462259647e-07,-1.088604397915981057e-05,-1.088604397915981057e-05,-7.953866936507938244e-06
7.874841018039636653e-01,-3.199385612313968672e-07,-1.330328746820916720e-05,-3.061502537898520637e-05,9.962003527233072031e-01,-2.642877103165537709e-04,-2.642877103165537709e-04,-3.199385612313968672e-07,-3.093496394021660021e-05,9.962931576151278223e-01,-1.405478545556873701e-04,-1.405478545556873701e-04,-9.428417185999297486e-07,-1.099483559912929982e-05,-1.099483559912929982e-05,-7.923183509801692977e-06
7.897866868969577459e-01,-3.307349564857566423e-07,-1.372738094983823597e-05,-3.058294360002968221e-05,9.961513038117634222e-01,-3.075880520946336436e-04,-3.075880520946336436e-04,-3.307349564857566423e-07,-3.091367855651544060e-05,9.962440448474330079e-01,-1.839333378685718812e-04,-1.839333378685718812e-04,-9.607923329930162219e-07,-1.112893364380892794e-05,-1.112893364380892794e-05,-7.892323657877405396e-06
7.920892719899517154e-01,-3.414895411593913234e-07,-1.414617201822418517e-05,-3.054990451031700969e-05,9.961025219643032669e-01,-3.503416641721475086e-04,-3.503416641721475086e-04,-3.414895411593913234e-07,-3.089139405147639853e-05,9.961951961464576843e-01,-2.267760879662419145e-04,-2.267760879662419145e-04,-9.786679907889080401e-07,-1.128809272770915542e-05,-1.128809272770915542e-05,-7.861291512357682676e-06
7.943918570829457959e-01,-3.522020824880285402e-07,-1.455968793297451603e-05,-3.051592164514954704e-05,9.960540074149497602e-01,-3.924959850019122580e-04,-3.924959850019122580e-04,-3.522020824880285402e-07,-3.086812372763757473e-05,9.961466117861326186e-01,-2.690234900913619320e-04,-2.690234900913619320e-04,-9.964684042498597468e-07,-1.147203636163614090e-05,-1.147203636163614090e-05,-7.830091166185789198e-06
7.966944421759398764e-01,-3.628723526503264609e-07,-1.496795616524812793e-05,-3.048100837367727890e-05,9.960057603666809811e-01,-4.339997753091381959e-04,-4.339997753091381959e-04,-3.628723526503264609e-07,-3.084388072632760457e-05,9.960982920088599091e-01,-3.106242524038277776e-04,-3.106242524038277776e-04,-1.014193293895997684e-06,-1.168045763964789421e-05,-1.168045763964789421e-05,-7.798726673315525763e-06
7.989970272689339570e-01,-3.735001287601011523e-07,-1.537100439047064531e-05,-3.044517789935790095e-05,9.959577809917812274e-01,-4.748031674862384613e-04,-4.748031674862384613e-04,-3.735001287601011523e-07,-3.081867802811800072e-05,9.960502370258655924e-01,-3.515284553737664584e-04,-3.515284553737664584e-04,-1.031842388197312342e-06,-1.191301995592752964e-05,-1.191301995592752964e-05,-7.767202048460113121e-06
8.012996123619279265e-01,-3.840851928569306558e-07,-1.576886048178151328e-05,-3.040844326125196373e-05,9.959100694321925129e-01,-5.148577122453170535e-04,-5.148577122453170535e-04,-3.840851928569306558e-07,-3.079252845410889502e-05,9.960024470175548039e-01,-3.916875984288814734e-04,-3.916875984288814734e-04,-1.049415423296353750e-06,-1.216935775004613127e-05,-1.216935775004613127e-05,-7.735521266889910336e-06
8.036021974549220070e-01,-3.946273318951532995e-07,-1.616155250408696239e-05,-3.037081733604558056e-05,9.958626257998647313e-01,-5.541164225139873440e-04,-5.541164225139873440e-04,-3.946273318951532995e-07,-3.076544466794073487e-05,9.959549221338686031e-01,-4.310546438422243774e-04,-4.310546438422243774e-04,-1.066912142761194950e-06,-1.244907727911167220e-05,-1.244907727911167220e-05,-7.703688264286742067e-06
8.059047825479160876e-01,-4.051263377312788829e-07,-1.654910870860233817e-05,-3.033231284071250303e-05,9.958154501771082634e-01,-5.925338145652881729e-04,-5.925338145652881729e-04,-4.051263377312788829e-07,-3.073743917844378202e-05,9.959076624946435752e-01,-4.695840578515130719e-04,-4.695840578515130719e-04,-1.084332297368330467e-06,-1.275175741530175108e-05,-1.275175741530175108e-05,-7.671706936666073174e-06
8.082073676409100571e-01,-4.155820071092975258e-07,-1.693155752785046979e-05,-3.029294233564372137e-05,9.957685426169468057e-01,-6.300659463751849976e-04,-6.300659463751849976e-04,-4.155820071092975258e-07,-3.070852434275301863e-05,9.958606681899750956e-01,-5.072318490041728689e-04,-5.072318490041728689e-04,-1.101675644911349142e-06,-1.307695046724866294e-05,-1.307695046724866294e-05,-7.639581140320423532e-06
8.105099527339041376e-01,-4.259941416442390236e-07,-1.730892757091504996e-05,-3.025271822819032883e-05,9.957219031434764167e-01,-6.666704532086722632e-04,-6.666704532086722632e-04,-4.259941416442390236e-07,-3.067871236983456902e-05,9.958139392805859247e-01,-5.439556037293340413e-04,-5.439556037293340413e-04,-1.118941950035477253e-06,-1.342418302378626519e-05,-1.342418302378626519e-05,-7.607314691835327826e-06
8.128125378268982182e-01,-4.363625478037094875e-07,-1.768124761894143641e-05,-3.021165277649279842e-05,9.956755317522253401e-01,-7.023065804379641664e-04,-7.023065804379641664e-04,-4.363625478037094875e-07,-3.064801532429650769e-05,9.957674757981982427e-01,-5.797145191407781627e-04,-5.797145191407781627e-04,-1.136130984094576700e-06,-1.379295681854034240e-05,-1.379295681854034240e-05,-7.574911368139254590e-06
8.151151229198921877e-01,-4.466870368874864266e-07,-1.804854662078455600e-05,-3.016975809351454699e-05,9.956294284105199344e-01,-7.369352136017794704e-04,-7.369352136017794704e-04,-4.466870368874864266e-07,-3.061644513040203368e-05,9.957212777459111264e-01,-6.144694330801713086e-04,-6.144694330801713086e-04,-1.153242525028633760e-06,-1.418274961386133938e-05,-1.418274961386133938e-05,-7.542374906595253478e-06
8.174177080128862682e-01,-4.569674250051733842e-07,-1.841085368875709067e-05,-3.012704615119853600e-05,9.955835930578544879e-01,-7.705189057187777392e-04,-7.705189057187777392e-04,-4.569674250051733842e-07,-3.058401357620370959e-05,9.956753450985831311e-01,-6.481828514139629550e-04,-6.481828514139629550e-04,-1.170276357259325213e-06,-1.459301610259836106e-05,-1.459301610259836106e-05,-7.509709005124443348e-06
8.197202931058803488e-01,-4.672035330520013702e-07,-1.876819809440296598e-05,-3.008352878468243608e-05,9.955380256062656974e-01,-8.030219018725184062e-04,-8.030219018725184062e-04,-4.672035330520013702e-07,-3.055073231773443836e-05,9.956296778032188710e-01,-6.808189726015806799e-04,-6.808189726015806799e-04,-1.187232271601641259e-06,-1.502318882622348151e-05,-1.502318882622348151e-05,-7.476917322366615645e-06
8.220228781988743183e-01,-4.773951866828259563e-07,-1.912060926427073469e-05,-3.003921769650941083e-05,9.954927259407115869e-01,-8.344101610892562483e-04,-8.344101610892562483e-04,-4.773951866828259563e-07,-3.051661288319223626e-05,9.955842757793611497e-01,-7.123437095564872897e-04,-7.123437095564872897e-04,-1.204110065189266572e-06,-1.547267910781830648e-05,-1.547267910781830648e-05,-7.444003477867067837e-06
8.243254632918683988e-01,-4.875422162844093397e-07,-1.946811677565455273e-05,-2.999412446078764821e-05,9.954476939194557561e-01,-8.646513755337443185e-04,-8.646513755337443185e-04,-4.875422162844093397e-07,-3.048166667707205628e-05,9.955391389194869767e-01,-7.427247088254560663e-04,-7.427247088254560663e-04,-1.220909541411795041e-06,-1.594087799844761048e-05,-1.594087799844761048e-05,-7.410971052286338097e-06
8.266280483848624794e-01,-4.976444569460513293e-07,-1.981075035226545803e-05,-2.994826052725228676e-05,9.954029293744545148e-01,-8.937149870518801059e-04,-8.937149870518801059e-04,-4.976444569460513293e-07,-3.044590498419833915e-05,9.954942670894071366e-01,-7.719313671150867086e-04,-7.719313671150867086e-04,-1.237630509861672898e-06,-1.642715723545013111e-05,-1.642715723545013111e-05,-7.377823587630983662e-06
8.289306334778565599e-01,-5.077017484286893184e-07,-2.014853985980020234e-05,-2.990163722519922297e-05,9.953584321117501243e-01,-9.215722010925668116e-04,-9.215722010925668116e-04,-5.077017484286893184e-07,-3.040933897362791080e-05,9.954496601286709767e-01,-7.999348451980551819e-04,-7.999348451980551819e-04,-1.254272786289247103e-06,-1.693087021119493152e-05,-1.693087021119493152e-05,-7.344564587507770338e-06
8.312332185708505294e-01,-5.177139351325813841e-07,-2.048151530146799569e-05,-2.985426576726784854e-05,9.953142019118655925e-01,-9.481959980446095062e-04,-9.481959980446095062e-04,-5.177139351325813841e-07,-3.037197970240043077e-05,9.954053178509727484e-01,-8.267080792350077695e-04,-8.267080792350077695e-04,-1.270836192564457641e-06,-1.745135295086318005e-05,-1.745135295086318005e-05,-7.311197517374519615e-06
8.335358036638446100e-01,-5.276808660636773850e-07,-2.080970681332463897e-05,-2.980615725305265327e-05,9.952702385302040211e-01,-9.735611420274092138e-04,-9.735611420274092138e-04,-5.276808660636773850e-07,-3.033383811911633055e-05,9.953612400445613906e-01,-8.522257895509439051e-04,-8.522257895509439051e-04,-1.287320556643742467e-06,-1.798792509783238272e-05,-1.798792509783238272e-05,-7.277725804832572202e-06
8.358383887568386905e-01,-5.376023947987924607e-07,-2.113314465959839283e-05,-2.975732267253120461e-05,9.952265416974512835e-01,-9.976441871773808045e-04,-9.976441871773808045e-04,-5.376023947987924607e-07,-3.029492506732999707e-05,9.953174264726533105e-01,-8.764644869080608297e-04,-8.764644869080608297e-04,-1.303725712540961825e-06,-1.853989090525609245e-05,-1.853989090525609245e-05,-7.244152839895695574e-06
8.381409738498326600e-01,-5.474783794495658856e-07,-2.145185922784119178e-05,-2.970777290928182255e-05,9.951831111199801461e-01,-1.020423481474392810e-03,-1.020423481474392810e-03,-5.474783794495658856e-07,-3.025525128873138769e-05,9.952738768738463859e-01,-8.994024763194673677e-04,-8.994024763194673677e-04,-1.320051500300361807e-06,-1.910654023244221915e-05,-1.910654023244221915e-05,-7.210481975282221407e-06
8.404435589428267406e-01,-5.573086826255418674e-07,-2.176588102399339318e-05,-2.965751874352161912e-05,9.951399464802572759e-01,-1.041879168156122819e-03,-1.041879168156122819e-03,-5.573086826255418674e-07,-3.021482742614715940e-05,9.952305909625357438e-01,-9.210198584515341680e-04,-9.210198584515341680e-04,-1.336297765972316175e-06,-1.968714954468316181e-05,-1.968714954468316181e-05,-7.176716526713752586e-06
8.427461440358208211e-01,-5.670931713963146916e-07,-2.207524066735187297e-05,-2.960657085493934254e-05,9.950970474372511365e-01,-1.061993184769620836e-03,-1.061993184769620836e-03,-5.670931713963146916e-07,-3.017366402633565734e-05,9.951875684293300939e-01,-9.412985286642781791e-04,-9.412985286642781791e-04,-1.352464361589885993e-06,-2.028098291518105271e-05,-2.028098291518105271e-05,-7.142859773214550396e-06
8.450487291288147906e-01,-5.768317172528476916e-07,-2.237996888546894256e-05,-2.955493982532988003e-05,9.950544136268415496e-01,-1.080749259912213919e-03,-1.080749259912213919e-03,-5.768317172528476916e-07,-3.013177154258272857e-05,9.951448089414692832e-01,-9.602221737418829102e-04,-9.602221737418829102e-04,-1.368551145145699229e-06,-2.088729302775135731e-05,-2.088729302775135731e-05,-7.108914957405011103e-06
8.473513142218088712e-01,-5.865241960680466180e-07,-2.268009650893945055e-05,-2.950263614102590644e-05,9.950120446622305881e-01,-1.098132907715875482e-03,-1.098132907715875482e-03,-5.865241960680466180e-07,-3.008916033709395317e-05,9.951023121432418517e-01,-9.777762663674997509e-04,-9.777762663674997509e-04,-1.384557980568196143e-06,-2.150532217900520993e-05,-2.150532217900520993e-05,-7.074885285802649798e-06
8.496538993148029517e-01,-5.961704880567613661e-07,-2.297565446613275282e-05,-2.944967019515706347e-05,9.949699401343525818e-01,-1.114131420131437428e-03,-1.114131420131437428e-03,-5.961704880567613661e-07,-3.004584068321382314e-05,9.950600776564022532e-01,-9.939480573985821216e-04,-9.939480573985821216e-04,-1.400484737697905156e-06,-2.213430327875997005e-05,-2.213430327875997005e-05,-7.040773929122558229e-06
8.519564844077969212e-01,-6.057704777351986981e-07,-2.326667377788002361e-05,-2.939605228972051810e-05,9.949280996122846776e-01,-1.128733857070416628e-03,-1.128733857070416628e-03,-6.057704777351986981e-07,-3.000182276745571786e-05,9.950181050805870786e-01,-1.008726566000593770e-03,-1.008726566000593770e-03,-1.416331292262254429e-06,-2.277346084742488835e-05,-2.277346084742488835e-05,-7.006584022567459376e-06
8.542590695007910018e-01,-6.153240538799167433e-07,-2.355318555207868615e-05,-2.934179263748536035e-05,9.948865226436574005e-01,-1.141931034464229323e-03,-1.141931034464229323e-03,-6.153240538799167433e-07,-2.995711669136527826e-05,9.949763939937315005e-01,-1.022102567698768196e-03,-1.022102567698768196e-03,-1.432097525849347082e-06,-2.342201200916339880e-05,-2.342201200916339880e-05,-6.972318666129389245e-06
8.565616545937850823e-01,-6.248311094863652762e-07,-2.383522097829384140e-05,-2.928690136373631207e-05,9.948452087550633260e-01,-1.153715510301930305e-03,-1.153715510301930305e-03,-6.248311094863652762e-07,-2.991173247322267883e-05,9.949349439524829419e-01,-1.034068580409039590e-03,-1.034068580409039590e-03,-1.447783325880157761e-06,-2.407916747965126254e-05,-2.407916747965126254e-05,-6.937980924876214234e-06
8.588642396867790518e-01,-6.342915417271194745e-07,-2.411281132229767021e-05,-2.923138850785603871e-05,9.948041574524653097e-01,-1.164081568708964440e-03,-1.164081568708964440e-03,-6.342915417271194745e-07,-2.986568004958315692e-05,9.948937544926140797e-01,-1.044618848510631744e-03,-1.044618848510631744e-03,-1.463388585578659907e-06,-2.474413254727898172e-05,-2.474413254727898172e-05,-6.903573829244031989e-06
8.611668247797731324e-01,-6.437052519097375951e-07,-2.438598792066189037e-05,-2.917526402476218814e-05,9.947633682216038276e-01,-1.173025202130798059e-03,-1.173025202130798059e-03,-6.437052519097375951e-07,-2.981896927667192690e-05,9.948528251294338487e-01,-1.053749325024110365e-03,-1.053749325024110365e-03,-1.478913203939810237e-06,-2.541610804668804002e-05,-2.541610804668804002e-05,-6.869100375299123965e-06
8.634694098727672129e-01,-6.530721454347092824e-07,-2.465478217524566927e-05,-2.911853778625611780e-05,9.947228405284008756e-01,-1.180544091686713945e-03,-1.180544091686713945e-03,-6.530721454347092824e-07,-2.977160993169082677e-05,9.948121553581958931e-01,-1.061457651959950678e-03,-1.061457651959950678e-03,-1.494357085698121070e-06,-2.609429132360246674e-05,-2.609429132360246674e-05,-6.834563525049056229e-06
8.657719949657611824e-01,-6.623921317528247171e-07,-2.491922554776241586e-05,-2.906121958218248964e-05,9.946825738193630917e-01,-1.186637585758718158e-03,-1.186637585758718158e-03,-6.623921317528247171e-07,-2.972361171393531404e-05,9.947717446545049080e-01,-1.067743138902976915e-03,-1.067743138902976915e-03,-1.509720141290680774e-06,-2.677787718982212344e-05,-2.677787718982212344e-05,-6.799966206695689048e-06
8.680745800587552630e-01,-6.716651243227161376e-07,-2.517934955435458200e-05,-2.900331912152680114e-05,9.946425675219828788e-01,-1.191306676883261296e-03,-1.191306676883261296e-03,-6.716651243227161376e-07,-2.967498424584951643e-05,9.947315924747204274e-01,-1.072606739899863203e-03,-1.072606739899863203e-03,-1.525002286821001763e-06,-2.746605886746319520e-05,-2.746605886746319520e-05,-6.765311314905836949e-06
8.703771651517493435e-01,-6.808910405682211653e-07,-2.543518576014899566e-05,-2.894484603339223794e-05,9.946028210451353102e-01,-1.194553977012634965e-03,-1.194553977012634965e-03,-6.808910405682211653e-07,-2.962573707396045836e-05,9.946916982563571707e-01,-1.076051028716793227e-03,-1.076051028716793227e-03,-1.540203444020075621e-06,-2.815802892141864582e-05,-2.815802892141864582e-05,-6.730601711085329619e-06
8.726797502447434240e-01,-6.900698018356698983e-07,-2.568676577386773581e-05,-2.888580986787662400e-05,9.945633337794743678e-01,-1.196383691214184929e-03,-1.196383691214184929e-03,-6.900698018356698983e-07,-2.957587966971229358e-05,9.946520614184835019e-01,-1.078080172535335769e-03,-1.078080172535335769e-03,-1.555323540205270186e-06,-2.885298017911056652e-05,-2.885298017911056652e-05,-6.695840223637045245e-06
8.749823353377373936e-01,-6.992013333512941885e-07,-2.593412124250910088e-05,-2.882622009688833118e-05,9.945241050978245179e-01,-1.196801589875981335e-03,-1.196801589875981335e-03,-6.992013333512941885e-07,-2.952542143023962590e-05,9.946126813621152252e-01,-1.078699904155022791e-03,-1.078699904155022791e-03,-1.570362508238886353e-06,-2.955010663666346834e-05,-2.955010663666346834e-05,-6.661029648212439487e-06
8.772849204307314741e-01,-7.082855641785047824e-07,-2.617728384599674922e-05,-2.876608611485251154e-05,9.944851343555701773e-01,-1.195814979487510969e-03,-1.195814979487510969e-03,-7.082855641785047824e-07,-2.947437167903101717e-05,9.945735574706072724e-01,-1.077917492771386914e-03,-1.077917492771386914e-03,-1.585320286483243297e-06,-3.024860435058313333e-05,-3.024860435058313333e-05,-6.626172747973470091e-06
8.795875055237255546e-01,-7.173224271753361739e-07,-2.641628529196137301e-05,-2.870541723937342296e-05,9.944464208910415159e-01,-1.193432672064731470e-03,-1.193432672064731470e-03,-7.173224271753361739e-07,-2.942273966654875797e-05,9.945346891100411701e-01,-1.075741713398536492e-03,-1.075741713398536492e-03,-1.600196818755658891e-06,-3.094767231417110522e-05,-3.094767231417110522e-05,-6.591272253830462375e-06
8.818900906167195242e-01,-7.263118589519387852e-07,-2.665115731052234175e-05,-2.864422271182650174e-05,9.944079640258972619e-01,-1.189664953288593679e-03,-1.189664953288593679e-03,-7.263118589519387852e-07,-2.937053457077843947e-05,9.944960756296096216e-01,-1.072182815005479854e-03,-1.072182815005479854e-03,-1.614992054281546946e-06,-3.164651331785628771e-05,-3.164651331785628771e-05,-6.556330864693428138e-06
8.841926757097136047e-01,-7.352537998281420870e-07,-2.688193164913599368e-05,-2.858251169788935062e-05,9.943697630655032871e-01,-1.184523549426236971e-03,-1.184523549426236971e-03,-7.352537998281420870e-07,-2.931776549771749154e-05,9.944577163619964244e-01,-1.067252487435366897e-03,-1.067252487435366897e-03,-1.629705947645861684e-06,-3.234433479269670626e-05,-3.234433479269670626e-05,-6.521351247715183597e-06
8.864952608027076852e-01,-7.441481937912186767e-07,-2.710864006755245238e-05,-2.852029328803230978e-05,9.943318172993079740e-01,-1.178021593104133530e-03,-1.178021593104133530e-03,-7.441481937912186767e-07,-2.926444148182352751e-05,9.944196106237533916e-01,-1.060963827176839448e-03,-1.060963827176839448e-03,-1.644338458743898253e-06,-3.304034963635493169e-05,-3.304034963635493169e-05,-6.486336038518628659e-06
8.887978458957016548e-01,-7.529949884537246960e-07,-2.733131433276841840e-05,-2.845757649797002028e-05,9.942941260012135851e-01,-1.170173588002099098e-03,-1.170173588002099098e-03,-7.529949884537246960e-07,-2.921057148642374561e-05,9.943817577156728316e-01,-1.053331302056404210e-03,-1.053331302056404210e-03,-1.658889552731131645e-06,-3.373377702087070469e-05,-3.373377702087070469e-05,-6.451287841449277084e-06
8.911004309886957353e-01,-7.617941350113828113e-07,-2.754998621415365669e-05,-2.839437026902734225e-05,9.942566884299451901e-01,-1.160995372536861121e-03,-1.160995372536861121e-03,-7.617941350113828113e-07,-2.915616440403872602e-05,9.943441569231572519e-01,-1.044370714920706163e-03,-1.044370714920706163e-03,-1.673359199969369760e-06,-3.442384318153811882e-05,-3.442384318153811882e-05,-6.416209229767604969e-06
8.934030160816898158e-01,-7.705455882015459420e-07,-2.776468747852169522e-05,-2.833068346857610547e-05,9.942195038294127096e-01,-1.150504082603735810e-03,-1.150504082603735810e-03,-7.705455882015459420e-07,-2.910122905677765300e-05,9.943068075165830688e-01,-1.034099166376625280e-03,-1.034099166376625280e-03,-1.687747375978193209e-06,-3.510978218645866841e-05,-3.510978218645866841e-05,-6.381102745930856058e-06
8.957056011746837854e-01,-7.792493062613420799e-07,-2.797544988540396385e-05,-2.826652489032703073e-05,9.941825714290719596e-01,-1.138718113444044892e-03,-1.138718113444044892e-03,-7.792493062613420799e-07,-2.904577419658837259e-05,9.942697087516617627e-01,-1.022535016657691483e-03,-1.022535016657691483e-03,-1.702054061378674217e-06,-3.579083668596625919e-05,-3.579083668596625919e-05,-6.345970901776614969e-06
8.980081862676778659e-01,-7.879052508862991650e-07,-2.818230518232176145e-05,-2.820190325465839562e-05,9.941458904442803668e-01,-1.125657080705894184e-03,-1.125657080705894184e-03,-7.879052508862991650e-07,-2.898980850554469605e-05,9.942328598697970365e-01,-1.009697846683715481e-03,-1.009697846683715481e-03,-1.716279241840113707e-06,-3.646625864159920588e-05,-3.646625864159920588e-05,-6.310816178760701469e-06
9.003107713606719464e-01,-7.965133871891288858e-07,-2.838528510018486801e-05,-2.813682720891517604e-05,9.941094600766486877e-01,-1.111341780764971187e-03,-1.111341780764971187e-03,-7.965133871891288858e-07,-2.893334059610430439e-05,9.941962600984369791e-01,-9.956084183805539826e-04,-9.956084183805539826e-04,-1.730422908025700111e-06,-3.713531003405832478e-05,-3.713531003405832478e-05,-6.275641028172140668e-06
9.026133564536660270e-01,-8.050736836587222381e-07,-2.858442134873390091e-05,-2.807130532768872293e-05,9.940732795143882861e-01,-1.095794150371445525e-03,-1.095794150371445525e-03,-8.050736836587222381e-07,-2.887637901134744569e-05,9.941599086514223416e-01,-9.802886343260558237e-04,-9.802886343260558237e-04,-1.744485055537605123e-06,-3.779726354971143018e-05,-3.779726354971143018e-05,-6.240447871360679452e-06
9.049159415466599965e-01,-8.135861121193358774e-07,-2.877974561212357004e-05,-2.800534611306993365e-05,9.940373479326557460e-01,-1.079037225688290460e-03,-1.079037225688290460e-03,-8.135861121193358774e-07,-2.881893222518926932e-05,9.941238047293312619e-01,-9.637614967875333559e-04,-9.637614967875333559e-04,-1.758465684860954579e-06,-3.845140324521905100e-05,-3.845140324521905100e-05,-6.205239099935733348e-06
9.072185266396540770e-01,-8.220506476900376638e-07,-2.897128954451727296e-05,-2.793895799490495429e-05,9.940016644938909351e-01,-1.061095100785493846e-03,-1.061095100785493846e-03,-8.220506476900376638e-07,-2.876100864259499259e-05,9.940879475198187709e-01,-9.460510662151139574e-04,-9.460510662151139574e-04,-1.772364801308376607e-06,-3.909702518994166687e-05,-3.909702518994166687e-05,-6.170017075998286357e-06
9.095211117326481576e-01,-8.304672687443868349e-07,-2.915908476584190475e-05,-2.787214933103119351e-05,9.939662283481537353e-01,-1.041992885653701684e-03,-1.041992885653701684e-03,-8.304672687443868349e-07,-2.870261659977557897e-05,9.940523361979530792e-01,-9.271824192545992729e-04,-9.271824192545992729e-04,-1.786182414963734281e-06,-3.973343808575717859e-05,-3.973343808575717859e-05,-6.134784132338436825e-06
9.118236968256421271e-01,-8.388359568703490186e-07,-2.934316285755359782e-05,-2.780492840750838641e-05,9.939310386334537784e-01,-1.021756663799912573e-03,-1.021756663799912573e-03,-8.388359568703490186e-07,-2.864376436437873384e-05,9.940169699265468672e-01,-9.071816063423975831e-04,-9.071816063423975831e-04,-1.799918540625841554e-06,-4.035996386400276305e-05,-4.035996386400276305e-05,-6.099542572662133764e-06
9.141262819186362076e-01,-8.471566968304460859e-07,-2.952355535857623966e-05,-2.773730343883616334e-05,9.938960944760782956e-01,-1.000413449486765643e-03,-1.000413449486765643e-03,-8.471566968304460859e-07,-2.858446013566660857e-05,9.939818478564852455e-01,-8.860756089440993038e-04,-8.860756089440993038e-04,-1.813573197751603843e-06,-4.097593825925785813e-05,-4.097593825925785813e-05,-6.064294671779544272e-06
9.164288670116302882e-01,-8.554294765221700661e-07,-2.970029376124568591e-05,-2.766928256819069741e-05,9.938613949909141931e-01,-9.779911446759271577e-04,-9.779911446759271577e-04,-8.554294765221700661e-07,-2.852471204471286790e-05,9.939469691270483853e-01,-8.638922964970756997e-04,-8.638922964970756997e-04,-1.827146410400522758e-06,-4.158071135977688175e-05,-4.158071135977688175e-05,-6.029042675833513570e-06
9.187314521046242577e-01,-8.636542869386603831e-07,-2.987340950737830779e-05,-2.760087386761486678e-05,9.938269392817669079e-01,-9.545184957348519430e-04,-9.545184957348519430e-04,-8.636542869386603831e-07,-2.846452815455352610e-05,9.939123328662305967e-01,-8.406603831166378250e-04,-8.406603831166378250e-04,-1.840638207176600868e-06,-4.217364813427835454e-05,-4.217364813427835454e-05,-5.993788802494838277e-06
9.210340371976183382e-01,-8.718311221295563222e-07,-3.004293398444785130e-05,-2.753208533823858480e-05,9.937927264416750450e-01,-9.300250499652145970e-04,-9.300250499652145970e-04,-8.718311221295563222e-07,-2.840391646036814091e-05,9.938779381910561872e-01,-8.164093841237420740e-04,-8.164093841237420740e-04,-1.854048621172058897e-06,-4.275412893502749463e-05,-4.275412893502749463e-05,-5.958535241159428581e-06
9.233366222906124188e-01,-8.799599791622719543e-07,-3.020889852177742100e-05,-2.746292491050850187e-05,9.937587555532195749e-01,-9.045411120096255586e-04,-9.045411120096255586e-04,-8.799599791622719543e-07,-2.834288488967077541e-05,9.938437842078885476e-01,-7.911695724509424299e-04,-7.911695724509424299e-04,-1.867377689912054761e-06,-4.332154997704938340e-05,-4.332154997704938340e-05,-5.923284153178467415e-06
9.256392073836063883e-01,-8.880408580833947267e-07,-3.037133438689060101e-05,-2.739340044438774594e-05,9.937250256888302546e-01,-8.780977001925942185e-04,-8.780977001925942185e-04,-8.880408580833947267e-07,-2.828144130247114098e-05,9.938098700127376839e-01,-7.649719349827096681e-04,-7.649719349827096681e-04,-1.880625455297447428e-06,-4.387532379331041734e-05,-4.387532379331041734e-05,-5.888037672044721289e-06
9.279417924766004688e-01,-8.960737618803511874e-07,-3.053027278192142784e-05,-2.732351972956039964e-05,9.936915359110882751e-01,-8.507265028499067872e-04,-8.507265028499067872e-04,-8.960737618803511874e-07,-2.821959349144075125e-05,9.937761946915626421e-01,-7.378481288841437415e-04,-7.378481288841437415e-04,-1.893791963547926496e-06,-4.441487966584412592e-05,-4.441487966584412592e-05,-5.852797903589766822e-06
9.302443775695945494e-01,-9.040586964434115221e-07,-3.068574484007405355e-05,-2.725329048565626558e-05,9.936582852730229121e-01,-8.224598346992656461e-04,-8.224598346992656461e-04,-9.040586964434115221e-07,-2.815734918209967594e-05,9.937427573205691589e-01,-7.098304379708669830e-04,-7.098304379708669830e-04,-1.906877265146616656e-06,-4.493966403280362862e-05,-4.493966403280362862e-05,-5.817566926202642137e-06
9.325469626625885189e-01,-9.119956705279335900e-07,-3.083778162222279275e-05,-2.718272036246615502e-05,9.936252728184050698e-01,-7.933305933038669417e-04,-7.933305933038669417e-04,-9.119956705279335900e-07,-2.809471603299408914e-05,9.937095569665040928e-01,-6.809517291718905716e-04,-6.809517291718905716e-04,-1.919881414784134561e-06,-4.544914087138445435e-05,-4.544914087138445435e-05,-5.782346791019543279e-06
9.348495477555825994e-01,-9.198846957168377762e-07,-3.098641411354968305e-05,-2.711181694015999205e-05,9.935924975820377147e-01,-7.633722156790525345e-04,-7.633722156790525345e-04,-9.198846957168377762e-07,-2.803170163587682961e-05,9.936765926869453036e-01,-6.512454091355451618e-04,-6.512454091355451618e-04,-1.932804471302824617e-06,-4.594279205665210606e-05,-4.594279205665210606e-05,-5.747139522130913605e-06
9.371521328485766800e-01,-9.277257863834181157e-07,-3.113167322028337770e-05,-2.704058772950730305e-05,9.935599585900400932e-01,-7.326186350906228710e-04,-7.326186350906228710e-04,-9.277257863834181157e-07,-2.796831351589072244e-05,9.936438635305877565e-01,-6.207453810270599677e-04,-6.207453810270599677e-04,-1.945646497641313268e-06,-4.642011769631845672e-05,-4.642011769631845672e-05,-5.711947116780053524e-06
9.394547179415706495e-01,-9.355189596543218719e-07,-3.127358976651787957e-05,-2.696904017210125694e-05,9.935276548601302826e-01,-7.011042380921757777e-04,-7.011042380921757777e-04,-9.355189596543218719e-07,-2.790455913175558019e-05,9.936113685375255189e-01,-5.894860015651534569e-04,-5.894860015651534569e-04,-1.958407560779193299e-06,-4.688063644154272881e-05,-4.688063644154272881e-05,-5.676771545560641813e-06
9.417573030345647300e-01,-9.432642353729764535e-07,-3.141219449110494669e-05,-2.689718164059504154e-05,9.934955854019011934e-01,-6.688638218468328936e-04,-6.688638218468328936e-04,-9.432642353729764535e-07,-2.784044587596801800e-05,9.935791067395290943e-01,-5.575020383429608352e-04,-5.575020383429608352e-04,-1.971087731682862852e-06,-4.732388577386967174e-05,-4.732388577386967174e-05,-5.641614752621220373e-06
9.440598881275588106e-01,-9.509616360630306254e-07,-3.154751804463173638e-05,-2.682501943892552095e-05,9.934637492170949047e-01,-6.359325517781484229e-04,-6.359325517781484229e-04,-9.509616360630306254e-07,-2.777598107498855295e-05,9.935470771603198692e-01,-5.248286274781941568e-04,-5.248286274781941568e-04,-1.983687085250168862e-06,-4.774942226839076558e-05,-4.774942226839076558e-05,-5.606478655857417351e-06
9.463624732205528911e-01,-9.586111868923491503e-07,-3.167959098646244443e-05,-2.675256080254322192e-05,9.934321452998715607e-01,-6.023459195921008254e-04,-6.023459195921008254e-04,-9.586111868923491503e-07,-2.771117198943557128e-05,9.935152788158398973e-01,-4.915012316343585945e-04,-4.915012316343585945e-04,-1.996205700255933095e-06,-4.815682183330760190e-05,-4.815682183330760190e-05,-5.571365147112466941e-06
9.486650583135468606e-01,-9.662129156370698979e-07,-3.180844378187059035e-05,-2.667981289868426870e-05,9.934007726370747138e-01,-5.681397017118313851e-04,-5.681397017118313851e-04,-9.662129156370698979e-07,-2.764602581432133881e-05,9.934837107145176871e-01,-4.575555984545460163e-04,-4.575555984545460163e-04,-2.008643659300127706e-06,-4.854567992613658268e-05,-4.854567992613658268e-05,-5.536276092385831057e-06
9.509676434065409412e-01,-9.737668526460190383e-07,-3.193410679925372909e-05,-2.660678282657287814e-05,9.933696302084927821e-01,-5.333499181645690252e-04,-5.333499181645690252e-04,-9.737668526460190383e-07,-2.758054967921889697e-05,9.934523718575304363e-01,-4.230277194476933966e-04,-4.230277194476933966e-04,-2.021001048751415416e-06,-4.891561174656069066e-05,-4.891561174656069066e-05,-5.501213332007673723e-06
9.532702284995350217e-01,-9.812730308054582718e-07,-3.205661030738520185e-05,-2.653347761771270512e-05,9.933387169871163991e-01,-4.980127919583226398e-04,-4.980127919583226398e-04,-9.812730308054582718e-07,-2.751475064851816488e-05,9.934212612390619368e-01,-3.879537893642499803e-04,-3.879537893642499803e-04,-2.033277958697037346e-06,-4.926625240642180540e-05,-4.926625240642180540e-05,-5.466178680865411045e-06
9.555728135925289912e-01,-9.887314855039317967e-07,-3.217598447279327380e-05,-2.645990423610042702e-05,9.933080319393926549e-01,-4.621647089855520046e-04,-4.621647089855520046e-04,-9.887314855039317967e-07,-2.744863572160435839e-05,9.933903778465574819e-01,-3.523701660991345711e-04,-3.523701660991345711e-04,-2.045474482887018955e-06,-4.959725707680802880e-05,-4.959725707680802880e-05,-5.431173928570198925e-06
9.578753986855230718e-01,-9.961422545975968275e-07,-3.229225935716154255e-05,-2.638606957851454462e-05,9.932775740254742303e-01,-4.258421784876199271e-04,-4.258421784876199271e-04,-9.961422545975968275e-07,-2.738221183311214060e-05,9.933597206609735553e-01,-3.163133311551713511e-04,-3.163133311551713511e-04,-2.057590718684100655e-06,-4.990830111276643201e-05,-4.990830111276643201e-05,-5.396200839677041348e-06
9.601779837785171523e-01,-1.003505378375699379e-06,-3.240546491483024518e-05,-2.631198047477360189e-05,9.932473421994655327e-01,-3.890817941141100247e-04,-3.890817941141100247e-04,-1.003505378375699379e-06,-2.731548585314930297e-05,9.933292886570249669e-01,-2.798198507015128129e-04,-2.798198507015128129e-04,-2.069626767011391173e-06,-5.019908015573964219e-05,-5.019908015573964219e-05,-5.361261153875808171e-06
9.624805688715111218e-01,-1.010820899526333383e-06,-3.251563099036998314e-05,-2.623764368798815787e-05,9.932173354096653917e-01,-3.519201956083982180e-04,-3.519201956083982180e-04,-1.010820899526333383e-06,-2.724846458751448998e-05,9.932990808034278807e-01,-2.429263372583402851e-04,-2.429263372583402851e-04,-2.081582732299607987e-06,-5.046931021406998838e-05,-5.046931021406998838e-05,-5.326356586176196625e-06
9.647831539645052024e-01,-1.018088863102488007e-06,-3.262278731619944552e-05,-2.616306591483931487e-05,9.931875525988047571e-01,-3.143940311494525502e-04,-3.143940311494525502e-04,-1.018088863102488007e-06,-2.718115477794180203e-05,9.932690960631386234e-01,-2.056694120376853150e-04,-2.056694120376853150e-04,-2.093458722436372663e-06,-5.071872772195282518e-05,-5.071872772195282518e-05,-5.291488827113082595e-06
9.670857390574992829e-01,-1.025309316488445223e-06,-3.272696351030663969e-05,-2.608825378585764640e-05,9.931579927042823996e-01,-2.765399203783846334e-04,-2.765399203783846334e-04,-1.025309316488445223e-06,-2.711356310234609268e-05,9.932393333935893853e-01,-1.680856679690002626e-04,-1.680856679690002626e-04,-2.105254848715737856e-06,-5.094708957712960055e-05,-5.094708957712960055e-05,-5.256659542934936321e-06
9.693883241504932524e-01,-1.032482309366301889e-06,-3.282818907398925810e-05,-2.601321386570702775e-05,9.931286546583948383e-01,-2.383944181370568341e-04,-2.383944181370568341e-04,-1.032482309366301889e-06,-2.704569617507333133e-05,9.932097917469200343e-01,-1.302116334367635223e-04,-1.302116334367635223e-04,-2.116971225787955291e-06,-5.115417315768491899e-05,-5.115417315768491899e-05,-5.221870375812159473e-06
9.716909092434873330e-01,-1.039607893682860925e-06,-3.292649338972842231e-05,-2.593795265342960471e-05,9.930995373885650457e-01,-1.999939789439317034e-04,-1.999939789439317034e-04,-1.039607893682860925e-06,-2.697756054711246648e-05,9.931804700702063782e-01,-9.208373675548182393e-05,-9.208373675548182393e-05,-2.128607971606530699e-06,-5.133977631823563863e-05,-5.133977631823563863e-05,-5.187122943996761867e-06
9.739934943364814135e-01,-1.046686123616833773e-06,-3.302190571904718719e-05,-2.586247658281136280e-05,9.930706398175649374e-01,-1.613749222305494314e-04,-1.613749222305494314e-04,-1.046686123616833773e-06,-2.690916270642819785e-05,9.931513673056842073e-01,-5.373827140483664001e-05,-5.373827140483664001e-05,-2.140165207384594420e-06,-5.150371736619642531e-05,-5.150371736619642531e-05,-5.152418842069513828e-06
9.762960794294754940e-01,-1.053717055546234077e-06,-3.311445520050379786e-05,-2.578679202258542198e-05,9.930419608637365281e-01,-1.225733983622182195e-04,-1.225733983622182195e-04,-1.053717055546234077e-06,-2.684050907813165690e-05,9.931224823909708954e-01,-1.521136204969159863e-05,-1.521136204969159863e-05,-2.151643057538891772e-06,-5.164583501799086646e-05,-5.164583501799086646e-05,-5.117759641080387633e-06
9.785986645224694636e-01,-1.060700748016044103e-06,-3.320417084770078286e-05,-2.571090527680174617e-05,9.930134994412079807e-01,-8.362535546239192917e-05,-8.362535546239192917e-05,-1.060700748016044103e-06,-2.677160602481779028e-05,9.930938142592824480e-01,2.346106863687922515e-05,2.346106863687922515e-05,-2.163041649646650440e-06,-5.176598833624034603e-05,-5.176598833624034603e-05,-5.083146888782302186e-06
9.809012496154635441e-01,-1.067637261706177840e-06,-3.329108154738910462e-05,-2.563482258505610307e-05,9.929852544601071029e-01,-4.456650706121210320e-05,-4.456650706121210320e-05,-1.067637261706177840e-06,-2.670245984676228134e-05,9.930653618396474425e-01,6.224333232583702214e-05,6.224333232583702214e-05,-2.174361114391693936e-06,-5.186405664777309153e-05,-5.186405664777309153e-05,-5.048582109784745997e-06
9.832038347084576246e-01,-1.074526659399815093e-06,-3.337521605759652838e-05,-2.555855012286488976e-05,9.929572248267707346e-01,-5.432300584816976896e-06,-5.432300584816976896e-06,-1.074526659399815093e-06,-2.663307678226470358e-05,9.930371240571175262e-01,1.011000065442418374e-04,1.011000065442418374e-04,-2.185601585522244532e-06,-5.193993944343779464e-05,-5.193993944343779464e-05,-5.014066805788650946e-06
9.855064198014515942e-01,-1.081369005951787039e-06,-3.345660300586023712e-05,-2.548209400190594757e-05,9.929294094439506946e-01,3.374211329651025180e-05,3.374211329651025180e-05,-1.081369005951787039e-06,-2.656346300785773440e-05,9.930090998329742513e-01,1.399959653279411894e-04,1.399959653279411894e-04,-2.196763199797977348e-06,-5.199355625963252817e-05,-5.199355625963252817e-05,-4.979602455736501765e-06
9.878090048944456747e-01,-1.088164368257448399e-06,-3.353527088747436103e-05,-2.540546027038036034e-05,9.929018072110168402e-01,7.292191044817826267e-05,7.292191044817826267e-05,-1.088164368257448399e-06,-2.649362463863780959e-05,9.929812880849328005e-01,1.788964090027295010e-04,1.788964090027295010e-04,-2.207846096947129994e-06,-5.202484654249707365e-05,-5.202484654249707365e-05,-4.945190516037278349e-06
9.901115899874397552e-01,-1.094912815221619073e-06,-3.361124806383335053e-05,-2.532865491326817368e-05,9.928744170241567968e-01,1.120726221638821204e-04,1.120726221638821204e-04,-1.094912815221619073e-06,-2.642356772848979382e-05,9.929536877273422713e-01,2.177668930778412957e-04,2.177668930778412957e-04,-2.218850419614926733e-06,-5.203376949479538539e-05,-5.203376949479538539e-05,-4.910832420721793970e-06
9.924141750804337248e-01,-1.101614417728052410e-06,-3.368456276079950654e-05,-2.525168385270310539e-05,9.928472377765706902e-01,1.511601631605673961e-04,1.511601631605673961e-04,-1.101614417728052410e-06,-2.635329827043115717e-05,9.929262976713819633e-01,2.565733562422920248e-04,2.565733562422920248e-04,-2.229776313322211510e-06,-5.202030390640215282e-05,-5.202030390640215282e-05,-4.876529581668031454e-06
9.947167601734278053e-01,-1.108269248608844406e-06,-3.375524306715034880e-05,-2.517455294825498012e-05,9.928202683586648813e-01,1.901508586630421590e-04,1.901508586630421590e-04,-1.108269248608844406e-06,-2.628282219686382516e-05,9.928991168252554456e-01,2.952821474504974597e-04,2.952821474504974597e-04,-2.240623926416202301e-06,-5.198444796846243024e-05,-5.198444796846243024e-05,-4.842283388768342403e-06
9.970193452664218858e-01,-1.114877382614467155e-06,-3.382331693307338410e-05,-2.509726799725694839e-05,9.927935076582408147e-01,2.290114705705636284e-04,2.290114705705636284e-04,-1.114877382614467155e-06,-2.621214537987141618e-05,9.928721440943804044e-01,3.338600520900492931e-04,3.338600520900492931e-04,-2.251393410025606839e-06,-5.192621907198135753e-05,-5.192621907198135753e-05,-4.808095210121765178e-06
9.993219303594158553e-01,-1.121438896383737511e-06,-3.388881216871217762e-05,-2.501983473512783002e-05,9.927669545606814250e-01,2.677092226958611900e-04,2.677092226958611900e-04,-1.121438896383737511e-06,-2.614127363151156605e-05,9.928453783815759381e-01,3.722743172219074542e-04,3.722743172219074542e-04,-2.262084918015003961e-06,-5.184565359124336498e-05,-5.184565359124336498e-05,-4.773966392220784650e-06
1.001624515452409936e+00,-1.127953868414274696e-06,-3.395175644275560262e-05,-2.494225883574076663e-05,9.927406079491331026e-01,3.062118250709484381e-04,3.062118250709484381e-04,-1.127953868414274696e-06,-2.607021270415504281e-05,9.928188185872455218e-01,4.104926758875686093e-04,4.104926758875686093e-04,-2.272698606943660019e-06,-5.174280665266142211e-05,-5.174280665266142211e-05,-4.739898260164828555e-06
1.003927100545404016e+00,-1.134422379033132822e-06,-3.401217728111972840e-05,-2.486454591166470393e-05,9.927144667046866600e-01,3.444874973128227418e-04,3.444874973128227418e-04,-1.134422379033132822e-06,-2.599896829069783696e-05,9.927924636095587507e-01,4.484833704756141168e-04,4.484833704756141168e-04,-2.283234636013613381e-06,-5.161775188921793070e-05,-5.161775188921793070e-05,-4.705892117791869302e-06
1.006229685638398097e+00,-1.140844510367713776e-06,-3.407010206562568322e-05,-2.478670151457459283e-05,9.926885297065528579e-01,3.825049910461862874e-04,3.825049910461862874e-04,-1.140844510367713776e-06,-2.592754602494230597e-05,9.927663123446276439e-01,4.862151751459554841e-04,4.862151751459554841e-04,-2.293693167032256756e-06,-5.147058118159380402e-05,-5.147058118159380402e-05,-4.671949247914315875e-06
1.008532270731392178e+00,-1.147220346316924904e-06,-3.412555803276474801e-05,-2.470873113555260454e-05,9.926627958322361556e-01,4.202336113787554558e-04,4.202336113787554558e-04,-1.147220346316924904e-06,-2.585595148186952923e-05,9.927403636866817260e-01,5.236574173062335863e-04,5.236574173062335863e-04,-2.304074364365844819e-06,-5.130140438594621958e-05,-5.130140438594621958e-05,-4.638070912484109875e-06
1.010834855824386036e+00,-1.153549972522622565e-06,-3.417857227251028761e-05,-2.463064020542833288e-05,9.926372639577044632e-01,4.576432374279063649e-04,4.576432374279063649e-04,-1.153549972522622565e-06,-2.578419017795095523e-05,9.927146165282383361e-01,5.607799981397101723e-04,5.607799981397101723e-04,-2.314378394896546258e-06,-5.111034904914436871e-05,-5.111034904914436871e-05,-4.604258352775920105e-06
1.013137440917380117e+00,-1.159833476341320595e-06,-3.422917172715680067e-05,-2.455243409512692819e-05,9.926119329575573413e-01,4.947043418976352020e-04,4.947043418976352020e-04,-1.159833476341320595e-06,-2.571226757146824793e-05,9.926890697602717140e-01,5.975534121835081531e-04,5.975534121835081531e-04,-2.324605427980410610e-06,-5.089756011191774092e-05,-5.089756011191774092e-05,-4.570512789582904597e-06
1.015440026010374197e+00,-1.166070946816123659e-06,-3.427738319023130610e-05,-2.447411811599931145e-05,9.925868017051888703e-01,5.313880097059048508e-04,5.313880097059048508e-04,-1.166070946816123659e-06,-2.564018906281543363e-05,9.926637222723773135e-01,6.339487659571665717e-04,6.339487659571665717e-04,-2.334755635403910386e-06,-5.066319960038401758e-05,-5.066319960038401758e-05,-4.536835423390088086e-06
1.017742611103368278e+00,-1.172262474648948381e-06,-3.432323330543914623e-05,-2.439569752016916980e-05,9.925618690729497429e-01,5.676659556640062301e-04,5.676659556640062301e-04,-1.172262474648948381e-06,-2.556795999481811712e-05,9.926385729529342283e-01,6.699377956432786985e-04,6.699377956432786985e-04,-2.344829191342219195e-06,-5.040744630654404293e-05,-5.040744630654404293e-05,-4.503227434560494116e-06
1.020045196196362358e+00,-1.178408152172990116e-06,-3.436674856565813852e-05,-2.431717750087766165e-05,9.925371339323052489e-01,6.035105412101385812e-04,6.035105412101385812e-04,-1.178408152172990116e-06,-2.549558565305065156e-05,9.926136206892643976e-01,7.054928838223412145e-04,7.054928838223412145e-04,-2.354826272317487748e-06,-5.013049545822458058e-05,-5.013049545822458058e-05,-4.469689983517308791e-06
1.022347781289356439e+00,-1.184508073325446795e-06,-3.440795531197843326e-05,-2.423856319283004972e-05,9.925125951539903735e-01,6.388947902006503416e-04,6.388947902006503416e-04,-1.184508073325446795e-06,-2.542307126615549694e-05,9.925888643677888146e-01,7.405870752652723293e-04,7.405870752652723293e-04,-2.364747057157517120e-06,-4.983255837899560844e-05,-4.983255837899560844e-05,-4.436224210925283043e-06
1.024650366382350297e+00,-1.190562333620497725e-06,-3.444687973278657281e-05,-2.415985967254405175e-05,9.924882516081620087e-01,6.737924037632963322e-04,6.737924037632963322e-04,-1.190562333620497725e-06,-2.535042200616455054e-05,9.925643028741805152e-01,7.751940917879545073e-04,7.751940917879545073e-04,-2.374591726954814870e-06,-4.951386213857858455e-05,-4.951386213857858455e-05,-4.402831237871506409e-06
1.026952951475344378e+00,-1.196571030122537349e-06,-3.448354786289341354e-05,-2.408107195869982440e-05,9.924641021645488337e-01,7.081777742178487324e-04,7.081777742178487324e-04,-1.196571030122537349e-06,-2.527764298882236111e-05,9.925399350935153464e-01,8.092883461731381362e-04,8.092883461731381362e-04,-2.384360465026036989e-06,-4.917464919426091710e-05,-4.917464919426091710e-05,-4.369512166045343928e-06
1.029255536568338458e+00,-1.202534261419656340e-06,-3.451798558270459600e-05,-2.400220501249149881e-05,9.924401456925980858e-01,7.420259980702215196e-04,7.420259980702215196e-04,-1.202534261419656340e-06,-2.520473927391115579e-05,9.925157599104198480e-01,8.428449551658661427e-04,8.428449551658661427e-04,-2.394053456871799572e-06,-4.881517702382967637e-05,-4.881517702382967637e-05,-4.336268077917778432e-06
1.031558121661332539e+00,-1.208452127597377859e-06,-3.455021861743336669e-05,-2.392326373798014268e-05,9.924163810616187797e-01,7.753128880872874181e-04,7.753128880872874181e-04,-1.208452127597377859e-06,-2.513171586557752033e-05,9.924917762092154705e-01,8.758397515495975130e-04,8.758397515495975130e-04,-2.403670890136875047e-06,-4.843571775053471292e-05,-4.843571775053471292e-05,-4.303100036919843115e-06
1.033860706754326619e+00,-1.214324730212643270e-06,-3.458027253635442339e-05,-2.384425298244809783e-05,9.923928071409230389e-01,8.080149844602580161e-04,8.080149844602580161e-04,-1.214324730212643270e-06,-2.505857771266073962e-05,9.924679828740610166e-01,9.082492953109010288e-04,9.082492953109010288e-04,-2.413212954570763215e-06,-4.803655776058813503e-05,-4.803655776058813503e-05,-4.270009087620419680e-06
1.036163291847320700e+00,-1.220152172268043280e-06,-3.460817275209832988e-05,-2.376517753675459174e-05,9.923694227999646511e-01,8.401095650654120126e-04,8.401095650654120126e-04,-1.220152172268043280e-06,-2.498532970902263566e-05,9.924443787890917523e-01,9.400508839015025552e-04,9.400508839015025552e-04,-2.422679841988633713e-06,-4.761799731370378394e-05,-4.761799731370378394e-05,-4.236996255903186907e-06
1.038465876940314780e+00,-1.225934558186298104e-06,-3.463394451998572777e-05,-2.368604213569257898e-05,9.923462269084748488e-01,8.715746548316740880e-04,8.715746548316740880e-04,-1.225934558186298104e-06,-2.491197669387887602e-05,9.924209628385565196e-01,9.712225616071895650e-04,9.712225616071895650e-04,-2.432071746232642019e-06,-4.718035014717557584e-05,-4.718035014717557584e-05,-4.204062549142788263e-06
1.040768462033308639e+00,-1.231671993784982219e-06,-3.465761293740040331e-05,-2.360685145834663296e-05,9.923232183365947590e-01,9.023890342253223064e-04,9.023890342253223064e-04,-1.231671993784982219e-06,-2.483852345213161391e-05,9.923977339069511849e-01,1.001743128033848748e-03,1.001743128033848748e-03,-2.441388863133612649e-06,-4.672394307398962149e-05,-4.672394307398962149e-05,-4.171208956380216849e-06
1.043071047126302719e+00,-1.237364586251496440e-06,-3.467920294320050469e-05,-2.352761012845193883e-05,9.923003959550059649e-01,9.325322468628020325e-04,9.325322468628020325e-04,-1.237364586251496440e-06,-2.476497471470343590e-05,9.923746908791500898e-01,1.031592145721615776e-03,1.031592145721615776e-03,-2.450631390473098005e-06,-4.624911557545918013e-05,-4.624911557545918013e-05,-4.138436448497461733e-06
1.045373632219296800e+00,-1.243012444118277176e-06,-3.469873931716753690e-05,-2.344832271475424181e-05,9.922777586350581824e-01,9.619846062632515533e-04,9.619846062632515533e-04,-1.243012444118277176e-06,-2.469133515887251941e-05,9.923518326405348366e-01,1.060749946898741644e-03,1.060749946898741644e-03,-2.459799527945793410e-06,-4.575621938886753322e-05,-4.575621938886753322e-05,-4.105745978391213234e-06
1.047676217312290881e+00,-1.248615677238252377e-06,-3.471624667949168419e-05,-2.336899373137063919e-05,9.922553052488946035e-01,9.907272017530873841e-04,9.907272017530873841e-04,-1.248615677238252377e-06,-2.461760940860889115e-05,9.923291580771204101e-01,1.089197639387523044e-03,1.089197639387523044e-03,-2.468893477122324409e-06,-4.524561809059602350e-05,-4.524561809059602350e-05,-4.073138481145888036e-06
1.049978802405284961e+00,-1.254174396760535503e-06,-3.473174949029363628e-05,-2.328962763815121937e-05,9.922330346695741321e-01,1.018741903535502367e-03,1.018741903535502367e-03,-1.254174396760535503e-06,-2.454380203491175635e-05,9.923066660756788560e-01,1.116917111675149420e-03,1.116917111675149420e-03,-2.477913441412395328e-06,-4.471768667521023579e-05,-4.471768667521023579e-05,-4.040614874205685296e-06
1.052281387498279042e+00,-1.259688715106358985e-06,-3.474527204918129191e-05,-2.321022884104144960e-05,9.922109457711916214e-01,1.046011366938362193e-03,1.046011366938362193e-03,-1.259688715106358985e-06,-2.446991755614780711e-05,9.922843555238600732e-01,1.143891037162953449e-03,1.143891037162953449e-03,-2.486859626028297401e-06,-4.417281113096954389e-05,-4.417281113096954389e-05,-4.008176057545978677e-06
1.054583972591272900e+00,-1.265158745945243805e-06,-3.475683849484151615e-05,-2.313080169244516356e-05,9.921890374289956682e-01,1.072519035854515830e-03,1.072519035854515830e-03,-1.265158745945243805e-06,-2.439596043839040821e-05,9.922622253103108303e-01,1.170102877608077477e-03,1.170102877608077477e-03,-2.495732237948774770e-06,-4.361138801221898668e-05,-4.361138801221898668e-05,-3.975822913843680934e-06
1.056886557684266981e+00,-1.270584604171408563e-06,-3.476647280466546038e-05,-2.305135049158822980e-05,9.921673085195031883e-01,1.098249145389059009e-03,1.098249145389059009e-03,-1.270584604171408563e-06,-2.432193509575963689e-05,9.922402743247904500e-01,1.195536885772097461e-03,1.195536885772097461e-03,-2.504531485883252587e-06,-4.303382400911471845e-05,-4.303382400911471845e-05,-3.943556308646903769e-06
1.059189142777261061e+00,-1.275966405880407467e-06,-3.477419879440743169e-05,-2.297187948488269466e-05,9.921457579206127697e-01,1.123186723728518714e-03,1.123186723728518714e-03,-1.275966405880407467e-06,-2.424784589076310170e-05,9.922185014582850515e-01,1.220178107291571175e-03,1.220178107291571175e-03,-2.513257580236414522e-06,-4.244053551512784082e-05,-4.244053551512784082e-05,-3.911377090543718973e-06
1.061491727870255142e+00,-1.281304268346006543e-06,-3.478004011787632889e-05,-2.289239286629140616e-05,9.921243845117144744e-01,1.147317593247474060e-03,1.147317593247474060e-03,-1.281304268346006543e-06,-2.417369713463741207e-05,9.921969056031183509e-01,1.244012381786023655e-03,1.244012381786023655e-03,-2.521910733073136445e-06,-4.183194819276203868e-05,-4.183194819276203868e-05,-3.879286091329959050e-06
1.063794312963249222e+00,-1.286598309997289816e-06,-3.478402026665874410e-05,-2.281289477769302091e-05,9.921031871737978625e-01,1.170628370868434650e-03,1.170628370868434650e-03,-1.286598309997289816e-06,-2.409949308769031179e-05,9.921754856530609068e-01,1.267026343219195992e-03,1.267026343219195992e-03,-2.530491158083771203e-06,-4.120849653791389675e-05,-4.120849653791389675e-05,-3.847284126176375774e-06
1.066096898056243303e+00,-1.291848650395994617e-06,-3.478616256987369584e-05,-2.273338930924734968e-05,9.920821647895579076e-01,1.193106467691273280e-03,1.193106467691273280e-03,-1.291848650395994617e-06,-2.402523795964334451e-05,9.921542405034368128e-01,1.289207419529846740e-03,1.289207419529846740e-03,-2.538999070549783224e-06,-4.057062344329586225e-05,-4.057062344329586225e-05,-3.815371993794655264e-06
1.068399483149237383e+00,-1.297055410214078758e-06,-3.478649019395789607e-05,-2.265388049976098091e-05,9.920613162434979149e-01,1.214740087908807147e-03,1.214740087908807147e-03,-1.297055410214078758e-06,-2.395093590997505797e-05,9.921331690512278367e-01,1.310543831548707447e-03,1.310543831548707447e-03,-2.547434687309730829e-06,-3.991877976133324085e-05,-3.991877976133324085e-05,-3.783550476602721541e-06
1.070702068242231242e+00,-1.302218711211510909e-06,-3.478502614248083944e-05,-2.257437233705306676e-05,9.920406404220309948e-01,1.235518227025498130e-03,1.235518227025498130e-03,-1.302218711211510909e-06,-2.387659104826457746e-05,9.921122701951757827e-01,1.331024591218556413e-03,1.331024591218556413e-03,-2.555798226725589466e-06,-3.925342386693813566e-05,-3.925342386693813566e-05,-3.751820340889138853e-06
1.073004653335225322e+00,-1.307338676214292421e-06,-3.478179325598955239e-05,-2.249486875832131257e-05,9.920201362135782075e-01,1.255430669396513784e-03,1.255430669396513784e-03,-1.307338676214292421e-06,-2.380220743453560626e-05,9.920915428358818566e-01,1.350639499134656182e-03,1.350639499134656182e-03,-2.564089908649430712e-06,-3.857502122055388784e-05,-3.857502122055388784e-05,-3.720182336976551333e-06
1.075307238428219403e+00,-1.312415429092697682e-06,-3.477681421188194474e-05,-2.241537365050801697e-05,9.919998025086661508e-01,1.274467985104648943e-03,1.274467985104648943e-03,-1.312415429092697682e-06,-2.372778907960071401e-05,9.920709858759049204e-01,1.369379141423051867e-03,1.369379141423051867e-03,-2.572309954390423560e-06,-3.788404393185563579e-05,-3.788404393185563579e-05,-3.688637199384285803e-06
1.077609823521213483e+00,-1.317449094739741485e-06,-3.477011152430831668e-05,-2.233589085066615620e-05,9.919796382000199975e-01,1.292621526192910082e-03,1.292621526192910082e-03,-1.317449094739741485e-06,-2.365333994540589621e-05,9.920505982198561945e-01,1.387234885974533748e-03,1.387234885974533748e-03,-2.580458586682195696e-06,-3.718097032448142196e-05,-3.718097032448142196e-05,-3.657185646990051207e-06
1.079912408614207564e+00,-1.322439799049867676e-06,-3.476170754410054010e-05,-2.225642414632540738e-05,9.919596421826569754e-01,1.309883422270709686e-03,1.309883422270709686e-03,-1.322439799049867676e-06,-2.357886394537527590e-05,9.920303787744930712e-01,1.404198878052210749e-03,1.404198878052210749e-03,-2.588536029650517927e-06,-3.646628450216061275e-05,-3.646628450216061275e-05,-3.625828383190669042e-06
1.082214993707201645e+00,-1.327387668897856129e-06,-3.475162445872811447e-05,-2.217697727585814799e-05,9.919398133539757412e-01,1.326246575511860933e-03,1.326246575511860933e-03,-1.327387668897856129e-06,-2.350436494475600539e-05,9.920103264488100425e-01,1.420264035290884873e-03,1.420264035290884873e-03,-2.596542508781331647e-06,-3.574047591659613050e-05,-3.574047591659613050e-05,-3.594566096061984289e-06
1.084517578800195503e+00,-1.332292832117949950e-06,-3.473988429228066377e-05,-2.209755392884526237e-05,9.919201506138447533e-01,1.341704655062696781e-03,1.341704655062696781e-03,-1.332292832117949950e-06,-2.342984676096321190e-05,9.919904401541276284e-01,1.435424042106549615e-03,1.435424042106549615e-03,-2.604478250889107500e-06,-3.500403893744713079e-05,-3.500403893744713079e-05,-3.563399458517753963e-06
1.086820163893189584e+00,-1.337155417483200998e-06,-3.472650890547620352e-05,-2.201815774644176176e-05,9.919006528646879817e-01,1.356252090878806282e-03,1.356252090878806282e-03,-1.337155417483200998e-06,-2.335531316392496361e-05,9.919707188041797519e-01,1.449673343534506028e-03,1.449673343534506028e-03,-2.612343484085536501e-06,-3.425747242474908814e-05,-3.425747242474908814e-05,-3.532329128467729727e-06
1.089122748986183664e+00,-1.341975554685026960e-06,-3.471151999569472397e-05,-2.193879232174222142e-05,9.918813190115690626e-01,1.369884067008944216e-03,1.369884067008944216e-03,-1.341975554685026960e-06,-2.328076787642724922e-05,9.919511613151983376e-01,1.463007138514653199e-03,1.463007138514653199e-03,-2.620138437748548959e-06,-3.350127930409928164e-05,-3.350127930409928164e-05,-3.501355748974725747e-06
1.091425334079177745e+00,-1.346753374312987167e-06,-3.469493909703635752e-05,-2.185946120014585522e-05,9.918621479622727888e-01,1.382596514344839765e-03,1.382596514344839765e-03,-1.346753374312987167e-06,-2.320621457445884238e-05,9.919317666059961347e-01,1.475421372642675161e-03,1.475421372642675161e-03,-2.627863342491664166e-06,-3.273596614492371872e-05,-3.273596614492371872e-05,-3.470479948410843334e-06
1.093727919172171825e+00,-1.351489007834769113e-06,-3.467678758040388651e-05,-2.178016787972126837e-05,9.918431386273854899e-01,1.394386102855611461e-03,1.394386102855611461e-03,-1.351489007834769113e-06,-2.313165688755603727e-05,9.919125335980482072e-01,1.486912730405835596e-03,1.486912730405835596e-03,-2.635518430133662382e-06,-3.196204274213360693e-05,-3.196204274213360693e-05,-3.439702340612639755e-06
1.096030504265165906e+00,-1.356182587576386729e-06,-3.465708665360868332e-05,-2.170091581157084081e-05,9.918242899203727481e-01,1.405250233325606697e-03,1.405250233325606697e-03,-1.356182587576386729e-06,-2.305709839914722839e-05,9.918934612155702046e-01,1.497478626922195584e-03,1.497478626922195584e-03,-2.643103933668583775e-06,-3.118002170146815373e-05,-3.118002170146815373e-05,-3.409023525035482625e-06
1.098333089358159764e+00,-1.360834246702588300e-06,-3.463585736149976435e-05,-2.162170840019466003e-05,9.918056007576552258e-01,1.415187028614465874e-03,1.415187028614465874e-03,-1.360834246702588300e-06,-2.298254264689724981e-05,9.918745483855959666e-01,1.507117199202054900e-03,1.507117199202054900e-03,-2.650620087236046694e-06,-3.039041802881076743e-05,-3.039041802881076743e-05,-3.378444086906942914e-06
1.100635674451153845e+00,-1.365444119197475292e-06,-3.461312058611547662e-05,-2.154254900385394895e-05,9.917870700586831623e-01,1.424195324458242236e-03,1.424195324458242236e-03,-1.365444119197475292e-06,-2.290799312305142298e-05,9.918557940380523519e-01,1.515827296950447928e-03,1.515827296950447928e-03,-2.658067126091888657e-06,-2.959374872375521872e-05,-2.959374872375521872e-05,-3.347964597379179986e-06
1.102938259544147925e+00,-1.370012339845322137e-06,-3.458889704685706501e-05,-2.146344093493399594e-05,9.917686967460084269e-01,1.432274659830352990e-03,1.432274659830352990e-03,-1.370012339845322137e-06,-2.283345327477931660e-05,9.918371971058327352e-01,1.523608472929470188e-03,1.523608472929470188e-03,-2.665445286579116937e-06,-2.879053237768941189e-05,-2.879053237768941189e-05,-3.317585613680491041e-06
1.105240844637142006e+00,-1.374539044211608204e-06,-3.456320730068394387e-05,-2.138438746030650185e-05,9.917504797453546850e-01,1.439425266881146342e-03,1.439425266881146342e-03,-1.374539044211608204e-06,-2.275892650451811006e-05,9.918187565248682835e-01,1.530460972899218850e-03,1.530460972899218850e-03,-2.672754806099186517e-06,-2.798128877665186472e-05,-2.798128877665186472e-05,-3.287307679265809386e-06
1.107543429730136086e+00,-1.379024368624250509e-06,-3.453607174232993434e-05,-2.130539180169132074e-05,9.917324179856864541e-01,1.445648060474763984e-03,1.445648060474763984e-03,-1.379024368624250509e-06,-2.268441617031557062e-05,9.918004712341974560e-01,1.536385725156026293e-03,1.536385725156026293e-03,-2.679995923083581714e-06,-2.716653850920842060e-05,-2.716653850920842060e-05,-3.257131323966309088e-06
1.109846014823130167e+00,-1.383468450155039721e-06,-3.450751060453986438e-05,-2.122645713601749242e-05,9.917145103992753841e-01,1.450944627341929942e-03,1.450944627341929942e-03,-1.383468450155039721e-06,-2.260992558617253256e-05,9.917823401760339497e-01,1.541384329686620045e-03,1.541384329686620045e-03,-2.687168876965713744e-06,-2.634680257958481360e-05,-2.634680257958481360e-05,-3.227057064138095259e-06
1.112148599916124247e+00,-1.387871426601277121e-06,-3.447754395832645013e-05,-2.114758659578366170e-05,9.916967559217656492e-01,1.455317214867193074e-03,1.455317214867193074e-03,-1.387871426601277121e-06,-2.253545802238493925e-05,9.917643622958327576e-01,1.545459046956732885e-03,1.545459046956732885e-03,-2.694273908153127450e-06,-2.552260202628141034e-05,-2.552260202628141034e-05,-3.197085402809877470e-06
1.114451185009118106e+00,-1.392233436467610829e-06,-3.444619171324668619e-05,-2.106878326941768461e-05,9.916791534922366758e-01,1.458768719529034271e-03,1.458768719529034271e-03,-1.392233436467610829e-06,-2.246101670588529565e-05,9.917465365423543400e-01,1.548612786352575495e-03,1.548612786352575495e-03,-2.701311258000015085e-06,-2.469445754638609837e-05,-2.469445754638609837e-05,-3.167216829829688140e-06
1.116753770102112187e+00,-1.396554618948073408e-06,-3.441347361769715512e-05,-2.099005020163547894e-05,9.916617020532657589e-01,1.461302675011134488e-03,1.461302675011134488e-03,-1.396554618948073408e-06,-2.238660482058355171e-05,9.917288618677274625e-01,1.550849094293468627e-03,1.550849094293468627e-03,-2.708281168780035874e-06,-2.386288912579085866e-05,-2.386288912579085866e-05,-3.137451822010731449e-06
1.119056355195106267e+00,-1.400835113908310907e-06,-3.437940925922824286e-05,-2.091139039379910571e-05,9.916444005509861270e-01,1.462923240002930161e-03,1.462923240002930161e-03,-1.400835113908310907e-06,-2.231222550770741640e-05,9.917113372275092598e-01,1.552172142033759854e-03,1.552172142033759854e-03,-2.715183883659436267e-06,-2.302841567550918098e-05,-2.302841567550918098e-05,-3.107790843276171756e-06
1.121358940288100348e+00,-1.405075061868012216e-06,-3.434401806487628401e-05,-2.083280680427392235e-05,9.916272479351471159e-01,1.463635185707456163e-03,1.463635185707456163e-03,-1.405075061868012216e-06,-2.223788186614193330e-05,9.916939615807455199e-01,1.552586713172023937e-03,1.552586713172023937e-03,-2.722019646670475975e-06,-2.219155467427883982e-05,-2.219155467427883982e-05,-3.078234344803041958e-06
1.123661525381094428e+00,-1.409274603983529859e-06,-3.430731930151356262e-05,-2.075430234878489558e-05,9.916102431591692357e-01,1.463443883074267609e-03,1.463443883074267609e-03,-1.409274603983529859e-06,-2.216357695276842586e-05,9.916767338900275286e-01,1.552098190885341407e-03,1.552098190885341407e-03,-2.728788702685149197e-06,-2.135282181762739623e-05,-2.135282181762739623e-05,-3.048782765165156587e-06
1.125964110474088509e+00,-1.413433882030695387e-06,-3.426933207621558571e-05,-2.067587990077199604e-05,9.915933851801995713e-01,1.462355289775072896e-03,1.462355289775072896e-03,-1.413433882030695387e-06,-2.208931378280269058e-05,9.916596531215480237e-01,1.550712544906283604e-03,1.550712544906283604e-03,-2.735491297389207390e-06,-2.051273067356651164e-05,-2.051273067356651164e-05,-3.019436530475077913e-06
1.128266695567082367e+00,-1.417553038387822605e-06,-3.423007533664516189e-05,-2.059754229174459356e-05,9.915766729591655171e-01,1.460375936939483548e-03,1.460375936939483548e-03,-1.417553038387822605e-06,-2.201509533013241765e-05,9.916427182451559297e-01,1.548436318260013218e-03,1.548436318260013218e-03,-2.742127677256471725e-06,-1.967179234507195792e-05,-1.967179234507195792e-05,-2.990196054525087219e-06
1.130569280660076448e+00,-1.421632216018905614e-06,-3.418956787145289880e-05,-2.051929231163490366e-05,9.915601054608257359e-01,1.457512915668096685e-03,1.457512915668096685e-03,-1.421632216018905614e-06,-2.194092452765380864e-05,9.916259282344086490e-01,1.545276613778711824e-03,1.545276613778711824e-03,-2.748698089523444966e-06,-1.883051513949613126e-05,-1.883051513949613126e-05,-2.961061738927269227e-06
1.132871865753070528e+00,-1.425671558456999177e-06,-3.414782831069372658e-05,-2.044113270915038711e-05,9.915436816538207854e-01,1.453773863339878538e-03,1.453773863339878538e-03,-1.425671558456999177e-06,-2.186680426760738777e-05,9.916092820666235763e-01,1.541241080410308021e-03,1.541241080410308021e-03,-2.755202782164207112e-06,-1.798940424505205454e-05,-1.798940424505205454e-05,-2.932033973252560175e-06
1.135174450846064609e+00,-1.429671209787791577e-06,-3.410487512625894556e-05,-2.036306619212512633e-05,9.915274005107219679e-01,1.449166949730594295e-03,1.449166949730594295e-03,-1.429671209787791577e-06,-2.179273740191291876e-05,9.915927787229277257e-01,1.536337899338246051e-03,1.536337899338246051e-03,-2.761642003865609185e-06,-1.714896141449565197e-05,-1.714896141449565197e-05,-2.903113135168907367e-06
1.137477035939058689e+00,-1.433631314633359366e-06,-3.406072663232354107e-05,-2.028509542787005658e-05,9.915112610080781819e-01,1.443700862958774769e-03,1.443700862958774769e-03,-1.433631314633359366e-06,-2.171872674250341701e-05,9.915764171883056921e-01,1.530575769928788424e-03,1.530575769928788424e-03,-2.768016004002744006e-06,-1.630968465612674082e-05,-1.630968465612674082e-05,-2.874299590578366958e-06
1.139779621032052770e+00,-1.437552018136108261e-06,-3.401540098580817543e-05,-2.020722304352214001e-05,9.914952621264619959e-01,1.437384795275453665e-03,1.437384795275453665e-03,-1.437552018136108261e-06,-2.164477506165824700e-05,9.915601964516469469e-01,1.523963895522086748e-03,1.523963895522086748e-03,-2.774325032614711311e-06,-1.547206793221829203e-05,-1.547206793221829203e-05,-2.845593693753334806e-06
1.142082206125046628e+00,-1.441433465942894664e-06,-3.396891618685553228e-05,-2.012945162639238103e-05,9.914794028505133916e-01,1.430228428713647233e-03,1.430228428713647233e-03,-1.441433465942894664e-06,-2.157088509233527442e-05,9.915441155057903577e-01,1.516511969082988236e-03,1.516511969082988236e-03,-2.780569340380659000e-06,-1.463660086497527663e-05,-1.463660086497527663e-05,-2.816995787471789255e-06
1.144384791218040709e+00,-1.445275804189333524e-06,-3.392129007932075536e-05,-2.005178372431261853e-05,9.914636821689828405e-01,1.422241920613255854e-03,1.422241920613255854e-03,-1.445275804189333524e-06,-2.149705952850195100e-05,9.915281733475683756e-01,1.508230158727263698e-03,1.508230158727263698e-03,-2.786749178596109838e-06,-1.380376845011483182e-05,-1.380376845011483182e-05,-2.788506203151541199e-06
1.146687376311034789e+00,-1.449079179484279007e-06,-3.387254035127538571e-05,-1.997422184598122378e-05,9.914480990747731592e-01,1.413435889036812262e-03,1.413435889036812262e-03,-1.449079179484279007e-06,-2.142330102546550151e-05,9.915123689778495564e-01,1.499129093138674377e-03,1.499129093138674377e-03,-2.792864799149563864e-06,-1.297405077815255484e-05,-1.297405077815255484e-05,-2.760125260983547756e-06
1.148989961404028870e+00,-1.452843738894489171e-06,-3.382268453552460740e-05,-1.989676846130745651e-05,9.914326525649788113e-01,1.403821398091169162e-03,1.403821398091169162e-03,-1.452843738894489171e-06,-2.134961220020194526e-05,9.914967014015794167e-01,1.489219846891976862e-03,1.489219846891976862e-03,-2.798916454499379047e-06,-1.214792276346832353e-05,-1.214792276346832353e-05,-2.731853270064265817e-06
1.151292546497022951e+00,-1.456569629929466832e-06,-3.377174001013719882e-05,-1.981942600175464210e-05,9.914173416409250983e-01,1.393409943169955515e-03,1.393409943169955515e-03,-1.456569629929466832e-06,-2.127599563168410787e-05,9.914811696278201802e-01,1.478513925696691919e-03,1.478513925696691919e-03,-2.804904397650927660e-06,-1.132585388121941134e-05,-1.132585388121941134e-05,-2.703690528527057776e-06
1.153595131590017031e+00,-1.460257000526475550e-06,-3.371972399898816905e-05,-1.974219686068204416e-05,9.914021653082053520e-01,1.382213436131307042e-03,1.382213436131307042e-03,-1.460257000526475550e-06,-2.120245386120851844e-05,9.914657726697889695e-01,1.467023251576141021e-03,1.467023251576141021e-03,-2.810828882134023692e-06,-1.050830791215885060e-05,-1.050830791215885060e-05,-2.675637323672585055e-06
1.155897716683011112e+00,-1.463905999035730949e-06,-3.366665357231335437e-05,-1.966508339368543620e-05,9.913871225767167950e-01,1.370244190425062934e-03,1.370244190425062934e-03,-1.463905999035730949e-06,-2.112898939272116821e-05,9.914505095448949978e-01,1.454760147995947566e-03,1.454760147995947566e-03,-2.816690161980623867e-06,-9.695742695409278439e-06,-9.695742695409278439e-06,-2.647693932098327062e-06
1.158200301776004970e+00,-1.467516774205764207e-06,-3.361254564727594104e-05,-1.958808791893636541e-05,9.913722124606955122e-01,1.357514906183319991e-03,1.357514906183319991e-03,-1.467516774205764207e-06,-2.105560469314213089e-05,9.914353792747749861e-01,1.441737324955888596e-03,1.441737324955888596e-03,-2.822488491702792920e-06,-8.888609889234831934e-06,-8.888609889234831934e-06,-2.619860619827038818e-06
1.160502886868999051e+00,-1.471089475168959807e-06,-3.355741698854417562e-05,-1.951121271752001039e-05,9.913574339787499801e-01,1.344038655287882206e-03,1.344038655287882206e-03,-1.471089475168959807e-06,-2.098230219268896999e-05,9.914203808853280231e-01,1.427967864058638046e-03,1.427967864058638046e-03,-2.828224126270941211e-06,-8.087354739845038282e-06,-8.087354739845038282e-06,-2.592137642434363252e-06
1.162805471961993131e+00,-1.474624251427260591e-06,-3.350128420888054078e-05,-1.943446003377176156e-05,9.913427861538925967e-01,1.329828866427865131e-03,1.329828866427865131e-03,-1.474624251427260591e-06,-2.090908428519902131e-05,9.914055134067482067e-01,1.413465203568661311e-03,1.413465203568661311e-03,-2.833897321092322787e-06,-7.292415858258990890e-06,-7.292415858258990890e-06,-2.564525245175385542e-06
1.165108057054987212e+00,-1.478121252838044967e-06,-3.344416376974129198e-05,-1.935783207561232093e-05,9.913282680135716562e-01,1.314899310160326257e-03,1.314899310160326257e-03,-1.478121252838044967e-06,-2.083595332845036420e-05,9.913907758735570619e-01,1.398243123474127809e-03,1.398243123474127809e-03,-2.839508331989797307e-06,-6.504225005247729491e-06,-6.504225005247729491e-06,-2.537023663110329419e-06
1.167410642147981292e+00,-1.481580629600170556e-06,-3.338607198188672098e-05,-1.928133101488143308e-05,9.913138785897004368e-01,1.299264083986507480e-03,1.299264083986507480e-03,-1.481580629600170556e-06,-2.076291164448160363e-05,9.913761673246338502e-01,1.382315730564433881e-03,1.382315730564433881e-03,-2.845057415180854961e-06,-5.723206884368319241e-06,-5.723206884368319241e-06,-2.509633121229189592e-06
1.169713227240975373e+00,-1.485002532240185770e-06,-3.332702500600128565e-05,-1.920495898767017620e-05,9.912996169186857331e-01,1.282937597455910969e-03,1.282937597455910969e-03,-1.485002532240185770e-06,-2.068996151991036133e-05,9.913616868032454343e-01,1.365697443535552388e-03,1.365697443535552388e-03,-2.850544827256897199e-06,-4.949778943094464483e-06,-4.949778943094464483e-06,-2.482353834575542557e-06
1.172015812333969231e+00,-1.488387111598704226e-06,-3.326703885332375500e-05,-1.912871809465178943e-05,9.912854820414557233e-01,1.265934557310104125e-03,1.265934557310104125e-03,-1.488387111598704226e-06,-2.061710520625049302e-05,9.913473333570744783e-01,1.348402978135106178e-03,1.348402978135106178e-03,-2.855970825162775378e-06,-4.184351182042043602e-06,-4.184351182042043602e-06,-2.455186008369278706e-06
1.174318397426963312e+00,-1.491734518816947087e-06,-3.320612938628661064e-05,-1.905261040141101962e-05,9.912714730034857258e-01,1.248269952677787771e-03,1.248269952677787771e-03,-1.491734518816947087e-06,-2.054434492022796734e-05,9.913331060382464255e-01,1.330447332358699599e-03,1.330447332358699599e-03,-2.861335666176586490e-06,-3.427325972280887956e-06,-3.427325972280887956e-06,-2.428129838128486977e-06
1.176620982519957392e+00,-1.495044905323443797e-06,-3.314431231916472497e-05,-1.897663793877202808e-05,9.912575888548235126e-01,1.229959040332361236e-03,1.229959040332361236e-03,-1.495044905323443797e-06,-2.047168284409547082e-05,9.913190039033558110e-01,1.311845771708743200e-03,1.311845771708743200e-03,-2.866639607889716634e-06,-2.679097880718897020e-06,-2.679097880718897020e-06,-2.401185509790342128e-06
1.178923567612951473e+00,-1.498318422820897990e-06,-3.308160321873292978e-05,-1.890080270312470158e-05,9.912438286501134010e-01,1.211017330022813110e-03,1.211017330022813110e-03,-1.498318422820897990e-06,-2.039912112594559999e-05,9.913050260134912417e-01,1.292613814526595442e-03,1.292613814526595442e-03,-2.871882908187139885e-06,-1.940053503535849837e-06,-1.940053503535849837e-06,-2.374353199831044181e-06
1.181226152705945553e+00,-1.501555223273210732e-06,-3.301801750493203486e-05,-1.882510665674954028e-05,9.912301914486191246e-01,1.191460569888472655e-03,1.191460569888472655e-03,-1.501555223273210732e-06,-2.032666188002275250e-05,9.912911714342591551e-01,1.272767217408563760e-03,1.272767217408563760e-03,-2.877065825227964481e-06,-1.210571307640543358e-06,-1.210571307640543358e-06,-2.347633075384850686e-06
1.183528737798939634e+00,-1.504755458892665759e-06,-3.295357045154324242e-05,-1.874955172814090926e-05,9.912166763142452597e-01,1.171304731967792332e-03,1.171304731967792332e-03,-1.504755458892665759e-06,-2.025430718703357481e-05,9.912774392358063569e-01,1.252321960715926550e-03,1.252321960715926550e-03,-2.882188617426226359e-06,-4.910214801174909152e-07,-4.910214801174909152e-07,-2.321025294362130250e-06
1.185831322891933715e+00,-1.507919282127268456e-06,-3.288827718687042874e-05,-1.867413981232878564e-05,9.912032823155586536e-01,1.150565997810974782e-03,1.150565997810974782e-03,-1.507919282127268456e-06,-2.018205909445605474e-05,9.912638284928420029e-01,1.231294234188798960e-03,1.231294234188798960e-03,-2.887251543431924925e-06,2.182342143760564261e-07,2.182342143760564261e-07,-2.294530005566500835e-06
1.188133907984927573e+00,-1.511046845648245126e-06,-3.282215269443024562e-05,-1.859887277119893706e-05,9.911900085258076309e-01,1.129260744205939264e-03,1.129260744205939264e-03,-1.511046845648245126e-06,-2.010991961684718070e-05,9.912503382846581390e-01,1.209700422673327946e-03,1.209700422673327946e-03,-2.892254862112307022e-06,9.168425683073690867e-07,9.168425683073690867e-07,-2.268147348811035059e-06
1.190436493077921654e+00,-1.514138302337695373e-06,-3.275521181364953344e-05,-1.852375243381145347e-05,9.911768540229409785e-01,1.107405529026738106e-03,1.107405529026738106e-03,-1.514138302337695373e-06,-2.003789073614914757e-05,9.912369676951494624e-01,1.187557091971334737e-03,1.187557091971334737e-03,-2.897198832533387209e-06,1.604459058110515545e-06,1.604459058110515545e-06,-2.241877455033503688e-06
1.192739078170915734e+00,-1.517193805276398002e-06,-3.268746924057004579e-05,-1.844878059671777127e-05,9.911638178896260420e-01,1.085017077213257025e-03,1.085017077213257025e-03,-1.517193805276398002e-06,-1.996597440199416991e-05,9.912237158128319736e-01,1.164880974821233799e-03,1.164880974821233799e-03,-2.902083713941709022e-06,2.280747963228100527e-06,2.280747963228100527e-06,-2.215720446410708985e-06
1.195041663263909815e+00,-1.520213507731770657e-06,-3.261893952855986906e-05,-1.837395902427600334e-05,9.911508992132642692e-01,1.062112266890594733e-03,1.062112266890594733e-03,-1.520213507731770657e-06,-1.989417253200777399e-05,9.912105817308602962e-01,1.141688957018625883e-03,1.141688957018625883e-03,-2.906909765746342987e-06,2.945382477414316068e-06,2.945382477414316068e-06,-2.189676436471903700e-06
1.197344248356903895e+00,-1.523197563145980446e-06,-3.254963708903161148e-05,-1.829928944896465291e-05,9.911380970860083073e-01,1.038708115636276111e-03,1.038708115636276111e-03,-1.523197563145980446e-06,-1.982248701211063293e-05,9.911975645470446628e-01,1.117998063684718562e-03,1.117998063684718562e-03,-2.911677247501121371e-06,3.598044812363761299e-06,3.598044812363761299e-06,-2.163745530211256708e-06
1.199646833449897976e+00,-1.526146125124205328e-06,-3.247957619216694839e-05,-1.822477357169471814e-05,9.911254106047762136e-01,1.014821766903041241e-03,1.014821766903041241e-03,-1.526146125124205328e-06,-1.975091969681892453e-05,9.911846633638666804e-01,1.093825445690316993e-03,1.093825445690316993e-03,-2.916386418887103330e-06,4.238426293736478553e-06,4.238426293736478553e-06,-2.137927824199401325e-06
1.201949418542891834e+00,-1.529059347423042898e-06,-3.240877096764723214e-05,-1.815041306212012966e-05,9.911128388712652226e-01,9.904704766046641771e-04,9.904704766046641771e-04,-1.529059347423042898e-06,-1.967947240954317129e-05,9.911718772884938744e-01,1.069188366242836835e-03,1.069188366242836835e-03,-2.921037539695273842e-06,4.866227449653720583e-06,4.866227449653720583e-06,-2.112223406694053573e-06
1.204252003635885915e+00,-1.531937383939069934e-06,-3.233723540538999743e-05,-1.807620955894648053e-05,9.911003809919651797e-01,9.656715998718752407e-04,9.656715998718752407e-04,-1.531937383939069934e-06,-1.960814694288554898e-05,9.911592054327937884e-01,1.044104187643417423e-03,1.044104187643417423e-03,-2.925630869809471326e-06,5.481158091743728648e-06,5.481158091743728648e-06,-2.086632357749747419e-06
1.206554588728879995e+00,-1.534780388697544034e-06,-3.226498335629111126e-05,-1.800216467023816379e-05,9.910880360781701981e-01,9.404425779852007084e-04,9.404425779852007084e-04,-1.534780388697544034e-06,-1.953694505893570783e-05,9.911466469133469737e-01,1.018590358220943567e-03,1.018590358220943567e-03,-2.930166669189541012e-06,6.082937388819719014e-06,6.082937388819719014e-06,-2.061154749326609048e-06
1.208857173821874076e+00,-1.537588515841255394e-06,-3.219202853297228287e-05,-1.792827997372376173e-05,9.910758032459903166e-01,9.148009254911087813e-04,9.148009254911087813e-04,-1.537588515841255394e-06,-1.946586848956501819e-05,9.911342008514589796e-01,9.926643994493688540e-04,9.926643994493688540e-04,-2.934645197854719114e-06,6.671293933278255290e-06,6.671293933278255290e-06,-2.035790645398281566e-06
1.211159758914868156e+00,-1.540361919619519193e-06,-3.211838451053373046e-05,-1.785455701709974104e-05,9.910636816163612695e-01,8.887642175076201001e-04,8.887642175076201001e-04,-1.540361919619519193e-06,-1.939491893671926108e-05,9.911218663731714562e-01,9.663438932544971037e-04,9.663438932544971037e-04,-2.939066715867233004e-06,7.245965800308053373e-06,7.245965800308053373e-06,-2.010540102058835810e-06
1.213462344007862237e+00,-1.543100754377313026e-06,-3.204406472731181487e-05,-1.778099731833247092e-05,9.910516703150548112e-01,8.623500772251600863e-04,8.623500772251600863e-04,-1.543100754377313026e-06,-1.932409807270978394e-05,9.911096426092729228e-01,9.396464695159992492e-04,9.396464695159992492e-04,-2.943431483316129656e-06,7.806700600003873267e-06,7.806700600003873267e-06,-1.985403167628908230e-06
1.215764929100856317e+00,-1.545805174544555589e-06,-3.196908248564131504e-05,-1.770760236595850639e-05,9.910397684726865997e-01,8.355761636081391729e-04,8.355761636081391729e-04,-1.545805174544555589e-06,-1.925340754050306049e-05,9.910975286953080943e-01,9.125897937701513878e-04,9.125897937701513878e-04,-2.947739760301322634e-06,8.353255522483452888e-06,8.353255522483452888e-06,-1.960379882760804547e-06
1.218067514193850176e+00,-1.548475334625524271e-06,-3.189345095262218258e-05,-1.763437361938314710e-05,9.910279752247243001e-01,8.084601593024286648e-04,8.084601593024286648e-04,-1.548475334625524271e-06,-1.918284895400867180e-05,9.910855237715863186e-01,8.851915551184633656e-04,8.851915551184633656e-04,-2.951991806917853788e-06,8.885397376108484903e-06,8.885397376108484903e-06,-1.935470280542811445e-06
1.220370099286844257e+00,-1.551111389188416954e-06,-3.181718316089059920e-05,-1.756131250917727834e-05,9.910162897114951353e-01,7.810197587535715668e-04,7.810197587535715668e-04,-1.551111389188416954e-06,-1.911242389836569487e-05,9.910736269831902367e-01,8.574694543470343057e-04,8.574694543470343057e-04,-2.956187883240376039e-06,9.402902618914199456e-06,9.402902618914199456e-06,-1.910674386602540934e-06
1.222672684379838337e+00,-1.553713492855045107e-06,-3.174029200939403901e-05,-1.748842043737245357e-05,9.910047110781915469e-01,7.532726565403253952e-04,7.532726565403253952e-04,-1.553713492855045107e-06,-1.904213393022749888e-05,9.910618374799822217e-01,8.294411922612353501e-04,8.294411922612353501e-04,-2.960328249307846647e-06,9.905557383353951950e-06,9.905557383353951950e-06,-1.885992219209416050e-06
1.224975269472832418e+00,-1.556281800290670236e-06,-3.166279026417022710e-05,-1.741569877775426260e-05,9.909932384748768586e-01,7.252365359277324021e-04,7.252365359277324021e-04,-1.556281800290670236e-06,-1.897198057804493199e-05,9.910501544166110399e-01,8.011244582399121164e-04,8.011244582399121164e-04,-2.964413165108434776e-06,1.039315749446975012e-05,1.039315749446975012e-05,-1.861423789376242805e-06
1.227277854565826498e+00,-1.558816466193972897e-06,-3.158469055912959468e-05,-1.734314887615389728e-05,9.909818710564904931e-01,6.969290576437174849e-04,6.969290576437174849e-04,-1.558816466193972897e-06,-1.890196534234787166e-05,9.910385769525175137e-01,7.725369190131089851e-04,7.725369190131089851e-04,-2.968442890564639546e-06,1.086550848160046011e-05,1.086550848160046011e-05,-1.836969100959930245e-06
1.229580439658820579e+00,-1.561317645287158292e-06,-3.150600539684132571e-05,-1.727077205073799940e-05,9.909706079828513037e-01,6.683678488828597363e-04,6.683678488828597363e-04,-1.561317645287158292e-06,-1.883208969602515897e-05,9.910271042519394058e-01,7.436962076669604129e-04,7.436962076669604129e-04,-2.972417685518616466e-06,1.132242558374291858e-05,1.132242558374291858e-05,-1.812628150761286808e-06
1.231883024751814437e+00,-1.563785492306193789e-06,-3.142674714932254759e-05,-1.719856959229673320e-05,9.909594484186614594e-01,6.395704925407310780e-04,6.395704925407310780e-04,-1.563785492306193789e-06,-1.876235508460292678e-05,9.910157354839153054e-01,7.146199128791428257e-04,7.146199128791428257e-04,-2.976337809717710526e-06,1.176373374868308860e-05,1.176373374868308860e-05,-1.788400928623980245e-06
1.234185609844808518e+00,-1.566220161991181127e-06,-3.134692805883053742e-05,-1.712654276453003845e-05,9.909483915335088877e-01,6.105545166818786198e-04,6.105545166818786198e-04,-1.566220161991181127e-06,-1.869276292652122042e-05,9.910044698222884030e-01,6.853255683879635150e-04,6.853255683879635150e-04,-2.980203522800197249e-06,1.218926762601681996e-05,1.218926762601681996e-05,-1.764287417532557121e-06
1.236488194937802598e+00,-1.568621809076858206e-06,-3.126656023865786907e-05,-1.705469280433221320e-05,9.909374365018687181e-01,5.813373842443218201e-04,5.813373842443218201e-04,-1.568621809076858206e-06,-1.862331461340906993e-05,9.909933064457089325e-01,6.558306426979581541e-04,6.558306426979581541e-04,-2.984015084281221943e-06,1.259887155418088190e-05,1.259887155418088190e-05,-1.740287593709674992e-06
1.238790780030796679e+00,-1.570990588283231753e-06,-3.118565567393014200e-05,-1.698302092207459242e-05,9.909265825031053909e-01,5.519364829830613640e-04,5.519364829830613640e-04,-1.570990588283231753e-06,-1.855401151035782417e-05,9.909822445376365030e-01,6.261525290244926607e-04,6.261525290244926607e-04,-2.987772753538944360e-06,1.299239954161815557e-05,1.299239954161815557e-05,-1.716401426712407518e-06
1.241093365123790759e+00,-1.573326654306340430e-06,-3.110422622240621742e-05,-1.691152830188653248e-05,9.909158287214726579e-01,5.223691156549317705e-04,5.223691156549317705e-04,-1.573326654306340430e-06,-1.848485495619287228e-05,9.909712832863412091e-01,5.963085354797032596e-04,5.963085354797032596e-04,-2.991476789800882829e-06,1.336971524220117975e-05,1.336971524220117975e-05,-1.692628879527674997e-06
1.243395950216784840e+00,-1.575630161809143294e-06,-3.102228361528075820e-05,-1.684021610193454585e-05,9.909051743461133599e-01,4.926524904468168381e-04,4.926524904468168381e-04,-1.575630161809143294e-06,-1.841584626374368787e-05,9.909604218849046298e-01,5.663158755017915760e-04,5.663158755017915760e-04,-2.995127452130454061e-06,1.373069192504045760e-05,1.373069192504045760e-05,-1.668969908666905600e-06
1.245698535309778698e+00,-1.577901265412538500e-06,-3.093983945798893731e-05,-1.676908545469967722e-05,9.908946185710593157e-01,4.628037116490013592e-04,4.628037116490013592e-04,-1.577901265412538500e-06,-1.834698672011221657e-05,9.909496595312196066e-01,5.361916585294502526e-04,5.361916585294502526e-04,-2.998724999413711144e-06,1.407521243880519624e-05,1.407521243880519624e-05,-1.645424464259674434e-06
1.248001120402772779e+00,-1.580140119686506090e-06,-3.085690523101296230e-05,-1.669813746725306032e-05,9.908841605952293241e-01,4.328397705751838151e-04,4.328397705751838151e-04,-1.580140119686506090e-06,-1.827827758693956599e-05,9.909389954279901325e-01,5.059528809229420655e-04,5.059528809229420655e-04,-3.002269690346277223e-06,1.440316917068541079e-05,1.440316917068541079e-05,-1.621992490146669645e-06
1.250303705495766859e+00,-1.582346879141374443e-06,-3.077349229069059188e-05,-1.662737322152968908e-05,9.908737996224276090e-01,4.027775367304708282e-04,4.027775367304708282e-04,-1.582346879141374443e-06,-1.820972010067106267e-05,9.909284287827295756e-01,4.756164171331551060e-04,4.756164171331551060e-04,-3.005761783420465090e-06,1.471446400012496887e-05,1.471446400012496887e-05,-1.598673923971693537e-06
1.252606290588760940e+00,-1.584521698219213578e-06,-3.068961187002510957e-05,-1.655679377460037959e-05,9.908635348613410443e-01,3.726337492283513788e-04,3.726337492283513788e-04,-1.584521698219213578e-06,-1.814131547281959465e-05,9.909179588077594580e-01,4.451990111196297575e-04,4.451990111196297575e-04,-3.009201536912597519e-06,1.500900824745704008e-05,1.500900824745704008e-05,-1.575468697272865784e-06
1.254908875681755021e+00,-1.586664731285347881e-06,-3.060527507949682864e-05,-1.648640015894192962e-05,9.908533655255362671e-01,3.424250084575161971e-04,3.424250084575161971e-04,-1.586664731285347881e-06,-1.807306489022727686e-05,9.909075847202069021e-01,4.147172680184253181e-04,4.147172680184253181e-04,-3.012589208870507610e-06,1.528672261757323028e-05,1.528672261757323028e-05,-1.552376735572959922e-06
1.257211460774749101e+00,-1.588776132619992927e-06,-3.052049290787589819e-05,-1.641619338270543823e-05,9.908432908334555700e-01,3.121677679990987999e-04,3.121677679990987999e-04,-1.588776132619992927e-06,-1.800496951532543264e-05,9.908973057420015218e-01,3.841876460604005169e-04,3.841876460604005169e-04,-3.015925057101233510e-06,1.554753713875904448e-05,1.554753713875904448e-05,-1.529397958468912491e-06
1.259514045867743182e+00,-1.590856056410010883e-06,-3.043527622303624755e-05,-1.634617442998288409e-05,9.908333100084130152e-01,2.818783267947187819e-04,2.818783267947187819e-04,-1.590856056410010883e-06,-1.793703048639289476e-05,9.908871210998722034e-01,3.536264487402903745e-04,3.536264487402903745e-04,-3.019209339158893143e-06,1.579139109682856594e-05,1.579139109682856594e-05,-1.506532279720520305e-06
1.261816630960737040e+00,-1.592904656740786407e-06,-3.034963577277053029e-05,-1.627634426107181978e-05,9.908234222785895495e-01,2.515728215654972565e-04,2.515728215654972565e-04,-1.592904656740786407e-06,-1.786924891781260555e-05,9.908770300253429975e-01,3.230498172367476787e-04,3.230498172367476787e-04,-3.022442312332746544e-06,1.601823296469187763e-05,1.601823296469187763e-05,-1.483779607338280944e-06
1.264119216053731121e+00,-1.594922087588221333e-06,-3.026358218560590838e-05,-1.620670381273828074e-05,9.908136268770274535e-01,2.212672194819820216e-04,2.212672194819820216e-04,-1.594922087588221333e-06,-1.780162590032650271e-05,9.908670317547284556e-01,2.924737230832880324e-04,2.924737230832880324e-04,-3.025624233635439471e-06,1.622802032748902858e-05,1.622802032748902858e-05,-1.461139843670390876e-06
1.266421801146725201e+00,-1.596908502810844566e-06,-3.017712597162058860e-05,-1.613725399847791870e-05,9.908039230416245680e-01,1.909773110847853438e-04,1.909773110847853438e-04,-1.596908502810844566e-06,-1.773416250128876179e-05,9.908571255291284130e-01,2.619139610899403909e-04,2.619139610899403909e-04,-3.028755359791426158e-06,1.642071980342429841e-05,1.642071980342429841e-05,-1.438612885489005804e-06
1.268724386239719282e+00,-1.598864056142040974e-06,-3.009027752326081967e-05,-1.606799570877525139e-05,9.907943100151277438e-01,1.607187034554374708e-04,1.607187034554374708e-04,-1.598864056142040974e-06,-1.766685976491729385e-05,9.908473105944225479e-01,2.313861425151066326e-04,2.313861425151066326e-04,-3.031835947225572058e-06,1.659630696043520095e-05,1.659630696043520095e-05,-1.416198624075583477e-06
1.271026971332713362e+00,-1.600788901182392518e-06,-3.000304711615845525e-05,-1.599892981136116391e-05,9.907847870451265138e-01,1.305068136368733303e-04,1.305068136368733303e-04,-1.600788901182392518e-06,-1.759971871254355580e-05,9.908375862012641644e-01,2.009056884870475670e-04,2.009056884870475670e-04,-3.034866252051933628e-06,1.675476622883005160e-05,1.675476622883005160e-05,-1.393896945305472205e-06
1.273329556425707443e+00,-1.602683191392137963e-06,-2.991544490994866258e-05,-1.593005715146853993e-05,9.907753533840448767e-01,1.003568623027251003e-04,1.003568623027251003e-04,-1.602683191392137963e-06,-1.753274034286067683e-05,9.908279516050734204e-01,1.704878236741678077e-04,1.704878236741678077e-04,-3.037846530062713440e-06,1.689609081002813612e-05,1.689609081002813612e-05,-1.371707729731680308e-06
1.275632141518701301e+00,-1.604547080083740377e-06,-2.982748094908788529e-05,-1.586137855208612419e-05,9.907660082891338593e-01,7.028386767443833871e-05,7.028386767443833871e-05,-1.604547080083740377e-06,-1.746592563216986372e-05,9.908184060660303327e-01,1.401475702031177936e-04,1.401475702031177936e-04,-3.040777036717388933e-06,1.702028258153625797e-05,1.702028258153625797e-05,-1.349630852667867125e-06
1.277934726611695382e+00,-1.606380720414571309e-06,-2.973916516367177903e-05,-1.579289481421052840e-05,9.907567510224635221e-01,4.030263968504167998e-05,4.030263968504167998e-05,-1.606380720414571309e-06,-1.739927553462509844e-05,9.908089488490674501e-01,1.098997418235420737e-04,1.098997418235420737e-04,-3.043658027132013124e-06,1.712735199829505827e-05,1.712735199829505827e-05,-1.327666184270443595e-06
1.280237311704689462e+00,-1.608184265379702958e-06,-2.965050737025307605e-05,-1.572460671709648202e-05,9.907475808509137449e-01,1.042777438828156749e-05,1.042777438828156749e-05,-1.608184265379702958e-06,-1.733279098247618582e-05,9.907995792238611932e-01,7.975893831818631078e-05,7.975893831818631078e-05,-3.046489756068685134e-06,1.721731799052807563e-05,1.721731799052807563e-05,-1.305813589620017437e-06
1.282539896797683543e+00,-1.609957867804812156e-06,-2.956151727265920231e-05,-1.565651501850522296e-05,9.907384970461650120e-01,-1.932635138840675242e-05,-1.932635138840675242e-05,-1.609957867804812156e-06,-1.726647288631003596e-05,9.907902964648239719e-01,4.973954015683339144e-05,4.973954015683339144e-05,-3.049272477925190979e-06,1.729020785822617091e-05,1.729020785822617091e-05,-1.284072928801929042e-06
1.284842481890677623e+00,-1.611701680339193409e-06,-2.947220446280954237e-05,-1.558862045495108248e-05,9.907294988846886419e-01,-4.894558514869548876e-05,-4.894558514869548876e-05,-1.611701680339193409e-06,-1.720032213529027631e-05,9.907810998510945266e-01,1.985570339246561648e-05,1.985570339246561648e-05,-3.052006446724810377e-06,1.734605716239909150e-05,1.734605716239909150e-05,-1.262444056986061669e-06
1.287145066983671704e+00,-1.613415855448878866e-06,-2.938257842153227050e-05,-1.552092374194629119e-05,9.907205856477373507e-01,-7.841600359171963007e-05,-7.841600359171963007e-05,-1.613415855448878866e-06,-1.713433959739516963e-05,9.907719886665294906e-01,-9.878645202138944769e-06,-9.878645202138944769e-06,-3.054691916106289990e-06,1.738490961322547532e-05,1.738490961322547532e-05,-1.240926824505850354e-06
1.289447652076665563e+00,-1.615100545409867141e-06,-2.929264851938053808e-05,-1.545342557424395221e-05,9.907117566213337057e-01,-1.077239172379159087e-04,-1.077239172379159087e-04,-1.615100545409867141e-06,-1.706852611965382105e-05,9.907629621996926206e-01,-3.944981275930061778e-05,-3.944981275930061778e-05,-3.057329139313977612e-06,1.740681695523166322e-05,1.740681695523166322e-05,-1.219521076936534197e-06
1.291750237169659643e+00,-1.616755902301456316e-06,-2.920242401744804094e-05,-1.538612662607920836e-05,9.907030110962604663e-01,-1.368558748184224723e-04,-1.368558748184224723e-04,-1.616755902301456316e-06,-1.700288252838066383e-05,9.907540197438455820e-01,-6.884434470489981704e-05,-6.884434470489981704e-05,-3.059918369188124912e-06,1.741183884962899364e-05,1.741183884962899364e-05,-1.198226655172593385e-06
1.294052822262653724e+00,-1.618382077999683670e-06,-2.911191406818372282e-05,-1.531902755140863060e-05,9.906943483680482609e-01,-1.657986674301891198e-04,-1.657986674301891198e-04,-1.618382077999683670e-06,-1.693740962940831554e-05,9.907451605969365138e-01,-9.804902891255587124e-05,-9.804902891255587124e-05,-3.062459858155342642e-06,1.740004275393810490e-05,1.740004275393810490e-05,-1.177043395504463274e-06
1.296355407355647804e+00,-1.619979224170868114e-06,-2.902112771620556051e-05,-1.525212898414779724e-05,9.906857677369643733e-01,-1.945393324591718209e-04,-1.945393324591718209e-04,-1.619979224170868114e-06,-1.687210820831866557e-05,9.907363840615893702e-01,-1.270508996258971587e-04,-1.270508996258971587e-04,-3.064953858219221866e-06,1.737150379902808290e-05,1.737150379902808290e-05,-1.155971129694486562e-06
1.298657992448641885e+00,-1.621547492265257651e-06,-2.893007389911335977e-05,-1.518543153840704863e-05,9.906772685080005303e-01,-2.230651572740033838e-04,-2.230651572740033838e-04,-1.621547492265257651e-06,-1.680697903067230586e-05,9.907276894450925964e-01,-1.558372411513141739e-04,-1.558372411513141739e-04,-3.067400620951109769e-06,1.732630466369681769e-05,1.732630466369681769e-05,-1.135009685052048500e-06
1.300960577541635965e+00,-1.623087033510777220e-06,-2.883876144830047715e-05,-1.511893580872548676e-05,9.906688499908609113e-01,-2.513636826927135031e-04,-2.513636826927135031e-04,-1.623087033510777220e-06,-1.674202284223626420e-05,9.907190760593875822e-01,-1.843955913237684463e-04,-1.843955913237684463e-04,-3.069800397481041324e-06,1.726453544691813340e-05,1.726453544691813340e-05,-1.114158884508006522e-06
1.303263162634630046e+00,-1.624597998906878597e-06,-2.874719908976411541e-05,-1.505264237030316734e-05,9.906605114999483819e-01,-2.794227062251463788e-04,-2.794227062251463788e-04,-1.624597998906878597e-06,-1.667724036921004678e-05,9.907105432210560059e-01,-2.127137447483061646e-04,-2.127137447483061646e-04,-3.072153438488825118e-06,1.718629353787984939e-05,1.718629353787984939e-05,-1.093418546688403502e-06
1.305565747727623904e+00,-1.626080539218490676e-06,-2.865539544491456530e-05,-1.498655177923150289e-05,9.906522523543526138e-01,-3.072302850938440650e-04,-3.072302850938440650e-04,-1.626080539218490676e-06,-1.661263231844999357e-05,9.907020902513079541e-01,-2.407797558200440772e-04,-2.407797558200440772e-04,-3.074459994195283335e-06,1.709168348393567377e-05,1.709168348393567377e-05,-1.072788485987331008e-06
1.307868332820617985e+00,-1.627534804970069061e-06,-2.856335903138279041e-05,-1.492066457272186006e-05,9.906440718778358745e-01,-3.347747390362637489e-04,-3.347747390362637489e-04,-1.627534804970069061e-06,-1.654819937769192934e-05,9.906937164759689329e-01,-2.685819415254960181e-04,-2.685819415254960181e-04,-3.076720314353642514e-06,1.698081685659254980e-05,1.698081685659254980e-05,-1.052268512639158132e-06
1.310170917913612065e+00,-1.628960946439743282e-06,-2.847109826382668741e-05,-1.485498126933243904e-05,9.906359693988193715e-01,-3.620446528912492617e-04,-3.620446528912492617e-04,-1.628960946439743282e-06,-1.648394221577218169e-05,9.906854212254666558e-01,-2.961088840281605214e-04,-2.961088840281605214e-04,-3.078934648241074658e-06,1.685381211565367259e-05,1.685381211565367259e-05,-1.031858432789965379e-06
1.312473503006606146e+00,-1.630359113653562265e-06,-2.837862145473560806e-05,-1.478950236919331159e-05,9.906279442503691524e-01,-3.890288789728451680e-04,-3.890288789728451680e-04,-1.630359113653562265e-06,-1.641986148284687449e-05,9.906772038348177212e-01,-3.233494330414576835e-04,-3.233494330414576835e-04,-3.081103244650383598e-06,1.671079447163584912e-05,1.671079447163584912e-05,-1.011558048568258152e-06
1.314776088099600226e+00,-1.631729456379836360e-06,-2.828593681523326178e-05,-1.472422835422972098e-05,9.906199957701820047e-01,-4.157165392345413529e-04,-4.157165392345413529e-04,-1.631729456379836360e-06,-1.635595781060955776e-05,9.906690636436138453e-01,-3.502927079921031354e-04,-3.502927079921031354e-04,-3.083226351881842143e-06,1.655189574657846453e-05,1.655189574657846453e-05,-9.913671581549672485e-07
1.317078673192594307e+00,-1.633072124123573822e-06,-2.819305245587876144e-05,-1.465915968838358953e-05,9.906121233005702464e-01,-4.420970272271613545e-04,-4.420970272271613545e-04,-1.633072124123573822e-06,-1.629223181250716377e-05,9.906609999960077628e-01,-3.769280999771326994e-04,-3.769280999771326994e-04,-3.085304217735172370e-06,1.637725423335980709e-05,1.637725423335980709e-05,-9.712855558527109598e-07
1.319381258285588165e+00,-1.634387266121013633e-06,-2.809997638746593789e-05,-1.459429681783330674e-05,9.906043261884470708e-01,-4.681600098536668362e-04,-4.681600098536668362e-04,-1.634387266121013633e-06,-1.622868408395431995e-05,9.906530122406989047e-01,-4.032452735178495293e-04,-4.032452735178495293e-04,-3.087337089501669489e-06,1.618701455363473509e-05,1.618701455363473509e-05,-9.513130321543667256e-07
1.321683843378582246e+00,-1.635675031334250656e-06,-2.800671652182053689e-05,-1.452964017121168614e-05,9.905966037853112249e-01,-4.938954289242338588e-04,-4.938954289242338588e-04,-1.635675031334250656e-06,-1.616531520254593722e-05,9.906450997309188544e-01,-4.292341681140500963e-04,-4.292341681140500963e-04,-3.089325213956469699e-06,1.598132751450613125e-05,1.598132751450613125e-05,-9.314493738108688173e-07
1.323986428471576327e+00,-1.636935568445953538e-06,-2.791328067259555250e-05,-1.446519015982225850e-05,9.905889554472313563e-01,-5.192935025149672361e-04,-5.192935025149672361e-04,-1.636935568445953538e-06,-1.610212572826821267e-05,9.906372618244161377e-01,-4.548849996018944396e-04,-4.548849996018944396e-04,-3.091268837350955696e-06,1.576034996404110575e-05,1.576034996404110575e-05,-9.116943638983808034e-07
1.326289013564570407e+00,-1.638169025854175997e-06,-2.781967655606430747e-05,-1.440094717785374227e-05,9.905813805348302470e-01,-5.443447261337730015e-04,-5.443447261337730015e-04,-1.638169025854175997e-06,-1.603911620370791785e-05,9.906294978834413456e-01,-4.801882613189413572e-04,-4.801882613189413572e-04,-3.093168205405305745e-06,1.552424464574066976e-05,1.552424464574066976e-05,-8.920477818847083322e-07
1.328591598657564488e+00,-1.639375551667256624e-06,-2.772591179191148035e-05,-1.433691160259278781e-05,9.905738784132684938e-01,-5.690398736968613029e-04,-5.690398736968613029e-04,-1.639375551667256624e-06,-1.597628715426004380e-05,9.906218072747312586e-01,-5.051347250798211277e-04,-5.051347250798211277e-04,-3.095023563301175737e-06,1.527318005207038484e-05,1.527318005207038484e-05,-8.725094036950230652e-07
1.330894183750558568e+00,-1.640555293698812074e-06,-2.763199390402181513e-05,-1.427308379463501388e-05,9.905664484522286317e-01,-5.933699983194735874e-04,-5.933699983194735874e-04,-1.640555293698812074e-06,-1.591363908833382659e-05,9.906141893694936362e-01,-5.297154419661383217e-04,-5.297154419661383217e-04,-3.096835155674522283e-06,1.500733027715740319e-05,1.500733027715740319e-05,-8.530790017769141724e-07
1.333196768843552649e+00,-1.641708399462815590e-06,-2.753793032126642532e-05,-1.420946409809427399e-05,9.905590900258983700e-01,-6.173264329244386667e-04,-6.173264329244386667e-04,-1.641708399462815590e-06,-1.585117249755708894e-05,9.906066435433910078e-01,-5.539217429342103245e-04,-5.539217429342103245e-04,-3.098603226608557937e-06,1.472687486875756200e-05,1.472687486875756200e-05,-8.337563451647110613e-07
1.335499353936546507e+00,-1.642835016168766800e-06,-2.744372837828690251e-05,-1.414605284081021835e-05,9.905518025129531612e-01,-6.409007906722135944e-04,-6.409007906722135944e-04,-1.642835016168766800e-06,-1.578888785697898600e-05,9.905991691765241303e-01,-5.777452392442976098e-04,-5.777452392442976098e-04,-3.100328019626841104e-06,1.443199867959434357e-05,1.443199867959434357e-05,-8.145411995431740074e-07
1.337801939029540588e+00,-1.643935290716948118e-06,-2.734939531627673815e-05,-1.408285033455409923e-05,9.905445852965403253e-01,-6.640849652161159161e-04,-6.640849652161159161e-04,-1.643935290716948118e-06,-1.572678562527104692e-05,9.905917656534161120e-01,-6.011778227150316742e-04,-6.011778227150316742e-04,-3.102009777686496811e-06,1.412289171816952237e-05,1.412289171816952237e-05,-7.954333273104486078e-07
1.340104524122534668e+00,-1.645009369693766278e-06,-2.725493828376035669e-05,-1.401985687523291264e-05,9.905374377642607309e-01,-6.868711307864407362e-04,-6.868711307864407362e-04,-1.645009369693766278e-06,-1.566486624492667828e-05,9.905844323629955372e-01,-6.242116658067340231e-04,-6.242116658067340231e-04,-3.103648743171572156e-06,1.379974899914386660e-05,1.379974899914386660e-05,-7.764324876403858068e-07
1.342407109215528749e+00,-1.646057399367182164e-06,-2.716036433736950261e-05,-1.395707274309178499e-05,9.905303593081518088e-01,-7.092517421072605608e-04,-7.092517421072605608e-04,-1.646057399367182164e-06,-1.560313014245896652e-05,9.905771686985791469e-01,-6.468392215374246541e-04,-6.468392215374246541e-04,-3.105245157886513733e-06,1.346277039338350068e-05,1.346277039338350068e-05,-7.575384365441838710e-07
1.344709694308522829e+00,-1.647079525682221750e-06,-2.706568044261696429e-05,-1.389449820291468606e-05,9.905233493246695664e-01,-7.312195341496580646e-04,-7.312195341496580646e-04,-1.647079525682221750e-06,-1.554157772859690844e-05,9.905699740578554069e-01,-6.690532232352704037e-04,-6.690532232352704037e-04,-3.106799263049781000e-06,1.311216047776643702e-05,1.311216047776643702e-05,-7.387509269313597276e-07
1.347012279401516910e+00,-1.648075894256575550e-06,-2.697089347466758756e-05,-1.383213350422341561e-05,9.905164072146712684e-01,-7.527675217252074134e-04,-7.527675217252074134e-04,-1.648075894256575550e-06,-1.548020939847999158e-05,9.905628478428667449e-01,-6.908466841312874878e-04,-6.908466841312874878e-04,-3.108311299287581627e-06,1.274812838484137182e-05,1.274812838484137182e-05,-7.200697086700368513e-07
1.349314864494510768e+00,-1.649046650376276848e-06,-2.687601021910651414e-05,-1.376997888147492145e-05,9.905095323833964516e-01,-7.738889989235190172e-04,-7.738889989235190172e-04,-1.649046650376276848e-06,-1.541902553185119914e-05,9.905557894599920088e-01,-7.122128967961141935e-04,-7.122128967961141935e-04,-3.109781506627733471e-06,1.237088765242891303e-05,1.237088765242891303e-05,-7.014945286466185241e-07
1.351617449587504849e+00,-1.649991938991463985e-06,-2.678103737270452341e-05,-1.370803455425689796e-05,9.905027242404492727e-01,-7.945775383976980393e-04,-7.945775383976980393e-04,-1.649991938991463985e-06,-1.535802649324836153e-05,9.905487983199290358e-01,-7.331454324247045932e-04,-7.331454324247045932e-04,-3.111210124493648946e-06,1.198065607325334387e-05,1.198065607325334387e-05,-6.830251308247910913e-07
1.353920034680498929e+00,-1.650911904712225036e-06,-2.668598154418063987e-05,-1.364630072748177868e-05,9.904959821997801894e-01,-8.148269905015330557e-04,-8.148269905015330557e-04,-1.650911904712225036e-06,-1.529721263219400350e-05,9.905418738376767784e-01,-7.536381399727570688e-04,-7.536381399727570688e-04,-3.112597391698445181e-06,1.157765554469159373e-05,1.157765554469159373e-05,-6.646612563038690735e-07
1.356222619773493010e+00,-1.651806691804520608e-06,-2.659084925496156933e-05,-1.358477759157896361e-05,9.904893056796665318e-01,-8.346314822823071473e-04,-8.346314822823071473e-04,-1.651806691804520608e-06,-1.523658428338348379e-05,9.905350154325166523e-01,-7.736851451487731851e-04,-7.736851451487731851e-04,-3.113943546439171067e-06,1.116211191872293041e-05,1.116211191872293041e-05,-6.464026433765162267e-07
1.358525204866487091e+00,-1.652676444186188606e-06,-2.649564693993837039e-05,-1.352346532268545758e-05,9.904826941026942944e-01,-8.539854163330619146e-04,-8.539854163330619146e-04,-1.652676444186188606e-06,-1.517614176687164555e-05,9.905282225279948838e-01,-7.932808492655753392e-04,-7.932808492655753392e-04,-3.115248826291157970e-06,1.073425485216204756e-05,1.073425485216204756e-05,-6.282490275858027404e-07
1.360827789959481171e+00,-1.653521305423025639e-06,-2.640038094821987665e-05,-1.346236408283479925e-05,9.904761468957392623e-01,-8.728834695081897840e-04,-8.728834695081897840e-04,-1.653521305423025639e-06,-1.511588538825782531e-05,9.905214945519040803e-01,-8.124199279551584489e-04,-8.124199279551584489e-04,-3.116513468202486488e-06,1.029431765725550225e-05,1.029431765725550225e-05,-6.102001417816701477e-07
1.363130375052475252e+00,-1.654341418724948485e-06,-2.630505754388314766e-05,-1.340147402014437224e-05,9.904696634899475827e-01,-8.913205915062054775e-04,-8.913205915062054775e-04,-1.654341418724948485e-06,-1.505581543886932030e-05,9.905148309362642456e-01,-8.310973297507281759e-04,-8.310973297507281759e-04,-3.117737708488572218e-06,9.842537152719642879e-06,9.842537152719642879e-06,-5.922557161767470912e-07
1.365432960145469110e+00,-1.655136926942230718e-06,-2.620968290672073144e-05,-1.334079526900105278e-05,9.904632433207163356e-01,-9.092920033235567289e-04,-9.092920033235567289e-04,-1.655136926942230718e-06,-1.499593219594328370e-05,9.905082311173041276e-01,-8.493082745397836008e-04,-8.493082745397836008e-04,-3.118921782826865448e-06,9.379153515296082867e-06,9.379153515296082867e-06,-5.744154784015049319e-07
1.367735545238463191e+00,-1.655907972561818119e-06,-2.611426313298471189e-05,-1.328032795024521571e-05,9.904568858276743271e-01,-9.267931955833235997e-04,-9.267931955833235997e-04,-1.655907972561818119e-06,-1.493623592280703425e-05,9.905016945354427893e-01,-8.670482518920954356e-04,-8.670482518920954356e-04,-3.120065926251667310e-06,8.904410131898574311e-06,8.904410131898574311e-06,-5.566791535588682925e-07
1.370038130331457271e+00,-1.656654697703716713e-06,-2.601880423612761519e-05,-1.322007217135314817e-05,9.904505904546629935e-01,-9.438199267426248444e-04,-9.438199267426248444e-04,-1.656654697703716713e-06,-1.487672686905686488e-05,9.904952206352701793e-01,-8.843130192663973578e-04,-8.843130192663973578e-04,-3.121170373149059024e-06,8.418553452423860670e-06,8.418553452423860670e-06,-5.390464642781497750e-07
1.372340715424451352e+00,-1.657377244117458314e-06,-2.592331214753991125e-05,-1.316002802661779112e-05,9.904443566497156404e-01,-9.603682211825843645e-04,-9.603682211825843645e-04,-1.657377244117458314e-06,-1.481740527073524880e-05,9.904888088655278144e-01,-9.010986000996433964e-04,-9.010986000996433964e-04,-3.122235357251941669e-06,7.921832843295616120e-06,7.921832843295616120e-06,-5.215171307684012830e-07
1.374643300517445432e+00,-1.658075753178638277e-06,-2.582779271728426936e-05,-1.310019559732789532e-05,9.904381838650383463e-01,-9.764343671846438923e-04,-9.764343671846438923e-04,-1.658075753178638277e-06,-1.475827135050653444e-05,9.904824586790899055e-01,-9.174012817826177274e-04,-9.174012817826177274e-04,-3.123261111635189038e-06,7.414500441810054161e-06,7.414500441810054161e-06,-5.040908708711773986e-07
1.376945885610439513e+00,-1.658750365885525884e-06,-2.573225171482645604e-05,-1.304057495194557126e-05,9.904320715569902012e-01,-9.920149147970185651e-04,-9.920149147970185651e-04,-1.658750365885525884e-06,-1.469932531783109714e-05,9.904761695329437066e-01,-9.332176135256941901e-04,-9.332176135256941901e-04,-3.124247868710907642e-06,6.896811011348847981e-06,6.896811011348847981e-06,-4.867674001126399788e-07
1.379248470703433371e+00,-1.659401222855749904e-06,-2.563669482976281108e-05,-1.298116614628221965e-05,9.904260191860625451e-01,-1.007106673595068629e-03,-1.007106673595068629e-03,-1.659401222855749904e-06,-1.464056736913796956e-05,9.904699408881699751e-01,-9.485444041185167032e-04,-9.485444041185167032e-04,-3.125195860223808521e-06,6.369021797523291560e-06,6.369021797523291560e-06,-4.695464317551475441e-07
1.381551055796427452e+00,-1.660028464323052340e-06,-2.554112767254431156e-05,-1.292196922367287447e-05,9.904200262168594282e-01,-1.021706710339337527e-03,-1.021706710339337527e-03,-1.660028464323052340e-06,-1.458199768799592702e-05,9.904637722099234320e-01,-9.633787195873538736e-04,-9.633787195873538736e-04,-3.126105317246681126e-06,5.831392385311329914e-06,5.831392385311329914e-06,-4.524276768481575116e-07
1.383853640889421532e+00,-1.660632230134115231e-06,-2.544555577519715299e-05,-1.286298421514900108e-05,9.904140921180769608e-01,-1.035812346534962071e-03,-1.035812346534962071e-03,-1.660632230134115231e-06,-1.452361644528311610e-05,9.904576629674127775e-01,-9.777178807538295865e-04,-9.777178807538295865e-04,-3.126976470175979425e-06,5.284184557248011187e-06,5.284184557248011187e-06,-4.354108442786429728e-07
1.386156225982415613e+00,-1.661212659745456063e-06,-2.534998459203976267e-05,-1.280421113960965113e-05,9.904082163624826629e-01,-1.049421155896177295e-03,-1.049421155896177295e-03,-1.661212659745456063e-06,-1.446542379935510762e-05,9.904516126338807069e-01,-9.915594606987568511e-04,-9.915594606987568511e-04,-3.127809548727505007e-06,4.727662152726276113e-06,4.727662152726276113e-06,-4.184956408208841486e-07
1.388458811075409693e+00,-1.661769892220393277e-06,-2.525441950039646223e-05,-1.274565000399110458e-05,9.904023984268958136e-01,-1.062530961719560657e-03,-1.062530961719560657e-03,-1.661769892220393277e-06,-1.440741989621149785e-05,9.904456206865844825e-01,-1.004901282134714564e-03,-1.004901282134714564e-03,-3.128604781932201980e-06,4.162090928464681904e-06,4.162090928464681904e-06,-4.016817711856235643e-07
1.390761396168403774e+00,-1.662304066226079957e-06,-2.515886580130730836e-05,-1.268730080343491596e-05,9.903966377921663566e-01,-1.075139834169665113e-03,-1.075139834169665113e-03,-1.662304066226079957e-06,-1.434960486966099528e-05,9.904396866067753935e-01,-1.017741414691021064e-03,-1.017741414691021064e-03,-3.129362398132047594e-06,3.587738420195695954e-06,3.587738420195695954e-06,-3.849689380687490035e-07
1.393063981261397632e+00,-1.662815320030605074e-06,-2.506332872023454535e-05,-1.262916352145443768e-05,9.903909339431543613e-01,-1.087246087480635195e-03,-1.087246087480635195e-03,-1.662815320030605074e-06,-1.429197884148504191e-05,9.904338098796787726e-01,-1.030078172114694919e-03,-1.030078172114694919e-03,-3.130082624976047047e-06,3.004873805626640876e-06,3.004873805626640876e-06,-3.683568421993730039e-07
1.395366566354391713e+00,-1.663303791500161427e-06,-2.496781340776527656e-05,-1.257123813009975428e-05,9.903852863687085950e-01,-1.098848277077387001e-03,-1.098848277077387001e-03,-1.663303791500161427e-06,-1.423454192159991507e-05,9.904279899944733456e-01,-1.041910109390987429e-03,-1.041910109390987429e-03,-3.130765689416326965e-06,2.413767768722938012e-06,2.413767768722938012e-06,-3.518451823872833259e-07
1.397669151447385794e+00,-1.663769618096281354e-06,-2.487232494031061896e-05,-1.251352459012114283e-05,9.903796945616469838e-01,-1.109945196619867725e-03,-1.109945196619867725e-03,-1.663769618096281354e-06,-1.417729420821742482e-05,9.904222264442715806e-01,-1.053236019786997924e-03,-1.053236019786997924e-03,-3.131411817704329264e-06,1.814692365362640965e-06,1.814692365362640965e-06,-3.354336555699394101e-07
1.399971736540379874e+00,-1.664212936873134698e-06,-2.477686832080103923e-05,-1.245602285113095450e-05,9.903741580187348514e-01,-1.120535874973906457e-03,-1.120535874973906457e-03,-1.664212936873134698e-06,-1.412023578800409005e-05,9.904165187260988157e-01,-1.064054931821890090e-03,-1.064054931821890090e-03,-3.132021235387100294e-06,1.207920890407254796e-06,1.207920890407254796e-06,-3.191219568588480143e-07
1.402274321633373955e+00,-1.664633884474895379e-06,-2.468144847937806121e-05,-1.239873285176399177e-05,9.903686762406641586e-01,-1.130619573112105107e-03,-1.130619573112105107e-03,-1.664633884474895379e-06,-1.406336673623888652e-05,9.904108663408728308e-01,-1.074366106167149500e-03,-1.074366106167149500e-03,-3.132594167303679519e-06,5.937277462340935291e-07,5.937277462340935291e-07,-3.029097795853993422e-07
1.404576906726368035e+00,-1.665032597133168321e-06,-2.458607027408220912e-05,-1.234165451983637114e-05,9.903632487320324085e-01,-1.140195780948181654e-03,-1.140195780948181654e-03,-1.665032597133168321e-06,-1.400668711696953968e-05,9.904052687933833088e-01,-1.084169032480303448e-03,-1.084169032480303448e-03,-3.133130837581578821e-06,-2.761168722787483743e-08,-2.761168722787483743e-08,-2.867968153461706537e-07
1.406879491819362116e+00,-1.665409210664482234e-06,-2.449073849153721706e-05,-1.228478777250290527e-05,9.903578750013218857e-01,-1.149264214108142992e-03,-1.149264214108142992e-03,-1.665409210664482234e-06,-1.395019698316738772e-05,9.903997255922714071e-01,-1.093463426175473414e-03,-1.093463426175473414e-03,-3.133631469633361334e-06,-6.558211809179209207e-07,-6.558211809179209207e-07,-2.707827540476830625e-07
1.409182076912355974e+00,-1.665763860467843595e-06,-2.439545784763040990e-05,-1.222813251641295024e-05,9.903525545608778957e-01,-1.157824810641613954e-03,-1.157824810641613954e-03,-1.665763860467843595e-06,-1.389389637688079447e-05,9.903942362500085528e-01,-1.102249225134090864e-03,-1.102249225134090864e-03,-3.134096286153309218e-06,-1.290623783480478973e-06,-1.290623783480478973e-06,-2.548672839506106202e-07
1.411484662005350055e+00,-1.666096681522352884e-06,-2.430023298818934034e-05,-1.217168864786479086e-05,9.903472869268883372e-01,-1.165877727676613252e-03,-1.165877727676613252e-03,-1.666096681522352884e-06,-1.383778532938714438e-05,9.903888002828764581e-01,-1.110526586359064736e-03,-1.110526586359064736e-03,-3.134525509114185876e-06,-1.931741946482468250e-06,-1.931741946482468250e-06,-2.390500917134644532e-07
1.413787247098344135e+00,-1.666407808384881812e-06,-2.420506848965456681e-05,-1.211545605295855893e-05,9.903420716193617190e-01,-1.173423338021001208e-03,-1.173423338021001208e-03,-1.666407808384881812e-06,-1.378186386134344159e-05,9.903834172109458045e-01,-1.118295882575627434e-03,-1.118295882575627434e-03,-3.134919359764087531e-06,-2.578897647974984506e-06,-2.578897647974984506e-06,-2.233308624357671166e-07
1.416089832191338216e+00,-1.666697375187809832e-06,-2.410996885974861639e-05,-1.205943460774765223e-05,9.903369081621066217e-01,-1.180462226713811314e-03,-1.180462226713811314e-03,-1.666697375187809832e-06,-1.372613198293546228e-05,9.903780865580554815e-01,-1.125557698782069438e-03,-1.125557698782069438e-03,-3.135278058623383742e-06,-3.231812514367172259e-06,-3.231812514367172259e-06,-2.077092797006778336e-07
1.418392417284332296e+00,-1.666965515636822280e-06,-2.401493853814102428e-05,-1.200362417838871864e-05,9.903317960827097144e-01,-1.186995187529593784e-03,-1.186995187529593784e-03,-1.666965515636822280e-06,-1.367058969402554156e-05,9.903728078517918254e-01,-1.132312828753491516e-03,-1.132312828753491516e-03,-3.135601825481750673e-06,-3.890207940579728027e-06,-3.890207940579728027e-06,-1.921850256171058882e-07
1.420695002377326377e+00,-1.667212363008767380e-06,-2.391998189710961578e-05,-1.194802462129016813e-05,9.903267349125147723e-01,-1.193023219438874277e-03,-1.193023219438874277e-03,-1.667212363008767380e-06,-1.361523698429893572e-05,9.903675806234676360e-01,-1.138562271501678642e-03,-1.138562271501678642e-03,-3.135890879395288217e-06,-4.553805208448496077e-06,-4.553805208448496077e-06,-1.767577808613156396e-07
1.422997587470320235e+00,-1.667438050149568100e-06,-2.382510324219778693e-05,-1.189263578325926340e-05,9.903217241866010268e-01,-1.198547523027773546e-03,-1.198547523027773546e-03,-1.667438050149568100e-06,-1.356007383340883087e-05,9.903624044081013045e-01,-1.144307227694138290e-03,-1.144307227694138290e-03,-3.136145438683722245e-06,-5.222325603349757456e-06,-5.222325603349757456e-06,-1.614272247180201667e-07
1.425300172563314316e+00,-1.667642709472196042e-06,-2.373030681286789217e-05,-1.183745750164772657e-05,9.903167634437622935e-01,-1.203569496879779979e-03,-1.203569496879779979e-03,-1.667642709472196042e-06,-1.350510021111992346e-05,9.903572787443956082e-01,-1.149549096035300299e-03,-1.149549096035300299e-03,-3.136365720927697911e-06,-5.895490529021090676e-06,-5.895490529021090676e-06,-1.461930351209554169e-07
1.427602757656308397e+00,-1.667826472954700192e-06,-2.363559678315079664e-05,-1.178248960449601258e-05,9.903118522264847678e-01,-1.208090733922622968e-03,-1.208090733922622968e-03,-1.667826472954700192e-06,-1.345031607745071341e-05,9.903522031747171717e-01,-1.154289469612820168e-03,-1.154289469612820168e-03,-3.136551942966152159e-06,-6.573021620551872113e-06,-6.573021620551872113e-06,-1.310548886929835899e-07
1.429905342749302477e+00,-1.667989472138290926e-06,-2.354097726229139660e-05,-1.172773191067605966e-05,9.903069900809262638e-01,-1.212113017743139546e-03,-1.212113017743139546e-03,-1.667989472138290926e-06,-1.339572138281435037e-05,9.903471772450747057e-01,-1.158530132211882131e-03,-1.158530132211882131e-03,-3.136704320893771772e-06,-7.254640855521442417e-06,-7.254640855521442417e-06,-1.160124607856634460e-07
1.432207927842296558e+00,-1.668131838125481624e-06,-2.344645229539024688e-05,-1.167318423003269639e-05,9.903021765568941204e-01,-1.215638318872971869e-03,-1.215638318872971869e-03,-1.668131838125481624e-06,-1.334131606815817738e-05,9.903422005050985799e-01,-1.162273054600339132e-03,-1.162273054600339132e-03,-3.136823070058534443e-06,-7.940070663262242668e-06,-7.940070663262242668e-06,-1.010654255183413672e-07
1.434510512935290638e+00,-1.668253701578283638e-06,-2.335202586404119037e-05,-1.161884636352362918e-05,9.902974112078242186e-01,-1.218668791047886925e-03,-1.218668791047886925e-03,-1.668253701578283638e-06,-1.328710006510191240e-05,9.903372725080195060e-01,-1.165520390787479384e-03,-1.165520390787479384e-03,-3.136908405059329027e-06,-8.629034032228173403e-06,-8.629034032228173403e-06,-8.621345581677010308e-08
1.436813098028284497e+00,-1.668355192716455481e-06,-2.325770188696508770e-05,-1.156471810335804392e-05,9.902926935907589989e-01,-1.221206767443448488e-03,-1.221206767443448488e-03,-1.668355192716455481e-06,-1.323307329607450004e-05,9.903323928106472218e-01,-1.168274474259150576e-03,-1.168274474259150576e-03,-3.136960539743657125e-06,-9.321254615449437611e-06,-9.321254615449437611e-06,-7.145622345122136262e-08
1.439115683121278577e+00,-1.668436441315806848e-06,-2.316348422063942703e-05,-1.151079923313380161e-05,9.902880232663265891e-01,-1.223254756889722997e-03,-1.223254756889722997e-03,-1.668436441315806848e-06,-1.317923567444960803e-05,9.903275609733499518e-01,-1.170537814191924524e-03,-1.170537814191924524e-03,-3.136979687205416394e-06,-1.001645683405718960e-05,-1.001645683405718960e-05,-5.679339907413010260e-08
1.441418268214272658e+00,-1.668497576706554531e-06,-2.306937665992418650e-05,-1.145708952797330415e-05,9.902833997987187109e-01,-1.224815440067643976e-03,-1.224815440067643976e-03,-1.668497576706554531e-06,-1.312558710467985826e-05,9.903227765600327581e-01,-1.172313091648924475e-03,-1.172313091648924475e-03,-3.136966059782758402e-06,-1.071436597886134135e-05,-1.071436597886134135e-05,-4.222465225725045486e-08
1.443720853307266738e+00,-1.668538727771730632e-06,-2.297538293868343448e-05,-1.140358875465795406e-05,9.902788227556692524e-01,-1.225891665689609776e-03,-1.225891665689609776e-03,-1.668538727771730632e-06,-1.307212748242968554e-05,9.903180391381165570e-01,-1.173603155759890939e-03,-1.173603155759890939e-03,-3.136919869056023986e-06,-1.141470830996876230e-05,-1.141470830996876230e-05,-2.774965152835207218e-08
1.446023438400260819e+00,-1.668560022945641380e-06,-2.288150673040311131e-05,-1.135029667176128090e-05,9.902742917084329521e-01,-1.226486446666825211e-03,-1.226486446666825211e-03,-1.668560022945641380e-06,-1.301885669470692249e-05,9.903133482785170250e-01,-1.174411019887997487e-03,-1.174411019887997487e-03,-3.136841325845758227e-06,-1.211721115442807882e-05,-1.211721115442807882e-05,-1.336806440745063912e-08
1.448326023493254899e+00,-1.668561590212380175e-06,-2.278775164880472164e-05,-1.129721302978070577e-05,9.902698062317636385e-01,-1.226602956265852341e-03,-1.226602956265852341e-03,-1.668561590212380175e-06,-1.296577461999308680e-05,9.903087035556236151e-01,-1.174739857785880035e-03,-1.174739857785880035e-03,-3.136730640210799127e-06,-1.282160300189019898e-05,-1.282160300189019898e-05,9.204425574382029354e-10
1.450628608586248980e+00,-1.668543557104387410e-06,-2.269412124845503892e-05,-1.124433757126798099e-05,9.902653659038930245e-01,-1.226244524256776044e-03,-1.226244524256776044e-03,-1.668543557104387410e-06,-1.291288112837236903e-05,9.903041045472781301e-01,-1.174592999743286547e-03,-1.174592999743286547e-03,-3.136588021446438693e-06,-1.352761359827452366e-05,-1.352761359827452366e-05,1.511620375499063782e-08
1.452931193679242838e+00,-1.668506050701060710e-06,-2.260061902537179151e-05,-1.119167003095829480e-05,9.902609703065089475e-01,-1.225414633055332304e-03,-1.225414633055332304e-03,-1.668506050701060710e-06,-1.286017608165935509e-05,9.902995508347539610e-01,-1.173973928728694891e-03,-1.173973928728694891e-03,-3.136413678082660688e-06,-1.423497403743209589e-05,-1.423497403743209589e-05,2.921955447572809705e-08
1.455233778772236919e+00,-1.668449197627416614e-06,-2.250724841762528653e-05,-1.113921013589803453e-05,9.902566190247340527e-01,-1.224116913861296669e-03,-1.224116913861296669e-03,-1.668449197627416614e-06,-1.280765933352545093e-05,9.902950420027346601e-01,-1.172886276527194960e-03,-1.172886276527194960e-03,-3.136207817882448261e-06,-1.494341685079895607e-05,-1.494341685079895607e-05,4.323083087763269129e-08
1.457536363865230999e+00,-1.668373124052797582e-06,-2.241401280593608640e-05,-1.108695760557129085e-05,9.902523116471039222e-01,-1.222355142795374322e-03,-1.222355142795374322e-03,-1.668373124052797582e-06,-1.275533072962408759e-05,9.902905776392928461e-01,-1.171333819876878074e-03,-1.171333819876878074e-03,-3.135970647840164840e-06,-1.565267609503241539e-05,-1.565267609503241539e-05,5.715036995218465698e-08
1.459838948958225080e+00,-1.668277955689628974e-06,-2.232091551426856215e-05,-1.103491215202499514e-05,9.902480477655465352e-01,-1.220133237036770402e-03,-1.220133237036770402e-03,-1.668277955689628974e-06,-1.270319010771462348e-05,9.902861573358696656e-01,-1.169320476605911806e-03,-1.169320476605911806e-03,-3.135702374180006608e-06,-1.636248743762712000e-05,-1.636248743762712000e-05,7.097850949086315882e-08
1.462141534051219161e+00,-1.668163817792222192e-06,-2.222795981042048594e-05,-1.098307347999280982e-05,9.902438269753596201e-01,-1.217455250963574457e-03,-1.217455250963574457e-03,-1.668163817792222192e-06,-1.265123729778503202e-05,9.902817806872529216e-01,-1.166850301772434390e-03,-1.166850301772434390e-03,-3.135403202354519763e-06,-1.707258824050610847e-05,-1.707258824050610847e-05,8.471558805207634335e-08
1.464444119144213241e+00,-1.668030835155625257e-06,-2.213514890660856797e-05,-1.093144128701771105e-05,9.902396488751900039e-01,-1.214325372298032070e-03,-1.214325372298032070e-03,-1.668030835155625257e-06,-1.259947212217333567e-05,9.902774472915565340e-01,-1.163927483809338659e-03,-1.163927483809338659e-03,-3.135073337043194031e-06,-1.778271764158507695e-05,-1.778271764158507695e-05,9.836194492852940133e-08
1.466746704237207100e+00,-1.667879132114518065e-06,-2.204248596004994125e-05,-1.088001526357329901e-05,9.902355130670122962e-01,-1.210747918258717410e-03,-1.210747918258717410e-03,-1.667879132114518065e-06,-1.254789439568781686e-05,9.902731567501993348e-01,-1.160556340675966041e-03,-1.160556340675966041e-03,-3.134712982151116297e-06,-1.849261663430850356e-05,-1.849261663430850356e-05,1.119179201150302748e-07
1.469049289330201180e+00,-1.667708832542154443e-06,-2.194997407353961778e-05,-1.082879509318383439e-05,9.902314191561072398e-01,-1.206727331721576309e-03,-1.206727331721576309e-03,-1.667708832542154443e-06,-1.249650392572598883e-05,9.902689086678844177e-01,-1.156741316018672361e-03,-1.156741316018672361e-03,-3.134322340807699215e-06,-1.920202814515798101e-05,-1.920202814515798101e-05,1.253838542767041235e-07
1.471351874423195261e+00,-1.667520059849349524e-06,-2.185761629602393671e-05,-1.077778045254304149e-05,9.902273667510401722e-01,-1.202268177391745433e-03,-1.202268177391745433e-03,-1.667520059849349524e-06,-1.244530051239239081e-05,9.902647026525773777e-01,-1.152486975342175823e-03,-1.152486975342175823e-03,-3.133901615365468677e-06,-1.991069710913284039e-05,-1.991069710913284039e-05,1.387600887176509754e-07
1.473654459516189341e+00,-1.667312936983508406e-06,-2.176541562317000760e-05,-1.072697101163162563e-05,9.902233554636404866e-01,-1.197375137987999371e-03,-1.197375137987999371e-03,-1.667312936983508406e-06,-1.239428394861513467e-05,9.902605383154863272e-01,-1.147798002193538757e-03,-1.147798002193538757e-03,-3.133451007398920321e-06,-2.061837054320657630e-05,-2.061837054320657630e-05,1.520469653500074773e-07
1.475957044609183422e+00,-1.667087586427702470e-06,-2.167337499793097955e-05,-1.067636643383358086e-05,9.902193849089794275e-01,-1.192053010441629325e-03,-1.192053010441629325e-03,-1.667087586427702470e-06,-1.234345402026128270e-05,9.902564152710402468e-01,-1.142679194360584228e-03,-1.142679194360584228e-03,-3.132970717703439987e-06,-2.132479761776128916e-05,-2.132479761776128916e-05,1.652448266634396139e-07
1.478259629702177502e+00,-1.666844130199785706e-06,-2.158149731110747498e-05,-1.062596637605123744e-05,9.902154547053494404e-01,-1.186306702111497450e-03,-1.186306702111497450e-03,-1.666844130199785706e-06,-1.229281050625102251e-05,9.902523331368682236e-01,-1.137135460086493265e-03,-1.137135460086493265e-03,-3.132460946294288968e-06,-2.202972972600472878e-05,-2.202972972600472878e-05,1.783540156950232085e-07
1.480562214795171583e+00,-1.666582689851555096e-06,-2.148978540190488989e-05,-1.057577048881911148e-05,9.902115644742430778e-01,-1.180141227016956451e-03,-1.180141227016956451e-03,-1.666582689851555096e-06,-1.224235317867066636e-05,9.902482915337791347e-01,-1.131171814302273874e-03,-1.131171814302273874e-03,-3.131921892405648138e-06,-2.273292055137518072e-05,-2.273292055137518072e-05,1.913748759995564508e-07
1.482864799888165441e+00,-1.666303386467952708e-06,-2.139824205848663848e-05,-1.052577841641653325e-05,9.902077138403314605e-01,-1.173561702090280927e-03,-1.173561702090280927e-03,-1.666303386467952708e-06,-1.219208180288448660e-05,9.902442900857401087e-01,-1.124793374878743082e-03,-1.124793374878743082e-03,-3.131353754489727719e-06,-2.343412613294023638e-05,-2.343412613294023638e-05,2.043077516202589625e-07
1.485167384981159522e+00,-1.666006340666308659e-06,-2.130687001852348453e-05,-1.047598979697903878e-05,9.902039024314432947e-01,-1.166573343450181665e-03,-1.166573343450181665e-03,-1.666006340666308659e-06,-1.214199613764534829e-05,9.902403284198562083e-01,-1.118005358899600184e-03,-1.118005358899600184e-03,-3.130756730215935916e-06,-2.413310492879710406e-05,-2.413310492879710406e-05,2.171529870598830769e-07
1.487469970074153602e+00,-1.665691672595626222e-06,-2.121567196973879005e-05,-1.042640426260862815e-05,9.902001298785438888e-01,-1.159181462697956135e-03,-1.159181462697956135e-03,-1.665691672595626222e-06,-1.209209593520425437e-05,9.902364061663494477e-01,-1.110813078957139212e-03,-1.110813078957139212e-03,-3.130131016470108544e-06,-2.482961787748134573e-05,-2.482961787748134573e-05,2.299109272522076332e-07
1.489772555167147683e+00,-1.665359501935906100e-06,-2.112465055044978628e-05,-1.037702143948277350e-05,9.901963958157141699e-01,-1.151391463237740574e-03,-1.151391463237740574e-03,-1.665359501935906100e-06,-1.204238094141867938e-05,9.902325229585384747e-01,-1.103221939472065830e-03,-1.103221939472065830e-03,-3.129476809353798364e-06,-2.552342845739450863e-05,-2.552342845739450863e-05,2.425819175339413644e-07
1.492075140260141763e+00,-1.665009947897510100e-06,-2.103380835010479927e-05,-1.032784094796228197e-05,9.901926998801299229e-01,-1.143208836622298073e-03,-1.143208836622298073e-03,-1.665009947897510100e-06,-1.199285089585979207e-05,9.902286784328174774e-01,-1.095237433038858885e-03,-1.095237433038858885e-03,-3.128794304183621175e-06,-2.621430274425920023e-05,-2.621430274425920023e-05,2.551663036169843680e-07
1.494377725353135844e+00,-1.664643129220565663e-06,-2.094314790981654855e-05,-1.027886240269798114e-05,9.901890417120401411e-01,-1.134639158925725665e-03,-1.134639158925725665e-03,-1.664643129220565663e-06,-1.194350553191854617e-05,9.902248722286358662e-01,-1.086865136798051412e-03,-1.086865136798051412e-03,-3.128083695490661622e-06,-2.690200946661285155e-05,-2.690200946661285155e-05,2.676644315611165348e-07
1.496680310446129702e+00,-1.664259164174407670e-06,-2.085267172289141744e-05,-1.023008541273623735e-05,9.901854209547470420e-01,-1.125688087144405746e-03,-1.125688087144405746e-03,-1.664259164174407670e-06,-1.189434457691064481e-05,9.902211039884777355e-01,-1.078110708836763120e-03,-1.078110708836763120e-03,-3.127345177019934904e-06,-2.758632005935128878e-05,-2.758632005935128878e-05,2.800766477470397720e-07
1.498982895539123783e+00,-1.663858170557059215e-06,-2.076238223535467099e-05,-1.018150958162331691e-05,9.901818372545844182e-01,-1.116361355627474260e-03,-1.116361355627474260e-03,-1.663858170557059215e-06,-1.184536775218037655e-05,9.902173733578409909e-01,-1.068979884618752665e-03,-1.068979884618752665e-03,-3.126578941729903966e-06,-2.826700871533476109e-05,-2.826700871533476109e-05,2.924032988497947480e-07
1.501285480632117864e+00,-1.663440265694749850e-06,-2.067228184647187936e-05,-1.013313450750863602e-05,9.901782902608978754e-01,-1.106664772538050283e-03,-1.106664772538050283e-03,-1.663440265694749850e-06,-1.179657477320338587e-05,9.902136799852174764e-01,-1.059478473445236773e-03,-1.059478473445236773e-03,-3.125785181792054714e-06,-2.894385243506835759e-05,-2.894385243506835759e-05,3.046447318125667162e-07
1.503588065725111944e+00,-1.663005566441470048e-06,-2.058237290926618387e-05,-1.008495978324682320e-05,9.901747796260231826e-01,-1.096604216346389526e-03,-1.096604216346389526e-03,-1.663005566441470048e-06,-1.174796534968829346e-05,9.902100235220722135e-01,-1.049612354947636285e-03,-1.049612354947636285e-03,-3.124964088590522894e-06,-2.961663107447179584e-05,-2.961663107447179584e-05,3.168012938208366631e-07
1.505890650818106025e+00,-1.662554189178563568e-06,-2.049265773103174805e-05,-1.003698499649869742e-05,9.901713050052660670e-01,-1.086185632356101872e-03,-1.086185632356101872e-03,-1.662554189178563568e-06,-1.169953918567726098e-05,9.902064036228230837e-01,-1.039387475613392760e-03,-1.039387475613392760e-03,-3.124115852721773914e-06,-3.028512739075193443e-05,-3.028512739075193443e-05,3.288733322769470797e-07
1.508193235911100105e+00,-1.662086249814355609e-06,-2.040313857384313617e-05,-9.989209729831106228e-06,9.901678660568818957e-01,-1.075415029264519332e-03,-1.075415029264519332e-03,-1.662086249814355609e-06,-1.165129597964546162e-05,9.902028199448208445e-01,-1.028809845345937451e-03,-1.028809845345937451e-03,-3.123240663994340689e-06,-3.094912708639340198e-05,-3.094912708639340198e-05,3.408611947749712881e-07
1.510495821004094186e+00,-1.661601863783815687e-06,-2.031381765506085974e-05,-9.941633560815666055e-06,9.901644624420545826e-01,-1.064298475758246798e-03,-1.064298475758246798e-03,-1.661601863783815687e-06,-1.160323542459948153e-05,9.901992721483283688e-01,-1.017885534059848919e-03,-1.017885534059848919e-03,-3.122338711428609340e-06,-3.160841885128298220e-05,-3.160841885128298220e-05,3.527652290759878612e-07
1.512798406097088044e+00,-1.661101146048257366e-06,-2.022469714783296332e-05,-9.894256062126389532e-06,9.901610938248766036e-01,-1.052842097144888502e-03,-1.052842097144888502e-03,-1.661101146048257366e-06,-1.155535720817464732e-05,9.901957598965011043e-01,-1.006620668312189831e-03,-1.006620668312189831e-03,-3.121410183256656990e-06,-3.226279440298389600e-05,-3.226279440298389600e-05,3.645857830836909448e-07
1.515100991190082125e+00,-1.660584211095069324e-06,-2.013577918159256832e-05,-9.847076801636223538e-06,9.901577598723282359e-01,-1.041052072021889530e-03,-1.041052072021889530e-03,-1.660584211095069324e-06,-1.150766101273129307e-05,9.901922828553664235e-01,-9.950214279709644529e-04,-9.950214279709644529e-04,-3.120455266922141646e-06,-3.291204852517731777e-05,-3.291204852517731777e-05,3.763232048203289628e-07
1.517403576283076205e+00,-1.660051172937484957e-06,-2.004706584255178464e-05,-9.800095342512525056e-06,9.901544602542575735e-01,-1.028934628983410506e-03,-1.028934628983410506e-03,-1.660051172937484957e-06,-1.146014651545000917e-05,9.901888406938039733e-01,-9.830940429216103883e-04,-9.830940429216103883e-04,-3.119474149080240790e-06,-3.355597910428754127e-05,-3.355597910428754127e-05,3.879778424030609631e-07
1.519706161376070286e+00,-1.659502145114382273e-06,-1.995855917419142789e-05,-9.753311243311420649e-06,9.901511946433602107e-01,-1.016496043366061372e-03,-1.016496043366061372e-03,-1.659502145114382273e-06,-1.141281338842580356e-05,9.901854330835254681e-01,-9.708447898123582056e-04,-9.708447898123582056e-04,-3.118467015597642065e-06,-3.419438716431002969e-05,-3.419438716431002969e-05,3.995500440205898375e-07
1.522008746469064366e+00,-1.658937240690117233e-06,-1.987026117774698251e-05,-9.706724058071147787e-06,9.901479627151587026e-01,-1.003742634034335843e-03,-1.003742634034335843e-03,-1.658937240690117233e-06,-1.136566129876126523e-05,9.901820596990550394e-01,-9.582799888392907551e-04,-9.582799888392907551e-04,-3.117434051552577574e-06,-3.482707689985997814e-05,-3.482707689985997814e-05,4.110401579101599773e-07
1.524311331562058447e+00,-1.658356572254391616e-06,-1.978217381269075322e-05,-9.660333336404288275e-06,9.901447641479831363e-01,-9.906807602064933178e-04,-9.906807602064933178e-04,-1.658356572254391616e-06,-1.131868990865867904e-05,9.901787202177091407e-01,-9.454060005718585135e-04,-9.454060005718585135e-04,-3.116375441234912402e-06,-3.545385570746068074e-05,-3.545385570746068074e-05,4.224485323349061298e-07
1.526613916655052305e+00,-1.657760251922150953e-06,-1.969429899721000839e-05,-9.614138623588993693e-06,9.901415986229501476e-01,-9.773168183216296347e-04,-9.773168183216296347e-04,-1.657760251922150953e-06,-1.127189887551114443e-05,9.901754143195766744e-01,-9.322292228195849621e-04,-9.322292228195849621e-04,-3.115291368146272510e-06,-3.607453421509104849e-05,-3.607453421509104849e-05,4.337755155615141220e-07
1.528916501748046386e+00,-1.657148391333515066e-06,-1.960663860868135913e-05,-9.568139460659133425e-06,9.901384658239438252e-01,-9.636572389486065945e-04,-9.636572389486065945e-04,-1.657148391333515066e-06,-1.122528785199264892e-05,9.901721416874997850e-01,-9.187560875406360463e-04,-9.187560875406360463e-04,-3.114182015000227701e-06,-3.668892631001263380e-05,-3.668892631001263380e-05,4.450214558382550732e-07
1.531219086841040466e+00,-1.656521101653740594e-06,-1.951919448414131996e-05,-9.522335384493456730e-06,9.901353654375952829e-01,-9.497084837375084458e-04,-9.497084837375084458e-04,-1.656521101653740594e-06,-1.117885648614719796e-05,9.901689020070537639e-01,-9.049930577929196336e-04,-9.049930577929196336e-04,-3.113047563722514810e-06,-3.729684916489544693e-05,-3.729684916489544693e-05,4.561867013732783750e-07
1.533521671934034547e+00,-1.655878493573212727e-06,-1.943196842075295961e-05,-9.476725927903680783e-06,9.901322971532633410e-01,-9.354770424141969258e-04,-9.354770424141969258e-04,-1.655878493573212727e-06,-1.113260442147689287e-05,9.901656949665277319e-01,-8.909466247282893814e-04,-8.909466247282893814e-04,-3.111888195451306637e-06,-3.789812326226470250e-05,-3.789812326226470250e-05,4.672716003133015078e-07
1.535824257027028628e+00,-1.655220677307467866e-06,-1.934496217626881467e-05,-9.431310619721584298e-06,9.901292606630138771e-01,-9.209694298185568291e-04,-9.209694298185568291e-04,-1.655220677307467866e-06,-1.108653129702905153e-05,9.901625202569049877e-01,-8.766233046304406501e-04,-8.766233046304406501e-04,-3.110704090537526197e-06,-3.849257241728849935e-05,-3.849257241728849935e-05,4.782765007225834004e-07
1.538126842120022708e+00,-1.654547762597247203e-06,-1.925817746948995776e-05,-9.386088984885108423e-06,9.901262556616012844e-01,-9.061921829869453663e-04,-9.061921829869453663e-04,-1.654547762597247203e-06,-1.104063674748235499e-05,9.901593775718436907e-01,-8.620296359970159531e-04,-8.620296359970159531e-04,-3.109495428545205862e-06,-3.908002379892846367e-05,-3.908002379892846367e-05,4.892017505621944102e-07
1.540429427213016567e+00,-1.653859858708578029e-06,-1.917161598072132173e-05,-9.341060544523432734e-06,9.901232818464478225e-01,-8.911518582793342882e-04,-8.911518582793342882e-04,-1.653859858708578029e-06,-1.099492040323201161e-05,9.901562666076575425e-01,-8.471721766664062079e-04,-8.471721766664062079e-04,-3.108262388251887582e-06,-3.966030794947500540e-05,-3.966030794947500540e-05,5.000476976696780038e-07
1.542732012306010647e+00,-1.653157074432885123e-06,-1.908527935222315813e-05,-9.296224816041063579e-06,9.901203389176249647e-01,-8.758550285515942849e-04,-8.758550285515942849e-04,-1.653157074432885123e-06,-1.094938189047394870e-05,9.901531870632963583e-01,-8.320575009896984901e-04,-8.320575009896984901e-04,-3.107005147649065464e-06,-4.023325880248956990e-05,-4.023325880248956990e-05,5.108146897389311832e-07
1.545034597399004728e+00,-1.652439518087130088e-06,-1.899916918865890075e-05,-9.251581313200961897e-06,9.901174265778333039e-01,-8.603082803733484024e-04,-8.603082803733484024e-04,-1.652439518087130088e-06,-1.090402083128809114e-05,9.901501386403271932e-01,-8.166921970481960582e-04,-8.166921970481960582e-04,-3.105723883942672810e-06,-4.079871369917565028e-05,-4.079871369917565028e-05,5.215030743004696236e-07
1.547337182491998808e+00,-1.651707297513979487e-06,-1.891328705753912270e-05,-9.207129546206669832e-06,9.901145445323837890e-01,-8.445182112917519381e-04,-8.445182112917519381e-04,-1.651707297513979487e-06,-1.085883684372064889e-05,9.901471210429149128e-01,-8.010828639168693019e-04,-8.010828639168693019e-04,-3.104418773553607708e-06,-4.135651340320228413e-05,-4.135651340320228413e-05,5.321131987019473987e-07
1.549639767584992889e+00,-1.650960520081999660e-06,-1.882763448966185462e-05,-9.162869021783485294e-06,9.901116924891776305e-01,-8.284914271415602877e-04,-8.284914271415602877e-04,-1.650960520081999660e-06,-1.081382954186548474e-05,9.901441339778032091e-01,-7.852361089740983284e-04,-7.852361089740983284e-04,-3.103089992118299268e-06,-4.190650211400218621e-05,-4.190650211400218621e-05,5.426454100889909536e-07
1.551942352677986969e+00,-1.650199292685879919e-06,-1.874221297954918955e-05,-9.118799243258679364e-06,9.901088701586882035e-01,-8.122345394017865860e-04,-8.122345394017865860e-04,-1.650199292685879919e-06,-1.076899853594455865e-05,9.901411771542960594e-01,-7.691585452580083785e-04,-7.691585452580083785e-04,-3.101737714489316639e-06,-4.244852747856812551e-05,-4.244852747856812551e-05,5.531000553863672337e-07
1.554244937770981050e+00,-1.649423721746681785e-06,-1.865702398588013026e-05,-9.074919710640743005e-06,9.901060772539409527e-01,-7.957541625992283233e-04,-7.957541625992283233e-04,-1.649423721746681785e-06,-1.072434343238742521e-05,9.901382502842380751e-01,-7.528567888696786631e-04,-7.528567888696786631e-04,-3.100362114736012334e-06,-4.298244060177083695e-05,-4.298244060177083695e-05,5.634774812793966052e-07
1.556547522863974908e+00,-1.648633913212114275e-06,-1.857206893191982154e-05,-9.031229920697729136e-06,9.901033134904946298e-01,-7.790569117591053657e-04,-7.790569117591053657e-04,-1.648633913212114275e-06,-1.067986383390984341e-05,9.901353530819964055e-01,-7.363374564234659650e-04,-7.363374564234659650e-04,-3.098963366145208749e-06,-4.350809605522217759e-05,-4.350809605522217759e-05,5.737780341956766368e-07
1.558850107956968989e+00,-1.647829972556836293e-06,-1.848734920594506906e-05,-8.987729367034612155e-06,9.901005785864230857e-01,-7.621493999030139665e-04,-7.621493999030139665e-04,-1.647829972556836293e-06,-1.063555933959144781e-05,9.901324852644418639e-01,-7.196071625446481346e-04,-7.196071625446481346e-04,-3.097541641221919408e-06,-4.402535188470753580e-05,-4.402535188470753580e-05,5.840020602871305073e-07
1.561152693049963069e+00,-1.647012004782784009e-06,-1.840286616166624984e-05,-8.944417540169766540e-06,9.900978722622950645e-01,-7.450382355944013598e-04,-7.450382355944013598e-04,-1.647012004782784009e-06,-1.059142954495255076e-05,9.901296465509299427e-01,-7.026725174145912042e-04,-7.026725174145912042e-04,-3.096097111690111722e-06,-4.453406961621077665e-05,-4.453406961621077665e-05,5.941499054122680177e-07
1.563455278142957150e+00,-1.646180114419523220e-06,-1.831862111864555006e-05,-8.901293927610508637e-06,9.900951942411567730e-01,-7.277300205316777036e-04,-7.277300205316777036e-04,-1.646180114419523220e-06,-1.054747404203003143e-05,9.901268366632828277e-01,-6.855401243635575372e-04,-6.855401243635575372e-04,-3.094629948493501923e-06,-4.503411426055687689e-05,-4.503411426055687689e-05,6.042219151188183458e-07
1.565757863235951231e+00,-1.645334405524626288e-06,-1.823461536271160456e-05,-8.858358013927710101e-06,9.900925442485120076e-01,-7.102313471891105474e-04,-7.102313471891105474e-04,-1.645334405524626288e-06,-1.050369241945233724e-05,9.901240553257704136e-01,-6.682165775113011645e-04,-6.682165775113011645e-04,-3.093140321796389398e-06,-4.552535431669581749e-05,-4.552535431669581749e-05,6.142184346265636522e-07
1.568060448328945311e+00,-1.644474981684075108e-06,-1.815085014637051120e-05,-8.815609280829547355e-06,9.900899220123047240e-01,-6.925487965055849822e-04,-6.925487965055849822e-04,-1.644474981684075108e-06,-1.046008426251362289e-05,9.901213022650923179e-01,-6.507084594555305381e-04,-6.507084594555305381e-04,-3.091628400984524470e-06,-4.600766177365221633e-05,-4.600766177365221633e-05,6.241398088104910665e-07
1.570363033421939170e+00,-1.643601946012685687e-06,-1.806732668921333154e-05,-8.773047207234317628e-06,9.900873272628994970e-01,-6.746889356212952852e-04,-6.746889356212952852e-04,-1.643601946012685687e-06,-1.041664915324700353e-05,9.901185772103592297e-01,-6.330223390083072237e-04,-6.330223390083072237e-04,-3.090094354666013876e-06,-4.648091211116542082e-05,-4.648091211116542082e-05,6.339863821842402864e-07
1.572665618514933250e+00,-1.642715401154557706e-06,-1.798404617831989523e-05,-8.730671269342385934e-06,9.900847597330637573e-01,-6.566583156623944035e-04,-6.566583156623944035e-04,-1.642715401154557706e-06,-1.037338667049694385e-05,9.901158798930752569e-01,-6.151647689804066619e-04,-6.151647689804066619e-04,-3.088538350672258436e-06,-4.694498429904455668e-05,-4.694498429904455668e-05,6.437584988837701357e-07
1.574968203607927331e+00,-1.641815449283546743e-06,-1.790100976865920601e-05,-8.688480940707269770e-06,9.900822191579491394e-01,-6.384634695736362978e-04,-6.384634695736362978e-04,-1.641815449283546743e-06,-1.033029638999081715e-05,9.901132100471191633e-01,-5.971422840136729818e-04,-5.971422840136729818e-04,-3.086960556058925019e-06,-4.739976079526278513e-05,-4.739976079526278513e-05,6.534565026513170309e-07
1.577270788700921411e+00,-1.640902192103760418e-06,-1.781821858348620210e-05,-8.646475692305822570e-06,9.900797052750734961e-01,-6.201109099989612732e-04,-6.201109099989612732e-04,-1.640902192103760418e-06,-1.028737788440958341e-05,9.901105674087267161e-01,-5.789613984613229802e-04,-5.789613984613229802e-04,-3.085361137106954939e-06,-4.784512754281613204e-05,-4.784512754281613204e-05,6.630807368196529799e-07
1.579573373793915492e+00,-1.639975730850075722e-06,-1.773567371473503022e-05,-8.604654992607565050e-06,9.900772178243023580e-01,-6.016071272100078152e-04,-6.016071272100078152e-04,-1.639975730850075722e-06,-1.024463072345764077e-05,9.901079517164727006e-01,-5.606286043161772589e-04,-5.606286043161772589e-04,-3.083740259323598181e-06,-4.828097396537114802e-05,-4.828097396537114802e-05,6.726315442965238920e-07
1.581875958886909572e+00,-1.639036166288678999e-06,-1.765337622340884679e-05,-8.563018307643162735e-06,9.900747565478312806e-01,-5.829585870824733045e-04,-5.829585870824733045e-04,-1.639036166288678999e-06,-1.020205447393184173e-05,9.901053627112530453e-01,-5.421503691867459850e-04,-5.421503691867459850e-04,-3.082098087443489133e-06,-4.870719296172623452e-05,-4.870719296172623452e-05,6.821092675494525374e-07
1.584178543979903431e+00,-1.638083598717626897e-06,-1.757132713996613604e-05,-8.521565101072066625e-06,9.900723211901675258e-01,-5.641717291202398002e-04,-5.641717291202398002e-04,-1.638083598717626897e-06,-1.015964869978969289e-05,9.901028001362669473e-01,-5.235331343210810218e-04,-5.235331343210810218e-04,-3.080434785429746457e-06,-4.912368089911148451e-05,-4.912368089911148451e-05,6.915142485907230873e-07
1.586481129072897511e+00,-1.637118127967430389e-06,-1.748952746470349782e-05,-8.480294834249272945e-06,9.900699114981126314e-01,-5.452529645271400995e-04,-5.452529645271400995e-04,-1.637118127967430389e-06,-1.011741296221670418e-05,9.901002637369993309e-01,-5.047833126782733234e-04,-5.047833126782733234e-04,-3.078750516475106421e-06,-4.953033760535192003e-05,-4.953033760535192003e-05,7.008468289626332118e-07
1.588783714165891592e+00,-1.636139853401657658e-06,-1.740797816813509119e-05,-8.439206966291313783e-06,9.900675272207440925e-01,-5.262086743262542462e-04,-5.262086743262542462e-04,-1.636139853401657658e-06,-1.007534681969297081e-05,9.900977532612031951e-01,-4.859072870474824037e-04,-4.859072870474824037e-04,-3.077045443003089263e-06,-4.992706635991835877e-05,-4.992706635991835877e-05,7.101073497230258044e-07
1.591086299258885672e+00,-1.635148873917560049e-06,-1.732668019136859516e-05,-8.398300954141351576e-06,9.900651681093980416e-01,-5.070452075265451239e-04,-5.070452075265451239e-04,-1.635148873917560049e-06,-1.003344982805891141e-05,9.900952684588821828e-01,-4.669114082143094985e-04,-4.669114082143094985e-04,-3.075319726669194354e-06,-5.031377388389140853e-05,-5.031377388389140853e-05,7.192961514310387113e-07
1.593388884351879753e+00,-1.634145287946715181e-06,-1.724563444647776080e-05,-8.357576252633514650e-06,9.900628339176512638e-01,-4.877688793366844909e-04,-4.877688793366844909e-04,-1.634145287946715181e-06,-9.991721540580230466e-06,9.900928090822730399e-01,-4.478019931743635555e-04,-4.478019931743635555e-04,-3.073573528362121196e-06,-5.069037032886263190e-05,-5.069037032886263190e-05,7.284135741331221234e-07
1.595691469444873833e+00,-1.633129193455692923e-06,-1.716484181687157534e-05,-8.317032314556382339e-06,9.900605244013042094e-01,-4.683859694258528340e-04,-4.683859694258528340e-04,-1.633129193455692923e-06,-9.950161508012075897e-06,9.900903748858282949e-01,-4.285853233938045101e-04,-4.285853233938045101e-04,-3.071807008205025570e-06,-5.105676926479781096e-05,-5.105676926479781096e-05,7.374599573492840317e-07
1.597994054537867914e+00,-1.632100687946739380e-06,-1.708430315766009910e-05,-8.276668590715689138e-06,9.900582393183633423e-01,-4.489027202313074748e-04,-4.489027202313074748e-04,-1.632100687946739380e-06,-9.908769278662427670e-06,9.900879656261993844e-01,-4.092676431166577438e-04,-4.092676431166577438e-04,-3.070020325556801103e-06,-5.141288766688682175e-05,-5.141288766688682175e-05,7.464356400595970981e-07
1.600296639630861772e+00,-1.631059868458480557e-06,-1.700401929601685327e-05,-8.236484529996214015e-06,9.900559784290234866e-01,-4.293253353124739540e-04,-4.293253353124739540e-04,-1.631059868458480557e-06,-9.867544398454695207e-06,9.900855810622188891e-01,-3.898551577186551800e-04,-3.898551577186551800e-04,-3.068213639013388350e-06,-5.175864590140453342e-05,-5.175864590140453342e-05,7.553409606909019326e-07
1.602599224723855853e+00,-1.630006831566645098e-06,-1.692399103153798562e-05,-8.196479579422900614e-06,9.900537414956510629e-01,-4.096599777513021119e-04,-4.096599777513021119e-04,-1.630006831566645098e-06,-9.826486410989545713e-06,9.900832209548839913e-01,-3.703540321073439494e-04,-3.703540321073439494e-04,-3.066387106409113533e-06,-5.209396771060741116e-05,-5.209396771060741116e-05,7.641762571037982553e-07
1.604901809816849934e+00,-1.628941673384804375e-06,-1.684421913659804463e-05,-8.156653184221186330e-06,9.900515282827666574e-01,-3.899127685986363587e-04,-3.899127685986363587e-04,-1.628941673384804375e-06,-9.785594857605990493e-06,9.900808850673394890e-01,-3.507703891682123899e-04,-3.507703891682123899e-04,-3.064540884818051419e-06,-5.241878019668958058e-05,-5.241878019668958058e-05,7.729418665798411461e-07
1.607204394909844014e+00,-1.627864489565133339e-06,-1.676470435670247396e-05,-8.117004787876552110e-06,9.900493385570282578e-01,-3.700897853662777487e-04,-3.700897853662777487e-04,-1.627864489565133339e-06,-9.744869277441685237e-06,9.900785731648605870e-01,-3.311103082565109942e-04,-3.311103082565109942e-04,-3.062675130555419530e-06,-5.273301380482322230e-05,-5.273301380482322230e-05,7.816381258089525473e-07
1.609506980002838095e+00,-1.626775375299186401e-06,-1.668544741083688145e-05,-8.077533832193313319e-06,9.900471720872140446e-01,-3.501970605644559109e-04,-3.501970605644559109e-04,-1.626775375299186401e-06,-9.704309207492500144e-06,9.900762850148365768e-01,-3.113798237344859239e-04,-3.113798237344859239e-04,-3.060789999178992696e-06,-5.303660230530692570e-05,-5.303660230530692570e-05,7.902653708771082631e-07
1.611809565095832175e+00,-1.625674425318693641e-06,-1.660644899181294696e-05,-8.038239757352655051e-06,9.900450286442058490e-01,-3.302405802843806420e-04,-3.302405802843806420e-04,-1.625674425318693641e-06,-9.663914182671348057e-06,9.900740203867538503e-01,-2.915849235536952227e-04,-2.915849235536952227e-04,-3.058885645490548088e-06,-5.332948277484613202e-05,-5.332948277484613202e-05,7.988239372541952127e-07
1.614112150188826034e+00,-1.624561733896371422e-06,-1.652770976661116923e-05,-7.999122001969893246e-06,9.900429080009717220e-01,-3.102262828255366255e-04,-3.102262828255366255e-04,-1.624561733896371422e-06,-9.623683735866263821e-06,9.900717790521793571e-01,-2.717315478820715702e-04,-2.717315478820715702e-04,-3.056962223537332280e-06,-5.361159557698941768e-05,-5.361159557698941768e-05,8.073141597821152765e-07
1.616414735281820114e+00,-1.623437394846752057e-06,-1.644923037672039057e-05,-7.960180003151000588e-06,9.900408099325499478e-01,-2.901600573673632742e-04,-2.901600573673632742e-04,-1.623437394846752057e-06,-9.583617397997751798e-06,9.900695607847439517e-01,-2.518255877753722738e-04,-2.518255877753722738e-04,-3.055019886613554991e-06,-5.388288434174449732e-05,-5.388288434174449732e-05,8.157363726631246168e-07
1.618717320374814195e+00,-1.622301501527030206e-06,-1.637101143847407569e-05,-7.921413196548419202e-06,9.900387342160325010e-01,-2.700477426849768703e-04,-2.700477426849768703e-04,-1.622301501527030206e-06,-9.543714698075448985e-06,9.900673653601267388e-01,-2.318728838926750540e-04,-2.318728838926750540e-04,-3.053058787261905701e-06,-5.414329594439706720e-05,-5.414329594439706720e-05,8.240909094483709926e-07
1.621019905467808275e+00,-1.621154146837923888e-06,-1.629305354338345314e-05,-7.882821016416102547e-06,9.900366806305479495e-01,-2.498951259085221933e-04,-2.498951259085221933e-04,-1.621154146837923888e-06,-9.503975163254025800e-06,9.900651925560377542e-01,-2.118792252555060833e-04,-2.118792252555060833e-04,-3.051079077275095670e-06,-5.439278048355636851e-05,-5.439278048355636851e-05,8.323781030266479150e-07
1.623322490560802356e+00,-1.619995423224553061e-06,-1.621535725846749904e-05,-7.844402895663849193e-06,9.900346489572459108e-01,-2.297079413257917030e-04,-2.297079413257917030e-04,-1.619995423224553061e-06,-9.464398318888402465e-06,9.900630421522025326e-01,-1.918503480502380999e-04,-1.918503480502380999e-04,-3.049080907697421562e-06,-5.463129125845031335e-05,-5.463129125845031335e-05,8.405982856133664902e-07
1.625625075653796436e+00,-1.618825422677333669e-06,-1.613792312657966820e-05,-7.806158265910916616e-06,9.900326389792796222e-01,-2.094918692276897078e-04,-2.094918692276897078e-04,-1.618825422677333669e-06,-9.424983688588250497e-06,9.900609139303453432e-01,-1.717919344733367059e-04,-1.717919344733367059e-04,-3.047064428826351941e-06,-5.485878474549330761e-05,-5.485878474549330761e-05,8.487517887397180559e-07
1.627927660746790517e+00,-1.617644236732886084e-06,-1.606075166673171135e-05,-7.768086557538933656e-06,9.900306504817910636e-01,-1.892525347961400406e-04,-1.892525347961400406e-04,-1.617644236732886084e-06,-9.385730794271819952e-06,9.900588076741738686e-01,-1.517096116190527744e-04,-1.517096116190527744e-04,-3.045029790214139170e-06,-5.507522057414965407e-05,-5.507522057414965407e-05,8.568389432420884937e-07
1.630230245839784375e+00,-1.616451956474960702e-06,-1.598384337441418574e-05,-7.730187199744091293e-06,9.900286832518941926e-01,-1.689955070339994934e-04,-1.689955070339994934e-04,-1.616451956474960702e-06,-9.346639156219051784e-06,9.900567231693628845e-01,-1.316089504091232998e-04,-1.316089504091232998e-04,-3.042977140669449105e-06,-5.528056150211508050e-05,-5.528056150211508050e-05,8.648600792516433229e-07
1.632532830932778456e+00,-1.615248672535375818e-06,-1.590719872191396025e-05,-7.692459620588637176e-06,9.900267370786587362e-01,-1.487262977365403228e-04,-1.487262977365403228e-04,-1.615248672535375818e-06,-9.307708293124012571e-06,9.900546602035381616e-01,-1.114954645640442725e-04,-1.114954645640442725e-04,-3.040906628259015350e-06,-5.547477338983907959e-05,-5.547477338983907959e-05,8.728155261841063430e-07
1.634835416025772536e+00,-1.614034475094971810e-06,-1.583081815862871542e-05,-7.654903247051706062e-06,9.900248117530949798e-01,-1.284503605040744059e-04,-1.284503605040744059e-04,-1.614034475094971810e-06,-9.268937722146677026e-06,9.900526185662613665e-01,-9.137460961548768423e-05,-9.137460961548768423e-05,-3.038818400309314266e-06,-5.565782517440992771e-05,-5.565782517440992771e-05,8.807056127297671852e-07
1.637138001118766617e+00,-1.612809453884580146e-06,-1.575470211137827543e-05,-7.617517505079428599e-06,9.900229070681371146e-01,-1.081730897952311017e-04,-1.081730897952311017e-04,-1.612809453884580146e-06,-9.230326958964009168e-06,9.900505980490139635e-01,-7.125178195937507182e-05,-7.125178195937507182e-05,-3.036712603408258609e-06,-5.582968884282482554e-05,-5.582968884282482554e-05,8.885306668436710835e-07
1.639440586211760698e+00,-1.611573698186004033e-06,-1.567885098471303657e-05,-7.580301819634385336e-06,9.900210228186281380e-01,-8.789982002044768330e-05,-8.789982002044768330e-05,-1.611573698186004033e-06,-9.191875517820389580e-06,9.900485984451815602e-01,-5.113231794916612497e-05,-5.113231794916612497e-05,-3.034589383406915319e-06,-5.599033940466679717e-05,-5.599033940466679717e-05,8.962910157360085439e-07
1.641743171304754778e+00,-1.610327296833015378e-06,-1.560326516121929885e-05,-7.543255614744381429e-06,9.900191588013041999e-01,-6.763582467518934182e-05,-6.763582467518934182e-05,-1.610327296833015378e-06,-9.153582911577397231e-06,9.900466195500389199e-01,-3.102149302887975289e-05,-3.102149302887975289e-05,-3.032448885421239389e-06,-5.613975486420993678e-05,-5.613975486420993678e-05,9.039869858627175146e-07
1.644045756397748637e+00,-1.609070338212362969e-06,-1.552794500182167034e-05,-7.506378313550565733e-06,9.900173148147790592e-01,-4.738631551241988455e-05,-4.738631551241988455e-05,-1.609070338212362969e-06,-9.115448651762928913e-06,9.900446611607343073e-01,-1.092452090536816890e-05,-1.092452090536816890e-05,-3.030291253833829772e-06,-5.627791619197444989e-05,-5.627791619197444989e-05,9.116189029162194923e-07
1.646348341490742717e+00,-1.607802910264794839e-06,-1.545289084608242555e-05,-7.469669338354861255e-06,9.900154906595282078e-01,-2.715644175382270944e-05,-2.715644175382270944e-05,-1.607802910264794839e-06,-9.077472248619656306e-06,9.900427230762740560e-01,9.153447240655915789e-06,9.153447240655915789e-06,-3.028116632295702641e-06,-5.640480729575269192e-05,-5.640480729575269192e-05,9.191870918164174673e-07
1.648650926583736798e+00,-1.606525100486095042e-06,-1.537810301249806184e-05,-7.433128110666803542e-06,9.900136861378742159e-01,-6.951289339304240068e-06,-6.951289339304240068e-06,-1.606525100486095042e-06,-9.039653211152898584e-06,9.900408050975076923e-01,2.920732350530735427e-05,2.920732350530735427e-05,-3.025925163728085826e-06,-5.652041499112691941e-05,-5.652041499112691941e-05,9.266918767018199721e-07
1.650953511676730878e+00,-1.605236995928129521e-06,-1.530358179879276581e-05,-7.396754051249667548e-06,9.900119010539711883e-01,1.322411978576129398e-05,1.322411978576129398e-05,-1.605236995928129521e-06,-9.001991047177797069e-06,9.900389070271127245e-01,4.923208397447248225e-05,4.923208397447248225e-05,-3.023716990324228502e-06,-5.662472897149974636e-05,-5.662472897149974636e-05,9.341335809208981681e-07
1.653256096769724959e+00,-1.603938683199907864e-06,-1.522932748220907948e-05,-7.360546580165995659e-06,9.900101352137896660e-01,3.336482834602495909e-05,3.336482834602495909e-05,-1.603938683199907864e-06,-8.964485263365903735e-06,9.900370286695797661e-01,6.922276939948857402e-05,6.922276939948857402e-05,-3.021492253551231631e-06,-5.671774177765742480e-05,-5.671774177765742480e-05,9.415125270235961406e-07
1.655558681862719039e+00,-1.602630248468654381e-06,-1.515534031979563564e-05,-7.324505116822490437e-06,9.900083884251015265e-01,5.346594437492300611e-05,5.346594437492300611e-05,-1.602630248468654381e-06,-8.927135365291144606e-06,9.900351698311974369e-01,8.917448583608758453e-05,8.917448583608758453e-05,-3.019251094151893639e-06,-5.679944876688641363e-05,-5.679944876688641363e-05,9.488290367529999061e-07
1.657861266955713120e+00,-1.601311777460893573e-06,-1.508162054869203878e-05,-7.288629080014254304e-06,9.900066604974652185e-01,7.352264181721679653e-05,7.352264181721679653e-05,-1.601311777460893573e-06,-8.889940857475147877e-06,9.900333303200375967e-01,1.090824052471173813e-04,1.090824052471173813e-04,-3.016993652146574742e-06,-5.686984808166293452e-05,-5.686984808166293452e-05,9.560834310372668828e-07
1.660163852048706978e+00,-1.599983355463545350e-06,-1.500816838641090842e-05,-7.252917887968452397e-06,9.900049512422105513e-01,9.353016109584028829e-05,9.353016109584028829e-05,-1.599983355463545350e-06,-8.852901243431997747e-06,9.900315099459408019e-01,1.289417660695682793e-04,1.289417660695682793e-04,-3.014720066835077779e-06,-5.692894061793540302e-05,-5.692894061793540302e-05,9.632760299816200523e-07
1.662466437141701059e+00,-1.598645067325031884e-06,-1.493498403111703236e-05,-7.217370958387307961e-06,9.900032604724244845e-01,1.134838096435922933e-04,1.134838096435922933e-04,-1.598645067325031884e-06,-8.816016025712339422e-06,9.900297085205016501e-01,1.487478737464416442e-04,1.487478737464416442e-04,-3.012430476798545991e-06,-5.697672999301899997e-05,-5.697672999301899997e-05,9.704071528606191018e-07
1.664769022234695139e+00,-1.597296997456396336e-06,-1.486206766190383146e-05,-7.181987708490545475e-06,9.900015880029360282e-01,1.333789624001784806e-04,1.333789624001784806e-04,-1.597296997456396336e-06,-8.779284705946942022e-06,9.900279258570539032e-01,1.684961012239662419e-04,1.684961012239662419e-04,-3.010125019901374352e-06,-5.701322251312166838e-05,-5.701322251312166838e-05,9.774771181105269633e-07
1.667071607327689220e+00,-1.595939229832432367e-06,-1.478941943906689540e-05,-7.146767555057192574e-06,9.899999336503021441e-01,1.532110622751789040e-04,1.532110622751789040e-04,-1.595939229832432367e-06,-8.742706784889624517e-06,9.900261617706568318e-01,1.881818894147374089e-04,1.881818894147374089e-04,-3.007803833293139953e-06,-5.703842714052036016e-05,-5.703842714052036016e-05,9.844862433218744522e-07
1.669374192420683300e+00,-1.594571847992822558e-06,-1.471703950437485530e-05,-7.111709914466800061e-06,9.899982972327925346e-01,1.729756205774506366e-04,1.729756205774506366e-04,-1.594571847992822558e-06,-8.706281762459622619e-06,9.900244160780798941e-01,2.078007476272891339e-04,2.078007476272891339e-04,-3.005467053410546793e-06,-5.705235546040620152e-05,-5.705235546040620152e-05,9.914348452322242770e-07
1.671676777513677381e+00,-1.593194935043290156e-06,-1.464492798133747310e-05,-7.076814202740074081e-06,9.899966785703762095e-01,1.926682174115202707e-04,1.926682174115202707e-04,-1.593194935043290156e-06,-8.670009137783364449e-06,9.900226885977895241e-01,2.273482539626537149e-04,2.273482539626537149e-04,-3.003114815979384544e-06,-5.705502164741694046e-05,-5.705502164741694046e-05,9.983232397190375393e-07
1.673979362606671240e+00,-1.591808573656758877e-06,-1.457308497547096270e-05,-7.042079835578921292e-06,9.899950774847063872e-01,2.122845020415069478e-04,2.122845020415069478e-04,-1.591808573656758877e-06,-8.633888409235680381e-06,9.900209791499341438e-01,2.468200556784496693e-04,2.468200556784496693e-04,-3.000747256016501709e-06,-5.704644243187476918e-05,-5.704644243187476918e-05,1.005151741792741616e-06
1.676281947699665320e+00,-1.590412846074521601e-06,-1.450151057456065832e-05,-7.007506228405912133e-06,9.899934937991068384e-01,2.318201932231352862e-04,2.318201932231352862e-04,-1.590412846074521601e-06,-8.597919074480433522e-06,9.900192875563302852e-01,2.662118695210570203e-04,2.662118695210570203e-04,-2.998364507831794038e-06,-5.702663706574737670e-05,-5.702663706574737670e-05,1.011920665589975708e-06
1.678584532792659401e+00,-1.589007834107422615e-06,-1.443020484892095705e-05,-6.973092796403183353e-06,9.899919273385577867e-01,2.512710795043569963e-04,2.512710795043569963e-04,-1.589007834107422615e-06,-8.562100630510606391e-06,9.900176136404492677e-01,2.855194820263994016e-04,2.855194820263994016e-04,-2.995966705030208601e-06,-5.699562728834967399e-05,-5.699562728834967399e-05,1.018630324366943111e-06
1.680887117885653481e+00,-1.587593619137046003e-06,-1.435916785165262877e-05,-6.938838954550768793e-06,9.899903779296813644e-01,2.706330194951702306e-04,2.706330194951702306e-04,-1.587593619137046003e-06,-8.526432573687815007e-06,9.900159572274024322e-01,3.047387497899214839e-04,3.047387497899214839e-04,-2.993553980513757617e-06,-5.695343729180364021e-05,-5.695343729180364021e-05,1.025281030492965933e-06
1.683189702978647562e+00,-1.586170282116913561e-06,-1.428839961889739536e-05,-6.904744117664367737e-06,9.899888454007286231e-01,2.899019421071603116e-04,2.899019421071603116e-04,-1.586170282116913561e-06,-8.490914399781280874e-06,9.900143181439279294e-01,3.238655997062854486e-04,3.238655997062854486e-04,-2.991126466483549208e-06,-5.690009368627313620e-05,-5.690009368627313620e-05,1.031873095444191005e-06
1.685492288071641642e+00,-1.584737903573693090e-06,-1.421790017008998904e-05,-6.870807700432550836e-06,9.899873295815647678e-01,3.090738467633231284e-04,3.090738467633231284e-04,-1.584737903573693090e-06,-8.455545604006243926e-06,9.900126962183768420e-01,3.428960291793480973e-04,3.428960291793480973e-04,-2.988684294441827907e-06,-5.683562546499046965e-05,-5.683562546499046965e-05,1.038406829797420934e-06
1.687794873164635501e+00,-1.583296563608415371e-06,-1.414766950820749514e-05,-6.837029117453448492e-06,9.899858303036563889e-01,3.281448035787209744e-04,3.281448035787209744e-04,-1.583296563608415371e-06,-8.420325681061863863e-06,9.900110912806995289e-01,3.618261063029684231e-04,3.618261063029684231e-04,-2.986227595194030404e-06,-5.676006396909117187e-05,-5.676006396909117187e-05,1.044882543224124107e-06
1.690097458257629581e+00,-1.581846341897697490e-06,-1.407770762001614024e-05,-6.803407783270848013e-06,9.899843474000570298e-01,3.471109535125361557e-04,3.471109535125361557e-04,-1.581846341897697490e-06,-8.385254125168545503e-06,9.900095031624325248e-01,3.806519700132103513e-04,3.806519700132103513e-04,-2.983756498850853999e-06,-5.667344285227304552e-05,-5.667344285227304552e-05,1.051300544484584226e-06
1.692400043350623662e+00,-1.580387317694978027e-06,-1.400801447631554430e-05,-6.769943112409803728e-06,9.899828807053939750e-01,3.659685084920428957e-04,3.659685084920428957e-04,-1.580387317694978027e-06,-8.350330430104781332e-06,9.900079316966843290e-01,3.993698302124620413e-04,3.993698302124620413e-04,-2.981271134830333955e-06,-5.657579804529555697e-05,-5.657579804529555697e-05,1.057661141422197239e-06
1.694702628443617742e+00,-1.578919569831757533e-06,-1.393859003218037577e-05,-6.736634519411674503e-06,9.899814300558553715e-01,3.847137515090915164e-04,3.847137515090915164e-04,-1.578919569831757533e-06,-8.315554089243431613e-06,9.900063767181230823e-01,4.179759678660652429e-04,4.179759678660652429e-04,-2.978771631859934819e-06,-5.646716772033493479e-05,-5.646716772033493479e-05,1.063964640957924121e-06
1.697005213536611823e+00,-1.577443176718848330e-06,-1.386943422719944862e-05,-6.703481418868664897e-06,9.899799952891759069e-01,4.033430366896244464e-04,4.033430366896244464e-04,-1.577443176718848330e-06,-8.280924595587513227e-06,9.900048380629626887e-01,4.364667350719744722e-04,4.364667350719744722e-04,-2.976258117978652757e-06,-5.634759225521045152e-05,-5.634759225521045152e-05,1.070211349084866265e-06
1.699307798629605903e+00,-1.575958216347631717e-06,-1.380054698571238512e-05,-6.670483225457821677e-06,9.899785762446241533e-01,4.218527893367877849e-04,4.218527893367877849e-04,-1.575958216347631717e-06,-8.246441441805453182e-06,9.900033155689496045e-01,4.548385551040095773e-04,4.548385551040095773e-04,-2.973730720539130599e-06,-5.621711419749691839e-05,-5.621711419749691839e-05,1.076401570863008155e-06
1.701610383722599984e+00,-1.574464766291322803e-06,-1.373192821704367974e-05,-6.637639353974531430e-06,9.899771727629893547e-01,4.402395059481847535e-04,4.402395059481847535e-04,-1.574464766291322803e-06,-8.212104120265854233e-06,9.900018090753501809e-01,4.730879224292481840e-04,4.730879224292481840e-04,-2.971189566209780077e-06,-5.607577822853805692e-05,-5.607577822853805692e-05,1.082535610414079694e-06
1.703912968815593842e+00,-1.572962903706242751e-06,-1.366357781573437971e-05,-6.604949219365506568e-06,9.899757846865683275e-01,4.584997542078163876e-04,4.584997542078163876e-04,-1.572962903706242751e-06,-8.177912123071748895e-06,9.900003184229375641e-01,4.912114027001033764e-04,4.912114027001033764e-04,-2.968634780976917617e-06,-5.592363112737530265e-05,-5.592363112737530265e-05,1.088613770916569716e-06
1.706215553908587923e+00,-1.571452705333096949e-06,-1.359549566177123105e-05,-6.572412236761246171e-06,9.899744118591526920e-01,4.766301729532672359e-04,4.766301729532672359e-04,-1.571452705333096949e-06,-8.143864942094343544e-06,9.899988434539789273e-01,5.092056327216445966e-04,5.092056327216445966e-04,-2.966066490146908186e-06,-5.576072173460614936e-05,-5.576072173460614936e-05,1.094636354600881595e-06
1.708518139001582004e+00,-1.569934247498263561e-06,-1.352768162081345309e-05,-6.540027821508040279e-06,9.899730541260153283e-01,4.946274721186529619e-04,4.946274721186529619e-04,-1.569934247498263561e-06,-8.109962069006303417e-06,9.899973840122223701e-01,5.270673203946782230e-04,5.270673203946782230e-04,-2.963484818348321830e-06,-5.558710091618612834e-05,-5.558710091618612834e-05,1.100603662744603203e-06
1.710820724094576084e+00,-1.568407606115084406e-06,-1.346013554441701747e-05,-6.507795389199429543e-06,9.899717113338984964e-01,5.124884326539061539e-04,5.124884326539061539e-04,-1.568407606115084406e-06,-8.076202995314514161e-06,9.899959399428844842e-01,5.447932446351642444e-04,5.447932446351642444e-04,-2.960889889534097426e-06,-5.540282152718780572e-05,-5.540282152718780572e-05,1.106515995667913023e-06
1.713123309187570165e+00,-1.566872856685165783e-06,-1.339285727025662677e-05,-6.475714355707220185e-06,9.899703833310005141e-01,5.302099064209128470e-04,5.302099064209128470e-04,-1.566872856685165783e-06,-8.042587212392385968e-06,9.899945110926376968e-01,5.623802552704823977e-04,5.623802552704823977e-04,-2.958281826983716587e-06,-5.520793837553028961e-05,-5.520793837553028961e-05,1.112373652729200778e-06
1.715425894280564245e+00,-1.565330074299683968e-06,-1.332584662234515353e-05,-6.443784137211980569e-06,9.899690699669634331e-01,5.477888160670505314e-04,5.477888160670505314e-04,-1.565330074299683968e-06,-8.009114211511664748e-06,9.899930973095979470e-01,5.798252729130971362e-04,5.798252729130971362e-04,-2.955660753305386893e-06,-5.500250818569235898e-05,-5.500250818569235898e-05,1.118176932320588325e-06
1.717728479373558104e+00,-1.563779333640697475e-06,-1.325910341125093988e-05,-6.412004150233095628e-06,9.899677710928602714e-01,5.652221548766517495e-04,5.652221548766517495e-04,-1.563779333640697475e-06,-7.975783483873792679e-06,9.899916984433119183e-01,5.971252888121469406e-04,5.971252888121469406e-04,-2.953026790438233164e-06,-5.478658956242189943e-05,-5.478658956242189943e-05,1.123926131863942240e-06
1.720031064466552184e+00,-1.562220708982464830e-06,-1.319262743431247289e-05,-6.380373811658293583e-06,9.899664865611830233e-01,5.825069866009416732e-04,5.825069866009416732e-04,-1.562220708982464830e-06,-7.942594520640758836e-06,9.899903143447449372e-01,6.142773646835047356e-04,6.142773646835047356e-04,-2.950380059654498052e-06,-5.456024295445416848e-05,-5.456024295445416848e-05,1.129621547806605626e-06
1.722333649559546265e+00,-1.560654274192769751e-06,-1.312641847585103053e-05,-6.348892538772785570e-06,9.899652162258298915e-01,5.996404452669447599e-04,5.996404452669447599e-04,-1.560654274192769751e-06,-7.909546812965555110e-06,9.899889448662687608e-01,6.312786325188069533e-04,6.312786325188069533e-04,-2.947720681561751526e-06,-5.432353061825137899e-05,-5.432353061825137899e-05,1.135263475617607213e-06
1.724636234652540345e+00,-1.559080102734250148e-06,-1.306047630738076615e-05,-6.317559749287853852e-06,9.899639599420930747e-01,6.166197349659253589e-04,6.166197349659253589e-04,-1.559080102734250148e-06,-7.876639852022103576e-06,9.899875898616491421e-01,6.481262943740137257e-04,6.481262943740137257e-04,-2.945048776105106285e-06,-5.407651658177511353e-05,-5.407651658177511353e-05,1.140852209783739384e-06
1.726938819745534426e+00,-1.557498267665733463e-06,-1.299480068781669406e-05,-6.286374861369048695e-06,9.899627175666471102e-01,6.334421296218517832e-04,6.334421296218517832e-04,-1.557498267665733463e-06,-7.843873129034782370e-06,9.899862491860341729e-01,6.648176221379909195e-04,6.648176221379909195e-04,-2.942364462569443340e-06,-5.381926660830371962e-05,-5.381926660830371962e-05,1.146388043805968028e-06
1.729241404838528506e+00,-1.555908841643576684e-06,-1.292939136368022711e-05,-6.255337293663899053e-06,9.899614889575359955e-01,6.501049727404135904e-04,6.501049727404135904e-04,-1.555908841643576684e-06,-7.811246135307475525e-06,9.899849226959419601e-01,6.813499572816435331e-04,6.813499572816435331e-04,-2.939667859581642676e-06,-5.355184816030581922e-05,-5.355184816030581922e-05,1.151871270195710038e-06
1.731543989931522365e+00,-1.554311896923013757e-06,-1.286424806930265948e-05,-6.224446465329183641e-06,9.899602739741621971e-01,6.666056771391050059e-04,6.666056771391050059e-04,-1.554311896923013757e-06,-7.778758362252197609e-06,9.899836102492489687e-01,6.977207105881138302e-04,6.977207105881138302e-04,-2.936959085112823649e-06,-5.327433036338123526e-05,-5.327433036338123526e-05,1.157302180471521418e-06
1.733846575024516445e+00,-1.552707505359504064e-06,-1.279937052702622852e-05,-6.193701796057758162e-06,9.899590724772737715e-01,6.829417246588843915e-04,6.829417246588843915e-04,-1.552707505359504064e-06,-7.746409301417262649e-06,9.899823117051780308e-01,7.139273618645534556e-04,7.139273618645534556e-04,-2.934238256480589628e-06,-5.298678397028007555e-05,-5.298678397028007555e-05,1.162681065155673781e-06
1.736149160117510526e+00,-1.551095738410089371e-06,-1.273475844740308282e-05,-6.163102706104948851e-06,9.899578843289531527e-01,6.991106658579042616e-04,6.991106658579042616e-04,-1.551095738410089371e-06,-7.714198444515038010e-06,9.899810269242866889e-01,7.299674596359643662e-04,7.299674596359643662e-04,-2.931505490351281949e-06,-5.268928132501088396e-05,-5.268928132501088396e-05,1.168008213770888832e-06
1.738451745210504606e+00,-1.549476667134754162e-06,-1.267041152939202088e-05,-6.132648616314503878e-06,9.899567093926052719e-01,7.151101196878264111e-04,7.151101196878264111e-04,-1.549476667134754162e-06,-7.682125283449257828e-06,9.899797557684556493e-01,7.458386208216234627e-04,7.458386208216234627e-04,-2.928760902742240220e-06,-5.238189632704783342e-05,-5.238189632704783342e-05,1.173283914837371628e-06
1.740754330303498687e+00,-1.547850362197789151e-06,-1.260632946055303251e-05,-6.102338948144127146e-06,9.899555475329462340e-01,7.309377731532138399e-04,7.309377731532138399e-04,-1.547850362197789151e-06,-7.650189310341916297e-06,9.899784981008772355e-01,7.615385303945815254e-04,7.615385303945815254e-04,-2.926004609024065595e-06,-5.206470439564732177e-05,-5.206470439564732177e-05,1.178508455869655599e-06
1.743056915396492768e+00,-1.546216893869161356e-06,-1.254251191723967359e-05,-6.072173123690573346e-06,9.899543986159908826e-01,7.465913809544863890e-04,7.465913809544863890e-04,-1.546216893869161356e-06,-7.618390017559734913e-06,9.899772537860435095e-01,7.770649410247253185e-04,7.770649410247253185e-04,-2.923236723922893788e-06,-5.173778243428370775e-05,-5.173778243428370775e-05,1.183682123373791875e-06
1.745359500489486848e+00,-1.544576332025886716e-06,-1.247895856478934864e-05,-6.042150565714337264e-06,9.899532625090422533e-01,7.620687651149311240e-04,7.620687651149311240e-04,-1.544576332025886716e-06,-7.586726897740223980e-06,9.899760226897355020e-01,7.924156727058920572e-04,7.924156727058920572e-04,-2.920457361522673164e-06,-5.140120879521378934e-05,-5.140120879521378934e-05,1.188805202844553445e-06
1.747662085582480707e+00,-1.542928746153407795e-06,-1.241566905771141140e-05,-6.012270697663925517e-06,9.899521390806802490e-01,7.773678145922467914e-04,7.773678145922467914e-04,-1.542928746153407795e-06,-7.555199443817333312e-06,9.899748046790116662e-01,8.075886123675161043e-04,8.075886123675161043e-04,-2.917666635267446229e-06,-5.105506324417937553e-05,-5.105506324417937553e-05,1.193877978762765098e-06
1.749964670675474787e+00,-1.541274205346974226e-06,-1.235264303987317330e-05,-5.982532943699701378e-06,9.899510282007493167e-01,7.924864848751105636e-04,7.924864848751105636e-04,-1.541274205346974226e-06,-7.523807149046676027e-06,9.899735996221964429e-01,8.225817134712973050e-04,8.225817134712973050e-04,-2.914864657963639575e-06,-5.069942692525674716e-05,-5.069942692525674716e-05,1.198900734592730348e-06
1.752267255768468868e+00,-1.539612778313028039e-06,-1.228988014468385865e-05,-5.952936728717361980e-06,9.899499297403482334e-01,8.074227975652131144e-04,8.074227975652131144e-04,-1.539612778313028039e-06,-7.492549507030389808e-06,9.899724073888693798e-01,8.373929955933347245e-04,8.373929955933347245e-04,-2.912051541782355534e-06,-5.033438232586243935e-05,-5.033438232586243935e-05,1.203873752779773341e-06
1.754569840861462948e+00,-1.537944533370591948e-06,-1.222737999527642029e-05,-5.923481478370969999e-06,9.899488435718190038e-01,8.221748399452631422e-04,8.221748399452631422e-04,-1.537944533370591948e-06,-7.461426011741561946e-06,9.899712278498542517e-01,8.520205439922294002e-04,8.520205439922294002e-04,-2.909227398261672720e-06,-4.996001324192311799e-05,-4.996001324192311799e-05,1.208797314747874369e-06
1.756872425954457029e+00,-1.536269538452661021e-06,-1.216514220468736977e-05,-5.894166619095624483e-06,9.899477695687348699e-01,8.367407645333965402e-04,8.367407645333965402e-04,-1.536269538452661021e-06,-7.430436157548285080e-06,9.899700608772075139e-01,8.664625091635896805e-04,8.664625091635896805e-04,-2.906392338308946987e-06,-4.957640474321846097e-05,-4.957640474321846097e-05,1.213671700897432851e-06
1.759175011047451109e+00,-1.534587861107597962e-06,-1.210316637603452719e-05,-5.864991578129714107e-06,9.899467076058905413e-01,8.511187886244602147e-04,8.511187886244602147e-04,-1.534587861107597962e-06,-7.399579439237312281e-06,9.899689063442081993e-01,8.807171063814094774e-04,8.807171063814094774e-04,-2.903546472203120450e-06,-4.918364313890485727e-05,-4.918364313890485727e-05,1.218497190603087071e-06
1.761477596140444968e+00,-1.532899568500531981e-06,-1.204145210269275344e-05,-5.835955783536806194e-06,9.899456575592903151e-01,8.653071938186147503e-04,8.653071938186147503e-04,-1.532899568500531981e-06,-7.368855352037338599e-06,9.899677641253463722e-01,8.947826152267640640e-04,8.947826152267640640e-04,-2.900689909597033029e-06,-4.878181594322780458e-05,-4.878181594322780458e-05,1.223274062211677066e-06
1.763780181233439048e+00,-1.531204727414757883e-06,-1.197999896846769023e-05,-5.807058664227124088e-06,9.899446193061378629e-01,8.793043255377128034e-04,8.793043255377128034e-04,-1.531204727414757883e-06,-7.338263391641881970e-06,9.899666340963128031e-01,9.086573791042803008e-04,9.086573791042803008e-04,-2.897822759519736128e-06,-4.837101184143045954e-05,-4.837101184143045954e-05,1.228002593040275484e-06
1.766082766326433129e+00,-1.529503404253143199e-06,-1.191880654776753494e-05,-5.778299649978678924e-06,9.899435927248257938e-01,8.931085925298714017e-04,8.931085925298714017e-04,-1.529503404253143199e-06,-7.307803054231821911e-06,9.899655161339885323e-01,9.223398047467987063e-04,9.223398047467987063e-04,-2.894945130378815192e-06,-4.795132065586616695e-05,-4.795132065586616695e-05,1.232683059374321147e-06
1.768385351419427209e+00,-1.527795665039532570e-06,-1.185787440577280471e-05,-5.749678171458000768e-06,9.899425776949242195e-01,9.067184663627021876e-04,9.067184663627021876e-04,-1.527795665039532570e-06,-7.277473836497533338e-06,9.899644101164336574e-01,9.358283617086922803e-04,9.358283617086922803e-04,-2.892057129962711428e-06,-4.752283331232133785e-05,-4.752283331232133785e-05,1.237315736465867600e-06
1.770687936512421290e+00,-1.526081575420158689e-06,-1.179720209860417260e-05,-5.721193660240509753e-06,9.899415740971706512e-01,9.201324809056042305e-04,9.201324809056042305e-04,-1.526081575420158689e-06,-7.247275235660668866e-06,9.899633159228776735e-01,9.491215818482469195e-04,9.491215818482469195e-04,-2.889158865443048607e-06,-4.708564180655614372e-05,-4.708564180655614372e-05,1.241900898531896455e-06
1.772990521605415370e+00,-1.524361200665053886e-06,-1.173678917348839794e-05,-5.692845548830522153e-06,9.899405818134598967e-01,9.333492318015557988e-04,9.333492318015557988e-04,-1.524361200665053886e-06,-7.217206749495576039e-06,9.899622334337083718e-01,9.622180587995380827e-04,9.622180587995380827e-04,-2.886250443376962397e-06,-4.663983917106953223e-05,-4.663983917106953223e-05,1.246438818752742970e-06
1.775293106698409451e+00,-1.522634605669463606e-06,-1.167663516892226115e-05,-5.664633270680889690e-06,9.899396007268330688e-01,9.463673759288178475e-04,9.463673759288178475e-04,-1.522634605669463606e-06,-7.187267876350353719e-06,9.899611625304620688e-01,9.751164474342192794e-04,9.751164474342192794e-04,-2.883331969709434371e-06,-4.618551944209482556e-05,-4.618551944209482556e-05,1.250929769270606328e-06
1.777595691791403310e+00,-1.520901854955264139e-06,-1.161673961483468915e-05,-5.636556260212291551e-06,9.899386307214673719e-01,9.591856308529619771e-04,9.591856308529619771e-04,-1.520901854955264139e-06,-7.157458115167556114e-06,9.899601030958128378e-01,9.878154633136322117e-04,9.878154633136322117e-04,-2.880403549775626423e-06,-4.572277762683242026e-05,-4.572277762683242026e-05,1.255374021188128743e-06
1.779898276884397390e+00,-1.519163012672379703e-06,-1.155710203274692765e-05,-5.608613952832149489e-06,9.899376716826663314e-01,9.718027742696337765e-04,9.718027742696337765e-04,-1.519163012672379703e-06,-7.127776965504529192e-06,9.899590550135628497e-01,1.000313882131651866e-03,1.000313882131651866e-03,-2.877465288303220276e-06,-4.525170967092502993e-05,-4.525170967092502993e-05,1.259771844567119822e-06
1.782200861977391471e+00,-1.517418142600204398e-06,-1.149772193593089566e-05,-5.580805784953227813e-06,9.899367234968494689e-01,9.842176434384369843e-04,9.842176434384369843e-04,-1.517418142600204398e-06,-7.098223927553431999e-06,9.899580181686321589e-01,1.012610539148650797e-03,1.012610539148650797e-03,-2.874517289414758259e-06,-4.477241242618213845e-05,-4.477241242618213845e-05,1.264123508427311432e-06
1.784503447070385551e+00,-1.515667308149023742e-06,-1.143859882956566633e-05,-5.553131194011861538e-06,9.899357860515419771e-01,9.964291346083540418e-04,9.964291346083540418e-04,-1.515667308149023742e-06,-7.068798502160885280e-06,9.899569924470484894e-01,1.024704328616997525e-03,1.024704328616997525e-03,-2.871559656629984926e-06,-4.428498361855816339e-05,-4.428498361855816339e-05,1.268429280745211029e-06
1.786806032163379632e+00,-1.513910572361438745e-06,-1.137973221089210296e-05,-5.525589618485849959e-06,9.899348592353648391e-01,1.008436202435072536e-03,1.008436202435072536e-03,-1.513910572361438745e-06,-7.039500190847288915e-06,9.899559777359373536e-01,1.036594203198461586e-03,1.036594203198461586e-03,-2.868592492868194186e-06,-4.378952181639044844e-05,-4.378952181639044844e-05,1.272689428453067428e-06
1.789108617256373712e+00,-1.512147997913791251e-06,-1.132112156936568923e-05,-5.498180497912015641e-06,9.899339429380251687e-01,1.020237859390613587e-03,1.020237859390613587e-03,-1.512147997913791251e-06,-7.010328495825807315e-06,9.899549739235126156e-01,1.048279173373916837e-03,1.048279173373916837e-03,-2.865615900450574740e-06,-4.328612639890182825e-05,-4.328612639890182825e-05,1.276904217437883162e-06
1.791411202349367571e+00,-1.510379647117592465e-06,-1.126276638680759574e-05,-5.470903272903433917e-06,9.899330370503062193e-01,1.031833175165627024e-03,1.031833175165627024e-03,-1.510379647117592465e-06,-6.981282920021026171e-06,9.899539808990662770e-01,1.059758306845711220e-03,1.059758306845711220e-03,-2.862629981102561438e-06,-4.277489752497290216e-05,-4.277489752497290216e-05,1.281073912540538442e-06
1.793713787442361651e+00,-1.508605581920948925e-06,-1.120466613755386123e-05,-5.443757385166310869e-06,9.899321414640575023e-01,1.043221276064736818e-03,1.043221276064736818e-03,-1.508605581920948925e-06,-6.952362967087259371e-06,9.899529985529588183e-01,1.071030727933085930e-03,1.071030727933085930e-03,-2.859634835956181567e-06,-4.225593610218836705e-05,-4.225593610218836705e-05,1.285198777554973133e-06
1.796016372535355732e+00,-1.506825863909994629e-06,-1.114682028860294056e-05,-5.416742277516572464e-06,9.899312560721857945e-01,1.054401344395282858e-03,1.054401344395282858e-03,-1.506825863909994629e-06,-6.923568141426567093e-06,9.899520267766100945e-01,1.082095616960989173e-03,1.082095616960989173e-03,-2.856630565552410445e-06,-4.172934375616269503e-05,-4.172934375616269503e-05,1.289279075227477363e-06
1.798318957628349812e+00,-1.505040554310320612e-06,-1.108922829976137072e-05,-5.389857393896103872e-06,9.899303807686441470e-01,1.065372617849840277e-03,1.065372617849840277e-03,-1.505040554310320612e-06,-6.894897948206424061e-06,9.899510654624887884e-01,1.092952209642665973e-03,1.092952209642665973e-03,-2.853617269843522788e-06,-4.119522280014844211e-05,-4.119522280014844211e-05,1.293315067256019827e-06
1.800621542721343893e+00,-1.503249713988407069e-06,-1.103188962378779352e-05,-5.363102179388672838e-06,9.899295154484241133e-01,1.076134388882850476e-03,1.076134388882850476e-03,-1.503249713988407069e-06,-6.866351893377080331e-06,9.899501145041041950e-01,1.103599796456358794e-03,1.103599796456358794e-03,-2.850595048195447034e-06,-4.065367620493218236e-05,-4.065367620493218236e-05,1.297307014289682815e-06
1.802924127814337973e+00,-1.501453403453055898e-06,-1.097480370653520289e-05,-5.336476080235554899e-06,9.899286600075448694e-01,1.086686004081719023e-03,1.086686004081719023e-03,-1.501453403453055898e-06,-6.837929483688610373e-06,9.899491737959958959e-01,1.114037722016473532e-03,1.114037722016473532e-03,-2.847563999390120522e-06,-4.010480756902155694e-05,-4.010480756902155694e-05,1.301255175928186817e-06
1.805226712907332054e+00,-1.499651682856824938e-06,-1.091796998709151681e-05,-5.309978543850824870e-06,9.899278143430446653e-01,1.097026863532717632e-03,1.097026863532717632e-03,-1.499651682856824938e-06,-6.809630226707649596e-06,9.899482432337247673e-01,1.124265384439548281e-03,1.124265384439548281e-03,-2.844524221627844665e-06,-3.954872108912730081e-05,-3.954872108912730081e-05,1.305159810721448158e-06
1.807529298000325912e+00,-1.497844611997461361e-06,-1.086138789791843479e-05,-5.283609018836370503e-06,9.899269783529712763e-01,1.107156420182025440e-03,1.107156420182025440e-03,-1.497844611997461361e-06,-6.781453630833831864e-06,9.899473227138637643e-01,1.134282234705360744e-03,1.134282234705360744e-03,-2.841475812529641819e-06,-3.898552153094389928e-05,-3.898552153094389928e-05,1.309021176169237218e-06
1.809831883093319993e+00,-1.496032250319336760e-06,-1.080505686498863855e-05,-5.257366954996569873e-06,9.899261519363727890e-01,1.117074179192243310e-03,1.117074179192243310e-03,-1.496032250319336760e-06,-6.753399205315906845e-06,9.899464121339887068e-01,1.144087776013506938e-03,1.144087776013506938e-03,-2.838418869139610460e-06,-3.841531420023188998e-05,-3.841531420023188998e-05,1.312839528720922001e-06
1.812134468186314074e+00,-1.494214656914883713e-06,-1.074897630792132583e-05,-5.231251803352700255e-06,9.899253349932883861e-01,1.126779697294688198e-03,1.126779697294688198e-03,-1.494214656914883713e-06,-6.725466460267583757e-06,9.899455113926691752e-01,1.153681563135758445e-03,1.153681563135758445e-03,-2.835353487927285439e-06,-3.783820491420578108e-05,-3.783820491420578108e-05,1.316615123775238789e-06
1.814437053279308154e+00,-1.492391890526029389e-06,-1.069314564011611437e-05,-5.205263016157029367e-06,9.899245274247394644e-01,1.136272582137803694e-03,1.136272582137803694e-03,-1.492391890526029389e-06,-6.697654906683059180e-06,9.899446203894595175e-01,1.163063201764535839e-03,1.163063201764535839e-03,-2.832279764789991888e-06,-3.725429997322963219e-05,-3.725429997322963219e-05,1.320348215680191992e-06
1.816739638372302235e+00,-1.490564009545633173e-06,-1.063756426888530443e-05,-5.179400046906628781e-06,9.899237291327207533e-01,1.145552491631984023e-03,1.145552491631984023e-03,-1.490564009545633173e-06,-6.669964056452261954e-06,9.899437390248900792e-01,1.172232347857792966e-03,1.172232347857792966e-03,-2.829197795055202935e-06,-3.666370613282390298e-05,-3.666370613282390298e-05,1.324039057732976000e-06
1.819042223465296315e+00,-1.488731072018922598e-06,-1.058223159558450486e-05,-5.153662350356880710e-06,9.899229400201908780e-01,1.154619133291118985e-03,1.154619133291118985e-03,-1.488731072018922598e-06,-6.642393422375803309e-06,9.899428672004579877e-01,1.181188706980622165e-03,1.181188706980622165e-03,-2.826107673482896999e-06,-3.606653057598587333e-05,-3.606653057598587333e-05,1.327687902179982814e-06
1.821344808558290174e+00,-1.486893135644929919e-06,-1.052714701574173442e-05,-5.128049382534725605e-06,9.899221599910639213e-01,1.163472263571159069e-03,1.163472263571159069e-03,-1.486893135644929919e-06,-6.614942518179655947e-06,9.899420048186184928e-01,1.189932033643877713e-03,1.189932033643877713e-03,-2.823009494267915081e-06,-3.546288088582636594e-05,-3.546288088582636594e-05,1.331295000216886953e-06
1.823647393651284254e+00,-1.485050257777926764e-06,-1.047230991918482404e-05,-5.102560600751597194e-06,9.899213889502007646e-01,1.172111687205998039e-03,1.172111687205998039e-03,-1.485050257777926764e-06,-6.587610858529523958e-06,9.899411517827763074e-01,1.198462130640116094e-03,1.198462130640116094e-03,-2.819903351042315091e-06,-3.485286501852470940e-05,-3.485286501852470940e-05,1.334860601988781409e-06
1.825949978744278335e+00,-1.483202495428862619e-06,-1.041771969016739263e-05,-5.077195463616106800e-06,9.899206268033996503e-01,1.180537256540944904e-03,1.180537256540944904e-03,-1.483202495428862619e-06,-6.560397959044969631e-06,9.899403079972768360e-01,1.206778848377124775e-03,1.206778848377124775e-03,-2.816789336877727872e-06,-3.423659127660504521e-05,-3.423659127660504521e-05,1.338384956590387287e-06
1.828252563837272415e+00,-1.481349905266799695e-06,-1.036337570749314579e-05,-5.051953431046439669e-06,9.899198734573887437e-01,1.188748870864086244e-03,1.188748870864086244e-03,-1.481349905266799695e-06,-6.533303336313239575e-06,9.899394733673977376e-01,1.214882084209339182e-03,1.214882084209339182e-03,-2.813667544287712376e-06,-3.361416828253474450e-05,-3.361416828253474450e-05,1.341868312066324006e-06
1.830555148930266496e+00,-1.479492543620349284e-06,-1.030927734463869725e-05,-5.026833964282472625e-06,9.899191288198165850e-01,1.196746475735798029e-03,1.196746475735798029e-03,-1.479492543620349284e-06,-6.506326507902822332e-06,9.899386477993402655e-01,1.222771781767409372e-03,1.222771781767409372e-03,-2.810538065230109141e-06,-3.298570495264782789e-05,-3.298570495264782789e-05,1.345310915411446629e-06
1.832857734023260576e+00,-1.477630466479106637e-06,-1.025542396987486911e-05,-5.001836525897643538e-06,9.899183927992435406e-01,1.204530062316685112e-03,1.204530062316685112e-03,-1.477630466479106637e-06,-6.479466992376750175e-06,9.899378312002207192e-01,1.230447930286192012e-03,1.230447930286192012e-03,-2.807400991109392082e-06,-3.235131047139470987e-05,-3.235131047139470987e-05,1.348713012571243763e-06
1.835160319116254435e+00,-1.475763729495086048e-06,-1.020181494638644364e-05,-4.976960579810535351e-06,9.899176653051346975e-01,1.212099666694203652e-03,1.212099666694203652e-03,-1.475763729495086048e-06,-6.452724309305621399e-06,9.899370234780625610e-01,1.237910563931426131e-03,1.237910563931426131e-03,-2.804256412779021972e-06,-3.171109426591983986e-05,-3.171109426591983986e-05,1.352074848442291138e-06
1.837462904209248515e+00,-1.473892387984155512e-06,-1.014844963239044465e-05,-4.952205591296205992e-06,9.899169462478494275e-01,1.219455369208238783e-03,1.219455369208238783e-03,-1.473892387984155512e-06,-6.426097979280361716e-06,9.899362245417873130e-01,1.245159761125360243e-03,1.245159761125360243e-03,-2.801104420543794413e-06,-3.106516598096855438e-05,-3.106516598096855438e-05,1.355396666872785875e-06
1.839765489302242596e+00,-1.472016496927470336e-06,-1.009532738125296199e-05,-4.927571026997271797e-06,9.899162355386351697e-01,1.226597293775866975e-03,1.226597293775866975e-03,-1.472016496927470336e-06,-6.399587523924742557e-06,9.899354343012068957e-01,1.252195643871565874e-03,1.252195643871565874e-03,-2.797945104162190357e-06,-3.041363545412505143e-05,-3.041363545412505143e-05,1.358678710663107650e-06
1.842068074395236676e+00,-1.470136110972906733e-06,-1.004244754160445135e-05,-4.903056354934716502e-06,9.899155330896176608e-01,1.233525607215572601e-03,1.233525607215572601e-03,-1.470136110972906733e-06,-6.373192465907623236e-06,9.899346526670154134e-01,1.259018377079203135e-03,1.259018377079203135e-03,-2.794778552848723232e-06,-2.975661269138168345e-05,-2.975661269138168345e-05,1.361921221566456715e-06
1.844370659488230757e+00,-1.468251284436493741e-06,-9.989809457453636488e-06,-4.878661044518454587e-06,9.899148388137937182e-01,1.240240518571145319e-03,1.240240518571145319e-03,-1.468251284436493741e-06,-6.346912328954948328e-06,9.899338795507806044e-01,1.265628167886965159e-03,1.265628167886965159e-03,-2.791604855276283955e-06,-2.909420784304128334e-05,-2.909420784304128334e-05,1.365124440289573880e-06
1.846673244581224838e+00,-1.466362071303844275e-06,-9.937412468299934205e-06,-4.854384566557657457e-06,9.899141526250230250e-01,1.246742278435497868e-03,1.246742278435497868e-03,-1.466362071303844275e-06,-6.320746637861501944e-06,9.899331148649366252e-01,1.272025264986943825e-03,1.272025264986943825e-03,-2.788424099578484669e-06,-2.842653117995314689e-05,-2.842653117995314689e-05,1.368288606493460488e-06
1.848975829674218918e+00,-1.464468525231586411e-06,-9.885255909244471576e-06,-4.830226393270814498e-06,9.899134744380194695e-01,1.253031178274631105e-03,1.253031178274631105e-03,-1.464468525231586411e-06,-6.294694918502401121e-06,9.899323585227749467e-01,1.278209957948640754e-03,1.278209957948640754e-03,-2.785236373352000790e-06,-2.775369307008343739e-05,-2.775369307008343739e-05,1.371413958794211054e-06
1.851278414767212777e+00,-1.462570699548793170e-06,-9.833339111099697092e-06,-4.806185998295571367e-06,9.899128041683440404e-01,1.259107549751976342e-03,1.259107549751976342e-03,-1.462570699548793170e-06,-6.268756697844364749e-06,9.899316104384375814e-01,1.284182576543353889e-03,1.284182576543353889e-03,-2.782041763658913479e-06,-2.707580395542070694e-05,-2.707580395542070694e-05,1.374500734763855842e-06
1.853580999860206857e+00,-1.460668647258409561e-06,-9.781661400497570485e-06,-4.782262856698304000e-06,9.899121417323963890e-01,1.264971764053329003e-03,1.264971764053329003e-03,-1.460668647258409561e-06,-6.242931503956713984e-06,9.899308705269083131e-01,1.289943490069155822e-03,1.289943490069155822e-03,-2.778840357029041522e-06,-2.639297432921659895e-05,-2.639297432921659895e-05,1.377549170931284565e-06
1.855883584953200938e+00,-1.458762421038680674e-06,-9.730222099996407463e-06,-4.758456444983487651e-06,9.899114870474075012e-01,1.270624231212582212e-03,1.270624231212582212e-03,-1.458762421038680674e-06,-6.217218866022168538e-06,9.899301387040055911e-01,1.295493106676670961e-03,1.295493106676670961e-03,-2.775632239462282527e-06,-2.570531471356311056e-05,-2.570531471356311056e-05,1.380559502783220677e-06
1.858186170046195018e+00,-1.456852073244578091e-06,-9.679020528186313288e-06,-4.734766241102805879e-06,9.899108400314312606e-01,1.276065399438482345e-03,1.276065399438482345e-03,-1.456852073244578091e-06,-6.191618314347383759e-06,9.899294148863743148e-01,1.300831872695871853e-03,1.300831872695871853e-03,-2.772417496430943962e-06,-2.501293563730535479e-05,-2.501293563730535479e-05,1.383531964765232731e-06
1.860488755139189099e+00,-1.454937655909223741e-06,-9.628055999793281436e-06,-4.711191724464038466e-06,9.899102006033372314e-01,1.281295754442594555e-03,1.281295754442594555e-03,-1.454937655909223741e-06,-6.166129380373262419e-06,9.899286989914783952e-01,1.305960271964087642e-03,1.305960271964087642e-03,-2.769196212882072918e-06,-2.431594761429088606e-05,-2.431594761429088606e-05,1.386466790282819857e-06
1.862791340232183179e+00,-1.453019220745313343e-06,-9.577327825781959016e-06,-4.687732375939727411e-06,9.899095686828034424e-01,1.286315818768682959e-03,1.286315818768682959e-03,-1.453019220745313343e-06,-6.140751596685041177e-06,9.899279909375935382e-01,1.310878825155423070e-03,1.310878825155423070e-03,-2.765968473239785450e-06,-2.361446112195525043e-05,-2.361446112195525043e-05,1.389364211702520521e-06
1.865093925325177038e+00,-1.451096819146538572e-06,-9.526835313457045088e-06,-4.664387677875609990e-06,9.899089441903077269e-01,1.291126151123697403e-03,1.291126151123697403e-03,-1.451096819146538572e-06,-6.115484497022148350e-06,9.899272906437988073e-01,1.315588089111786006e-03,1.315588089111786006e-03,-2.762734361407591256e-06,-2.290858658024381457e-05,-2.290858658024381457e-05,1.392224460353086307e-06
1.867396510418171118e+00,-1.449170502189006687e-06,-9.476577766563404874e-06,-4.641157114098824812e-06,9.899083270471211726e-01,1.295727345710553490e-03,1.295727345710553490e-03,-1.449170502189006687e-06,-6.090327616287831288e-06,9.899265980299700729e-01,1.320088656175704778e-03,1.320088656175704778e-03,-2.759493960770716245e-06,-2.219843433086917582e-05,-2.219843433086917582e-05,1.395047766526707358e-06
1.869699095511165199e+00,-1.447240320632659526e-06,-9.426554485384881234e-06,-4.618040169925922210e-06,9.899077171753004611e-01,1.300120031562881310e-03,1.300120031562881310e-03,-1.447240320632659526e-06,-6.065280490558582160e-06,9.899259130167721299e-01,1.324381153525115706e-03,1.324381153525115706e-03,-2.756247354198422561e-06,-2.148411461690492884e-05,-2.148411461690492884e-05,1.397834359480288434e-06
1.872001680604159279e+00,-1.445306324922691223e-06,-9.376764766841781383e-06,-4.595036332170634072e-06,9.899071144976800962e-01,1.304304871881934759e-03,1.304304871881934759e-03,-1.445306324922691223e-06,-6.040342657093325719e-06,9.899252355256513702e-01,1.328466242510307994e-03,1.328466242510307994e-03,-2.752994624046325637e-06,-2.076573756271403413e-05,-2.076573756271403413e-05,1.400584467436744233e-06
1.874304265697153360e+00,-1.443368565190962118e-06,-9.327207904587125241e-06,-4.572145089151440387e-06,9.899065189378658536e-01,1.308282563375814771e-03,1.308282563375814771e-03,-1.443368565190962118e-06,-6.015513654342402082e-06,9.899245654788288995e-01,1.332344617993184467e-03,1.332344617993184467e-03,-2.749735852158705326e-06,-2.004341315421216427e-05,-2.004341315421216427e-05,1.403298317586382178e-06
1.876606850790147440e+00,-1.441427091257412670e-06,-9.277883189101604608e-06,-4.549365930698922340e-06,9.899059304202270093e-01,1.312053835601190979e-03,1.312053835601190979e-03,-1.441427091257412670e-06,-5.990793021956335222e-06,9.899239027992928763e-01,1.336017007689016415e-03,1.336017007689016415e-03,-2.746471119870820000e-06,-1.931725121946514716e-05,-1.931725121946514716e-05,1.405976136088285192e-06
1.878909435883141299e+00,-1.439481952631475883e-06,-9.228789907787287024e-06,-4.526698348162919738e-06,9.899053488698889014e-01,1.315619450307669051e-03,1.315619450307669051e-03,-1.439481952631475883e-06,-5.966180300794395622e-06,9.899232474107912960e-01,1.339484171510846701e-03,1.339484171510846701e-03,-2.743200508011210047e-06,-1.858736140961983520e-05,-1.858736140961983520e-05,1.408618148071793588e-06
1.881212020976135380e+00,-1.437533198513485920e-06,-9.179927345060093140e-06,-4.504141834419456353e-06,9.899047742127267124e-01,1.318980200784973479e-03,1.318980200784973479e-03,-1.437533198513485920e-06,-5.941675032932942697e-06,9.899225992378255512e-01,1.342746900916705300e-03,1.342746900916705300e-03,-2.739924096904003928e-06,-1.785385318016722490e-05,-1.785385318016722490e-05,1.411224577637967468e-06
1.883514606069129460e+00,-1.435580877796086085e-06,-9.131294782441049267e-06,-4.481695883877498397e-06,9.899042063753574761e-01,1.322136911213087421e-03,1.322136911213087421e-03,-1.435580877796086085e-06,-5.917276761673584271e-06,9.899219582056425493e-01,1.345806018259781663e-03,1.345806018259781663e-03,-2.736641966371217017e-06,-1.711683577253791835e-05,-1.711683577253791835e-05,1.413795647861156487e-06
1.885817191162123541e+00,-1.433625039065634899e-06,-9.082891498646303259e-06,-4.459359992485480064e-06,9.899036452851338597e-01,1.325090436015506374e-03,1.325090436015506374e-03,-1.433625039065634899e-06,-5.892985031551114963e-06,9.899213242402284951e-01,1.348662376141710915e-03,1.348662376141710915e-03,-2.733354195735047487e-06,-1.637641819602761917e-05,-1.637641819602761917e-05,1.416331580790559241e-06
1.888119776255117621e+00,-1.431665730603608784e-06,-9.034716769675952864e-06,-4.437133657737658818e-06,9.899030908701363929e-01,1.327841659215745970e-03,1.327841659215745970e-03,-1.431665730603608784e-06,-5.868799388341267390e-06,9.899206972683014527e-01,1.351316856769111145e-03,1.351316856769111145e-03,-2.730060863820172192e-06,-1.563270921005258847e-05,-1.563270921005258847e-05,1.418832597451842159e-06
1.890422361348111702e+00,-1.429703000388004539e-06,-8.986769868901681442e-06,-4.415016378680255536e-06,9.899025430591675834e-01,1.330391493797238121e-03,1.330391493797238121e-03,-1.429703000388004539e-06,-5.844719379068260075e-06,9.899200772173047946e-01,1.353770371313511205e-03,1.353770371313511205e-03,-2.726762048956032387e-06,-1.488581730673345318e-05,-1.488581730673345318e-05,1.421298917848820230e-06
1.892724946441105782e+00,-1.427736896094737579e-06,-8.939050067153211235e-06,-4.393007655917415924e-06,9.899020017817442563e-01,1.332740881066757322e-03,1.332740881066757322e-03,-1.427736896094737579e-06,-5.820744552012153927e-06,9.899194640154003189e-01,1.356023859274805860e-03,1.356023859274805860e-03,-2.723457828979121137e-06,-1.413585069380631122e-05,-1.413585069380631122e-05,1.423730760965153606e-06
1.895027531534099641e+00,-1.425767465099038908e-06,-8.891556632803599577e-06,-4.371106991616979660e-06,9.899014669680910039e-01,1.334890790021500944e-03,1.334890790021500944e-03,-1.425767465099038908e-06,-5.796874456716018144e-06,9.899188575914611432e-01,1.358078287848364912e-03,1.358078287848364912e-03,-2.720148281235263110e-06,-1.338291727785973432e-05,-1.338291727785973432e-05,1.426128344766067716e-06
1.897330116627093721e+00,-1.423794754476849962e-06,-8.844288831853354356e-06,-4.349313889516050481e-06,9.899009385491338575e-01,1.336842216719954027e-03,1.336842216719954027e-03,-1.423794754476849962e-06,-5.773108643992900443e-06,9.899182578750658212e-01,1.359934651295925537e-03,1.359934651295925537e-03,-2.716833482581893094e-06,-1.262712464789602864e-05,-1.262712464789602864e-05,1.428491886200173328e-06
1.899632701720087802e+00,-1.421818811006214718e-06,-8.797245928013441542e-06,-4.327627854926410421e-06,9.899004164564932928e-01,1.338596183656652009e-03,1.338596183656652009e-03,-1.421818811006214718e-06,-5.749446665932625351e-06,9.899176647964911258e-01,1.361593970320382554e-03,1.361593970320382554e-03,-2.713513509390329008e-06,-1.186858005921615682e-05,-1.186858005921615682e-05,1.430821601201244051e-06
1.901935286813081882e+00,-1.419839681168669454e-06,-8.750427182787140764e-06,-4.306048394739723977e-06,9.898999006224777908e-01,1.340153739140968227e-03,1.340153739140968227e-03,-1.419839681168669454e-06,-5.725888075908393431e-06,9.899170782867054985e-01,1.363057291444601726e-03,1.363057291444601726e-03,-2.710188437548041532e-06,-1.110739041762554317e-05,-1.110739041762554317e-05,1.433117704690099070e-06
1.904237871906075963e+00,-1.417857411150629560e-06,-8.703831855550789564e-06,-4.284575017432576264e-06,9.898993909800769542e-01,1.341515956680028755e-03,1.341515956680028755e-03,-1.417857411150629560e-06,-5.702432428583206036e-06,9.899164982773627219e-01,1.364325686394361487e-03,1.364325686394361487e-03,-2.706858342460916526e-06,-1.034366226396007772e-05,-1.034366226396007772e-05,1.435380410576486108e-06
1.906540456999070043e+00,-1.415872046844774859e-06,-8.657459203633392645e-06,-4.263207233071330747e-06,9.898988874629557344e-01,1.342683934365871247e-03,1.342683934365871247e-03,-1.415872046844774859e-06,-5.679079279916105394e-06,9.899159247007954798e-01,1.365400251485535642e-03,1.365400251485535642e-03,-2.703523299055518729e-06,-9.577501758930328490e-06,-9.577501758930328490e-06,1.437609931760995081e-06
1.908843042092063902e+00,-1.413883633851431115e-06,-8.611308482395187556e-06,-4.241944553316818418e-06,9.898983900054474372e-01,1.343658794266947313e-03,1.343658794266947313e-03,-1.413883633851431115e-06,-5.655828187168249533e-06,9.899153574900089181e-01,1.366282107015620237e-03,1.366282107015620237e-03,-2.700183381781345289e-06,-8.809014668282273006e-06,-8.809014668282273006e-06,1.439806480137043753e-06
1.911145627185057982e+00,-1.411892217479949853e-06,-8.565378945305060124e-06,-4.220786491428839772e-06,9.898978985425475052e-01,1.344441681824069899e-03,1.344441681824069899e-03,-1.411892217479949853e-06,-5.632678708908789837e-06,9.899147965786742054e-01,1.366972396659705017e-03,1.366972396659705017e-03,-2.696838664613078872e-06,-8.038306348272394281e-06,-8.038306348272394281e-06,1.441970266592861706e-06
1.913448212278052063e+00,-1.409897842750084996e-06,-8.519669844016955289e-06,-4.199732562270523645e-06,9.898974130099073010e-01,1.345033765250903263e-03,1.345033765250903263e-03,-1.409897842750084996e-06,-5.609630405020608853e-06,9.899142419011223160e-01,1.367472286870985735e-03,1.367472286870985735e-03,-2.693489221052833991e-06,-7.265481731456281454e-06,-7.265481731456281454e-06,1.444101501013513259e-06
1.915750797371046144e+00,-1.407900554393367182e-06,-8.474180428445169866e-06,-4.178782282312489526e-06,9.898969333438276674e-01,1.345436234939086399e-03,1.345436234939086399e-03,-1.407900554393367182e-06,-5.586682836705856496e-06,9.899136933923378123e-01,1.367782966285909906e-03,1.367782966285909906e-03,-2.690135124132399529e-06,-6.490645312787455400e-06,-6.490645312787455400e-06,1.446200392282980961e-06
1.918053382464040224e+00,-1.405900396854474254e-06,-8.428909946838610229e-06,-4.157935169636860806e-06,9.898964594812532658e-01,1.345650302868080543e-03,1.345650302868080543e-03,-1.405900396854474254e-06,-5.563835566491335483e-06,9.899131509879527391e-01,1.367905645134045783e-03,1.367905645134045783e-03,-2.686776446415477020e-06,-5.713901136025445224e-06,-5.713901136025445224e-06,1.448267148286230024e-06
1.920355967557034305e+00,-1.403897414292600922e-06,-8.383857645854021697e-06,-4.137190743941118772e-06,9.898959913597655813e-01,1.345677202019823597e-03,1.345677202019823597e-03,-1.403897414292600922e-06,-5.541088158233719906e-06,9.899126146242402946e-01,1.367841554652758466e-03,1.367841554652758466e-03,-2.683413259999912159e-06,-4.935352780450682963e-06,-4.935352780450682963e-06,1.450301975911365921e-06
1.922658552650028385e+00,-1.401891650582823113e-06,-8.339022770628179459e-06,-4.116548526541782124e-06,9.898955289175775940e-01,1.345518185798274960e-03,1.345518185798274960e-03,-1.401891650582823113e-06,-5.518440177124605238e-06,9.899120842381089469e-01,1.367591946506773381e-03,1.367591946506773381e-03,-2.680045636519924194e-06,-4.155103347884238659e-06,-4.155103347884238659e-06,1.452305081051778234e-06
1.924961137743022244e+00,-1.399883149317461490e-06,-8.294404564849057975e-06,-4.096008040377941640e-06,9.898950720935272285e-01,1.345174527453926652e-03,1.345174527453926652e-03,-1.399883149317461490e-06,-5.495891189695403342e-06,9.899115597670963274e-01,1.367158092212708217e-03,1.367158092212708217e-03,-2.676673647148328962e-06,-3.373255450010236741e-06,-3.373255450010236741e-06,1.454276668608327052e-06
1.927263722836016324e+00,-1.397871953807440086e-06,-8.250002270825983940e-06,-4.075568810014623742e-06,9.898946208270718028e-01,1.344647519513355542e-03,1.344647519513355542e-03,-1.397871953807440086e-06,-5.473440763822063829e-06,9.899110411493632355e-01,1.366541282568643810e-03,1.366541282568643810e-03,-2.673297362598756846e-06,-2.589911195998475691e-06,-2.589911195998475691e-06,1.456216942491569401e-06
1.929566307929010405e+00,-1.395858107083644737e-06,-8.205815129558820240e-06,-4.055230361646021933e-06,9.898941750582819221e-01,1.343938473213887813e-03,1.343938473213887813e-03,-1.395858107083644737e-06,-5.451088468729666670e-06,9.899105283236880881e-01,1.365742827088806382e-03,1.365742827088806382e-03,-2.669916853127866070e-06,-1.805172180425935154e-06,-1.805172180425935154e-06,1.458126105623991808e-06
1.931868893022004485e+00,-1.393841651898275158e-06,-8.161842380806136858e-06,-4.034992223098558814e-06,9.898937347278351506e-01,1.343048717943440707e-03,1.343048717943440707e-03,-1.393841651898275158e-06,-5.428833874996833548e-06,9.899100212294601464e-01,1.364764053443427933e-03,1.364764053443427933e-03,-2.666532188537550916e-06,-1.019139471493625224e-06,-1.019139471493625224e-06,1.460004359942304282e-06
1.934171478114998566e+00,-1.391822630726196381e-06,-8.118083263152414469e-06,-4.014853923833799035e-06,9.898932997770112374e-01,1.341979600685609415e-03,1.341979600685609415e-03,-1.391822630726196381e-06,-5.406676554559995205e-06,9.899095198066749646e-01,1.363606306903849402e-03,1.363606306903849402e-03,-2.663143438177144011e-06,-2.319135995373716207e-07,-2.319135995373716207e-07,1.461851906399736192e-06
1.936474063207992646e+00,-1.389801085766285544e-06,-8.074537014074273944e-06,-3.994814994951228408e-06,9.898928701476854553e-01,1.340732485470054209e-03,1.340732485470054209e-03,-1.389801085766285544e-06,-5.384616080717513952e-06,9.899090239959276172e-01,1.362270949792924275e-03,1.362270949792924275e-03,-2.659750670945615643e-06,5.564054541700772981e-07,5.564054541700772981e-07,1.463668944968363281e-06
1.938776648300986505e+00,-1.387777058942777183e-06,-8.031202870005780899e-06,-3.974874969190874629e-06,9.898924457823229384e-01,1.339308752828248950e-03,1.339308752828248950e-03,-1.387777058942777183e-06,-5.362652028133652023e-06,9.899085337384073702e-01,1.360759360940783569e-03,1.360759360940783569e-03,-2.656353955293765042e-06,1.345718268328048316e-06,1.345718268328048316e-06,1.465455674641477240e-06
1.941079233393980585e+00,-1.385750591906603243e-06,-7.988080066402738881e-06,-3.955033380935783999e-06,9.898920266239733534e-01,1.337709799254643882e-03,1.337709799254643882e-03,-1.385750591906603243e-06,-5.340783972842387454e-06,9.899080489758919077e-01,1.359072935146013374e-03,1.359072935146013374e-03,-2.652953359226407411e-06,2.135925992230805899e-06,2.135925992230805899e-06,1.467212293435949991e-06
1.943381818486974666e+00,-1.383721726036732238e-06,-7.945167837806133831e-06,-3.935289766214371943e-06,9.898916126162653484e-01,1.335937036673292807e-03,1.335937036673292807e-03,-1.383721726036732238e-06,-5.319011492251104605e-06,9.899075696507421140e-01,1.357213082642297211e-03,1.357213082642297211e-03,-2.649548950304556316e-06,2.926930356105677828e-06,2.926930356105677828e-06,1.468938998394671867e-06
1.945684403579968746e+00,-1.381690502441502054e-06,-7.902465417904582437e-06,-3.915643662702620214e-06,9.898912037034005573e-01,1.333991891909993427e-03,1.333991891909993427e-03,-1.381690502441502054e-06,-5.297334165144122056e-06,9.899070957058959674e-01,1.355181228570569813e-03,1.355181228570569813e-03,-2.646140795647600127e-06,3.718633681170452628e-06,3.718633681170452628e-06,1.470635985588961000e-06
1.947986988672962827e+00,-1.379656961959953816e-06,-7.859972039595914813e-06,-3.896094609726138568e-06,9.898907998301483824e-01,1.331875806169984010e-03,1.331875806169984010e-03,-1.379656961959953816e-06,-5.275751571686092595e-06,9.899066270848634330e-01,1.352978812456728320e-03,1.352978812456728320e-03,-2.642728961935472124e-06,4.510938889411418532e-06,4.510938889411418532e-06,1.472303450121041527e-06
1.950289573765956908e+00,-1.377621145163157493e-06,-7.817686935047801734e-06,-3.876642148262101084e-06,9.898904009418404426e-01,1.329590234521241471e-03,1.329590234521241471e-03,-1.377621145163157493e-06,-5.254263293425258365e-06,9.899061637317206896e-01,1.350607287694942501e-03,1.350607287694942501e-03,-2.639313515410817206e-06,5.303749513085147215e-06,5.303749513085147215e-06,1.473941586126515234e-06
1.952592158858950988e+00,-1.375583092355538142e-06,-7.775609335757524665e-06,-3.857285820941031710e-06,9.898900069843650229e-01,1.327136645383415140e-03,1.327136645383415140e-03,-1.375583092355538142e-06,-5.232868913296569640e-06,9.899057055911049119e-01,1.348068121036601324e-03,1.348068121036601324e-03,-2.635894521881150550e-06,6.096969703946431551e-06,6.096969703946431551e-06,1.475550586776871735e-06
1.954894743951944847e+00,-1.373542843576196008e-06,-7.733738472610866577e-06,-3.838025172048482234e-06,9.898896179041623000e-01,1.324516520022435027e-03,1.324516520022435027e-03,-1.373542843576196008e-06,-5.211568015624678241e-06,9.899052526082091630e-01,1.345362792084933787e-03,1.345362792084933787e-03,-2.632472046721011621e-06,6.890504242205056792e-06,6.890504242205056792e-06,1.477130644282026607e-06
1.957197329044938927e+00,-1.371500438600225142e-06,-7.692073575940065939e-06,-3.818859747526553552e-06,9.898892336482177923e-01,1.321731352050829712e-03,1.321731352050829712e-03,-1.371500438600225142e-06,-5.190360186126778482e-06,9.899048047287761776e-01,1.342492792795336792e-03,1.342492792795336792e-03,-2.629046154874112245e-06,7.684258545214361306e-06,7.684258545214361306e-06,1.478681949892861644e-06
1.959499914137933008e+00,-1.369455916940027362e-06,-7.650613875581011771e-06,-3.799789094975318267e-06,9.898888541640585848e-01,1.318782646933778797e-03,1.318782646933778797e-03,-1.369455916940027362e-06,-5.169245011915345628e-06,9.899043618990943649e-01,1.339459626981440166e-03,1.339459626981440166e-03,-2.625616910855480873e-06,8.478138675893286014e-06,8.478138675893286014e-06,1.480204693903809788e-06
1.961802499230927088e+00,-1.367409317846623246e-06,-7.609358600929448515e-06,-3.780812763654092503e-06,9.898884793997470011e-01,1.315671921500934398e-03,1.315671921500934398e-03,-1.367409317846623246e-06,-5.148222081500715960e-06,9.899039240659914807e-01,1.336264809826937265e-03,1.336264809826937265e-03,-2.622184378753598799e-06,9.272051350885979993e-06,9.272051350885979993e-06,1.481699065655448530e-06
1.964105084323921169e+00,-1.365360680310959530e-06,-7.568306980996445684e-06,-3.761930304482603118e-06,9.898881093038757184e-01,1.312400703464031409e-03,1.312400703464031409e-03,-1.365360680310959530e-06,-5.127290984793562647e-06,9.899034911768300748e-01,1.332909867403205646e-03,1.332909867403205646e-03,-2.618748622232529600e-06,1.006590394846066985e-05,1.006590394846066985e-05,1.483165253537101366e-06
1.966407669416915249e+00,-1.363310043065212266e-06,-7.527458244462974732e-06,-3.743141270042017698e-06,9.898877438255628824e-01,1.308970530940312561e-03,1.308970530940312561e-03,-1.363310043065212266e-06,-5.106451313107230176e-06,9.899030631795021629e-01,1.329396336192741447e-03,1.329396336192741447e-03,-2.615309704534047308e-06,1.085960451615087270e-05,1.085960451615087270e-05,1.484603444989505522e-06
1.968710254509909108e+00,-1.361257444584088503e-06,-7.486811619733666005e-06,-3.724445214575868245e-06,9.898873829144465564e-01,1.305382951981787568e-03,1.305382951981787568e-03,-1.361257444584088503e-06,-5.085702659159956960e-06,9.899026400224240074e-01,1.325725762618427429e-03,1.325725762618427429e-03,-2.611867688479752717e-06,1.165306177814166914e-05,1.165306177814166914e-05,1.486013826507443686e-06
1.971012839602903188e+00,-1.359202923086120126e-06,-7.446366334989732200e-06,-3.705841693990844844e-06,9.898870265206802799e-01,1.301639524110343284e-03,1.301639524110343284e-03,-1.359202923086120126e-06,-5.065044617076964971e-06,9.899022216545314556e-01,1.321899702578651151e-03,1.321899702578651151e-03,-2.608422636473187584e-06,1.244618514240418215e-05,1.244618514240418215e-05,1.487396583642432493e-06
1.973315424695897269e+00,-1.357146516534960454e-06,-7.406121618241126120e-06,-3.687330265857483884e-06,9.898866745949274071e-01,1.297741813858722861e-03,1.297741813858722861e-03,-1.357146516534960454e-06,-5.044476782392444338e-06,9.899018080252746099e-01,1.317919720988292584e-03,1.317919720988292584e-03,-2.604974610501943737e-06,1.323888470757995086e-05,1.323888470757995086e-05,1.488751901005409312e-06
1.975618009788891349e+00,-1.355088262640670034e-06,-7.366076697377833594e-06,-3.668910489410732175e-06,9.898863270883567766e-01,1.293691396317383883e-03,1.293691396317383883e-03,-1.355088262640670034e-06,-5.023998752051402421e-06,9.899013990846129429e-01,1.313787391325589408e-03,1.313787391325589408e-03,-2.601523672139761175e-06,1.403107126961954454e-05,1.403107126961954454e-05,1.490079962269449949e-06
1.977920594881885430e+00,-1.353028198861004770e-06,-7.326230800220434575e-06,-3.650581925550406467e-06,9.898859839526372717e-01,1.289489854687247842e-03,1.289489854687247842e-03,-1.353028198861004770e-06,-5.003610124411411237e-06,9.899009947830105238e-01,1.309504295184893419e-03,1.309504295184893419e-03,-2.598069882548627017e-06,1.482265632817702941e-05,1.482265632817702941e-05,1.491380950172510710e-06
1.980223179974879510e+00,-1.350966362402696422e-06,-7.286583154569826509e-06,-3.632344136841533958e-06,9.898856451399333789e-01,1.285138779838349617e-03,1.285138779838349617e-03,-1.350966362402696422e-06,-4.983310499244230379e-06,9.899005950714311330e-01,1.305072021835326519e-03,1.305072021835326519e-03,-2.594613302480860476e-06,1.561355209276367830e-05,1.561355209276367830e-05,1.492655046520159230e-06
1.982525765067873369e+00,-1.348902790222731414e-06,-7.247132988256215877e-06,-3.614196687514589883e-06,9.898853106028998594e-01,1.280639769874394786e-03,1.280639769874394786e-03,-1.348902790222731414e-06,-4.963099477737321509e-06,9.899001999013330444e-01,1.300492167785344093e-03,1.300492167785344093e-03,-2.591153992281199097e-06,1.640367148866348946e-05,1.640367148866348946e-05,1.493902432188350413e-06
1.984828350160867450e+00,-1.346837519029624351e-06,-7.207879529187306744e-06,-3.596139143465620762e-06,9.898849802946776411e-01,1.275994429703222353e-03,1.275994429703222353e-03,-1.346837519029624351e-06,-4.942976662495245113e-06,9.898998092246651392e-01,1.295766336353203381e-03,1.295766336353203381e-03,-2.587692011888872717e-06,1.719292816261395706e-05,1.719292816261395706e-05,1.495123287126216561e-06
1.987130935253861530e+00,-1.344770585284689833e-06,-7.168822005395762559e-06,-3.578171072256269807e-06,9.898846541688884892e-01,1.271204370613188096e-03,1.271204370613188096e-03,-1.344770585284689833e-06,-4.922941657540959853e-06,9.898994229938611333e-01,1.290896137243352027e-03,1.290896137243352027e-03,-2.584227420839676583e-06,1.798123648825367547e-05,1.798123648825367547e-05,1.496317790358848180e-06
1.989433520346855611e+00,-1.342702025203308143e-06,-7.129959645085899693e-06,-3.560292043113694340e-06,9.898843321796308992e-01,1.266271209855455515e-03,1.266271209855455515e-03,-1.342702025203308143e-06,-4.902994068317002483e-06,9.898990411618358021e-01,1.285883186128723580e-03,1.285883186128723580e-03,-2.580760278268033026e-06,1.876851157134129891e-05,1.876851157134129891e-05,1.497486119990127095e-06
1.991736105439849691e+00,-1.340631874756189434e-06,-7.091291676679649137e-06,-3.542501626930375205e-06,9.898840142814744336e-01,1.261196570232198068e-03,1.261196570232198068e-03,-1.340631874756189434e-06,-4.883133501686564428e-06,9.898986636819795404e-01,1.280729104238944281e-03,1.280729104238944281e-03,-2.577290642909052294e-06,1.955466925474747249e-05,1.955466925474747249e-05,1.498628453205549611e-06
1.994038690532843772e+00,-1.338560169670631157e-06,-7.052817328861763501e-06,-3.524799396263831325e-06,9.898837004294566144e-01,1.255982079690713335e-03,1.255982079690713335e-03,-1.338560169670631157e-06,-4.863359565934462481e-06,9.898982905081543660e-01,1.275435517954451141e-03,1.275435517954451141e-03,-2.573818573100581099e-06,2.033962612322316019e-05,2.033962612322316019e-05,1.499744966275056449e-06
1.996341275625837852e+00,-1.336486945431774417e-06,-7.014535830624334524e-06,-3.507184925336234295e-06,9.898833905790767052e-01,1.250629370923435259e-03,1.250629370923435259e-03,-1.336486945431774417e-06,-4.843671870768008712e-06,9.898979215946890342e-01,1.270004058406507203e-03,1.270004058406507203e-03,-2.570344126785248628e-06,2.112329950794712414e-05,2.112329950794712414e-05,1.500835834555927695e-06
1.998643860718831711e+00,-1.334412237283855892e-06,-6.976446411310578748e-06,-3.489657790033924734e-06,9.898830846862929356e-01,1.245140080973844649e-03,1.245140080973844649e-03,-1.334412237283855892e-06,-4.824070027317780414e-06,9.898975568963749305e-01,1.264436361083115740e-03,1.264436361083115740e-03,-2.566867361512508314e-06,2.190560749085538450e-05,2.190560749085538450e-05,1.501901232495619933e-06
2.000946445811826013e+00,-1.332336080231453181e-06,-6.938548300657889660e-06,-3.472217567906820200e-06,9.898827827075162844e-01,1.239515850848261916e-03,1.239515850848261916e-03,-1.332336080231453181e-06,-4.804553648138273169e-06,9.898971963684607411e-01,1.258734065440814945e-03,1.258734065440814945e-03,-2.563388334440664363e-06,2.268646890875606145e-05,2.268646890875606145e-05,1.502941333634674113e-06
2.003249030904819872e+00,-1.330258509040731002e-06,-6.900840728840252024e-06,-3.454863838167762558e-06,9.898824845996073707e-01,1.233758325133523783e-03,1.233758325133523783e-03,-1.330258509040731002e-06,-4.785122347208493772e-06,9.898968399666490114e-01,1.252898814522357667e-03,1.252898814522357667e-03,-2.559907102338905056e-06,2.346580335723086314e-05,2.346580335723086314e-05,1.503956310609609014e-06
2.005551615997813730e+00,-1.328179558240678493e-06,-6.863322926509877779e-06,-3.437596181691720497e-06,9.898821903198713468e-01,1.227869151620509039e-03,1.227869151620509039e-03,-1.328179558240678493e-06,-4.765775739932398990e-06,9.898964876470911500e-01,1.246932254580238692e-03,1.246932254580238692e-03,-2.556423721589315724e-06,2.424353119432909467e-05,2.424353119432909467e-05,1.504946335155832284e-06
2.007854201090808033e+00,-1.326099262124345250e-06,-6.825994124838238016e-06,-3.420414181014944189e-06,9.898818998260536794e-01,1.221849980933526142e-03,1.221849980933526142e-03,-1.326099262124345250e-06,-4.746513443139289439e-06,9.898961393663830988e-01,1.240836034706083212e-03,1.240836034706083212e-03,-2.552938248188893416e-06,2.501957354405380171e-05,2.501957354405380171e-05,1.505911578110578162e-06
2.010156786183801891e+00,-1.324017654750074813e-06,-6.788853555556395294e-06,-3.403317420334017459e-06,9.898816130763359311e-01,1.215702466165531018e-03,1.215702466165531018e-03,-1.324017654750074813e-06,-4.727335075084092484e-06,9.898957950815612250e-01,1.234611806465867436e-03,1.234611806465867436e-03,-2.549450737751557751e-06,2.579385229964447723e-05,2.579385229964447723e-05,1.506852209415821910e-06
2.012459371276796194e+00,-1.321934769942729268e-06,-6.751900450994612597e-06,-3.386305485504801540e-06,9.898813300293316519e-01,1.209428262519153139e-03,1.209428262519153139e-03,-1.321934769942729268e-06,-4.708240255447530808e-06,9.898954547500979917e-01,1.228261223540943158e-03,1.228261223540943158e-03,-2.545961245510143994e-06,2.656629012666059342e-05,2.656629012666059342e-05,1.507768398121256492e-06
2.014761956369790052e+00,-1.319850641294915537e-06,-6.715134044121415103e-06,-3.369377964041326300e-06,9.898810506440816059e-01,1.203029026953533797e-03,1.203029026953533797e-03,-1.319850641294915537e-06,-4.689228605336241836e-06,9.898951183298976275e-01,1.221785941374878845e-03,1.221785941374878845e-03,-2.542469826318402470e-06,2.733681046586515257e-05,2.733681046586515257e-05,1.508660312387232843e-06
2.017064541462784355e+00,-1.317765302168202352e-06,-6.678553568581850665e-06,-3.352534445114553578e-06,9.898807748800502182e-01,1.196506417836926258e-03,1.196506417836926258e-03,-1.317765302168202352e-06,-4.670299747282755718e-06,9.898947857792920191e-01,1.215187616826057197e-03,1.215187616826057197e-03,-2.538976534652978932e-06,2.810533753591576160e-05,2.810533753591576160e-05,1.509528119487735068e-06
2.019367126555778214e+00,-1.315678785694338926e-06,-6.642158258735262398e-06,-3.335774519551103246e-06,9.898805026971206900e-01,1.189862094605067568e-03,1.189862094605067568e-03,-1.315678785694338926e-06,-4.651453305245441960e-06,9.898944570570363810e-01,1.208467907826049322e-03,1.208467907826049322e-03,-2.535481424615401273e-06,2.887179633586133955e-05,2.887179633586133955e-05,1.510371985813371744e-06
2.021669711648772072e+00,-1.313591124776463244e-06,-6.605947349692298088e-06,-3.319097779831850522e-06,9.898802340555915569e-01,1.183097717425269941e-03,1.183097717425269941e-03,-1.313591124776463244e-06,-4.632688904608313766e-06,9.898941321223053702e-01,1.201628473043703108e-03,1.201628473043703108e-03,-2.531984549934048883e-06,2.963611264745186807e-05,2.963611264745186807e-05,1.511192076874358529e-06
2.023972296741766375e+00,-1.311502352090310778e-06,-6.569920077351343620e-06,-3.302503820090471614e-06,9.898799689161724702e-01,1.176214946866230683e-03,1.176214946866230683e-03,-1.311502352090310778e-06,-4.614006172180782393e-06,9.898938109346889780e-01,1.194670971554953783e-03,1.194670971554953783e-03,-2.528485963966118181e-06,3.039821303726043588e-05,3.039821303726043588e-05,1.511988557303520262e-06
2.026274881834760233e+00,-1.309412500085418759e-06,-6.534075678434361791e-06,-3.285992236111908051e-06,9.898797072399795338e-01,1.169215443573528744e-03,1.169215443573528744e-03,-1.309412500085418759e-06,-4.595404736197326810e-06,9.898934934541880892e-01,1.187597062518318085e-03,1.187597062518318085e-03,-2.524985719699588587e-06,3.115802485862180927e-05,3.115802485862180927e-05,1.512761590859314447e-06
2.028577466927754536e+00,-1.307321600986323244e-06,-6.498413390522023847e-06,-3.269562625330721740e-06,9.898794489885321957e-01,1.162100867950763890e-03,1.162100867950763890e-03,-1.307321600986323244e-06,-4.576884226317044772e-06,9.898931796412111517e-01,1.180408404856032141e-03,1.180408404856032141e-03,-2.521483869755167727e-06,3.191547625339192276e-05,3.191547625339192276e-05,1.513511340428827418e-06
2.030880052020748394e+00,-1.305229686793756184e-06,-6.462932452088349742e-06,-3.253214586829421238e-06,9.898791941237486958e-01,1.154872879846347835e-03,1.154872879846347835e-03,-1.305229686793756184e-06,-4.558444273623177634e-06,9.898928694565695130e-01,1.173106656940840634e-03,1.173106656940840634e-03,-2.517980466388246388e-06,3.267049615352738551e-05,3.267049615352738551e-05,1.514237968030830225e-06
2.033182637113742697e+00,-1.303136789285834451e-06,-6.427632102534629270e-06,-3.236947721336657562e-06,9.898789426079419584e-01,1.147533138245872492e-03,1.147533138245872492e-03,-1.303136789285834451e-06,-4.540084510622492013e-06,9.898925628614738681e-01,1.165693476288362463e-03,1.165693476288362463e-03,-2.514475561490829750e-06,3.342301428249235223e-05,3.342301428249235223e-05,1.514941634818801693e-06
2.035485222206736555e+00,-1.301042940019248856e-06,-6.392511582222862071e-06,-3.220761631225398839e-06,9.898786944038167057e-01,1.140083300970074019e-03,1.140083300970074019e-03,-1.301042940019248856e-06,-4.521804571244647907e-06,9.898922598175304843e-01,1.158170519255052617e-03,1.158170519255052617e-03,-2.510969206593480063e-06,3.417296115649105098e-05,3.417296115649105098e-05,1.515622501083971387e-06
2.037787807299730414e+00,-1.298948170330443858e-06,-6.357570132508498853e-06,-3.204655920510982129e-06,9.898784494744642393e-01,1.132525024378313282e-03,1.132525024378313282e-03,-1.298948170330443858e-06,-4.503604090841426199e-06,9.898919602867367606e-01,1.150539440741678949e-03,1.150539440741678949e-03,-2.507461452867233473e-06,3.492026808553303212e-05,3.492026808553303212e-05,1.516280726258389686e-06
2.040090392392724716e+00,-1.296852511336798536e-06,-6.322806995772696398e-06,-3.188630194849122896e-06,9.898782077833595539e-01,1.124859963077580547e-03,1.124859963077580547e-03,-1.296852511336798536e-06,-4.485482706185921433e-06,9.898916642314781189e-01,1.142801893902324270e-03,1.142801893902324270e-03,-2.503952351125524913e-06,3.566486717433052181e-05,3.566486717433052181e-05,1.516916468917968839e-06
2.042392977485718575e+00,-1.294755993937800367e-06,-6.288221415453957634e-06,-3.172684061533857145e-06,9.898779692943572295e-01,1.117089769636974740e-03,1.117089769636974740e-03,-1.294755993937800367e-06,-4.467440055471657513e-06,9.898913716145236741e-01,1.134959529858861269e-03,1.134959529858861269e-03,-2.500441951826101968e-06,3.640669132303195929e-05,3.640669132303195929e-05,1.517529886785560240e-06
2.044695562578712877e+00,-1.292658648816213920e-06,-6.253812636079179628e-06,-3.156817129495378519e-06,9.898777339716877677e-01,1.109216094307606537e-03,1.109216094307606537e-03,-1.292658648816213920e-06,-4.449475778311592439e-06,9.898910823990226815e-01,1.127013997420853002e-03,1.127013997420853002e-03,-2.496930305072925196e-06,3.714567422779603453e-05,3.714567422779603453e-05,1.518121136734034658e-06
2.046998147671706736e+00,-1.290560506439248912e-06,-6.219579903294217076e-06,-3.141029009297856345e-06,9.898775017799538167e-01,1.101240584747935477e-03,1.101240584747935477e-03,-1.290560506439248912e-06,-4.431589515737105257e-06,9.898907965485009841e-01,1.118966942810883936e-03,1.118966942810883936e-03,-2.493417460618072683e-06,3.788175038120526392e-05,3.788175038120526392e-05,1.518690374789352104e-06
2.049300732764700594e+00,-1.288461597059719589e-06,-6.185522463893788495e-06,-3.125319313137136360e-06,9.898772726841261749e-01,1.093164885754448071e-03,1.093164885754448071e-03,-1.288461597059719589e-06,-4.413780910196855949e-06,9.898905140268567937e-01,1.110820009395235451e-03,1.110820009395235451e-03,-2.489903467863628075e-06,3.861485507252625975e-05,3.861485507252625975e-05,1.519237756133666620e-06
2.051603317857694897e+00,-1.286361950717203885e-06,-6.151639565850930943e-06,-3.109687654838409260e-06,9.898770466495409037e-01,1.084990638997689050e-03,1.084990638997689050e-03,-1.286361950717203885e-06,-4.396049605555613145e-06,9.898902347983575822e-01,1.102574837419911455e-03,1.102574837419911455e-03,-2.486388375863567348e-06,3.934492438781568390e-05,3.934492438781568390e-05,1.519763435108392124e-06
2.053905902950688755e+00,-1.284261597239196661e-06,-6.117930458345885545e-06,-3.094133649853812316e-06,9.898768236418949984e-01,1.076719482763586989e-03,1.076719482763586989e-03,-1.284261597239196661e-06,-4.378395247093008977e-06,9.898899588276363071e-01,1.094233063751959018e-03,1.094233063751959018e-03,-2.482872233325640068e-06,4.007189520987628341e-05,4.007189520987628341e-05,1.520267565217331557e-06
2.056208488043683058e+00,-1.282160566242257223e-06,-6.084394391794391772e-06,-3.078656915259937835e-06,9.898766036272432789e-01,1.068353051700024871e-03,1.068353051700024871e-03,-1.282160566242257223e-06,-4.360817481502194846e-06,9.898896860796877473e-01,1.085796321626033732e-03,1.085796321626033732e-03,-2.479355088613233706e-06,4.079570521806677566e-05,4.079570521806677566e-05,1.520750299129766223e-06
2.058511073136676917e+00,-1.280058887133156201e-06,-6.051030617875564996e-06,-3.063257069755322126e-06,9.898763865719940602e-01,1.059892976568647342e-03,1.059892976568647342e-03,-1.280058887133156201e-06,-4.343315956888478539e-06,9.898894165198647288e-01,1.077266240396201327e-03,1.077266240396201327e-03,-2.475836989747246858e-06,4.151629288796500707e-05,4.151629288796500707e-05,1.521211788683558899e-06
2.060813658229671219e+00,-1.277956589110013967e-06,-6.017838389559139609e-06,-3.047933733657827325e-06,9.898761724429069320e-01,1.051340884001829203e-03,1.051340884001829203e-03,-1.277956589110013967e-06,-4.325890322767841080e-06,9.898891501138752380e-01,1.068644445292900530e-03,1.068644445292900530e-03,-2.472317984407938735e-06,4.223359749089124296e-05,4.223359749089124296e-05,1.521652184888289968e-06
2.063116243322665078e+00,-1.275853701163439254e-06,-5.984816961132285238e-06,-3.032686528902006694e-06,9.898759612070879843e-01,1.042698396264801460e-03,1.042698396264801460e-03,-1.275853701163439254e-06,-4.308540230065445948e-06,9.898888868277782027e-01,1.059932557185063254e-03,1.059932557185063254e-03,-2.468798119936786713e-06,4.294755909328983349e-05,4.294755909328983349e-05,1.522071637928350578e-06
2.065418828415658936e+00,-1.273750252077659099e-06,-5.951965588225861377e-06,-3.017515079036373792e-06,9.898757528319870325e-01,1.033967131022857497e-03,1.033967131022857497e-03,-1.273750252077659099e-06,-4.291265331114033103e-06,9.898886266279803836e-01,1.051132192347313619e-03,1.051132192347313619e-03,-2.465277443338324810e-06,4.365811855597616749e-05,4.365811855597616749e-05,1.522470297166081739e-06
2.067721413508653239e+00,-1.271646270431647094e-06,-5.919283527840183288e-06,-3.002419009220632673e-06,9.898755472853943971e-01,1.025148701113624871e-03,1.025148701113624871e-03,-1.271646270431647094e-06,-4.274065279652279979e-06,9.898883694812333767e-01,1.042244962232233892e-03,1.042244962232233892e-03,-2.461756001281982180e-06,4.436521753324802650e-05,4.436521753324802650e-05,1.522848311144900731e-06
2.070023998601647097e+00,-1.269541784600249088e-06,-5.886770038370332185e-06,-2.987397946222857270e-06,9.898753445354366853e-01,1.016244714324356741e-03,1.016244714324356741e-03,-1.269541784600249088e-06,-4.256939730823106570e-06,9.898881153546291722e-01,1.033272473247649195e-03,1.033272473247649195e-03,-2.458233840103916506e-06,4.506879847186536403e-05,4.506879847186536403e-05,1.523205827592415633e-06
2.072326583694641400e+00,-1.267436822755298311e-06,-5.854424379630891142e-06,-2.972451518416587339e-06,9.898751445505743485e-01,1.007256773174175068e-03,1.007256773174175068e-03,-1.267436822755298311e-06,-4.239888341171885651e-06,9.898878642155978236e-01,1.024216326538862675e-03,1.024216326538862675e-03,-2.454711005808830049e-06,4.576880460990241336e-05,4.576880460990241336e-05,1.523542993423592601e-06
2.074629168787635258e+00,-1.265331412866734724e-06,-5.822245812880296442e-06,-2.957579355777905775e-06,9.898749472995975740e-01,9.981864747012666583e-04,9.981864747012666583e-04,-1.265331412866734724e-06,-4.222910768644640287e-06,9.898876160319035611e-01,1.015078117775845270e-03,1.015078117775845270e-03,-2.451187544071792030e-06,4.646517997547126979e-05,4.646517997547126979e-05,1.523859954743848380e-06
2.076931753880629561e+00,-1.263225582703712303e-06,-5.790233600844616333e-06,-2.942781089882422325e-06,9.898747527516239542e-01,9.890354102549379651e-04,9.890354102549379651e-04,-1.263225582703712303e-06,-4.206006672586134629e-06,9.898873707716416837e-01,1.005859436945282480e-03,1.005859436945282480e-03,-2.447663500240042393e-06,4.715786938532367649e-05,4.715786938532367649e-05,1.524156856852226888e-06
2.079234338973623419e+00,-1.261119359835707597e-06,-5.758387007740949467e-06,-2.928056353902246295e-06,9.898745608760941561e-01,9.798051652925329584e-04,9.798051652925329584e-04,-1.261119359835707597e-06,-4.189175713737953680e-06,9.898871284032353390e-01,9.965618681474848646e-04,9.965618681474848646e-04,-2.444138919334797677e-06,4.784681844332924506e-05,4.784681844332924506e-05,1.524433844244530068e-06
2.081536924066617278e+00,-1.259012771633620656e-06,-5.726705299300270221e-06,-2.913404782602867770e-06,9.898743716427690353e-01,9.704973191811263689e-04,9.704973191811263689e-04,-1.259012771633620656e-06,-4.172417554236488214e-06,9.898868888954317491e-01,9.871869893980722913e-04,9.871869893980722913e-04,-2.440613846053043761e-06,4.853197353883671782e-05,4.853197353883671782e-05,1.524691060616444490e-06
2.083839509159611580e+00,-1.256905845270872361e-06,-5.695187742789870843e-06,-2.898826012340015129e-06,9.898741850217273042e-01,9.611134450039762528e-04,9.611134450039762528e-04,-1.256905845270872361e-06,-4.155731857610887490e-06,9.898866522173001004e-01,9.777363724344197756e-04,9.777363724344197756e-04,-2.437088324769323103e-06,4.921328184491740448e-05,4.921328184491740448e-05,1.524928648866725990e-06
2.086142094252605439e+00,-1.254798607724500912e-06,-5.663833607035359737e-06,-2.884319681056459183e-06,9.898740009833608688e-01,9.516551093716879572e-04,9.516551093716879572e-04,-1.254798607724500912e-06,-4.139118288780960307e-06,9.898864183382272142e-01,9.682115825268117985e-04,9.682115825268117985e-04,-2.433562399537519440e-06,4.989069131649467588e-05,4.989069131649467588e-05,1.525146751100311453e-06
2.088444679345599742e+00,-1.252691085776246451e-06,-5.632642162442133754e-06,-2.869885428278748289e-06,9.898738194983729421e-01,9.421238722380131589e-04,9.421238722380131589e-04,-1.252691085776246451e-06,-4.122576514054994740e-06,9.898861872279151042e-01,9.586141782942331040e-04,9.586141782942331040e-04,-2.430036114092626394e-06,5.056415068836306559e-05,5.056415068836306559e-05,1.525345508631491379e-06
2.090747264438593600e+00,-1.250583306013640560e-06,-5.601612681016507423e-06,-2.855522895113928217e-06,9.898736405377742686e-01,9.325212867202912386e-04,9.325212867202912386e-04,-1.250583306013640560e-06,-4.106106201127568565e-06,9.898859588563776457e-01,9.489457115248015094e-04,9.489457115248015094e-04,-2.426509511852519458e-06,5.123360947309631543e-05,5.123360947309631543e-05,1.525525061987054911e-06
2.093049849531587459e+00,-1.248475294831083048e-06,-5.570744436386325504e-06,-2.841231724246181965e-06,9.898734640728803491e-01,9.228488989244264164e-04,9.228488989244264164e-04,-1.248475294831083048e-06,-4.089707019077264801e-06,9.898857331939375781e-01,9.392077270007354994e-04,9.392077270007354994e-04,-2.422982635919712753e-06,5.189901795885054468e-05,5.189901795885054468e-05,1.525685550909439955e-06
2.095352434624581761e+00,-1.246367078430920439e-06,-5.540036703821171496e-06,-2.827011559933443329e-06,9.898732900753079988e-01,9.131082477744029233e-04,9.131082477744029233e-04,-1.246367078430920439e-06,-4.073378638364363557e-06,9.898855102112230631e-01,9.294017623278603979e-04,9.294017623278603979e-04,-2.419455529083111530e-06,5.256032720706170958e-05,5.256032720706170958e-05,1.525827114359897694e-06
2.097655019717575620e+00,-1.244258682824518318e-06,-5.509488760252189057e-06,-2.812862048003973187e-06,9.898731185169730162e-01,9.033008648462708800e-04,9.033008648462708800e-04,-1.244258682824518318e-06,-4.057120730828491505e-06,9.898852898791654642e-01,9.195293477695848155e-04,9.195293477695848155e-04,-2.415928233819761720e-06,5.321748905004095135e-05,5.321748905004095135e-05,1.525949890521631688e-06
2.099957604810569922e+00,-1.242150133833326467e-06,-5.479099884291391811e-06,-2.798782835852857873e-06,9.898729493700862969e-01,8.934282742065368559e-04,8.934282742065368559e-04,-1.242150133833326467e-06,-4.040932969686184128e-06,9.898850721689953502e-01,9.095920060852815585e-04,9.095920060852815585e-04,-2.412400792296583812e-06,5.387045608847151217e-05,5.387045608847151217e-05,1.526054016802967481e-06
2.102260189903563781e+00,-1.240041457089945499e-06,-5.448869356250656373e-06,-2.784773572438509230e-06,9.898727826071518354e-01,8.834919922549603006e-04,8.834919922549603006e-04,-1.240041457089945499e-06,-4.024815029528454728e-06,9.898848570522403856e-01,8.995912523730740856e-04,8.995912523730740856e-04,-2.408873246372110116e-06,5.451918168880625699e-05,5.451918168880625699e-05,1.526139629840503975e-06
2.104562774996558083e+00,-1.237932678039182680e-06,-5.418796458160221542e-06,-2.770833908279078276e-06,9.898726182009628394e-01,8.734935275716451501e-04,8.734935275716451501e-04,-1.237932678039182680e-06,-4.008766586318260956e-06,9.898846445007217776e-01,8.895285939169181397e-04,8.895285939169181397e-04,-2.405345637598203391e-06,5.516361998057204191e-05,5.516361998057204191e-05,1.526206865502261225e-06
2.106865360089551942e+00,-1.235823821939110301e-06,-5.388880473786854624e-06,-2.756963495448868445e-06,9.898724561245995091e-01,8.634343807684454744e-04,8.634343807684454744e-04,-1.235823821939110301e-06,-3.992787317387978958e-06,9.898844344865517231e-01,8.794055300379974207e-04,8.794055300379974207e-04,-2.401818007221781409e-06,5.580372585357917440e-05,5.580372585357917440e-05,1.526255858890849611e-06
2.109167945182545800e+00,-1.233714913862112180e-06,-5.359120688651548485e-06,-2.743161987574673013e-06,9.898722963514261508e-01,8.533160443445709977e-04,8.533160443445709977e-04,-1.233714913862112180e-06,-3.976876901436785193e-06,9.898842269821304107e-01,8.692235519503181554e-04,8.692235519503181554e-04,-2.398290396186522450e-06,5.643945495504204329e-05,5.643945495504204329e-05,1.526286744346611691e-06
2.111470530275540103e+00,-1.231605978695932087e-06,-5.329516390046872178e-06,-2.729429039832090927e-06,9.898721388550875133e-01,8.431400025463983488e-04,8.431400025463983488e-04,-1.231605978695932087e-06,-3.961035018528023013e-06,9.898840219601431345e-01,8.589841426205104815e-04,8.589841426205104815e-04,-2.394762845134570383e-06,5.707076368661002442e-05,5.707076368661002442e-05,1.526299655450788838e-06
2.113773115368533961e+00,-1.229497041144716219e-06,-5.300066867053929386e-06,-2.715764308941816805e-06,9.898719836095071223e-01,8.329077312314143132e-04,8.329077312314143132e-04,-1.229497041144716219e-06,-3.945261350086532812e-06,9.898838193935574070e-01,8.486887766317604241e-04,8.486887766317604241e-04,-2.391235394408234660e-06,5.769760920131214465e-05,5.769760920131214465e-05,1.526294725028671355e-06
2.116075700461528264e+00,-1.227388125730048495e-06,-5.270771410558886580e-06,-2.702167453165853003e-06,9.898718305888837277e-01,8.226206977362297227e-04,8.226206977362297227e-04,-1.227388125730048495e-06,-3.929555578895901709e-06,9.898836192556204061e-01,8.383389200518133770e-04,8.383389200518133770e-04,-2.387708084051674644e-06,5.831994940041883161e-05,5.831994940041883161e-05,1.526272085152739272e-06
2.118378285554522122e+00,-1.225279256791985624e-06,-5.241629313269191155e-06,-2.688638132303733541e-06,9.898716797676884172e-01,8.122803607486567181e-04,8.122803607486567181e-04,-1.225279256791985624e-06,-3.913917389095719165e-06,9.898834215198557551e-01,8.279360303050395473e-04,8.279360303050395473e-04,-2.384180953812587315e-06,5.893774293021983421e-05,5.893774293021983421e-05,1.526231867145837446e-06
2.120680870647516425e+00,-1.223170458490084350e-06,-5.212639869729338107e-06,-2.675176007688667563e-06,9.898715311206626177e-01,8.018881701837464937e-04,8.018881701837464937e-04,-1.223170458490084350e-06,-3.898346466178752125e-06,9.898832261600611915e-01,8.174815560484615089e-04,8.174815560484615089e-04,-2.380654043143879320e-06,5.955094917872427718e-05,5.955094917872427718e-05,1.526174201584308532e-06
2.122983455740510284e+00,-1.221061754804427838e-06,-5.183802376336341080e-06,-2.661780742183685336e-06,9.898713846228148761e-01,7.914455670637969564e-04,7.914455670637969564e-04,-1.221061754804427838e-06,-3.882842496988113386e-06,9.898830331503057911e-01,8.069769370517493930e-04,8.069769370517493930e-04,-2.377127391205339015e-06,6.015952827228101993e-05,6.015952827228101993e-05,1.526099218301144362e-06
2.125286040833504142e+00,-1.218953169536644659e-06,-5.155116131354770600e-06,-2.648452000177716490e-06,9.898712402494176388e-01,7.809539834022231810e-04,7.809539834022231810e-04,-1.218953169536644659e-06,-3.867405169714361361e-06,9.898828424649267488e-01,7.964236040810806095e-04,7.964236040810806095e-04,-2.373601036865294950e-06,6.076344107212510668e-05,6.076344107212510668e-05,1.526007046389148346e-06
2.127588625926498445e+00,-1.216844726310924169e-06,-5.126580434931478887e-06,-2.635189447581657664e-06,9.898710979760059203e-01,7.704148420912892503e-04,7.704148420912892503e-04,-1.216844726310924169e-06,-3.852034173892582045e-06,9.898826540785276018e-01,7.858229787868595446e-04,7.858229787868595446e-04,-2.370075018702271825e-06,6.136264917084939996e-05,6.136264917084939996e-05,1.525897814204056361e-06
2.129891211019492303e+00,-1.214736448575031043e-06,-5.098194589109961305e-06,-2.621992751824406277e-06,9.898709577783735281e-01,7.598295567936342622e-04,7.598295567936342622e-04,-1.214736448575031043e-06,-3.836729200399437109e-06,9.898824679659746772e-01,7.751764735952319666e-04,7.751764735952319666e-04,-2.366549375006640932e-06,6.195711488880466342e-05,6.195711488880466342e-05,1.525771649367699368e-06
2.132193796112486606e+00,-1.212628359601308586e-06,-5.069957897844325624e-06,-2.608861581848835427e-06,9.898708196325707309e-01,7.491995318375234371e-04,7.491995318375234371e-04,-1.212628359601308586e-06,-3.821489941450144225e-06,9.898822841023950936e-01,7.644854916033239902e-04,7.644854916033239902e-04,-2.363024143782255348e-06,6.254680127043111637e-05,6.254680127043111637e-05,1.525628678771144624e-06
2.134496381205480464e+00,-1.210520482487685854e-06,-5.041869667012989395e-06,-2.595795608107782342e-06,9.898706835149019279e-01,7.385261621158240031e-04,7.385261621158240031e-04,-1.210520482487685854e-06,-3.806316090595467984e-06,9.898821024631737631e-01,7.537514264782059275e-04,7.537514264782059275e-04,-2.359499362748091069e-06,6.313167208052071456e-05,6.313167208052071456e-05,1.525469028577818277e-06
2.136798966298474767e+00,-1.208412840158672920e-06,-5.013929204431949563e-06,-2.582794502559956363e-06,9.898705494019230944e-01,7.278108329885978707e-04,7.278108329885978707e-04,-1.208412840158672920e-06,-3.791207342718629494e-06,9.898819230239512823e-01,7.429756623594723853e-04,7.429756623594723853e-04,-2.355975069339864410e-06,6.371169180041561886e-05,6.371169180041561886e-05,1.525292824226665641e-06
2.139101551391468625e+00,-1.206305455366358039e-06,-4.986135819867797979e-06,-2.569857938665866412e-06,9.898704172704386739e-01,7.170549201893221562e-04,7.170549201893221562e-04,-1.206305455366358039e-06,-3.776163394032224452e-06,9.898817457606208237e-01,7.321595737654510794e-04,7.321595737654510794e-04,-2.352451300711662129e-06,6.428682562414095455e-05,6.428682562414095455e-05,1.525100190435263834e-06
2.141404136484462484e+00,-1.204198350691396354e-06,-4.958488825050325250e-06,-2.556985591383670531e-06,9.898702870974995793e-01,7.062597897346332542e-04,7.062597897346332542e-04,-1.204198350691396354e-06,-3.761183942075067097e-06,9.898815706493258038e-01,7.213045255029335717e-04,7.213045255029335717e-04,-2.348928093737545702e-06,6.485703945447768195e-05,6.485703945447768195e-05,1.524891251202964053e-06
2.143706721577456786e+00,-1.202091548543995413e-06,-4.930987533684852690e-06,-2.544177137165035581e-06,9.898701588604006396e-01,6.954267978375878448e-04,6.954267978375878448e-04,-1.202091548543995413e-06,-3.746268685709031205e-06,9.898813976664577741e-01,7.104118725804239171e-04,7.104118725804239171e-04,-2.345405485013161108e-06,6.542229989897422324e-05,6.542229989897422324e-05,1.524666129814021367e-06
2.146009306670450645e+00,-1.199985071164899210e-06,-4.903631261464233081e-06,-2.531432253950958408e-06,9.898700325366780461e-01,6.845572908243799035e-04,6.845572908243799035e-04,-1.199985071164899210e-06,-3.731417325115857618e-06,9.898812267886534233e-01,6.994829601248433136e-04,6.994829601248433136e-04,-2.341883510857340575e-06,6.598257426590004374e-05,6.598257426590004374e-05,1.524424948840703960e-06
2.148311891763444947e+00,-1.197878940626362491e-06,-4.876419326080483830e-06,-2.518750621167538301e-06,9.898699081041070214e-01,6.736526050544411814e-04,6.736526050544411814e-04,-1.197878940626362491e-06,-3.716629561793900792e-06,9.898810579927923570e-01,6.885191233016168134e-04,6.885191233016168134e-04,-2.338362207313686524e-06,6.653783056014425060e-05,6.653783056014425060e-05,1.524167830146443459e-06
2.150614476856438806e+00,-1.195773178833126738e-06,-4.849351047236187179e-06,-2.506131919721763003e-06,9.898697855406989321e-01,6.627140668439276483e-04,6.627140668439276483e-04,-1.195773178833126738e-06,-3.701905098554889741e-06,9.898808912559945439e-01,6.775216872381471887e-04,6.775216872381471887e-04,-2.334841610152166536e-06,6.708803747905790792e-05,6.708803747905790792e-05,1.523894894888918343e-06
2.152917061949432664e+00,-1.193667807523386217e-06,-4.822425746655482155e-06,-2.493575831997228654e-06,9.898696648246996244e-01,6.517429923924830453e-04,6.517429923924830453e-04,-1.193667807523386217e-06,-3.687243639520614871e-06,9.898807265556182067e-01,6.664919669505654743e-04,6.664919669505654743e-04,-2.331321754870682905e-06,6.763316440824554334e-05,6.763316440824554334e-05,1.523606263523198347e-06
2.155219647042426967e+00,-1.191562848269754654e-06,-4.795642748094832052e-06,-2.481082041849861003e-06,9.898695459345865366e-01,6.407406877132855103e-04,6.407406877132855103e-04,-1.191562848269754654e-06,-3.672644890119615657e-06,9.898805638692569353e-01,6.554312672737639322e-04,6.554312672737639322e-04,-2.327802676696647692e-06,6.817318141730459942e-05,6.817318141730459942e-05,1.523302055804834856e-06
2.157522232135420825e+00,-1.189458322480225130e-06,-4.769001377353448016e-06,-2.468650234603612905e-06,9.898694288490665905e-01,6.297084485663035497e-04,6.297084485663035497e-04,-1.189458322480225130e-06,-3.658108557083838247e-06,9.898804031747377996e-01,6.443408827946389044e-04,6.443408827946389044e-04,-2.324284410588549317e-06,6.870805925551581135e-05,6.870805925551581135e-05,1.522982390792972271e-06
2.159824817228415128e+00,-1.187354251399125117e-06,-4.742500962283406859e-06,-2.456280097046110571e-06,9.898693135470735260e-01,6.186475603946986913e-04,6.186475603946986913e-04,-1.187354251399125117e-06,-3.643634348445235900e-06,9.898802444501189068e-01,6.332220977884795874e-04,6.332220977884795874e-04,-2.320766991237504318e-06,6.923776934748732982e-05,6.923776934748732982e-05,1.522647386853466784e-06
2.162127402321408987e+00,-1.185250656108069810e-06,-4.716140832799517295e-06,-2.443971317424318455e-06,9.898692000077662367e-01,6.075592982643749241e-04,6.075592982643749241e-04,-1.185250656108069810e-06,-3.629221973532388476e-06,9.898800876736868481e-01,6.220761861585044628e-04,6.220761861585044628e-04,-2.317250453068813780e-06,6.976228378875138302e-05,6.976228378875138302e-05,1.522297161661956663e-06
2.164429987414403289e+00,-1.183147557526908262e-06,-4.689920320888832118e-06,-2.431723585440138914e-06,9.898690882105256605e-01,5.964449268065667243e-04,5.964449268065667243e-04,-1.183147557526908262e-06,-3.614871142967047387e-06,9.898799328239545892e-01,6.109044113784349020e-04,6.109044113784349020e-04,-2.313734830243501118e-06,7.028157534131880373e-05,7.028157534131880373e-05,1.521931832206974881e-06
2.166732572507397148e+00,-1.181044976414668676e-06,-4.663838760619935923e-06,-2.419536592246029241e-06,9.898689781349532257e-01,5.853057001634826874e-04,5.853057001634826874e-04,-1.181044976414668676e-06,-3.600581568660697917e-06,9.898797798796592495e-01,5.997080264381254638e-04,5.997080264381254638e-04,-2.310220156659854952e-06,7.079561742918938881e-05,7.079561742918938881e-05,1.521551514793043122e-06
2.169035157600391006e+00,-1.178942933370494798e-06,-4.637895488151899090e-06,-2.407410030440565326e-06,9.898688697608681863e-01,5.741428619368937458e-04,5.741428619368937458e-04,-1.178942933370494798e-06,-3.586352963811060124e-06,9.898796288197596605e-01,5.884882737921380167e-04,5.884882737921380167e-04,-2.306706465954952914e-06,7.130438413382313254e-05,7.130438413382313254e-05,1.521156325043733377e-06
2.171337742693385309e+00,-1.176841448834583158e-06,-4.612089841742981045e-06,-2.395343594064003207e-06,9.898687630683056238e-01,5.629576451396744270e-04,5.629576451396744270e-04,-1.176841448834583158e-06,-3.572185042898586365e-06,9.898794796234343663e-01,5.772463853112687945e-04,5.772463853112687945e-04,-2.303193791506188431e-06,7.180785018957124954e-05,7.180785018957124954e-05,1.520746377904776767e-06
2.173640327786379167e+00,-1.174740543089113538e-06,-4.586421161759073486e-06,-2.383336978593826214e-06,9.898686580375142263e-01,5.517512721502242957e-04,5.517512721502242957e-04,-1.174740543089113538e-06,-3.558077521682939751e-06,9.898793322700792929e-01,5.659835822369560683e-04,5.659835822369560683e-04,-2.299682166432788181e-06,7.230599097906971148e-05,7.230599097906971148e-05,1.520321787647114770e-06
2.175942912879373470e+00,-1.172640236259173295e-06,-4.560888790681809878e-06,-2.371389880940244260e-06,9.898685546489538467e-01,5.405249546697097306e-04,5.405249546697097306e-04,-1.172640236259173295e-06,-3.544030117199417555e-06,9.898791867393054167e-01,5.547010751385073957e-04,5.547010751385073957e-04,-2.296171623597315152e-06,7.279878252859770980e-05,7.279878252859770980e-05,1.519882667869987078e-06
2.178245497972367328e+00,-1.170540548313683380e-06,-4.535492073116492831e-06,-2.359501999441714312e-06,9.898684528832936147e-01,5.292798936821250600e-04,5.292798936821250600e-04,-1.170540548313683380e-06,-3.530042547755397480e-06,9.898790430109368765e-01,5.434000638731466618e-04,5.434000638731466618e-04,-2.292662195607179751e-06,7.328620150340028558e-05,7.328620150340028558e-05,1.519429131503989175e-06
2.180548083065361631e+00,-1.168441499066312076e-06,-4.510230355799667426e-06,-2.347673033860402405e-06,9.898683527214099387e-01,5.180172794170701672e-04,5.180172794170701672e-04,-1.168441499066312076e-06,-3.516114532926714481e-06,9.898789010650087539e-01,5.320817375487770472e-04,5.320817375487770472e-04,-2.289153914816127194e-06,7.376822520297947685e-05,7.376822520297947685e-05,1.518961290814123135e-06
2.182850668158355489e+00,-1.166343108176393392e-06,-4.485102987606528513e-06,-2.335902685377666843e-06,9.898682541443840632e-01,5.067382913152582245e-04,5.067382913152582245e-04,-1.166343108176393392e-06,-3.502245793554060447e-06,9.898787608817647410e-01,5.207472744894744510e-04,5.207472744894744510e-04,-2.285646813325732517e-06,7.424483155635258754e-05,7.424483155635258754e-05,1.518479257402876167e-06
2.185153253251349348e+00,-1.164245395149832754e-06,-4.460109319557976500e-06,-2.324190656589489303e-06,9.898681571335002927e-01,4.954440979966510993e-04,4.954440979966510993e-04,-1.164245395149832754e-06,-3.488436051739322057e-06,9.898786224416554758e-01,5.093978422036083689e-04,5.093978422036083689e-04,-2.282140922986879498e-06,7.471599911728171142e-05,7.471599911728171142e-05,1.517983142213247910e-06
2.187455838344343650e+00,-1.162148379340014811e-06,-4.435248704827487633e-06,-2.312536651501912293e-06,9.898680616702434376e-01,4.841358572312251442e-04,4.841358572312251442e-04,-1.162148379340014811e-06,-3.474685030841927103e-06,9.898784857253359881e-01,4.980345973545928289e-04,4.980345973545928289e-04,-2.278636275401235340e-06,7.518170705947402332e-05,7.518170705947402332e-05,1.517473055531800596e-06
2.189758423437337509e+00,-1.160052079948705527e-06,-4.410520498747728482e-06,-2.300940375526461357e-06,9.898679677362972607e-01,4.728147159123032928e-04,4.728147159123032928e-04,-1.160052079948705527e-06,-3.460992455475166672e-06,9.898783507136637017e-01,4.866586857342039595e-04,4.866586857342039595e-04,-2.275132901922724506e-06,7.564193517175476199e-05,7.564193517175476199e-05,1.516949106991706467e-06
2.192061008530331812e+00,-1.157956516026946436e-06,-4.385924058816868024e-06,-2.289401535475530023e-06,9.898678753135423669e-01,4.614818100323896566e-04,4.614818100323896566e-04,-1.157956516026946436e-06,-3.447358051502476671e-06,9.898782173876968793e-01,4.752712422383995701e-04,4.752712422383995701e-04,-2.271630833658982234e-06,7.609666385321549309e-05,7.609666385321549309e-05,1.516411405575760242e-06
2.194363593623325670e+00,-1.155861706475951012e-06,-4.361458744704741507e-06,-2.277919839557784222e-06,9.898677843840538726e-01,4.501382646615126955e-04,4.501382646615126955e-04,-1.155861706475951012e-06,-3.433781546033735446e-06,9.898780857286919588e-01,4.638733908456476305e-04,4.638733908456476305e-04,-2.268130101472818202e-06,7.654587410833674449e-05,7.654587410833674449e-05,1.515860059619426961e-06
2.196666178716319529e+00,-1.153767670047991728e-06,-4.337123918258672950e-06,-2.266494997373514196e-06,9.898676949300996286e-01,4.387851939279734190e-04,4.387851939279734190e-04,-1.153767670047991728e-06,-3.420262667421505924e-06,9.898779557181018873e-01,4.524662445976594563e-04,4.524662445976594563e-04,-2.264630735983657763e-06,7.698954754208884893e-05,7.698954754208884893e-05,1.515295176813849155e-06
2.198968763809313831e+00,-1.151674425347284355e-06,-4.312918943509133327e-06,-2.255126719910002072e-06,9.898676069341385553e-01,4.274237010015038236e-04,4.274237010015038236e-04,-1.151674425347284355e-06,-3.406801145257286639e-06,9.898778273375743453e-01,4.410509055825329668e-04,4.410509055825329668e-04,-2.261132767568986551e-06,7.742766635501042516e-05,7.742766635501042516e-05,1.514716864208858479e-06
2.201271348902307690e+00,-1.149581990830871632e-06,-4.288843186675165812e-06,-2.243814719536874197e-06,9.898675203788180887e-01,4.160548780787774520e-04,4.160548780787774520e-04,-1.149581990830871632e-06,-3.393396710367745828e-06,9.898777005689491926e-01,4.296284649202484454e-04,4.296284649202484454e-04,-2.257636226365787902e-06,7.786021333826644887e-05,7.786021333826644887e-05,1.514125228216001522e-06
2.203573933995301992e+00,-1.147490384809495283e-06,-4.264896016169509479e-06,-2.232558710001412382e-06,9.898674352469725157e-01,4.046798063712011141e-04,4.046798063712011141e-04,-1.147490384809495283e-06,-3.380049094810907664e-06,9.898775753942569144e-01,4.182000027504447566e-04,4.182000027504447566e-04,-2.254141142271965868e-06,7.828717186868819041e-05,7.828717186868819041e-05,1.513520374611515009e-06
2.205876519088295851e+00,-1.145399625448473547e-06,-4.241076802603610352e-06,-2.221358406423898190e-06,9.898673515216213081e-01,3.932995560950064179e-04,3.932995560950064179e-04,-1.145399625448473547e-06,-3.366758031872371525e-06,9.898774517957169561e-01,4.067665882224959142e-04,4.067665882224959142e-04,-2.250647544947772043e-06,7.870852590379402984e-05,7.870852590379402984e-05,1.512902408539346325e-06
2.208179104181290153e+00,-1.143309730768564515e-06,-4.217384918792289402e-06,-2.210213525292898347e-06,9.898672691859670136e-01,3.819151864635244491e-04,3.819151864635244491e-04,-1.143309730768564515e-06,-3.353523256061462650e-06,9.898773297557351691e-01,3.953292794877703116e-04,3.953292794877703116e-04,-2.247155463817214178e-06,7.912425997679526941e-05,7.912425997679526941e-05,1.512271434514128712e-06
2.210481689274284012e+00,-1.141220718646834760e-06,-4.193819739758304666e-06,-2.199123784460581924e-06,9.898671882233929242e-01,3.705277456816794880e-04,3.705277456816794880e-04,-1.141220718646834760e-06,-3.340344503107416683e-06,9.898772092569022574e-01,3.838891236941091513e-04,3.838891236941091513e-04,-2.243664928069472422e-06,7.953435919158514077e-05,7.953435919158514077e-05,1.511627556424158385e-06
2.212784274367277870e+00,-1.139132606817516748e-06,-4.170380642736605048e-06,-2.188088903137993041e-06,9.898671086174622991e-01,3.591382709425863492e-04,3.591382709425863492e-04,-1.139132606817516748e-06,-3.327221509955509577e-06,9.898770902819921114e-01,3.724471569824083892e-04,3.724471569824083892e-04,-2.240175966660293540e-06,7.993880921771512717e-05,7.993880921771512717e-05,1.510970877534391963e-06
2.215086859460272173e+00,-1.137045412872865401e-06,-4.147067007178419793e-06,-2.177108601890330782e-06,9.898670303519153668e-01,3.477477884262691258e-04,3.477477884262691258e-04,-1.137045412872865401e-06,-3.314154014763195972e-06,9.898769728139596991e-01,3.610044044853219199e-04,3.610044044853219199e-04,-2.236688608313389358e-06,8.033759628535744844e-05,8.033759628535744844e-05,1.510301500489385891e-06
2.217389444553266031e+00,-1.134959154264011694e-06,-4.123878214755149757e-06,-2.166182602632223593e-06,9.898669534106683265e-01,3.363573133004367196e-04,3.363573133004367196e-04,-1.134959154264011694e-06,-3.301141756896235287e-06,9.898768568359390674e-01,3.495618803280216573e-04,3.495618803280216573e-04,-2.233202881521827599e-06,8.073070718025597212e-05,8.073070718025597212e-05,1.509619527316285404e-06
2.219692029646260334e+00,-1.132873848301807992e-06,-4.100813649362002870e-06,-2.155310628622974465e-06,9.898668777778112382e-01,3.249678497232538440e-04,3.249678497232538440e-04,-1.132873848301807992e-06,-3.288184476924782668e-06,9.898767423312420100e-01,3.381205876309529798e-04,3.381205876309529798e-04,-2.229718814549406609e-06,8.111812923866714993e-05,8.111812923866714993e-05,1.508925059427761190e-06
2.221994614739254192e+00,-1.130789512157675295e-06,-4.077872697121475446e-06,-2.144492404461823902e-06,9.898668034376061353e-01,3.135803908481235493e-04,3.135803908481235493e-04,-1.130789512157675295e-06,-3.275281916619499409e-06,9.898766292833559577e-01,3.266815185146015334e-04,3.266815185146015334e-04,-2.226236435432039419e-06,8.149985034229054594e-05,8.149985034229054594e-05,1.508218197624961938e-06
2.224297199832248495e+00,-1.128706162864439687e-06,-4.055054746386595467e-06,-2.133727656083174350e-06,9.898667303744851376e-01,3.021959188303704612e-04,3.021959188303704612e-04,-1.128706162864439687e-06,-3.262433818947613826e-06,9.898765176759419804e-01,3.152456541061609131e-04,3.152456541061609131e-04,-2.222755771979114069e-06,8.187585891319203277e-05,8.187585891319203277e-05,1.507499042100465187e-06
2.226599784925242353e+00,-1.126623817317171105e-06,-4.032359187743999012e-06,-2.123016110751839188e-06,9.898666585730495626e-01,2.908154048358605132e-04,2.908154048358605132e-04,-1.126623817317171105e-06,-3.249639928069010505e-06,9.898764074928337875e-01,3.038139645481365654e-04,3.038139645481365654e-04,-2.219276851774863268e-06,8.224614390871865302e-05,8.224614390871865302e-05,1.506767692441195352e-06
2.228902370018236212e+00,-1.124542492274013011e-06,-4.009785414016792377e-06,-2.112357497058255720e-06,9.898665880180669285e-01,2.794398090514460965e-04,2.794398090514460965e-04,-1.124542492274013011e-06,-3.236899989332268731e-06,9.898762987180349526e-01,2.923874090087751629e-04,2.923874090087751629e-04,-2.215799702179713716e-06,8.261069481640837139e-05,8.261069481640837139e-05,1.506024247631357007e-06
2.231204955111230515e+00,-1.122462204357011637e-06,-3.987332820267223618e-06,-2.101751544913706642e-06,9.898665186944701766e-01,2.680700806972555455e-04,2.680700806972555455e-04,-1.122462204357011637e-06,-3.224213749270718279e-06,9.898761913357180253e-01,2.809669356943384237e-04,2.809669356943384237e-04,-2.212324350331637967e-06,8.296950164889389074e-05,8.296950164889389074e-05,1.505268806055361374e-06
2.233507540204224373e+00,-1.120382970052939723e-06,-3.965000803799188923e-06,-2.091197985545540657e-06,9.898664505873555619e-01,2.567071580407659739e-04,2.567071580407659739e-04,-1.120382970052939723e-06,-3.211580955598480379e-06,9.898760853302223106e-01,2.695534818631599005e-04,2.695534818631599005e-04,-2.208850823147499939e-06,8.332255493880234831e-05,8.332255493880234831e-05,1.504501465500721064e-06
2.235810125297218676e+00,-1.118304805714115387e-06,-3.942788764160506047e-06,-2.080696551492361749e-06,9.898663836819810991e-01,2.453519684126017806e-04,2.453519684126017806e-04,-1.118304805714115387e-06,-3.199001357206476924e-06,9.898759806860527588e-01,2.581479738414277120e-04,2.581479738414277120e-04,-2.205379147324384338e-06,8.366984573365266722e-05,8.366984573365266722e-05,1.503722323160974671e-06
2.238112710390212534e+00,-1.116227727559219513e-06,-3.920696103145065775e-06,-2.070246976599245570e-06,9.898663179637647858e-01,2.340054282240716199e-04,2.340054282240716199e-04,-1.116227727559219513e-06,-3.186474704158465083e-06,9.898758773878773010e-01,2.467513270407054667e-04,2.467513270407054667e-04,-2.201909349340933272e-06,8.401136559074964187e-05,8.401136559074964187e-05,1.502931475638567103e-06
2.240415295483206393e+00,-1.114151751674106148e-06,-3.898722224794742832e-06,-2.059848996012920240e-06,9.898662534182833816e-01,2.226684429863479923e-04,2.226684429863479923e-04,-1.114151751674106148e-06,-3.174000747687026600e-06,9.898757754205264048e-01,2.353644459770961055e-04,2.353644459770961055e-04,-2.198441455458665080e-06,8.434710657207790136e-05,8.434710657207790136e-05,1.502129018947744532e-06
2.242717880576200695e+00,-1.112076894012611208e-06,-3.876866535401167023e-06,-2.049502346176962827e-06,9.898661900312697437e-01,2.113419073313020321e-04,2.113419073313020321e-04,-1.112076894012611208e-06,-3.161579240189574034e-06,9.898756747689902991e-01,2.239882242920603181e-04,2.239882242920603181e-04,-2.194975491723291896e-06,8.467706123919501913e-05,8.467706123919501913e-05,1.501315048517437481e-06
2.245020465669194554e+00,-1.110003170397357368e-06,-3.855128443507328367e-06,-2.039206764826987351e-06,9.898661277886123822e-01,2.000267050339376836e-04,2.000267050339376836e-04,-1.110003170397357368e-06,-3.149209935224344719e-06,9.898755754184180855e-01,2.126235447748350523e-04,2.126235447748350523e-04,-2.191511483966032971e-06,8.500122264812525949e-05,8.500122264812525949e-05,1.500489659194130361e-06
2.247323050762188856e+00,-1.107930596520551761e-06,-3.833507359908953520e-06,-2.028961990985813734e-06,9.898660666763534621e-01,1.887237090363687775e-04,1.887237090363687775e-04,-1.107930596520551761e-06,-3.136892587506365495e-06,9.898754773541159624e-01,2.012712793863942462e-04,2.012712793863942462e-04,-2.188049457804914020e-06,8.531958434425565530e-05,8.531958434425565530e-05,1.499652945244734395e-06
2.249625635855182715e+00,-1.105859187944785572e-06,-3.812002697655789456e-06,-2.018767764958660461e-06,9.898660066806868052e-01,1.774337814733556787e-04,1.774337814733556787e-04,-1.105859187944785572e-06,-3.124626952903446244e-06,9.898753805615455592e-01,1.899322892849694569e-04,1.899322892849694569e-04,-2.184589438646069115e-06,8.563214035723360341e-05,8.563214035723360341e-05,1.498805000359436399e-06
2.251928220948177017e+00,-1.103788960103822415e-06,-3.790613872052653788e-06,-2.008623828328302518e-06,9.898659477879567792e-01,1.661577736993007819e-04,1.661577736993007819e-04,-1.103788960103822415e-06,-3.112412788432124721e-06,9.898752850263220493e-01,1.786074248530292825e-04,1.786074248530292825e-04,-2.181131451685028598e-06,8.593888519586893252e-05,8.593888519586893252e-05,1.497945917654552229e-06
2.254230806041170876e+00,-1.101719928303390312e-06,-3.769340300660370740e-06,-1.998529923950253892e-06,9.898658899846565218e-01,1.548965263167371433e-04,1.548965263167371433e-04,-1.101719928303390312e-06,-3.100249852253644416e-06,9.898751907342132617e-01,1.672975257257517312e-04,1.672975257257517312e-04,-2.177675521908007839e-06,8.623981384303903389e-05,8.623981384303903389e-05,1.497075789675377889e-06
2.256533391134164734e+00,-1.099652107721963500e-06,-3.748181403296504251e-06,-1.988485795947928898e-06,9.898658332574264973e-01,1.436508692062104478e-04,1.436508692062104478e-04,-1.099652107721963500e-06,-3.088137903669892610e-06,9.898750976711374605e-01,1.560034208208900064e-04,1.560034208208900064e-04,-2.174221674093181175e-06,8.653492175060025328e-05,8.653492175060025328e-05,1.496194708398999354e-06
2.258835976227159037e+00,-1.097585513411543397e-06,-3.727136602035958101e-06,-1.978491189707806038e-06,9.898657775930530534e-01,1.324216215575697072e-04,1.324216215575697072e-04,-1.097585513411543397e-06,-3.076076703119349435e-06,9.898750058231624571e-01,1.447259283700471049e-04,1.447259283700471049e-04,-2.170769932811957968e-06,8.682420483430433806e-05,8.682420483430433806e-05,1.495302765237153212e-06
2.261138561320152895e+00,-1.095520160298437451e-06,-3.706205321211432883e-06,-1.968545851874600765e-06,9.898657229784667555e-01,1.212095919026202851e-04,1.212095919026202851e-04,-1.095520160298437451e-06,-3.064066012173038217e-06,9.898749151765032783e-01,1.334658559513124431e-04,1.334658559513124431e-04,-2.167320322430248914e-06,8.710765946872179601e-05,8.710765946872179601e-05,1.494400051039012128e-06
2.263441146413147198e+00,-1.093456063184028877e-06,-3.685386987413668681e-06,-1.958649530346413680e-06,9.898656694007409440e-01,1.100155781490737506e-04,1.100155781490737506e-04,-1.093456063184028877e-06,-3.052105593530442345e-06,9.898748257175215004e-01,1.222240005231955149e-04,1.222240005231955149e-04,-2.163872867109721350e-06,8.738528248217319601e-05,8.738528248217319601e-05,1.493486656094010342e-06
2.265743731506141057e+00,-1.091393236745548309e-06,-3.664681029491619131e-06,-1.948801974269904131e-06,9.898656168470901795e-01,9.884036761582587808e-05,9.884036761582587808e-05,-1.091393236745548309e-06,-3.040195211015452228e-06,9.898747374327232507e-01,1.110011484598876836e-04,1.110011484598876836e-04,-2.160427590809058789e-06,8.765707115166793606e-05,8.765707115166793606e-05,1.492562670134647974e-06
2.268046316599135359e+00,-1.089331695536836335e-06,-3.644086878552396791e-06,-1.939002934035437570e-06,9.898655653048690217e-01,8.768473706945756102e-05,8.768473706945756102e-05,-1.089331695536836335e-06,-3.028334629572274116e-06,9.898746503087577642e-01,9.979807558774665579e-05,9.979807558774665579e-05,-2.156984517285202673e-06,8.792302319785291829e-05,8.792302319785291829e-05,1.491628182339266335e-06
2.270348901692129218e+00,-1.087271453989107952e-06,-3.623603967961143544e-06,-1.929252161272258304e-06,9.898655147615703642e-01,7.654945276199777643e-05,7.654945276199777643e-05,-1.087271453989107952e-06,-3.016523615261366468e-06,9.898745643324161625e-01,8.861554722304323722e-05,8.861554722304323722e-05,-2.153543670094598358e-06,8.818313677997008729e-05,8.818313677997008729e-05,1.490683281334855413e-06
2.272651486785123076e+00,-1.085212526411707689e-06,-3.603231733340687126e-06,-1.919549408843632192e-06,9.898654652048239910e-01,6.543527046984950590e-05,6.543527046984950590e-05,-1.085212526411707689e-06,-3.004761935255339881e-06,9.898744794906297884e-01,7.745431821087086881e-05,7.745431821087086881e-05,-2.150105072594426697e-06,8.843741049082527120e-05,8.843741049082527120e-05,1.489728055199811603e-06
2.274954071878117379e+00,-1.083154926992862834e-06,-3.582969612571111254e-06,-1.909894430842013894e-06,9.898654166223952444e-01,5.434293553390270870e-05,5.434293553390270870e-05,-1.083154926992862834e-06,-2.993049357834876940e-06,9.898743957704687624e-01,6.631513296524221477e-05,6.631513296524221477e-05,-2.146668747943832665e-06,8.868584335176764809e-05,8.868584335176764809e-05,1.488762591466712587e-06
2.277256656971111237e+00,-1.081098669800436873e-06,-3.562817045789171178e-06,-1.900286982584210100e-06,9.898653690021836926e-01,4.327318290078126207e-05,4.327318290078126207e-05,-1.081098669800436873e-06,-2.981385652384646973e-06,9.898743131591408728e-01,5.519872551031984657e-05,5.519872551031984657e-05,-2.143234719105151438e-06,8.892843480768112489e-05,8.892843480768112489e-05,1.487786977125083317e-06
2.279559242064105540e+00,-1.079043768782670847e-06,-3.542773475387530502e-06,-1.890726820606525826e-06,9.898653223322216865e-01,3.222673716517110166e-05,3.222673716517110166e-05,-1.079043768782670847e-06,-2.969770589389196673e-06,9.898742316439897992e-01,4.410581952272789005e-05,4.410581952272789005e-05,-2.139803008845120072e-06,8.916518472198864550e-05,8.916518472198864550e-05,1.486801298624124524e-06
2.281861827157099398e+00,-1.076990237768930021e-06,-3.522838346013948456e-06,-1.881213702659940340e-06,9.898652766006725834e-01,2.120431261325603721e-05,2.120431261325603721e-05,-1.076990237768930021e-06,-2.958203940428870362e-06,9.898741512124938913e-01,3.303712837497151697e-05,3.303712837497151697e-05,-2.136373639736092149e-06,8.939609337166912987e-05,8.939609337166912987e-05,1.485805641875484630e-06
2.284164412250093257e+00,-1.074938090470439527e-06,-3.503011104570232539e-06,-1.871747387705253038e-06,9.898652317958300806e-01,1.020661326716300449e-05,1.020661326716300449e-05,-1.074938090470439527e-06,-2.946685478175692565e-06,9.898740718522646143e-01,2.199335517986577475e-05,2.199335517986577475e-05,-2.132946634157239296e-06,8.962116144228876515e-05,8.962116144228876515e-05,1.484800092255966869e-06
2.286466997343087559e+00,-1.072887340481020012e-06,-3.483291200211143731e-06,-1.862327635908255984e-06,9.898651879061163283e-01,-7.656670695528126734e-07,-7.656670695528126734e-07,-1.072887340481020012e-06,-2.935214976389275995e-06,9.898739935510455501e-01,1.097519283600429131e-05,1.097519283600429131e-05,-2.129522014295748039e-06,8.984039002304644572e-05,8.984039002304644572e-05,1.483784734610268799e-06
2.288769582436081418e+00,-1.070838001277820745e-06,-3.463678084343135259e-06,-1.852954208634900319e-06,9.898651449200810415e-01,-1.171184476544126764e-05,-1.171184476544126764e-05,-1.070838001277820745e-06,-2.923792209912721064e-06,9.898739162967107319e-01,-1.667592579038338621e-08,-1.667592579038338621e-08,-2.126099802148017508e-06,9.005378060183416166e-05,9.005378060183416166e-05,1.482759653253696409e-06
2.291072167529075720e+00,-1.068790086222043200e-06,-3.444171210622952874e-06,-1.843626868446453987e-06,9.898651028263995011e-01,-2.263124631374807157e-05,-2.263124631374807157e-05,-1.068790086222043200e-06,-2.912416954668497187e-06,9.898738400772635337e-01,-1.098157849507408452e-05,-1.098157849507408452e-05,-2.122680019520838510e-06,9.026133506031355531e-05,9.026133506031355531e-05,1.481724931974859804e-06
2.293374752622069579e+00,-1.066743608559668438e-06,-3.424770034956153818e-06,-1.834345379094682750e-06,9.898650616138721103e-01,-3.352320828405083838e-05,-3.352320828405083838e-05,-1.066743608559668438e-06,-2.901088987654351187e-06,9.898737648808351164e-01,-2.191885233343343533e-05,-2.191885233343343533e-05,-2.119262688032578948e-06,9.046305566900807692e-05,9.046305566900807692e-05,1.480680654038390271e-06
2.295677337715063882e+00,-1.064698581422174336e-06,-3.405474015495454260e-06,-1.825109505517008761e-06,9.898650212714223962e-01,-4.438707727302085461e-05,-4.438707727302085461e-05,-1.064698581422174336e-06,-2.889808086939183097e-06,9.898736906956832060e-01,-3.282784492526412222e-05,-3.282784492526412222e-05,-2.115847829114353997e-06,9.065894508241252809e-05,9.065894508241252809e-05,1.479626902187616693e-06
2.297979922808057740e+00,-1.062655017827254295e-06,-3.386282612638997113e-06,-1.815919013831699418e-06,9.898649817880957880e-01,-5.522220985428016036e-05,-5.522220985428016036e-05,-1.062655017827254295e-06,-2.878574031658953713e-06,9.898736175101907619e-01,-4.370791372764434889e-05,-4.370791372764434889e-05,-2.112435464011197979e-06,9.084900633411938326e-05,9.084900633411938326e-05,1.478563758647243233e-06
2.300282507901051599e+00,-1.060612930679527689e-06,-3.367195289028471622e-06,-1.806773671333033556e-06,9.898649431530589515e-01,-6.602797252744023557e-05,-6.602797252744023557e-05,-1.060612930679527689e-06,-2.867386602012561245e-06,9.898735453128649775e-01,-5.455842611938999229e-05,-5.455842611938999229e-05,-2.109025613783221403e-06,9.103324283196358331e-05,9.103324283196358331e-05,1.477491305126041202e-06
2.302585092994045901e+00,-1.058572332771249887e-06,-3.348211509547132155e-06,-1.797673246486487549e-06,9.898649053555977906e-01,-7.680374166629924714e-05,-7.680374166629924714e-05,-1.058572332771249887e-06,-2.856245579257737435e-06,9.898734740923356146e-01,-6.537875934926830248e-05,-6.537875934926830248e-05,-2.105618299306770559e-06,9.121165835318527273e-05,9.121165835318527273e-05,1.476409622819479100e-06
