ln_a,zeta_obs,Phi_N,Psi_N,delta_b_N,delta_gamma_N,delta_nu_N,zeta,u,delta_b,delta_gamma,delta_nu,vartheta_b,vartheta_gamma,vartheta_nu,alpha
0.000000000000000000e+00,0.000000000000000000e+00,-2.844516525912399625e-04,0.000000000000000000e+00,1.000000000000000000e+00,0.000000000000000000e+00,0.000000000000000000e+00,0.000000000000000000e+00,0.000000000000000000e+00,1.000000000000000000e+00,0.000000000000000000e+00,0.000000000000000000e+00,0.000000000000000000e+00,0.000000000000000000e+00,0.000000000000000000e+00,3.845029162769829974e-04
2.302585092994045846e-03,5.680670028646594460e-07,-2.782172357751940017e-04,9.633140958954761841e-07,1.000002976698191492e+00,3.968885748286555263e-06,3.968885748286555263e-06,5.680670028646594460e-07,1.531381098760135736e-06,9.999983825548951488e-01,-2.156638646753987257e-06,-2.156638646753987257e-06,8.839312776155249476e-07,8.843175587246997929e-07,8.843175587246997929e-07,3.836642212616352935e-04
4.605170185988091691e-03,1.134470133854831235e-06,-2.720487616566762547e-04,1.910523257567164520e-06,1.000006075344025636e+00,8.100082569567489566e-06,8.100082569567489566e-06,1.134470133854831235e-06,3.044993391421995543e-06,9.999969403638513388e-01,-4.079890996120492607e-06,-4.079890996120492607e-06,1.765026499588621117e-06,1.766658191547216762e-06,1.766658191547216762e-06,3.828223182382574168e-04
6.907755278982137537e-03,1.699208895836053437e-06,-2.659457339571345055e-04,2.841804829926940438e-06,1.000009291651705601e+00,1.238755055005841666e-05,1.238755055005841666e-05,1.699208895836053437e-06,4.541013725762993663e-06,9.999956686105283543e-01,-5.776504352993557995e-06,-5.776504352993557995e-06,2.643289874795202227e-06,2.647153178004153873e-06,2.647153178004153873e-06,3.819772879088556431e-04
9.210340371976183382e-03,2.262282896747455042e-06,-2.599076580563027851e-04,3.757334590507626756e-06,1.000012621405080626e+00,1.682530090860289432e-05,1.682530090860289432e-05,2.262282896747455042e-06,6.019617487255081797e-06,9.999945625526188708e-01,-7.253169040417434561e-06,-7.253169040417434561e-06,3.518725710866242132e-06,3.525930213324610766e-06,3.525930213324610766e-06,3.811292099210191148e-04
1.151292546497022923e-02,2.823691847702573097e-06,-2.539340410298015029e-04,4.657286759017635443e-06,1.000016060456925482e+00,2.140739679219711856e-05,2.140739679219711856e-05,2.823691847702573097e-06,7.480978606720208116e-06,9.999936175211053824e-01,-8.516517634683713902e-06,-8.516517634683713902e-06,4.391338411844334611e-06,4.403113436937062665e-06,4.403113436937062665e-06,3.802781628791348828e-04
1.381551055796427507e-02,3.383435561116546452e-06,-2.480243916854612011e-04,5.541834006927585715e-06,1.000019604728225264e+00,2.612795404889042193e-05,2.612795404889042193e-05,3.383435561116546452e-06,8.925269568044132590e-06,9.999928289195211262e-01,-9.573124223286106734e-06,-9.573124223286106734e-06,5.261132475876533914e-06,5.278823461372899953e-06,5.278823461372899953e-06,3.794242243554479615e-04
1.611809565095832092e-02,3.941513948858148206e-06,-2.421782205985057010e-04,6.411147467083833222e-06,1.000023250207459968e+00,3.098114197805136593e-05,3.098114197805136593e-05,3.941513948858148206e-06,1.035266141594198143e-05,9.999921922232121174e-01,-1.042950368571655808e-05,-1.042950368571655808e-05,6.128112492940985664e-06,6.153177401553161948e-06,6.153177401553161948e-06,3.785674709011054993e-04
1.842068074395236676e-02,4.497927020427693967e-06,-2.363950401455628206e-04,7.265396743348742601e-06,1.000026992949895277e+00,3.596118405801672900e-05,3.596118405801672900e-05,4.497927020427693967e-06,1.176332376377643657e-05,9.999917029786039580e-01,-1.109211099708902067e-05,-1.109211099708902067e-05,6.992283142609088684e-06,7.026288904449312387e-06,7.026288904449312387e-06,3.777079780571252735e-04
2.072326583694641261e-02,5.052674881159637511e-06,-2.306743645374733352e-04,8.104749920263441135e-06,1.000030829076874905e+00,4.106235865113282081e-05,4.106235865113282081e-05,5.052674881159637511e-06,1.315742480142307865e-05,9.999913568024705324e-01,-1.156734055455949038e-05,-1.156734055455949038e-05,7.853649191841354334e-06,7.898268179105139786e-06,7.898268179105139786e-06,3.768458203651992217e-04
2.302585092994045846e-02,5.605757730449887523e-06,-2.250157098510363900e-04,8.929373572731253561e-06,1.000034754775115386e+00,4.627899968621718195e-05,4.627899968621718195e-05,5.605757730449887523e-06,1.453513130318114108e-05,9.999911493812058128e-01,-1.186152552650737900e-05,-1.186152552650737900e-05,8.712215492816994693e-06,8.769222027008993165e-06,8.769222027008993165e-06,3.759810713785025050e-04
2.532843602293450430e-02,6.157175860007760720e-06,-2.194185940596399731e-04,9.739432775719536988e-06,1.000038766296006854e+00,5.160549731847406549e-05,5.160549731847406549e-05,6.157175860007760720e-06,1.589660863572729855e-05,9.999910764700997712e-01,-1.198093722443512873e-05,-1.198093722443512873e-05,9.567986980797215881e-06,9.639253872805301053e-06,9.639253872805301053e-06,3.751138036723994612e-04
2.763102111592855015e-02,6.706929652132204577e-06,-2.138825370627303168e-04,1.053509111397757215e-05,1.000042859954914709e+00,5.703629856690587953e-05,5.703629856690587953e-05,6.706929652132204577e-06,1.724202076610977758e-05,9.999911338926162907e-01,-1.193178449753323078e-05,-1.193178449753323078e-05,1.042096867202166426e-05,1.050846379533400490e-05,1.050846379533400490e-05,3.742440888549549457e-04
2.993360620892259599e-02,7.255019578011740375e-06,-2.084070607143815733e-04,1.131651069176759133e-05,1.000047032130484626e+00,6.256590792926767890e-05,6.256590792926767890e-05,7.255019578011740375e-06,1.857153026977933171e-05,9.999913175396752951e-01,-1.172021314984964793e-05,-1.172021314984964793e-05,1.127116566163713948e-05,1.137694855898603321e-05,1.137694855898603321e-05,3.733719975775792450e-04
3.223619130191664184e-02,7.801446196048440794e-06,-2.029916888506691551e-04,1.208385214260766300e-05,1.000051279263953541e+00,6.818888797462719666e-05,6.818888797462719666e-05,7.801446196048440794e-06,1.988529833865610379e-05,9.999916233689376543e-01,-1.135230537999722190e-05,-1.135230537999722190e-05,1.211858312165913857e-05,1.224480164536462227e-05,1.224480164536462227e-05,3.724975995453681668e-04
3.453877639491068768e-02,8.346210150205162813e-06,-1.976359473161234004e-04,1.283727463902362789e-05,1.000055597858461542e+00,7.389985991359273004e-05,7.389985991359273004e-05,8.346210150205162813e-06,2.118348478922879070e-05,9.999920474040937535e-01,-1.083407924332243616e-05,-1.083407924332243616e-05,1.296322629896512134e-05,1.311211328524047944e-05,1.311211328524047944e-05,3.716209635274908898e-04
3.684136148790473353e-02,8.889312168375991836e-06,-1.923393639891569332e-04,1.357693590230796549e-05,1.000059984478367747e+00,7.969350414628377196e-05,7.969350414628377196e-05,8.889312168375991836e-06,2.246624807068395733e-05,9.999925857341556146e-01,-1.017148813645205566e-05,-1.017148813645205566e-05,1.380510051331928720e-05,1.397897049078986226e-05,1.397897049078986226e-05,3.707421573674475460e-04
3.914394658089877937e-02,9.430753060779847950e-06,-1.871014688065171083e-04,1.430299221228411541e-05,1.000064435748571290e+00,8.556456078812735679e-05,8.556456078812735679e-05,9.430753060779847950e-06,2.373374527306396336e-05,9.999932345127521272e-01,-9.370420304128500045e-06,-9.370420304128500045e-06,1.464421115542900888e-05,1.484545708810486160e-05,1.484545708810486160e-05,3.698612479932432114e-04
4.144653167389282522e-02,9.970533718376683386e-06,-1.819217937868088347e-04,1.501559841707366851e-05,1.000068948353834752e+00,9.150783017356766964e-05,9.150783017356766964e-05,9.970533718376683386e-06,2.498613213545035190e-05,9.999939899574283864e-01,-8.436698368233736258e-06,-8.436698368233736258e-06,1.548056368503192715e-05,1.571165374996433229e-05,1.571165374996433229e-05,3.689783014275101257e-04
4.374911676688687107e-02,1.050865511130590444e-05,-1.767998730530457913e-04,1.571490794286422888e-05,1.000073519038110703e+00,9.751817333778306182e-05,9.751817333778306182e-05,1.050865511130590444e-05,2.622356305417013162e-05,9.999948483489481399e-01,-7.376078878897464677e-06,-7.376078878897464677e-06,1.631416362901321848e-05,1.657763802885418337e-05,1.657763802885418337e-05,3.680933827974856593e-04
4.605170185988091691e-02,1.104511828734755994e-05,-1.717352428543238174e-04,1.640107280367741470e-05,1.000078144603873342e+00,1.035905124765212101e-04,1.035905124765212101e-04,1.104511828734755994e-05,2.744619109102497295e-05,9.999958060306002317e-01,-6.194251887578681678e-06,-6.194251887578681678e-06,1.714501657955392849e-05,1.744348439022743116e-05,1.744348439022743116e-05,3.672065563449689214e-04
4.835428695287496276e-02,1.157992437040497997e-05,-1.667274415865776659e-04,1.707424361113326269e-05,1.000082821911453257e+00,1.097198313841547416e-04,1.097198313841547416e-04,1.157992437040497997e-05,2.865416798153824267e-05,9.999968594075087092e-01,-4.896840541998223098e-06,-4.896840541998223098e-06,1.797312819230829258e-05,1.830926424599123520e-05,1.830926424599123520e-05,3.663178854361482393e-04
5.065687204586900860e-02,1.211307455900944256e-05,-1.617760098124740797e-04,1.773456958421076656e-05,1.000087547878375949e+00,1.159011758700812075e-04,1.159011758700812075e-04,1.211307455900944256e-05,2.984764414322020913e-05,9.999980049459463727e-01,-3.489400702799634893e-06,-3.489400702799634893e-06,1.879850418461104155e-05,1.917504598821160976e-05,1.917504598821160976e-05,3.654274325713710125e-04
5.295945713886305445e-02,1.264457012484627535e-05,-1.568804902804459640e-04,1.838219855900215434e-05,1.000092319478704361e+00,1.221296541535898939e-04,1.221296541535898939e-04,1.264457012484627535e-05,3.102676868384842969e-05,9.999992391726527652e-01,-1.977420581803832491e-06,-1.977420581803832491e-06,1.962115033371376036e-05,2.004089502302423202e-05,2.004089502302423202e-05,3.645352593948215729e-04
5.526204223185710029e-02,1.317441241130208227e-05,-1.520404279428787123e-04,1.901727699845886296e-05,1.000097133742384736e+00,1.284004372373253970e-04,1.284004372373253970e-04,1.317441241130208227e-05,3.219168940976094523e-05,1.000000558674155382e+00,-3.663204017183726521e-07,-3.663204017183726521e-07,2.044107247504978525e-05,2.090687380474063708e-05,2.090687380474063708e-05,3.636414267041011405e-04
5.756462732485114614e-02,1.370260283203319522e-05,-1.472553699735027063e-04,1.963995000212861571e-05,1.000101987754597577e+00,1.347087592594899271e-04,1.347087592594899271e-04,1.370260283203319522e-05,3.334255283416181093e-05,1.000001960096094988e+00,1.338547922842677674e-06,1.338547922842677674e-06,2.125827650052800828e-05,2.177304187013965562e-05,2.177304187013965562e-05,3.627459944597669593e-04
5.986721241784519199e-02,1.422914286955469332e-05,-1.425248657839473215e-04,2.025036131588073266e-05,1.000106878655111498e+00,1.410499178249234825e-04,1.410499178249234825e-04,1.422914286955469332e-05,3.447950418543542598e-05,1.000003440142555267e+00,3.131901083181773526e-06,3.131901083181773526e-06,2.207276835685435958e-05,2.263945587293282876e-05,2.263945587293282876e-05,3.618490217947296201e-04
6.216979751083923783e-02,1.475403407385007966e-05,-1.378484670395309494e-04,2.084865334161906082e-05,1.000111803637641517e+00,1.474192743152165439e-04,1.474192743152165439e-04,1.475403407385007966e-05,3.560268741546914048e-05,1.000004995575395128e+00,5.008524653339988810e-06,5.008524653339988810e-06,2.288455404388130610e-05,2.350616961839382209e-05,2.350616961839382209e-05,3.609505670236006717e-04
6.447238260383328368e-02,1.527727806100122584e-05,-1.332257276743034895e-04,2.143496714698056579e-05,1.000116759949211342e+00,1.538122541780098001e-04,1.538122541780098001e-04,1.527727806100122584e-05,3.671224520798179163e-05,1.000006623213587353e+00,6.963273346082631853e-06,6.963273346082631853e-06,2.369363961298470603e-05,2.437323409814112890e-05,2.437323409814112890e-05,3.600506876519878659e-04
6.677496769682733646e-02,1.579887651183840811e-05,-1.286562039052884562e-04,2.200944247501819570e-05,1.000121744889519215e+00,1.602243471956441316e-04,1.602243471956441316e-04,1.579887651183840811e-05,3.780831898685660381e-05,1.000008319932558676e+00,8.991071248217707878e-06,8.991071248217707878e-06,2.450003116546780224e-05,2.524069752506378310e-05,2.524069752506378310e-05,3.591494403856322713e-04
6.907755278982137537e-02,1.631883117061008959e-05,-1.241394542460353160e-04,2.257221775386653332e-05,1.000126755810308854e+00,1.666511077333283084e-04,1.666511077333283084e-04,1.631883117061008959e-05,3.889104892447662292e-05,1.000010082663535416e+00,1.108691203542182858e-05,1.108691203542182858e-05,2.530373485099183628e-05,2.610860536837969711e-05,2.610860536837969711e-05,3.582468811395302078e-04
7.138013788281541427e-02,1.683714384367243831e-05,-1.196750395194383354e-04,2.312343010638897290e-05,1.000131790114743735e+00,1.730881549670000141e-04,1.730881549670000141e-04,1.683714384367243831e-05,3.996057395006141121e-05,1.000011908392893556e+00,1.324585916675435906e-05,1.324585916675435906e-05,2.610475686603327605e-05,2.697700038881667057e-05,2.697700038881667057e-05,3.573430650469489305e-04
7.368272297580946706e-02,1.735381639819816099e-05,-1.152625228698469427e-04,2.366321535980503896e-05,1.000136845256785145e+00,1.795311730910578165e-04,1.795311730910578165e-04,1.735381639819816099e-05,4.101703175800319994e-05,1.000013794161511038e+00,1.546304605904501336e-05,1.546304605904501336e-05,2.690310345236705770e-05,2.784592267390576626e-05,2.784592267390576626e-05,3.564380464683510768e-04
7.598530806880351984e-02,1.786885076090449675e-05,-1.109014697744865646e-04,2.419170805529640401e-05,1.000141918740575342e+00,1.859759115061497819e-04,1.859759115061497819e-04,1.786885076090449675e-05,4.206055881620090076e-05,1.000015737064126720e+00,1.773367624134618558e-05,1.773367624134618558e-05,2.769878089557562800e-05,2.871540967337705524e-05,2.871540967337705524e-05,3.555318790002312394e-04
7.828789316179755875e-02,1.838224891680018773e-05,-1.065914480542583508e-04,2.470904145759052090e-05,1.000147008119824932e+00,1.924181849872085481e-04,1.924181849872085481e-04,1.838224891680018773e-05,4.309129037439070862e-05,1.000017734248701773e+00,2.005302348964571024e-05,2.005302348964571024e-05,2.849179552358344525e-05,2.958549623464793913e-05,2.958549623464793913e-05,3.546246154839480941e-04
8.059047825479159766e-02,1.889401290795085059e-05,-1.023320278837909882e-04,2.521534756452008073e-05,1.000152110997203136e+00,1.988538738319253589e-04,1.988538738319253589e-04,1.889401290795085059e-05,4.410936047247093132e-05,1.000019782915785749e+00,2.241643194204162684e-05,2.241643194204162684e-05,2.928215370521618639e-05,3.045621463839362112e-05,3.045621463839362112e-05,3.537163080143293330e-04
8.289306334778565044e-02,1.940414483226353171e-05,-9.812278180096003664e-05,2.571075711655863882e-05,1.000157225023733387e+00,2.052789239898692992e-04,2.052789239898692992e-04,1.940414483226353171e-05,4.511490194882217052e-05,1.000021880317886858e+00,2.481931619458060698e-05,2.481931619458060698e-05,3.006986184878586993e-05,3.132759463419163140e-05,3.132759463419163140e-05,3.528070079483708148e-04
8.519564844077970323e-02,1.991264684228882302e-05,-9.396328471568000918e-05,2.619539960632916590e-05,1.000162347898192694e+00,2.116893471724474052e-04,2.116893471724474052e-04,1.991264684228882302e-05,4.610804644861798892e-05,1.000024023758846914e+00,2.725716137797544279e-05,2.725716137797544279e-05,3.085492640069928925e-05,3.219966347622846709e-05,3.219966347622846709e-05,3.518967659136880291e-04
8.749823353377374213e-02,2.041952114404126020e-05,-8.985311391815462186e-05,2.666940328808554191e-05,1.000167477366516344e+00,2.180812209439192352e-04,2.180812209439192352e-04,2.041952114404126020e-05,4.708892443212680211e-05,1.000026210593220055e+00,2.972552321541203354e-05,2.972552321541203354e-05,3.163735384409104712e-05,3.307244595906036792e-05,3.307244595906036792e-05,3.509856318170010629e-04
8.980081862676778104e-02,2.092476999583769829e-05,-8.579184908653520489e-05,2.713289518716632793e-05,1.000172611221205043e+00,2.244506887936806013e-04,2.244506887936806013e-04,2.092476999583769829e-05,4.805766518300402622e-05,1.000028438225656124e+00,3.222002806166448960e-05,3.222002806166448960e-05,3.241715069748064251e-05,3.394596445341867275e-05,3.394596445341867275e-05,3.500736548525473584e-04
9.210340371976183382e-02,2.142839570715314302e-05,-8.177907229390919881e-05,2.758600110941871584e-05,1.000177747300737385e+00,2.307939601900296702e-04,2.307939601900296702e-04,2.142839570715314302e-05,4.901439681657185886e-05,1.000030704110287605e+00,3.473637292374222801e-05,3.473637292374222801e-05,3.319432351345292549e-05,3.482023894204985039e-05,3.482023894204985039e-05,3.491608835102780108e-04
9.440598881275588661e-02,2.193040063749405802e-05,-7.781436801484099711e-05,2.802884565059239816e-05,1.000182883488986540e+00,2.371073106156400528e-04,2.371073106156400528e-04,2.193040063749405802e-05,4.995924628808645618e-05,1.000033005750122328e+00,3.727032546329424160e-05,3.727032546329424160e-05,3.396887887736178098e-05,3.569528705558147667e-05,3.569528705558147667e-05,3.482473655841676900e-04
9.670857390574992551e-02,2.243078719528871781e-05,-7.389732313125561326e-05,2.846155220570174870e-05,1.000188017714642053e+00,2.433870815849637393e-04,2.433870815849637393e-04,2.243078719528871781e-05,5.089233940099046651e-05,1.000035340696439068e+00,3.981772398100185968e-05,3.981772398100185968e-05,3.474082340605659102e-05,3.657112410840458971e-05,3.657112410840458971e-05,3.473331481802839778e-04
9.901115899874396442e-02,2.292955783679492154e-05,-7.002752693783499888e-05,2.888424297835654093e-05,1.000193147950634520e+00,2.496296806437967681e-04,2.496296806437967681e-04,2.292955783679492154e-05,5.181380081515146247e-05,1.000037706548189131e+00,4.237447738319094536e-05,4.237447738319094536e-05,3.551016374663196673e-05,3.744776313456435295e-05,3.744776313456435295e-05,3.464182777248698782e-04
1.013137440917380172e-01,2.342671506502405447e-05,-6.620457114687068872e-05,2.929703899005859882e-05,1.000198272213564499e+00,2.558315813512355270e-04,2.558315813512355270e-04,2.342671506502405447e-05,5.272375405508265329e-05,1.000040100951399280e+00,4.493656513090489346e-05,4.493656513090489346e-05,3.627690657519902875e-05,3.832521492364880043e-05,3.832521492364880043e-05,3.455027999723240878e-04
1.036163291847320700e-01,2.392226142868186312e-05,-6.242804989260346889e-05,2.970006008946474580e-05,1.000203388563138285e+00,2.619893232442610715e-04,2.619893232442610715e-04,2.392226142868186312e-05,5.362232151814660892e-05,1.000042521598583756e+00,4.750003717167464260e-05,4.750003717167464260e-05,3.704105859567902225e-05,3.920348805666778368e-05,3.920348805666778368e-05,3.445867600131098164e-04
1.059189142777261089e-01,2.441619952112565942e-05,-5.869755973503642111e-05,3.009342496161479172e-05,1.000208495101604811e+00,2.680995117851939181e-04,2.680995117851939181e-04,2.441619952112565942e-05,5.450962448274045114e-05,1.000044966228156529e+00,5.006101385423208645e-05,5.006101385423208645e-05,3.780262653861870409e-05,4.008258894191341255e-05,4.008258894191341255e-05,3.436702022815515023e-04
1.082214993707201478e-01,2.490853197933785233e-05,-5.501269966328802116e-05,3.047725113712419841e-05,1.000213589973198758e+00,2.741588182922586464e-04,2.741588182922586464e-04,2.490853197933785233e-05,5.538578311646205073e-05,1.000047432623849319e+00,5.261568582641043670e-05,5.261568582641043670e-05,3.856161716002748179e-05,4.096252185079359432e-05,4.096252185079359432e-05,3.427531705636109268e-04
1.105240844637142006e-01,2.539926148291478701e-05,-5.137307109844447829e-05,3.085165500133902862e-05,1.000218671363588330e+00,2.801639798535008490e-04,2.801639798535008490e-04,2.539926148291478701e-05,5.625091648425381563e-05,1.000049918614135613e+00,5.516031391648559330e-05,5.516031391648559330e-05,3.931803724023463732e-05,4.184328895362883868e-05,4.184328895362883868e-05,3.418357080045450426e-04
1.128266695567082534e-01,2.588839075307235185e-05,-4.777827789595727893e-05,3.121675180345528575e-05,1.000223737499326138e+00,2.861117992243138175e-04,2.861117992243138175e-04,2.588839075307235185e-05,5.710514255652763421e-05,1.000052422071656455e+00,5.769122899820326034e-05,5.769122899820326034e-05,4.007189358276902101e-05,4.272489035540683299e-05,4.272489035540683299e-05,3.409178571165216807e-04
1.151292546497022923e-01,2.637592255166621547e-05,-4.422792634755840272e-05,3.157265566559855807e-05,1.000228786647305190e+00,2.919991447088133804e-04,2.919991447088133804e-04,2.637592255166621547e-05,5.794857821726477355e-05,1.000054940912653345e+00,6.020483183975426585e-05,6.020483183975426585e-05,4.082319301325776638e-05,4.360732413148337675e-05,4.360732413148337675e-05,3.399996597861080811e-04
1.174318397426963312e-01,2.686185968022798793e-05,-4.072162518276593374e-05,3.191947959186598033e-05,1.000233817114218882e+00,2.978229500253243007e-04,2.978229500253243007e-04,2.686185968022798793e-05,5.878133927209397164e-05,1.000057473096402694e+00,6.269759293694841416e-05,6.269759293694841416e-05,4.157194237834624189e-05,4.449058636322411169e-05,4.449058636322411169e-05,3.390811572817489599e-04
1.197344248356903840e-01,2.734620497901631340e-05,-3.725898556993455756e-05,3.225733547732823558e-05,1.000238827246027418e+00,3.035802141562280333e-04,3.035802141562280333e-04,2.734620497901631340e-05,5.960354045634455236e-05,1.000060016624658488e+00,6.516605233084981025e-05,6.516605233084981025e-05,4.231814854463756561e-05,4.537467117357775757e-05,4.537467117357775757e-05,3.381623902611335551e-04
1.220370099286844368e-01,2.782896132608304350e-05,-3.383962111687951275e-05,3.258633411699165844e-05,1.000243815427424021e+00,3.092680011824313442e-04,3.092680011824313442e-04,2.782896132608304350e-05,6.041529544307469856e-05,1.000062569541094737e+00,6.760681941013257706e-05,6.760681941013257706e-05,4.306181839765205578e-05,4.625957076257358242e-05,4.625957076257358242e-05,3.372433987784841211e-04
1.243395950216784757e-01,2.831013163635422346e-05,-3.046314787110034660e-05,3.290658521471956561e-05,1.000248780081310906e+00,3.148834401027163828e-04,3.148834401027163828e-04,2.831013163635422346e-05,6.121671685107378568e-05,1.000065129930757690e+00,7.001657269842122657e-05,7.001657269842122657e-05,4.380295884080604791e-05,4.714527544273540286e-05,4.714527544273540286e-05,3.363242222917903223e-04
1.266421801146725146e-01,2.878971886072571502e-05,-2.712918431957978875e-05,3.321819739211246791e-05,1.000253719668275920e+00,3.204237246382321959e-04,3.204237246382321959e-04,2.878971886072571502e-05,6.200791625283818631e-05,1.000067695919517385e+00,7.239205962687946417e-05,7.239205962687946417e-05,4.454157679441006479e-05,4.803177367440448429e-05,4.803177367440448429e-05,3.354048996699326036e-04
1.289447652076665674e-01,2.926772598517289370e-05,-2.383735138824659680e-05,3.352127819734565295e-05,1.000258632686075622e+00,3.258861130223902241e-04,3.258861130223902241e-04,2.926772598517289370e-05,6.278900418251854665e-05,1.000070265673528080e+00,7.473009629231605101e-05,7.473009629231605101e-05,4.527767919468522160e-05,4.891905210096327049e-05,4.891905210096327049e-05,3.344854691998256193e-04
1.312473503006606201e-01,2.974415602987512164e-05,-2.058727244098016725e-05,3.381593411396520893e-05,1.000263517669121693e+00,3.312679277764327178e-04,3.312679277764327178e-04,2.974415602987512164e-05,6.356009014384033057e-05,1.000072837398690240e+00,7.702756720107140911e-05,7.702756720107140911e-05,4.601127299279919391e-05,4.980709558395428441e-05,4.980709558395428441e-05,3.335659685933602169e-04
1.335499353936546729e-01,3.021901204835386107e-05,-1.737857327830475291e-05,3.410227056964047705e-05,1.000268373187971793e+00,3.365665554709367738e-04,3.365665554709367738e-04,3.021901204835386107e-05,6.432128261799433813e-05,1.000075409340117849e+00,7.928142499895944845e-05,7.928142499895944845e-05,4.674236515391984477e-05,5.069588723808516061e-05,5.069588723808516061e-05,3.326464349943764835e-04
1.358525204866486980e-01,3.069229712662487568e-05,-1.421088213569283214e-05,3.438039194487323076e-05,1.000273197848825291e+00,3.417794464735232000e-04,3.417794464735232000e-04,3.069229712662487568e-05,6.507268907149810645e-05,1.000077979781610837e+00,8.148869018753078779e-05,8.148869018753078779e-05,4.747096265628733059e-05,5.158540846611413765e-05,5.158540846611413765e-05,3.317269049855169332e-04
1.381551055796427507e-01,3.116401438236389296e-05,-1.108382968152236021e-05,3.465040158166255850e-05,1.000277990293023223e+00,3.469041146830375731e-04,3.469041146830375731e-04,3.116401438236389296e-05,6.581441596402645147e-05,1.000080547045131052e+00,8.364645082693178077e-05,8.364645082693178077e-05,4.819707249030366267e-05,5.247563899360811610e-05,5.247563899360811610e-05,3.308074145950152937e-04
1.404576906726368035e-01,3.163416696408609359e-05,-7.997049014696135691e-06,3.491240179212568045e-05,1.000282749196553134e+00,3.519381372504772499e-04,3.519381372504772499e-04,3.163416696408609359e-05,6.654656875621177403e-05,1.000083109490284450e+00,8.575186222563018087e-05,8.575186222563018087e-05,4.892070165764030720e-05,5.336655690356746125e-05,5.336655690356746125e-05,3.298879993034284797e-04
1.427602757656308285e-01,3.210275805033854340e-05,-4.950175661921540682e-06,3.516649386707358112e-05,1.000287473269556582e+00,3.568791542869302873e-04,3.568791542869302873e-04,3.210275805033854340e-05,6.726925191741212453e-05,1.000085665513804400e+00,8.780214661728176213e-05,8.780214661728176213e-05,4.964185717036257681e-05,5.425813867090989348e-05,5.425813867090989348e-05,3.289686940502803674e-04
1.450628608586248813e-01,3.256979084890618476e-05,-1.942847574682062532e-06,3.541277808454138334e-05,1.000292161255843970e+00,3.617248685588021458e-04,3.617248685588021458e-04,3.256979084890618476e-05,6.798256893344756810e-05,1.000088213549043648e+00,8.979459282501187339e-05,8.979459282501187339e-05,5.036054605007155905e-05,5.515035919680794357e-05,5.515035919680794357e-05,3.280495332406731506e-04
1.473654459516189341e-01,3.303526859603044523e-05,1.025294874144884976e-06,3.565135371827295527e-05,1.000296811932410046e+00,3.664730451705993297e-04,3.664730451705993297e-04,3.303526859603044523e-05,6.868662231430340049e-05,1.000090752065467159e+00,9.172655591338571416e-05,9.172655591338571416e-05,5.107677532706240286e-05,5.604319184287262067e-05,5.604319184287262067e-05,3.271305507517529806e-04
1.496680310446129869e-01,3.349919455564094481e-05,3.954608893920536958e-06,3.588231904615954052e-05,1.000301424108957393e+00,3.711215112355451895e-04,3.711215112355451895e-04,3.349919455564094481e-05,6.938151360180048533e-05,1.000093279568152083e+00,9.359545682834326176e-05,9.359545682834326176e-05,5.179055203949955240e-05,5.693660846517800754e-05,5.693660846517800754e-05,3.262117799392134443e-04
1.519706161376070397e-01,3.396157201859973252e-05,6.845449280238110880e-06,3.610577135863186926e-05,1.000305996627422367e+00,3.756681555343002916e-04,3.756681555343002916e-04,3.396157201859973252e-05,7.006734337723160178e-05,1.000095794597290588e+00,9.539878202537389808e-05,9.539878202537389808e-05,5.250188323260806774e-05,5.783057944811987114e-05,5.783057944811987114e-05,3.252932536436173305e-04
1.542732012306010647e-01,3.442240430195774731e-05,9.698168419136297405e-06,3.632180696700502509e-05,1.000310528361504359e+00,3.801109281620576466e-04,3.801109281620576466e-04,3.442240430195774731e-05,7.074421126896277240e-05,1.000098295727697373e+00,9.713408308620657061e-05,9.713408308620657061e-05,5.321077595788065975e-05,5.872507373810237981e-05,5.872507373810237981e-05,3.243750041967712505e-04
1.565757863235951175e-01,3.488169474822419450e-05,1.251311629166552693e-05,3.653052121177708441e-05,1.000315018216202612e+00,3.844478401642945813e-04,3.844478401642945813e-04,3.488169474822419450e-05,7.141221596000127891e-05,1.000100781568322716e+00,9.879897632428946566e-05,9.879897632428946566e-05,5.391723727230146910e-05,5.962005887704812935e-05,5.962005887704812935e-05,3.234570634279138306e-04
1.588783714165891703e-01,3.533944672464728613e-05,1.529064047868349064e-05,3.673200847087925791e-05,1.000319465127354812e+00,3.886769631614440642e-04,3.886769631614440642e-04,3.533944672464728613e-05,7.207145519552654405e-05,1.000103250761768203e+00,1.003911423793378744e-04,1.003911423793378744e-04,5.462127423758417026e-05,6.051550103572380729e-05,6.051550103572380729e-05,3.225394626699062896e-04
1.611809565095831953e-01,3.579566362250773413e-05,1.803108616590748880e-05,3.692636216787926242e-05,1.000323868061180344e+00,3.927964289627691665e-04,3.927964289627691665e-04,3.579566362250773413e-05,7.272202579038699656e-05,1.000105701983809103e+00,1.019083258012211938e-04,1.019083258012211938e-04,5.532289391942662321e-05,6.141136504687815466e-05,6.141136504687815466e-05,3.216222327653842561e-04
1.634835416025772481e-01,3.625034885642332950e-05,2.073479614927300845e-05,3.711367478013576803e-05,1.000328226013827759e+00,3.968044291697059084e-04,3.968044291697059084e-04,3.625034885642332950e-05,7.336402363655909753e-05,1.000108133942918087e+00,1.033483346234695182e-04,1.033483346234695182e-04,5.602210338677949094e-05,6.230761443818465619e-05,6.230761443818465619e-05,3.207054040727440282e-04
1.657861266955713009e-01,3.670350586366592202e-05,2.340211084049597198e-05,3.729403784690566895e-05,1.000332538010929362e+00,4.006992147689550821e-04,4.006992147689550821e-04,3.670350586366592202e-05,7.399754371057159098e-05,1.000110545379797600e+00,1.047090399266687046e-04,1.047090399266687046e-04,5.671890971113081512e-05,6.320421146498560465e-05,6.320421146498560465e-05,3.197890064721607088e-04
1.680887117885653537e-01,3.715513810348909299e-05,2.603336827289898546e-05,3.746754197740160300e-05,1.000336803107154671e+00,4.044790957155853747e-04,4.044790957155853747e-04,3.715513810348909299e-05,7.462268008089069599e-05,1.000112935066912012e+00,1.059883753920226043e-04,1.059883753920226043e-04,5.741331996580405618e-05,6.410111714283030910e-05,6.410111714283030910e-05,3.188730693714900057e-04
1.703912968815594065e-01,3.760524905646774052e-05,2.862890410745467479e-05,3.763427685880171196e-05,1.000341020385773660e+00,4.081424405064320140e-04,4.081424405064320140e-04,3.760524905646774052e-05,7.523952591526945248e-05,1.000115301808027768e+00,1.071843368453542040e-04,1.071843368453542040e-04,5.810534122527126477e-05,6.499829127980419439e-05,6.499829127980419439e-05,3.179576217121509504e-04
1.726938819745534315e-01,3.805384222384884576e-05,3.118905163910542903e-05,3.779433126421034188e-05,1.000345188958220444e+00,4.116876757440535856e-04,4.116876757440535856e-04,3.805384222384884576e-05,7.584817348805918764e-05,1.000117644437756192e+00,1.082949817918168350e-04,1.082949817918168350e-04,5.879498056448053761e-05,6.589569250864322190e-05,6.589569250864322190e-05,3.170426919748509185e-04
1.749964670675474843e-01,3.850092112691287102e-05,3.371414180323680562e-05,3.794779306056918845e-05,1.000349307963663614e+00,4.151132856915194271e-04,4.151132856915194271e-04,3.850092112691287102e-05,7.644871418748205947e-05,1.000119961821101189e+00,1.093184289415911756e-04,1.093184289415911756e-04,5.948224505819669383e-05,6.679327831862819011e-05,6.679327831862819011e-05,3.161283081853729932e-04
1.772990521605415370e-01,3.894648930634635908e-05,3.620450318242071901e-05,3.809474921651960592e-05,1.000353376568579478e+00,4.184178118182993000e-04,4.184178118182993000e-04,3.894648930634635908e-05,7.704123852286596499e-05,1.000122252853010929e+00,1.102528577268354400e-04,1.102528577268354400e-04,6.016714178035620174e-05,6.769100508725507963e-05,6.769100508725507963e-05,3.152144979201980412e-04
1.796016372535355621e-01,3.939055032162518480e-05,3.866046201331955546e-05,3.823528581021528661e-05,1.000357393966329722e+00,4.215998523375224334e-04,4.215998523375224334e-04,3.939055032162518480e-05,7.762583613184047141e-05,1.000124516457934210e+00,1.110965078101605206e-04,1.110965078101605206e-04,6.084967780343546851e-05,6.858882811167683489e-05,6.858882811167683489e-05,3.143012883121549779e-04
1.819042223465296149e-01,3.983310775040839799e-05,4.108234219385977967e-05,3.836948803708550767e-05,1.000361359376743975e+00,4.246580617348741154e-04,4.246580617348741154e-04,3.983310775040839799e-05,7.820259578749390566e-05,1.000126751589381469e+00,1.118476785848984657e-04,1.118476785848984657e-04,6.152986019783238407e-05,6.948670163991183912e-05,6.948670163991183912e-05,3.133887060558762563e-04
1.842068074395236676e-01,4.027416518794235949e-05,4.347046529050721606e-05,3.849744021754830789e-05,1.000365272045705467e+00,4.275911502893954639e-04,4.275911502893954639e-04,4.027416518794235949e-05,7.877160540549066738e-05,1.000128957229488913e+00,1.125047286674328079e-04,1.125047286674328079e-04,6.220769603126067226e-05,7.038457890181473210e-05,7.038457890181473210e-05,3.124767774133724546e-04
1.865093925325177204e-01,4.071372624647536003e-05,4.582515054583419711e-05,3.861922580467421823e-05,1.000369131244742027e+00,4.303978835864532507e-04,4.303978835864532507e-04,4.071372624647536003e-05,7.933295205114957826e-05,1.000131132388588640e+00,1.130660753818549648e-04,1.130660753818549648e-04,6.288319236815748277e-05,7.128241213980611500e-05,7.128241213980611500e-05,3.115655282193458431e-04
1.888119776255117732e-01,4.115179455468230194e-05,4.814671488615921780e-05,3.873492739180000384e-05,1.000372936270621294e+00,4.330770820231426461e-04,4.330770820231426461e-04,4.115179455468230194e-05,7.988672194648230578e-05,1.000133276104781865e+00,1.135301942372133959e-04,1.135301942372133959e-04,6.355635626910334296e-05,7.218015263935648011e-05,7.218015263935648011e-05,3.106549838866579615e-04
1.911145627185057982e-01,4.158837375709924027e-05,5.043547292946691052e-05,3.884462672009209223e-05,1.000376686444948149e+00,4.356276203063841205e-04,4.356276203063841205e-04,4.158837375709924027e-05,8.043300047719133250e-05,1.000135387443516599e+00,1.138956183976187769e-04,1.138956183976187769e-04,6.422719479025443571e-05,7.307775075922057076e-05,7.307775075922057076e-05,3.097451694115333008e-04
1.934171478114998510e-01,4.202346751356808157e-05,5.269173699342906761e-05,3.894840468606016213e-05,1.000380381113768369e+00,4.380484269439787240e-04,4.380484269439787240e-04,4.202346751356808157e-05,8.097187219962824370e-05,1.000137465497169531e+00,1.141609381454657628e-04,1.141609381454657628e-04,6.489571498278732533e-05,7.397515596141886467e-05,7.397515596141886467e-05,3.088361093788397484e-04
1.957197329044939038e-01,4.245707949869087099e-05,5.491581710361612432e-05,3.904634134902075737e-05,1.000384019647176270e+00,4.403384837288787010e-04,4.403384837288787010e-04,4.245707949869087099e-05,8.150342084771162836e-05,1.000139509384633030e+00,1.143248003380322012e-04,1.143248003380322012e-04,6.556192389235571800e-05,7.487231684096218266e-05,7.487231684096218266e-05,3.079278279672617493e-04
1.980223179974879288e-01,4.288921340129334944e-05,5.710802100186751810e-05,3.913851593850988902e-05,1.000387601438925023e+00,4.424968252169285497e-04,4.424968252169285497e-04,4.288921340129334944e-05,8.202772933980323846e-05,1.000141518250905692e+00,1.143859078577155823e-04,1.143859078577155823e-04,6.622582855855834892e-05,7.576918115531541126e-05,7.576918115531541126e-05,3.070203489544089592e-04
2.003249030904819816e-01,4.331987292389828203e-05,5.926865415480462717e-05,3.922500686164599466e-05,1.000391125906042511e+00,4.445225381983379845e-04,4.445225381983379845e-04,4.331987292389828203e-05,8.254487978554427669e-05,1.000143491266685780e+00,1.143430190561608778e-04,1.143430190561608778e-04,6.688743601441901252e-05,7.666569585359815718e-05,7.666569585359815718e-05,3.061136957218932374e-04
2.026274881834760344e-01,4.374906178220832752e-05,6.139801976250516043e-05,3.930589171044284813e-05,1.000394592488449863e+00,4.464147611631389865e-04,4.464147611631389865e-04,4.374906178220832752e-05,8.305495349265117565e-05,1.000145427627971983e+00,1.141949471925342839e-04,1.141949471925342839e-04,6.754675328587831555e-05,7.756180710551862029e-05,7.756180710551862029e-05,3.052078912603232953e-04
2.049300732764700872e-01,4.417678370459750004e-05,6.349641876731377057e-05,3.938124726907143053e-05,1.000398000648586638e+00,4.481726837608749508e-04,4.481726837608749508e-04,4.417678370459750004e-05,8.355803097366893057e-05,1.000147326555665739e+00,1.139405598661992285e-04,1.139405598661992285e-04,6.820378739129571662e-05,7.845746033003672779e-05,7.845746033003672779e-05,3.043029581742490923e-04
2.072326583694641400e-01,4.460304243161203634e-05,6.556414986277529040e-05,3.945114952107175164e-05,1.000401349871036016e+00,4.497955462547761256e-04,4.497955462547761256e-04,4.460304243161203634e-05,8.405419195268378797e-05,1.000149187295177988e+00,1.135787784440409737e-04,1.135787784440409737e-04,6.885854534096312596e-05,7.935260022375461859e-05,7.935260022375461859e-05,3.033989186870837337e-04
2.095352434624581650e-01,4.502784171548012630e-05,6.760150950274590714e-05,3.951567365651454061e-05,1.000404639662157980e+00,4.512826389706693512e-04,4.512826389706693512e-04,4.502784171548012630e-05,8.454351537199466691e-05,1.000151009116041934e+00,1.131085774826906700e-04,1.131085774826906700e-04,6.951103413662913040e-05,8.024717078903113052e-05,8.024717078903113052e-05,3.024957946458753160e-04
2.118378285554522178e-01,4.545118531963037811e-05,6.960879191057739836e-05,3.957489407911229766e-05,1.000407869549723383e+00,4.526333017408654493e-04,4.526333017408654493e-04,4.545118531963037811e-05,8.502607939874267577e-05,1.000152791311527123e+00,1.125289841458947462e-04,1.125289841458947462e-04,7.016126077103384357e-05,8.114111536181757979e-05,8.114111536181757979e-05,3.015936075261344451e-04
2.141404136484462706e-01,4.587307701821892995e-05,7.158628908845028312e-05,3.962888441328014710e-05,1.000411039082555131e+00,4.538469233432695102e-04,4.538469233432695102e-04,4.587307701821892995e-05,8.550196143149907705e-05,1.000154533198260642e+00,1.118390776172731885e-04,1.118390776172731885e-04,7.080923222745408308e-05,8.203437663921206804e-05,8.203437663921206804e-05,3.006923784365505702e-04
2.164429987414402956e-01,4.629352059566520136e-05,7.353429082681287249e-05,3.967771751114653936e-05,1.000414147830169354e+00,4.549229409359563945e-04,4.549229409359563945e-04,4.629352059566520136e-05,8.597123810681174072e-05,1.000156234115848974e+00,1.110379885087094180e-04,1.110379885087094180e-04,7.145495547925884757e-05,8.292689670673016207e-05,8.292689670673016207e-05,2.997921281236824048e-04
2.187455838344343484e-01,4.671251984619585073e-05,7.545308471396989939e-05,3.972146545951343589e-05,1.000417195382424795e+00,4.558608394874471030e-04,4.558608394874471030e-04,4.671251984619585073e-05,8.643398530570928662e-05,1.000157893426507627e+00,1.101248982646099836e-04,1.101248982646099836e-04,7.209843748947476858e-05,8.381861706528910029e-05,8.381861706528910029e-05,2.988928769765128229e-04
2.210481689274284012e-01,4.713007857339725052e-05,7.734295614573088789e-05,3.976019958676649203e-05,1.000420181349172655e+00,4.566601512029270864e-04,4.566601512029270864e-04,4.713007857339725052e-05,8.689027816016374256e-05,1.000159510514692096e+00,1.090990385622721026e-04,1.090990385622721026e-04,7.273968521036138781e-05,8.470947865790352002e-05,8.470947865790352002e-05,2.979946450310556340e-04
2.233507540204224540e-01,4.754620058977591105e-05,7.920418833517782551e-05,3.979399046973503457e-05,1.000423105359911524e+00,4.573204549466371041e-04,4.573204549466371041e-04,4.754620058977591105e-05,8.734019105951094561e-05,1.000161084786733046e+00,1.079596907085932946e-04,1.079596907085932946e-04,7.337870558299609749e-05,8.559942189609051025e-05,8.559942189609051025e-05,2.970974519748742666e-04
2.256533391134165067e-01,4.796088971632702898e-05,8.103706232256153020e-05,3.982290794050187457e-05,1.000425967063447885e+00,4.578413756606700613e-04,4.578413756606700613e-04,4.796088971632702898e-05,8.778379765682890355e-05,1.000162615670477484e+00,1.067061850333544335e-04,1.067061850333544335e-04,7.401550553686848607e-05,8.648838668598175360e-05,8.648838668598175360e-05,2.962013171514888874e-04
2.279559242064105318e-01,4.837414978211107254e-05,8.284185698524084340e-05,3.984702109316332828e-05,1.000428766127557711e+00,4.582225837804034582e-04,4.582225837804034582e-04,4.837414978211107254e-05,8.822117087527440082e-05,1.000164102614931938e+00,1.053379002793058413e-04,1.053379002793058413e-04,7.465009198948423859e-05,8.737631245414119896e-05,8.737631245414119896e-05,2.953062595648405495e-04
2.302585092994045846e-01,4.878598462383777989e-05,8.461884904776356892e-05,3.986639829053875483e-05,1.000431502238653181e+00,4.584637946467908518e-04,4.584637946467908518e-04,4.878598462383777989e-05,8.865238291437653473e-05,1.000165545089910069e+00,1.038542629892847129e-04,1.038542629892847129e-04,7.528247184597749368e-05,8.826313817308568987e-05,8.826313817308568987e-05,2.944122978835954753e-04
2.325610943923986373e-01,4.919639808545850590e-05,8.636831309200774772e-05,3.988110717083115576e-05,1.000434175101453160e+00,4.585647679157426682e-04,4.585647679157426682e-04,4.919639808545850590e-05,8.907750525628966166e-05,1.000166942585684282e+00,1.022547468905839944e-04,1.022547468905839944e-04,7.591265199873318886e-05,8.914880238650815553e-05,8.914880238650815553e-05,2.935194504454580666e-04
2.348636794853926624e-01,4.960539401776533838e-05,8.809052156741304339e-05,3.989121465423702711e-05,1.000436784438657467e+00,4.585253069648088692e-04,4.585253069648088692e-04,4.960539401776533838e-05,8.949660867200236549e-05,1.000168294612641562e+00,1.005388722767993937e-04,1.005388722767993937e-04,7.654063932701695458e-05,9.003324323419990870e-05,9.003324323419990870e-05,2.926277352614132794e-04
2.371662645783867152e-01,5.001297627799833231e-05,8.978574480127300564e-05,3.989678694950716495e-05,1.000439329990625348e+00,4.583452582973902346e-04,4.583452582973902346e-04,5.001297627799833231e-05,8.990976322750549726e-05,1.000169600700942851e+00,9.870620538736824554e-05,9.870620538736824554e-05,7.716644069661453568e-05,9.091639847667244332e-05,9.091639847667244332e-05,2.917371700199616262e-04
2.394688496713807679e-01,5.041914872945978457e-05,9.145425100913476464e-05,3.989788956045787539e-05,1.000441811515056401e+00,4.580245109446890285e-04,4.580245109446890285e-04,5.041914872945978457e-05,9.031703828991765996e-05,1.000170860400186656e+00,9.675635778501836160e-05,9.675635778501836160e-05,7.779006295947923596e-05,9.179820551947602146e-05,9.179820551947602146e-05,2.908477720912340482e-04
2.417714347643748207e-01,5.082391524113569155e-05,9.309630630526000985e-05,3.989458729243233840e-05,1.000444228786676382e+00,4.575629958656125297e-04,4.575629958656125297e-04,5.082391524113569155e-05,9.071850253356802994e-05,1.000172073279075757e+00,9.468898573134038282e-05,9.468898573134038282e-05,7.841151295338746711e-05,9.267860143721410096e-05,9.267860143721410096e-05,2.899595585310774061e-04
2.440740198573688735e-01,5.122727968732457250e-05,9.471217471313135637e-05,3.988694425871323001e-05,1.000446581596926343e+00,4.569606853448420370e-04,4.569606853448420370e-04,5.122727968732457250e-05,9.111422394603780250e-05,1.000173238925088137e+00,9.250378956069079989e-05,9.250378956069079989e-05,7.903079750160276807e-05,9.355752299725303444e-05,9.355752299725303444e-05,2.890725460851441449e-04
2.463766049503628985e-01,5.162924594727283205e-05,9.630211817605342979e-05,3.987502388688536951e-05,1.000448869753654657e+00,4.562175923892700428e-04,4.562175923892700428e-04,5.162924594727283205e-05,9.150426983415820155e-05,1.000174356944152132e+00,9.020051305263723654e-05,9.020051305263723654e-05,7.964792341254700711e-05,9.443490668312451897e-05,9.443490668312451897e-05,2.881867511928597149e-04
2.486791900433569513e-01,5.202981790481785439e-05,9.786639656779506946e-05,3.985888892515043817e-05,1.000451093080815035e+00,4.553337701230163962e-04,4.553337701230163962e-04,5.202981790481785439e-05,9.188870682996829256e-05,1.000175426960325131e+00,8.777894280314323951e-05,8.777894280314323951e-05,8.026289747948059643e-05,9.531068871762215166e-05,9.531068871762215166e-05,2.873021899913962810e-04
2.509817751363510041e-01,5.242899944803692505e-05,9.940526770330529818e-05,3.983860144859152652e-05,1.000453251418164990e+00,4.543093111812167707e-04,4.543093111812167707e-04,5.242899944803692505e-05,9.226760089662845157e-05,1.000176448615475167e+00,8.523890759470297799e-05,8.523890759470297799e-05,8.087572648018869696e-05,9.618480508558825584e-05,9.618480508558825584e-05,2.864188783195515103e-04
2.532843602293450291e-01,5.282679446890350494e-05,1.009189873494577928e-04,3.981422286538965818e-05,1.000455344620970077e+00,4.531443471027877526e-04,4.531443471027877526e-04,5.282679446890350494e-05,9.264101733429316312e-05,1.000177421568967162e+00,8.258027776561512718e-05,8.258027776561512718e-05,8.148641717667598830e-05,9.705719155639271241e-05,9.705719155639271241e-05,2.855368317216435683e-04
2.555869453223391097e-01,5.322320686295005024e-05,1.024078092358720894e-04,3.978581392299174153e-05,1.000457372559710789e+00,4.518390477223630571e-04,4.518390477223630571e-04,5.322320686295005024e-05,9.300902078594179177e-05,1.000178345497352961e+00,7.980296457859591716e-05,7.980296457859591716e-05,8.209497631486849961e-05,9.792778370610222445e-05,9.792778370610222445e-05,2.846560654513019778e-04
2.578895304153331347e-01,5.361824052893676153e-05,1.038719850657939447e-04,3.975343471422921042e-05,1.000459335119793680e+00,4.503936205615883853e-04,4.503936205615883853e-04,5.361824052893676153e-05,9.337167524316597196e-05,1.000179220094064236e+00,7.690691958892451106e-05,7.690691958892451106e-05,8.270141062432168815e-05,9.879651693933823959e-05,9.879651693933823959e-05,2.837765944751799809e-04
2.601921155083271597e-01,5.401189936852763776e-05,1.053117645269460999e-04,3.971714468338955639e-05,1.000461232201265371e+00,4.488083102199722993e-04,4.488083102199722993e-04,5.401189936852763776e-05,9.372904405191719414e-05,1.000180045069109624e+00,7.389213401230354983e-05,7.389213401230354983e-05,8.330572681793693398e-05,9.966332651082584766e-05,9.966332651082584766e-05,2.828984334767981989e-04
2.624947006013212403e-01,5.440418728597189017e-05,1.067273953025424187e-04,3.967700263223849567e-05,1.000463063718530332e+00,4.470833977654706552e-04,4.470833977654706552e-04,5.440418728597189017e-05,9.408118991821038583e-05,1.000180820148775629e+00,7.075863809262908474e-05,7.075863809262908474e-05,8.390793159168322525e-05,1.005281475466299131e-04,1.005281475466299131e-04,2.820215968600576096e-04
2.647972856943152653e-01,5.479510818779219356e-05,1.081191230822268643e-04,3.963306672599507520e-05,1.000464829600071548e+00,4.452192001249946542e-04,4.452192001249946542e-04,5.479510818779219356e-05,9.442817491378726876e-05,1.000181545075330192e+00,6.750650046984556566e-05,6.750650046984556566e-05,8.450803162432662268e-05,1.013909150650808274e-04,1.013909150650808274e-04,2.811460987529719674e-04
2.670998707873093458e-01,5.518466598247879893e-05,1.094871915730945771e-04,3.958539449925834857e-05,1.000466529788176073e+00,4.432160694750177728e-04,4.432160694750177728e-04,5.518466598247879893e-05,9.477006048173714750e-05,1.000182219606730927e+00,6.413582754806919633e-05,6.413582754806919633e-05,8.510603357716567353e-05,1.022515639973883231e-04,1.022515639973883231e-04,2.802719530112483814e-04
2.694024558803033709e-01,5.557286458018950091e-05,1.108318425107812839e-04,3.953404286188668592e-05,1.000468164238662361e+00,4.410743926324609530e-04,4.410743926324609530e-04,5.557286458018950091e-05,9.510690744207618683e-05,1.000182843516336240e+00,6.064676286415619213e-05,6.064676286415619213e-05,8.570194409377305980e-05,1.031100292079432137e-04,1.031100292079432137e-04,2.793991732217415832e-04
2.717050409732973959e-01,5.595970789245574437e-05,1.121533156705074830e-04,3.947906810482951445e-05,1.000469732920612254e+00,4.387945904460282794e-04,4.387945904460282794e-04,5.595970789245574437e-05,9.543877599728525882e-05,1.000183416592620445e+00,5.703948645688724410e-05,5.703948645688724410e-05,8.629576979974365675e-05,1.039662455143078047e-04,1.039662455143078047e-04,2.785277727060388414e-04
2.740076260662914764e-01,5.634519983189448418e-05,1.134518488782212237e-04,3.942052590591178102e-05,1.000471235816105198e+00,4.363771171881653129e-04,4.363771171881653129e-04,5.634519983189448418e-05,9.576572573780626520e-05,1.000183938638891767e+00,5.331421423694025210e-05,5.331421423694025210e-05,8.688751730244847322e-05,1.048201477068941631e-04,1.048201477068941631e-04,2.776577645238388777e-04
2.763102111592855015e-01,5.672934431192580475e-05,1.147276780217273463e-04,3.935847133557165837e-05,1.000472672919956896e+00,4.338224599478067238e-04,4.338224599478067238e-04,5.672934431192580475e-05,9.608781564749746312e-05,1.000184409473014346e+00,4.947119735781685781e-05,4.947119735781685781e-05,8.747719319079474477e-05,1.056716705683312618e-04,1.056716705683312618e-04,2.767891614763740970e-04
2.786127962522795265e-01,5.711214524649565566e-05,1.159810370618351001e-04,3.929295886255025524e-05,1.000474044239460181e+00,4.311311380240736863e-04,4.311311380240736863e-04,5.711214524649565566e-05,9.640510410904591090e-05,1.000184828927133118e+00,4.551072158789004271e-05,4.551072158789004271e-05,8.806480403499060763e-05,1.065207488925194257e-04,1.065207488925194257e-04,2.759219761097988816e-04
2.809153813452736070e-01,5.749360654980503147e-05,1.172121580435557563e-04,3.922404235953612194e-05,1.000475349794130997e+00,4.283037023210916326e-04,4.283037023210916326e-04,5.749360654980503147e-05,9.671764890934115341e-05,1.000185196847402924e+00,4.143310668372701216e-05,4.143310668372701216e-05,8.865035638631705032e-05,1.073673175033754558e-04,1.073673175033754558e-04,2.750562207184712544e-04
2.832179664382676321e-01,5.787373213604374593e-05,1.184212711072927534e-04,3.915177510876203745e-05,1.000476589615454381e+00,4.253407347440743558e-04,4.253407347440743558e-04,5.787373213604374593e-05,9.702550724480578338e-05,1.000185513093720058e+00,3.723870576485124938e-05,3.723870576485124938e-05,8.923385677690371417e-05,1.082113112732653940e-04,1.082113112732653940e-04,2.741919073482438122e-04
2.855205515312616571e-01,5.825252591913013532e-05,1.196086045000553156e-04,3.907620980755609072e-05,1.000477763746638216e+00,4.222428475968391512e-04,4.222428475968391512e-04,5.825252591913013532e-05,9.732873572668622605e-05,1.000185777539458254e+00,3.292790469009425374e-05,3.292790469009425374e-05,8.981531171951103647e-05,1.090526651411280061e-04,1.090526651411280061e-04,2.733290477996997434e-04
2.878231366242557376e-01,5.862999181245562725e-05,1.207743845866944874e-04,3.899739857384629027e-05,1.000478872242365869e+00,4.190106829808969233e-04,4.190106829808969233e-04,5.862999181245562725e-05,9.762739038630191752e-05,1.000185990071206898e+00,2.850112143568927359e-05,2.850112143568927359e-05,9.039472770731675749e-05,1.098913141302877765e-04,1.098913141302877765e-04,2.724676536313198373e-04
2.901257217172497627e-01,5.900613372863472357e-05,1.219188358611215765e-04,3.891539295161953565e-05,1.000479915168554168e+00,4.156449121962722468e-04,4.156449121962722468e-04,5.900613372863472357e-05,9.792152668025425923e-05,1.000186150588513456e+00,2.395880547525522342e-05,2.395880547525522342e-05,9.097211121370775368e-05,1.107271933659591213e-04,1.107271933659591213e-04,2.716077361626800671e-04
2.924283068102438432e-01,5.938095557925999107e-05,1.230421809575766873e-04,3.883024391633470692e-05,1.000480892602115146e+00,4.121462351441921570e-04,4.121462351441921570e-04,5.938095557925999107e-05,9.821119949559469799e-05,1.000186259003628342e+00,1.930143716181335830e-05,1.930143716181335830e-05,9.154746869207669555e-05,1.115602380924419167e-04,1.115602380924419167e-04,2.707493064775067090e-04
2.947308919032378682e-01,5.975446127466217493e-05,1.241446406618725343e-04,3.874200188029035301e-05,1.000481804630718896e+00,4.085153797317911243e-04,4.085153797317911243e-04,5.975446127466217493e-05,9.849646315495252794e-05,1.000186315241254009e+00,1.452952711198099053e-05,1.452952711198099053e-05,9.212080657562336761e-05,1.123903836900093839e-04,1.123903836900093839e-04,2.698923754267669689e-04
2.970334769962318933e-01,6.012665472367506239e-05,1.252264339226437308e-04,3.865071669794705383e-05,1.000482651352561092e+00,4.047531012789665965e-04,4.047531012789665965e-04,6.012665472367506239e-05,9.877737142162211622e-05,1.000186319238296262e+00,9.643615592478129879e-06,9.643615592478129879e-06,9.269213127716046069e-05,1.132175656914889694e-04,1.132175656914889694e-04,2.690369536317167832e-04
2.993360620892259738e-01,6.049753983340518468e-05,1.262877778626278989e-04,3.855643767120448966e-05,1.000483432876133616e+00,4.008601819275232924e-04,4.008601819275232924e-04,6.049753983340518468e-05,9.905397750460967433e-05,1.000186270943619782e+00,4.644271909084590009e-06,4.644271909084590009e-06,9.326144918892353833e-05,1.140417197985367888e-04,1.140417197985367888e-04,2.681830514868360250e-04
3.016386471822199988e-01,6.086712050900639778e-05,1.273288877898984381e-04,3.845921355463400416e-05,1.000484149319996963e+00,3.968374300527381399e-04,3.968374300527381399e-04,6.086712050900639778e-05,9.932633406364040193e-05,1.000186170317806100e+00,-4.679062018234478929e-07,-4.679062018234478929e-07,9.382876668238565186e-05,1.148627818976074232e-04,1.148627818976074232e-04,2.673306791628443754e-04
3.039412322752140794e-01,6.123540065345924055e-05,1.283499772091458650e-04,3.835909256066638302e-05,1.000484800812557307e+00,3.926856796774750398e-04,3.926856796774750398e-04,6.123540065345924055e-05,9.959449321412562357e-05,1.000186017332914901e+00,-5.692293179027451110e-06,-5.692293179027451110e-06,9.439409010807595329e-05,1.156806880756196243e-04,1.156806880756196243e-04,2.664798466095571658e-04
3.062438173682081044e-01,6.160238416735475835e-05,1.293512578329302062e-04,3.825612236473526840e-05,1.000485387491845346e+00,3.884057898889754952e-04,3.884057898889754952e-04,6.160238416735475835e-05,9.985850653209002675e-05,1.000185811972249095e+00,-1.102823623938463553e-05,-1.102823623938463553e-05,9.495742579540233344e-05,1.164953746353188086e-04,1.164953746353188086e-04,2.656305635587638807e-04
3.085464024612021294e-01,6.196807494868270417e-05,1.303329395929269936e-04,3.815035011037609398e-05,1.000485909505298032e+00,3.839986442584466999e-04,3.839986442584466999e-04,6.196807494868270417e-05,1.001184250590587981e-04,1.000185554230120788e+00,-1.647505597778849948e-05,-1.647505597778849948e-05,9.551878005247755655e-05,1.173067781103375606e-04,1.173067781103375606e-04,2.647828395270681169e-04
3.108489875541962100e-01,6.233247689262399517e-05,1.312952306511673236e-04,3.804182241428085234e-05,1.000486367009545186e+00,3.794651502635691112e-04,3.794651502635691112e-04,6.233247689262399517e-05,1.003742993069048475e-04,1.000185244111624572e+00,-2.203204696405026191e-05,-2.203204696405026191e-05,9.607815916594872883e-05,1.181148352799550263e-04,1.181148352799550263e-04,2.639366838186881859e-04
3.131515726471902350e-01,6.269559389134889528e-05,1.322383374112891111e-04,3.793058537131062586e-05,1.000486760170196554e+00,3.748062387140425541e-04,3.748062387140425541e-04,6.269559389134889528e-05,1.006261792626595211e-04,1.000184881632408596e+00,-2.769847833659555076e-05,-2.769847833659555076e-05,9.663556940083244551e-05,1.189194831835589775e-04,1.189194831835589775e-04,2.630921055281807927e-04
3.154541577401842600e-01,6.305742983381742712e-05,1.331624645297439997e-04,3.781668455946211361e-05,1.000487089161632648e+00,3.700228631802747231e-04,3.700228631802747231e-04,6.305742983381742712e-05,1.008741143932795407e-04,1.000184466818452744e+00,-3.347359439284345337e-05,-3.347359439284345337e-05,9.719101700035023611e-05,1.197206591348067792e-04,1.197206591348067792e-04,2.622491135431935538e-04
3.177567428331783406e-01,6.341798860558559795e-05,1.340678149270267412e-04,3.770016504479301272e-05,1.000487354166799570e+00,3.651159994253355711e-04,3.651159994253355711e-04,6.341798860558559795e-05,1.011181536503786107e-04,1.000183999705848370e+00,-3.935661517617888513e-05,-3.935661517617888513e-05,9.774450818576972872e-05,1.205183007354920923e-04,1.205183007354920923e-04,2.614077165471096918e-04
3.200593279261723656e-01,6.377727408861508154e-05,1.349545897988665207e-04,3.758107138630305591e-05,1.000487555377005400e+00,3.600866448402757075e-04,3.600866448402757075e-04,6.377727408861508154e-05,1.013583454749181375e-04,1.000183480340580688e+00,-4.534673705939684906e-05,-4.534673705939684906e-05,9.829604915624769830e-05,1.213123458891149641e-04,1.213123458891149641e-04,2.605679230217094805e-04
3.223619130191663906e-01,6.413529016108703354e-05,1.358229886274178743e-04,3.745944764077265671e-05,1.000487692991719690e+00,3.549358178829163570e-04,3.549358178829163570e-04,6.413529016108703354e-05,1.015947378018596903e-04,1.000182908778314061e+00,-5.144313332452243111e-05,-5.144313332452243111e-05,9.884564608867658420e-05,1.221027328141587379e-04,1.221027328141587379e-04,2.597297412497593739e-04
3.246644981121604712e-01,6.449204069722006753e-05,1.366732091924266165e-04,3.733533736755881001e-05,1.000487767218375623e+00,3.496645575202131200e-04,3.496645575202131200e-04,6.449204069722006753e-05,1.018273780647788775e-04,1.000182285084181277e+00,-5.764495473890238344e-05,-5.764495473890238344e-05,9.939330513753367774e-05,1.228894000570745397e-04,1.228894000570745397e-04,2.588931793175878538e-04
3.269670832051544962e-01,6.484752956709201213e-05,1.375054475823795036e-04,3.720878363334858673e-05,1.000487778272176609e+00,3.442739226742912205e-04,3.442739226742912205e-04,6.484752956709201213e-05,1.020563132004405989e-04,1.000181609332575272e+00,-6.395133012747114781e-05,-6.395133012747114781e-05,9.993903243473312853e-05,1.236722865049750359e-04,1.236722865049750359e-04,2.580582451176190477e-04
3.292696682981485767e-01,6.520176063646559842e-05,1.383198982056375816e-04,3.707982901687050729e-05,1.000487726375901776e+00,3.387649916722460268e-04,3.387649916722460268e-04,6.520176063646559842e-05,1.022815896533361057e-04,1.000180881606941741e+00,-7.036136694109842321e-05,-7.036136694109842321e-05,1.004828340894805259e-04,1.244513313980394949e-04,1.244513313980394949e-04,2.572249463508629241e-04
3.315722533911426018e-01,6.555473776661779298e-05,1.391167538015572534e-04,3.694851561356368534e-05,1.000487611759719231e+00,3.331388616998046310e-04,3.331388616998046310e-04,6.555473776661779298e-05,1.025032533801814783e-04,1.000180101999578630e+00,-7.687415182092128228e-05,-7.687415182092128228e-05,1.010247161881296487e-04,1.252264743416309255e-04,1.252264743416309255e-04,2.563932905293471042e-04
3.338748384841366268e-01,6.590646481417318308e-05,1.398962054515645375e-04,3.681488504020570410e-05,1.000487434660997321e+00,3.273966482589338724e-04,3.273966482589338724e-04,6.590646481417318308e-05,1.027213498543788872e-04,1.000179270611434079e+00,-8.348875115858167637e-05,-8.348875115858167637e-05,1.015646847940421287e-04,1.259976553181285175e-04,1.259976553181285175e-04,2.555632849785785424e-04
3.361774235771307073e-01,6.625694563094070943e-05,1.406584425902244464e-04,3.667897843949871021e-05,1.000487195324121670e+00,3.215394846294864699e-04,3.215394846294864699e-04,6.625694563094070943e-05,1.029359240704394196e-04,1.000178387551910353e+00,-9.020421165227119514e-05,-9.020421165227119514e-05,1.021027459474487545e-04,1.267648146984756957e-04,1.267648146984756957e-04,2.547349368399225373e-04
3.384800086701247324e-01,6.660618406375381410e-05,1.414036530162929913e-04,3.654083648461387424e-05,1.000486894000314875e+00,3.155685213349628958e-04,3.155685213349628958e-04,6.660618406375381410e-05,1.031470205483676883e-04,1.000177452938669775e+00,-9.701956085850785760e-05,-9.701956085850785760e-05,1.026389056653125226e-04,1.275278932534457121e-04,1.275278932534457121e-04,2.539082530729225447e-04
3.407825937631188129e-01,6.695418395431483041e-05,1.421320229037275804e-04,3.640049938369573578e-05,1.000486530947455099e+00,3.094849256124738816e-04,3.094849256124738816e-04,6.695418395431483041e-05,1.033546833380105662e-04,1.000176466897441108e+00,-1.039338077395683696e-04,-1.039338077395683696e-04,1.031731699411947661e-04,1.282868321646286262e-04,1.282868321646286262e-04,2.530832404576346278e-04
3.430851788561128379e-01,6.730094913904182579e-05,1.428437368126672224e-04,3.625800688432463041e-05,1.000486106429902877e+00,3.032898808869830833e-04,3.032898808869830833e-04,6.730094913904182579e-05,1.035589560233664562e-04,1.000175429561832807e+00,-1.109459432064827279e-04,-1.109459432064827279e-04,1.037055447451213909e-04,1.290415730351381529e-04,1.290415730351381529e-04,2.522599055969266700e-04
3.453877639491068630e-01,6.764648344891957825e-05,1.435389777004176626e-04,3.611339827793921819e-05,1.000485620718325475e+00,2.969845862498966924e-04,2.969845862498966924e-04,6.764648344891957825e-05,1.037598817268587964e-04,1.000174341073144957e+00,-1.180549406575385070e-04,-1.180549406575385070e-04,1.042360360234519584e-04,1.297920579000437209e-04,1.297920579000437209e-04,2.514382549186620669e-04
3.476903490421009435e-01,6.799079070935371049e-05,1.442179269323515722e-04,3.596671240421849003e-05,1.000485074089527693e+00,2.905702559420840188e-04,2.905702559420840188e-04,6.799079070935371049e-05,1.039575031135722005e-04,1.000173201580186966e+00,-1.252597565122048103e-04,-1.252597565122048103e-04,1.047646496987497981e-04,1.305382292365277392e-04,1.305382292365277392e-04,2.506182946779949823e-04
3.499929341350949685e-01,6.833387474002785981e-05,1.448807642928299610e-04,3.581798765542361786e-05,1.000484466826281116e+00,2.840481188413888393e-04,2.840481188413888393e-04,6.833387474002785981e-05,1.041518623954514777e-04,1.000172011239094827e+00,-1.325593307404170714e-04,-1.325593307404170714e-04,1.052913916696533942e-04,1.312800299737703496e-04,1.312800299737703496e-04,2.498000309594936496e-04
3.522955192280889936e-01,6.867573935476416842e-05,1.455276679960815494e-04,3.566726198069962168e-05,1.000483799217160907e+00,2.774194179547023091e-04,2.774194179547023091e-04,6.867573935476416842e-05,1.043430013354637901e-04,1.000170770213154592e+00,-1.399525873871528784e-04,-1.399525873871528784e-04,1.058162678107488290e-04,1.320174035025641589e-04,1.320174035025641589e-04,2.489834696792565718e-04
3.545981043210830741e-01,6.901638836138695857e-05,1.461588146970115866e-04,3.551457289033763934e-05,1.000483071556380388e+00,2.706854099146619483e-04,2.706854099146619483e-04,6.901638836138695857e-05,1.045309612517245979e-04,1.000169478672625178e+00,-1.474384350922364434e-04,-1.474384350922364434e-04,1.063392839724434735e-04,1.327502936846607659e-04,1.327502936846607659e-04,2.481686165871009836e-04
3.569006894140770991e-01,6.935582556158937566e-05,1.467743795020419483e-04,3.535995745999758225e-05,1.000482284143629830e+00,2.638473644810375787e-04,2.638473644810375787e-04,6.935582556158937566e-05,1.047157830215869579e-04,1.000168136794565177e+00,-1.550157676053102800e-04,-1.550157676053102800e-04,1.068604459808403690e-04,1.334786448618513347e-04,1.334786448618513347e-04,2.473554772685389183e-04
3.592032745070711242e-01,6.969405475080305359e-05,1.473745359798546580e-04,3.520345233489152953e-05,1.000481437283920361e+00,2.569065640468606469e-04,2.569065640468606469e-04,6.969405475080305359e-05,1.048975070856945831e-04,1.000166744762663207e+00,-1.626834642959176856e-04,-1.626834642959176856e-04,1.073797596376134896e-04,1.342024018647831093e-04,1.342024018647831093e-04,2.465440571468919986e-04
3.615058596000652047e-01,7.003107971807080235e-05,1.479594561721356261e-04,3.504509373392798233e-05,1.000480531287424091e+00,2.498643031493569949e-04,2.498643031493569949e-04,7.003107971807080235e-05,1.050761734519987847e-04,1.000165302767068054e+00,-1.704403906586381709e-04,-1.704403906586381709e-04,1.078972307198834116e-04,1.349215100215144197e-04,1.349215100215144197e-04,2.457343614852742250e-04
3.638084446930592297e-01,7.036690424592199249e-05,1.485293106042848599e-04,3.488491745381743934e-05,1.000479566469323345e+00,2.427218879857337408e-04,2.427218879857337408e-04,7.036690424592199249e-05,1.052518216997394318e-04,1.000163811004224135e+00,-1.782853988132239865e-04,-1.782853988132239865e-04,1.084128649800934020e-04,1.356359151658097228e-04,1.356359151658097228e-04,2.449263953885335654e-04
3.661110297860533103e-01,7.070153211025111096e-05,1.490842682960699694e-04,3.472295887313925269e-05,1.000478543149657895e+00,2.354806359338710892e-04,2.354806359338710892e-04,7.070153211025111096e-05,1.054244909833903636e-04,1.000162269676707627e+00,-1.862173279996903654e-04,-1.862173279996903654e-04,1.089266681458861050e-04,1.363455636451782027e-04,1.363455636451782027e-04,2.441201638052180203e-04
3.684136148790473353e-01,7.103496708019849885e-05,1.496244967722511318e-04,3.455925295636998109e-05,1.000477461653175526e+00,2.281418750779705179e-04,2.281418750779705179e-04,7.103496708019849885e-05,1.055942200365684799e-04,1.000160678993065710e+00,-1.942350050683034019e-04,-1.942350050683034019e-04,1.094386459199796305e-04,1.370504023286559837e-04,1.370504023286559837e-04,2.433156715294757411e-04
3.707161999720413603e-01,7.136721291803443663e-05,1.501501620731658323e-04,3.439383425787372820e-05,1.000476322309185262e+00,2.207069437391995920e-04,2.207069437391995920e-04,7.136721291803443663e-05,1.057610471759081648e-04,1.000159039167657582e+00,-2.023372449644330673e-04,-2.023372449644330673e-04,1.099488039800444028e-04,1.377503786143370807e-04,1.377503786143370807e-04,2.425129232029355516e-04
3.730187850650354409e-01,7.169827337904543846e-05,1.506614287652927335e-04,3.422673692585441192e-05,1.000475125451413927e+00,2.131771900113843619e-04,2.131771900113843619e-04,7.169827337904543846e-05,1.059250103048998504e-04,1.000157350420499247e+00,-2.105228512082150396e-04,-2.105228512082150396e-04,1.104571479785792631e-04,1.384454404366527319e-04,1.384454404366527319e-04,2.417119233164946623e-04
3.753213701580294659e-01,7.202815221142318920e-05,1.511584599517382414e-04,3.405799470627008654e-05,1.000473871417862259e+00,2.055539713017831734e-04,2.055539713017831734e-04,7.202815221142318920e-05,1.060861469176932757e-04,1.000155612977109199e+00,-2.187906163689899296e-04,-2.187906163689899296e-04,1.109636835427873147e-04,1.391355362734029652e-04,1.391355362734029652e-04,2.409126762121807869e-04
3.776239552510235464e-01,7.235685315615621909e-05,1.516414172827118773e-04,3.388764094670995491e-05,1.000472560550666135e+00,1.978386538769837935e-04,1.978386538769837935e-04,7.235685315615621909e-05,1.062444941028661740e-04,1.000153827068357426e+00,-2.271393225344809025e-04,-2.271393225344809025e-04,1.114684162744513757e-04,1.398206151525425924e-04,1.398206151525425924e-04,2.401151860848989013e-04
3.799265403440175715e-01,7.268437994692393653e-05,1.521104609659604766e-04,3.371570860023393487e-05,1.000471193195956898e+00,1.900326124139624774e-04,1.900326124139624774e-04,7.268437994692393653e-05,1.064000885471578714e-04,1.000151992930315314e+00,-2.355677417746690082e-04,-2.355677417746690082e-04,1.119713517498087261e-04,1.405006266587233122e-04,1.405006266587233122e-04,2.393194569841422493e-04
3.822291254370115965e-01,7.301073630999292414e-05,1.525657497771340293e-04,3.354223022917479364e-05,1.000469769703727696e+00,1.821372295563318912e-04,1.821372295563318912e-04,7.301073630999292414e-05,1.065529665391677178e-04,1.000150110804110204e+00,-2.440746366003389799e-04,-2.440746366003389799e-04,1.124724955194247308e-04,1.411755209395950392e-04,1.411755209395950392e-04,2.385254928157425167e-04
3.845317105300056770e-01,7.333592596411567428e-05,1.530074410701450145e-04,3.336723800890355489e-05,1.000468290427698470e+00,1.741538954758165155e-04,1.741538954758165155e-04,7.333592596411567428e-05,1.067031639730192292e-04,1.000148180935779507e+00,-2.526587604162604012e-04,-2.526587604162604012e-04,1.129718531080656354e-04,1.418452487118681117e-04,1.418452487118681117e-04,2.377332973434858612e-04
3.868342956229997021e-01,7.365995262043177757e-05,1.534356907874476401e-04,3.319076373155801574e-05,1.000466755725185397e+00,1.660840074389826888e-04,1.660840074389826888e-04,7.365995262043177757e-05,1.068507163519897933e-04,1.000146203576129489e+00,-2.613188579689764844e-04,-2.613188579689764844e-04,1.134694300145700207e-04,1.425097612671397129e-04,1.425097612671397129e-04,2.369428741907993077e-04
3.891368807159937271e-01,7.398281998237132048e-05,1.538506534703118511e-04,3.301283880973486181e-05,1.000465165956970548e+00,1.579289693792465207e-04,1.579289693792465207e-04,7.398281998237132048e-05,1.069956587921061823e-04,1.000144178980594267e+00,-2.700536657891782085e-04,-2.700536657891782085e-04,1.139652317117193620e-04,1.431690104774862400e-04,1.431690104774862400e-04,2.361542268422940562e-04
3.914394658089878076e-01,7.430453174555997698e-05,1.542524822690091648e-04,3.283349428014478374e-05,1.000463521487175544e+00,1.496901914741899224e-04,1.496901914741899224e-04,7.430453174555997698e-05,1.071380260257047607e-04,1.000142107409098369e+00,-2.788619126286291205e-04,-2.788619126286291205e-04,1.144592636461058384e-04,1.438229488008236267e-04,1.438229488008236267e-04,2.353673586453934922e-04
3.937420509019818327e-01,7.462509159772729860e-05,1.546413289529895618e-04,3.265276080723234365e-05,1.000461822683135882e+00,1.413690897282065487e-04,1.413690897282065487e-04,7.462509159772729860e-05,1.072778524049596422e-04,1.000139989125921058e+00,-2.877423198916320203e-04,-2.877423198916320203e-04,1.149515312380001275e-04,1.444715292860399838e-04,1.444715292860399838e-04,2.345822728118372735e-04
3.960446359949758577e-01,7.494450321861580405e-05,1.550173439210066604e-04,3.247066868675873479e-05,1.000460069915278360e+00,1.329670855604920166e-04,1.329670855604920166e-04,7.494450321861580405e-05,1.074151719053745388e-04,1.000137824399562225e+00,-2.966936020610061388e-04,-2.966936020610061388e-04,1.154420398812153924e-04,1.451147055779000413e-04,1.451147055779000413e-04,2.337989724191497738e-04
3.983472210879699382e-01,7.526277027989313178e-05,1.553806762111668881e-04,3.228724784934942655e-05,1.000458263556999183e+00,1.244856053984073202e-04,1.244856053984073202e-04,7.526277027989313178e-05,1.075500181292425583e-04,1.000135613502611376e+00,-3.057144671185629131e-04,-3.057144671185629131e-04,1.159307949429706449e-04,1.457524319217267338e-04,1.457524319217267338e-04,2.330174604121793783e-04
4.006498061809639633e-01,7.557989644506552061e-05,1.557314735109655891e-04,3.210252786400580045e-05,1.000456403984544718e+00,1.159260802762235223e-04,1.159260802762235223e-04,7.557989644506552061e-05,1.076824243090713211e-04,1.000133356711617516e+00,-3.148036169600617619e-04,-3.148036169600617619e-04,1.164178017637507889e-04,1.463846631678604698e-04,1.463846631678604698e-04,2.322377396044935001e-04
4.029523912739580438e-01,7.589588536939355368e-05,1.560698821672884637e-04,3.191653794158131913e-05,1.000454491576895810e+00,1.072899454392627896e-04,1.072899454392627896e-04,7.589588536939355368e-05,1.078124233109748728e-04,1.000131054306962808e+00,-3.239597478046367016e-04,-3.239597478046367016e-04,1.169030656571647250e-04,1.470113547758996090e-04,1.470113547758996090e-04,2.314598126797052906e-04
4.052549763669520688e-01,7.621074069980939317e-05,1.563960471962966465e-04,3.172930693822218775e-05,1.000452526715650547e+00,9.857863995345626578e-05,9.857863995345626578e-05,7.621074069980939317e-05,1.079400476380315809e-04,1.000128706572736448e+00,-3.331815505986700579e-04,-3.331815505986700579e-04,1.173865919098001493e-04,1.476324628187236383e-04,1.476324628187236383e-04,2.306836821929698119e-04
4.075575614599460939e-01,7.652446607483641384e-05,1.567101122933434155e-04,3.154086335877323956e-05,1.000450509784912567e+00,8.979360632031569041e-05,8.979360632031569041e-05,7.652446607483641384e-05,1.080653294336096534e-04,1.000126313796611655e+00,-3.424677114141229232e-04,-3.424677114141229232e-04,1.178683857810761961e-04,1.482479439863030311e-04,1.482479439863030311e-04,2.299093505722103509e-04
4.098601465529401744e-01,7.683706512451001554e-05,1.570122198427955187e-04,3.135123536014832748e-05,1.000448441171178482e+00,8.093629009734055763e-05,8.093629009734055763e-05,7.683706512451001554e-05,1.081883004846583430e-04,1.000123876269724432e+00,-3.518169118412928145e-04,-3.518169118412928145e-04,1.183484525030921924e-04,1.488577555892965762e-04,1.488577555892965762e-04,2.291368201194450213e-04
4.121627316459341994e-01,7.714854147030030614e-05,1.573025109278166083e-04,3.116045075466611597e-05,1.000446321263229077e+00,7.200813952386005481e-05,7.200813952386005481e-05,7.714854147030030614e-05,1.083089922249664221e-04,1.000121394286554111e+00,-3.612278293760056336e-04,-3.612278293760056336e-04,1.188267972804733346e-04,1.494618555624397261e-04,1.494618555624397261e-04,2.283660930120484233e-04
4.144653167389282800e-01,7.745889872503660030e-05,1.575811253401001775e-04,3.096853701335097525e-05,1.000444150452021397e+00,6.301060515231363037e-05,6.301060515231363037e-05,7.745889872503660030e-05,1.084274357383875755e-04,1.000118868144806328e+00,-3.706991378012366718e-04,-3.706991378012366718e-04,1.193034252902127885e-04,1.500602024677262156e-04,1.500602024677262156e-04,2.275971713039801796e-04
4.167679018319223050e-01,7.776814049283321947e-05,1.578482015895702156e-04,3.077552126919935716e-05,1.000441929130583718e+00,5.394513948498049069e-05,5.394513948498049069e-05,7.776814049283321947e-05,1.085436617620325766e-04,1.000116298145297566e+00,-3.802295075631498158e-04,-3.802295075631498158e-04,1.197783416815097906e-04,1.506527554973852807e-04,1.506527554973852807e-04,2.268300569269231855e-04
4.190704869249163300e-01,7.807627036901701293e-05,1.581038769140022285e-04,3.058143032041176119e-05,1.000439657693909190e+00,4.481319661614956932e-05,4.481319661614956932e-05,7.807627036901701293e-05,1.086577006894287741e-04,1.000113684591840801e+00,-3.898176061415655272e-04,-3.898176061415655272e-04,1.202515515756038194e-04,1.512394744766570810e-04,1.512394744766570810e-04,2.260647516914782911e-04
4.213730720179104106e-01,7.838329194005657296e-05,1.583482872886134130e-04,3.038629063359048036e-05,1.000437336538856359e+00,3.561623187973728686e-05,3.561623187973728686e-05,7.838329194005657296e-05,1.087695825736470533e-04,1.000111027791135365e+00,-3.994620984148509264e-04,-3.994620984148509264e-04,1.207230600656047009e-04,1.518203198663691162e-04,1.518203198663691162e-04,2.253012572882622997e-04
4.236756571109044356e-01,7.868920878349199206e-05,1.585815674355905449e-04,3.019012834690266620e-05,1.000434966064047249e+00,2.635570150234871041e-05,2.635570150234871041e-05,7.868920878349199206e-05,1.088793371303946583e-04,1.000108328052656148e+00,-4.091616470192299226e-04,-4.091616470192299226e-04,1.211928722163171305e-04,1.523952527653147488e-04,1.523952527653147488e-04,2.245395752889991635e-04
4.259782422038984606e-01,7.899402446786727653e-05,1.588038508335839572e-04,2.999296927321010869e-05,1.000432546669768996e+00,1.703306226177278863e-05,1.703306226177278863e-05,7.899402446786727653e-05,1.089869937410773852e-04,1.000105585688545684e+00,-4.189149127025367523e-04,-4.189149127025367523e-04,1.216609930640619153e-04,1.529642349124387389e-04,1.529642349124387389e-04,2.237797071475298093e-04
4.282808272968925412e-01,7.929774255266281422e-05,1.590152697271437045e-04,2.979483890316436245e-05,1.000430078757876151e+00,7.649771150916486861e-06,7.649771150916486861e-06,7.929774255266281422e-05,1.090925814558271767e-04,1.000102801013508680e+00,-4.287205546723922198e-04,-4.287205546723922198e-04,1.221274276164905617e-04,1.535272286888296825e-04,1.535272286888296825e-04,2.230216542007935042e-04
4.305834123898865662e-01,7.960036658823028174e-05,1.592159551360744659e-04,2.959576240826869626e-05,1.000427562731697195e+00,-1.792714952839199408e-06,-1.792714952839199408e-06,7.960036658823028174e-05,1.091961289964989780e-04,1.000099974344707654e+00,-4.385772309388351114e-04,-4.385772309388351114e-04,1.225921808523960281e-04,1.540841971195238531e-04,1.540841971195238531e-04,2.222654176698754113e-04
4.328859974828805912e-01,7.990190011572748390e-05,1.594060368647957058e-04,2.939576464390548374e-05,1.000424998995938619e+00,-1.129293961286487657e-05,-1.129293961286487657e-05,7.990190011572748390e-05,1.092976647596329676e-04,1.000097106001659686e+00,-4.484835986513967471e-04,-4.484835986513967471e-04,1.230552577215161727e-04,1.546351038751209606e-04,1.546351038751209606e-04,2.215109986608218020e-04
4.351885825758746718e-01,8.020234666705553775e-05,1.595856435116016286e-04,2.919487015233094586e-05,1.000422387956594550e+00,-2.084944715310163132e-05,-2.084944715310163132e-05,8.020234666705553775e-05,1.093972168193864836e-04,1.000094196306136496e+00,-4.584383144306475658e-04,-4.584383144306475658e-04,1.235166631443328775e-04,1.551799132732164914e-04,1.551799132732164914e-04,2.207583981655779988e-04
4.374911676688686968e-01,8.050170976479617861e-05,1.597549024778909096e-04,2.899310316563555149e-05,1.000419730020856601e+00,-3.046078297248340115e-05,-3.046078297248340115e-05,8.050170976479617861e-05,1.094948129304317301e-04,1.000091245582065413e+00,-4.684400346942103215e-04,-4.684400346942103215e-04,1.239764020118637195e-04,1.557185902796507358e-04,1.557185902796507358e-04,2.200076170628110410e-04
4.397937527618627773e-01,8.079999292215086853e-05,1.599139399773216448e-04,2.879048760867147165e-05,1.000417025597023946e+00,-4.012549385398023844e-05,-4.012549385398023844e-05,8.079999292215086853e-05,1.095904805308223402e-04,1.000088254155431455e+00,-4.784874159772695991e-04,-4.784874159772695991e-04,1.244344791854479215e-04,1.562511005095791399e-04,1.562511005095791399e-04,2.192586561187631416e-04
4.420963378548568024e-01,8.109719964288031140e-05,1.600628810449677899e-04,2.858704710194646416e-05,1.000414275094416938e+00,-4.984212826827125013e-05,-4.984212826827125013e-05,8.109719964288031140e-05,1.096842467448267756e-04,1.000085222354182513e+00,-4.885791152475783524e-04,-4.885791152475783524e-04,1.248908994965250126e-04,1.567774102283642787e-04,1.567774102283642787e-04,2.185115159878883305e-04
4.443989229478508274e-01,8.139333342124503864e-05,1.602018495463393432e-04,2.838280496448450049e-05,1.000411478923292075e+00,-5.960923667206949328e-05,-5.960923667206949328e-05,8.139333342124503864e-05,1.097761383857295391e-04,1.000082150508134982e+00,-4.987137902149876498e-04,-4.987137902149876498e-04,1.253456677464063053e-04,1.572974863522935707e-04,1.572974863522935707e-04,2.177661972137144499e-04
4.467015080408449079e-01,8.168839774194687584e-05,1.603309681864382530e-04,2.817778421665302613e-05,1.000408637494757169e+00,-6.942537180110934340e-05,-6.942537180110934340e-05,8.168839774194687584e-05,1.098661819585999020e-04,1.000079038948881394e+00,-5.088900996355089513e-04,-5.088900996355089513e-04,1.257987887060390815e-04,1.578112964491238453e-04,1.578112964491238453e-04,2.170227002293724343e-04
4.490040931338389329e-01,8.198239608007135810e-05,1.604503585186760881e-04,2.797200758295750531e-05,1.000405751220689421e+00,-7.928908895782447053e-05,-7.928908895782447053e-05,8.198239608007135810e-05,1.099544036630288634e-04,1.000075888009700265e+00,-5.191067036099399241e-04,-5.191067036099399241e-04,1.262502671157628641e-04,1.583188087384562878e-04,1.583188087384562878e-04,2.162810253583647118e-04
4.513066782268330135e-01,8.227533190103094489e-05,1.605601409538241005e-04,2.776549749480266703e-05,1.000402820513654589e+00,-8.919894629372303665e-05,-8.919894629372303665e-05,8.227533190103094489e-05,1.100408293958336119e-04,1.000072698025467055e+00,-5.293622638770574844e-04,-5.293622638770574844e-04,1.267001076850579632e-04,1.588199920919432229e-04,1.588199920919432229e-04,2.155411728149989395e-04
4.536092633198270385e-01,8.256720866050786911e-05,1.606604347688265957e-04,2.755827609321986991e-05,1.000399845786827280e+00,-9.915350508649952528e-05,-9.915350508649952528e-05,8.256720866050786911e-05,1.101254847537277390e-04,1.000069469332566019e+00,-5.396554441014104813e-04,-5.396554441014104813e-04,1.271483150922836413e-04,1.593148160333284478e-04,1.593148160333284478e-04,2.148031427050461678e-04
4.559118484128210635e-01,8.285802980439916797e-05,1.607513581156203215e-04,2.735036523156284883e-05,1.000396827453913451e+00,-1.091513300118832032e-04,-1.091513300118832032e-04,8.285802980439916797e-05,1.102083950359620168e-04,1.000066202268805604e+00,-5.499849101557312703e-04,-5.499849101557312703e-04,1.275948939844098544e-04,1.598032507383258011e-04,1.598032507383258011e-04,2.140669350261653332e-04
4.582144335058151441e-01,8.314779876876111767e-05,1.608330280298785856e-04,2.714178647816930937e-05,1.000393765929073808e+00,-1.191909894102744969e-04,-1.191909894102744969e-04,8.314779876876111767e-05,1.102895852469304270e-04,1.000062897173332965e+00,-5.603493303979962051e-04,-5.603493303979962051e-04,1.280398489767376369e-04,1.602852670343356983e-04,1.602852670343356983e-04,2.133325496683379147e-04
4.605170185988091691e-01,8.343651897975464383e-05,1.609055604396841409e-04,2.693256111899022646e-05,1.000390661626848310e+00,-1.292710555481622913e-04,-1.292710555481622913e-04,8.343651897975464383e-05,1.103690800987448703e-04,1.000059554386552030e+00,-5.707473759431417725e-04,-5.707473759431417725e-04,1.284831846526108927e-04,1.607608364000031567e-04,1.607608364000031567e-04,2.125999864143186639e-04
4.628196036918031941e-01,8.372419385359088095e-05,1.609690701741868383e-04,2.672271016018560057e-05,1.000387514962083113e+00,-1.393901048743802088e-04,-1.393901048743802088e-04,8.372419385359088095e-05,1.104469040137764815e-04,1.000056174250041785e+00,-5.811777209294861348e-04,-5.811777209294861348e-04,1.289249055631172644e-04,1.612299309646194516e-04,1.612299309646194516e-04,2.118692449398990659e-04
4.651221887847972747e-01,8.401082679647726048e-05,1.610236709721793674e-04,2.651225433068764715e-05,1.000384326349858632e+00,-1.495467182712044711e-04,-1.495467182712044711e-04,8.401082679647726048e-05,1.105230811271649076e-04,1.000052757106477230e+00,-5.916390427798641017e-04,-5.916390427798641017e-04,1.293650162267788917e-04,1.616925235073693814e-04,1.616925235073693814e-04,2.111403248142129489e-04
4.674247738777912997e-01,8.429642120456365309e-05,1.610694754906178664e-04,2.630121408473075535e-05,1.000381096205418263e+00,-1.597394813003333519e-04,-1.597394813003333519e-04,8.429642120456365309e-05,1.105976352892944084e-04,1.000049303299550330e+00,-6.021300224575109857e-04,-6.021300224575109857e-04,1.298035211292316768e-04,1.621485874564264199e-04,1.621485874564264199e-04,2.104132254999914616e-04
4.697273589707853247e-01,8.458098046388906653e-05,1.611065953130904076e-04,2.608960960434850043e-05,1.000377824944098215e+00,-1.699669844437776004e-04,-1.699669844437776004e-04,8.458098046388906653e-05,1.106705900682375670e-04,1.000045813173893405e+00,-6.126493447167278682e-04,-6.126493447167278682e-04,1.302404247228935194e-04,1.625980968878981399e-04,1.625980968878981399e-04,2.096879463537545431e-04
4.720299440637794053e-01,8.486450795032808613e-05,1.611351409582609002e-04,2.587746080183756100e-05,1.000374512981260899e+00,-1.802278233396875868e-04,-1.802278233396875868e-04,8.486450795032808613e-05,1.107419687521656471e-04,1.000042287075004310e+00,-6.231956983483501753e-04,-6.231956983483501753e-04,1.306757314266200815e-04,1.630410265246237515e-04,1.630410265246237515e-04,2.089644866258434219e-04
4.743325291567734303e-01,8.514700702953739643e-05,1.611552218881959794e-04,2.566478732218852737e-05,1.000371160732227205e+00,-1.905205990131496959e-04,-1.905205990131496959e-04,8.514700702953739643e-05,1.108117943517259238e-04,1.000038725349172042e+00,-6.337677764200533911e-04,-6.337677764200533911e-04,1.311094456253480316e-04,1.634773517348257885e-04,1.634773517348257885e-04,2.082428454606046321e-04
4.766351142497675109e-01,8.542848105690269600e-05,1.611669465166999464e-04,2.545160854548353337e-05,1.000367768612211217e+00,-2.008439181019899150e-04,-2.008439181019899150e-04,8.542848105690269600e-05,1.108800896023862294e-04,1.000035128343404134e+00,-6.443642765115348324e-04,-6.443642765115348324e-04,1.315415716697258732e-04,1.639070485306186797e-04,1.639070485306186797e-04,2.075230218963050664e-04
4.789376993427615359e-01,8.570893337748483967e-05,1.611704222175685012e-04,2.523794358926073861e-05,1.000364337036256046e+00,-2.111963930776066260e-04,-2.111963930776066260e-04,8.570893337748483967e-05,1.109468769667455783e-04,1.000031496405355824e+00,-6.549839009445889391e-04,-6.549839009445889391e-04,1.319721138757301647e-04,1.643300935663754528e-04,1.643300935663754528e-04,2.068050148650679265e-04
4.812402844357555609e-01,8.598836732596661775e-05,1.611657553327681806e-04,2.502381131084558004e-05,1.000360866419170103e+00,-2.215766424608783553e-04,-2.215766424608783553e-04,8.598836732596661775e-05,1.110121786368121978e-04,1.000027829883259667e+00,-6.656253570081271465e-04,-6.656253570081271465e-04,1.324010765242690805e-04,1.647464641369553889e-04,1.647464641369553889e-04,2.060888231928215760e-04
4.835428695287496415e-01,8.626678622659813937e-05,1.611530511806024606e-04,2.480923030964812858e-05,1.000357357175467143e+00,-2.319832910331760248e-04,-2.319832910331760248e-04,8.626678622659813937e-05,1.110760165362462679e-04,1.000024129125858474e+00,-6.762873571781610966e-04,-6.762873571781610966e-04,1.328284638607693307e-04,1.651561381757934955e-04,1.651561381757934955e-04,2.053744455990240989e-04
4.858454546217436665e-01,8.654419339314346261e-05,1.611324140637899571e-04,2.459421892942796031e-05,1.000353809719304099e+00,-2.424149700425119605e-04,-2.424149700425119605e-04,8.654419339314346261e-05,1.111384123225714229e-04,1.000020394482336483e+00,-6.869686193327976522e-04,-6.869686193327976522e-04,1.332542800947502043e-04,1.655590942528557558e-04,1.655590942528557558e-04,2.046618806964552683e-04
4.881480397147377470e-01,8.682059212882477163e-05,1.611039472774907476e-04,2.437879526052407582e-05,1.000350224464422677e+00,-2.528703174048707071e-04,-2.528703174048707071e-04,8.682059212882477163e-05,1.111993873893488474e-04,1.000016626302254741e+00,-6.976678669622660969e-04,-6.976678669622660969e-04,1.336785293993792366e-04,1.659553115724592858e-04,1.659553115724592858e-04,2.039511269909028595e-04
4.904506248077317720e-01,8.709598572626790910e-05,1.610677531173129327e-04,2.416297714205238817e-05,1.000346601824090742e+00,-2.633479779007517332e-04,-2.633479779007517332e-04,8.709598572626790910e-05,1.112589628683202973e-04,1.000012824935485822e+00,-7.083838293740329223e-04,-7.083838293740329223e-04,1.341012159110134560e-04,1.663447699709622518e-04,1.663447699709622518e-04,2.032421828806746237e-04
4.927532099007257971e-01,8.737037746744605185e-05,1.610239328872098571e-04,2.394678216406851659e-05,1.000342942211046360e+00,-2.738466033669656637e-04,-2.738466033669656637e-04,8.737037746744605185e-05,1.113171596315145684e-04,1.000008990732151881e+00,-7.191152418930239374e-04,-7.191152418930239374e-04,1.345223437287221182e-04,1.667274499143232770e-04,1.667274499143232770e-04,2.025350466562119865e-04
4.950557949937198776e-01,8.764377062362318333e-05,1.609725869073591414e-04,2.373022766969682068e-05,1.000339246037440954e+00,-2.843648528837238810e-04,-2.843648528837238810e-04,8.764377062362318333e-05,1.113739982933200040e-04,1.000005124042560922e+00,-7.298608460570038970e-04,-7.298608460570038970e-04,1.349419169137923912e-04,1.671033324955333195e-04,1.671033324955333195e-04,2.018297164995030068e-04
4.973583800867139026e-01,8.791616845529669861e-05,1.609138145219773681e-04,2.351333075722532296e-05,1.000335513714785129e+00,-2.949013929570553781e-04,-2.949013929570553781e-04,8.791616845529669861e-05,1.114294992125220216e-04,1.000001225217147516e+00,-7.406193898071434644e-04,-7.406193898071434644e-04,1.353599394892160131e-04,1.674723994319213206e-04,1.674723994319213206e-04,2.011261904834474952e-04
4.996609651797079277e-01,8.818757421213880329e-05,1.608477141070989609e-04,2.329610828216609956e-05,1.000331745653895377e+00,-3.054548976966005194e-04,-3.054548976966005194e-04,8.818757421213880329e-05,1.114836824943049029e-04,9.999972946064124013e-01,-7.513896276738201308e-04,-7.513896276738201308e-04,1.357764154391569481e-04,1.678346330623355510e-04,1.678346330623355510e-04,2.004244665710636216e-04
5.019635502727020082e-01,8.845799113293722116e-05,1.607743830782359918e-04,2.307857685928119335e-05,1.000327942264841674e+00,-3.160240489888130420e-04,-3.160240489888130420e-04,8.845799113293722116e-05,1.115365679922184145e-04,9.999933325608650891e-01,-7.621703209576867000e-04,-7.621703209576867000e-04,1.361913487083990135e-04,1.681900163442025492e-04,1.681900163442025492e-04,1.997245426148479112e-04
5.042661353656960888e-01,8.872742244553468219e-05,1.606939178980771005e-04,2.286075286457396800e-05,1.000324103956896193e+00,-3.266075366656177328e-04,-3.266075366656177328e-04,8.872742244553468219e-05,1.115881753101086502e-04,9.999893394309657957e-01,-7.729602379060523335e-04,-7.729602379060523335e-04,1.366047432017728511e-04,1.685385328504653078e-04,1.685385328504653078e-04,1.990264163557008267e-04
5.065687204586900583e-01,8.899587136676693328e-05,1.606064140840601318e-04,2.264265243724509005e-05,1.000320231138482008e+00,-3.372040586685643836e-04,-3.372040586685643836e-04,8.899587136676693328e-05,1.116385238040120233e-04,9.999853155670700433e-01,-7.837581538846124770e-04,-7.837581538846124770e-04,1.370166027835611610e-04,1.688801667664019803e-04,1.688801667664019803e-04,1.983300854220166351e-04
5.088713055516841388e-01,8.926334110239959700e-05,1.605119662159051994e-04,2.242429148161355899e-05,1.000316324217126018e+00,-3.478123212085218810e-04,-3.478123212085218810e-04,8.926334110239959700e-05,1.116876325840131560e-04,9.999812613193739264e-01,-7.945628515445745050e-04,-7.945628515445745050e-04,1.374269312768816012e-04,1.692149028863274127e-04,1.692149028863274127e-04,1.976355473286254161e-04
5.111738906446782194e-01,8.952983484706343120e-05,1.604106679431248187e-04,2.220568566900227032e-05,1.000312383599408550e+00,-3.584310389209511899e-04,-3.584310389209511899e-04,8.952983484706343120e-05,1.117355205160657015e-04,9.999771770378603764e-01,-8.053731209852139960e-04,-8.053731209852139960e-04,1.378357324630467829e-04,1.695427266101786116e-04,1.695427266101786116e-04,1.969427994755138661e-04
5.134764757376721889e-01,8.979535578418770478e-05,1.603026119924254843e-04,2.198685043958774582e-05,1.000308409690918054e+00,-3.690589350168064554e-04,-3.690589350168064554e-04,8.979535578418770478e-05,1.117822062237754506e-04,9.999730630722467595e-01,-8.161877599119082578e-04,-8.161877599119082578e-04,1.382430100808994646e-04,1.698636239399857473e-04,1.698636239399857473e-04,1.962518391466410242e-04
5.157790608306662694e-01,9.005990708593292291e-05,1.601878901751214166e-04,2.176780100421430190e-05,1.000304402896203593e+00,-3.796947414291054756e-04,-3.796947414291054756e-04,9.005990708593292291e-05,1.118277080901472248e-04,9.999689197719332512e-01,-8.270055737896943749e-04,-8.270055737896943749e-04,1.386487678261243822e-04,1.701775814762312132e-04,1.701775814762312132e-04,1.955626635084073786e-04
5.180816459236603500e-01,9.032349191311944594e-05,1.600665933944289937e-04,2.154855234617094857e-05,1.000300363618730426e+00,-3.903371989552176301e-04,-3.903371989552176301e-04,9.032349191311944594e-05,1.118720442592903945e-04,9.999647474859525431e-01,-8.378253759923792081e-04,-8.378253759923792081e-04,1.390530093505316456e-04,1.704845864140956300e-04,1.704845864140956300e-04,1.948752696082291680e-04
5.203842310166543195e-01,9.058611341515647409e-05,1.599388116527417471e-04,2.132911922293299759e-05,1.000296292260835607e+00,-4.009850573949060178e-04,-4.009850573949060178e-04,9.058611341515647409e-05,1.119152326380894717e-04,9.999605465629213263e-01,-8.486459879472639046e-04,-8.486459879472639046e-04,1.394557382613160112e-04,1.707846265395960802e-04,1.707846265395960802e-04,1.941896543728924003e-04
5.226868161096484000e-01,9.084777472996740017e-05,1.598046340588657856e-04,2.110951616786585906e-05,1.000292189223684680e+00,-4.116370756841817571e-04,-4.116370756841817571e-04,9.084777472996740017e-05,1.119572908978332592e-04,9.999563173509911085e-01,-8.594662392755147940e-04,-8.594662392755147940e-04,1.398569581202867198e-04,1.710776902256146213e-04,1.710776902256146213e-04,1.935058146067095185e-04
5.249894012026424805e-01,9.110847898391283121e-05,1.596641488351386662e-04,2.088975749189192098e-05,1.000288054907229052e+00,-4.222920220250055731e-04,-4.222920220250055731e-04,9.110847898391283121e-05,1.119982364758047522e-04,9.999520601978016954e-01,-8.702849679282245818e-04,-8.702849679282245818e-04,1.402566724430688453e-04,1.713637664278200594e-04,1.713637664278200594e-04,1.928237469897916439e-04
5.272919862956364501e-01,9.136822929171178052e-05,1.595174433245952661e-04,2.066985728512011863e-05,1.000283889710165797e+00,-4.329486740108865481e-04,-4.329486740108865481e-04,9.136822929171178052e-05,1.120380865768318991e-04,9.999477754504352278e-01,-8.811010203182141447e-04,-8.811010203182141447e-04,1.406548846982753713e-04,1.716428446804845549e-04,1.716428446804845549e-04,1.921434480758064728e-04
5.295945713886305306e-01,9.162702875635978330e-05,1.593646039979592331e-04,2.044982941843732655e-05,1.000279694029895028e+00,-4.436058187484295335e-04,-4.436058187484295335e-04,9.162702875635978330e-05,1.120768581747971099e-04,9.999434634553706625e-01,-8.919132514476179729e-04,-8.919132514476179729e-04,1.410515983066482320e-04,1.719149150921956846e-04,1.719149150921956846e-04,1.914649142900556335e-04
5.318971564816246111e-01,9.188488046904415274e-05,1.592057164607065087e-04,2.022968754506187117e-05,1.000275468262482592e+00,-4.542622529748680861e-04,-4.542622529748680861e-04,9.188488046904415274e-05,1.121145680141060239e-04,9.999391245584402510e-01,-9.027205250312921817e-04,-9.027205250312921817e-04,1.414468166401672874e-04,1.721799683414656395e-04,1.721799683414656395e-04,1.907881419269284653e-04
5.341997415746186917e-01,9.214178750905553618e-05,1.590408654599507977e-04,2.000944510205774111e-05,1.000271212802619214e+00,-4.649167831716416390e-04,-4.649167831716416390e-04,9.214178750905553618e-05,1.121512326111132773e-04,9.999347591047859085e-01,-9.135217136160947481e-04,-9.135217136160947481e-04,1.418405430211260954e-04,1.724379956722381824e-04,1.724379956722381824e-04,1.901131271476774515e-04
5.365023266676126612e-01,9.239775294369739777e-05,1.588701348913953103e-04,1.978911531181078262e-05,1.000266928043584302e+00,-4.755682256740537150e-04,-4.755682256740537150e-04,9.239775294369739777e-05,1.121868682555081804e-04,9.999303674388176910e-01,-9.243156986960864366e-04,-9.243156986960864366e-04,1.422327807211743714e-04,1.726889888892962389e-04,1.726889888892962389e-04,1.894398659775876122e-04
5.388049117606067417e-01,9.265277982819131349e-05,1.586936078061394371e-04,1.956871118346505069e-05,1.000262614377207315e+00,-4.862154067770685915e-04,-4.862154067770685915e-04,9.265277982819131349e-05,1.122214910116563642e-04,9.999259499041723842e-01,-9.351013708236940482e-04,-9.351013708236940482e-04,1.426235329603250219e-04,1.729329403535699041e-04,1.729329403535699041e-04,1.887683543033339512e-04
5.411074968536008223e-01,9.290687120557897271e-05,1.585113664174866174e-04,1.934824551431980346e-05,1.000258272193832676e+00,-4.968571628372817073e-04,-4.968571628372817073e-04,9.290687120557897271e-05,1.122551167198987762e-04,9.999215068436729803e-01,-9.458776297168767578e-04,-9.458776297168767578e-04,1.430128029059249655e-04,1.731698429773466537e-04,1.731698429773466537e-04,1.880985878699618712e-04
5.434100819465947918e-01,9.316003010661934173e-05,1.583234921076651460e-04,1.912773089118600185e-05,1.000253901882283580e+00,-5.074923403711271291e-04,-5.074923403711271291e-04,9.316003010661934173e-05,1.122877609978053436e-04,9.999170385992902643e-01,-9.566433843623484493e-04,-9.566433843623484493e-04,1.434005936715878173e-04,1.733996902193844390e-04,1.733996902193844390e-04,1.874305622778195055e-04
5.457126670395888723e-01,9.341225954968289977e-05,1.581300654345378935e-04,1.890717969170286976e-05,1.000249503829827802e+00,-5.181197961493600249e-04,-5.181197961493600249e-04,9.341225954968289977e-05,1.123194392413857695e-04,9.999125455121036232e-01,-9.673975531149031030e-04,-9.673975531149031030e-04,1.437869083160893033e-04,1.736224760799301838e-04,1.736224760799301838e-04,1.867642729791520759e-04
5.480152521325829529e-01,9.366356254064091486e-05,1.579311661382329075e-04,1.868660408561367478e-05,1.000245078422142830e+00,-5.287383972878597878e-04,-5.287383972878597878e-04,9.366356254064091486e-05,1.123501666262545896e-04,9.999080279222639644e-01,-9.781390637928781464e-04,-9.781390637928781464e-04,1.441717498422221539e-04,1.738381950956436857e-04,1.738381950956436857e-04,1.860997152746107894e-04
5.503178372255769224e-01,9.391394207275019317e-05,1.577268731477203729e-04,1.846601603600036342e-05,1.000240626043283676e+00,-5.393470213348112215e-04,-5.393470213348112215e-04,9.391394207275019317e-05,1.123799581087505566e-04,9.999034861689574116e-01,-9.888668537698134479e-04,-9.888668537698134479e-04,1.445551211956106635e-04,1.740468423344286824e-04,1.740468423344286824e-04,1.854368843095670924e-04
5.526204223185710029e-01,9.416340112653255633e-05,1.575172645873428967e-04,1.824542730047668492e-05,1.000236147075650228e+00,-5.499445563543105134e-04,-5.499445563543105134e-04,9.416340112653255633e-05,1.124088284270092412e-04,9.998989205903692223e-01,-9.995798700623474784e-04,-9.995798700623474784e-04,1.449370252634828052e-04,1.742484133901720314e-04,1.742484133901720314e-04,1.847757750702029838e-04
5.549230074115650835e-01,9.441194266964983298e-05,1.573024177833387462e-04,1.802484943233989860e-05,1.000231641899954838e+00,-5.605299010064302041e-04,-5.605299010064302041e-04,9.441194266964983298e-05,1.124367921019897316e-04,9.998943315236489271e-01,-1.010277069414389130e-03,-1.010277069414389130e-03,1.453174648734000603e-04,1.744429043773929283e-04,1.744429043773929283e-04,1.841163823792085481e-04
5.572255925045590530e-01,9.465956965677276513e-05,1.570824092702295617e-04,1.780429378168050896e-05,1.000227110895192340e+00,-5.711019646238118912e-04,-5.711019646238118912e-04,9.465956965677276513e-05,1.124638634384532741e-04,9.998897193048769116e-01,-1.020957418377624933e-03,-1.020957418377624933e-03,1.456964427919426068e-04,1.746303119258028143e-04,1.746303119258028143e-04,1.834587008915990495e-04
5.595281775975531335e-01,9.490628502944448001e-05,1.568573147972345504e-04,1.758377149644970339e-05,1.000222554438608524e+00,-5.816596672848224452e-04,-5.816596672848224452e-04,9.490628502944448001e-05,1.124900565258941834e-04,9.998850842690307772e-01,-1.031619893388399179e-03,-1.031619893388399179e-03,1.460739617233497293e-04,1.748106331747775982e-04,1.748106331747775982e-04,1.828027250899871598e-04
5.618307626905472141e-01,9.515209171593760581e-05,1.566272093346363526e-04,1.736329352348458730e-05,1.000217972905671493e+00,-5.922019398833167818e-04,-5.922019398833167818e-04,9.515209171593760581e-05,1.125153852394221931e-04,9.998804267499532550e-01,-1.042263480841005554e-03,-1.042263480841005554e-03,1.464500243081140701e-04,1.749838657677436579e-04,1.749838657677436579e-04,1.821484492796051691e-04
5.641333477835411836e-01,9.539699263110539712e-05,1.563921670800130358e-04,1.714287060949106758e-05,1.000213366670042348e+00,-6.027277241950682301e-04,-6.027277241950682301e-04,9.539699263110539712e-05,1.125398632405964647e-04,9.998757470803204539e-01,-1.052887177157454035e-03,-1.052887177157454035e-03,1.468246331215290962e-04,1.751500078464793817e-04,1.751500078464793817e-04,1.814958675834264833e-04
5.664359328765352641e-01,9.564099067622559630e-05,1.561522614645500487e-04,1.692251330198395079e-05,1.000208736103546325e+00,-6.132359729409034678e-04,-6.132359729409034678e-04,9.564099067622559630e-05,1.125635039782095471e-04,9.998710455916117734e-01,-1.063489988853741656e-03,-1.063489988853741656e-03,1.471977906721884280e-04,1.753090580453331730e-04,1.753090580453331730e-04,1.808449739364928878e-04
5.687385179695293447e-01,9.588408873883732880e-05,1.559075651592033683e-04,1.670223195018483869e-05,1.000204081576146153e+00,-6.237256498465894045e-04,-6.237256498465894045e-04,9.588408873883732880e-05,1.125863206890221675e-04,9.998663226140790394e-01,-1.074070932602678129e-03,-1.074070932602678129e-03,1.475694994004368937e-04,1.754610154853603282e-04,1.754610154853603282e-04,1.801957620803866348e-04
5.710411030625233142e-01,9.612628969257054460e-05,1.556581500808880175e-04,1.648203670587752314e-05,1.000199403455913849e+00,-6.341957296995240530e-04,-6.341957296995240530e-04,9.612628969257054460e-05,1.126083263984480677e-04,9.998615784767184156e-01,-1.084629035293316378e-03,-1.084629035293316378e-03,1.479397616767723074e-04,1.756058797683803354e-04,1.756058797683803354e-04,1.795482255571206117e-04
5.733436881555173947e-01,9.636759639696751791e-05,1.554040873985580815e-04,1.626193752422113771e-05,1.000194702109004741e+00,-6.446451984022669515e-04,-6.446451984022669515e-04,9.636759639696751791e-05,1.126295339211886556e-04,9.998568135072412044e-01,-1.095163334087021628e-03,-1.095163334087021628e-03,1.483085798001976166e-04,1.757436509709565974e-04,1.757436509709565974e-04,1.789023577029942482e-04
5.756462732485114753e-01,9.660801169729563251e-05,1.551454475393195475e-04,1.604194416452166239e-05,1.000189977899632154e+00,-6.550730530229676839e-04,-6.550730530229676839e-04,9.660801169729563251e-05,1.126499558618172949e-04,9.998520280320466469e-01,-1.105672876470236918e-03,-1.105672876470236918e-03,1.486759559965229337e-04,1.758743296383007495e-04,1.758743296383007495e-04,1.782581516418153562e-04
5.779488583415055558e-01,9.684753842435200855e-05,1.548823001944280302e-04,1.582206619096202535e-05,1.000185231190040991e+00,-6.654783018427175420e-04,-6.654783018427175420e-04,9.684753842435200855e-05,1.126696046153140339e-04,9.998472223761949440e-01,-1.116156720303973678e-03,-1.116156720303973678e-03,1.490418924166177477e-04,1.759979167781043619e-04,1.759979167781043619e-04,1.776156002781098520e-04
5.802514434344995253e-01,9.708617939425899491e-05,1.546147143253222484e-04,1.560231297329147933e-05,1.000180462340483745e+00,-6.758599643998885152e-04,-6.758599643998885152e-04,9.708617939425899491e-05,1.126884923675504742e-04,9.998423968633810555e-01,-1.126613933870090466e-03,-1.126613933870090466e-03,1.494063911346131003e-04,1.761144138543002777e-04,1.761144138543002777e-04,1.769746962896698729e-04
5.825540285274936059e-01,9.732393740824848071e-05,1.543427581695497048e-04,1.538269368747498451e-05,1.000175671709196523e+00,-6.862170715314898578e-04,-6.862170715314898578e-04,9.732393740824848071e-05,1.127066310957234652e-04,9.998375518159092756e-01,-1.137043595914383719e-03,-1.137043595914383719e-03,1.497694541460533734e-04,1.762238227807563242e-04,1.762238227807563242e-04,1.763354321200332896e-04
5.848566136204876864e-01,9.756081525243787210e-05,1.540664992466846681e-04,1.516321731630404805e-05,1.000170859652374844e+00,-6.965486654115787693e-04,-6.965486654115787693e-04,9.756081525243787210e-05,1.127240325687419201e-04,9.998326875546685866e-01,-1.147444795686546450e-03,-1.147444795686546450e-03,1.501310833660000194e-04,1.763261459149055978e-04,1.763261459149055978e-04,1.756977999704928926e-04
5.871591987134816559e-01,9.779681569759429173e-05,1.537860043642402190e-04,1.494389264996981979e-05,1.000166026524151208e+00,-7.068537995867784241e-04,-7.068537995867784241e-04,9.779681569759429173e-05,1.127407083475641115e-04,9.998278043991084552e-01,-1.157816632977034816e-03,-1.157816632977034816e-03,1.504912806270864757e-04,1.764213860513160067e-04,1.764213860513160067e-04,1.750617917915905822e-04
5.894617838064757365e-01,9.803194149888782801e-05,1.535013396235023690e-04,1.472472828660017889e-05,1.000161172676572008e+00,-7.171315390089325146e-04,-7.171315390089325146e-04,9.803194149888782801e-05,1.127566697854880069e-04,9.998229026672155184e-01,-1.168158218150884596e-03,-1.168158218150884596e-03,1.508500476775268375e-04,1.765095464152038418e-04,1.765095464152038418e-04,1.744273992744188140e-04
5.917643688994698170e-01,9.826619539563257334e-05,1.532125704253702514e-04,1.450573263276283076e-05,1.000156298459576210e+00,-7.273809600649334961e-04,-7.273809600649334961e-04,9.826619539563257334e-05,1.127719280283954041e-04,9.998179826754910460e-01,-1.178468672178515112e-03,-1.178468672178515112e-03,1.512073861790791298e-04,1.765906306558954683e-04,1.765906306558954683e-04,1.737946138413592903e-04
5.940669539924637865e-01,9.849958011101634606e-05,1.529197614761248082e-04,1.428691390393659619e-05,1.000151404220973816e+00,-7.376011506037589028e-04,-7.376011506037589028e-04,9.849958011101634606e-05,1.127864940149529423e-04,9.998130447389288467e-01,-1.188747126663570672e-03,-1.188747126663570672e-03,1.515632977049668378e-04,1.766646428402428304e-04,1.766646428402428304e-04,1.731634266366051899e-04
5.963695390854578671e-01,9.873209835181587062e-05,1.526229767932105424e-04,1.406828012495308820e-05,1.000146490306424107e+00,-7.477912099607653910e-04,-7.477912099607653910e-04,9.873209835181587062e-05,1.128003784767689588e-04,9.998080891709937301e-01,-1.198992723867841172e-03,-1.198992723867841172e-03,1.519177837377599146e-04,1.767315874459978375e-04,1.767315874459978375e-04,1.725338285160738590e-04
5.986721241784519476e-01,9.896375280809981449e-05,1.523222797110040700e-04,1.384983913041280172e-05,1.000141557059416764e+00,-7.579502489792242469e-04,-7.579502489792242469e-04,9.896375280809981449e-05,1.128135919385126162e-04,9.998031162836011898e-01,-1.209204616733274658e-03,-1.209204616733274658e-03,1.522708456672203366e-04,1.767914693551527611e-04,1.767914693551527611e-04,1.719058100368573349e-04
6.009747092714459171e-01,9.919454615291642960e-05,1.520177328865050695e-04,1.363159856507816404e-05,1.000136604821250996e+00,-7.680773900291964790e-04,-7.680773900291964790e-04,9.919454615291642960e-05,1.128261447179945936e-04,9.997981263870970858e-01,-1.219381968901174854e-03,-1.219381968901174854e-03,1.526224847881155926e-04,1.768442938472534988e-04,1.768442938472534988e-04,1.712793614464708008e-04
6.032772943644399977e-01,9.942448104196742432e-05,1.517093983050639872e-04,1.341356588424834340e-05,1.000131633931016673e+00,-7.781717670237052117e-04,-7.781717670237052117e-04,9.942448104196742432e-05,1.128380469262157677e-04,9.997931197902379941e-01,-1.229523954728568283e-03,-1.229523954728568283e-03,1.529727022980060169e-04,1.768900665926939468e-04,1.768900665926939468e-04,1.706544726714235769e-04
6.055798794574340782e-01,9.965356011326478630e-05,1.513973372860880301e-04,1.319574835412062723e-05,1.000126644725574998e+00,-7.882325254322730332e-04,-7.882325254322730332e-04,9.965356011326478630e-05,1.128493084673854135e-04,9.997880968001727764e-01,-1.239629759301814687e-03,-1.239629759301814687e-03,1.533214992950110347e-04,1.769287936460007496e-04,1.769287936460007496e-04,1.700311333053587616e-04
6.078824645504281587e-01,9.988178598677298228e-05,1.510816104886884771e-04,1.297815305214353317e-05,1.000121637539541197e+00,-7.982588222918155169e-04,-7.982588222918155169e-04,9.988178598677298228e-05,1.128599390389165155e-04,9.997830577224243731e-01,-1.249698578447481579e-03,-1.249698578447481579e-03,1.536688767755629663e-04,1.769604814391185111e-04,1.769604814391185111e-04,1.694093325969670070e-04
6.101850496434221283e-01,1.001091612640332413e-04,1.507622779174227763e-04,1.276078686736830748e-05,1.000116612705266084e+00,-8.082498262149200811e-04,-8.082498262149200811e-04,1.001091612640332413e-04,1.128699481314015488e-04,9.997780028608719283e-01,-1.259729618740526276e-03,-1.259729618740526276e-03,1.540148356321554375e-04,1.769851367747070391e-04,1.769851367747070391e-04,1.687890594369752251e-04
6.124876347364162088e-01,1.003356885277698947e-04,1.504393989279020384e-04,1.254365650080583076e-05,1.000111570552819629e+00,-8.182047173955233049e-04,-8.182047173955233049e-04,1.003356885277698947e-04,1.128793450285757254e-04,9.997729325177339144e-01,-1.269722097509826206e-03,-1.269722097509826206e-03,1.543593766510969665e-04,1.770027668194636909e-04,1.770027668194636909e-04,1.681703023452792763e-04
6.147902198294102893e-01,1.005613703414790292e-04,1.501130322325341915e-04,1.232676846579736096e-05,1.000106511409973642e+00,-8.281226876119718479e-04,-8.281226876119718479e-04,1.005613703414790292e-04,1.128881388072763901e-04,9.997678469935519230e-01,-1.279675242841077408e-03,-1.279675242841077408e-03,1.547025005102807061e-04,1.770133790974846399e-04,1.770133790974846399e-04,1.675530494570283435e-04
6.170928049224042589e-01,1.007862092489974901e-04,1.497832359061575496e-04,1.211012908840823426e-05,1.000101435602186895e+00,-8.380029402274899583e-04,-8.380029402274899583e-04,1.007862092489974901e-04,1.128963383374057244e-04,9.997627465871745667e-01,-1.289588293577112856e-03,-1.289588293577112856e-03,1.550442077769833508e-04,1.770169814836821428e-04,1.770169814836821428e-04,1.669372885087939539e-04
6.193953900153983394e-01,1.010102077740523139e-04,1.494500673917949446e-04,1.189374450785495941e-05,1.000096343452588243e+00,-8.478446901880360050e-04,-8.478446901880360050e-04,1.010102077740523139e-04,1.129039522819072733e-04,9.997576315957424908e-01,-1.299460499315665098e-03,-1.299460499315665098e-03,1.553844989057080620e-04,1.770135821972747454e-04,1.770135821972747454e-04,1.663230068238218215e-04
6.216979751083924199e-01,1.012333684197896417e-04,1.491135835063189265e-04,1.167762067697807895e-05,1.000091235281963975e+00,-8.576471640175393606e-04,-8.576471640175393606e-04,1.012333684197896417e-04,1.129109890967677207e-04,9.997525023146737189e-01,-1.309291120404610298e-03,-1.309291120404610298e-03,1.557233742360882717e-04,1.770031897953712723e-04,1.770031897953712723e-04,1.657101912973729728e-04
6.240005602013863895e-01,1.014556936682809476e-04,1.487738404462235682e-04,1.146176336277387553e-05,1.000086111408742706e+00,-8.674095998104923736e-04,-8.674095998104923736e-04,1.014556936682809476e-04,1.129174570310548232e-04,9.997473590376495522e-01,-1.319079427934711666e-03,-1.319079427934711666e-03,1.560608339908717442e-04,1.769858131666708265e-04,1.769858131666708265e-04,1.650988283812925407e-04
6.263031452943804700e-01,1.016771859800093969e-04,1.484308937934048888e-04,1.124617814699962776e-05,1.000080972148982061e+00,-8.771312472218882128e-04,-8.771312472218882128e-04,1.016771859800093969e-04,1.129233641270090246e-04,9.997422020566010259e-01,-1.328824703729924311e-03,-1.328824703729924311e-03,1.563968782740064170e-04,1.769614615253031927e-04,1.769614615253031927e-04,1.644889040683477602e-04
6.286057303873745505e-01,1.018978477933317706e-04,1.480847985209345020e-04,1.103087042686995260e-05,1.000075817816356682e+00,-8.868113674544431113e-04,-8.868113674544431113e-04,1.018978477933317706e-04,1.129287182202017232e-04,9.997370316616961405e-01,-1.338526240335250004e-03,-1.338526240335250004e-03,1.567315070688528496e-04,1.769301444048376987e-04,1.769301444048376987e-04,1.638804038764587350e-04
6.309083154803685201e-01,1.021176815239175126e-04,1.477356089989375633e-04,1.081584541586266574e-05,1.000070648722146682e+00,-8.964492332430862038e-04,-8.964492332430862038e-04,1.021176815239175126e-04,1.129335269397801784e-04,9.997318481413274283e-01,-1.348183341002206917e-03,-1.348183341002206917e-03,1.570647202365509543e-04,1.768918716524912448e-04,1.768918716524912448e-04,1.632733128324003586e-04
6.332109005733626006e-01,1.023366895641640605e-04,1.473833790004728324e-04,1.060110814465489530e-05,1.000065465175226764e+00,-9.060441288366413888e-04,-9.060441288366413888e-04,1.023366895641640605e-04,1.129377977088189558e-04,9.997266517821004062e-01,-1.357795319671917158e-03,-1.357795319671917158e-03,1.573965175145721797e-04,1.768466534235688678e-04,1.768466534235688678e-04,1.626676154555493101e-04
6.355134856663566811e-01,1.025548742825876453e-04,1.470281617075188242e-04,1.038666346221315227e-05,1.000060267482056675e+00,-9.155953499766515593e-04,-9.155953499766515593e-04,1.025548742825876453e-04,1.129415377448007976e-04,9.997214428688222521e-01,-1.367361500955854804e-03,-1.367361500955854804e-03,1.577268985154914348e-04,1.767945001761743245e-04,1.767945001761743245e-04,1.620632957413005047e-04
6.378160707593506507e-01,1.027722380231880443e-04,1.466700097169638093e-04,1.017251603706347332e-05,1.000055055946671656e+00,-9.251022038732572726e-04,-9.251022038732572726e-04,1.027722380231880443e-04,1.129447540602515176e-04,9.997162216844908134e-01,-1.376881220114263343e-03,-1.376881220114263343e-03,1.580558627260188155e-04,1.767354226662328995e-04,1.767354226662328995e-04,1.614603371447598257e-04
6.401186558523447312e-01,1.029887831047896705e-04,1.463089750467184372e-04,9.958670358769025751e-06,1.000049830870676226e+00,-9.345640091780475691e-04,-9.345640091780475691e-04,1.029887831047896705e-04,1.129474534635586963e-04,9.997109885102855031e-01,-1.386353823032282408e-03,-1.386353823032282408e-03,1.583834095063327112e-04,1.766694319428696407e-04,1.766694319428696407e-04,1.608587225643060199e-04
6.424212409453388117e-01,1.032045118203556795e-04,1.459451091418817567e-04,9.745130739648174916e-06,1.000044592553237077e+00,-9.439800959537860119e-04,-9.439800959537860119e-04,1.032045118203556795e-04,1.129496425600038544e-04,9.997057436255570861e-01,-1.395778666193801375e-03,-1.395778666193801375e-03,1.587095380897639773e-04,1.765965393441949033e-04,1.765965393441949033e-04,1.602584343255120613e-04
6.447238260383327813e-01,1.034194264362771256e-04,1.455784628809886328e-04,9.531901316766543076e-06,1.000039341291077966e+00,-9.533498056408777231e-04,-9.533498056408777231e-04,1.034194264362771256e-04,1.129513277530436687e-04,9.997004873078189080e-01,-1.405155116653052398e-03,-1.405155116653052398e-03,1.590342475828826984e-04,1.765167564935498929e-04,1.765167564935498929e-04,1.596594541654759627e-04
6.470264111313268618e-01,1.036335291916360975e-04,1.452090865824202004e-04,9.318986054241494674e-06,1.000034077378476605e+00,-9.626724910204694299e-04,-9.626724910204694299e-04,1.036335291916360975e-04,1.129525152458775921e-04,9.996952198327390127e-01,-1.414482552003979744e-03,-1.414482552003979744e-03,1.593575369660472549e-04,1.764300952962720838e-04,1.764300952962720838e-04,1.590617632173816015e-04
6.493289962243209423e-01,1.038468222974434156e-04,1.448370300108038828e-04,9.106388745900600057e-06,1.000028801107262222e+00,-9.719475161740141452e-04,-9.719475161740141452e-04,1.038468222974434156e-04,1.129532110433440156e-04,9.996899414741322598e-01,-1.423760360347390208e-03,-1.423760360347390208e-03,1.596794050944789578e-04,1.763365679370446158e-04,1.763365679370446158e-04,1.584653419963644638e-04
6.516315813173150229e-01,1.040593079358511763e-04,1.444623423836220103e-04,8.894113018338882320e-06,1.000023512766816003e+00,-9.811742564391503184e-04,-9.811742564391503184e-04,1.040593079358511763e-04,1.129534209541900586e-04,9.996846525039534415e-01,-1.432987940255910607e-03,-1.432987940255910607e-03,1.599998506999332102e-04,1.762361868778994649e-04,1.762361868778994649e-04,1.578701703858747390e-04
6.539341664103089924e-01,1.042709882593419310e-04,1.440850723778574376e-04,8.682162334423324641e-06,1.000018212644071758e+00,-9.903520983617149394e-04,-9.903520983617149394e-04,1.042709882593419310e-04,1.129531505937652556e-04,9.996793531922905096e-01,-1.442164700736776016e-03,-1.442164700736776016e-03,1.603188723930426584e-04,1.761289648569483576e-04,1.761289648569483576e-04,1.572762276256835505e-04
6.562367515033030729e-01,1.044818653898932001e-04,1.437052681368848682e-04,8.470539997298482315e-06,1.000012901023520584e+00,-9.994804396436848121e-04,-9.994804396436848121e-04,1.044818653898932001e-04,1.129524053871916824e-04,9.996740438073590251e-01,-1.451290061192451542e-03,-1.451290061192451542e-03,1.606364686664170610e-04,1.760149148879236382e-04,1.760149148879236382e-04,1.566834923007931393e-04
6.585393365962971535e-01,1.046919414181211974e-04,1.433229772773110587e-04,8.259249154948317606e-06,1.000007578187216639e+00,-1.008558689086833061e-03,-1.008558689086833061e-03,1.046919414181211974e-04,1.129511905730695151e-04,9.996687246154973838e-01,-1.460363451379111067e-03,-1.460363451379111067e-03,1.609526378985875626e-04,1.758940502606131425e-04,1.758940502606131425e-04,1.560919423331136335e-04
6.608419216892911230e-01,1.049012184024044692e-04,1.429382468961254578e-04,8.048292805375094707e-06,1.000002244414784913e+00,-1.017586266531886417e-03,-1.017586266531886417e-03,1.049012184024044692e-04,1.129495112077795639e-04,9.996633958811614873e-01,-1.469384311363004618e-03,-1.469384311363004618e-03,1.612673783588925965e-04,1.757663845422808007e-04,1.757663845422808007e-04,1.555015549744641172e-04
6.631445067822852035e-01,1.051096983679881400e-04,1.425511235778407614e-04,7.837673802460034590e-06,9.999968999834332184e-01,-1.026562602792899974e-03,-1.026562602792899974e-03,1.051096983679881400e-04,1.129473721704481745e-04,9.996580578669218564e-01,-1.478352091474692672e-03,-1.478352091474692672e-03,1.615806882134088770e-04,1.756319315801703311e-04,1.756319315801703311e-04,1.549123068029306053e-04
6.654470918752792841e-01,1.053173833060751751e-04,1.421616534018613947e-04,7.627394862570510800e-06,9.999915451679661782e-01,-1.035487139586627496e-03,-1.035487139586627496e-03,1.053173833060751751e-04,1.129447781686456859e-04,9.996527108334601897e-01,-1.487266252261210293e-03,-1.487266252261210293e-03,1.618925655320333000e-04,1.754907055051889799e-04,1.754907055051889799e-04,1.543241737218487637e-04
6.677496769682732536e-01,1.055242751729040498e-04,1.417698819499662688e-04,7.417458571986753030e-06,9.999861802408014366e-01,-1.044359329456580419e-03,-1.044359329456580419e-03,1.055242751729040498e-04,1.129417337448908028e-04,9.996473550395668095e-01,-1.496126264436143521e-03,-1.496126264436143521e-03,1.622030082968339555e-04,1.753427207368795098e-04,1.753427207368795098e-04,1.537371309624558681e-04
6.700522620612673341e-01,1.057303758888189374e-04,1.413758543138454228e-04,7.207867395218368954e-06,9.999808054719915296e-01,-1.053178635691504961e-03,-1.053178635691504961e-03,1.057303758888189374e-04,1.129382432840373064e-04,9.996419907421394413e-01,-1.504931608827654241e-03,-1.504931608827654241e-03,1.625120144117868327e-04,1.751879919897839782e-04,1.751879919897839782e-04,1.531511530910521757e-04
6.723548471542614147e-01,1.059356873373367130e-04,1.409796151028225243e-04,6.998623684284816676e-06,9.999754211292467554e-01,-1.061944532237977428e-03,-1.061944532237977428e-03,1.059356873373367130e-04,1.129343110216215297e-04,9.996366181961818809e-01,-1.513681776324463492e-03,-1.513681776324463492e-03,1.628195817140210293e-04,1.750265342813078090e-04,1.750265342813078090e-04,1.525662140205538318e-04
6.746574322472553842e-01,1.061402113642153250e-04,1.405812084517059032e-04,6.789729689035044289e-06,9.999700274779644849e-01,-1.070656503606825204e-03,-1.070656503606825204e-03,1.061402113642153250e-04,1.129299410532503693e-04,9.996312376548047718e-01,-1.522376267819826627e-03,-1.522376267819826627e-03,1.631257079866997508e-04,1.748583629411935229e-04,1.748583629411935229e-04,1.519822870272936660e-04
6.769600173402494647e-01,1.063439497765306791e-04,1.401806780285864583e-04,6.581187568578599303e-06,9.999646247812605804e-01,-1.079314044773082648e-03,-1.079314044773082648e-03,1.063439497765306791e-04,1.129251373451092784e-04,9.996258493692252722e-01,-1.531014594153519816e-03,-1.531014594153519816e-03,1.634303909736606992e-04,1.746834936227069672e-04,1.746834936227069672e-04,1.513993447746221600e-04
6.792626024332435453e-01,1.065469043417688349e-04,1.397780670429018179e-04,6.372999403898640404e-06,9.999592133000066996e-01,-1.087916661069187642e-03,-1.087916661069187642e-03,1.065469043417688349e-04,1.129199037456674753e-04,9.996204535887697196e-01,-1.539596276051857652e-03,-1.539596276051857652e-03,1.637336283959380673e-04,1.745019423156355168e-04,1.745019423156355168e-04,1.508173593422560950e-04
6.815651875262376258e-01,1.067490767869411894e-04,1.393734182533059673e-04,6.165167211714370253e-06,9.999537932928713735e-01,-1.096463868071176568e-03,-1.096463868071176568e-03,1.067490767869411894e-04,1.129142439986555597e-04,9.996150505608754067e-01,-1.548120844065798861e-03,-1.548120844065798861e-03,1.640354179702879756e-04,1.743137253611924664e-04,1.743137253611924664e-04,1.502363022644032477e-04
6.838677726192315953e-01,1.069504687977317108e-04,1.389667739757367967e-04,5.957692959652805030e-06,9.999483650163661919e-01,-1.104955191477624251e-03,-1.104955191477624251e-03,1.069504687977317108e-04,1.129081617573845158e-04,9.996096405310940236e-01,-1.556587838507162260e-03,-1.556587838507162260e-03,1.643357574298258818e-04,1.741188594689071925e-04,1.741188594689071925e-04,1.496561445752178914e-04
6.861703577122256759e-01,1.071510820176874189e-04,1.385581760913079819e-04,5.750578582777029981e-06,9.999429287248977616e-01,-1.113390166981154724e-03,-1.113390166981154724e-03,1.071510820176874189e-04,1.129016606004644489e-04,9.996042237430963207e-01,-1.564996809383012574e-03,-1.564996809383012574e-03,1.646346445468718040e-04,1.739173617355619641e-04,1.739173617355619641e-04,1.490768568641424863e-04
6.884729428052197564e-01,1.073509180474614363e-04,1.381476660541582015e-04,5.543826001510622752e-06,9.999374846708241060e-01,-1.121768340132350437e-03,-1.121768340132350437e-03,1.073509180474614363e-04,1.128947440489720590e-04,9.995988004386772152e-01,-1.573347316328238673e-03,-1.573347316328238673e-03,1.649320771580842422e-04,1.737092496662208841e-04,1.737092496662208841e-04,1.484984093409907912e-04
6.907755278982137259e-01,1.075499784441260914e-04,1.377352848991621453e-04,5.337437140972623763e-06,9.999320331045167265e-01,-1.130089266196060123e-03,-1.130089266196060123e-03,1.075499784441260914e-04,1.128874155850987152e-04,9.995933708577614540e-01,-1.581638928536454984e-03,-1.581638928536454984e-03,1.652280531919336705e-04,1.734945411973601228e-04,1.734945411973601228e-04,1.479207719117734939e-04
6.930781129912078065e-01,1.077482647205573092e-04,1.373210732493947855e-04,5.131413951743314618e-06,9.999265742744286589e-01,-1.138352510000022275e-03,-1.138352510000022275e-03,1.077482647205573092e-04,1.128796786723006238e-04,9.995879352384117178e-01,-1.589871224689224771e-03,-1.589871224689224771e-03,1.655225706985684320e-04,1.732732547221114245e-04,1.732732547221114245e-04,1.473439142662737471e-04
6.953806980842018870e-01,1.079457783449233279e-04,1.369050713233143789e-04,4.925758432002975951e-06,9.999211084271666383e-01,-1.146557645776043405e-03,-1.146557645776043405e-03,1.079457783449233279e-04,1.128715367769263038e-04,9.995824938168358376e-01,-1.598043792883748621e-03,-1.598043792883748621e-03,1.658156278820193102e-04,1.730454091175163479e-04,1.730454091175163479e-04,1.467678059778418256e-04
6.976832831771958565e-01,1.081425207402763754e-04,1.364873189416027251e-04,4.720472651024840887e-06,9.999156358075708129e-01,-1.154704256993900439e-03,-1.154704256993900439e-03,1.081425207402763754e-04,1.128629933913012163e-04,9.995770468273968978e-01,-1.606156230559105304e-03,-1.606156230559105304e-03,1.661072231347395271e-04,1.728110237737427496e-04,1.728110237737427496e-04,1.461924166159455577e-04
6.999858682701899371e-01,1.083384932842749234e-04,1.360678555335415225e-04,4.515558773910178267e-06,9.999101566587970114e-01,-1.162791936188398547e-03,-1.162791936188398547e-03,1.083384932842749234e-04,1.128540520581851016e-04,9.995715945026224514e-01,-1.614208144421138899e-03,-1.614208144421138899e-03,1.663973550743420393e-04,1.725701186250746708e-04,1.725701186250746708e-04,1.456177158721012204e-04
7.022884533631840176e-01,1.085336973090474306e-04,1.356467201428243694e-04,4.311019087456448469e-06,9.999046712224058941e-01,-1.170820284780152085e-03,-1.170820284780152085e-03,1.085336973090474306e-04,1.128447163965038791e-04,9.995661370732163986e-01,-1.622199150366167601e-03,-1.622199150366167601e-03,1.666860225823980110e-04,1.723227141824914199e-04,1.723227141824914199e-04,1.450436736995649664e-04
7.045910384561779871e-01,1.087281341012200032e-04,1.352239514327583866e-04,4.106856026979665555e-06,9.998991797384556568e-01,-1.178788912890835032e-03,-1.178788912890835032e-03,1.087281341012200032e-04,1.128349901281996688e-04,9.995606747680710891e-01,-1.630128873403633707e-03,-1.630128873403633707e-03,1.669732248450544966e-04,1.720688315675449325e-04,1.720688315675449325e-04,1.444702604665872405e-04
7.068936235491720677e-01,1.089218049021245755e-04,1.347995876907495888e-04,3.903072203879221066e-06,9.998936824455979533e-01,-1.186697439153862809e-03,-1.186697439153862809e-03,1.089218049021245755e-04,1.128248771060037965e-04,9.995552078142799779e-01,-1.637996947577877995e-03,-1.637996947577877995e-03,1.672589613951776504e-04,1.718084925471958114e-04,1.718084925471958114e-04,1.438974471231052046e-04
7.091962086421661482e-01,1.091147109082043603e-04,1.343736668319145790e-04,3.699670433685611467e-06,9.998881795811778161e-01,-1.194545490521658863e-03,-1.194545490521658863e-03,1.091147109082043603e-04,1.128143813418899718e-04,9.995497364371521698e-01,-1.645803015889218696e-03,-1.645803015889218696e-03,1.675432321556516143e-04,1.715417195691984595e-04,1.715417195691984595e-04,1.433252053807648860e-04
7.114987937351601177e-01,1.093068532716389059e-04,1.339462264017958243e-04,3.496653764261851245e-06,9.998826713813351308e-01,-1.202332702070966651e-03,-1.202332702070966651e-03,1.093068532716389059e-04,1.128035070359007571e-04,9.995442608602274071e-01,-1.653546730214569679e-03,-1.653546730214569679e-03,1.678260374833565223e-04,1.712685357975215041e-04,1.712685357975215041e-04,1.427535079050386584e-04
7.138013788281541983e-01,1.094982331012018346e-04,1.335173035781025324e-04,3.294025503800974693e-06,9.998771580811061099e-01,-1.210058716807786271e-03,-1.210058716807786271e-03,1.094982331012018346e-04,1.127922586050028093e-04,9.995387813052910575e-01,-1.661227751227797563e-03,-1.661227751227797563e-03,1.681073782132972371e-04,1.709889651472507857e-04,1.709889651472507857e-04,1.421823285182255642e-04
7.161039639211482788e-01,1.096888514633719881e-04,1.330869351713477014e-04,3.091789248185457598e-06,9.998716399145262113e-01,-1.217723185473853272e-03,-1.217723185473853272e-03,1.096888514633719881e-04,1.127806407115574457e-04,9.995332979923915451e-01,-1.668845748320082947e-03,-1.668845748320082947e-03,1.683872557022357921e-04,1.707030323183104849e-04,1.707030323183104849e-04,1.416116424119944330e-04
7.184065490141422483e-01,1.098787093837041160e-04,1.326551576244167432e-04,2.889948907263751362e-06,9.998661171147298354e-01,-1.225325766356684040e-03,-1.225325766356684040e-03,1.098787093837041160e-04,1.127686582909678673e-04,9.995278111398568921e-01,-1.676400399520555510e-03,-1.676400399520555510e-03,1.686656718711530855e-04,1.704107628273277702e-04,1.704107628273277702e-04,1.410414263669359592e-04
7.207091341071363289e-01,1.100678078484839106e-04,1.322220070109626203e-04,2.688508729495933105e-06,9.998605899140465825e-01,-1.232866125105556987e-03,-1.232866125105556987e-03,1.100678078484839106e-04,1.127563165779798437e-04,9.995223209643125939e-01,-1.683891391417476416e-03,-1.683891391417476416e-03,1.689426292457047189e-04,1.701121830368160779e-04,1.701121830368160779e-04,1.404716589768795242e-04
7.230117192001304094e-01,1.102561478066626437e-04,1.317875190326580975e-04,2.487473324469006920e-06,9.998550585440932892e-01,-1.240343934555718274e-03,-1.240343934555718274e-03,1.102561478066626437e-04,1.127436211311316506e-04,9.995168276806999375e-01,-1.691318419080244930e-03,-1.691318419080244930e-03,1.692181309938936616e-04,1.698073201809331809e-04,1.698073201809331809e-04,1.399023208748807463e-04
7.253143042931244899e-01,1.104437301720864625e-04,1.313517290153302637e-04,2.286847682687808358e-06,9.998495232358578511e-01,-1.247758874563483552e-03,-1.247758874563483552e-03,1.104437301720864625e-04,1.127305778547742709e-04,9.995113315022935430e-01,-1.698681185982580527e-03,-1.698681185982580527e-03,1.694921809600341848e-04,1.694962023869369262e-04,1.694962023869369262e-04,1.393333949573241724e-04
7.276168893861184594e-01,1.106305558260183795e-04,1.309146719041364283e-04,2.086637192082416181e-06,9.998439842197749394e-01,-1.255110631854716805e-03,-1.255110631854716805e-03,1.106305558260183795e-04,1.127171930181007956e-04,9.995058326407206817e-01,-1.705979403927119879e-03,-1.705979403927119879e-03,1.697647836941182094e-04,1.691788586915210990e-04,1.691788586915210990e-04,1.387648666017466227e-04
7.299194744791125400e-01,1.108166256199463149e-04,1.304763822576865255e-04,1.886847650692138716e-06,9.998384417257913936e-01,-1.262398899889234823e-03,-1.262398899889234823e-03,1.108166256199463149e-04,1.127034732706384536e-04,9.995003313059794836e-01,-1.713212792971788691e-03,-1.713212792971788691e-03,1.700359444757144282e-04,1.688553190512537955e-04,1.688553190512537955e-04,1.381967238753706588e-04
7.322220595721066205e-01,1.110019403786744287e-04,1.300368942414461236e-04,1.687485274976153896e-06,9.998328959834174023e-01,-1.269623378743593451e-03,-1.269623378743593451e-03,1.110019403786744287e-04,1.126894256536505826e-04,9.994948277064564790e-01,-1.720381081358195782e-03,-1.720381081358195782e-03,1.703056693315040029e-04,1.685256143463353224e-04,1.685256143463353224e-04,1.376289577287091823e-04
7.345246446651005900e-01,1.111865009036786857e-04,1.295962416205436384e-04,1.488556703301103048e-06,9.998273472217663604e-01,-1.276783775014432489e-03,-1.276783775014432489e-03,1.111865009036786857e-04,1.126750576069797887e-04,9.994893220489454722e-01,-1.727484005442351698e-03,-1.727484005442351698e-03,1.705739650456960870e-04,1.681897763770511748e-04,1.681897763770511748e-04,1.370615621700915191e-04
7.368272297580946706e-01,1.113703079767078291e-04,1.291544577521579326e-04,1.290068994206258995e-06,9.998217956695764075e-01,-1.283879801744302815e-03,-1.283879801744302815e-03,1.113703079767078291e-04,1.126603769709140881e-04,9.994838145386636397e-01,-1.734521309627959276e-03,-1.734521309627959276e-03,1.708408391626337064e-04,1.678478378523815982e-04,1.678478378523815982e-04,1.364945344168098484e-04
7.391298148510887511e-01,1.115533623636029984e-04,1.287115755777928331e-04,1.092029619153140870e-06,9.998162415552169779e-01,-1.290911178371463488e-03,-1.290911178371463488e-03,1.115533623636029984e-04,1.126453919827561393e-04,9.994783053792687388e-01,-1.741492746302487991e-03,-1.741492746302487991e-03,1.711062999810527457e-04,1.674998323703948220e-04,1.674998323703948220e-04,1.359278750182564349e-04
7.414323999440827206e-01,1.117356648183087350e-04,1.282676276157604660e-04,8.944464495554881262e-07,9.998106851066775880e-01,-1.297877630704753630e-03,-1.297877630704753630e-03,1.117356648183087350e-04,1.126301112678642231e-04,9.994727947728739847e-01,-1.748398075776210576e-03,-1.748398075776210576e-03,1.713703565395865720e-04,1.671457943901922172e-04,1.671457943901922172e-04,1.353615879466796442e-04
7.437349850370768012e-01,1.119172160870295692e-04,1.278226459540715196e-04,6.973277380866935160e-07,9.998051265515377484e-01,-1.304778890923911829e-03,-1.304778890923911829e-03,1.119172160870295692e-04,1.126145438251162628e-04,9.994672829200623720e-01,-1.755237066224376880e-03,-1.755237066224376880e-03,1.716330185934099620e-04,1.667857591954763114e-04,1.667857591954763114e-04,1.347956806528794902e-04
7.460375701300708817e-01,1.120980169124993243e-04,1.273766622440821448e-04,5.006820943138500391e-07,9.997995661169207793e-01,-1.311614697605292985e-03,-1.311614697605292985e-03,1.120980169124993243e-04,1.125986990068131744e-04,9.994617700199003307e-01,-1.762009493632545791e-03,-1.762009493632545791e-03,1.718942965819941434e-04,1.664197628498948324e-04,1.664197628498948324e-04,1.342301640835817580e-04
7.483401552230648512e-01,1.122780680383154311e-04,1.269297076952064906e-04,3.045184549130909623e-07,9.997940040294279740e-01,-1.318384795772226678e-03,-1.318384795772226678e-03,1.122780680383154311e-04,1.125825864932285221e-04,9.994562562699482733e-01,-1.768715141745140712e-03,-1.768715141745140712e-03,1.721542015882616191e-04,1.660478421446184220e-04,1.660478421446184220e-04,1.336650526585160721e-04
7.506427403160589318e-01,1.124573702132843696e-04,1.264818130710420913e-04,1.088460488924363314e-07,9.997884405150583298e-01,-1.325088936968512633e-03,-1.325088936968512633e-03,1.124573702132843696e-04,1.125662162621768060e-04,9.994507418662718079e-01,-1.775353802017219911e-03,-1.775353802017219911e-03,1.724127452896937721e-04,1.656700345388616570e-04,1.656700345388616570e-04,1.331003642059517297e-04
7.529453254090530123e-01,1.126359241957341513e-04,1.260330086869678704e-04,-8.632564168042206575e-08,9.997828757991111814e-01,-1.331726879353088049e-03,-1.331726879353088049e-03,1.126359241957341513e-04,1.125495985540537293e-04,9.994452270034490660e-01,-1.781925273569303020e-03,-1.781925273569303020e-03,1.726699399020630498e-04,1.652863780941575479e-04,1.652863780941575479e-04,1.325361198576958911e-04
7.552479105020470929e-01,1.128137307577424769e-04,1.255833244096473322e-04,-2.809869247728395735e-07,9.997773101060772882e-01,-1.338298387813296369e-03,-1.338298387813296369e-03,1.128137307577424769e-04,1.125327438329696373e-04,9.994397118745783626e-01,-1.788429363145174972e-03,-1.788429363145174972e-03,1.729257981167408979e-04,1.648969114034469496e-04,1.648969114034469496e-04,1.319723439033642580e-04
7.575504955950410624e-01,1.129907906892249647e-04,1.251327896585244898e-04,-4.751279445066718685e-07,9.997717436595171536e-01,-1.344803234093528733e-03,-1.344803234093528733e-03,1.129907906892249647e-04,1.125156627447182928e-04,9.994341966712829706e-01,-1.794865885072401959e-03,-1.794865885072401959e-03,1.731803330327355496e-04,1.645016735162170302e-04,1.645016735162170302e-04,1.314090636066375369e-04
7.598530806880351429e-01,1.131671048018431436e-04,1.246814334091657557e-04,-6.687387294911946575e-07,9.997661766819312401e-01,-1.351241196935925020e-03,-1.351241196935925020e-03,1.131671048018431436e-04,1.124983660723519489e-04,9.994286815837142290e-01,-1.801234661225332816e-03,-1.801234661225332816e-03,1.734335580846534596e-04,1.641007038609321080e-04,1.641007038609321080e-04,1.308463089879896275e-04
7.621556657810292235e-01,1.133426739326823246e-04,1.242292841990350256e-04,-8.618092424369133741e-07,9.997606093946246331e-01,-1.357612062229277081e-03,-1.357612062229277081e-03,1.133426739326823246e-04,1.124808646902454112e-04,9.994231668005538749e-01,-1.807535520990258618e-03,-1.807535520990258618e-03,1.736854869679788278e-04,1.636940421661626599e-04,1.636940421661626599e-04,1.302841125747062451e-04
7.644582508740231930e-01,1.135174989476609965e-04,1.237763701350200749e-04,-1.054329430136036498e-06,9.997550420175664865e-01,-1.363915623162296554e-03,-1.363915623162296554e-03,1.135174989476609965e-04,1.124631695175249600e-04,9.994176525090139318e-01,-1.813768301232396339e-03,-1.813768301232396339e-03,1.739361335630575014e-04,1.632817283817755867e-04,1.632817283817755867e-04,1.297225091269708908e-04
7.667608359670172735e-01,1.136915807446379459e-04,1.233227189031047802e-04,-1.246289272905265911e-06,9.997494747692506900e-01,-1.370151680377382697e-03,-1.370151680377382697e-03,1.136915807446379459e-04,1.124452914717326800e-04,9.994121388948354889e-01,-1.819932846264313417e-03,-1.819932846264313417e-03,1.741855118591734413e-04,1.628638026015185735e-04,1.628638026015185735e-04,1.291615353423568758e-04
7.690634210600113541e-01,1.138649202561858902e-04,1.228683577798058801e-04,-1.437678832606425713e-06,9.997439078665573131e-01,-1.376320042121092092e-03,-1.376320042121092092e-03,1.138649202561858902e-04,1.124272414235794645e-04,9.994066261422865916e-01,-1.826029007815409841e-03,-1.826029007815409841e-03,1.744336358800934145e-04,1.624403049882848678e-04,1.624403049882848678e-04,1.286012295459805011e-04
7.713660061530053236e-01,1.140375184520116340e-04,1.224133136451427710e-04,-1.628488298461715396e-06,9.997383415246182681e-01,-1.382420524387856361e-03,-1.382420524387856361e-03,1.140375184520116340e-04,1.124090301535499186e-04,9.994011144341575781e-01,-1.832056645002055981e-03,-1.832056645002055981e-03,1.746805196123161477e-04,1.620112757031811962e-04,1.620112757031811962e-04,1.280416313723346388e-04
7.736685912459994041e-01,1.142093763410130172e-04,1.219576129970588864e-04,-1.818708029994431353e-06,9.997327759566905225e-01,-1.388452951053883088e-03,-1.388452951053883088e-03,1.142093763410130172e-04,1.123906683110185859e-04,9.993956039517574164e-01,-1.838015624297957432e-03,-1.838015624297957432e-03,1.749261769371008744e-04,1.615767548393428320e-04,1.615767548393428320e-04,1.274827814434704759e-04
7.759711763389934847e-01,1.143804949729534248e-04,1.215012819667721976e-04,-2.008328596431611436e-06,9.997272113740366395e-01,-1.394417153998325169e-03,-1.394417153998325169e-03,1.143804949729534248e-04,1.123721663765218134e-04,9.993900948749070423e-01,-1.843905819504412314e-03,-1.843905819504412314e-03,1.751706215673539476e-04,1.611367823614137283e-04,1.611367823614137283e-04,1.269247210510777795e-04
7.782737614319874542e-01,1.145508754397626938e-04,1.210443463350305483e-04,-2.197340812168721699e-06,9.997216479858165306e-01,-1.400312973209676386e-03,-1.400312973209676386e-03,1.145508754397626938e-04,1.123535346275939721e-04,9.993845873819336978e-01,-1.849727111720052275e-03,-1.849727111720052275e-03,1.754138669900553191e-04,1.606913980512206437e-04,1.606913980512206437e-04,1.263674918456262437e-04
7.805763465249815347e-01,1.147205188764725088e-04,1.205868315486745637e-04,-2.385735767978524355e-06,9.997160859989893122e-01,-1.406140256875738079e-03,-1.406140256875738079e-03,1.147205188764725088e-04,1.123347831084939844e-04,9.993790816496638252e-01,-1.855479389309713963e-03,-1.855479389309713963e-03,1.756559264147863669e-04,1.602406414600413855e-04,1.602406414600413855e-04,1.258111355390081638e-04
7.828789316179756153e-01,1.148894264617797260e-04,1.201287627373789116e-04,-2.573504857632876071e-06,9.997105256182284849e-01,-1.411898861455612979e-03,-1.411898861455612979e-03,1.148894264617797260e-04,1.123159216041468499e-04,9.993735778534160730e-01,-1.861162547872200488e-03,-1.861162547872200488e-03,1.758968127289474936e-04,1.597845518678755355e-04,1.597845518678755355e-04,1.252556936242778121e-04
7.851815167109695848e-01,1.150575994182797754e-04,1.196701647302489163e-04,-2.760639800034343631e-06,9.997049670458486581e-01,-1.417588651733590497e-03,-1.417588651733590497e-03,1.150575994182797754e-04,1.122969596182454318e-04,9.993680761669939683e-01,-1.866776490206572279e-03,-1.866776490206572279e-03,1.761365384595913906e-04,1.593231682495135839e-04,1.593231682495135839e-04,1.247012071150846153e-04
7.874841018039636653e-01,1.152250390123727005e-04,1.192110620720580454e-04,-2.947132656758540874e-06,9.996994104817451543e-01,-1.423209500854345777e-03,-1.423209500854345777e-03,1.152250390123727005e-04,1.122779063556141597e-04,9.993625767626783674e-01,-1.872321126276802307e-03,-1.872321126276802307e-03,1.763751157421023896e-04,1.588565292474725598e-04,1.588565292474725598e-04,1.241477163077154427e-04
7.897866868969577459e-01,1.153917465538725751e-04,1.187514790386674324e-04,-3.132975845182285569e-06,9.996938561233464915e-01,-1.428761290339815738e-03,-1.428761290339815738e-03,1.153917465538725751e-04,1.122587707086902895e-04,9.993570798112204612e-01,-1.877796373174576896e-03,-1.877796373174576896e-03,1.766125562955238966e-04,1.583846731514772883e-04,1.583846731514772883e-04,1.235952605687779785e-04
7.920892719899517154e-01,1.155577233953453261e-04,1.182914396516869873e-04,-3.318162147398763485e-06,9.996883041655786339e-01,-1.434243910088332363e-03,-1.434243910088332363e-03,1.155577233953453261e-04,1.122395612479465626e-04,9.993515854818347810e-01,-1.883202155080118722e-03,-1.883202155080118722e-03,1.768488714042930278e-04,1.579076378841298939e-04,1.579076378841298939e-04,1.230438781480240585e-04
7.943918570829457959e-01,1.157229709312046452e-04,1.178309676920954969e-04,-3.502684715208788618e-06,9.996827548008403452e-01,-1.439657258356920495e-03,-1.439657258356920495e-03,1.157229709312046452e-04,1.122202862159958565e-04,9.993460939421923150e-01,-1.888538403220903867e-03,-1.888538403220903867e-03,1.770840719059971213e-04,1.574254609922889838e-04,1.574254609922889838e-04,1.224936060174748305e-04
7.966944421759398764e-01,1.158874905966005860e-04,1.173700867127387107e-04,-3.686537071555988712e-06,9.996772082189903097e-01,-1.445001241728029531e-03,-1.445001241728029531e-03,1.158874905966005860e-04,1.122009535250445973e-04,9.993406053584151794e-01,-1.893805055828207866e-03,-1.893805055828207866e-03,1.773181681846394589e-04,1.569381796435759691e-04,1.569381796435759691e-04,1.219444797362033146e-04
7.989970272689339570e-01,1.160512838661157439e-04,1.169088200495202727e-04,-3.869713108667859319e-06,9.996716646073424695e-01,-1.450275775061694947e-03,-1.450275775061694947e-03,1.160512838661157439e-04,1.121815707574478846e-04,9.993351198950701786e-01,-1.899002058091486377e-03,-1.899002058091486377e-03,1.775511701690603154e-04,1.564458306275754395e-04,1.564458306275754395e-04,1.213965333413338397e-04
8.012996123619279265e-01,1.162143522523159347e-04,1.164471908312978852e-04,-4.052207083413454040e-06,9.996661241506709095e-01,-1.455480781434925980e-03,-1.455480781434925980e-03,1.162143522523159347e-04,1.121621451689024806e-04,9.993296377151642540e-01,-1.904129362110535848e-03,-1.904129362110535848e-03,1.777830873357612242e-04,1.559484503609598067e-04,1.559484503609598067e-04,1.208497992630648657e-04
8.036021974549220070e-01,1.163766973041781831e-04,1.159852219885350251e-04,-4.234013610229642979e-06,9.996605870312218478e-01,-1.460616192069711348e-03,-1.460616192069711348e-03,1.163766973041781831e-04,1.121426836939485401e-04,9.993241589801400426e-01,-1.909186926845505509e-03,-1.909186926845505509e-03,1.780139287156233985e-04,1.554460748959975006e-04,1.554460748959975006e-04,1.203043082620366706e-04
8.059047825479160876e-01,1.165383206054090842e-04,1.155229362607166970e-04,-4.415127651908253860e-06,9.996550534287328427e-01,-1.465681946250807673e-03,-1.465681946250807673e-03,1.165383206054090842e-04,1.121231929535008304e-04,9.993186838498723246e-01,-1.914174718064810994e-03,-1.914174718064810994e-03,1.782437029040964671e-04,1.549387399319877509e-04,1.549387399319877509e-04,1.197600893878931431e-04
8.082073676409100571e-01,1.166992237727044291e-04,1.150603562022700177e-04,-4.595544508793555916e-06,9.996495235204567731e-01,-1.470677991235357128e-03,-1.470677991235357128e-03,1.166992237727044291e-04,1.121036792639108732e-04,9.993132124826650253e-01,-1.919092708291000567e-03,-1.919092708291000567e-03,1.784724180740233392e-04,1.544264808288276967e-04,1.544264808288276967e-04,1.192171699581984825e-04
8.105099527339041376e-01,1.168594084539499844e-04,1.145975041875275171e-04,-4.775259806581421134e-06,9.996439974811908158e-01,-1.475604282155225117e-03,-1.475604282155225117e-03,1.168594084539499844e-04,1.120841486473685633e-04,9.993077450352486624e-01,-1.923940876744699479e-03,-1.923940876744699479e-03,1.787000819908231004e-04,1.539093326224097924e-04,1.539093326224097924e-04,1.186755755533946825e-04
8.128125378268982182e-01,1.170188763263970918e-04,1.141344024144683812e-04,-4.954269483130994164e-06,9.996384754833093078e-01,-1.480460781913646310e-03,-1.480460781913646310e-03,1.170188763263970918e-04,1.120646068432660977e-04,9.993022816627794569e-01,-1.928719209286710755e-03,-1.928719209286710755e-03,1.789267020294018295e-04,1.533873300412589712e-04,1.533873300412589712e-04,1.181353300276099968e-04
8.151151229198921877e-01,1.171776290948290658e-04,1.136710729074456139e-04,-5.132569774563146931e-06,9.996329576967984964e-01,-1.485247461077335903e-03,-1.485247461077335903e-03,1.171776290948290658e-04,1.120450593202659188e-04,9.992968225188376685e-01,-1.933427698358399470e-03,-1.933427698358399470e-03,1.791522851923720461e-04,1.528605075240116646e-04,1.528605075240116646e-04,1.175964555326045746e-04
8.174177080128862682e-01,1.173356684897359793e-04,1.132075375189263574e-04,-5.310157200915399688e-06,9.996274442892947310e-01,-1.489964297765193017e-03,-1.489964297765193017e-03,1.173356684897359793e-04,1.120255112888205796e-04,9.992913677554282614e-01,-1.938066342920475443e-03,-1.938066342920475443e-03,1.793768381291625607e-04,1.523288992373521386e-04,1.523288992373521386e-04,1.170589725533662673e-04
8.197202931058803488e-01,1.174929962655101452e-04,1.127438179304504759e-04,-5.487028551569268038e-06,9.996219354261223211e-01,-1.494611277534538610e-03,-1.494611277534538610e-03,1.174929962655101452e-04,1.120059677139408771e-04,9.992859175229804602e-01,-1.942635148390302064e-03,-1.942635148390302064e-03,1.796003671556808869e-04,1.517925390941002653e-04,1.517925390941002653e-04,1.165228999528594337e-04
8.220228781988743183e-01,1.176496141986767524e-04,1.122799356528261593e-04,-5.663180870660953895e-06,9.996164312703335053e-01,-1.499188393265789331e-03,-1.499188393265789331e-03,1.176496141986767524e-04,1.119864333280157985e-04,9.992804719703494154e-01,-1.947134126577852471e-03,-1.947134126577852471e-03,1.798228782741967239e-04,1.512514607711582134e-04,1.512514607711582134e-04,1.159882550247006317e-04
8.243254632918683988e-01,1.178055240861682903e-04,1.118159120256525900e-04,-5.838611442632969184e-06,9.996109319827485296e-01,-1.503695645046299783e-03,-1.503695645046299783e-03,1.178055240861682903e-04,1.119669126435353211e-04,9.992750312448178684e-01,-1.951563295620441013e-03,-1.951563295620441013e-03,1.800443771931934268e-04,1.507056977270988362e-04,1.507056977270988362e-04,1.154550535523043265e-04
8.266280483848624794e-01,1.179607277436540101e-04,1.113517682163216632e-04,-6.013317778083305263e-06,9.996054377219948384e-01,-1.508133040054064058e-03,-1.508133040054064058e-03,1.179607277436540101e-04,1.119474099655707049e-04,9.992695954920981505e-01,-1.955922679916346878e-03,-1.955922679916346878e-03,1.802648693469356331e-04,1.501552832191867519e-04,1.501552832191867519e-04,1.149233098725719758e-04
8.289306334778565599e-01,1.181152270039302371e-04,1.108875252186868174e-04,-6.187297600016299255e-06,9.995999486445465987e-01,-1.512500592441798266e-03,-1.512500592441798266e-03,1.181152270039302371e-04,1.119279294039139379e-04,9.992641648563348467e-01,-1.960212310057453909e-03,-1.960212310057453909e-03,1.804843599145813081e-04,1.496002503196949623e-04,1.496002503196949623e-04,1.143930369421919683e-04
8.312332185708505294e-01,1.182690237153751384e-04,1.104232038510520695e-04,-6.360548830575523120e-06,9.995944649047630026e-01,-1.516798323221814956e-03,-1.516798323221814956e-03,1.182690237153751384e-04,1.119084748847996153e-04,9.992587394801085710e-01,-1.964432222761013525e-03,-1.964432222761013525e-03,1.807028538387027363e-04,1.490406319314152865e-04,1.490406319314152865e-04,1.138642464085055716e-04
8.335358036638446100e-01,1.184221197404729069e-04,1.099588247543959970e-04,-6.533069578328748461e-06,9.995889866549255709e-01,-1.521026260152069133e-03,-1.521026260152069133e-03,1.184221197404729069e-04,1.118890501621441584e-04,9.992533195044391858e-01,-1.968582460800645875e-03,-1.968582460800645875e-03,1.809203558430970632e-04,1.484764608022767947e-04,1.484764608022767947e-04,1.133369486780211636e-04
8.358383887568386905e-01,1.185745169544087440e-04,1.094944083898065698e-04,-6.704858126149425821e-06,9.995835140452745682e-01,-1.525184437623634988e-03,-1.525184437623634988e-03,1.185745169544087440e-04,1.118696588282593182e-04,9.992479050687897990e-01,-1.972663072936672261e-03,-1.972663072936672261e-03,1.811368704498055862e-04,1.479077695390227471e-04,1.479077695390227471e-04,1.128111529894976043e-04
8.381409738498326600e-01,1.187262172437455771e-04,1.090299750361930364e-04,-6.875912919783122254e-06,9.995780472240437531e-01,-1.529272896550035524e-03,-1.529272896550035524e-03,1.187262172437455771e-04,1.118503043239624548e-04,9.992424963110718705e-01,-1.976674113845885289e-03,-1.976674113845885289e-03,1.813524019951908458e-04,1.473345906198426881e-04,1.473345906198426881e-04,1.122868674834284221e-04
8.404435589428267406e-01,1.188772225051659920e-04,1.085655447878097280e-04,-7.046232557008088129e-06,9.995725863374939069e-01,-1.533291684258204779e-03,-1.533291684258204779e-03,1.188772225051659920e-04,1.118309899481579039e-04,9.992370933676494316e-01,-1.980615644050836340e-03,-1.980615644050836340e-03,1.815669546452071805e-04,1.467569564060859221e-04,1.467569564060859221e-04,1.117640992716510760e-04
8.427461440358208211e-01,1.190275346442910083e-04,1.081011375517603606e-04,-7.215815777472420309e-06,9.995671315299454740e-01,-1.537240854381451919e-03,-1.537240854381451919e-03,1.190275346442910083e-04,1.118117188668185880e-04,9.992316963733449686e-01,-1.984487729848726217e-03,-1.984487729848726217e-03,1.817805324097220064e-04,1.461748991529638090e-04,1.461748991529638090e-04,1.112428545052939464e-04
8.450487291288147906e-01,1.191771555745724449e-04,1.076367730453854876e-04,-7.384661453189308934e-06,9.995616829438080941e-01,-1.541120466754439776e-03,-1.541120466754439776e-03,1.191771555745724449e-04,1.117924941213831359e-04,9.992263054614439755e-01,-1.988290443239972265e-03,-1.988290443239972265e-03,1.819931391559080191e-04,1.455884510192759793e-04,1.455884510192759793e-04,1.107231384417657995e-04
8.473513142218088712e-01,1.193260872162622501e-04,1.071724707939385391e-04,-7.552768579706834145e-06,9.995562407196113552e-01,-1.544930587310319649e-03,-1.544930587310319649e-03,1.193260872162622501e-04,1.117733186365554160e-04,9.992209207637017254e-01,-1.992023861856541313e-03,-1.992023861856541313e-03,1.822047786206695049e-04,1.449976440761558609e-04,1.449976440761558609e-04,1.102049555076289422e-04
8.496538993148029517e-01,1.194743314954442148e-04,1.067082501282369658e-04,-7.720136267858895168e-06,9.995508049960312169e-01,-1.548671287979736574e-03,-1.548671287979736574e-03,1.194743314954442148e-04,1.117541952275853196e-04,9.992155424103484895e-01,-1.995688068890077906e-03,-1.995688068890077906e-03,1.824154544222432233e-04,1.444025103149631020e-04,1.444025103149631020e-04,1.096883093600506355e-04
8.519564844077969212e-01,1.196218903431380952e-04,1.062441301823389972e-04,-7.886763736149083074e-06,9.995453759099173219e-01,-1.552342646591958969e-03,-1.552342646591958969e-03,1.196218903431380952e-04,1.117351266069890122e-04,9.992101705300963088e-01,-1.999283153019915018e-03,-1.999283153019915018e-03,1.826251700708817827e-04,1.438030816542737206e-04,1.438030816542737206e-04,1.091732029460596630e-04
8.542590695007910018e-01,1.197687656944664995e-04,1.057801298916142359e-04,-8.052650303698487754e-06,9.995399535963173099e-01,-1.555944746777939910e-03,-1.555944746777939910e-03,1.197687656944664995e-04,1.117161153907680118e-04,9.992048052501449895e-01,-2.002809208341011903e-03,-2.002809208341011903e-03,1.828339289787216419e-04,1.431993899460665891e-04,1.431993899460665891e-04,1.086596385571754025e-04
8.565616545937850823e-01,1.199149594878832738e-04,1.053162679907104939e-04,-8.217795383739983435e-06,9.995345381885015756e-01,-1.559477677875282468e-03,-1.559477677875282468e-03,1.199149594878832738e-04,1.116971641041432904e-04,9.991994466961890975e-01,-2.006266334291855521e-03,-2.006266334291855521e-03,1.830417344688548735e-04,1.425914669811400269e-04,1.425914669811400269e-04,1.081476178830637308e-04
8.588642396867790518e-01,1.200604736644666029e-04,1.048525630120073003e-04,-8.382198477663139829e-06,9.995291298179848072e-01,-1.562941534835187189e-03,-1.562941534835187189e-03,1.200604736644666029e-04,1.116782751868034630e-04,9.991940949924243975e-01,-2.009654635582400987e-03,-2.009654635582400987e-03,1.832485897835915440e-04,1.419793444937691540e-04,1.419793444937691540e-04,1.076371420596876485e-04
8.611668247797731324e-01,1.202053101672701148e-04,1.043890332836864415e-04,-8.545859169557784964e-06,9.995237286145483013e-01,-1.566336418131210849e-03,-1.566336418131210849e-03,1.202053101672701148e-04,1.116594509977123298e-04,9.991887502615551808e-01,-2.012974222122060168e-03,-2.012974222122060168e-03,1.834544980919872745e-04,1.413630541656775126e-04,1.413630541656775126e-04,1.071282117186500257e-04
8.634694098727672129e-01,1.203494709407041676e-04,1.039256969287329232e-04,-8.708777121079643827e-06,9.995183347062598367e-01,-1.569662433669254684e-03,-1.569662433669254684e-03,1.203494709407041676e-04,1.116406938196245238e-04,9.991834126248009262e-01,-2.016225208947752725e-03,-2.016225208947752725e-03,1.836594624969168201e-04,1.407426276295489613e-04,1.407426276295489613e-04,1.066208270288647632e-04
8.657719949657611824e-01,1.204929579300028557e-04,1.034625718636409883e-04,-8.870952066952091965e-06,9.995129482194927695e-01,-1.572919692699936787e-03,-1.572919692699936787e-03,1.204929579300028557e-04,1.116220058630507637e-04,9.991780822019036279e-01,-2.019407716152139733e-03,-2.019407716152139733e-03,1.838634860411774233e-04,1.401180964717137038e-04,1.401180964717137038e-04,1.061149877376747129e-04
8.680745800587552630e-01,1.206357730807115070e-04,1.029996757972517714e-04,-9.032383810706894360e-06,9.995075692789452404e-01,-1.576108311731945488e-03,-1.576108311731945488e-03,1.206357730807115070e-04,1.116033892700046126e-04,9.991727591111352336e-01,-2.022521868811963993e-03,-2.022521868811963993e-03,1.840665717132600491e-04,1.394894922344955062e-04,1.394894922344955062e-04,1.056106932106121632e-04
8.703771651517493435e-01,1.207779183382275508e-04,1.025370262301794031e-04,-9.193072220846929335e-06,9.995021980076570500e-01,-1.579228412447066529e-03,-1.579228412447066529e-03,1.207779183382275508e-04,1.115848461173806215e-04,9.991674434693048612e-01,-2.025567796916588961e-03,-2.025567796916588961e-03,1.842687224524862269e-04,1.388568464180117701e-04,1.388568464180117701e-04,1.051079424650549002e-04
8.726797502447434240e-01,1.209193956473859731e-04,1.020746404542362338e-04,-9.353017227365398138e-06,9.994968345270264232e-01,-1.582280121616661765e-03,-1.582280121616661765e-03,1.209193956473859731e-04,1.115663784200205750e-04,9.991621353917663484e-01,-2.028545635296744119e-03,-2.028545635296744119e-03,1.844699411536118434e-04,1.382201904815138235e-04,1.382201904815138235e-04,1.046067342025557478e-04
8.749823353377373936e-01,1.210602069520692610e-04,1.016125355516569383e-04,-9.512218818498991801e-06,9.994914789568266622e-01,-1.585263571019185228e-03,-1.585263571019185228e-03,1.210602069520692610e-04,1.115479881335702691e-04,9.991568349924259129e-01,-2.031455523553466359e-03,-2.031455523553466359e-03,1.846702306710925300e-04,1.375795558444195966e-04,1.375795558444195966e-04,1.041070668421150791e-04
8.772849204307314741e-01,1.212003541948711917e-04,1.011507283953119133e-04,-9.670677037867820018e-06,9.994861314152205800e-01,-1.588178897359309241e-03,-1.588178897359309241e-03,1.212003541948711917e-04,1.115296771570033717e-04,9.991515423837495913e-01,-2.034297605987322836e-03,-2.034297605987322836e-03,1.848695938227576168e-04,1.369349738868707385e-04,1.369349738868707385e-04,1.036089385441486637e-04
8.795875055237255546e-01,1.213398393167788094e-04,1.006892356482246454e-04,-9.828391981794531540e-06,9.994807920187759320e-01,-1.591026242187923954e-03,-1.591026242187923954e-03,1.213398393167788094e-04,1.115114473349842778e-04,9.991462576767710102e-01,-2.037072031527861066e-03,-2.037072031527861066e-03,1.850680333932272405e-04,1.362864759500610496e-04,1.362864759500610496e-04,1.031123472393929719e-04
8.818900906167195242e-01,1.214786642568890139e-04,1.002280737638209959e-04,-9.985363796884808604e-06,9.994754608824795161e-01,-1.593805751823321485e-03,-1.593805751823321485e-03,1.214786642568890139e-04,1.114933004600042053e-04,9.991409809810994913e-01,-2.039778953663338307e-03,-2.039778953663338307e-03,1.852655521369348283e-04,1.356340933362490311e-04,1.356340933362490311e-04,1.026172906511091073e-04
8.841926757097136047e-01,1.216168309521562272e-04,9.976725898630677447e-05,-1.014159267784066668e-05,9.994701381197500512e-01,-1.596517577273487030e-03,-1.596517577273487030e-03,1.216168309521562272e-04,1.114752382743155605e-04,9.991357124049271565e-01,-2.042418530370749327e-03,-2.042418530370749327e-03,1.854621527807988703e-04,1.349778573084946406e-04,1.349778573084946406e-04,1.021237663153259310e-04
8.864952608027076852e-01,1.217543413371602513e-04,9.930680735069781192e-05,-1.029707886544023346e-05,9.994648238424524989e-01,-1.599161874159262539e-03,-1.599161874159262539e-03,1.217543413371602513e-04,1.114572624717200178e-04,9.991304520550373658e-01,-2.044990924046142557e-03,-2.044990924046142557e-03,1.856578380266493374e-04,1.343177990902021113e-04,1.343177990902021113e-04,1.016317716032776129e-04
8.887978458957016548e-01,1.218911973438943072e-04,9.884673468376183395e-05,-1.045182264467851830e-05,9.994595181609103873e-01,-1.601738802638364963e-03,-1.601738802638364963e-03,1.218911973438943072e-04,1.114393746992157889e-04,9.991252000368127106e-01,-2.047496301435228119e-03,-2.047496301435228119e-03,1.858526105534146519e-04,1.336539498644769930e-04,1.336539498644769930e-04,1.011413037360505248e-04
8.911004309886957353e-01,1.220274009016029872e-04,9.838705660407868852e-05,-1.060582434321822286e-05,9.994542211839175794e-01,-1.604248527330856674e-03,-1.604248527330856674e-03,1.220274009016029872e-04,1.114215765583847644e-04,9.991199564542424527e-01,-2.049934833564395677e-03,-2.049934833564395677e-03,1.860464730188237498e-04,1.329863407731438107e-04,1.329863407731438107e-04,1.006523598046293666e-04
8.934030160816898158e-01,1.221629539365767173e-04,9.792778852345448428e-05,-1.075908432965180567e-05,9.994489330187518172e-01,-1.606691217244182648e-03,-1.606691217244182648e-03,1.221629539365767173e-04,1.114038696069249117e-04,9.991147214099310725e-01,-2.052306695671882349e-03,-2.052306695671882349e-03,1.862394280614383093e-04,1.323150029159736246e-04,1.323150029159736246e-04,1.001649367807343492e-04
8.957056011746837854e-01,1.222978583720331727e-04,9.746894564727140843e-05,-1.091160301225997577e-05,9.994436537711851587e-01,-1.609067045700376909e-03,-1.609067045700376909e-03,1.222978583720331727e-04,1.113862553597731969e-04,9.991094950051058188e-01,-2.054612067139469696e-03,-2.054612067139469696e-03,1.864314783018892021e-04,1.316399673493748562e-04,1.316399673493748562e-04,9.967903153323730357e-05
8.980081862676778659e-01,1.224321161279776050e-04,9.701054297577558268e-05,-1.106338083768926425e-05,9.994383835454961895e-01,-1.611376190263274187e-03,-1.611376190263274187e-03,1.224321161279776050e-04,1.113687352902883407e-04,9.991042773396253684e-01,-2.056851131424427496e-03,-2.056851131424427496e-03,1.866226263442633503e-04,1.309612650851854057e-04,1.309612650851854057e-04,9.919464083785353942e-05
9.003107713606719464e-01,1.225657291210822388e-04,9.655259530488556640e-05,-1.121441828975850731e-05,9.994331224444811257e-01,-1.613618832666526481e-03,-1.613618832666526481e-03,1.225657291210822388e-04,1.113513108313237315e-04,9.990990685119871539e-01,-2.059024075991821353e-03,-2.059024075991821353e-03,1.868128747772946686e-04,1.302789270893382702e-04,1.302789270893382702e-04,9.871176139007865446e-05
9.026133564536660270e-01,1.226986992645792609e-04,9.609511722763628349e-05,-1.136471588836168798e-05,9.994278705694651377e-01,-1.615795158742307875e-03,-1.615795158742307875e-03,1.226986992645792609e-04,1.113339833762175729e-04,9.990938686193364671e-01,-2.061131092247178113e-03,-2.061131092247178113e-03,1.870022261754121626e-04,1.295929842804386094e-04,1.295929842804386094e-04,9.823038981253477643e-05
9.049159415466599965e-01,1.228310284681725657e-04,9.563812313492975109e-05,-1.151427418848936226e-05,9.994226280203126755e-01,-1.617905358350814511e-03,-1.617905358350814511e-03,1.228310284681725657e-04,1.113167542796832034e-04,9.990886777574736755e-01,-2.063172375469547216e-03,-2.063172375469547216e-03,1.871906830996059891e-04,1.289034675282338556e-04,1.289034675282338556e-04,9.775052266736178775e-05
9.072185266396540770e-01,1.229627186379504775e-04,9.518162721736106576e-05,-1.166309377927504914e-05,9.994173948954391262e-01,-1.619949625310189998e-03,-1.619949625310189998e-03,1.229627186379504775e-04,1.112996248586754284e-04,9.990834960208631044e-01,-2.065148124744891657e-03,-2.065148124744891657e-03,1.873782480982660870e-04,1.282104076520762873e-04,1.282104076520762873e-04,9.727215645977117765e-05
9.095211117326481576e-01,1.230937716763136781e-04,9.472564346604177375e-05,-1.181117528313738272e-05,9.994121712918202505e-01,-1.621928157327182226e-03,-1.621928157327182226e-03,1.230937716763136781e-04,1.112825963931762954e-04,9.990783235026406972e-01,-2.067058542899887462e-03,-2.067058542899887462e-03,1.875649237078746024e-04,1.275138354193075139e-04,1.275138354193075139e-04,9.679528764931855989e-05
9.118236968256421271e-01,1.232241894819095850e-04,9.427018567463476932e-05,-1.195851935497015898e-05,9.994069573050037292e-01,-1.623841155928334046e-03,-1.623841155928334046e-03,1.232241894819095850e-04,1.112656701269394260e-04,9.990731602946228973e-01,-2.068903836436091805e-03,-2.068903836436091805e-03,1.877507124536311486e-04,1.268137815436155846e-04,1.268137815436155846e-04,9.631991265092093905e-05
9.141262819186362076e-01,1.233539739495789550e-04,9.381526744007725441e-05,-1.210512668140721962e-05,9.994017530291187112e-01,-1.625688826391830967e-03,-1.625688826391830967e-03,1.233539739495789550e-04,1.112488472681717354e-04,9.990680064873141975e-01,-2.070684215464517908e-03,-2.070684215464517908e-03,1.879356168499652811e-04,1.261102766833398377e-04,1.261102766833398377e-04,9.584602784633751698e-05
9.164288670116302882e-01,1.234831269702930273e-04,9.336090216450267662e-05,-1.225099798005617859e-05,9.993965585568866938e-01,-1.627471377679595189e-03,-1.627471377679595189e-03,1.234831269702930273e-04,1.112321289902368487e-04,9.990628621699160217e-01,-2.072399893640542584e-03,-2.072399893640542584e-03,1.881196394011102301e-04,1.254033514398309097e-04,1.254033514398309097e-04,9.537362958594714749e-05
9.187314521046242577e-01,1.236116504311260661e-04,9.290710305690373281e-05,-1.239613399891363057e-05,9.993913739796314033e-01,-1.629189022370473167e-03,-1.629189022370473167e-03,1.236116504311260661e-04,1.112155164322124355e-04,9.990577274303347188e-01,-2.074051088099322909e-03,-2.074051088099322909e-03,1.883027826013874224e-04,1.246930363556563262e-04,1.246930363556563262e-04,9.490271419143376955e-05
9.210340371976183382e-01,1.237395462152110980e-04,9.245388313409503211e-05,-1.254053551571103823e-05,9.993861993872883431e-01,-1.630841976593527896e-03,-1.630841976593527896e-03,1.237395462152110980e-04,1.111990106995000598e-04,9.990526023551898893e-01,-2.075638019391528189e-03,-2.075638019391528189e-03,1.884850489356130034e-04,1.239793619129008525e-04,1.239793619129008525e-04,9.443327796489569778e-05
9.233366222906124188e-01,1.238668162016936440e-04,9.200125522307680583e-05,-1.268420333726079569e-05,9.993810348684160072e-01,-1.632430459961728680e-03,-1.632430459961728680e-03,1.238668162016936440e-04,1.111826128644328483e-04,9.990474870298227117e-01,-2.077160911419460073e-03,-2.077160911419460073e-03,1.886664408795153626e-04,1.232623585314946270e-04,1.232623585314946270e-04,9.396531718609978556e-05
9.256392073836063883e-01,1.239934622657095200e-04,9.154923196212515397e-05,-1.282713829892686685e-05,9.993758805102048726e-01,-1.633954695506520827e-03,-1.633954695506520827e-03,1.239934622657095200e-04,1.111663239667826531e-04,9.990423815383044914e-01,-2.078619991373651440e-03,-2.078619991373651440e-03,1.888469608999531401e-04,1.225420565674458298e-04,1.225420565674458298e-04,9.349882811965445244e-05
9.279417924766004688e-01,1.241194862783642642e-04,9.109782580232395521e-05,-1.296934126410871863e-05,9.993707363984872805e-01,-1.635414909612852019e-03,-1.635414909612852019e-03,1.241194862783642642e-04,1.111501450142555455e-04,9.990372859634445435e-01,-2.080015489669874255e-03,-2.080015489669874255e-03,1.890266114551201408e-04,1.218184863110908757e-04,1.218184863110908757e-04,9.303380701837157818e-05
9.302443775695945494e-01,1.242448901067024272e-04,9.064704900980053240e-05,-1.311081312368653478e-05,9.993656026177483165e-01,-1.636811331954454111e-03,-1.636811331954454111e-03,1.242448901067024272e-04,1.111340769830158925e-04,9.990322003867992962e-01,-2.081347639886517789e-03,-2.081347639886517789e-03,1.892053949948218326e-04,1.210916779854109734e-04,1.210916779854109734e-04,9.257025012077397619e-05
9.325469626625885189e-01,1.243696756136880295e-04,9.019691366675896497e-05,-1.325155479552442088e-05,9.993604792511344703e-01,-1.638144195429764183e-03,-1.638144195429764183e-03,1.243696756136880295e-04,1.111181208181636086e-04,9.990271248886799516e-01,-2.082616678702418726e-03,-2.082616678702418726e-03,1.893833139606642963e-04,1.203616617443224062e-04,1.203616617443224062e-04,9.210815365851261034e-05
9.348495477555825994e-01,1.244938446581870238e-04,8.974743167350811626e-05,-1.339156722399031962e-05,9.993553663804638498e-01,-1.639413736098331749e-03,-1.639413736098331749e-03,1.244938446581870238e-04,1.111022774341967041e-04,9.990220595481612564e-01,-2.083822845835118457e-03,-2.083822845835118457e-03,1.895603707862220056e-04,1.196284676709797424e-04,1.196284676709797424e-04,9.164751385505153902e-05
9.371521328485766800e-01,1.246173990949529028e-04,8.929861475009909049e-05,-1.353085137949447945e-05,9.993502640862361730e-01,-1.640620193117716882e-03,-1.640620193117716882e-03,1.246173990949529028e-04,1.110865477154584233e-04,9.990170044430898288e-01,-2.084966383979550576e-03,-2.084966383979550576e-03,1.897365678971826494e-04,1.188921257760938173e-04,1.188921257760938173e-04,9.118832692752122323e-05
9.394547179415706495e-01,1.247403407746136615e-04,8.885047443788210637e-05,-1.366940825804097441e-05,9.993451724476424269e-01,-1.641763808680867789e-03,-1.641763808680867789e-03,1.247403407746136615e-04,1.110709325165726871e-04,9.990119596500927068e-01,-2.086047538747158592e-03,-2.086047538747158592e-03,1.899119077114766398e-04,1.181526659962652063e-04,1.181526659962652063e-04,9.073058908913572826e-05
9.417573030345647300e-01,1.248626715436547483e-04,8.840302210125779538e-05,-1.380723888076462779e-05,9.993400915425739717e-01,-1.642844827953878276e-03,-1.642844827953878276e-03,1.248626715436547483e-04,1.110554326628901205e-04,9.990069252445853420e-01,-2.087066558605438649e-03,-2.087066558605438649e-03,1.900863926394397694e-04,1.174101181923642911e-04,1.174101181923642911e-04,9.027429654995074355e-05
9.440598881275588106e-01,1.249843932444146466e-04,8.795626892920766155e-05,-1.394434429353184955e-05,9.993350214476333093e-01,-1.643863499014418077e-03,-1.643863499014418077e-03,1.249843932444146466e-04,1.110400489508827970e-04,9.990019013007807036e-01,-2.088023694817949319e-03,-2.088023694817949319e-03,1.902600250838730326e-04,1.166645121478788408e-04,1.166645121478788408e-04,8.981944551905180092e-05
9.463624732205528911e-01,1.251055077150817847e-04,8.751022593744776771e-05,-1.408072556654727425e-05,9.993299622381424108e-01,-1.644820072790642617e-03,-1.644820072790642617e-03,1.251055077150817847e-04,1.110247821485345105e-04,9.989968878916968276e-01,-2.088919201384780659e-03,-2.088919201384780659e-03,1.904328074401032047e-04,1.159158775672939159e-04,1.159158775672939159e-04,8.936603220106947257e-05
9.486650583135468606e-01,1.252260167896623356e-04,8.706490396957187767e-05,-1.421638379384239706e-05,9.993249139881537069e-01,-1.645714803000060487e-03,-1.645714803000060487e-03,1.252260167896623356e-04,1.110096329958199386e-04,9.989918850891662538e-01,-2.089753334983340295e-03,-2.089753334983340295e-03,1.906047420962438913e-04,1.151642440745985420e-04,1.151642440745985420e-04,8.891405280243941888e-05
9.509676434065409412e-01,1.253459222980062102e-04,8.662031369874958781e-05,-1.435132009301784536e-05,9.993198767704585261e-01,-1.646547946089866547e-03,-1.646547946089866547e-03,1.253459222980062102e-04,1.109946022049883649e-04,9.989868929638435757e-01,-2.090526354909819952e-03,-2.090526354909819952e-03,1.907758314330413273e-04,1.144096412116053459e-04,1.144096412116053459e-04,8.846350353088892383e-05
9.532702284995350217e-01,1.254652260657688936e-04,8.617646562991564303e-05,-1.448553560471393573e-05,9.993148506565976419e-01,-1.647319761176635131e-03,-1.647319761176635131e-03,1.254652260657688936e-04,1.109796904610549579e-04,9.989819115852144327e-01,-2.091238523020854962e-03,-2.091238523020854962e-03,1.909460778241807996e-04,1.136520984365346553e-04,1.136520984365346553e-04,8.801438059229205820e-05
9.555728135925289912e-01,1.255839299144371948e-04,8.573337010071786822e-05,-1.461903149235909837e-05,9.993098357168698209e-01,-1.648030509987576022e-03,-1.648030509987576022e-03,1.255839299144371948e-04,1.109648984220780964e-04,9.989769410216036150e-01,-2.091890103675888516e-03,-2.091890103675888516e-03,1.911154836361327991e-04,1.128916451223888593e-04,1.128916451223888593e-04,8.756668019666705226e-05
9.578753986855230718e-01,1.257020356613009762e-04,8.529103728377209197e-05,-1.475180894169156776e-05,9.993048320203424817e-01,-1.648680456801339400e-03,-1.648680456801339400e-03,1.257020356613009762e-04,1.109502267196094084e-04,9.989719813401836124e-01,-2.092481363679777034e-03,-2.092481363679777034e-03,1.912840512283871806e-04,1.121283105555514434e-04,1.121283105555514434e-04,8.712039855388032088e-05
9.601779837785171523e-01,1.258195451194523947e-04,8.484947718808016101e-05,-1.488386916040213806e-05,9.992998396348605761e-01,-1.649269868389762091e-03,-1.649269868389762091e-03,1.258195451194523947e-04,1.109356759590502566e-04,9.989670326069833850e-01,-2.093012572225963226e-03,-2.093012572225963226e-03,1.914517829534897824e-04,1.113621239343107530e-04,1.113621239343107530e-04,8.667553187596563975e-05
9.624805688715111218e-01,1.259364600977943855e-04,8.440869966035559422e-05,-1.501521337781813173e-05,9.992948586270561373e-01,-1.649799013960239402e-03,-1.649799013960239402e-03,1.259364600977943855e-04,1.109212467199762538e-04,9.989620948868962458e-01,-2.093484000840144417e-03,-2.093484000840144417e-03,1.916186811570156192e-04,1.105931143673815351e-04,1.105931143673815351e-04,8.623207637995524116e-05
9.647831539645052024e-01,1.260527824010316904e-04,8.396871438738271170e-05,-1.514584284451835864e-05,9.992898890623579389e-01,-1.650268165098280840e-03,-1.650268165098280840e-03,1.260527824010316904e-04,1.109069395565133318e-04,9.989571682436884092e-01,-2.093895923324334222e-03,-2.093895923324334222e-03,1.917847481776643187e-04,1.098213108725116025e-04,1.098213108725116025e-04,8.579002828157141077e-05
9.670857390574992829e-01,1.261685138296657620e-04,8.352953089648944176e-05,-1.527575883196675066e-05,9.992849310050008205e-01,-1.650677595710610315e-03,-1.650677595710610315e-03,1.261685138296657620e-04,1.108927549976990114e-04,9.989522527400077623e-01,-2.094248615701406468e-03,-2.094248615701406468e-03,1.919499863473307850e-04,1.090467423751038809e-04,1.090467423751038809e-04,8.534938380614197763e-05
9.693883241504932524e-01,1.262836561799884482e-04,8.309115855876761825e-05,-1.540496263214672799e-05,9.992799845180353469e-01,-1.651027581968733194e-03,-1.651027581968733194e-03,1.262836561799884482e-04,1.108786935478417202e-04,9.989473484373918577e-01,-2.094542356160100129e-03,-2.094542356160100129e-03,1.921143979911791677e-04,1.082694377068632298e-04,1.082694377068632298e-04,8.491013917389645912e-05
9.716909092434873330e-01,1.263982112441126209e-04,8.265360658882770688e-05,-1.553345555734511770e-05,9.992750496633370227e-01,-1.651318402253569573e-03,-1.651318402253569573e-03,1.263982112441126209e-04,1.108647556867675032e-04,9.989424553962766851e-01,-2.094777425000639640e-03,-2.094777425000639640e-03,1.922779854274722091e-04,1.074894256043586139e-04,1.074894256043586139e-04,8.447229061634304323e-05
9.739934943364814135e-01,1.265121808099053350e-04,8.221688404764690948e-05,-1.566123893954929661e-05,9.992701265016158407e-01,-1.651550337099013960e-03,-1.651550337099013960e-03,1.265121808099053350e-04,1.108509418703560384e-04,9.989375736760047753e-01,-2.094954104580438060e-03,-2.094954104580438060e-03,1.924407509680574541e-04,1.067067347079120267e-04,1.067067347079120267e-04,8.403583436656217375e-05
9.762960794294754940e-01,1.266255666610606055e-04,8.178099984398908939e-05,-1.578831413040582905e-05,9.992652150924258292e-01,-1.651723669138214145e-03,-1.651723669138214145e-03,1.266255666610606055e-04,1.108372525306547765e-04,9.989327033348338603e-01,-2.095072679260833251e-03,-2.095072679260833251e-03,1.926026969179131054e-04,1.059213935600840628e-04,1.059213935600840628e-04,8.360076665851186122e-05
9.785986645224694636e-01,1.267383705770349245e-04,8.134596273536725836e-05,-1.591468250063650196e-05,9.992603154941741561e-01,-1.651838683048148515e-03,-1.651838683048148515e-03,1.267383705770349245e-04,1.108236880763984226e-04,9.989278444299449777e-01,-2.095133435353742097e-03,-2.095133435353742097e-03,1.927638255756137424e-04,1.051334306045992030e-04,1.051334306045992030e-04,8.316708373467435764e-05
9.809012496154635441e-01,1.268505943331065672e-04,8.091178133001159325e-05,-1.604034543994474471e-05,9.992554277641304550e-01,-1.651895665496650204e-03,-1.651895665496650204e-03,1.268505943331065672e-04,1.108102488931618225e-04,9.989229970174510198e-01,-2.095136661069297440e-03,-2.095136661069297440e-03,1.929241392329747570e-04,1.043428741849331801e-04,1.043428741849331801e-04,8.273478184044378387e-05
9.832038347084576246e-01,1.269622397003126264e-04,8.047846408883111010e-05,-1.616530435644720901e-05,9.992505519584367057e-01,-1.651894905087997276e-03,-1.651894905087997276e-03,1.269622397003126264e-04,1.107969353438654174e-04,9.989181611524050597e-01,-2.095082646463459000e-03,-2.095082646463459000e-03,1.930836401755054420e-04,1.035497525432792459e-04,1.035497525432792459e-04,8.230385722191441145e-05
9.855064198014515942e-01,1.270733084455048767e-04,8.004601932570212970e-05,-1.628956067657097299e-05,9.992456881321155615e-01,-1.651836692310854103e-03,-1.651836692310854103e-03,1.270733084455048767e-04,1.107837477689339038e-04,9.989133368888087894e-01,-2.094971683386589664e-03,-2.094971683386589664e-03,1.932423306820782818e-04,1.027540938191982996e-04,1.027540938191982996e-04,8.187430613619265849e-05
9.878090048944456747e-01,1.271838023313035058e-04,7.961445521018348573e-05,-1.641311584455867065e-05,9.992408363390807846e-01,-1.651721319485115755e-03,-1.651721319485115755e-03,1.271838023313035058e-04,1.107706864867448351e-04,9.989085242796205133e-01,-2.094804065432095096e-03,-2.094804065432095096e-03,1.934002130252688505e-04,1.019559260485820916e-04,1.019559260485820916e-04,8.144612484123629932e-05
9.901115899874397552e-01,1.272937231161476381e-04,7.918377976821637727e-05,-1.653597132234638364e-05,9.992359966321454623e-01,-1.651549080710732571e-03,-1.651549080710732571e-03,1.272937231161476381e-04,1.107577517938012544e-04,9.989037233767640300e-01,-2.094580087885937643e-03,-2.094580087885937643e-03,1.935572894710684163e-04,1.011552771623782157e-04,1.011552771623782157e-04,8.101930960218661174e-05
9.924141750804337248e-01,1.274030725542426429e-04,7.875400088471699433e-05,-1.665812858905338855e-05,9.992311690630321097e-01,-1.651320271815450531e-03,-1.651320271815450531e-03,1.274030725542426429e-04,1.107449439651892544e-04,9.988989342311365149e-01,-2.094300047676207494e-03,-2.094300047676207494e-03,1.937135622792620574e-04,1.003521749856131347e-04,1.003521749856131347e-04,8.059385668213739839e-05
9.947167601734278053e-01,1.275118523955925791e-04,7.832512630300786740e-05,-1.677958914079681260e-05,9.992263536823811076e-01,-1.651035190304345115e-03,-1.651035190304345115e-03,1.275118523955925791e-04,1.107322632547957665e-04,9.988941568926167358e-01,-2.093964243323528235e-03,-2.093964243323528235e-03,1.938690337032579545e-04,9.954664723621393658e-05,9.954664723621393658e-05,8.016976236128203781e-05
9.970193452664218858e-01,1.276200643859963459e-04,7.789716362876138178e-05,-1.690035449037041162e-05,9.992215505397606945e-01,-1.650694135309288373e-03,-1.650694135309288373e-03,1.276200643859963459e-04,1.107197098956259342e-04,9.988893914100738236e-01,-2.093572974891792001e-03,-2.093572974891792001e-03,1.940237059901561288e-04,9.873872152395587315e-05,9.873872152395587315e-05,7.974702291274367706e-05
9.993219303594158553e-01,1.277277102670494992e-04,7.747012032971780369e-05,-1.702042616694996520e-05,9.992167596836752930e-01,-1.650297407539005586e-03,-1.650297407539005586e-03,1.277277102670494992e-04,1.107072841000995340e-04,9.988846378313750440e-01,-2.093126543939403776e-03,-2.093126543939403776e-03,1.941775813807737313e-04,9.792842534941099508e-05,9.792842534941099508e-05,7.932563461957001954e-05
1.001624515452409936e+00,1.278347917761063588e-04,7.704400373714090301e-05,-1.713980571565477116e-05,9.992119811615757241e-01,-1.649845309229033266e-03,-1.649845309229033266e-03,1.278347917761063588e-04,1.106949860604515876e-04,9.988798962033943463e-01,-2.092625253470839670e-03,-2.092625253470839670e-03,1.943306621099228422e-04,9.711578610301823192e-05,9.711578610301823192e-05,7.890559377581427448e-05
1.003927100545404016e+00,1.279413106463636270e-04,7.661882104869173959e-05,-1.725849469755574991e-05,9.992072150198666458e-01,-1.649338144093969371e-03,-1.649338144093969371e-03,1.279413106463636270e-04,1.106828159488078771e-04,9.988751665720202455e-01,-2.092069407889200934e-03,-2.092069407889200934e-03,1.944829504059324740e-04,9.630083106389318202e-05,9.630083106389318202e-05,7.848689666976520565e-05
1.006229685638398097e+00,1.280472686067880730e-04,7.619457932809579957e-05,-1.737649468911794774e-05,9.992024613039173220e-01,-1.648776217277913994e-03,-1.648776217277913994e-03,1.280472686067880730e-04,1.106707739176701253e-04,9.988704489821642607e-01,-2.091459312948594496e-03,-2.091459312948594496e-03,1.946344484911383046e-04,9.548358739902271296e-05,9.548358739902271296e-05,7.806953960349106818e-05
1.008532270731392178e+00,1.281526673821490854e-04,7.577128550725774532e-05,-1.749380728202762011e-05,9.991977200580696161e-01,-1.648159835306953983e-03,-1.648159835306953983e-03,1.281526673821490854e-04,1.106588601001214653e-04,9.988657434777692412e-01,-2.090795275707439844e-03,-2.090795275707439844e-03,1.947851585817228395e-04,9.466408216224021430e-05,9.466408216224021430e-05,7.765351888492360449e-05
1.010834855824386036e+00,1.282575086930168838e-04,7.534894638861265690e-05,-1.761043408289678655e-05,9.991929913256476503e-01,-1.647489306041632819e-03,-1.647489306041632819e-03,1.282575086930168838e-04,1.106470746101200972e-04,9.988610501018172494e-01,-2.090077604482113317e-03,-2.090077604482113317e-03,1.949350828877694051e-04,9.384234229330382245e-05,9.384234229330382245e-05,7.723883081817376080e-05
1.013137440917380117e+00,1.283617942557551187e-04,7.492756864468886821e-05,-1.772637671295118373e-05,9.991882751489661318e-01,-1.646764938629835962e-03,-1.646764938629835962e-03,1.283617942557551187e-04,1.106354175428039349e-04,9.988563688963376652e-01,-2.089306608801051648e-03,-2.089306608801051648e-03,1.950842236133496974e-04,9.301839461700729358e-05,9.301839461700729358e-05,7.682547172220498244e-05
1.015440026010374197e+00,1.284655257825329606e-04,7.450715882065738708e-05,-1.784163680779012821e-05,9.991835715693399012e-01,-1.645987043460452699e-03,-1.645987043460452699e-03,1.284655257825329606e-04,1.106238889747428324e-04,9.988516999024156240e-01,-2.088482599359424083e-03,-2.088482599359424083e-03,1.952325829564927474e-04,9.219226584227327177e-05,9.219226584227327177e-05,7.641343791858903412e-05
1.017742611103368278e+00,1.285687049813230944e-04,7.408772333539084907e-05,-1.795621601709849818e-05,9.991788806270923695e-01,-1.645155932117324657e-03,-1.645155932117324657e-03,1.285687049813230944e-04,1.106124889642245962e-04,9.988470431601996768e-01,-2.087605887974222987e-03,-2.087605887974222987e-03,1.953801631092413806e-04,9.136398256129824654e-05,9.136398256129824654e-05,7.600272573462423312e-05
1.020045196196362358e+00,1.286713335559037789e-04,7.366926848280210059e-05,-1.807011600437633339e-05,9.991742023615649559e-01,-1.644271917333748993e-03,-1.644271917333748993e-03,1.286713335559037789e-04,1.106012175515274455e-04,9.988423987089103395e-01,-2.086676787539858829e-03,-2.086676787539858829e-03,1.955269662576828186e-04,9.053357124871076473e-05,9.053357124871076473e-05,7.559333150339756055e-05
1.022347781289356439e+00,1.287734132058609342e-04,7.325180043317078803e-05,-1.818333844667088816e-05,9.991695368111253028e-01,-1.643335312947472515e-03,-1.643335312947472515e-03,1.287734132058609342e-04,1.105900747591900460e-04,9.988377665868477528e-01,-2.085695611984232645e-03,-2.085695611984232645e-03,1.956729945819802566e-04,8.970105826075189563e-05,8.970105826075189563e-05,7.518525156384640667e-05
1.024650366382350297e+00,1.288749456265904456e-04,7.283532523445944364e-05,-1.829588503431174725e-05,9.991648840131767129e-01,-1.642346433856179105e-03,-1.642346433856179105e-03,1.288749456265904456e-04,1.105790605922786984e-04,9.988331468313998984e-01,-2.084662676225293790e-03,-2.084662676225293790e-03,1.958182502564037900e-04,8.886646983447700065e-05,8.886646983447700065e-05,7.477848226081925905e-05
1.026952951475344378e+00,1.289759325093004405e-04,7.241984881361749617e-05,-1.840775747064874704e-05,9.991602440041662536e-01,-1.641305595973468947e-03,-1.641305595973468947e-03,1.289759325093004405e-04,1.105681750386516935e-04,9.988285394790502592e-01,-2.083578296128075612e-03,-2.083578296128075612e-03,1.959627354493613147e-04,8.802983208697848238e-05,8.802983208697848238e-05,7.437301994513550996e-05
1.029255536568338458e+00,1.290763755410137819e-04,7.200537697787416842e-05,-1.851895747179300035e-05,9.991556168195940835e-01,-1.640213116185331929e-03,-1.640213116185331929e-03,1.290763755410137819e-04,1.105574180692207815e-04,9.988239445653863680e-01,-2.082442788462215109e-03,-2.082442788462215109e-03,1.961064523234289114e-04,8.719117101463038028e-05,8.719117101463038028e-05,7.396886097364450464e-05
1.031558121661332539e+00,1.291762764045705349e-04,7.159191541602030230e-05,-1.862948676636050967e-05,9.991510024940217782e-01,-1.639069312307105683e-03,-1.639069312307105683e-03,1.291762764045705349e-04,1.105467896382100252e-04,9.988193621251071352e-01,-2.081256470859945730e-03,-2.081256470859945730e-03,1.962494030353809321e-04,8.635051249235298340e-05,8.635051249235298340e-05,7.356600170928335645e-05
1.033860706754326619e+00,1.292756367786307859e-04,7.117946969967869149e-05,-1.873934709521904668e-05,9.991464010610816571e-01,-1.637874503040928024e-03,-1.637874503040928024e-03,1.292756367786307859e-04,1.105362896834117392e-04,9.988147921920313976e-01,-2.080019661774575035e-03,-2.080019661774575035e-03,1.963915897362198434e-04,8.550788227289862580e-05,8.550788227289862580e-05,7.316443852113398941e-05
1.036163291847320700e+00,1.293744583376772717e-04,7.076804528456382944e-05,-1.884854021123743043e-05,9.991418125534844430e-01,-1.636629007933677058e-03,-1.636629007933677058e-03,1.293744583376772717e-04,1.105259181264398413e-04,9.988102347991051344e-01,-2.078732680439436369e-03,-2.078732680439436369e-03,1.965330145712058246e-04,8.466330598615767517e-05,8.466330598615767517e-05,7.276416778447925926e-05
1.038465876940314780e+00,1.294727427520184150e-04,7.035764751173021912e-05,-1.895706787903797693e-05,9.991372370030286998e-01,-1.635333147335393117e-03,-1.635333147335393117e-03,1.294727427520184150e-04,1.105156748729804381e-04,9.988056899784097942e-01,-2.077395846827314978e-03,-2.077395846827314978e-03,1.966736796798858788e-04,8.381680913848493157e-05,8.381680913848493157e-05,7.236518588085828838e-05
1.040768462033308639e+00,1.295704916877913064e-04,6.994828160881012532e-05,-1.906493187475155073e-05,9.991326744406089366e-01,-1.633987242358193783e-03,-1.633987242358193783e-03,1.295704916877913064e-04,1.105055598130397557e-04,9.988011577611698444e-01,-2.076009481610352914e-03,-2.076009481610352914e-03,1.968135871961227811e-04,8.296841711204609748e-05,8.296841711204609748e-05,7.196748919812066239e-05
1.043071047126302719e+00,1.296677068069647398e-04,6.953995269124033584e-05,-1.917213398577532709e-05,9.991281248962244899e-01,-1.632591614835666831e-03,-1.632591614835666831e-03,1.296677068069647398e-04,1.104955728211894127e-04,9.987966381777608760e-01,-2.074573906120424482e-03,-2.074573906120424482e-03,1.969527392481237556e-04,8.211815516418364148e-05,8.211815516418364148e-05,7.157107413048016589e-05
1.045373632219296800e+00,1.297643897673424651e-04,6.913266576347847374e-05,-1.927867601053331881e-05,9.991235883989872946e-01,-1.631146587282749543e-03,-1.631146587282749543e-03,1.297643897673424651e-04,1.104857137568091463e-04,9.987921312577168198e-01,-2.073089442309986128e-03,-2.073089442309986128e-03,1.970911379584686649e-04,8.126604842680326180e-05,8.126604842680326180e-05,7.117593707856694613e-05
1.047676217312290881e+00,1.298605422225666036e-04,6.872642572020825063e-05,-1.938455975823980329e-05,9.991190649771314325e-01,-1.629652482856087893e-03,-1.629652482856087893e-03,1.298605422225666036e-04,1.104759824643268003e-04,9.987876370297384954e-01,-2.071556412713395148e-03,-2.071556412713395148e-03,1.972287854441382533e-04,8.041212190577875423e-05,8.041212190577875423e-05,7.078207444947963607e-05
1.049978802405284961e+00,1.299561658221208733e-04,6.832123734753440657e-05,-1.948978704866494518e-05,9.991145546580210146e-01,-1.628109625314876031e-03,-1.628109625314876031e-03,1.299561658221208733e-04,1.104663787734559282e-04,9.987831555217006052e-01,-2.069975140408699798e-03,-2.069975140408699798e-03,1.973656838165417670e-04,7.955640048037678858e-05,7.955640048037678858e-05,7.038948265683627121e-05
1.052281387498279042e+00,1.300512622113343566e-04,6.791710532416725518e-05,-1.959435971190365798e-05,9.991100574681578417e-01,-1.626518338982172818e-03,-1.626518338982172818e-03,1.300512622113343566e-04,1.104569024994306987e-04,9.987786867606595065e-01,-2.068345948979895613e-03,-2.068345948979895613e-03,1.975018351815444658e-04,7.869890890270040133e-05,7.869890890270040133e-05,6.999815812082409508e-05
1.054583972591272900e+00,1.301458330313849155e-04,6.751403422259661703e-05,-1.969827958814655280e-05,9.991055734331910632e-01,-1.624878948706696708e-03,-1.624878948706696708e-03,1.301458330313849155e-04,1.104475534432383627e-04,9.987742307728613156e-01,-2.066669162479650105e-03,-2.066669162479650105e-03,1.976372416394948093e-04,7.783967179715159726e-05,7.783967179715159726e-05,6.960809726824903959e-05
1.056886557684266981e+00,1.302398799193030948e-04,6.711202851025549389e-05,-1.980154852745390930e-05,9.991011025779246157e-01,-1.623191779825091177e-03,-1.623191779825091177e-03,1.302398799193030948e-04,1.104383313918491855e-04,9.987697875837490136e-01,-2.064945105392488028e-03,-2.064945105392488028e-03,1.977719052852515349e-04,7.697871365991204367e-05,7.697871365991204367e-05,6.921929653258376868e-05
1.059189142777261061e+00,1.303334045079758083e-04,6.671109255067371403e-05,-1.990416838953184219e-05,9.990966449263255500e-01,-1.621457158124670018e-03,-1.621457158124670018e-03,1.303334045079758083e-04,1.104292361184439661e-04,9.987653572179702177e-01,-2.063174102598445882e-03,-2.063174102598445882e-03,1.979058282082101123e-04,7.611605885844307704e-05,7.611605885844307704e-05,6.883175235401564076e-05
1.061491727870255142e+00,1.304264084261503231e-04,6.631123060462095235e-05,-2.000614104351130010e-05,9.990922005015329121e-01,-1.619675409806624507e-03,-1.619675409806624507e-03,1.304264084261503231e-04,1.104202673826390230e-04,9.987609396993849531e-01,-2.061356479337180490e-03,-2.061356479337180490e-03,1.980390124923293068e-04,7.525173163100311107e-05,7.525173163100311107e-05,6.844546117949342422e-05
1.063794312963249222e+00,1.305188932984382988e-04,6.591244683124031797e-05,-2.010746836772944984e-05,9.990877693258647385e-01,-1.617846861449706315e-03,-1.617846861449706315e-03,1.305188932984382988e-04,1.104114249307088489e-04,9.987565350510726470e-01,-2.059492561172541602e-03,-2.059492561172541602e-03,1.981714602161572538e-04,7.438575608618347619e-05,7.438575608618347619e-05,6.806041946277317279e-05
1.066096898056243303e+00,1.306108607453198255e-04,6.551474528917111337e-05,-2.020815224951355419e-05,9.990833514208274924e-01,-1.615971839974375979e-03,-1.615971839974375979e-03,1.306108607453198255e-04,1.104027084958062713e-04,9.987521432953401224e-01,-2.057582673957601173e-03,-2.057582673957601173e-03,1.983031734528573173e-04,7.351815620246208061e-05,7.351815620246208061e-05,6.767662366446347739e-05
1.068399483149237383e+00,1.307023123831477880e-04,6.511812993766252680e-05,-2.030819458496747898e-05,9.990789468071230583e-01,-1.614050672607413245e-03,-1.614050672607413245e-03,1.307023123831477880e-04,1.103941177981803090e-04,9.987477644537284815e-01,-2.055627143800134535e-03,-2.055627143800134535e-03,1.984341542702337585e-04,7.264895582777455417e-05,7.264895582777455417e-05,6.729407025206944409e-05
1.070702068242231242e+00,1.307932498241519317e-04,6.472260463767676739e-05,-2.040759727876030074e-05,9.990745555046575133e-01,-1.612083686846995127e-03,-1.612083686846995127e-03,1.307932498241519317e-04,1.103856525453916310e-04,9.987433985470213216e-01,-2.053626297028561705e-03,-2.053626297028561705e-03,1.985644047307571602e-04,7.177817867910307823e-05,7.177817867910307823e-05,6.691275570003730902e-05
1.073004653335225322e+00,1.308836746764434431e-04,6.432817315298269985e-05,-2.050636224391770622e-05,9.990701775325487866e-01,-1.610071210428228039e-03,-1.610071210428228039e-03,1.308836746764434431e-04,1.103773124325257369e-04,9.987390455952511736e-01,-2.051580460158331041e-03,-2.051580460158331041e-03,1.986939268915894176e-04,7.090584834208187156e-05,7.090584834208187156e-05,6.653267648979642413e-05
1.075307238428219403e+00,1.309735885440193952e-04,6.393483915123999246e-05,-2.060449140161566873e-05,9.990658129091348760e-01,-1.608013571289145915e-03,-1.608013571289145915e-03,1.309735885440193952e-04,1.103690971424037265e-04,9.987347056177077187e-01,-2.049489959858760875e-03,-2.049489959858760875e-03,1.988227228046087565e-04,7.003198827062068763e-05,7.003198827062068763e-05,6.615382910980174434e-05
1.077609823521213483e+00,1.310629930267672198e-04,6.354260620507319547e-05,-2.070198668097634706e-05,9.990614616519816193e-01,-1.605911097537160003e-03,-1.605911097537160003e-03,1.310629930267672198e-04,1.103610063457908727e-04,9.987303786329442268e-01,-2.047355122920323494e-03,-2.047355122920323494e-03,1.989507945164342359e-04,6.915662178654427669e-05,6.915662178654427669e-05,6.577621005557501366e-05
1.079912408614207564e+00,1.311518897204694777e-04,6.315147779313661739e-05,-2.079885001886654582e-05,9.990571237778905767e-01,-1.603764117415960996e-03,-1.603764117415960996e-03,1.311518897204694777e-04,1.103530397016029319e-04,9.987260646587857726e-01,-2.045176276222372778e-03,-2.045176276222372778e-03,1.990781440684503056e-04,6.827977207924884281e-05,6.827977207924884281e-05,6.539981582974562608e-05
1.082214993707201645e+00,1.312402802168084943e-04,6.276145730116952474e-05,-2.089508335969837141e-05,9.990527993029068021e-01,-1.601572959272878037e-03,-1.601572959272878037e-03,1.312402802168084943e-04,1.103451968571101229e-04,9.987217637123354530e-01,-2.042953746701318529e-03,-2.042953746701318529e-03,1.992047734968308752e-04,6.740146220537495357e-05,6.740146220537495357e-05,6.502464294209052420e-05
1.084517578800195503e+00,1.313281661033713463e-04,6.237254802304194995e-05,-2.099068865523240855e-05,9.990484882423269486e-01,-1.599337951526682254e-03,-1.599337951526682254e-03,1.313281661033713463e-04,1.103374774481389377e-04,9.987174758099824912e-01,-2.040687861319237951e-03,-2.040687861319237951e-03,1.993306848325632208e-04,6.652171508849668582e-05,6.652171508849668582e-05,6.465068790957295946e-05
1.086820163893189584e+00,1.314155489636545783e-04,6.198475316179126991e-05,-2.108566786438278084e-05,9.990441906107067060e-01,-1.597059422635839585e-03,-1.597059422635839585e-03,1.314155489636545783e-04,1.103298810992717975e-04,9.987132009674088984e-01,-2.038378947032926884e-03,-2.038378947032926884e-03,1.994558801014717291e-04,6.564055351882657353e-05,6.564055351882657353e-05,6.427794725638125237e-05
1.089122748986183664e+00,1.315024303770693256e-04,6.159807583064943332e-05,-2.118002295302486742e-05,9.990399064218687952e-01,-1.594737701067208127e-03,-1.594737701067208127e-03,1.315024303770693256e-04,1.103224074240444582e-04,9.987089391995966903e-01,-2.036027330763386014e-03,-2.036027330763386014e-03,1.995803613242414518e-04,6.475800015293706278e-05,6.475800015293706278e-05,6.390641751396664472e-05
1.091425334079177745e+00,1.315888119189464100e-04,6.121251905406094524e-05,-2.127375589380517461e-05,9.990356356889102951e-01,-1.592373115265174150e-03,-1.592373115265174150e-03,1.315888119189464100e-04,1.103150560251412354e-04,9.987046905208348813e-01,-2.033633339365739038e-03,-2.033633339365739038e-03,1.997041305164411445e-04,6.387407751349692860e-05,6.387407751349692860e-05,6.353609522107997269e-05
1.093727919172171825e+00,1.316746951605414083e-04,6.082808576869189339e-05,-2.136686866595322682e-05,9.990313784242105255e-01,-1.589965993621232209e-03,-1.589965993621232209e-03,1.316746951605414083e-04,1.103078264945881815e-04,9.987004549447268120e-01,-2.031197299599584935e-03,-2.031197299599584935e-03,1.998271896885465504e-04,6.298880798902353479e-05,6.298880798902353479e-05,6.316697692380817742e-05
1.096030504265165906e+00,1.317600816690399107e-04,6.044477882442985360e-05,-2.145936325509578853e-05,9.990271346394387075e-01,-1.587516664443996538e-03,-1.587516664443996538e-03,1.317600816690399107e-04,1.103007184139441222e-04,9.986962324841969219e-01,-2.028719538099773081e-03,-2.028719538099773081e-03,1.999495408459630327e-04,6.210221383365034035e-05,6.210221383365034035e-05,6.279905917561036822e-05
1.098333089358159764e+00,1.318449730075629150e-04,6.006260098537473537e-05,-2.155124165307344434e-05,9.990229043455612912e-01,-1.585025455929654162e-03,-1.585025455929654162e-03,1.318449730075629150e-04,1.102937313544894707e-04,9.986920231514978541e-01,-2.026200381347612045e-03,-2.026200381347612045e-03,2.000711859890482618e-04,6.121431716690955754e-05,6.121431716690955754e-05,6.243233853735178523e-05
1.100635674451153845e+00,1.319293707351721387e-04,5.968155493082058120e-05,-2.164250585775898161e-05,9.990186875528495047e-01,-1.582492696132839103e-03,-1.582492696132839103e-03,1.319293707351721387e-04,1.102868648774131571e-04,9.986878269582172285e-01,-2.023640155642491677e-03,-2.023640155642491677e-03,2.001921271131345767e-04,6.032513997352926383e-05,6.032513997352926383e-05,6.206681157733910377e-05
1.102938259544147925e+00,1.320132764068755217e-04,5.930164325622909878e-05,-2.173315787287815823e-05,9.990144842708867934e-01,-1.579918712937946343e-03,-1.579918712937946343e-03,1.320132764068755217e-04,1.102801185339973635e-04,9.986836439152847467e-01,-2.021039187073935851e-03,-2.021039187073935851e-03,2.003123662085511028e-04,5.943470410324611271e-05,5.943470410324611271e-05,6.170247487135329919e-05
1.105240844637142006e+00,1.320966915736328099e-04,5.892286847419379457e-05,-2.182319970783255759e-05,9.990102945085762576e-01,-1.577303834030864505e-03,-1.577303834030864505e-03,1.320966915736328099e-04,1.102734918658002523e-04,9.986794740329788533e-01,-2.018397801494065461e-03,-2.018397801494065461e-03,2.004319052606458697e-04,5.854303127063174617e-05,5.854303127063174617e-05,6.133932500268339267e-05
1.107543429730136086e+00,1.321796177823611387e-04,5.854523301539565737e-05,-2.191263337752442214e-05,9.990061182741480916e-01,-1.574648386871133543e-03,-1.574648386871133543e-03,1.321796177823611387e-04,1.102669844048367165e-04,9.986753173209336198e-01,-2.015716324490480355e-03,-2.015716324490480355e-03,2.005507462498074412e-04,5.765014305493392519e-05,5.765014305493392519e-05,6.097735856215775758e-05
1.109846014823130167e+00,1.322620565759406708e-04,5.816873922955030375e-05,-2.200146090218357408e-05,9.990019555751671332e-01,-1.571952698664526131e-03,-1.571952698664526131e-03,1.322620565759406708e-04,1.102605956737570968e-04,9.986711737881458495e-01,-2.012995081359554572e-03,-2.012995081359554572e-03,2.006688911514865447e-04,5.675606089993175487e-05,5.675606089993175487e-05,6.061657214817700465e-05
1.112148599916124247e+00,1.323440094932205326e-04,5.779338938634638216e-05,-2.208968430719665348e-05,9.989978064185395246e-01,-1.569217096336043664e-03,-1.569217096336043664e-03,1.323440094932205326e-04,1.102543251860238792e-04,9.986670434429814058e-01,-2.010234397080139235e-03,-2.010234397080139235e-03,2.007863419362173761e-04,5.586080611380488223e-05,5.586080611380488223e-05,6.025696236674359427e-05
1.114451185009118106e+00,1.324254780690244516e-04,5.741918567637549313e-05,-2.217730562293794214e-05,9.989936708105200402e-01,-1.566441906503328796e-03,-1.566441906503328796e-03,1.324254780690244516e-04,1.102481724460865095e-04,9.986629262931817630e-01,-2.007434596287674834e-03,-2.007434596287674834e-03,2.009031005696389042e-04,5.496439986901653787e-05,5.496439986901653787e-05,5.989852583149365105e-05
1.116753770102112187e+00,1.325064638341568552e-04,5.704613021205386277e-05,-2.226432688460261325e-05,9.989895487567201915e-01,-1.563627455450487379e-03,-1.563627455450487379e-03,1.325064638341568552e-04,1.102421369495542420e-04,9.986588223458715552e-01,-2.004596003248704239e-03,-2.004596003248704239e-03,2.010191690125156876e-04,5.406686320220978461e-05,5.406686320220978461e-05,5.954125916372555283e-05
1.119056355195106267e+00,1.325869683154087255e-04,5.667422502853532905e-05,-2.235075013204170229e-05,9.989854402621141105e-01,-1.560774069102326524e-03,-1.560774069102326524e-03,1.325869683154087255e-04,1.102362181833670232e-04,9.986547316075640168e-01,-2.001718941835794671e-03,-2.001718941835794671e-03,2.011345492207588267e-04,5.316821701411802341e-05,5.316821701411802341e-05,5.918515899242994961e-05
1.121358940288100348e+00,1.326669930355637520e-04,5.630347208461644062e-05,-2.243657740959924631e-05,9.989813453310466551e-01,-1.557882072998993152e-03,-1.557882072998993152e-03,1.326669930355637520e-04,1.102304156259645057e-04,9.986506540841687540e-01,-1.998803735502851283e-03,-1.998803735502851283e-03,2.012492431454464281e-04,5.226848206948785910e-05,5.226848206948785910e-05,5.883022195431769521e-05
1.123661525381094428e+00,1.327465395134043219e-04,5.593387326363296995e-05,-2.252181076595114438e-05,9.989772639672396259e-01,-1.554951792271017834e-03,-1.554951792271017834e-03,1.327465395134043219e-04,1.102247287474531775e-04,9.986465897809972958e-01,-1.995850707260830598e-03,-1.995850707260830598e-03,2.013632527328440688e-04,5.136767899701549843e-05,5.136767899701549843e-05,5.847644469384785367e-05
1.125964110474088509e+00,1.328256092637178354e-04,5.556543037434830866e-05,-2.260645225394621353e-05,9.989731961737995380e-01,-1.551983551614759130e-03,-1.551983551614759130e-03,1.328256092637178354e-04,1.102191570097716219e-04,9.986425387027701994e-01,-1.992860179653845563e-03,-1.992860179653845563e-03,2.014765799244250439e-04,5.046582828929589416e-05,5.046582828929589416e-05,5.812382386325565123e-05
1.128266695567082367e+00,1.329042037973028590e-04,5.519814515183398874e-05,-2.269050393044897947e-05,9.989691419532239491e-01,-1.548977675268247995e-03,-1.548977675268247995e-03,1.329042037973028590e-04,1.102136998668538795e-04,9.986385008536233787e-01,-1.989832474735663513e-03,-1.989832474735663513e-03,2.015892266568904243e-04,4.956295030278468961e-05,4.956295030278468961e-05,5.777235612257849051e-05
1.130569280660076448e+00,1.329823246209755217e-04,5.483201925834184864e-05,-2.277396785618443237e-05,9.989651013074087871e-01,-1.545934486987424021e-03,-1.545934486987424021e-03,1.329823246209755217e-04,1.102083567647910893e-04,9.986344762371144324e-01,-1.986767914046588378e-03,-1.986767914046588378e-03,2.017011948621888972e-04,4.865906525777228587e-05,4.865906525777228587e-05,5.742203813968231011e-05
1.132871865753070528e+00,1.330599732375758852e-04,5.446705428416843378e-05,-2.285684609558472069e-05,9.989610742376552333e-01,-1.542854310022765893e-03,-1.542854310022765893e-03,1.330599732375758852e-04,1.102031271419911645e-04,9.986304648562293051e-01,-1.983666818590730605e-03,-1.983666818590730605e-03,2.018124864675365263e-04,4.775419323837102790e-05,4.775419323837102790e-05,5.707286659028713112e-05
1.135174450846064609e+00,1.331371511459742861e-04,5.410325174851148244e-05,-2.293914071663751193e-05,9.989570607446762729e-01,-1.539737467096308470e-03,-1.539737467096308470e-03,1.331371511459742861e-04,1.101980104293367741e-04,9.986264667133882833e-01,-1.980529508813655675e-03,-1.980529508813655675e-03,2.019231033954361858e-04,4.684835419251377471e-05,4.684835419251377471e-05,5.672483815799231230e-05
1.137477035939058689e+00,1.332138598410779768e-04,5.374061310031838165e-05,-2.302085379073642694e-05,9.989530608286035784e-01,-1.536584280379048447e-03,-1.536584280379048447e-03,1.332138598410779768e-04,1.101930060503415499e-04,9.986224818104525447e-01,-1.977356304580414701e-03,-1.977356304580414701e-03,2.020330475636970217e-04,4.594156793196489051e-05,4.594156793196489051e-05,5.637794953430059900e-05
1.139779621032052770e+00,1.332901008138376309e-04,5.337913971912697280e-05,-2.310198739253315479e-05,9.989490744889943930e-01,-1.533395071468731004e-03,-1.533395071468731004e-03,1.332901008138376309e-04,1.101881134213044761e-04,9.986185101487304872e-01,-1.974147525153948854e-03,-1.974147525153948854e-03,2.021423208854535069e-04,4.503385413234291127e-05,4.503385413234291127e-05,5.603219741864263293e-05
1.142082206125046628e+00,1.333658755512539835e-04,5.301883291589871354e-05,-2.318254359979143777e-05,9.989451017248379694e-01,-1.530170161368017874e-03,-1.530170161368017874e-03,1.333658755512539835e-04,1.101833319514625457e-04,9.986145517289836127e-01,-1.970903489173868057e-03,-1.970903489173868057e-03,2.022509252691846043e-04,4.412523233315501558e-05,4.412523233315501558e-05,5.568757851839917830e-05
1.144384791218040709e+00,1.334411855363844995e-04,5.265969393384379633e-05,-2.326252449324283191e-05,9.989411425345626760e-01,-1.526909870463028602e-03,-1.526909870463028602e-03,1.334411855363844995e-04,1.101786610431416675e-04,9.986106065514332997e-01,-1.967624514635595272e-03,-1.967624514635595272e-03,2.023588626187325509e-04,4.321572193784250696e-05,4.321572193784250696e-05,5.534408954892500133e-05
1.146687376311034789e+00,1.335160322483501766e-04,5.230172394923925349e-05,-2.334193215644418857e-05,9.989371969160421028e-01,-1.523614518502261917e-03,-1.523614518502261917e-03,1.335160322483501766e-04,1.101741000919059880e-04,9.986066746157663543e-01,-1.964310918869885923e-03,-1.964310918869885923e-03,2.024661348333215327e-04,4.230534221383843916e-05,4.230534221383843916e-05,5.500172723357022912e-05
1.148989961404028870e+00,1.335904171623422676e-04,5.194492407223902565e-05,-2.342076867563696566e-05,9.989332648666018333e-01,-1.520284424575882917e-03,-1.520284424575882917e-03,1.335904171623422676e-04,1.101696484867053019e-04,9.986027559211416715e-01,-1.960963018522704233e-03,-1.960963018522704233e-03,2.025727438075762522e-04,4.139411229263558210e-05,4.139411229263558210e-05,5.466048830370262991e-05
1.151292546497022951e+00,1.336643417496291922e-04,5.158929534767655591e-05,-2.349903613960823291e-05,9.989293463830258846e-01,-1.516919907095378665e-03,-1.516919907095378665e-03,1.336643417496291922e-04,1.101653056100209592e-04,9.985988504661957865e-01,-1.957581129535462556e-03,-1.957581129535462556e-03,2.026786914315403592e-04,4.048205116986577196e-05,4.048205116986577196e-05,5.432036949872883641e-05
1.153595131590017031e+00,1.337378074775634755e-04,5.123483875586049946e-05,-2.357673663955339835e-05,9.989254414615632571e-01,-1.513521283773578731e-03,-1.513521283773578731e-03,1.337378074775634755e-04,1.101610708380100772e-04,9.985949582490492027e-01,-1.954165567125618931e-03,-1.954165567125618931e-03,2.027839795906945307e-04,3.956917770538991345e-05,3.956917770538991345e-05,5.398136756611408502e-05
1.155897716683011112e+00,1.338108158095886876e-04,5.088155521336224050e-05,-2.365387226894071014e-05,9.989215500979345963e-01,-1.510088871605040238e-03,-1.510088871605040238e-03,1.338108158095886876e-04,1.101569435406479775e-04,9.985910792673126091e-01,-1.950716645767632202e-03,-1.950716645767632202e-03,2.028886101659747117e-04,3.865551062339869543e-05,3.865551062339869543e-05,5.364347926140330356e-05
1.158200301776004970e+00,1.338833682052464630e-04,5.052944557379693800e-05,-2.373044512337726269e-05,9.989176722873377434e-01,-1.506622986846785925e-03,-1.506622986846785925e-03,1.338833682052464630e-04,1.101529230818692004e-04,9.985872135180920983e-01,-1.947234679174262781e-03,-1.947234679174262781e-03,2.029925850337898697e-04,3.774106851252389107e-05,3.774106851252389107e-05,5.330670134824006451e-05
1.160502886868999051e+00,1.339554661201836842e-04,5.017851062859646021e-05,-2.380645730047699512e-05,9.989138080244551743e-01,-1.503123944999401520e-03,-1.503123944999401520e-03,1.339554661201836842e-04,1.101490088197066891e-04,9.985833609979960501e-01,-1.943719980278228168e-03,-1.943719980278228168e-03,2.030959060660399379e-04,3.682586982595940900e-05,3.682586982595940900e-05,5.297103059838614804e-05
1.162805471961993131e+00,1.340271110061593929e-04,4.982875110777607139e-05,-2.388191089972984153e-05,9.989099573034596613e-01,-1.499592060788484168e-03,-1.499592060788484168e-03,1.340271110061593929e-04,1.101452001064295513e-04,9.985795217031403492e-01,-1.940172861214202373e-03,-1.940172861214202373e-03,2.031985751301332982e-04,3.590993288159352533e-05,3.590993288159352533e-05,5.263646379173983117e-05
1.165108057054987212e+00,1.340983043110522441e-04,4.948016768069327174e-05,-2.395680802237309048e-05,9.989061201180203797e-01,-1.496027648146440849e-03,-1.496027648146440849e-03,1.340983043110522441e-04,1.101414962886791536e-04,9.985756956291543807e-01,-1.936593633301157517e-03,-1.936593633301157517e-03,2.033005940890043179e-04,3.499327586215013482e-05,3.499327586215013482e-05,5.230299771635400075e-05
1.167410642147981292e+00,1.341690474788675535e-04,4.913276095679980002e-05,-2.403115077126396408e-05,9.989022964613095690e-01,-1.492431020194630482e-03,-1.492431020194630482e-03,1.341690474788675535e-04,1.101378967076035894e-04,9.985718827711868029e-01,-1.932982607025044786e-03,-1.932982607025044786e-03,2.034019648011306698e-04,3.407591681534026821e-05,3.407591681534026821e-05,5.197062916845349384e-05
1.169713227240975373e+00,1.342393419497446702e-04,4.878653148638660239e-05,-2.410494125075393190e-05,9.988984863260084168e-01,-1.488802489225851677e-03,-1.488802489225851677e-03,1.342393419497446702e-04,1.101344006989907383e-04,9.985680831239114319e-01,-1.929340092021814739e-03,-1.929340092021814739e-03,2.035026891205505986e-04,3.315787365402325204e-05,3.315787365402325204e-05,5.163935495245294648e-05
1.172015812333969231e+00,1.343091891599642674e-04,4.844147976132195048e-05,-2.417818156656463752e-05,9.988946897043128326e-01,-1.485142366687169837e-03,-1.485142366687169837e-03,1.343091891599642674e-04,1.101310075933996298e-04,9.985642966815326815e-01,-1.925666397060768302e-03,-1.925666397060768302e-03,2.036027688968798069e-04,3.223916415637744339e-05,3.223916415637744339e-05,5.130917188097256198e-05
1.174318397426963312e+00,1.343785905419557969e-04,4.809760621578245798e-05,-2.425087382566537021e-05,9.988909065879406635e-01,-1.481450963163076897e-03,-1.481450963163076897e-03,1.343785905419557969e-04,1.101277167162904267e-04,9.985605234377917805e-01,-1.921961830028238657e-03,-1.921961830028238657e-03,2.037022059753286398e-04,3.131980596607986187e-05,3.131980596607986187e-05,5.098007677485478736e-05
1.176620982519957392e+00,1.344475475243048614e-04,4.775491122697733437e-05,-2.432302013615210857e-05,9.988871369681362467e-01,-1.477728588358993020e-03,-1.477728588358993020e-03,1.344475475243048614e-04,1.101245273881527528e-04,9.985567633859717684e-01,-1.918226697911604032e-03,-1.918226697911604032e-03,2.038010021967185921e-04,3.039981659249592840e-05,3.039981659249592840e-05,5.065206646317977674e-05
1.178923567612951473e+00,1.345160615317607226e-04,4.741339511586598456e-05,-2.439462260712804145e-05,9.988833808356774036e-01,-1.473975551085090520e-03,-1.473975551085090520e-03,1.345160615317607226e-04,1.101214389246326812e-04,9.985530165189034912e-01,-1.914461306783621190e-03,-1.914461306783621190e-03,2.038991593974991677e-04,2.947921341087740999e-05,2.947921341087740999e-05,5.032513778328055667e-05
1.181226152705945553e+00,1.345841339852438094e-04,4.707305814786863556e-05,-2.446568334858572875e-05,9.988796381808808800e-01,-1.470192159240448458e-03,-1.470192159240448458e-03,1.345841339852438094e-04,1.101184506366580806e-04,9.985492828289709299e-01,-1.910665961787080726e-03,-1.910665961787080726e-03,2.039966794097642505e-04,2.855801366256965825e-05,2.855801366256965825e-05,4.999928758075796771e-05
1.183528737798939634e+00,1.346517663018533342e-04,4.673390053357032934e-05,-2.453620447129071234e-05,9.988759089936087854e-01,-1.466378719797533378e-03,-1.466378719797533378e-03,1.346517663018533342e-04,1.101155618305626219e-04,9.985455623081170851e-01,-1.906840967119783920e-03,-1.906840967119783920e-03,2.040935640612686394e-04,2.763623445522751467e-05,2.763623445522751467e-05,4.967451270949496244e-05
1.185831322891933715e+00,1.347189598948748826e-04,4.639592242941849851e-05,-2.460618808666659055e-05,9.988721932632734779e-01,-1.462535538786997272e-03,-1.462535538786997272e-03,1.347189598948748826e-04,1.101127718082082921e-04,9.985418549478488615e-01,-1.902986626019830549e-03,-1.902986626019830549e-03,2.041898151754442019e-04,2.671389276303983877e-05,2.671389276303983877e-05,4.935081003167001562e-05
1.188133907984927573e+00,1.347857161737880298e-04,4.605912393841376569e-05,-2.467563630668159714e-05,9.988684909788445587e-01,-1.458662921282797556e-03,-1.458662921282797556e-03,1.347857161737880298e-04,1.101100798671064327e-04,9.985381607392432857e-01,-1.899103240751223286e-03,-1.899103240751223286e-03,2.042854345714160838e-04,2.579100542696256745e-05,2.579100542696256745e-05,4.902817641777100879e-05
1.190436493077921654e+00,1.348520365442742010e-04,4.572350511079393279e-05,-2.474455124373677940e-05,9.988648021288536460e-01,-1.454761171387626692e-03,-1.454761171387626692e-03,1.348520365442742010e-04,1.101074853005374216e-04,9.985344796729520578e-01,-1.895191112589776324e-03,-1.895191112589776324e-03,2.043804240640186465e-04,2.486758915495963833e-05,2.486758915495963833e-05,4.870660874660797638e-05
1.192739078170915734e+00,1.349179224082242337e-04,4.538906594471238669e-05,-2.481293501055536880e-05,9.988611267014007034e-01,-1.450830592218660788e-03,-1.450830592218660788e-03,1.349179224082242337e-04,1.101049873976688649e-04,9.985308117392076577e-01,-1.891250541809336248e-03,-1.891250541809336248e-03,2.044747854638114589e-04,2.394366052225295255e-05,2.394366052225295255e-05,4.838610390532561474e-05
1.195041663263909815e+00,1.349833751637462655e-04,4.505580638690912545e-05,-2.488078972007377811e-05,9.988574646841590354e-01,-1.446871485893610684e-03,-1.446871485893610684e-03,1.349833751637462655e-04,1.101025854436724874e-04,9.985271569278280079e-01,-1.887281827668300634e-03,-1.887281827668300634e-03,2.045685205770949645e-04,2.301923597157945600e-05,2.301923597157945600e-05,4.806665878941560814e-05
1.197344248356903895e+00,1.350483962051735672e-04,4.472372633337584863e-05,-2.494811748533403491e-05,9.988538160643817276e-01,-1.442884153517081389e-03,-1.442884153517081389e-03,1.350483962051735672e-04,1.101002787198395323e-04,9.985235152282222471e-01,-1.883285268396439572e-03,-1.883285268396439572e-03,2.046616312059262020e-04,2.209433181345659951e-05,2.209433181345659951e-05,4.774827030272787737e-05
1.199646833449897976e+00,1.351129869230724033e-04,4.439282563001492176e-05,-2.501492041937750273e-05,9.988501808289070860e-01,-1.438868895167234223e-03,-1.438868895167234223e-03,1.351129869230724033e-04,1.100980665036949005e-04,9.985198866293959474e-01,-1.879261161182013825e-03,-1.879261161182013825e-03,2.047541191481343909e-04,2.116896422645532397e-05,2.116896422645532397e-05,4.743093535748195709e-05
1.201949418542891834e+00,1.351771487042499468e-04,4.406310407329166632e-05,-2.508120063514010642e-05,9.988465589641633002e-01,-1.434826009882747121e-03,-1.434826009882747121e-03,1.351771487042499468e-04,1.100959480691098404e-04,9.985162711199560004e-01,-1.875209802159186374e-03,-1.875209802159186374e-03,2.048459861973362186e-04,2.024314925748085515e-05,2.024314925748085515e-05,4.711465087427821731e-05
1.204252003635885915e+00,1.352408829317622481e-04,4.373456141088057807e-05,-2.514696024534887218e-05,9.988429504561751049e-01,-1.430755795650071570e-03,-1.430755795650071570e-03,1.352408829317622481e-04,1.100939226864133759e-04,9.985126686881158342e-01,-1.871131486395724965e-03,-1.871131486395724965e-03,2.049372341429512364e-04,1.931690282206039000e-05,1.931690282206039000e-05,4.679941378210767544e-05
1.206554588728879995e+00,1.353041909849221765e-04,4.340719734230565009e-05,-2.521220136241989060e-05,9.988393552905683315e-01,-1.426658549390984881e-03,-1.426658549390984881e-03,1.353041909849221765e-04,1.100919896225022860e-04,9.985090793217008542e-01,-1.867026507880993917e-03,-1.867026507880993917e-03,2.050278647702170106e-04,1.839024070463906685e-05,1.839024070463906685e-05,4.648522101836244526e-05
1.208857173821874076e+00,1.353670742393074981e-04,4.308101151957433289e-05,-2.527692609835752646e-05,9.988357734525760145e-01,-1.422534566950429784e-03,-1.422534566950429784e-03,1.353670742393074981e-04,1.100901481409499716e-04,9.985055030081532168e-01,-1.862895159514229779e-03,-1.862895159514229779e-03,2.051178798602042749e-04,1.746317855888216986e-05,1.746317855888216986e-05,4.617206952884506788e-05
1.211159758914868156e+00,1.354295340667688980e-04,4.275600354780525358e-05,-2.534113656465516009e-05,9.988322049270434988e-01,-1.418384143084643707e-03,-1.418384143084643707e-03,1.354295340667688980e-04,1.100883975021137379e-04,9.985019397345371583e-01,-1.858737733093098659e-03,-1.858737733093098659e-03,2.052072811898318378e-04,1.653573190798483138e-05,1.653573190798483138e-05,4.585995626777788326e-05
1.213462344007862237e+00,1.354915718354381398e-04,4.243217298585045307e-05,-2.540483487219705346e-05,9.988286496984334351e-01,-1.414207571449569312e-03,-1.414207571449569312e-03,1.354915718354381398e-04,1.100867369632410863e-04,9.984983894875436583e-01,-1.854554519302533712e-03,-1.854554519302533712e-03,2.052960705318814633e-04,1.560791614498855797e-05,1.560791614498855797e-05,4.554887819781184617e-05
1.215764929100856317e+00,1.355531889097361966e-04,4.210951934691112481e-05,-2.546802313116173426e-05,9.988251077508312203e-01,-1.410005144589549083e-03,-1.410005144589549083e-03,1.355531889097361966e-04,1.100851657785744623e-04,9.984948522534955462e-01,-1.850345807703846933e-03,-1.850345807703846933e-03,2.053842496550126705e-04,1.467974653310452086e-05,1.467974653310452086e-05,4.523883229003488807e-05
1.218067514193850176e+00,1.356143866503813555e-04,4.178804209914785796e-05,-2.553070345092642345e-05,9.988215790679508821e-01,-1.405777153926296820e-03,-1.405777153926296820e-03,1.356143866503813555e-04,1.100836831994549321e-04,9.984913280183524975e-01,-1.846111886724116549e-03,-1.846111886724116549e-03,2.054718203237773427e-04,1.375123820604358032e-05,1.375123820604358032e-05,4.492981552397985891e-05
1.220370099286844257e+00,1.356751664143974578e-04,4.146774066628463288e-05,-2.559287793997298073e-05,9.988180636331392970e-01,-1.401523889748142356e-03,-1.401523889748142356e-03,1.356751664143974578e-04,1.100822884744244771e-04,9.984878167677160299e-01,-1.841853043645840264e-03,-1.841853043645840264e-03,2.055587842986342836e-04,1.282240616835235784e-05,1.282240616835235784e-05,4.462182488763242826e-05
1.222672684379838337e+00,1.357355295551222198e-04,4.114861442820739562e-05,-2.565454870579508329e-05,9.988145614293820751e-01,-1.397245641199552305e-03,-1.397245641199552305e-03,1.357355295551222198e-04,1.100809808493271365e-04,9.984843184868340549e-01,-1.837569564596860851e-03,-1.837569564596860851e-03,2.056451433359637176e-04,1.189326529575658096e-05,1.189326529575658096e-05,4.431485737743803773e-05
1.224975269472832418e+00,1.357954774222153377e-04,4.083066272155669633e-05,-2.571571785480647519e-05,9.988110724393081119e-01,-1.392942696270916018e-03,-1.392942696270916018e-03,1.357954774222153377e-04,1.100797595674088625e-04,9.984808331606058740e-01,-1.833261734540551522e-03,-1.833261734540551522e-03,2.057308991880815751e-04,1.096383033550979312e-05,1.096383033550979312e-05,4.400890999830935486e-05
1.227277854565826498e+00,1.358550113616670252e-04,4.051388484031427656e-05,-2.577638749225084306e-05,9.988075966451953613e-01,-1.388615341788599538e-03,-1.388615341788599538e-03,1.358550113616670252e-04,1.100786238694161822e-04,9.984773607735870637e-01,-1.828929837266264321e-03,-1.828929837266264321e-03,2.058160536032538031e-04,1.003411590674866033e-05,1.003411590674866033e-05,4.370397976363220240e-05
1.229580439658820579e+00,1.359141327158061184e-04,4.019828003638468950e-05,-2.583655972211247782e-05,9.988041340289748327e-01,-1.384263863405262376e-03,-1.384263863405262376e-03,1.359141327158061184e-04,1.100775729936936406e-04,9.984739013099938054e-01,-1.824574155380036993e-03,-1.824574155380036993e-03,2.059006083257104876e-04,9.104136500854115470e-06,9.104136500854115470e-06,4.340006369527212444e-05
1.231883024751814437e+00,1.359728428233086134e-04,3.988384752017070642e-05,-2.589623664702857633e-05,9.988006845722370297e-01,-1.379888545590434064e-03,-1.379888545590434064e-03,1.359728428233086134e-04,1.100766061762800370e-04,9.984704547537082142e-01,-1.820194970295554212e-03,-1.820194970295554212e-03,2.059845650956599206e-04,8.173906481818545431e-06,8.173906481818545431e-06,4.309715882358005143e-05
1.234185609844808518e+00,1.360311430192059337e-04,3.957058646114332913e-05,-2.595542036820235607e-05,9.987972482562353926e-01,-1.375489671621346350e-03,-1.375489671621346350e-03,1.360311430192059337e-04,1.100757226510035776e-04,9.984670210882823360e-01,-1.815792562225360769e-03,-1.815792562225360769e-03,2.060679256493026139e-04,7.243440086618207748e-06,7.243440086618207748e-06,4.279526218739778212e-05
1.236488194937802598e+00,1.360890346348935225e-04,3.925849598840627991e-05,-2.601411298531785047e-05,9.987938250618919600e-01,-1.371067523574024533e-03,-1.371067523574024533e-03,1.360890346348935225e-04,1.100749216495756721e-04,9.984636002969432544e-01,-1.811367210172327167e-03,-1.811367210172327167e-03,2.061506917188450140e-04,6.312751425592232115e-06,6.312751425592232115e-06,4.249437083406320132e-05
1.238790780030796679e+00,1.361465189981391638e-04,3.894757519125516520e-05,-2.607231659645539528e-05,9.987904149698025869e-01,-1.366622382314623598e-03,-1.366622382314623598e-03,1.361465189981391638e-04,1.100742024016837685e-04,9.984601923625975317e-01,-1.806919191921358726e-03,-1.806919191921358726e-03,2.062328650325135422e-04,5.381854482826192482e-06,5.381854482826192482e-06,4.219448181941515204e-05
1.241093365123790759e+00,1.362035974330914933e-04,3.863782311973085236e-05,-2.613003329800857874e-05,9.987870179602408305e-01,-1.362154527491017848e-03,-1.362154527491017848e-03,1.362035974330914933e-04,1.100735641350829145e-04,9.984567972678355385e-01,-1.802448784031349506e-03,-1.802448784031349506e-03,2.063144473145679854e-04,4.450763116541537226e-06,4.450763116541537226e-06,4.189559220779756220e-05
1.243395950216784840e+00,1.362602712602886180e-04,3.832923878516771688e-05,-2.618726518460241142e-05,9.987836340131635016e-01,-1.357664237524632087e-03,-1.357664237524632087e-03,1.362602712602886180e-04,1.100730060756862066e-04,9.984534149949364501e-01,-1.797956261827376914e-03,-1.797956261827376914e-03,2.063954402853153728e-04,3.519491059490173521e-06,3.519491059490173521e-06,4.159769907206353073e-05
1.245698535309778698e+00,1.363165417966664917e-04,3.802182116073652947e-05,-2.624401434901234981e-05,9.987802631082152161e-01,-1.353151789602519139e-03,-1.353151789602519139e-03,1.363165417966664917e-04,1.100725274476541419e-04,9.984500455258722429e-01,-1.793441899393135707e-03,-1.793441899393135707e-03,2.064758456611232853e-04,2.588051919354324063e-06,2.588051919354324063e-06,4.130079949357944079e-05
1.248001120402772779e+00,1.363724103555676969e-04,3.771556918198182057e-05,-2.630028288208482437e-05,9.987769052247328361e-01,-1.348617459669672856e-03,-1.348617459669672856e-03,1.363724103555676969e-04,1.100721274734828726e-04,9.984466888423123576e-01,-1.788905969563604455e-03,-1.788905969563604455e-03,2.065556651544333806e-04,1.656459179150952690e-06,1.656459179150952690e-06,4.100489056222817846e-05
1.250303705495766859e+00,1.364278782467497932e-04,3.741048174735429812e-05,-2.635607287265855352e-05,9.987735603417504660e-01,-1.344061522421582467e-03,-1.344061522421582467e-03,1.364278782467497932e-04,1.100718053740912396e-04,9.984433449256281401e-01,-1.784348743917947479e-03,-1.784348743917947479e-03,2.066349004737747289e-04,7.247261976419955733e-07,7.247261976419955733e-07,4.070996937641227015e-05
1.252606290588760940e+00,1.364829467763941805e-04,3.710655771873772242e-05,-2.641138640748729425e-05,9.987702284380036710e-01,-1.339484251297016993e-03,-1.339484251297016993e-03,1.364829467763941805e-04,1.100715603689068862e-04,9.984400137568969491e-01,-1.779770492772644484e-03,-1.779770492772644484e-03,2.067135533237770401e-04,-2.071337902514470902e-07,-2.071337902514470902e-07,4.041603304305641019e-05
1.254908875681755021e+00,1.365376172471146103e-04,3.680379592197107142e-05,-2.646622557116341942e-05,9.987669094919349178e-01,-1.334885918471042342e-03,-1.334885918471042342e-03,1.365376172471146103e-04,1.100713916759511908e-04,9.984366953169070413e-01,-1.775171485174846997e-03,-1.775171485174846997e-03,2.067916254051838641e-04,-1.139107673029849458e-06,-1.139107673029849458e-06,4.012307867761024581e-05
1.257211460774749101e+00,1.365918909579658320e-04,3.650219514736477682e-05,-2.652059244604274186e-05,9.987636034816967934e-01,-1.330266794848267804e-03,-1.330266794848267804e-03,1.365918909579658320e-04,1.100712985119230901e-04,9.984333895861610131e-01,-1.770551988895960110e-03,-1.770551988895960110e-03,2.068691184148656011e-04,-2.071182462191420849e-06,-2.071182462191420849e-06,3.983110340405060658e-05
1.259514045867743182e+00,1.366457692044524292e-04,3.620175415021290797e-05,-2.657448911217050408e-05,9.987603103851577790e-01,-1.325627150056315475e-03,-1.325627150056315475e-03,1.366457692044524292e-04,1.100712800922819251e-04,9.984300965448809073e-01,-1.765912270425443230e-03,-1.765912270425443230e-03,2.069460340458326479e-04,-3.003345291803878076e-06,-3.003345291803878076e-06,3.954010435488293420e-05
1.261816630960737040e+00,1.366992532785374392e-04,3.590247165129948069e-05,-2.662791764720822167e-05,9.987570301799059136e-01,-1.320967252439515620e-03,-1.320967252439515620e-03,1.366992532785374392e-04,1.100713356313292175e-04,9.984268161730118774e-01,-1.761252594964832436e-03,-1.761252594964832436e-03,2.070223739872482178e-04,-3.935583418071677461e-06,-3.935583418071677461e-06,3.925007867114298330e-05
1.264119216053731121e+00,1.367523444686511347e-04,3.560434633739986693e-05,-2.668088012636173295e-05,9.987537628432534564e-01,-1.316287369052817138e-03,-1.316287369052817138e-03,1.367523444686511347e-04,1.100714643422894017e-04,9.984235484502266278e-01,-1.756573226421974691e-03,-1.756573226421974691e-03,2.070981399244412979e-04,-4.867884218899511448e-06,-4.867884218899511448e-06,3.896102350239817673e-05
1.266421801146725201e+00,1.368050440596997521e-04,3.530737686177803019e-05,-2.673337862231027864e-05,9.987505083522415505e-01,-1.311587765655921603e-03,-1.311587765655921603e-03,1.368050440596997521e-04,1.100716654373894734e-04,9.984202933559294113e-01,-1.751874427405479551e-03,-1.751874427405479551e-03,2.071733335389192791e-04,-5.800235193450684251e-06,-5.800235193450684251e-06,3.867293600674821542e-05
1.268724386239719282e+00,1.368573533330743274e-04,3.501156184467764881e-05,-2.678541520513658429e-05,9.987472666836443302e-01,-1.306868706707625888e-03,-1.306868706707625888e-03,1.368573533330743274e-04,1.100719381279377431e-04,9.984170508692604695e-01,-1.747156459219376861e-03,-1.747156459219376861e-03,2.072479565083807772e-04,-6.732623961702417021e-06,-6.732623961702417021e-06,3.838581335082621001e-05
1.271026971332713362e+00,1.369092735666594513e-04,3.471689987380928861e-05,-2.683699194225804062e-05,9.987440378139726960e-01,-1.302130455360380346e-03,-1.302130455360380346e-03,1.369092735666594513e-04,1.100722816244014107e-04,9.984138209690994747e-01,-1.742419581857986097e-03,-1.742419581857986097e-03,2.073220105067282099e-04,-7.665038263996684059e-06,-7.665038263996684059e-06,3.809965270979857242e-05
1.273329556425707443e+00,1.369608060348422138e-04,3.442338950483226983e-05,-2.688811089835887308e-05,9.987408217194796434e-01,-1.297373273455053625e-03,-1.297373273455053625e-03,1.369608060348422138e-04,1.100726951364833407e-04,9.984106036340701928e-01,-1.737664054000986934e-03,-1.737664054000986934e-03,2.073954972040803729e-04,-8.597465960587354278e-06,-8.597465960587354278e-06,3.781445126736489391e-05
1.275632141518701301e+00,1.370119520085208778e-04,3.413102926183206163e-05,-2.693877413532321950e-05,9.987376183761638160e-01,-1.292597421515904576e-03,-1.292597421515904576e-03,1.370119520085208778e-04,1.100731778731976583e-04,9.984073988425442581e-01,-1.732890133008695155e-03,-1.732890133008695155e-03,2.074684182667848546e-04,-9.529895031183463410e-06,-9.529895031183463410e-06,3.753020621575830416e-05
1.277934726611695382e+00,1.370627127551139323e-04,3.383981763779238440e-05,-2.698898371216942741e-05,9.987344277597739461e-01,-1.287803158745757983e-03,-1.287803158745757983e-03,1.370627127551139323e-04,1.100737290429445049e-04,9.984042065726450588e-01,-1.728098074917535894e-03,-1.728098074917535894e-03,2.075407753574305312e-04,-1.046231357448932933e-05,-1.046231357448932933e-05,3.724691475574444136e-05
1.280237311704689462e+00,1.371130895385689013e-04,3.354975309506335468e-05,-2.703874168498516454e-05,9.987312498458124077e-01,-1.282990743021381313e-03,-1.282990743021381313e-03,1.371130895385689013e-04,1.100743478535837368e-04,9.984010268022516232e-01,-1.723288134435716152e-03,-1.723288134435716152e-03,2.076125701348598726e-04,-1.139470980774020604e-05,-1.139470980774020604e-05,3.696457409662077452e-05
1.282539896797683543e+00,1.371630836193712347e-04,3.326083406582435820e-05,-2.708805010686347805e-05,9.987280846095405451e-01,-1.278160430889058998e-03,-1.278160430889058998e-03,1.371630836193712347e-04,1.100750335125077567e-04,9.983978595090030606e-01,-1.718460564939090079e-03,-1.718460564939090079e-03,2.076838042541811124e-04,-1.232707206623540930e-05,-1.232707206623540930e-05,3.668318145621569546e-05
1.284842481890677623e+00,1.372126962545532254e-04,3.297305895254236245e-05,-2.713691102783997848e-05,9.987249320259816709e-01,-1.273312477560364486e-03,-1.273312477560364486e-03,1.372126962545532254e-04,1.100757852267132469e-04,9.983947046703015582e-01,-1.713615618467217473e-03,-1.713615618467217473e-03,2.077544793667805809e-04,-1.325938880286764071e-05,-1.325938880286764071e-05,3.640273406088682478e-05
1.287145066983671704e+00,1.372619286977030896e-04,3.268642612842611607e-05,-2.718532649483093187e-05,9.987217920699255069e-01,-1.268447136908120495e-03,-1.268447136908120495e-03,1.372619286977030896e-04,1.100766022028721577e-04,9.983915622633169340e-01,-1.708753545719609180e-03,-1.708753545719609180e-03,2.078245971203347936e-04,-1.419164858764914060e-05,-1.419164858764914060e-05,3.612322914551945328e-05
1.289447652076665563e+00,1.373107821989737491e-04,3.240093393787499504e-05,-2.723329855157219208e-05,9.987186647159322916e-01,-1.263564661462556610e-03,-1.263564661462556610e-03,1.373107821989737491e-04,1.100774836474015570e-04,9.983884322649900778e-01,-1.703874596052162892e-03,-1.703874596052162892e-03,2.078941591588224049e-04,-1.512384010723463729e-05,-1.512384010723463729e-05,3.584466395352511219e-05
1.291750237169659643e+00,1.373592580050919112e-04,3.211658069692406082e-05,-2.728082923855914947e-05,9.987155499383364443e-01,-1.258665302407647926e-03,-1.258665302407647926e-03,1.373592580050919112e-04,1.100784287665327617e-04,9.983853146520368371e-01,-1.698979017473778918e-03,-1.698979017473778918e-03,2.079631671225364053e-04,-1.605595216444163345e-05,-1.605595216444163345e-05,3.556703573683856449e-05
1.294052822262653724e+00,1.374073573593670948e-04,3.183336469368429393e-05,-2.732792059298770973e-05,9.987124477112508947e-01,-1.253749309577644085e-03,-1.253749309577644085e-03,1.374073573593670948e-04,1.100794367663793851e-04,9.983822094009517922e-01,-1.694067056643161571e-03,-1.694067056643161571e-03,2.080316226480958576e-04,-1.698797367776685698e-05,-1.698797367776685698e-05,3.529034175591608377e-05
1.296355407355647804e+00,1.374550815017005481e-04,3.155128418877830768e-05,-2.737457464869597729e-05,9.987093580085707467e-01,-1.248816931453779156e-03,-1.248816931453779156e-03,1.374550815017005481e-04,1.100805068530045708e-04,9.983791164880116975e-01,-1.689138958865797494e-03,-1.689138958865797494e-03,2.080995273684579320e-04,-1.791989368090072477e-05,-1.791989368090072477e-05,3.501457927973249974e-05
1.298657992448641885e+00,1.375024316685943555e-04,3.127033741577196226e-05,-2.742079343610702305e-05,9.987062808039769424e-01,-1.243868415161161495e-03,-1.243868415161161495e-03,1.375024316685943555e-04,1.100816382324873324e-04,9.983760358892794784e-01,-1.684194968091110717e-03,-1.684194968091110717e-03,2.081668829129295066e-04,-1.885170132223858440e-05,-1.885170132223858440e-05,3.473974558577821672e-05
1.300960577541635965e+00,1.375494090931604640e-04,3.099052258160126937e-05,-2.746657898217249227e-05,9.987032160709405915e-01,-1.238904006465840757e-03,-1.238904006465840757e-03,1.375494090931604640e-04,1.100828301109879717e-04,9.983729675806076731e-01,-1.679235326909792698e-03,-1.679235326909792698e-03,2.082336909071791484e-04,-1.978338586438930963e-05,-1.978338586438930963e-05,3.446583796005609651e-05
1.303263162634630046e+00,1.375960150051297362e-04,3.071183786699523106e-05,-2.751193331031709345e-05,9.987001637827264133e-01,-1.233923949772052940e-03,-1.233923949772052940e-03,1.375960150051297362e-04,1.100840816948126427e-04,9.983699115376419853e-01,-1.674260276551303456e-03,-1.674260276551303456e-03,2.082999529732485779e-04,-2.071493668368132435e-05,-2.071493668368132435e-05,3.419285369707800930e-05
1.305565747727623904e+00,1.376422506308609759e-04,3.043428142689433836e-05,-2.755685844038395450e-05,9.986971239123966226e-01,-1.228928488119634998e-03,-1.228928488119634998e-03,1.376422506308609759e-04,1.100853921904770214e-04,9.983668677358251697e-01,-1.669270056881543137e-03,-1.669270056881543137e-03,2.083656707295644607e-04,-2.164634326966601089e-05,-2.164634326966601089e-05,3.392079009986127613e-05
1.307868332820617985e+00,1.376881171933501445e-04,3.015785139086456714e-05,-2.760135638858095481e-05,9.986940964328142600e-01,-1.223917863181610754e-03,-1.223917863181610754e-03,1.376881171933501445e-04,1.100867608047691897e-04,9.983638361503999192e-01,-1.664264906400687513e-03,-1.664264906400687513e-03,2.084308457909498453e-04,-2.257759522461908884e-05,-2.257759522461908884e-05,3.364964447992431176e-05
1.310170917913612065e+00,1.377336159122392780e-04,2.988254586350756566e-05,-2.764542916742772122e-05,9.986910813166476331e-01,-1.218892315261947039e-03,-1.218892315261947039e-03,1.377336159122392780e-04,1.100881867448115568e-04,9.983608167564131941e-01,-1.659245062241193266e-03,-1.659245062241193266e-03,2.084954797686357371e-04,-2.350868226303879882e-05,-2.350868226303879882e-05,3.337941415728308065e-05
1.312473503006606146e+00,1.377787480038257842e-04,2.960836292486638332e-05,-2.768907878570372192e-05,9.986880785363732027e-01,-1.213852083293472453e-03,-1.213852083293472453e-03,1.377787480038257842e-04,1.100896692181220623e-04,9.983578095287188869e-01,-1.654210760165960702e-03,-1.654210760165960702e-03,2.085595742702724825e-04,-2.443959421114266664e-05,-2.443959421114266664e-05,3.311009646044619776e-05
1.314776088099600226e+00,1.378235146810714417e-04,2.933530063082707951e-05,-2.773230724839702429e-05,9.986850880642799133e-01,-1.208797404835959413e-03,-1.208797404835959413e-03,1.378235146810714417e-04,1.100912074326744174e-04,9.983548144419819304e-01,-1.649162234566657137e-03,-1.649162234566657137e-03,2.086231308999412343e-04,-2.537032100636168241e-05,-2.537032100636168241e-05,3.284168872641059851e-05
1.317078673192594307e+00,1.378679171536115341e-04,2.906335701351619213e-05,-2.777511655665392020e-05,9.986821098724720791e-01,-1.203728516074369917e-03,-1.203728516074369917e-03,1.378679171536115341e-04,1.100928005969576139e-04,9.983518314706811836e-01,-1.644099718462200318e-03,-1.644099718462200318e-03,2.086861512581652004e-04,-2.630085269683238899e-05,-2.630085269683238899e-05,3.257418830065647011e-05
1.319381258285588165e+00,1.379119566277640929e-04,2.879253008169449946e-05,-2.781750870772945925e-05,9.986791439328731590e-01,-1.198645651817255254e-03,-1.198645651817255254e-03,1.379119566277640929e-04,1.100944479200346337e-04,9.983488605891130963e-01,-1.639023443497393843e-03,-1.639023443497393843e-03,2.087486369419209737e-04,-2.723117944088696823e-05,-2.723117944088696823e-05,3.230759253714228458e-05
1.321683843378582246e+00,1.379556343065390322e-04,2.852281782114598111e-05,-2.785948569493880878e-05,9.986761902172297534e-01,-1.193549045495314459e-03,-1.193549045495314459e-03,1.379556343065390322e-04,1.100961486116002234e-04,9.983459017713949279e-01,-1.633933639941715461e-03,-1.633933639941715461e-03,2.088105895446497806e-04,-2.816129150654168387e-05,-2.816129150654168387e-05,3.204189879829926255e-05
1.323986428471576327e+00,1.379989513896472011e-04,2.825421819506362454e-05,-2.790104950760916947e-05,9.986732486971142686e-01,-1.188438929160108007e-03,-1.188438929160108007e-03,1.379989513896472011e-04,1.100979018820380317e-04,9.983429549914681900e-01,-1.628830536688260187e-03,-1.628830536688260187e-03,2.088720106562685669e-04,-2.909117927098270201e-05,-2.909117927098270201e-05,3.177710445502621649e-05
1.326289013564570407e+00,1.380419090735097087e-04,2.798672914443063061e-05,-2.794220213103291073e-05,9.986703193439290249e-01,-1.183315533482918536e-03,-1.183315533482918536e-03,1.380419090735097087e-04,1.100997069424767980e-04,9.983400202231016429e-01,-1.623714361252825674e-03,-1.623714361252825674e-03,2.089329018631811113e-04,-3.002083322005093252e-05,-3.002083322005093252e-05,3.151320688668362831e-05
1.328591598657564488e+00,1.380845085512670577e-04,2.772034858839805469e-05,-2.798294554642116684e-05,9.986674021289092540e-01,-1.178179087753764877e-03,-1.178179087753764877e-03,1.380845085512670577e-04,1.101015630048458909e-04,9.983370974398947384e-01,-1.618585339773148495e-03,-1.618585339773148495e-03,2.089932647482891921e-04,-3.095024394772473241e-05,-3.095024394772473241e-05,3.125020348108751000e-05
1.330894183750558568e+00,1.381267510127883065e-04,2.745507442465843292e-05,-2.802328173085830046e-05,9.986644970231267626e-01,-1.173029819880560274e-03,-1.173029819880560274e-03,1.381267510127883065e-04,1.101034692819300061e-04,9.983341866152809496e-01,-1.613443697008280298e-03,-1.613443697008280298e-03,2.090531008910034838e-04,-3.187940215560106766e-05,-3.187940215560106766e-05,3.098809163450314241e-05
1.333196768843552649e+00,1.381686376446803388e-04,2.719090452981529188e-05,-2.806321265725727414e-05,9.986616039974929304e-01,-1.167867956388416546e-03,-1.167867956388416546e-03,1.381686376446803388e-04,1.101054249874230647e-04,9.983312877225306581e-01,-1.608289656338108805e-03,-1.608289656338108805e-03,2.091124118672546160e-04,-3.280829865237507590e-05,-3.280829865237507590e-05,3.072686875163917311e-05
1.335499353936546507e+00,1.382101696302970252e-04,2.692783675974932427e-05,-2.810274029431559107e-05,9.986587230227623735e-01,-1.162693722419090060e-03,-1.162693722419090060e-03,1.382101696302970252e-04,1.101074293359814341e-04,9.983284007347544842e-01,-1.603123439763015851e-03,-1.603123439763015851e-03,2.091711992495040150e-04,-3.373692435331812124e-05,-3.373692435331812124e-05,3.046653224564074527e-05
1.337801939029540588e+00,1.382513481497484932e-04,2.666586894998026515e-05,-2.814186660647217096e-05,9.986558540695363861e-01,-1.157507341730567782e-03,-1.157507341730567782e-03,1.382513481497484932e-04,1.101094815432763222e-04,9.983255256249065068e-01,-1.597945267903673125e-03,-1.597945267903673125e-03,2.092294646067547465e-04,-3.466527027975479554e-05,-3.466527027975479554e-05,3.020707953808249435e-05
1.340104524122534668e+00,1.382921743799103969e-04,2.640499891602531899e-05,-2.818059355386494413e-05,9.986529971082651613e-01,-1.152309036696793189e-03,-1.152309036696793189e-03,1.382921743799103969e-04,1.101115808260454528e-04,9.983226623657870391e-01,-1.592755360000974946e-03,-1.592755360000974946e-03,2.092872095045623839e-04,-3.559332755853773762e-05,-3.559332755853773762e-05,2.994850805896132127e-05
1.342407109215528749e+00,1.383326494944329705e-04,2.614522445375380900e-05,-2.821892309228890647e-05,9.986501521092523426e-01,-1.147099028307524459e-03,-1.147099028307524459e-03,1.383326494944329705e-04,1.101137264021440640e-04,9.983198109300459588e-01,-1.587553933916100715e-03,-1.587553933916100715e-03,2.093444355050457970e-04,-3.652108742152200527e-05,-3.652108742152200527e-05,2.969081524669008707e-05
1.344709694308522829e+00,1.383727746637505147e-04,2.588654333973797747e-05,-2.825685717315547544e-05,9.986473190426574664e-01,-1.141877536168330130e-03,-1.141877536168330130e-03,1.383727746637505147e-04,1.101159174905950392e-04,9.983169712901857062e-01,-1.582341206130710286e-03,-1.582341206130710286e-03,2.094011441668977222e-04,-3.744854120503790230e-05,-3.744854120503790230e-05,2.943399854808935942e-05
1.347012279401516910e+00,1.384125510550904769e-04,2.562895333160012366e-05,-2.829439774345202216e-05,9.986444978784989601e-01,-1.136644778500713136e-03,-1.136644778500713136e-03,1.384125510550904769e-04,1.101181533116384547e-04,9.983141434185640595e-01,-1.577117391747267063e-03,-1.577117391747267063e-03,2.094573370453956321e-04,-3.837568034936260613e-05,-3.837568034936260613e-05,2.917805541838023315e-05
1.349314864494510768e+00,1.384519798324828298e-04,2.537245216835632292e-05,-2.833154674570252847e-05,9.986416885866576942e-01,-1.131400972142367761e-03,-1.131400972142367761e-03,1.384519798324828298e-04,1.101204330867803014e-04,9.983113272873973543e-01,-1.571882704489489021e-03,-1.571882704489489021e-03,2.095130156924121707e-04,-3.930249639819079254e-05,-3.930249639819079254e-05,2.892298332117628349e-05
1.351617449587504849e+00,1.384910621567692600e-04,2.511703757075639529e-05,-2.836830611792865049e-05,9.986388911368798693e-01,-1.126146332547558245e-03,-1.126146332547558245e-03,1.384910621567692600e-04,1.101227560388406095e-04,9.983085228687633705e-01,-1.566637356702920737e-03,-1.566637356702920737e-03,2.095681816564258873e-04,-4.022898099810454889e-05,-4.022898099810454889e-05,2.866877972847523801e-05
1.353920034680498929e+00,1.385297991856124103e-04,2.486270724162005893e-05,-2.840467779361163607e-05,9.986361054987803465e-01,-1.120881073787630307e-03,-1.120881073787630307e-03,1.385297991856124103e-04,1.101251213920007743e-04,9.983057301346043300e-01,-1.561381559355633350e-03,-1.561381559355633350e-03,2.096228364825316714e-04,-4.115512589804158655e-05,-4.115512589804158655e-05,2.841544212065180730e-05
1.356222619773493010e+00,1.385681920735052860e-04,2.460945886617013260e-05,-2.844066370165501461e-05,9.986333316418447570e-01,-1.115605408551639550e-03,-1.115605408551639550e-03,1.385681920735052860e-04,1.101275283718502714e-04,9.983029490567292275e-01,-1.556115522039040744e-03,-1.556115522039040744e-03,2.096769817124512702e-04,-4.208092294876334479e-05,-4.208092294876334479e-05,2.816296798644842865e-05
1.358525204866487091e+00,1.386062419717803615e-04,2.435729011236160456e-05,-2.847626576634777491e-05,9.986305695354339429e-01,-1.110319548147104766e-03,-1.110319548147104766e-03,1.386062419717803615e-04,1.101299762054325866e-04,9.983001796068176059e-01,-1.550839452968835004e-03,-1.550839452968835004e-03,2.097306188845437505e-04,-4.300636410232199029e-05,-4.300636410232199029e-05,2.791135482296701255e-05
1.360827789959481171e+00,1.386439500286190403e-04,2.410619863120743871e-05,-2.851148590732849157e-05,9.986278191487855116e-01,-1.105023702500877031e-03,-1.105023702500877031e-03,1.386439500286190403e-04,1.101324641212905487e-04,9.982974217564216657e-01,-1.545553558986039171e-03,-1.545553558986039171e-03,2.097837495338158802e-04,-4.393144141152658983e-05,-4.393144141152658983e-05,2.766060013566024872e-05
1.363130375052475252e+00,1.386813173890608162e-04,2.385618205710126363e-05,-2.854632603954983098e-05,9.986250804510180545e-01,-1.099718080160130666e-03,-1.099718080160130666e-03,1.386813173890608162e-04,1.101349913495109853e-04,9.982946754769694842e-01,-1.540258045558174716e-03,-1.540258045558174716e-03,2.098363751919324555e-04,-4.485614702940870027e-05,-4.485614702940870027e-05,2.741070143832228875e-05
1.365432960145469110e+00,1.387183451950125981e-04,2.360723800813607046e-05,-2.858078807324393813e-05,9.986223534111324796e-01,-1.094402888293465005e-03,-1.094402888293465005e-03,1.387183451950125981e-04,1.101375571217686600e-04,9.982919407397671252e-01,-1.534953116780539591e-03,-1.534953116780539591e-03,2.098884973872267360e-04,-4.578047320868721992e-05,-4.578047320868721992e-05,2.716165625308034355e-05
1.367735545238463191e+00,1.387550345852580876e-04,2.335936408641977330e-05,-2.861487391388844689e-05,9.986196379980165627e-01,-1.089078332692119781e-03,-1.089078332692119781e-03,1.387550345852580876e-04,1.101401606713696407e-04,9.982892175160024140e-01,-1.529638975377598398e-03,-1.529638975377598398e-03,2.099401176447106092e-04,-4.670441230123310438e-05,-4.670441230123310438e-05,2.691346211038495603e-05
1.370038130331457271e+00,1.387913866954669138e-04,2.311255787838766273e-05,-2.864858546217305944e-05,9.986169341804466137e-01,-1.083744617771306967e-03,-1.083744617771306967e-03,1.387913866954669138e-04,1.101428012332938543e-04,9.982865057767467132e-01,-1.524315822704482275e-03,-1.524315822704482275e-03,2.099912374860848365e-04,-4.762795675753270675e-05,-4.762795675753270675e-05,2.666611654900041605e-05
1.372340715424451352e+00,1.388274026582040656e-04,2.286681695511104089e-05,-2.868192461396681697e-05,9.986142419270906956e-01,-1.078401946571644083e-03,-1.078401946571644083e-03,1.388274026582040656e-04,1.101454780442372486e-04,9.982838054929580318e-01,-1.518983858748593077e-03,-1.518983858748593077e-03,2.100418584297493257e-04,-4.855109912615151096e-05,-4.855109912615151096e-05,2.641961711599585642e-05
1.374643300517445432e+00,1.388630836029391892e-04,2.262213887260297330e-05,-2.871489326028615636e-05,9.986115612065115110e-01,-1.073050520760702228e-03,-1.073050520760702228e-03,1.388630836029391892e-04,1.101481903426530329e-04,9.982811166354835786e-01,-1.513643282131314251e-03,-1.513643282131314251e-03,2.100919819908132139e-04,-4.947383205319709932e-05,-4.947383205319709932e-05,2.617396136673447187e-05
1.376945885610439513e+00,1.388984306560558306e-04,2.237852117212040177e-05,-2.874749328726331919e-05,9.986088919871691783e-01,-1.067690540634653627e-03,-1.067690540634653627e-03,1.388984306560558306e-04,1.101509373687925114e-04,9.982784391750627595e-01,-1.508294290109823618e-03,-1.508294290109823618e-03,2.101416096811050598e-04,-5.039614828178179477e-05,-5.039614828178179477e-05,2.592914686486438804e-05
1.379248470703433371e+00,1.389334449408608136e-04,2.213596138046343163e-05,-2.877972657611562823e-05,9.986062342374231182e-01,-1.062322205120028911e-03,-1.062322205120028911e-03,1.389334449408608136e-04,1.101537183647451854e-04,9.982757730823288433e-01,-1.502937078579009598e-03,-1.502937078579009598e-03,2.101907430091828172e-04,-5.131804065148499832e-05,-5.131804065148499832e-05,2.568517118230829037e-05
1.381551055796427452e+00,1.389681275775934294e-04,2.189445701027096657e-05,-2.881159500311519751e-05,9.986035879255362735e-01,-1.056945711775568279e-03,-1.056945711775568279e-03,1.389681275775934294e-04,1.101565325744782318e-04,9.982731183278128473e-01,-1.497571842073481098e-03,-1.497571842073481098e-03,2.102393834803439464e-04,-5.223950209781572286e-05,-5.223950209781572286e-05,2.544203189925307342e-05
1.383853640889421532e+00,1.390024796834349221e-04,2.165400556031341273e-05,-2.884310043955950976e-05,9.986009530196765516e-01,-1.051561256794183042e-03,-1.051561256794183042e-03,1.390024796834349221e-04,1.101593792438754124e-04,9.982704748819449803e-01,-1.492198773769684746e-03,-1.492198773769684746e-03,2.102875325966354692e-04,-5.316052565167402256e-05,-5.316052565167402256e-05,2.519972660413931389e-05
1.386156225982415613e+00,1.390365023725176243e-04,2.141460451578228606e-05,-2.887424475174221077e-05,9.985983294879197114e-01,-1.046169035005005844e-03,-1.046169035005005844e-03,1.390365023725176243e-04,1.101622576207754136e-04,9.982678427150574185e-01,-1.486818065488107552e-03,-1.486818065488107552e-03,2.103351918568638357e-04,-5.408110443881327599e-05,-5.408110443881327599e-05,2.495825289365114015e-05
1.388458811075409693e+00,1.390701967559344432e-04,2.117625134857637387e-05,-2.890502980092502850e-05,9.985957172982524721e-01,-1.040769239875543239e-03,-1.040769239875543239e-03,1.390701967559344432e-04,1.101651669550094147e-04,9.982652217973874142e-01,-1.481429907695580844e-03,-1.481429907695580844e-03,2.103823627566048715e-04,-5.500123167930187976e-05,-5.500123167930187976e-05,2.471760837270491244e-05
1.390761396168403774e+00,1.391035639417479678e-04,2.093894351758510131e-05,-2.893545744330969227e-05,9.985931164185741782e-01,-1.035362063513919342e-03,-1.035362063513919342e-03,1.391035639417479678e-04,1.101681064984382755e-04,9.982626120990788499e-01,-1.476034489507672444e-03,-1.476034489507672444e-03,2.104290467882138070e-04,-5.592090068698507088e-05,-5.592090068698507088e-05,2.447779065443881458e-05
1.393063981261397632e+00,1.391366050349999290e-04,2.070267846896879418e-05,-2.896552953001089547e-05,9.985905268167005744e-01,-1.029947696671216183e-03,-1.029947696671216183e-03,1.391366050349999290e-04,1.101710755049890335e-04,9.982600135901855687e-01,-1.470631998691172317e-03,-1.470631998691172317e-03,2.104752454408348992e-04,-5.684010486894663396e-05,-5.684010486894663396e-05,2.423879736020129703e-05
1.395366566354391713e+00,1.391693211377204964e-04,2.046745363643549614e-05,-2.899524790702967840e-05,9.985879484603649159e-01,-1.024526328743899286e-03,-1.024526328743899286e-03,1.391693211377204964e-04,1.101740732306908180e-04,9.982574262406728183e-01,-1.465222621666662558e-03,-1.465222621666662558e-03,2.105209602004115153e-04,-5.775883772497123175e-05,-5.775883772497123175e-05,2.400062611954078035e-05
1.397669151447385794e+00,1.392017133489375483e-04,2.023326644151541068e-05,-2.902461441522738027e-05,9.985853813172218540e-01,-1.019098147776340826e-03,-1.019098147776340826e-03,1.392017133489375483e-04,1.101770989337101680e-04,9.982548500204206920e-01,-1.459806543511181498e-03,-1.459806543511181498e-03,2.105661925496957003e-04,-5.867709284700586841e-05,-5.867709284700586841e-05,2.376327457019288195e-05
1.399971736540379874e+00,1.392337827646859415e-04,2.000011429383183656e-05,-2.905363089030005210e-05,9.985828253548487687e-01,-1.013663340463423447e-03,-1.013663340463423447e-03,1.392337827646859415e-04,1.101801518743858894e-04,9.982522848992255726e-01,-1.454383947960966950e-03,-1.454383947960966950e-03,2.106109439682580977e-04,-5.959486391862251826e-05,-5.959486391862251826e-05,2.352674035807036351e-05
1.402274321633373955e+00,1.392655304780169711e-04,1.976799459136926724e-05,-2.908229916275377751e-05,9.985802805407490990e-01,-1.008222092153233202e-03,-1.008222092153233202e-03,1.392655304780169711e-04,1.101832313152631936e-04,9.982497308468033514e-01,-1.448955017414285977e-03,-1.448955017414285977e-03,2.106552159324975718e-04,-6.051214471448046987e-05,-6.051214471448046987e-05,2.329102113725086255e-05
1.404576906726368035e+00,1.392969575790074235e-04,1.953690472073874260e-05,-2.911062105787999359e-05,9.985777468423540082e-01,-1.002774586849835984e-03,-1.002774586849835984e-03,1.392969575790074235e-04,1.101863365211274299e-04,9.982471878327906500e-01,-1.443519932934345757e-03,-1.443519932934345757e-03,2.106990099156509655e-04,-6.142892909978907008e-05,-6.142892909978907008e-05,2.305611456996471548e-05
1.406879491819362116e+00,1.393280651547691717e-04,1.930684205743997173e-05,-2.913859839573197728e-05,9.985752242270253820e-01,-9.973210072161385088e-04,-9.973210072161385088e-04,1.393280651547691717e-04,1.101894667590371944e-04,9.982446558267482617e-01,-1.438078874252287287e-03,-1.438078874252287287e-03,2.107423273878027224e-04,-6.234521102977080668e-05,-6.234521102977080668e-05,2.282201832658392585e-05
1.409182076912355974e+00,1.393588542894582554e-04,1.907780396612079611e-05,-2.916623299110141301e-05,9.985727126620577154e-01,-9.918615345768280311e-04,-9.918615345768280311e-04,1.393588542894582554e-04,1.101926212983568424e-04,9.982421347981625948e-01,-1.432632019770255401e-03,-1.432632019770255401e-03,2.107851698158944552e-04,-6.326098454912458774e-05,-6.326098454912458774e-05,2.258873008560942835e-05
1.411484662005350055e+00,1.393893260642842052e-04,1.884978780083368131e-05,-2.919352665349563805e-05,9.985702121146806665e-01,-9.863963489213909731e-04,-9.863963489213909731e-04,1.393893260642842052e-04,1.101957994107885671e-04,9.982396247164483372e-01,-1.427179546564545350e-03,-1.427179546564545350e-03,2.108275386637346763e-04,-6.417624379149002370e-05,-6.417624379149002370e-05,2.235624753365936590e-05
1.413787247098344135e+00,1.394194815575195020e-04,1.862279090528937627e-05,-2.922048118711560608e-05,9.985677225520617206e-01,-9.809256289072143965e-04,-9.809256289072143965e-04,1.394194815575195020e-04,1.101990003704038959e-04,9.982371255509504548e-01,-1.421721630388830034e-03,-1.421721630388830034e-03,2.108694353920082573e-04,-6.509098297891106584e-05,-6.509098297891106584e-05,2.212456836545618084e-05
1.416089832191338216e+00,1.394493218445086577e-04,1.839681061310794000e-05,-2.924709839083401339e-05,9.985652439413075232e-01,-9.754495518627582682e-04,-9.754495518627582682e-04,1.394493218445086577e-04,1.102022234536746443e-04,9.982346372709465232e-01,-1.416258445677456845e-03,-1.416258445677456845e-03,2.109108614582859973e-04,-6.600519642130123709e-05,-6.600519642130123709e-05,2.189369028381484456e-05
1.418392417284332296e+00,1.394788479976776473e-04,1.817184424806665114e-05,-2.927338005817427897e-05,9.985627762494674320e-01,-9.699682937908047069e-04,-9.699682937908047069e-04,1.394788479976776473e-04,1.102054679395033683e-04,9.982321598456489475e-01,-1.410790165548818234e-03,-1.410790165548818234e-03,2.109518183170340825e-04,-6.691887851590882217e-05,-6.691887851590882217e-05,2.166361099962975563e-05
1.420695002377326377e+00,1.395080610865430707e-04,1.794788912434535616e-05,-2.929932797728980909e-05,9.985603194435344054e-01,-9.644820293717806282e-04,-9.644820293717806282e-04,1.395080610865430707e-04,1.102087331092532616e-04,9.982296932442066284e-01,-1.405316961808793621e-03,-1.405316961808793621e-03,2.109923074196235729e-04,-6.783202374678281676e-05,-6.783202374678281676e-05,2.143432823186231886e-05
1.422997587470320235e+00,1.395369621777216122e-04,1.772494254676913416e-05,-2.932494393094395313e-05,9.985578734904481113e-01,-9.589909319671521652e-04,-9.589909319671521652e-04,1.395369621777216122e-04,1.102120182467776591e-04,9.982272374357077371e-01,-1.399839004954262856e-03,-1.399839004954262856e-03,2.110323302143399162e-04,-6.874462668423929671e-05,-6.874462668423929671e-05,2.120583970752804335e-05
1.425300172563314316e+00,1.395655523349391208e-04,1.750300181104806136e-05,-2.935022969649027109e-05,9.985554383570968140e-01,-9.534951736228876101e-04,-9.534951736228876101e-04,1.395655523349391208e-04,1.102153226384488497e-04,9.982247923891814922e-01,-1.394356464176683009e-03,-1.394356464176683009e-03,2.110718881463922178e-04,-6.965668198432897989e-05,-6.965668198432897989e-05,2.097814316168341680e-05
1.427602757656308397e+00,1.395938326190400154e-04,1.728206420401454975e-05,-2.937518704585343810e-05,9.985530140103199281e-01,-9.479949250729916965e-04,-9.479949250729916965e-04,1.395938326190400154e-04,1.102186455731865773e-04,9.982223580736003798e-01,-1.388869507365738006e-03,-1.388869507365738006e-03,2.111109826579227547e-04,-7.056818438830462549e-05,-7.056818438830462549e-05,2.075123633741288160e-05
1.429905342749302477e+00,1.396218040879965009e-04,1.706212700385767369e-05,-2.939981774551062325e-05,9.985506004169092398e-01,-9.424903557431052589e-04,-9.424903557431052589e-04,1.396218040879965009e-04,1.102219863424858776e-04,9.982199344578818190e-01,-1.383378301113048769e-03,-1.383378301113048769e-03,2.111496151880162451e-04,-7.147912872208995105e-05,-7.147912872208995105e-05,2.052511698581593275e-05
1.432207927842296558e+00,1.396494677969177837e-04,1.684318748035521285e-05,-2.942412355647320719e-05,9.985481975436117930e-01,-9.369816337541712458e-04,-9.369816337541712458e-04,1.396494677969177837e-04,1.102253442404445765e-04,9.982175215108904931e-01,-1.377883010715949498e-03,-1.377883010715949498e-03,2.111877871727091459e-04,-7.238950989574896978e-05,-7.238950989574896978e-05,2.029978286599325372e-05
1.434510512935290638e+00,1.396768247980594772e-04,1.662524289510272386e-05,-2.944810623426928587e-05,9.985458053571318882e-01,-9.314689259261640496e-04,-9.314689259261640496e-04,1.396768247980594772e-04,1.102287185637901913e-04,9.982151192014405705e-01,-1.372383800181324869e-03,-1.372383800181324869e-03,2.112255000449990579e-04,-7.329932290295618159e-05,-7.329932290295618159e-05,2.007523174503367882e-05
1.436813098028284497e+00,1.397038761408326548e-04,1.640829050174051119e-05,-2.947176752892626905e-05,9.985434238241329696e-01,-9.259523977818849734e-04,-9.259523977818849734e-04,1.397038761408326548e-04,1.102321086119063858e-04,9.982127274982972587e-01,-1.366880832229510571e-03,-1.366880832229510571e-03,2.112627552348539416e-04,-7.420856282046755018e-05,-7.420856282046755018e-05,1.985146139800072544e-05
1.439115683121278577e+00,1.397306228718132285e-04,1.619232754617738282e-05,-2.949510918495419718e-05,9.985410529112394018e-01,-9.204322135508121241e-04,-9.204322135508121241e-04,1.397306228718132285e-04,1.102355136868590313e-04,9.982103463701788026e-01,-1.361374268298248249e-03,-1.361374268298248249e-03,2.112995541692213057e-04,-7.511722480759283540e-05,-7.511722480759283540e-05,1.962846960791805555e-05
1.441418268214272658e+00,1.397570660347511641e-04,1.597735126681243392e-05,-2.951813294132953254e-05,9.985386925850391338e-01,-9.149085361730207797e-04,-9.149085361730207797e-04,1.397570660347511641e-04,1.102389330934216315e-04,9.982079757857588165e-01,-1.355864268546707252e-03,-1.355864268546707252e-03,2.113358982720374500e-04,-7.602530410566785786e-05,-7.602530410566785786e-05,1.940625416575684139e-05
1.443720853307266738e+00,1.397832066705797247e-04,1.576335889475394730e-05,-2.954084053147927570e-05,9.985363428120850315e-01,-9.093815273031528694e-04,-9.093815273031528694e-04,1.397832066705797247e-04,1.102423661391004490e-04,9.982056157136677266e-01,-1.350350991859554720e-03,-1.350350991859554720e-03,2.113717889642367082e-04,-7.693279603752871507e-05,-7.693279603752871507e-05,1.918481287042100671e-05
1.446023438400260819e+00,1.398090458174246046e-04,1.555034765403605086e-05,-2.956323368326551563e-05,9.985340035588974317e-01,-9.038513473144493392e-04,-9.038513473144493392e-04,1.398090458174246046e-04,1.102458121341590890e-04,9.982032661224949921e-01,-1.344834595851085749e-03,-1.344834595851085749e-03,2.114072276637605011e-04,-7.783969600698651260e-05,-7.783969600698651260e-05,1.896414352873380642e-05
1.448326023493254899e+00,1.398345845106132809e-04,1.533831476183268149e-05,-2.958531411897067102e-05,9.985316747919656954e-01,-8.983181553028369432e-04,-8.983181553028369432e-04,1.398345845106132809e-04,1.102492703916426099e-04,9.982009269807907703e-01,-1.339315236869407328e-03,-1.339315236869407328e-03,2.114422157855665792e-04,-7.874599949830313878e-05,-7.874599949830313878e-05,1.874424395542317293e-05
1.450628608586248980e+00,1.398598237826841203e-04,1.512725742866917057e-05,-2.960708355528286707e-05,9.985293564777500963e-01,-8.927821090910681608e-04,-8.927821090910681608e-04,1.398598237826841203e-04,1.102527402274012532e-04,9.981985982570679150e-01,-1.333793070000673228e-03,-1.333793070000673228e-03,2.114767547416380219e-04,-7.965170207566819134e-05,-7.965170207566819134e-05,1.852511197310745546e-05
1.452931193679242838e+00,1.398847646633956496e-04,1.491717285863152542e-05,-2.962854370328193575e-05,9.985270485826839293e-01,-8.872433652329189029e-04,-8.872433652329189029e-04,1.398847646633956496e-04,1.102562209601137138e-04,9.981962799198036418e-01,-1.328268249073373758e-03,-1.328268249073373758e-03,2.115108459409923986e-04,-8.055679938267682567e-05,-8.055679938267682567e-05,1.830674541228185061e-05
1.455233778772236919e+00,1.399094081797357439e-04,1.470805824957298169e-05,-2.964969626842584971e-05,9.985247510731755094e-01,-8.817020790174315368e-04,-8.817020790174315368e-04,1.399094081797357439e-04,1.102597119113098942e-04,9.981939719374415265e-01,-1.322740926662671060e-03,-1.322740926662671060e-03,2.115444907896907680e-04,-8.146128714180920225e-05,-8.146128714180920225e-05,1.808914211130294232e-05
1.457536363865230999e+00,1.399337553559307614e-04,1.449991079331865840e-05,-2.967054295053744080e-05,9.985224639156092818e-01,-8.761584044732170003e-04,-8.761584044732170003e-04,1.399337553559307614e-04,1.102632124053933206e-04,9.981916742783930596e-01,-1.317211254094790337e-03,-1.317211254094790337e-03,2.115776906908467580e-04,-8.236516115391019155e-05,-8.236516115391019155e-05,1.787229991637490873e-05
1.459838948958225080e+00,1.399578072134547585e-04,1.429272767586730593e-05,-2.969108544379167429e-05,9.985201870763485976e-01,-8.706124943727997422e-04,-8.706124943727997422e-04,1.399578072134547585e-04,1.102667217696630842e-04,9.981893869110396444e-01,-1.311679381451452079e-03,-1.311679381451452079e-03,2.116104470446355645e-04,-8.326841729767111189e-05,-8.326841729767111189e-05,1.765621668153462124e-05
1.462141534051219161e+00,1.399815647710387603e-04,1.408650607759107702e-05,-2.971132543670339731e-05,9.985179205217373788e-01,-8.650645002370128608e-04,-8.650645002370128608e-04,1.399815647710387603e-04,1.102702393343353630e-04,9.981871098037343737e-01,-1.306145457574354367e-03,-1.306145457574354367e-03,2.116427612483028694e-04,-8.417105152911228034e-05,-8.417105152911228034e-05,1.744089026863634368e-05
1.464444119144213241e+00,1.400050290446797053e-04,1.388124317343291598e-05,-2.973126461211519586e-05,9.985156642181007847e-01,-8.595145723394426824e-04,-8.595145723394426824e-04,1.400050290446797053e-04,1.102737644325645094e-04,9.981848429248031396e-01,-1.300609630069700720e-03,-1.300609630069700720e-03,2.116746346961738390e-04,-8.507305988106683768e-05,-8.507305988106683768e-05,1.722631854733794939e-05
1.466746704237207100e+00,1.400282010476498501e-04,1.367693613310144572e-05,-2.975090464718610549e-05,9.985134181317487645e-01,-8.539628597109170331e-04,-8.539628597109170331e-04,1.400282010476498501e-04,1.102772964004637447e-04,9.981825862425474094e-01,-1.295072045312771957e-03,-1.295072045312771957e-03,2.117060687796620962e-04,-8.597443846266577942e-05,-8.597443846266577942e-05,1.701249939508511557e-05
1.469049289330201180e+00,1.400510817905056880e-04,1.347358212126390317e-05,-2.977024721338024078e-05,9.985111822289761685e-01,-8.484095101440355773e-04,-8.484095101440355773e-04,1.400510817905056880e-04,1.102808345771254473e-04,9.981803397252447807e-01,-1.289532848452537312e-03,-1.289532848452537312e-03,2.117370648872785564e-04,-8.687518345882473518e-05,-8.687518345882473518e-05,1.679943069709648670e-05
1.471351874423195261e+00,1.400736722810972724e-04,1.327117829773647274e-05,-2.978929397645626502e-05,9.985089564760654124e-01,-8.428546701977508975e-04,-8.428546701977508975e-04,1.400736722810972724e-04,1.102843783046410074e-04,9.981781033411515347e-01,-1.283992183416314981e-03,-1.283992183416314981e-03,2.117676244046403451e-04,-8.777529112973110040e-05,-8.777529112973110040e-05,1.658711034634894964e-05
1.473654459516189341e+00,1.400959735245772700e-04,1.306972181767270704e-05,-2.980804659645698183e-05,9.985067408392880317e-01,-8.372984852019860029e-04,-8.372984852019860029e-04,1.400959735245772700e-04,1.102879269281202882e-04,9.981758770585036356e-01,-1.278450192914467156e-03,-1.278450192914467156e-03,2.117977487144796344e-04,-8.867475781033353974e-05,-8.867475781033353974e-05,1.637553624356137408e-05
1.475957044609183422e+00,1.401179865234100414e-04,1.286920983174936935e-05,-2.982650672769936054e-05,9.985045352849059030e-01,-8.317410992622930373e-04,-8.317410992622930373e-04,1.401179865234100414e-04,1.102914797957106808e-04,9.981736608455187287e-01,-1.272907018445135815e-03,-1.272907018445135815e-03,2.118274391966525874e-04,-8.957357990983222233e-05,-8.957357990983222233e-05,1.616470629718041281e-05
1.478259629702177502e+00,1.401397122773808020e-04,1.266963948635045489e-05,-2.984467601876499520e-05,9.985023397791736866e-01,-8.261826552645554645e-04,-8.261826552645554645e-04,1.401397122773808020e-04,1.102950362586158068e-04,9.981714546703978064e-01,-1.267362800299018637e-03,-1.267362800299018637e-03,2.118566972281479507e-04,-9.047175391117076462e-05,-9.047175391117076462e-05,1.595461842336458428e-05
1.480562214795171583e+00,1.401611517836047298e-04,1.247100792374889291e-05,-2.986255611249094305e-05,9.985001542883396031e-01,-8.206232948797260313e-04,-8.206232948797260313e-04,1.401611517836047298e-04,1.102985956711137868e-04,9.981692585013262065e-01,-1.261817677564181124e-03,-1.261817677564181124e-03,2.118855241830960802e-04,-9.136927637052943366e-05,-9.136927637052943366e-05,1.574527054596839925e-05
1.482864799888165441e+00,1.401823060365360455e-04,1.227331228228576198e-05,-2.988014864596091544e-05,9.984979787786477656e-01,-8.150631585686052803e-04,-8.150631585686052803e-04,1.401823060365360455e-04,1.103021573905751300e-04,9.981670723064760553e-01,-1.256271788130905800e-03,-1.256271788130905800e-03,2.119139214327775877e-04,-9.226614391681974621e-05,-9.226614391681974621e-05,1.553666059652756139e-05
1.485167384981159522e+00,1.402031760279770381e-04,1.207654969654807540e-05,-2.989745525049675320e-05,9.984958132163394007e-01,-8.095023855866521553e-04,-8.095023855866521553e-04,1.402031760279770381e-04,1.103057207774802849e-04,9.981648960540069337e-01,-1.250725268696573295e-03,-1.250725268696573295e-03,2.119418903456320689e-04,-9.316235325118099239e-05,-9.316235325118099239e-05,1.532878651424238238e-05
1.487469970074153602e+00,1.402237627470871999e-04,1.188071729754362912e-05,-2.991447755165048492e-05,9.984936575676542914e-01,-8.039411139888371065e-04,-8.039411139888371065e-04,1.402237627470871999e-04,1.103092851954367150e-04,9.981627297120679865e-01,-1.245178254770583966e-03,-1.245178254770583966e-03,2.119694322872669122e-04,-9.405790114647736915e-05,-9.405790114647736915e-05,1.512164624596282164e-05
1.489772555167147683e+00,1.402440671803922791e-04,1.168581221287447579e-05,-2.993121716919652071e-05,9.984915117988329980e-01,-7.983794806345231691e-04,-7.983794806345231691e-04,1.402440671803922791e-04,1.103128500111957584e-04,9.981605732487993654e-01,-1.239630880679306203e-03,-1.239630880679306203e-03,2.119965486204659455e-04,-9.495278444679752610e-05,-9.495278444679752610e-05,1.491523774617217751e-05
1.492075140260141763e+00,1.402640903117933059e-04,1.149183156690793734e-05,-2.994767571712437441e-05,9.984893758761173022e-01,-7.928176211923847715e-04,-7.928176211923847715e-04,1.402640903117933059e-04,1.103164145946689315e-04,9.981584266323333399e-01,-1.234083279571060498e-03,-1.234083279571060498e-03,2.120232407051981366e-04,-9.584700006695515487e-05,-9.584700006695515487e-05,1.470955897697083952e-05
1.494377725353135844e+00,1.402838331225756188e-04,1.129877248094551180e-05,-2.996385480363156217e-05,9.984872497657530932e-01,-7.872556701453563592e-04,-7.872556701453563592e-04,1.402838331225756188e-04,1.103199783189440567e-04,9.981562898307962950e-01,-1.228535583421132586e-03,-1.228535583421132586e-03,2.120495098986262131e-04,-9.674054499199127258e-05,-9.674054499199127258e-05,1.450460790806110782e-05
1.496680310446129702e+00,1.403032965914179173e-04,1.110663207338998951e-05,-2.997975603111705651e-05,9.984851334339904794e-01,-7.816937607956146294e-04,-7.816937607956146294e-04,1.403032965914179173e-04,1.103235405603008608e-04,9.981541628123096199e-01,-1.222987923036818018e-03,-1.222987923036818018e-03,2.120753575551153356e-04,-9.763341627667796894e-05,-9.763341627667796894e-05,1.430038251673037959e-05
1.498982895539123783e+00,1.403224816944012609e-04,1.091540745991029591e-05,-2.999538099617488952e-05,9.984830268470862302e-01,-7.761320252695884121e-04,-7.761320252695884121e-04,1.403224816944012609e-04,1.103271006982263714e-04,9.981520455449915952e-01,-1.217440428062493843e-03,-1.217440428062493843e-03,2.121007850262417443e-04,-9.852561104502419978e-05,-9.852561104502419978e-05,1.409688078783495040e-05
1.501285480632117864e+00,1.403413894050180950e-04,1.072509575360456741e-05,-3.001073128958829824e-05,9.984809299713049979e-01,-7.705705945230019449e-04,-7.705705945230019449e-04,1.403413894050180950e-04,1.103306581154297968e-04,9.981499379969587249e-01,-1.211893226984721078e-03,-1.211893226984721078e-03,2.121257936608012700e-04,-9.941712648978239376e-05,-9.941712648978239376e-05,1.389410071378451687e-05
1.503588065725111944e+00,1.403600206941811959e-04,1.053569406516108931e-05,-3.002580849632397830e-05,9.984788427729203164e-01,-7.650095983459434101e-04,-7.650095983459434101e-04,1.403600206941811959e-04,1.103342121978572176e-04,9.981478401363267361e-01,-1.206346447137372335e-03,-1.206346447137372335e-03,2.121503848048180080e-04,-1.003079598719574172e-04,-1.003079598719574172e-04,1.369204029452451266e-05
1.505890650818106025e+00,1.403783765302326692e-04,1.034719950301737541e-05,-3.004061419552681207e-05,9.984767652182168218e-01,-7.594491653679614433e-04,-7.594491653679614433e-04,1.403783765302326692e-04,1.103377623347058571e-04,9.981457519312126880e-01,-1.200800214706784818e-03,-1.200800214706784818e-03,2.121745598015528016e-04,-1.011981085203168671e-04,-1.011981085203168671e-04,1.349069753752104991e-05
1.508193235911100105e+00,1.403964578789529221e-04,1.015960917351715366e-05,-3.005514996051493546e-05,9.984746972734906967e-01,-7.538894230631886396e-04,-7.538894230631886396e-04,1.403964578789529221e-04,1.103413079184379866e-04,9.981436733497354163e-01,-1.195254654736940640e-03,-1.195254654736940640e-03,2.121983199915118072e-04,-1.020875698309032072e-04,-1.020875698309032072e-04,1.329007045774347884e-05
1.510495821004094186e+00,1.404142657035696616e-04,9.972920181065441015e-06,-3.006941735877514369e-05,9.984726389050521123e-01,-7.483304977554916223e-04,-7.483304977554916223e-04,1.404142657035696616e-04,1.103448483447945180e-04,9.981416043600177535e-01,-1.189709891134669694e-03,-1.189709891134669694e-03,2.122216667124549245e-04,-1.029763412665473949e-04,-1.029763412665473949e-04,1.309015707764817215e-05
1.512798406097088044e+00,1.404318009647667045e-04,9.787129628282013874e-06,-3.008341795195839177e-05,9.984705900792258948e-01,-7.427725146236437712e-04,-7.427725146236437712e-04,1.404318009647667045e-04,1.103483830128083128e-04,9.981395449301874168e-01,-1.184166046674877022e-03,-1.184166046674877022e-03,2.122446012994044426e-04,-1.038644203563843108e-04,-1.038644203563843108e-04,1.289095542716194857e-05
1.515100991190082125e+00,1.404490646206930839e-04,9.602234616152583184e-06,-3.009715329587597278e-05,9.984685507623525247e-01,-7.372155977065219124e-04,-7.372155977065219124e-04,1.404490646206930839e-04,1.103519113248171112e-04,9.981374950283781189e-01,-1.178623243005790357e-03,-1.178623243005790357e-03,2.122671250846533885e-04,-1.047518046953703019e-04,-1.047518046953703019e-04,1.269246354366488827e-05
1.517403576283076205e+00,1.404660576269718046e-04,9.418232244178321145e-06,-3.011062494049570953e-05,9.984665209207908010e-01,-7.316598699083284862e-04,-7.316598699083284862e-04,1.404660576269718046e-04,1.103554326864760951e-04,9.981354546227313440e-01,-1.173081600654232812e-03,-1.173081600654232812e-03,2.122892393977740652e-04,-1.056384919438015118e-04,-1.056384919438015118e-04,1.249467947197405290e-05
1.519706161376070286e+00,1.404827809367087876e-04,9.235119610523414356e-06,-3.012383442993853935e-05,9.984645005209176194e-01,-7.261054530038323638e-04,-7.261054530038323638e-04,1.404827809367087876e-04,1.103589465067702482e-04,9.981334236813973471e-01,-1.167541239030913357e-03,-1.167541239030913357e-03,2.123109455656263999e-04,-1.065244798268350559e-04,-1.065244798268350559e-04,1.229760126432646189e-05
1.522008746469064366e+00,1.404992355005018961e-04,9.052893812160961849e-06,-3.013678330247560033e-05,9.984624895291303037e-01,-7.205524676436327568e-04,-7.205524676436327568e-04,1.404992355005018961e-04,1.103624521980262958e-04,9.981314021725362640e-01,-1.162002276435737886e-03,-1.162002276435737886e-03,2.123322449123664010e-04,-1.074097661340112948e-04,-1.074097661340112948e-04,1.210122698036187905e-05
1.524311331562058447e+00,1.405154222664496092e-04,8.871551945016806367e-06,-3.014947309052526327e-05,9.984604879118476051e-01,-7.150010333594417761e-04,-7.150010333594417761e-04,1.405154222664496092e-04,1.103659491759243459e-04,9.981293900643197770e-01,-1.156464830063139160e-03,-1.156464830063139160e-03,2.123531387594545876e-04,-1.082943487187781683e-04,-1.082943487187781683e-04,1.190555468710636494e-05
1.526613916655052305e+00,1.405313421801599393e-04,8.691091104111779993e-06,-3.016190532065067867e-05,9.984584956355103680e-01,-7.094512685693887821e-04,-7.094512685693887821e-04,1.405313421801599393e-04,1.103694368595092607e-04,9.981273873249318918e-01,-1.150929016007425825e-03,-1.150929016007425825e-03,2.123736284256642838e-04,-1.091782254980171814e-04,-1.091782254980171814e-04,1.171058245895444504e-05
1.528916501748046386e+00,1.405469961847594042e-04,8.511508383702035490e-06,-3.017408151355767615e-05,9.984565126665840840e-01,-7.039032905833383967e-04,-7.039032905833383967e-04,1.405469961847594042e-04,1.103729146712017280e-04,9.981253939225704919e-01,-1.145394949268145309e-03,-1.145394949268145309e-03,2.123937152270900211e-04,-1.100613944515716820e-04,-1.100613944515716820e-04,1.151630837765247071e-05
1.531219086841040466e+00,1.405623852209017272e-04,8.332800877417637829e-06,-3.018600318409281281e-05,9.984545389715588914e-01,-6.983572156082336682e-04,-6.983572156082336682e-04,1.405623852209017272e-04,1.103763820368089144e-04,9.981234098254484488e-01,-1.139862743755469272e-03,-1.139862743755469272e-03,2.124134004771559411e-04,-1.109438536217760460e-04,-1.109438536217760460e-04,1.132273053228150063e-05
1.533521671934034547e+00,1.405775102267767284e-04,8.154965678399368482e-06,-3.019767184124174698e-05,9.984525745169509081e-01,-6.928131587534488859e-04,-6.928131587534488859e-04,1.405775102267767284e-04,1.103798383855349814e-04,9.981214350017942882e-01,-1.134332512295588812e-03,-1.134332512295588812e-03,2.124326854866239269e-04,-1.118256011129876813e-04,-1.118256011129876813e-04,1.112984701923949786e-05
1.535824257027028628e+00,1.405923721381190246e-04,7.977999879434013523e-06,-3.020908898812781518e-05,9.984506192693043403e-01,-6.872712340361621271e-04,-6.872712340361621271e-04,1.405923721381190246e-04,1.103832831499912095e-04,9.981194694198544104e-01,-1.128804366636127019e-03,-1.128804366636127019e-03,2.124515715636021143e-04,-1.127066350911203876e-04,-1.127066350911203876e-04,1.093765594222477709e-05
1.538126842120022708e+00,1.406069718882169747e-04,7.801900573087578193e-06,-3.022025612201115121e-05,9.984486731951918159e-01,-6.817315543867429831e-04,-6.817315543867429831e-04,1.406069718882169747e-04,1.103867157662058235e-04,9.981175130478932012e-01,-1.123278417451566277e-03,-1.123278417451566277e-03,2.124700600135529958e-04,-1.135869537831797344e-04,-1.135869537831797344e-04,1.074615541221747842e-05
1.540429427213016567e+00,1.406213104079213796e-04,7.626664851836949705e-06,-3.023117473428781879e-05,9.984467362612157171e-01,-6.761942316541537292e-04,-6.761942316541537292e-04,1.406213104079213796e-04,1.103901356736335608e-04,9.981155658541948084e-01,-1.117754774348687918e-03,-1.117754774348687918e-03,2.124881521393018509e-04,-1.144665554768001752e-04,-1.144665554768001752e-04,1.055534354746320258e-05
1.542732012306010647e+00,1.406353886256541839e-04,7.452289808200026064e-06,-3.024184631048922880e-05,9.984448084340091789e-01,-6.706593766113630711e-04,-6.706593766113630711e-04,1.406353886256541839e-04,1.103935423151649551e-04,9.981136278070636969e-01,-1.112233545872022946e-03,-1.112233545872022946e-03,2.125058492410447956e-04,-1.153454385197845997e-04,-1.153454385197845997e-04,1.036521847345494719e-05
1.545034597399004728e+00,1.406492074674173655e-04,7.278772534864013611e-06,-3.025227233028208508e-05,9.984428896802379771e-01,-6.651270989607774558e-04,-6.651270989607774558e-04,1.406492074674173655e-04,1.103969351371352804e-04,9.981116988748265362e-01,-1.106714839509318577e-03,-1.106714839509318577e-03,2.125231526163572126e-04,-1.162236013196448359e-04,-1.162236013196448359e-04,1.017577832291534613e-05
1.547337182491998808e+00,1.406627678568015283e-04,7.106110124812037267e-06,-3.026245426746818111e-05,9.984409799666003060e-01,-6.595975073396789963e-04,-6.595975073396789963e-04,1.406627678568015283e-04,1.104003135893333472e-04,9.981097790258323110e-01,-1.101198761697012385e-03,-1.101198761697012385e-03,2.125400635602017470e-04,-1.171010423431450382e-04,-1.171010423431450382e-04,9.987021235779579799e-06
1.549639767584992889e+00,1.406760707149947115e-04,6.934299671448241378e-06,-3.027239358998486086e-05,9.984390792598294428e-01,-6.540707093256783577e-04,-6.540707093256783577e-04,1.406760707149947115e-04,1.104036771250098506e-04,9.981078682284544312e-01,-1.095685417825717706e-03,-1.095685417825717706e-03,2.125565833649366819e-04,-1.179777601158465663e-04,-1.179777601158465663e-04,9.798945359177087703e-06
1.551942352677986969e+00,1.406891169607910085e-04,6.763338268721182077e-06,-3.028209175990547949e-05,9.984371875266934149e-01,-6.485468114421774014e-04,-6.485468114421774014e-04,1.406891169607910085e-04,1.104070252008855290e-04,9.981059664510907314e-01,-1.090174912245719463e-03,-1.090174912245719463e-03,2.125727133203239615e-04,-1.188537532216547344e-04,-1.188537532216547344e-04,9.611548847414211032e-06
1.554244937770981050e+00,1.407019075105993766e-04,6.593223011245629785e-06,-3.029155023344023013e-05,9.984353047339968867e-01,-6.430259191638415875e-04,-6.430259191638415875e-04,1.407019075105993766e-04,1.104103572771591464e-04,9.981040736621653586e-01,-1.084667348272478227e-03,-1.084667348272478227e-03,2.125884547135374310e-04,-1.197290203023678649e-04,-1.197290203023678649e-04,9.424829861956049226e-06
1.556547522863974908e+00,1.407144432784522016e-04,6.423950994422766565e-06,-3.030077046093720093e-05,9.984334308485818266e-01,-6.375081369220827847e-04,-6.375081369220827847e-04,1.407144432784522016e-04,1.104136728175150007e-04,9.981021898301293271e-01,-1.079162828192142733e-03,-1.079162828192142733e-03,2.126038088291709680e-04,-1.206035600572278861e-04,-1.206035600572278861e-04,9.238786571408626536e-06
1.558850107956968989e+00,1.407267251760139723e-04,6.255519314558857986e-06,-3.030975388688362192e-05,9.984315658373291713e-01,-6.319935681105479357e-04,-6.319935681105479357e-04,1.407267251760139723e-04,1.104169712891303503e-04,9.981003149234617400e-01,-1.073661453267069337e-03,-1.073661453267069337e-03,2.126187769492465329e-04,-1.214773712424734920e-04,-1.214773712424734920e-04,9.053417151501529547e-06
1.561152693049963069e+00,1.407387541125899530e-04,6.087925068982215663e-06,-3.031850194990749130e-05,9.984297096671586047e-01,-6.264823150906205160e-04,-6.264823150906205160e-04,1.407387541125899530e-04,1.104202521626824617e-04,9.980984489106705659e-01,-1.068163323741350363e-03,-1.068163323741350363e-03,2.126333603532223275e-04,-1.223504526708944946e-04,-1.223504526708944946e-04,8.868719785068759153e-06
1.563455278142957150e+00,1.407505309951347767e-04,5.921165356159003605e-06,-3.032701608277926948e-05,9.984278623050309998e-01,-6.209744791969248109e-04,-6.209744791969248109e-04,1.407505309951347767e-04,1.104235149123555072e-04,9.980965917602939719e-01,-1.062668538846346785e-03,-1.062668538846346785e-03,2.126475603180007906e-04,-1.232228032113889002e-04,-1.232228032113889002e-04,8.684692662031840712e-06
1.565757863235951231e+00,1.407620567282610641e-04,5.755237275806825331e-06,-3.033529771241399336e-05,9.984260237179484188e-01,-6.154701607428388673e-04,-6.154701607428388673e-04,1.407620567282610641e-04,1.104267590158470707e-04,9.980947434409008778e-01,-1.057177196806227204e-03,-1.057177196806227204e-03,2.126613781179368117e-04,-1.240944217885216389e-04,-1.240944217885216389e-04,8.501333979380999595e-06
1.568060448328945311e+00,1.407733322142480431e-04,5.590137929007622350e-06,-3.034334825987345817e-05,9.984241938729553345e-01,-6.099694590260137331e-04,-6.099694590260137331e-04,1.407733322142480431e-04,1.104299839543745849e-04,9.980929039210921783e-01,-1.051689394843512019e-03,-1.051689394843512019e-03,2.126748150248456174e-04,-1.249653073820853819e-04,-1.249653073820853819e-04,8.318641941157173589e-06
1.570363033421939170e+00,1.407843583530500326e-04,5.425864418318293277e-06,-3.035116914036875189e-05,9.984223727371396295e-01,-6.044724723338963830e-04,-6.044724723338963830e-04,1.407843583530500326e-04,1.104331892126812808e-04,9.980910731695016302e-01,-1.046205229184621506e-03,-1.046205229184621506e-03,2.126878723080109041e-04,-1.258354590266633362e-04,-1.258354590266633362e-04,8.136614758434059189e-06
1.572665618514933250e+00,1.407951360423051435e-04,5.262413847880399000e-06,-3.035876176326299280e-05,9.984205602776337063e-01,-5.989792979492580653e-04,-5.989792979492580653e-04,1.407951360423051435e-04,1.104363742790421507e-04,9.980892511547966306e-01,-1.040724795065426722e-03,-1.040724795065426722e-03,2.127005512341927519e-04,-1.267048758111944263e-04,-1.267048758111944263e-04,7.955250649299315933e-06
1.574968203607927331e+00,1.408056661773436538e-04,5.099783323528172933e-06,-3.036612753207420265e-05,9.984187564616153754e-01,-5.934900321557300216e-04,-5.934900321557300216e-04,1.408056661773436538e-04,1.104395386452694511e-04,9.980874378456795482e-01,-1.035248186736807772e-03,-1.035248186736807772e-03,2.127128530676356748e-04,-1.275735568785396937e-04,-1.275735568785396937e-04,7.774547838836892220e-06
1.577270788700921411e+00,1.408159496511966551e-04,4.937969952894976114e-06,-3.037326784447851860e-05,9.984169612563080776e-01,-5.880047702433362786e-04,-5.880047702433362786e-04,1.408159496511966551e-04,1.104426818067181365e-04,9.980856332108879458e-01,-1.029775497470208825e-03,-1.029775497470208825e-03,2.127247790700766443e-04,-1.284415014250515983e-04,-1.284415014250515983e-04,7.594504559108243192e-06
1.579573373793915492e+00,1.408259873546045099e-04,4.776970845518485147e-06,-3.038018409231362199e-05,9.984151746289828822e-01,-5.825236065140363068e-04,-5.825236065140363068e-04,1.408259873546045099e-04,1.104458032622908880e-04,9.980838372191960239e-01,-1.024306819563199859e-03,-1.024306819563199859e-03,2.127363305007529495e-04,-1.293087087001449991e-04,-1.293087087001449991e-04,7.415119049133939116e-06
1.581875958886909572e+00,1.408357801760254163e-04,4.616783112944230122e-06,-3.038687766158237045e-05,9.984133965469585981e-01,-5.770466342872638838e-04,-5.770466342872638838e-04,1.408357801760254163e-04,1.104489025144430458e-04,9.980820498394152862e-01,-1.018842244345036013e-03,-1.018842244345036013e-03,2.127475086164101119e-04,-1.301751780058701686e-04,-1.301751780058701686e-04,7.236389554875155168e-06
1.584178543979903431e+00,1.408453290016437021e-04,4.457403868828183009e-06,-3.039334993245642995e-05,9.984116269776031061e-01,-5.715739459054723550e-04,-5.715739459054723550e-04,1.408453290016437021e-04,1.104519790691872722e-04,9.980802710403955391e-01,-1.013381862182221498e-03,-1.013381862182221498e-03,2.127583146713099896e-04,-1.310409086964879480e-04,-1.310409086964879480e-04,7.058314329215663514e-06
1.586481129072897511e+00,1.408546347153784989e-04,4.298830229037206449e-06,-3.039960227928055741e-05,9.984098658883336919e-01,-5.661056327396778338e-04,-5.661056327396778338e-04,1.408546347153784989e-04,1.104550324360979415e-04,9.980785007910254469e-01,-1.007925762484069600e-03,-1.007925762484069600e-03,2.127687499172384485e-04,-1.319059001780470983e-04,-1.319059001780470983e-04,6.880891631942452349e-06
1.588783714165891592e+00,1.408636981988920086e-04,4.141059311748909620e-06,-3.040563607057663936e-05,9.984081132466184894e-01,-5.606417851950059802e-04,-5.606417851950059802e-04,1.408636981988920086e-04,1.104580621283153693e-04,9.980767390602335309e-01,-1.002474033708267457e-03,-1.002474033708267457e-03,2.127788156035134118e-04,-1.327701519079633314e-04,-1.327701519079633314e-04,6.704119729727967853e-06
1.591086299258885672e+00,1.408725203315980420e-04,3.984088237549428027e-06,-3.041145266904831334e-05,9.984063690199767027e-01,-5.551824927162362852e-04,-5.551824927162362852e-04,1.408725203315980420e-04,1.104610676625497286e-04,9.980749858169890576e-01,-9.970267633664351998e-04,-9.970267633664351998e-04,2.127885129769926400e-04,-1.336336633946008353e-04,-1.336336633946008353e-04,6.527996896110625652e-06
1.593388884351879753e+00,1.408811019906703395e-04,3.827914129530395222e-06,-3.041705343158548089e-05,9.984046331759801607e-01,-5.497278437933477650e-04,-5.497278437933477650e-04,1.408811019906703395e-04,1.104640485590848586e-04,9.980732410303029267e-01,-9.915840380296872536e-04,-9.915840380296872536e-04,2.127978432820816718e-04,-1.344964341968557509e-04,-1.344964341968557509e-04,6.352521411476906243e-06
1.595691469444873833e+00,1.408894440510510013e-04,3.672534113384152697e-06,-3.042243970926921358e-05,9.984029056822532056e-01,-5.442779259670623782e-04,-5.442779259670623782e-04,1.408894440510510013e-04,1.104670043417817877e-04,9.980715046692278936e-01,-9.861459433341895290e-04,-9.861459433341895290e-04,2.128068077607415769e-04,-1.353584639237417084e-04,-1.353584639237417084e-04,6.177691563042051106e-06
1.597994054537867914e+00,1.408975473854588625e-04,3.517945317498029729e-06,-3.042761284737683519e-05,9.984011865064744695e-01,-5.388328258343877929e-04,-5.388328258343877929e-04,1.408975473854588625e-04,1.104699345380820273e-04,9.980697767028602341e-01,-9.807125639867159562e-04,-9.807125639867159562e-04,2.128154076524967889e-04,-1.362197522339774240e-04,-1.362197522339774240e-04,6.003505644831475418e-06
1.600296639630861772e+00,1.409054128643977602e-04,3.364144873046734350e-06,-3.043257418538707168e-05,9.983994756163768747e-01,-5.333926290541578762e-04,-5.333926290541578762e-04,1.409054128643977602e-04,1.104728386790106886e-04,9.980680571003398560e-01,-9.752839837702006846e-04,-9.752839837702006846e-04,2.128236441944429116e-04,-1.370802988355764647e-04,-1.370802988355764647e-04,5.829961957662024903e-06
1.602599224723855853e+00,1.409130413561649907e-04,3.211129914084118353e-06,-3.043732505698559419e-05,9.983977729797486322e-01,-5.279574203525694981e-04,-5.279574203525694981e-04,1.409130413561649907e-04,1.104757162991793965e-04,9.980663458308510760e-01,-9.698602855492871383e-04,-9.698602855492871383e-04,2.128315186212545527e-04,-1.379401034854393449e-04,-1.379401034854393449e-04,5.657058809122840518e-06
1.604901809816849934e+00,1.409204337268595215e-04,3.058897577633053843e-06,-3.044186679007058907e-05,9.983960785644342417e-01,-5.225272835287200941e-04,-5.225272835287200941e-04,1.409204337268595215e-04,1.104785669367889324e-04,9.980646428636238410e-01,-9.644415512758757695e-04,-9.644415512758757695e-04,2.128390321651929941e-04,-1.387991659889470310e-04,-1.387991659889470310e-04,5.484794513556602595e-06
1.607204394909844014e+00,1.409275908403903404e-04,2.907445003774371692e-06,-3.044620070675854490e-05,9.983943923383349350e-01,-5.171023014601367710e-04,-5.171023014601367710e-04,1.409275908403903404e-04,1.104813901336317955e-04,9.980629481679340609e-01,-9.590278619946638987e-04,-9.590278619946638987e-04,2.128461860561140526e-04,-1.396574861995573751e-04,-1.396574861995573751e-04,5.313167392040808028e-06
1.609506980002838095e+00,1.409345135584846680e-04,2.756769335734556559e-06,-3.045032812339026971e-05,9.983927142694096757e-01,-5.116825561083053042e-04,-5.116825561083053042e-04,1.409345135584846680e-04,1.104841854350943983e-04,9.980612617131043862e-01,-9.536192978486828431e-04,-9.536192978486828431e-04,2.128529815214756963e-04,-1.405150640184031738e-04,-1.405150640184031738e-04,5.142175772368334257e-06
1.611809565095832175e+00,1.409412027406963062e-04,2.606867719971705907e-06,-3.045425035053712524e-05,9.983910443256754919e-01,-5.062681285241924130e-04,-5.062681285241924130e-04,1.409412027406963062e-04,1.104869523901591809e-04,9.980595834685049850e-01,-9.482159380848291909e-04,-9.482159380848291909e-04,2.128594197863457969e-04,-1.413718993938925311e-04,-1.413718993938925311e-04,4.971817989028640214e-06
1.614112150188826034e+00,1.409476592444137966e-04,2.457737306261029937e-06,-3.045796869300727459e-05,9.983893824752083646e-01,-5.008590988537654342e-04,-5.008590988537654342e-04,1.409476592444137966e-04,1.104896905514065220e-04,9.980579134035540978e-01,-9.428178610593915222e-04,-9.428178610593915222e-04,2.128655020734099355e-04,-1.422279923213111191e-04,-1.422279923213111191e-04,4.802092383188449740e-06
1.616414735281820114e+00,1.409538839248686878e-04,2.309375247778335148e-06,-3.046148444985232297e-05,9.983877286861443379e-01,-4.954555463435023456e-04,-4.954555463435023456e-04,1.409538839248686878e-04,1.104923994750163648e-04,9.980562514877192593e-01,-9.374251442435678049e-04,-9.374251442435678049e-04,2.128712296029789655e-04,-1.430833428424271761e-04,-1.430833428424271761e-04,4.632997302673032159e-06
1.618717320374814195e+00,1.409598776351437210e-04,2.161778701182765912e-06,-3.046479891437393135e-05,9.983860829266794079e-01,-4.900575493459027659e-04,-4.900575493459027659e-04,1.409598776351437210e-04,1.104950787207697896e-04,9.980545976905170757e-01,-9.320378642289819243e-04,-9.320378642289819243e-04,2.128766035929966285e-04,-1.439379510450976426e-04,-1.439379510450976426e-04,4.464531101946770487e-06
1.621019905467808275e+00,1.409656412261809885e-04,2.014944826698276755e-06,-3.046791337413075535e-05,9.983844451650707441e-01,-4.846651853249862689e-04,-4.846651853249862689e-04,1.409656412261809885e-04,1.104977278520502331e-04,9.980529519815145578e-01,-9.266560967331872014e-04,-9.266560967331872014e-04,2.128816252590473340e-04,-1.447918170628772257e-04,-1.447918170628772257e-04,4.296692142093794033e-06
1.623322490560802356e+00,1.409711755467901468e-04,1.868870788193738383e-06,-3.047082911094547899e-05,9.983828153696373553e-01,-4.792785308617879877e-04,-4.792785308617879877e-04,1.409711755467901468e-04,1.105003464358446678e-04,9.980513143303297863e-01,-9.212799166051666589e-04,-9.212799166051666589e-04,2.128862958143637755e-04,-1.456449410746293600e-04,-1.456449410746293600e-04,4.129478790799231862e-06
1.625625075653796436e+00,1.409764814436564396e-04,1.723553753262010538e-06,-3.047354740091192977e-05,9.983811935087604228e-01,-4.738976616598455992e-04,-4.738976616598455992e-04,1.409764814436564396e-04,1.105029340427445098e-04,9.980496847066321342e-01,-9.159093978308236383e-04,-9.159093978308236383e-04,2.128906164698344118e-04,-1.464973233041392013e-04,-1.464973233041392013e-04,3.962889422329357491e-06
1.627927660746790517e+00,1.409815597613490188e-04,1.578990893297772675e-06,-3.047606951440264098e-05,9.983795795508839666e-01,-4.685226525506793155e-04,-4.685226525506793155e-04,1.409815597613490188e-04,1.105054902469463778e-04,9.980480630801431552e-01,-9.105446135384648266e-04,-9.105446135384648266e-04,2.128945884340112187e-04,-1.473489640197288167e-04,-1.473489640197288167e-04,3.796922417512800861e-06
1.630230245839784375e+00,1.409864113423288867e-04,1.435179383574110358e-06,-3.047839671607627851e-05,9.983779734645159554e-01,-4.631535774992643945e-04,-4.631535774992643945e-04,1.409864113423288867e-04,1.105080146262526082e-04,9.980464494206372494e-01,-9.051856360042748271e-04,-9.051856360042748271e-04,2.128982129131171434e-04,-1.481998635338745152e-04,-1.481998635338745152e-04,3.631576163720704888e-06
1.632532830932778456e+00,1.409910370269570272e-04,1.292116403318250799e-06,-3.048053026488529798e-05,9.983763752182283069e-01,-4.577905096094928624e-04,-4.577905096094928624e-04,1.409910370269570272e-04,1.105105067620717292e-04,9.980448436979421079e-01,-8.998325366577797791e-04,-8.998325366577797791e-04,2.129014911110537747e-04,-1.490500222028265094e-04,-1.490500222028265094e-04,3.466849054847610896e-06
1.634835416025772536e+00,1.409954376535024561e-04,1.149799135785784549e-06,-3.048247141408384590e-05,9.983747847806577758e-01,-4.524335211296322008e-04,-4.524335211296322008e-04,1.409954376535024561e-04,1.105129662394186102e-04,9.980432458819394892e-01,-8.944853860873066415e-04,-8.944853860873066415e-04,2.129044242294087972e-04,-1.498994404262301227e-04,-1.498994404262301227e-04,3.302739491292200902e-06
1.637138001118766617e+00,1.409996140581502985e-04,1.008224768334082072e-06,-3.048422141123580988e-05,9.983732021205065088e-01,-4.470826834577691254e-04,-4.470826834577691254e-04,1.409996140581502985e-04,1.105153926469144886e-04,9.980416559425657752e-01,-8.891442540454270798e-04,-8.891442540454270798e-04,2.129070134674635535e-04,-1.507481186467497607e-04,-1.507481186467497607e-04,3.139245879937302131e-06
1.639440586211760698e+00,1.410035670750098117e-04,8.673904924942911302e-07,-3.048578149822292298e-05,9.983716272065428221e-01,-4.417380671472471857e-04,-4.417380671472471857e-04,1.410035670750098117e-04,1.105177855767868888e-04,9.980400738498124147e-01,-8.838092094543947407e-04,-8.838092094543947407e-04,2.129092600222006067e-04,-1.515960573496948072e-04,-1.515960573496948072e-04,2.976366634130820727e-06
1.641743171304754778e+00,1.410072975361223815e-04,7.272935040425254495e-07,-3.048715291125312569e-05,9.983700600076012011e-01,-4.363997419120936843e-04,-4.363997419120936843e-04,1.410072975361223815e-04,1.105201446248692558e-04,9.980384995737265896e-01,-8.784803204115707075e-04,-8.784803204115707075e-04,2.129111650883110855e-04,-1.524432570626474447e-04,-1.524432570626474447e-04,2.814100173666206632e-06
1.644045756397748637e+00,1.410108062714694364e-04,5.879310030697396469e-07,-3.048833688086891426e-05,9.983685004925835216e-01,-4.310677766324372186e-04,-4.310677766324372186e-04,1.410108062714694364e-04,1.105224693906005221e-04,9.980369330844117703e-01,-8.731576541948393071e-04,-8.731576541948393071e-04,2.129127298582023553e-04,-1.532897183550928875e-04,-1.532897183550928875e-04,2.652444924762424224e-06
1.646348341490742717e+00,1.410140941089805524e-04,4.493001940505932205e-07,-3.048933463195608207e-05,9.983669486304593832e-01,-4.257422393599125912e-04,-4.257422393599125912e-04,1.410140941089805524e-04,1.105247594770244704e-04,9.980353743520282706e-01,-8.678412772680104727e-04,-8.678412772680104727e-04,2.129139555220053363e-04,-1.541354418380518369e-04,-1.541354418380518369e-04,2.491399320045110066e-06
1.648650926583736798e+00,1.410171618745412593e-04,3.113982859113777208e-07,-3.049014738375236614e-05,9.983654043902661090e-01,-4.204231973230590524e-04,-4.204231973230590524e-04,1.410171618745412593e-04,1.105270144907888932e-04,9.980338233467936915e-01,-8.625312552862146251e-04,-8.625312552862146251e-04,2.129148432675819576e-04,-1.549804281637144545e-04,-1.549804281637144545e-04,2.330961798526047608e-06
1.650953511676730878e+00,1.410200103920010634e-04,1.742224920966257281e-07,-3.049077634985643249e-05,9.983638677411100781e-01,-4.151107169327036351e-04,-4.151107169327036351e-04,1.410200103920010634e-04,1.105292340421446310e-04,9.980322800389836990e-01,-8.572276531012821589e-04,-8.572276531012821589e-04,2.129153942805326379e-04,-1.558246780250772089e-04,-1.558246780250772089e-04,2.171130805584141127e-06
1.653256096769724959e+00,1.410226404831812542e-04,3.777003063486242016e-08,-3.049122273823675299e-05,9.983623386521671694e-01,-4.098048637873346234e-04,-4.098048637873346234e-04,1.410226404831812542e-04,1.105314177449445012e-04,9.980307443989323568e-01,-8.519305347671126283e-04,-8.519305347671126283e-04,2.129156097442036857e-04,-1.566681921555814296e-04,-1.566681921555814296e-04,2.011904792945704002e-06
1.655558681862719039e+00,1.410250529678829272e-04,-9.796187579673765006e-08,-3.049148775124095666e-05,9.983608170926824288e-01,-4.045057026784624988e-04,-4.045057026784624988e-04,1.410250529678829272e-04,1.105335652166419705e-04,9.980292163970324593e-01,-8.466399635450303808e-04,-8.466399635450303808e-04,2.129154908396946170e-04,-1.575109713287540841e-04,-1.575109713287540841e-04,1.853282218664115317e-06
1.657861266955713120e+00,1.410272486638946545e-04,-2.329759998087006871e-07,-3.049157258560495048e-05,9.983593030319714012e-01,-3.992132975959706404e-04,-3.992132975959706404e-04,1.410272486638946545e-04,1.105356760782897041e-04,9.980276960037365308e-01,-8.413560019091294567e-04,-8.413560019091294567e-04,2.129150387458655827e-04,-1.583530163578508038e-04,-1.583530163578508038e-04,1.695261547100770082e-06
1.660163852048706978e+00,1.410292283870005358e-04,-3.672751092366924349e-07,-3.049147843246251461e-05,9.983577964394203530e-01,-3.939277117334516595e-04,-3.939277117334516595e-04,1.410292283870005358e-04,1.105377499545380211e-04,9.980261831895567148e-01,-8.360787115516037440e-04,-8.360787115516037440e-04,2.129142546393447677e-04,-1.591943280955006453e-04,-1.591943280955006453e-04,1.537841248904801480e-06
1.662466437141701059e+00,1.410309929509878137e-04,-5.008619670798855182e-07,-3.049120647735469427e-05,9.983562972844867156e-01,-3.886490074935301277e-04,-3.886490074935301277e-04,1.410309929509878137e-04,1.105397864736331194e-04,9.980246779250657729e-01,-8.308081533880626052e-04,-8.308081533880626052e-04,2.129131396945356015e-04,-1.600349074333538336e-04,-1.600349074333538336e-04,1.381019800993445587e-06
1.664769022234695139e+00,1.410325431676548436e-04,-6.337393314403631293e-07,-3.049075790023966597e-05,9.983548055366995300e-01,-3.833772464931773359e-04,-3.833772464931773359e-04,1.410325431676548436e-04,1.105417852674151776e-04,9.980231801808973069e-01,-8.255443875628380463e-04,-8.255443875628380463e-04,2.129116950836242386e-04,-1.608747553017303715e-04,-1.608747553017303715e-04,1.224795686532072776e-06
1.667071607327689220e+00,1.410338798468187369e-04,-7.659099554634451332e-07,-3.049013387550238694e-05,9.983533211656601125e-01,-3.781124895690068629e-04,-3.781124895690068629e-04,1.410338798468187369e-04,1.105437459713163499e-04,9.980216899277462028e-01,-8.202874734542722627e-04,-8.202874734542722627e-04,2.129099219765866603e-04,-1.617138726692718214e-04,-1.617138726692718214e-04,1.069167394914431737e-06
1.669374192420683300e+00,1.410350037963232486e-04,-8.973765872791565028e-07,-3.048933557196471886e-05,9.983518441410422772e-01,-3.728547967825602237e-04,-3.728547967825602237e-04,1.410350037963232486e-04,1.105456682243585297e-04,9.980202071363691863e-01,-8.150374696799943426e-04,-8.150374696799943426e-04,2.129078215411961828e-04,-1.625522605425948211e-04,-1.625522605425948211e-04,9.141334217425353023e-07
1.671676777513677381e+00,1.410359158220463938e-04,-1.028141969944416579e-06,-3.048836415289530764e-05,9.983503744325926688e-01,-3.676042274255767969e-04,-3.676042274255767969e-04,1.410359158220463938e-04,1.105475516691510862e-04,9.980187317775852662e-01,-8.097944341021811416e-04,-8.097944341021811416e-04,2.129053949430305588e-04,-1.633899199659467416e-04,-1.633899199659467416e-04,7.596922688067235131e-07
1.673979362606671240e+00,1.410366167279081999e-04,-1.158208841386396073e-06,-3.048722077601986977e-05,9.983489120101316505e-01,-3.623608400252517170e-04,-3.623608400252517170e-04,1.410366167279081999e-04,1.105493959518883302e-04,9.980172638222759574e-01,-8.045584238328050376e-04,-8.045584238328050376e-04,2.129026433454792684e-04,-1.642268520208632686e-04,-1.642268520208632686e-04,6.058424440659837629e-07
1.676281947699665320e+00,1.410371073158784314e-04,-1.287579934346832058e-06,-3.048590659353149230e-05,9.983474568435531937e-01,-3.571246923494761491e-04,-3.571246923494761491e-04,1.410371073158784314e-04,1.105512007223469391e-04,9.980158032413861680e-01,-7.993294952388639053e-04,-7.993294952388639053e-04,2.128995679097508379e-04,-1.650630578258286947e-04,-1.650630578258286947e-04,4.525824616274725051e-07
1.678584532792659401e+00,1.410373883859842334e-04,-1.416257976326939598e-06,-3.048442275210105467e-05,9.983460089028257656e-01,-3.518958414120673174e-04,-3.518958414120673174e-04,1.410373883859842334e-04,1.105529656338831787e-04,9.980143500059240891e-01,-7.941077039476000321e-04,-7.941077039476000321e-04,2.128961697948798869e-04,-1.658985385359373779e-04,-1.658985385359373779e-04,2.999108417266326371e-07
1.680887117885653481e+00,1.410374607363178026e-04,-1.544245689533768829e-06,-3.048277039288775907e-05,9.983445681579922182e-01,-3.466743434779802108e-04,-3.466743434779802108e-04,1.410374607363178026e-04,1.105546903434300436e-04,9.980129040869619717e-01,-7.888931048517003851e-04,-7.888931048517003851e-04,2.128924501577345008e-04,-1.667332953425581805e-04,-1.667332953425581805e-04,1.478261107072545827e-07
1.683189702978647562e+00,1.410373251630439226e-04,-1.671545790827027813e-06,-3.048095065154968783e-05,9.983431345791708988e-01,-3.414602540685051941e-04,-3.414602540685051941e-04,1.410373251630439226e-04,1.105563745114942348e-04,9.980114654556364595e-01,-7.836857521144821332e-04,-7.836857521144821332e-04,2.128884101530232242e-04,-1.675673294730005891e-04,-1.675673294730005891e-04,-3.673198998768758806e-09
1.685492288071641642e+00,1.410369824604077425e-04,-1.798160991667103930e-06,-3.047896465825475386e-05,9.983417081365553170e-01,-3.362536279664504941e-04,-3.362536279664504941e-04,1.410369824604077425e-04,1.105580178021529886e-04,9.980100340831488115e-01,-7.784856991750624487e-04,-7.784856991750624487e-04,2.128840509333024332e-04,-1.684006421901830032e-04,-1.684006421901830032e-04,-1.545885488915243953e-07
1.687794873164635501e+00,1.410364334207422042e-04,-1.924093998063842954e-06,-3.047681353769140719e-05,9.983402888004144771e-01,-3.310545192213098327e-04,-3.310545192213098327e-04,1.410364334207422042e-04,1.105596198830507970e-04,9.980086099407653455e-01,-7.732929987535130207e-04,-7.732929987535130207e-04,2.128793736489832742e-04,-1.692332347923030560e-04,-1.692332347923030560e-04,-3.049213944232478395e-07
1.690097458257629581e+00,1.410356788344756859e-04,-2.049347510526279978e-06,-3.047449840907968022e-05,9.983388765410944332e-01,-3.258629811544109232e-04,-3.258629811544109232e-04,1.410356788344756859e-04,1.105611804253960056e-04,9.980071929998182156e-01,-7.681077028559949458e-04,-7.681077028559949458e-04,2.128743794483389557e-04,-1.700651086125103486e-04,-1.700651086125103486e-04,-4.546731850188295362e-07
1.692400043350623662e+00,1.410347194901394557e-04,-2.173924224013149601e-06,-3.047202038618219240e-05,9.983374713290169566e-01,-3.206790663640541553e-04,-3.206790663640541553e-04,1.410347194901394557e-04,1.105626991039572633e-04,9.980057832317050792e-01,-7.629298627798832087e-04,-7.629298627798832087e-04,2.128690694775116864e-04,-1.708962650185807009e-04,-1.708962650185807009e-04,-6.038453640954207648e-07
1.694702628443617742e+00,1.410335561743753159e-04,-2.297826827884433959e-06,-3.046938057731549371e-05,9.983360731346812011e-01,-3.155028267306284571e-04,-3.155028267306284571e-04,1.410335561743753159e-04,1.105641755970598222e-04,9.980043806078899848e-01,-7.577595291188677458e-04,-7.577595291188677458e-04,2.128634448805199672e-04,-1.717267054125929510e-04,-1.717267054125929510e-04,-7.524393690831932142e-07
1.697005213536611823e+00,1.410321896719430289e-04,-2.421058005853615258e-06,-3.046658008536120481e-05,9.983346819286633700e-01,-3.103343134217149599e-04,-3.103343134217149599e-04,1.410321896719430289e-04,1.105656095865818240e-04,9.980029850999035945e-01,-7.525967517680422561e-04,-7.525967517680422561e-04,2.128575067992654485e-04,-1.725564312306077065e-04,-1.725564312306077065e-04,-9.004566314453658068e-07
1.699307798629605903e+00,1.410306207657277446e-04,-2.543620435940866197e-06,-3.046362000777744184e-05,9.983332976816173820e-01,-3.051735768971717438e-04,-3.051735768971717438e-04,1.410306207657277446e-04,1.105670007579503028e-04,9.980015966793435167e-01,-7.474415799289729550e-04,-7.474415799289729550e-04,2.128512563735401398e-04,-1.733854439423482632e-04,-1.733854439423482632e-04,-1.047898576698615704e-06
1.701610383722599984e+00,1.410288502367475628e-04,-2.665516790427119180e-06,-3.046050143661037672e-05,9.983319203642749828e-01,-3.000206669142035129e-04,-3.000206669142035129e-04,1.410288502367475628e-04,1.105683488001371861e-04,9.980002153178745283e-01,-7.422940621147522573e-04,-7.422940621147522573e-04,2.128446947410333491e-04,-1.742137450508833140e-04,-1.742137450508833140e-04,-1.194766624433604246e-06
1.703912968815593842e+00,1.410268788641608510e-04,-2.786749735808850007e-06,-3.045722545850572968e-05,9.983305499474460776e-01,-2.948756325324130016e-04,-2.948756325324130016e-04,1.410268788641608510e-04,1.105696534056551213e-04,9.979988409872291300e-01,-7.371542461550334869e-04,-7.371542461550334869e-04,2.128378230373387573e-04,-1.750413360923118791e-04,-1.750413360923118791e-04,-1.341062188334860091e-06
1.706215553908587923e+00,1.410247074252737258e-04,-2.907321932753775503e-06,-3.045379315472046512e-05,9.983291864020192863e-01,-2.897385221188337871e-04,-2.897385221188337871e-04,1.410247074252737258e-04,1.105709142705532606e-04,9.979974736592076567e-01,-7.320221792010468296e-04,-7.320221792010468296e-04,2.128306423959613837e-04,-1.758682186354507853e-04,-1.758682186354507853e-04,-1.486786676201598765e-06
1.708518139001582004e+00,1.410223366955473711e-04,-3.027236036057279188e-06,-3.045020560113458226e-05,9.983278296989620548e-01,-2.846093833529503617e-04,-2.846093833529503617e-04,1.410223366955473711e-04,1.105721310944127888e-04,9.979961133056788336e-01,-7.268979077306015170e-04,-7.268979077306015170e-04,2.128231539483245796e-04,-1.766943942815231471e-04,-1.766943942815231471e-04,-1.631941489967940589e-06
1.710820724094576084e+00,1.410197674486054651e-04,-3.146494694599847863e-06,-3.044646386826301433e-05,9.983264798093206549e-01,-2.794882632316955467e-04,-2.794882632316955467e-04,1.410197674486054651e-04,1.105733035803424508e-04,9.979947598985796642e-01,-7.217814775530653499e-04,-7.217814775530653499e-04,2.128153588237769128e-04,-1.775198646638498031e-04,-1.775198646638498031e-04,-1.776528025723190135e-06
1.713123309187570165e+00,1.410170004562414986e-04,-3.265100551305076990e-06,-3.044256902126752761e-05,9.983251367042214053e-01,-2.743752080744324006e-04,-2.743752080744324006e-04,1.410170004562414986e-04,1.105744314349739709e-04,9.979934134099164300e-01,-7.166729338143282843e-04,-7.166729338143282843e-04,2.128072581495992963e-04,-1.783446314475425952e-04,-1.783446314475425952e-04,-1.920547673733285427e-06
1.715425894280564245e+00,1.410140364884260658e-04,-3.383056243098637030e-06,-3.043852211996879681e-05,9.983238003548695616e-01,-2.692702635279178597e-04,-2.692702635279178597e-04,1.410140364884260658e-04,1.105755143684572690e-04,9.979920738117641354e-01,-7.115723210017469358e-04,-7.115723210017469358e-04,2.127988530510116288e-04,-1.791686963291994094e-04,-1.791686963291994094e-04,-2.064001818459306246e-06
1.717728479373558104e+00,1.410108763133141293e-04,-3.500364400867875898e-06,-3.043432421885848029e-05,9.983224707325508707e-01,-2.641734745712492481e-04,-2.641734745712492481e-04,1.410108763133141293e-04,1.105765520944556490e-04,9.979907410762675068e-01,-7.064796829490718440e-04,-7.064796829490718440e-04,2.127901446511800050e-04,-1.799920610366015209e-04,-1.799920610366015209e-04,-2.206891838580499453e-06
1.720031064466552184e+00,1.410075206972524189e-04,-3.617027649422321395e-06,-3.042997636711156648e-05,9.983211478086312374e-01,-2.590848855207889944e-04,-2.590848855207889944e-04,1.410075206972524189e-04,1.105775443301408524e-04,9.979894151756407705e-01,-7.013950628413524041e-04,-7.013950628413524041e-04,2.127811340712233018e-04,-1.808147273284131890e-04,-1.808147273284131890e-04,-2.349219107012370339e-06
1.722333649559546265e+00,1.410039704047864797e-04,-3.733048607454843473e-06,-3.042547960859848981e-05,9.983198315545569468e-01,-2.540045400350768269e-04,-2.540045400350768269e-04,1.410039704047864797e-04,1.105784907961879899e-04,9.979880960821684299e-01,-6.963185032198287864e-04,-6.963185032198287864e-04,2.127718224302203344e-04,-1.816366969938825252e-04,-1.816366969938825252e-04,-2.490984990929154834e-06
1.724636234652540345e+00,1.410002261986680982e-04,-3.848429887503823632e-06,-3.042083498189769391e-05,9.983185219418552192e-01,-2.489324811197177363e-04,-2.489324811197177363e-04,1.410002261986680982e-04,1.105793912167704043e-04,9.979867837682049325e-01,-6.912500459867993536e-04,-6.912500459867993536e-04,2.127622108452164424e-04,-1.824579718525451812e-04,-1.824579718525451812e-04,-2.632190851783340653e-06
1.726938819745534426e+00,1.409962888398623502e-04,-3.963174095915544535e-06,-3.041604352030796439e-05,9.983172189421340992e-01,-2.438687511322537300e-04,-2.438687511322537300e-04,1.409962888398623502e-04,1.105802453195543859e-04,9.979854782061754470e-01,-6.861897324104712734e-04,-6.861897324104712734e-04,2.127523004312304291e-04,-1.832785537539296356e-04,-1.832785537539296356e-04,-2.772838045327201411e-06
1.729241404838528506e+00,1.409921590875548645e-04,-4.077283832808044573e-06,-3.041110625186108692e-05,9.983159225270827886e-01,-2.388133917870175881e-04,-2.388133917870175881e-04,1.409921590875548645e-04,1.105810528356937776e-04,9.979841793685757523e-01,-6.811376031297926986e-04,-6.811376031297926986e-04,2.127420923012614728e-04,-1.840984445772647301e-04,-1.840984445772647301e-04,-2.912927921631832422e-06
1.731543989931522365e+00,1.409878376991588976e-04,-4.190761692034981743e-06,-3.040602419933430202e-05,9.983146326684724237e-01,-2.337664441599649899e-04,-2.337664441599649899e-04,1.409878376991588976e-04,1.105818134998245956e-04,9.979828872279729035e-01,-6.760936981592633723e-04,-6.760936981592633723e-04,2.127315875662957141e-04,-1.849176462311888597e-04,-1.849176462311888597e-04,-3.052461825110024822e-06
1.733846575024516445e+00,1.409833254303225706e-04,-4.303610261150952734e-06,-3.040079838026322058e-05,9.983133493381550760e-01,-2.287279486934892933e-04,-2.287279486934892933e-04,1.409833254303225706e-04,1.105825270500593500e-04,9.979816017570048992e-01,-6.710580568937266933e-04,-6.710580568937266933e-04,2.127207873353131667e-04,-1.857361606534618185e-04,-1.857361606534618185e-04,-3.191441094535130687e-06
1.736149160117510526e+00,1.409786230349358623e-04,-4.415832121376668015e-06,-3.039542980695437351e-05,9.983120725080653068e-01,-2.236979452012170691e-04,-2.236979452012170691e-04,1.409786230349358623e-04,1.105831932279814888e-04,9.979803229283813470e-01,-6.660307181131430243e-04,-6.660307181131430243e-04,2.127096927152943590e-04,-1.865539898106777033e-04,-1.865539898106777033e-04,-3.329867063062211749e-06
1.738451745210504606e+00,1.409737312651377652e-04,-4.527429847565787950e-06,-3.038991948649823573e-05,9.983108021502197227e-01,-2.186764728727842830e-04,-2.186764728727842830e-04,1.409737312651377652e-04,1.105838117786395294e-04,9.979790507148837975e-01,-6.610117199873424007e-04,-6.610117199873424007e-04,2.126983048112272184e-04,-1.873711356979806085e-04,-1.873711356979806085e-04,-3.467741058249779350e-06
1.740754330303498687e+00,1.409686508713233594e-04,-4.638406008171683533e-06,-3.038426842078208753e-05,9.983095382367169757e-01,-2.136635702785914435e-04,-2.136635702785914435e-04,1.409686508713233594e-04,1.105843824505412719e-04,9.979777850893652991e-01,-6.560011000807565310e-04,-6.560011000807565310e-04,2.126866247261135492e-04,-1.881876003387821102e-04,-1.881876003387821102e-04,-3.605064402079375295e-06
1.743056915396492768e+00,1.409633826021506979e-04,-4.748763165215299112e-06,-3.037847760650288944e-05,9.983082807397382075e-01,-2.086592753745405895e-04,-2.086592753745405895e-04,1.409633826021506979e-04,1.105849049956478085e-04,9.979765260247512870e-01,-6.509988953571318234e-04,-6.509988953571318234e-04,2.126746535609760262e-04,-1.890033857844804308e-04,-1.890033857844804308e-04,-3.741838410976844667e-06
1.745359500489486848e+00,1.409579272045480703e-04,-4.858503874253695281e-06,-3.037254803518056373e-05,9.983070296315477155e-01,-2.036636255067521121e-04,-2.036636255067521121e-04,1.409579272045480703e-04,1.105853791693675066e-04,9.979752734940395831e-01,-6.460051421842221385e-04,-6.460051421842221385e-04,2.126623924148645370e-04,-1.898184941141819613e-04,-1.898184941141819613e-04,-3.878064395833204175e-06
1.747662085582480707e+00,1.409522854237207792e-04,-4.967630684349031374e-06,-3.036648069317093705e-05,9.983057848844920645e-01,-1.986766574162620062e-04,-1.986766574162620062e-04,1.409522854237207792e-04,1.105858047305498422e-04,9.979740274703003955e-01,-6.410198763384613750e-04,-6.410198763384613750e-04,2.126498423848631209e-04,-1.906329274344244380e-04,-1.906329274344244380e-04,-4.013743662025275876e-06
1.749964670675474787e+00,1.409464580031581334e-04,-5.076146138038470392e-06,-3.036027656167898127e-05,9.983045464710014194e-01,-1.936984072436971128e-04,-1.936984072436971128e-04,1.409464580031581334e-04,1.105861814414791521e-04,9.979727879266769852e-01,-6.360431330096137214e-04,-6.360431330096137214e-04,2.126370045660963928e-04,-1.914466878789026388e-04,-1.914466878789026388e-04,-4.148877509436918058e-06
1.752267255768468868e+00,1.409404456846405221e-04,-5.184052771304596372e-06,-3.035393661677214918e-05,9.983033143635889894e-01,-1.887289105339349116e-04,-1.887289105339349116e-04,1.409404456846405221e-04,1.105865090678683730e-04,9.979715548363853328e-01,-6.310749468054084035e-04,-6.310749468054084035e-04,2.126238800517362109e-04,-1.922597776081949475e-04,-1.922597776081949475e-04,-4.283467232479320995e-06
1.754569840861462948e+00,1.409342492082461644e-04,-5.291353113546657621e-06,-3.034746182939354749e-05,9.983020885348511397e-01,-1.837682022407376181e-04,-1.837682022407376181e-04,1.409342492082461644e-04,1.105867873788526169e-04,9.979703281727145825e-01,-6.261153517561480857e-04,-6.261153517561480857e-04,2.126104699330083722e-04,-1.930721988094931711e-04,-1.930721988094931711e-04,-4.417514120112716400e-06
1.756872425954457029e+00,1.409278693123581019e-04,-5.398049687552222451e-06,-3.034085316537546233e-05,9.983008689574679462e-01,-1.788163167313698001e-04,-1.788163167313698001e-04,1.409278693123581019e-04,1.105870161469826396e-04,9.979691079090270422e-01,-6.211643813193003585e-04,-6.211643813193003585e-04,2.125967752991989815e-04,-1.938839536963333045e-04,-1.938839536963333045e-04,-4.551019455866501238e-06
1.759175011047451109e+00,1.409213067336710298e-04,-5.504145009469661621e-06,-3.033411158545274908e-05,9.982996556042033065e-01,-1.738732877911943115e-04,-1.738732877911943115e-04,1.409213067336710298e-04,1.105871951482182808e-04,9.979678940187586278e-01,-6.162220683840674345e-04,-6.162220683840674345e-04,2.125827972376612281e-04,-1.946950445083288177e-04,-1.946950445083288177e-04,-4.683984517860818427e-06
1.761477596140444968e+00,1.409145622071981269e-04,-5.609641588781308405e-06,-3.032723804527630361e-05,9.982984484479048293e-01,-1.689391486282478417e-04,-1.689391486282478417e-04,1.409145622071981269e-04,1.105873241619218233e-04,9.979666864754190847e-01,-6.112884452759351347e-04,-6.112884452759351347e-04,2.125685368338216740e-04,-1.955054735109055402e-04,-1.955054735109055402e-04,-4.816410578827137202e-06
1.763780181233439048e+00,1.409076364662779132e-04,-5.714541928276963398e-06,-3.032023349542668257e-05,9.982972474615039449e-01,-1.640139318777948359e-04,-1.640139318777948359e-04,1.409076364662779132e-04,1.105874029708512306e-04,9.979654852525914333e-01,-6.063635437611997582e-04,-6.063635437611997582e-04,2.125539951711869760e-04,-1.963152429950387702e-04,-1.963152429950387702e-04,-4.948298906129555987e-06
1.766082766326433129e+00,1.409005302425810535e-04,-5.818848524028468283e-06,-3.031309888142773724e-05,9.982960526180166827e-01,-1.590976696068642309e-04,-1.590976696068642309e-04,1.409005302425810535e-04,1.105874313611533163e-04,9.979642903239331897e-01,-6.014473950514774960e-04,-6.014473950514774960e-04,2.125391733313502281e-04,-1.971243552769918995e-04,-1.971243552769918995e-04,-5.079650761785695316e-06
1.768385351419427209e+00,1.408932442661170253e-04,-5.922563865364382086e-06,-3.030583514376017959e-05,9.982948638905427829e-01,-1.541903933187614164e-04,-1.541903933187614164e-04,1.408932442661170253e-04,1.105874091223568457e-04,9.979631016631757001e-01,-5.965400298081887992e-04,-5.965400298081887992e-04,2.125240723939974944e-04,-1.979328126980572358e-04,-1.979328126980572358e-04,-5.210467402487714413e-06
1.770687936512421290e+00,1.408857792652409759e-04,-6.025690434845782296e-06,-3.029844321787547362e-05,9.982936812522668069e-01,-1.492921339575619820e-04,-1.492921339575619820e-04,1.408857792652409759e-04,1.105873360473655023e-04,9.979619192441246955e-01,-5.916414781470239912e-04,-5.916414781470239912e-04,2.125086934369142594e-04,-1.987406176242988295e-04,-1.987406176242988295e-04,-5.340750079623427722e-06
1.772990521605415370e+00,1.408781359666604451e-04,-6.128230708242285355e-06,-3.029092403420955055e-05,9.982925046764574706e-01,-1.444029219125837261e-04,-1.444029219125837261e-04,1.408781359666604451e-04,1.105872119324508945e-04,9.979607430406600699e-01,-5.867517696423873042e-04,-5.867517696423873042e-04,2.124930375359917979e-04,-1.995477724462967918e-04,-1.995477724462967918e-04,-5.470500039297547645e-06
1.775293106698409451e+00,1.408703150954418969e-04,-6.230187154508727000e-06,-3.028327851819651040e-05,9.982913341364680893e-01,-1.395227870228377934e-04,-1.395227870228377934e-04,1.408703150954418969e-04,1.105870365772453865e-04,9.979595730267363241e-01,-5.818709333318193393e-04,-5.818709333318193393e-04,2.124771057652335992e-04,-2.003542795788939982e-04,-2.003542795788939982e-04,-5.599718522352409749e-06
1.777595691791403310e+00,1.408623173750176317e-04,-6.331562235762679464e-06,-3.027550759028278435e-05,9.982901696057370211e-01,-1.346517585814596468e-04,-1.346517585814596468e-04,1.408623173750176317e-04,1.105868097847348473e-04,9.979584091763827880e-01,-5.769989977203990360e-04,-5.769989977203990360e-04,2.124608991967617908e-04,-2.011601414609441737e-04,-2.011601414609441737e-04,-5.728406764389710166e-06
1.779898276884397390e+00,1.408541435271922371e-04,-6.432358407262326977e-06,-3.026761216594089064e-05,9.982890110577871123e-01,-1.297898653401167285e-04,-1.297898653401167285e-04,1.408541435271922371e-04,1.105865313612513465e-04,9.979572514637033986e-01,-5.721359907851221146e-04,-5.721359907851221146e-04,2.124444189008234537e-04,-2.019653605550624724e-04,-2.019653605550624724e-04,-5.856565995791177440e-06
1.782200861977391471e+00,1.408457942721493103e-04,-6.532578117384848639e-06,-3.025959315568343424e-05,9.982878584662263632e-01,-1.249371355133986660e-04,-1.249371355133986660e-04,1.408457942721493103e-04,1.105862011164658761e-04,9.979560998628769219e-01,-5.672819399792621703e-04,-5.672819399792621703e-04,2.124276659457969381e-04,-2.027699393473770867e-04,-2.027699393473770867e-04,-5.984197441739947395e-06
1.784503447070385551e+00,1.408372703284580440e-04,-6.632223807605703379e-06,-3.025145146507726929e-05,9.982867118047472621e-01,-1.200935967831838415e-04,-1.200935967831838415e-04,1.408372703284580440e-04,1.105858188633807748e-04,9.979549543481571749e-01,-5.624368722367069405e-04,-5.624368722367069405e-04,2.124106413981982871e-04,-2.035738803472835130e-04,-2.035738803472835130e-04,-6.111302322241885501e-06
1.786806032163379632e+00,1.408285724130797323e-04,-6.731297912478014024e-06,-3.024318799475736333e-05,9.982855710471282285e-01,-1.152592763029842786e-04,-1.152592763029842786e-04,1.408285724130797323e-04,1.105853844183223689e-04,9.979538148938732478e-01,-5.576008139762737544e-04,-5.576008139762737544e-04,2.123933463226873901e-04,-2.043771860872002806e-04,-2.043771860872002806e-04,-6.237881852146414566e-06
1.789108617256373712e+00,1.408197012413743836e-04,-6.829802859612987282e-06,-3.023480364044114942e-05,9.982844361672319478e-01,-1.104342007022714460e-04,-1.104342007022714460e-04,1.408197012413743836e-04,1.105848976009332342e-04,9.979526814744291707e-01,-5.527737911060043828e-04,-5.527737911060043828e-04,2.123757817820743786e-04,-2.051798591223266330e-04,-2.051798591223266330e-04,-6.363937241168590955e-06
1.791411202349367571e+00,1.408106575271072809e-04,-6.927741069660540407e-06,-3.022629929294263433e-05,9.982833071390069257e-01,-1.056183960907797269e-04,-1.056183960907797269e-04,1.408106575271072809e-04,1.105843582341646466e-04,9.979515540643044691e-01,-5.479558290274383131e-04,-5.479558290274383131e-04,2.123579488373257258e-04,-2.059819020304018346e-04,-2.059819020304018346e-04,-6.489469693909396111e-06
1.793713787442361651e+00,1.408014419824553235e-04,-7.025114956290694425e-06,-3.021767583818650669e-05,9.982821839364866001e-01,-1.008118880627865781e-04,-1.008118880627865781e-04,1.408014419824553235e-04,1.105837661442688168e-04,9.979504326380538304e-01,-5.431469526398618455e-04,-5.431469526398618455e-04,2.123398485475706701e-04,-2.067833174114669175e-04,-2.067833174114669175e-04,-6.614480409877744167e-06
1.796016372535355732e+00,1.407920553180136685e-04,-7.121926926175289234e-06,-3.020893415722255692e-05,9.982810665337901179e-01,-9.601470170137637239e-05,-9.601470170137637239e-05,1.407920553180136685e-04,1.105831211607911116e-04,9.979493171703077703e-01,-5.383471863445408187e-04,-5.383471863445408187e-04,2.123214819701073135e-04,-2.075841078876273496e-04,-2.075841078876273496e-04,-6.738970583511603555e-06
1.798318957628349812e+00,1.407824982428020728e-04,-7.218179378970399200e-06,-3.020007512623986670e-05,9.982799549051218913e-01,-9.122686158267740569e-05,-9.122686158267740569e-05,1.407824982428020728e-04,1.105824231165622061e-04,9.979482076357721887e-01,-5.335565540489262300e-04,-5.335565540489262300e-04,2.123028501604087479e-04,-2.083842761028181962e-04,-2.083842761028181962e-04,-6.862941404199134720e-06
1.800621542721343893e+00,1.407727714642713172e-04,-7.313874707299246807e-06,-3.019109961658118823e-05,9.982788490247715973e-01,-8.644839178008112456e-05,-8.644839178008112456e-05,1.407727714642713172e-04,1.105816718476901290e-04,9.979471040092284806e-01,-5.287750791708416406e-04,-5.287750791708416406e-04,2.122839541721293429e-04,-2.091838247225710171e-04,-2.091838247225710171e-04,-6.986394056300505448e-06
1.802924127814337973e+00,1.407628756883096577e-04,-7.409015296735599122e-06,-3.018200849475735051e-05,9.982777488671147337e-01,-8.167931586843782572e-05,-8.167931586843782572e-05,1.407628756883096577e-04,1.105808671935523072e-04,9.979460062655340913e-01,-5.240027846426470546e-04,-5.240027846426470546e-04,2.122647950571108447e-04,-2.099827564337823345e-04,-2.099827564337823345e-04,-7.109329719168946413e-06
1.805226712907332054e+00,1.407528116192491676e-04,-7.503603525787740230e-06,-3.017280262246165219e-05,9.982766544066122849e-01,-7.691965692823202715e-05,-7.691965692823202715e-05,1.407528116192491676e-04,1.105800089967875154e-04,9.979449143796219612e-01,-5.192396929153820888e-04,-5.192396929153820888e-04,2.122453738653884479e-04,-2.107810739444839724e-04,-2.107810739444839724e-04,-7.231749567172064221e-06
1.807529298000325912e+00,1.407425799598720532e-04,-7.597641765882852800e-06,-3.016348285658432206e-05,9.982755656178109449e-01,-7.216943754973642600e-05,-7.216943754973642600e-05,1.407425799598720532e-04,1.105790971032877311e-04,9.979438283265010812e-01,-5.144858259628873505e-04,-5.144858259628873505e-04,2.122256916451968937e-04,-2.115787799836153196e-04,-2.115787799836153196e-04,-7.353654769714016729e-06
1.809831883093319993e+00,1.407321814114170235e-04,-7.691132381351946826e-06,-3.015405004922703386e-05,9.982744824753428947e-01,-6.742867983714189578e-05,-6.742867983714189578e-05,1.407321814114170235e-04,1.105781313621899897e-04,9.979427480812562701e-01,-5.097412052859018545e-04,-5.097412052859018545e-04,2.122057494429765957e-04,-2.123758773007973825e-04,-2.123758773007973825e-04,-7.475046491255751208e-06
1.812134468186314074e+00,1.407216166735854703e-04,-7.784077729415396537e-06,-3.014450504771733967e-05,9.982734049539260246e-01,-6.269740541267111202e-05,-6.269740541267111202e-05,1.407216166735854703e-04,1.105771116258681306e-04,9.979416736190483972e-01,-5.050058519161436344e-04,-5.050058519161436344e-04,2.121855483033796574e-04,-2.131723686661082730e-04,-2.131723686661082730e-04,-7.595925891337701436e-06
1.814437053279308154e+00,1.407108864445479458e-04,-7.876480160168897440e-06,-3.013484869462342865e-05,9.982723330283639340e-01,-5.797563542066485600e-05,-5.797563542066485600e-05,1.407108864445479458e-04,1.105760377499245172e-04,9.979406049151141600e-01,-5.002797864203629248e-04,-5.002797864203629248e-04,2.121650892692759167e-04,-2.139682568698607855e-04,-2.139682568698607855e-04,-7.716294124600600989e-06
1.816739638372302235e+00,1.406999914209501536e-04,-7.968342016569539404e-06,-3.012508182776847915e-05,9.982712666735461537e-01,-5.326339053165032086e-05,-5.326339053165032086e-05,1.406999914209501536e-04,1.105749095931816744e-04,9.979395419447666393e-01,-4.955630289043770186e-04,-4.955630289043770186e-04,2.121443733817588817e-04,-2.147635447223817610e-04,-2.147635447223817610e-04,-7.836152340807041926e-06
1.819042223465296315e+00,1.406889322979193446e-04,-8.059665634423314619e-06,-3.011520528024547161e-05,9.982702058644478127e-01,-4.856069094638664927e-05,-4.856069094638664927e-05,1.406889322979193446e-04,1.105737270176738730e-04,9.979384846833947442e-01,-4.908555990170821413e-04,-4.908555990170821413e-04,2.121234016801518563e-04,-2.155582350537930242e-04,-2.155582350537930242e-04,-7.955501684863476472e-06
1.821344808558290174e+00,1.406777097690704707e-04,-8.150453342371956396e-06,-3.010521988043182533e-05,9.982691505761297490e-01,-4.386755639988960042e-05,-4.386755639988960042e-05,1.406777097690704707e-04,1.105724898886386453e-04,9.979374331064638781e-01,-4.861575159544441818e-04,-4.861575159544441818e-04,2.121021752020136599e-04,-2.163523307137940014e-04,-2.163523307137940014e-04,-8.074343296841226817e-06
1.823647393651284254e+00,1.406663245265122285e-04,-8.240707461881021414e-06,-3.009512645200394028e-05,9.982681007837387321e-01,-3.918400616543182228e-05,-3.918400616543182228e-05,1.406663245265122285e-04,1.105711980745082882e-04,9.979363871895151616e-01,-4.814687984634649751e-04,-4.814687984634649751e-04,2.120806949831447797e-04,-2.171458345714466140e-04,-2.171458345714466140e-04,-8.192678311998443605e-06
1.825949978744278335e+00,1.406547772608533753e-04,-8.330430307228224384e-06,-3.008492581395209137e-05,9.982670564625070186e-01,-3.451005905852680671e-05,-3.451005905852680671e-05,1.406547772608533753e-04,1.105698514469012839e-04,9.979353469081663208e-01,-4.767894648461319424e-04,-4.767894648461319424e-04,2.120589620575932257e-04,-2.179387495149610139e-04,-2.179387495149610139e-04,-8.310507860801618873e-06
1.828252563837272415e+00,1.406430686612087191e-04,-8.419624185492128462e-06,-3.007461878059511937e-05,9.982660175877530184e-01,-2.984573344088617321e-05,-2.984573344088617321e-05,1.406430686612087191e-04,1.105684498806135997e-04,9.979343122381111320e-01,-4.721195329633405720e-04,-4.721195329633405720e-04,2.120369774576603310e-04,-2.187310784514837569e-04,-2.187310784514837569e-04,-8.427833068947132873e-06
1.830555148930266496e+00,1.406311994152052442e-04,-8.508291396541401488e-06,-3.006420616159517605e-05,9.982649841348807396e-01,-2.519104722435770802e-05,-2.519104722435770802e-05,1.406311994152052442e-04,1.105669932536100682e-04,9.979332831551198657e-01,-4.674590202387979808e-04,-4.674590202387979808e-04,2.120147422139066881e-04,-2.195228243068874676e-04,-2.195228243068874676e-04,-8.544655057383276935e-06
1.832857734023260576e+00,1.406191702089881561e-04,-8.596434233024453377e-06,-3.005368876197251000e-05,9.982639560793798994e-01,-2.054601787484128554e-05,-2.054601787484128554e-05,1.406191702089881561e-04,1.105654814470156461e-04,9.979322596350388430e-01,-4.628079436629038701e-04,-4.628079436629038701e-04,2.119922573551579490e-04,-2.203139900255620765e-04,-2.203139900255620765e-04,-8.660974942331414039e-06
1.835160319116254435e+00,1.406069817272269254e-04,-8.684054980359691862e-06,-3.004306738212038797e-05,9.982629333968261465e-01,-1.591066241618391882e-05,-1.591066241618391882e-05,1.406069817272269254e-04,1.105639143451065374e-04,9.979312416537908792e-01,-4.581663197966100685e-04,-4.581663197966100685e-04,2.119695239085106530e-04,-2.211045785702079811e-04,-2.211045785702079811e-04,-8.776793835307991509e-06
1.837462904209248515e+00,1.405946346531212511e-04,-8.771155916725851062e-06,-3.003234281781981291e-05,9.982619160628807276e-01,-1.128499743405041557e-05,-1.128499743405041557e-05,1.405946346531212511e-04,1.105622918353014382e-04,9.979302291873748398e-01,-4.535341647752561683e-04,-4.535341647752561683e-04,2.119465428993380543e-04,-2.218945929216308607e-04,-2.218945929216308607e-04,-8.892112843146294512e-06
1.839765489302242596e+00,1.405821296684071594e-04,-8.857739313053170489e-06,-3.002151586025456726e-05,9.982609040532908207e-01,-6.669039079777283174e-06,-6.669039079777283174e-06,1.405821296684071594e-04,1.105606138081525921e-04,9.979292222118664180e-01,-4.489114943123876517e-04,-4.489114943123876517e-04,2.119233153512957869e-04,-2.226840360785379007e-04,-2.226840360785379007e-04,-9.006933068018062340e-06
1.842068074395236676e+00,1.405694674533627768e-04,-8.943807433014753613e-06,-3.001058729602595811e-05,9.982598973438890910e-01,-2.062803074200667084e-06,-2.062803074200667084e-06,1.405694674533627768e-04,1.105588801573368187e-04,9.979282207034171348e-01,-4.442983237035479419e-04,-4.442983237035479419e-04,2.118998422863277193e-04,-2.234729110573359682e-04,-2.234729110573359682e-04,-9.121255607455458752e-06
1.844370659488230757e+00,1.405566486868144291e-04,-9.029362533018404159e-06,-2.999955790716784696e-05,9.982588959105940241e-01,2.533695288535389029e-06,2.533695288535389029e-06,1.405566486868144291e-04,1.105570907796465821e-04,9.979272246382551170e-01,-4.396946678300509394e-04,-4.396946678300509394e-04,2.118761247246715653e-04,-2.242612208919314413e-04,-2.242612208919314413e-04,-9.235081554372623876e-06
1.846673244581224838e+00,1.405436740461424143e-04,-9.114406862198794443e-06,-2.998842847116148973e-05,9.982578997294097034e-01,7.120441137192855090e-06,7.120441137192855090e-06,1.405436740461424143e-04,1.105552455749809245e-04,9.979262339926847636e-01,-4.351005411627308431e-04,-4.351005411627308431e-04,2.118521636848646301e-04,-2.250489686335316103e-04,-2.250489686335316103e-04,-9.348411997087654717e-06
1.848975829674218918e+00,1.405305442072869661e-04,-9.198942662410365537e-06,-2.997719976095064782e-05,9.982569087764258109e-01,1.169742001967444310e-05,1.169742001967444310e-05,1.405305442072869661e-04,1.105533444463363183e-04,9.979252487430868568e-01,-4.305159577656708300e-04,-4.305159577656708300e-04,2.118279601837494755e-04,-2.258361573504476781e-04,-2.258361573504476781e-04,-9.461248019344355270e-06
1.851278414767212777e+00,1.405172598447540001e-04,-9.282972168220127496e-06,-2.996587254495640103e-05,9.982559230278177376e-01,1.626461789928012810e-05,1.626461789928012810e-05,1.405172598447540001e-04,1.105513872997975991e-04,9.979242688659183402e-01,-4.259409312999102681e-04,-4.259409312999102681e-04,2.118035152364795577e-04,-2.266227901278995227e-04,-2.266227901278995227e-04,-9.573590700334103521e-06
1.853580999860206857e+00,1.405038216316210496e-04,-9.366497606901342179e-06,-2.995444758709229929e-05,9.982549424598461396e-01,2.082202115098725050e-05,2.082202115098725050e-05,1.405038216316210496e-04,1.105493740445287503e-04,9.979232943377125409e-01,-4.213754750271277508e-04,-4.213754750271277508e-04,2.117788298565247563e-04,-2.274088700678222755e-04,-2.274088700678222755e-04,-9.685441114717992887e-06
1.855883584953200938e+00,1.404902302395430122e-04,-9.449521198427326361e-06,-2.994292564677932466e-05,9.982539670488576045e-01,2.536961655774769460e-05,2.536961655774769460e-05,1.404902302395430122e-04,1.105473045927636875e-04,9.979223251350792800e-01,-4.168196018133070555e-04,-4.168196018133070555e-04,2.117539050556771756e-04,-2.281944002886738480e-04,-2.281944002886738480e-04,-9.796800332648316362e-06
1.858186170046195018e+00,1.404764863387578415e-04,-9.532045155465707152e-06,-2.993130747896089394e-05,9.982529967712838737e-01,2.990739130681054590e-05,2.990739130681054590e-05,1.404764863387578415e-04,1.105451788597969475e-04,9.979213612347044293e-01,-4.122733241323772442e-04,-4.122733241323772442e-04,2.117287418440564294e-04,-2.289793839252448444e-04,-2.289793839252448444e-04,-9.907669419790711345e-06
1.860488755139189099e+00,1.404625905980924291e-04,-9.614071683373183949e-06,-2.991959383411803752e-05,9.982520316036419539e-01,3.443533298606469770e-05,3.443533298606469770e-05,1.404625905980924291e-04,1.105429967639743916e-04,9.979204026133500216e-01,-4.077366540698328687e-04,-4.077366540698328687e-04,2.117033412301153874e-04,-2.297638241284697476e-04,-2.297638241284697476e-04,-1.001804943734624179e-05
1.862791340232183179e+00,1.404485436849681342e-04,-9.695602980190405577e-06,-2.990778545828428009e-05,9.982510715225346720e-01,3.895342958040303328e-05,3.895342958040303328e-05,1.404485436849681342e-04,1.105407582266838541e-04,9.979194492478545842e-01,-4.032096033263323832e-04,-4.032096033263323832e-04,2.116777042206455966e-04,-2.305477240652396235e-04,-2.305477240652396235e-04,-1.012794144207296027e-05
1.865093925325177038e+00,1.404343462654066650e-04,-9.776641236637555557e-06,-2.989588309306091428e-05,9.982501165046497871e-01,4.346166946810753329e-05,4.346166946810753329e-05,1.404343462654066650e-04,1.105384631723457507e-04,9.979185011151326945e-01,-3.986921832212754696e-04,-3.986921832212754696e-04,2.116518318207828372e-04,-2.313310869182165594e-04,-2.313310869182165594e-04,-1.023734648630865761e-05
1.867396510418171118e+00,1.404199990040356084e-04,-9.857188636110071197e-06,-2.988388747563203043e-05,9.982491665267603231e-01,4.796004141725769337e-05,4.796004141725769337e-05,1.404199990040356084e-04,1.105361115284035780e-04,9.979175581921750915e-01,-3.941844046963566186e-04,-3.941844046963566186e-04,2.116257250340124630e-04,-2.321139158856499465e-04,-2.321139158856499465e-04,-1.034626561799186420e-05
1.869699095511165199e+00,1.404055025640940950e-04,-9.937247354674835336e-06,-2.987179933877961416e-05,9.982482215657244584e-01,5.244853458215677699e-05,5.244853458215677699e-05,1.404055025640940950e-04,1.105337032253144808e-04,9.979166204560485642e-01,-3.896862783191011462e-04,-3.896862783191011462e-04,2.115993848621749301e-04,-2.328962141811934930e-04,-2.328962141811934930e-04,-1.045469988068470462e-05
1.872001680604159279e+00,1.403908576074384094e-04,-1.001681956106672892e-05,-2.985961941089871154e-05,9.982472815984857473e-01,5.692713849978257119e-05,5.692713849978257119e-05,1.403908576074384094e-04,1.105312381965396979e-04,9.979156878838961742e-01,-3.851978142863762204e-04,-3.851978142863762204e-04,2.115728123054712187e-04,-2.336779850337248948e-04,-2.336779850337248948e-04,-1.056265031359467829e-05
1.874304265697153360e+00,1.403760647945475476e-04,-1.009590741668554441e-05,-2.984734841601256738e-05,9.982463466020724541e-01,6.139584308625825430e-05,6.139584308625825430e-05,1.403760647945475476e-04,1.105287163785349802e-04,9.979147604529368110e-01,-3.807190224278816666e-04,-3.807190224278816666e-04,2.115460083624681449e-04,-2.344592316871661828e-04,-2.344592316871661828e-04,-1.067011795159673315e-05
1.876606850790147440e+00,1.403611247845287725e-04,-1.017451307559313297e-05,-2.983498707378770911e-05,9.982454165535978863e-01,6.585463863334456826e-05,6.585463863334456826e-05,1.403611247845287725e-04,1.105261377107410634e-04,9.979138381404656366e-01,-3.762499122096196855e-04,-3.762499122096196855e-04,2.115189740301037281e-04,-2.352399574003062664e-04,-2.352399574003062664e-04,-1.077710382525520713e-05
1.878909435883141299e+00,1.403460382351231985e-04,-1.025263868451116832e-05,-2.982253609954930182e-05,9.982444914302603944e-01,7.030351580495248229e-05,7.030351580495248229e-05,1.403460382351231985e-04,1.105235021355738966e-04,9.979129209238536413e-01,-3.717904927373431043e-04,-3.717904927373431043e-04,2.114917103036925575e-04,-2.360201654466244792e-04,-2.360201654466244792e-04,-1.088360896084649822e-05
1.881212020976135380e+00,1.403308058027111574e-04,-1.033028638281905116e-05,-2.980999620429612381e-05,9.982435712093427060e-01,7.474246563367965487e-05,7.474246563367965487e-05,1.403308058027111574e-04,1.105208095984150336e-04,9.979120087805474215e-01,-3.673407727599804795e-04,-3.673407727599804795e-04,2.114642181769310777e-04,-2.367998591141163482e-04,-2.367998591141163482e-04,-1.098963438038047405e-05
1.883514606069129460e+00,1.403154281423177828e-04,-1.040745830255212194e-05,-2.979736809471581318e-05,9.982426558682128137e-01,7.917147951736375503e-05,7.917147951736375503e-05,1.403154281423177828e-04,1.105180600476019697e-04,9.979111016880699569e-01,-3.629007606730441237e-04,-3.629007606730441237e-04,2.114364986419028469e-04,-2.375790417051199855e-04,-2.375790417051199855e-04,-1.109518110162330956e-05
1.885817191162123541e+00,1.402999059076184038e-04,-1.048415656840042077e-05,-2.978465247320016861e-05,9.982417453843229760e-01,8.359054921566066608e-05,8.359054921566066608e-05,1.402999059076184038e-04,1.105152534344182351e-04,9.979101996240197225e-01,-3.584704645220122745e-04,-3.584704645220122745e-04,2.114085526890838228e-04,-2.383577165361448118e-04,-2.383577165361448118e-04,-1.120025013811918803e-05
1.888119776255117621e+00,1.402842397509438841e-04,-1.056038329770758804e-05,-2.977185003786011141e-05,9.982408397352101614e-01,8.799966684664215074e-05,8.799966684664215074e-05,1.402842397509438841e-04,1.105123897130837727e-04,9.979093025660709104e-01,-3.540498920056929402e-04,-3.540498920056929402e-04,2.113803813073475120e-04,-2.391358869377013092e-04,-2.391358869377013092e-04,-1.130484249921283552e-05
1.890422361348111702e+00,1.402684303232861797e-04,-1.063614060047025449e-05,-2.975896148254124373e-05,9.982399388984957156e-01,9.239882488341427886e-05,9.239882488341427886e-05,1.402684303232861797e-04,1.105094688407449359e-04,9.979084104919734299e-01,-3.496390504795654649e-04,-3.496390504795654649e-04,2.113519854839702289e-04,-2.399135562541326720e-04,-2.399135562541326720e-04,-1.140895919007175378e-05
1.892724946441105782e+00,1.402524782743035689e-04,-1.071143057933766684e-05,-2.974598749683879709e-05,9.982390428518852499e-01,9.678801615075791846e-05,9.678801615075791846e-05,1.402524782743035689e-04,1.105064907774647718e-04,9.979075233795529076e-01,-3.452379469591011687e-04,-3.452379469591011687e-04,2.113233662046362182e-04,-2.406907278434475413e-04,-2.406907278434475413e-04,-1.151260121170816862e-05
1.895027531534099641e+00,1.402363842523259658e-04,-1.078625532961149471e-05,-2.973292876611290602e-05,9.982381515731689747e-01,1.011672338217886884e-04,1.011672338217886884e-04,1.402363842523259658e-04,1.105034554862130598e-04,9.979066412067103542e-01,-3.408465881230635509e-04,-3.408465881230635509e-04,2.112945244534428322e-04,-2.414674050771544204e-04,-2.414674050771544204e-04,-1.161576956100171338e-05
1.897330116627093721e+00,1.402201489043602598e-04,-1.086061693924632012e-05,-2.971978597150389532e-05,9.982372650402209224e-01,1.055364714146403296e-04,1.055364714146403296e-04,1.402201489043602598e-04,1.105003629328563645e-04,9.979057639514223865e-01,-3.364649803167851284e-04,-3.364649803167851284e-04,2.112654612129056262e-04,-2.422435913400979599e-04,-2.422435913400979599e-04,-1.171846523072132986e-05
1.899632701720087802e+00,1.402037728760956278e-04,-1.093451748885006617e-05,-2.970655978994752667e-05,9.982363832309995022e-01,1.098957227891646108e-04,1.098957227891646108e-04,1.402037728760956278e-04,1.104972130861481012e-04,9.979048915917410056e-01,-3.320931295554277940e-04,-3.320931295554277940e-04,2.112361774639634276e-04,-2.430192900302957583e-04,-2.430192900302957583e-04,-1.182068920954817886e-05
1.901935286813081882e+00,1.401872568119087389e-04,-1.100795905168513372e-05,-2.969325089419021810e-05,9.982355061235465010e-01,1.142449821436564410e-04,1.142449821436564410e-04,1.401872568119087389e-04,1.104940059177185208e-04,9.979040241057933747e-01,-3.277310415272176422e-04,-3.277310415272176422e-04,2.112066741859833772e-04,-2.437945045587776294e-04,-2.437945045587776294e-04,-1.192244248209727848e-05
1.904237871906075963e+00,1.401706013548689581e-04,-1.108094369366923487e-05,-2.967985995280423639e-05,9.982346336959884159e-01,1.185842440115974150e-04,1.185842440115974150e-04,1.401706013548689581e-04,1.104907414020647217e-04,9.979031614717822629e-01,-3.233787215966614720e-04,-3.233787215966614720e-04,2.111769523567659707e-04,-2.445692383494257904e-04,-2.445692383494257904e-04,-1.202372602894041128e-05
1.906540456999070043e+00,1.401538071467435238e-04,-1.115347347337740722e-05,-2.966638763020303853e-05,9.982337659265348995e-01,1.229135032584201736e-04,1.229135032584201736e-04,1.401538071467435238e-04,1.104874195165404853e-04,9.979023036679852687e-01,-3.190361748077417676e-04,-3.190361748077417676e-04,2.111470129525500462e-04,-2.453434948388166499e-04,-2.453434948388166499e-04,-1.212454082662836906e-05
1.908843042092063902e+00,1.401368748280028330e-04,-1.122555044204332335e-05,-2.965283458665650472e-05,9.982329027934792043e-01,1.272327550782937451e-04,1.272327550782937451e-04,1.401368748280028330e-04,1.104840402413463283e-04,9.979014506727551526e-01,-3.147034058870915680e-04,-3.147034058870915680e-04,2.111168569480178527e-04,-2.461172774760639510e-04,-2.461172774760639510e-04,-1.222488784771319593e-05
1.911145627185057982e+00,1.401198050378253473e-04,-1.129717664356174219e-05,-2.963920147830609016e-05,9.982320442751984046e-01,1.315419949909307318e-04,1.315419949909307318e-04,1.401198050378253473e-04,1.104806035595192571e-04,9.979006024645198369e-01,-3.103804192471462968e-04,-3.103804192471462968e-04,2.110864853162998205e-04,-2.468905897226637033e-04,-2.468905897226637033e-04,-1.232476806077096336e-05
1.913448212278052063e+00,1.401025984141029057e-04,-1.136835411449095688e-05,-2.962548895718024777e-05,9.982311903501528416e-01,1.358412188384111401e-04,1.358412188384111401e-04,1.401025984141029057e-04,1.104771094569226579e-04,9.978997590217820735e-01,-3.060672189892794915e-04,-3.060672189892794915e-04,2.110558990289795487e-04,-2.476634350523398737e-04,-2.476634350523398737e-04,-1.242418243042393702e-05
1.915750797371046144e+00,1.400852555934457388e-04,-1.143908488405507842e-05,-2.961169767120957997e-05,9.982303409968861230e-01,1.401304227820314181e-04,1.401304227820314181e-04,1.400852555934457388e-04,1.104735579222361589e-04,9.978989203231194427e-01,-3.017638089069132174e-04,-3.017638089069132174e-04,2.110250990560987386e-04,-2.484358169508919475e-04,-2.484358169508919475e-04,-1.252313191736313664e-05
1.918053382464040224e+00,1.400677772111874565e-04,-1.150937097414753729e-05,-2.959782826424213942e-05,9.982294961940252342e-01,1.444096032991705144e-04,1.444096032991705144e-04,1.400677772111874565e-04,1.104699489469453171e-04,9.978980863471843543e-01,-2.974701924886107539e-04,-2.974701924886107539e-04,2.109940863661619904e-04,-2.492077389160442247e-04,-2.492077389160442247e-04,-1.262161747837098061e-05
1.920355967557034305e+00,1.400501639013901161e-04,-1.157921439933394132e-05,-2.958388137605860789e-05,9.982286559202796505e-01,1.486787571801783270e-04,1.486787571801783270e-04,1.400501639013901161e-04,1.104662825253315082e-04,9.978972570727036029e-01,-2.931863729211477056e-04,-2.931863729211477056e-04,2.109628619261416020e-04,-2.499792044572956575e-04,-2.499792044572956575e-04,-1.271964006634366119e-05
1.922658552650028385e+00,1.400324162968492371e-04,-1.164861716685586704e-05,-2.956985764238771904e-05,9.982278201544423357e-01,1.529378815252827994e-04,1.529378815252827994e-04,1.400324162968492371e-04,1.104625586544615180e-04,9.978964324784789230e-01,-2.889123530925632728e-04,-2.889123530925632728e-04,2.109314267014824739e-04,-2.507502170957719113e-04,-2.507502170957719113e-04,-1.281720063031377047e-05
1.924961137743022244e+00,1.400145350290987344e-04,-1.171758127663454086e-05,-2.955575769492138302e-05,9.982269888753887432e-01,1.571869737415182130e-04,1.571869737415182130e-04,1.400145350290987344e-04,1.104587773341773513e-04,9.978956125433862123e-01,-2.846481355951911924e-04,-2.846481355951911924e-04,2.108997816561067719e-04,-2.515207803640781841e-04,-2.515207803640781841e-04,-1.291430011547280940e-05
1.927263722836016324e+00,1.399965207284158239e-04,-1.178610872127493873e-05,-2.954158216132994662e-05,9.982261620620770382e-01,1.614260315396747305e-04,1.614260315396747305e-04,1.399965207284158239e-04,1.104549385670858773e-04,9.978947972463757532e-01,-2.803937227286687787e-04,-2.803937227286687787e-04,2.108679277524186163e-04,-2.522908978061541400e-04,-2.522908978061541400e-04,-1.301093946319384934e-05
1.929566307929010405e+00,1.399783740238260375e-04,-1.185420148607021441e-05,-2.952733166527758896e-05,9.982253396935480971e-01,1.656550529312645812e-04,1.656550529312645812e-04,1.399783740238260375e-04,1.104510423585484486e-04,9.978939865664724351e-01,-2.761491165029292131e-04,-2.761491165029292131e-04,2.108358659513090145e-04,-2.530605729771292231e-04,-2.530605729771292231e-04,-1.310711961105427484e-05
1.931868893022004485e+00,1.399600955431079118e-04,-1.192186154900623618e-05,-2.951300682643735122e-05,9.982245217489247313e-01,1.698740362255121532e-04,1.698740362255121532e-04,1.399600955431079118e-04,1.104470887166705606e-04,9.978931804827747554e-01,-2.719143186411700891e-04,-2.719143186411700891e-04,2.108035972121602799e-04,-2.538298094431802468e-04,-2.538298094431802468e-04,-1.320284149285799968e-05
1.934171478114998566e+00,1.399416859127980569e-04,-1.198909088076639633e-05,-2.949860826050660007e-05,9.982237082074125745e-01,1.740829800263618121e-04,1.740829800263618121e-04,1.399416859127980569e-04,1.104430776522914568e-04,9.978923789744557071e-01,-2.676893305828040152e-04,-2.676893305828040152e-04,2.107711224928508016e-04,-2.545986107813897974e-04,-2.545986107813897974e-04,-1.329810603865855698e-05
1.936474063207992646e+00,1.399231457581958185e-04,-1.205589144473693893e-05,-2.948413657922215232e-05,9.982228990482989728e-01,1.782818832295063739e-04,1.782818832295063739e-04,1.399231457581958185e-04,1.104390091789736662e-04,9.978915820207620024e-01,-2.634741534863882908e-04,-2.634741534863882908e-04,2.107384427497597070e-04,-2.553669805796064804e-04,-2.553669805796064804e-04,-1.339291417478170139e-05
1.938776648300986505e+00,1.399044757033680755e-04,-1.212226519701213695e-05,-2.946959239037550793e-05,9.982220942509532069e-01,1.824707450194349855e-04,1.824707450194349855e-04,1.399044757033680755e-04,1.104348833129925676e-04,9.978907896010141831e-01,-2.592687882325352849e-04,-2.592687882325352849e-04,2.107055589377713610e-04,-2.561349224363056003e-04,-2.561349224363056003e-04,-1.348726682384777247e-05
1.941079233393980585e+00,1.398856763711541732e-04,-1.218821408640008257e-05,-2.945497629782827280e-05,9.982212937948266029e-01,1.866495648665024714e-04,1.866495648665024714e-04,1.398856763711541732e-04,1.104307000733259004e-04,9.978900016946066209e-01,-2.550732354268011302e-04,-2.550732354268011302e-04,2.106724720102799199e-04,-2.569024399604527141e-04,-2.569024399604527141e-04,-1.358116490479515921e-05
1.943381818486974666e+00,1.398667483831704224e-04,-1.225374005442848423e-05,-2.944028890152712075e-05,9.982204976594520884e-01,1.908183425240149445e-04,1.908183425240149445e-04,1.398667483831704224e-04,1.104264594816433017e-04,9.978892182810071843e-01,-2.508874954025582622e-04,-2.508874954025582622e-04,2.106391829191939116e-04,-2.576695367713665338e-04,-2.576695367713665338e-04,-1.367460933290220262e-05
1.945684403579968746e+00,1.398476923598149517e-04,-1.231884503535081278e-05,-2.942553079751921634e-05,9.982197058244441923e-01,1.949770780253387266e-04,1.949770780253387266e-04,1.398476923598149517e-04,1.104221615622957354e-04,9.978884393397573493e-01,-2.467115682238442149e-04,-2.467115682238442149e-04,2.106056926149407088e-04,-2.584362164985849189e-04,-2.584362164985849189e-04,-1.376760101981044335e-05
1.947986988672962827e+00,1.398285089202723150e-04,-1.238353095615255927e-05,-2.941070257796736650e-05,9.982189182694988228e-01,1.991257716810264811e-04,1.991257716810264811e-04,1.398285089202723150e-04,1.104178063423049485e-04,9.978876648504718672e-01,-2.425454536881933127e-04,-2.425454536881933127e-04,2.105720020464709732e-04,-2.592024827817312484e-04,-2.592024827817312484e-04,-1.386014087354742893e-05
1.950289573765956908e+00,1.398091986825182619e-04,-1.244779973655817730e-05,-2.939580483116530790e-05,9.982181349743929344e-01,2.032644240759644868e-04,2.032644240759644868e-04,1.398091986825182619e-04,1.104133938513529540e-04,9.978868947928388744e-01,-2.383891513294473293e-04,-2.383891513294473293e-04,2.105381121612631560e-04,-2.599683392703820944e-04,-2.599683392703820944e-04,-1.395222979854923130e-05
1.952592158858950988e+00,1.397897622633241565e-04,-1.251165328903739170e-05,-2.938083814155283146e-05,9.982173559189846390e-01,2.073930360665377209e-04,2.073930360665377209e-04,1.397897622633241565e-04,1.104089241217713250e-04,9.978861291466193384e-01,-2.342426604205475791e-04,-2.342426604205475791e-04,2.105040239053278066e-04,-2.607337896239367921e-04,-2.607337896239367921e-04,-1.404386869568379272e-05
1.954894743951944847e+00,1.397702002782617197e-04,-1.257509351881268797e-05,-2.936580308973098837e-05,9.982165810832132058e-01,2.115116087778155676e-04,2.115116087778155676e-04,1.397702002782617197e-04,1.104043971885307313e-04,9.978853678916476122e-01,-2.301059799763073576e-04,-2.301059799763073576e-04,2.104697382232119916e-04,-2.614988375114874982e-04,-2.614988375114874982e-04,-1.413505846227312480e-05
1.957197329044938927e+00,1.397505133417075568e-04,-1.263812232386646298e-05,-2.935070025247739085e-05,9.982158104470986171e-01,2.156201436007573692e-04,2.156201436007573692e-04,1.397505133417075568e-04,1.103998130892301660e-04,9.978846110078308795e-01,-2.259791087561632947e-04,-2.259791087561632947e-04,2.104352560580036310e-04,-2.622634866116915807e-04,-2.622634866116915807e-04,-1.422579999211676624e-05
1.959499914137933008e+00,1.397307020668476563e-04,-1.270074159494853810e-05,-2.933553020276130966e-05,9.982150439907411243e-01,2.197186421894342927e-04,2.197186421894342927e-04,1.397307020668476563e-04,1.103951718640863467e-04,9.978838584751488217e-01,-2.218620452669110941e-04,-2.218620452669110941e-04,2.104005783513358352e-04,-2.630277406126437368e-04,-2.630277406126437368e-04,-1.431609417551434781e-05
1.961802499230927088e+00,1.397107670656818896e-04,-1.276295321558382661e-05,-2.932029350975886650e-05,9.982142816943218033e-01,2.238071064582739119e-04,2.238071064582739119e-04,1.397107670656818896e-04,1.103904735559230231e-04,9.978831102736540615e-01,-2.177547877654181807e-04,-2.177547877654181807e-04,2.103657060433911335e-04,-2.637916032117509305e-04,-2.637916032117509305e-04,-1.440594189928866550e-05
1.964105084323921169e+00,1.396907089490285374e-04,-1.282475906208041769e-05,-2.930499073886825353e-05,9.982135235381019989e-01,2.278855385793217834e-04,2.278855385793217834e-04,1.396907089490285374e-04,1.103857182101602839e-04,9.978823663834714974e-01,-2.136573342613193522e-04,-2.136573342613193522e-04,2.103306400729057024e-04,-2.645550781156079802e-04,-2.645550781156079802e-04,-1.449534404680862832e-05
1.966407669416915249e+00,1.396705283265287079e-04,-1.288616100353771140e-05,-2.928962245172488500e-05,9.982127695024228808e-01,2.319539409795228640e-04,2.319539409795228640e-04,1.396705283265287079e-04,1.103809058748038229e-04,9.978816267847984145e-01,-2.095696825196924275e-04,-2.095696825196924275e-04,2.102953813771736482e-04,-2.653181690398739596e-04,-2.653181690398739596e-04,-1.458430149801207572e-05
1.968710254509909108e+00,1.396502258066507007e-04,-1.294716090185472807e-05,-2.927418920621649488e-05,9.982120195677059993e-01,2.360123163380209530e-04,2.360123163380209530e-04,1.396502258066507007e-04,1.103760366004342058e-04,9.978808914579047062e-01,-2.054918300637158701e-04,-2.054918300637158701e-04,2.102599308920511539e-04,-2.660808797091504421e-04,-2.660808797091504421e-04,-1.467281512942897610e-05
1.971012839602903188e+00,1.396298019966944249e-04,-1.300776061173869208e-05,-2.925869155649831561e-05,9.982112737144526182e-01,2.400606675834794114e-04,2.400606675834794114e-04,1.396298019966944249e-04,1.103711104401961093e-04,9.978801603831319866e-01,-2.014237741773050258e-04,-2.014237741773050258e-04,2.102242895519606267e-04,-2.668432138568611000e-04,-2.668432138568611000e-04,-1.476088581420426622e-05
1.973315424695897269e+00,1.396092575027958445e-04,-1.306796198071409008e-05,-2.924313005300833827e-05,9.982105319232431606e-01,2.440989978914165457e-04,2.440989978914165457e-04,1.396092575027958445e-04,1.103661274497875062e-04,9.978794335408938121e-01,-1.973655119077334793e-04,-1.973655119077334793e-04,2.101884582898947904e-04,-2.676051752251316289e-04,-2.676051752251316289e-04,-1.484851442212097009e-05
1.975618009788891349e+00,1.395885929299310981e-04,-1.312776684913127342e-05,-2.922750524248216616e-05,9.982097941747383185e-01,2.481273106815639218e-04,2.481273106815639218e-04,1.395885929299310981e-04,1.103610876874489319e-04,9.978787109116760146e-01,-1.933170400682318330e-04,-1.933170400682318330e-04,2.101524380374208056e-04,-2.683667675646720036e-04,-2.683667675646720036e-04,-1.493570181962324677e-05
1.977920594881885430e+00,1.395678088819209985e-04,-1.318717705017588734e-05,-2.921181766796838335e-05,9.982090604496776098e-01,2.521456096152407261e-04,2.521456096152407261e-04,1.395678088819209985e-04,1.103559912139526151e-04,9.978779924760357023e-01,-1.892783552405697615e-04,-1.892783552405697615e-04,2.101162297246843085e-04,-2.691279946346590590e-04,-2.691279946346590590e-04,-1.502244886983945166e-05
1.980223179974879510e+00,1.395469059614352068e-04,-1.324619440987833914e-05,-2.919606786884355735e-05,9.982083307288794893e-01,2.561538985927479120e-04,2.561538985927479120e-04,1.395469059614352068e-04,1.103508380925916494e-04,9.978772782146017040e-01,-1.852494537776187128e-04,-1.852494537776187128e-04,2.100798342804134492e-04,-2.698888602026209139e-04,-2.698888602026209139e-04,-1.510875643260508943e-05
1.982525765067873369e+00,1.395258847699964338e-04,-1.330482074712320185e-05,-2.918025638082729592e-05,9.982076049932419037e-01,2.601521817507797220e-04,2.601521817507797220e-04,1.395258847699964338e-04,1.103456283891691379e-04,9.978765681080743466e-01,-1.812303318058968295e-04,-1.812303318058968295e-04,2.100432526319227951e-04,-2.706493680443221544e-04,-2.706493680443221544e-04,-1.519462536448636660e-05
1.984828350160867450e+00,1.395047459079847224e-04,-1.336305787365914662e-05,-2.916438373599739887e-05,9.982068832237410705e-01,2.641404634598563776e-04,2.641404634598563776e-04,1.395047459079847224e-04,1.103403621719873236e-04,9.978758621372251225e-01,-1.772209852280929438e-04,-1.772209852280929438e-04,2.100064857051173964e-04,-2.714095219436507512e-04,-2.714095219436507512e-04,-1.528005651880264129e-05
1.987130935253861530e+00,1.394834899746416222e-04,-1.342090759410889194e-05,-2.914845046280492840e-05,9.982061654014322549e-01,2.681187483217702420e-04,2.681187483217702420e-04,1.394834899746416222e-04,1.103350395118366938e-04,9.978751602828968004e-01,-1.732214097255765602e-04,-1.732214097255765602e-04,2.099695344244966626e-04,-2.721693256925051944e-04,-2.721693256925051944e-04,-1.536505074565032311e-05
1.989433520346855611e+00,1.394621175680742545e-04,-1.347837170597931212e-05,-2.913245708608915756e-05,9.982054515074488821e-01,2.720870411670551288e-04,2.720870411670551288e-04,1.394621175680742545e-04,1.103296604819850970e-04,9.978744625260029810e-01,-1.692316007608852591e-04,-1.692316007608852591e-04,2.099323997131581567e-04,-2.729287830906839589e-04,-2.729287830906839589e-04,-1.544960889192550083e-05
1.991736105439849691e+00,1.394406292852594874e-04,-1.353545199967181178e-05,-2.911640412709270845e-05,9.982047415230026477e-01,2.760453470524712244e-04,2.760453470524712244e-04,1.394406292852594874e-04,1.103242251581667790e-04,9.978737688475280976e-01,-1.652515535801958916e-04,-1.652515535801958916e-04,2.098950824928016339e-04,-2.736878979457751872e-04,-2.736878979457751872e-04,-1.553373180134721371e-05
1.994038690532843772e+00,1.394190257220480551e-04,-1.359215025849289847e-05,-2.910029210347659550e-05,9.982040354293832962e-01,2.799936712585086038e-04,2.799936712585086038e-04,1.394190257220480551e-04,1.103187336185714596e-04,9.978730792285275264e-01,-1.612812632157772344e-04,-1.612812632157772344e-04,2.098575836837326741e-04,-2.744466740730483771e-04,-2.744466740730483771e-04,-1.561742031448109223e-05
1.996341275625837852e+00,1.393973074731685424e-04,-1.364846825866486719e-05,-2.908412152933514678e-05,9.982033332079585097e-01,2.839320192869092328e-04,2.839320192869092328e-04,1.393973074731685424e-04,1.103131859438333956e-04,9.978723936501270320e-01,-1.573207244884243495e-04,-1.573207244884243495e-04,2.098199042048666117e-04,-2.752051152953462871e-04,-2.752051152953462871e-04,-1.570067526876209581e-05
1.998643860718831711e+00,1.393754751322314779e-04,-1.370440776933667796e-05,-2.906789291521114224e-05,9.982026348401737970e-01,2.878603968582056118e-04,2.878603968582056118e-04,1.393754751322314779e-04,1.103075822170203357e-04,9.978717120935227669e-01,-1.533699320098757309e-04,-1.533699320098757309e-04,2.097820449737321951e-04,-2.759632254429790097e-04,-2.759632254429790097e-04,-1.578349749851794517e-05
2.000946445811826013e+00,1.393535292917332641e-04,-1.375997055259492490e-05,-2.905160676811062654e-05,9.982019403075520492e-01,2.917788099092807246e-04,2.917788099092807246e-04,1.393535292917332641e-04,1.103019225236226376e-04,9.978710345399811610e-01,-1.494288801852098258e-04,-1.494288801852098258e-04,2.097440069064752997e-04,-2.767210083536184246e-04,-2.767210083536184246e-04,-1.586588783499256816e-05
2.003249030904819872e+00,1.393314705430602160e-04,-1.381515836347536605e-05,-2.903526359151804728e-05,9.982012495916933181e-01,2.956872645909388838e-04,2.956872645909388838e-04,1.393314705430602160e-04,1.102962069515421687e-04,9.978703609708386990e-01,-1.454975632152297909e-04,-1.454975632152297909e-04,2.097057909178627231e-04,-2.774784678721937351e-04,-2.774784678721937351e-04,-1.594784710636892901e-05
2.005551615997813730e+00,1.393092994764924368e-04,-1.386997294997383992e-05,-2.901886388541109502e-05,9.982005626742752602e-01,2.995857672655038431e-04,2.995857672655038431e-04,1.393092994764924368e-04,1.102904355910813418e-04,9.978696913675020319e-01,-1.415759750988215512e-04,-1.415759750988215512e-04,2.096673979212857082e-04,-2.782356078507891204e-04,-2.782356078507891204e-04,-1.602937613779318574e-05
2.007854201090808033e+00,1.392870166812078031e-04,-1.392441605305849497e-05,-2.900240814627577364e-05,9.981998795370521371e-01,3.034743245044266681e-04,3.034743245044266681e-04,1.392870166812078031e-04,1.102846085349320295e-04,9.978690257114473106e-01,-1.376641096353014226e-04,-1.376641096353014226e-04,2.096288288287635759e-04,-2.789924321485413319e-04,-2.789924321485413319e-04,-1.611047575139704498e-05
2.010156786183801891e+00,1.392646227452857047e-04,-1.397848940668071123e-05,-2.898589686712111843e-05,9.981992001618551491e-01,3.073529430859126346e-04,3.073529430859126346e-04,1.392646227452857047e-04,1.102787258781645863e-04,9.978683639842206299e-01,-1.337619604267457104e-04,-1.337619604267457104e-04,2.095900845509474379e-04,-2.797489446315387001e-04,-2.797489446315387001e-04,-1.619114676632172969e-05
2.012459371276796194e+00,1.392421182557110565e-04,-1.403219473778775160e-05,-2.896933053749436136e-05,9.981985245305917687e-01,3.112216299925711117e-04,3.112216299925711117e-04,1.392421182557110565e-04,1.102727877182166951e-04,9.978677061674371407e-01,-1.298695208802956688e-04,-1.298695208802956688e-04,2.095511659971235311e-04,-2.805051491727224180e-04,-2.805051491727224180e-04,-1.627138999874133690e-05
2.014761956369790052e+00,1.392195037983780389e-04,-1.408553376633421205e-05,-2.895270964349564910e-05,9.981978526252465178e-01,3.150803924090735228e-04,3.150803924090735228e-04,1.392195037983780389e-04,1.102667941548823898e-04,9.978670522427818268e-01,-1.259867842104560364e-04,-1.259867842104560364e-04,2.095120740752169034e-04,-2.812610496517864694e-04,-2.812610496517864694e-04,-1.635120626188582281e-05
2.017064541462784355e+00,1.391967799580938112e-04,-1.413850820529467285e-05,-2.893603466779297794e-05,9.981971844278794137e-01,3.189292377198390074e-04,3.189292377198390074e-04,1.391967799580938112e-04,1.102607452903008332e-04,9.978664021920085059e-01,-1.221137434413643256e-04,-1.221137434413643256e-04,2.094728096917947754e-04,-2.820166499550816764e-04,-2.820166499550816764e-04,-1.643059636606507206e-05
2.019367126555778214e+00,1.391739473185824147e-04,-1.419111976067592812e-05,-2.891930608963707444e-05,9.981965199206269679e-01,3.227681735067268595e-04,3.227681735067268595e-04,1.391739473185824147e-04,1.102546412289453402e-04,9.978657559969401625e-01,-1.182503914090545286e-04,-1.182503914090545286e-04,2.094333737520700904e-04,-2.827719539755179593e-04,-2.827719539755179593e-04,-1.650956111869158807e-05
2.021669711648772072e+00,1.391510064624883777e-04,-1.424337013152925249e-05,-2.890252438487620834e-05,9.981958590857011870e-01,3.265972075467558000e-04,3.265972075467558000e-04,1.391510064624883777e-04,1.102484820776121694e-04,9.978651136394683929e-01,-1.143967207636928504e-04,-1.143967207636928504e-04,2.093937671599048218e-04,-2.835269656124700106e-04,-2.835269656124700106e-04,-1.658810132430456910e-05
2.023972296741766375e+00,1.391279579713804832e-04,-1.429526100996339460e-05,-2.888569002597105972e-05,9.981952019053900171e-01,3.304163478098343619e-04,3.304163478098343619e-04,1.391279579713804832e-04,1.102422679454094235e-04,9.978644751015537384e-01,-1.105527239718033592e-04,-1.105527239718033592e-04,2.093539908178133880e-04,-2.842816887716826443e-04,-2.842816887716826443e-04,-1.666621778459301869e-05
2.026274881834760233e+00,1.391048024257553737e-04,-1.434679408115727245e-05,-2.886880348200946409e-05,9.981945483620565662e-01,3.342256024565066173e-04,3.342256024565066173e-04,1.391048024257553737e-04,1.102359989437459096e-04,9.978638403652253519e-01,-1.067183933184770347e-04,-1.067183933184770347e-04,2.093140456269659865e-04,-2.850361273651771206e-04,-2.850361273651771206e-04,-1.674391129841919492e-05
2.028577466927754536e+00,1.390815404050412376e-04,-1.439797102337278562e-05,-2.885186521872130667e-05,9.981938984381394375e-01,3.380249798357240877e-04,3.380249798357240877e-04,1.390815404050412376e-04,1.102296751863199309e-04,9.978632094125804430e-01,-1.028937209095556629e-04,-1.028937209095556629e-04,2.092739324871919007e-04,-2.857902853111600732e-04,-2.857902853111600732e-04,-1.682118266184267632e-05
2.030880052020748394e+00,1.390581724876014140e-04,-1.444879350796826274e-05,-2.883487569849324040e-05,9.981932521161518412e-01,3.418144884826217200e-04,3.418144884826217200e-04,1.390581724876014140e-04,1.102232967891081736e-04,9.978625822257845002e-01,-9.907869867381100134e-05,-9.907869867381100134e-05,2.092336522969826982e-04,-2.865441665339311895e-04,-2.865441665339311895e-04,-1.689803266814294375e-05
2.033182637113742697e+00,1.390346992507378895e-04,-1.449926319941123476e-05,-2.881783538038340401e-05,9.981926093786822607e-01,3.455941371163235697e-04,3.455941371163235697e-04,1.390346992507378895e-04,1.102168638703544855e-04,9.978619587870711793e-01,-9.527331836509434523e-05,-9.527331836509434523e-05,2.091932059534955919e-04,-2.872977749637944684e-04,-2.872977749637944684e-04,-1.697446210784381903e-05
2.035485222206736555e+00,1.390111212706949574e-04,-1.454938175529220940e-05,-2.880074472013627557e-05,9.981919702083936752e-01,3.493639346377527669e-04,3.493639346377527669e-04,1.390111212706949574e-04,1.102103765505586818e-04,9.978613390787419712e-01,-9.147757156448197400e-05,-9.147757156448197400e-05,2.091525943525565027e-04,-2.880511145369677979e-04,-2.880511145369677979e-04,-1.705047176873660921e-05
2.037787807299730414e+00,1.389874391226625784e-04,-1.459915082633791198e-05,-2.878360417019721436e-05,9.981913345880233379e-01,3.531238901274692376e-04,3.531238901274692376e-04,1.389874391226625784e-04,1.102038349524653640e-04,9.978607230831659791e-01,-8.769144968239223211e-05,-8.769144968239223211e-05,2.091118183886632583e-04,-2.888041891954964361e-04,-2.888041891954964361e-04,-1.712606243590342715e-05
2.040090392392724716e+00,1.389636533807800671e-04,-1.464857205642523774e-05,-2.876641417972743641e-05,9.981907025003832201e-01,3.568740128435164780e-04,3.568740128435164780e-04,1.389636533807800671e-04,1.101972392010526307e-04,9.978601107827800298e-01,-8.391494396069404480e-05,-8.391494396069404480e-05,2.090708789549887642e-04,-2.895570028871651360e-04,-2.895570028871651360e-04,-1.720123489174152842e-05
2.042392977485718575e+00,1.389397646181393176e-04,-1.469764708259466372e-05,-2.874917519461839374e-05,9.981900739283585677e-01,3.606143122192852430e-04,3.606143122192852430e-04,1.389397646181393176e-04,1.101905894235209239e-04,9.978595021600880077e-01,-8.014804547479846607e-05,-8.014804547479846607e-05,2.090297769433840122e-04,-2.903095595654121147e-04,-2.903095595654121147e-04,-1.727598991598616764e-05
2.044695562578712877e+00,1.389157734067883812e-04,-1.474637753506446206e-05,-2.873188765750666859e-05,9.981894488549090116e-01,3.643447978614000561e-04,3.643447978614000561e-04,1.389157734067883812e-04,1.101838857492817126e-04,9.978588971976611877e-01,-7.639074513572679430e-05,-7.639074513572679430e-05,2.089885132443811979e-04,-2.910618631892450273e-04,-2.910618631892450273e-04,-1.735032828573455940e-05
2.046998147671706736e+00,1.388916803177348545e-04,-1.479476503724450656e-05,-2.871455200778854234e-05,9.981888272630679015e-01,3.680654795476119004e-04,3.680654795476119004e-04,1.388916803177348545e-04,1.101771283099463121e-04,9.978582958781380130e-01,-7.264303369217336179e-05,-7.264303369217336179e-05,2.089470887471966206e-04,-2.918139177231559114e-04,-2.918139177231559114e-04,-1.742425077546971368e-05
2.049300732764700594e+00,1.388674859209490780e-04,-1.484281120575061973e-05,-2.869716868163456455e-05,9.981882091359414177e-01,3.717763672247170921e-04,3.717763672247170921e-04,1.388674859209490780e-04,1.101703172393145134e-04,9.978576981842234295e-01,-6.890490173254096165e-05,-6.890490173254096165e-05,2.089055043397338276e-04,-2.925657271370393298e-04,-2.925657271370393298e-04,-1.749775815708354301e-05
2.051603317857694897e+00,1.388431907853676596e-04,-1.489051765041879962e-05,-2.867973811200424385e-05,9.981875944567096814e-01,3.754774710064858042e-04,3.754774710064858042e-04,1.388431907853676596e-04,1.101634526733634157e-04,9.978571040986895513e-01,-6.517633968696784515e-05,-6.517633968696784515e-05,2.088637609085863248e-04,-2.933172954061100254e-04,-2.933172954061100254e-04,-1.757085119990124675e-05
2.053905902950688755e+00,1.388187954788966188e-04,-1.493788597431954815e-05,-2.866226072866057627e-05,9.981869832086253114e-01,3.791688011716062563e-04,3.791688011716062563e-04,1.388187954788966188e-04,1.101565347502360425e-04,9.978565136043745509e-01,-6.145733782933791379e-05,-6.145733782933791379e-05,2.088218593390407749e-04,-2.940686265108213892e-04,-2.940686265108213892e-04,-1.764353067070427593e-05
2.056208488043683058e+00,1.387943005684147749e-04,-1.498491777377250281e-05,-2.864473695818466840e-05,9.981863753750138679e-01,3.828503681616515645e-04,3.828503681616515645e-04,1.387943005684147749e-04,1.101495636102301065e-04,9.978559266841832143e-01,-5.774788627926888185e-05,-5.774788627926888185e-05,2.087798005150795456e-04,-2.948197244367867470e-04,-2.948197244367867470e-04,-1.771579733375462613e-05
2.058511073136676917e+00,1.387697066197768640e-04,-1.503161463836098189e-05,-2.862716722399021149e-05,9.981857709392737421e-01,3.865221825790527170e-04,3.865221825790527170e-04,1.387697066197768640e-04,1.101425393957866525e-04,9.978553433210863854e-01,-5.404797500409388625e-05,-5.404797500409388625e-05,2.087375853193837720e-04,-2.955705931746990746e-04,-2.955705931746990746e-04,-1.778765195081833075e-05
2.060813658229671219e+00,1.387450141978168730e-04,-1.507797815094687360e-05,-2.860955194633807755e-05,9.981851698848753784e-01,3.901842551850977876e-04,3.901842551850977876e-04,1.387450141978168730e-04,1.101354622514787954e-04,9.978547634981209669e-01,-5.035759382081741439e-05,-5.035759382081741439e-05,2.086952146333360134e-04,-2.963212367202541818e-04,-2.963212367202541818e-04,-1.785909528118893066e-05
2.063116243322665078e+00,1.387202238663510752e-04,-1.512400988768547277e-05,-2.859189154235079343e-05,9.981845721953617190e-01,3.938365968979356483e-04,3.938365968979356483e-04,1.387202238663510752e-04,1.101283323240002818e-04,9.978541871983896971e-01,-4.667673239806549243e-05,-4.667673239806549243e-05,2.086526893370230446e-04,-2.970716590740724874e-04,-2.970716590740724874e-04,-1.793012808171183482e-05
2.065418828415658936e+00,1.386953361881812291e-04,-1.516971141804024287e-05,-2.857418642602694713e-05,9.981839778543474262e-01,3.974792187906063534e-04,3.974792187906063534e-04,1.386953361881812291e-04,1.101211497621542819e-04,9.978536144050609291e-01,-4.300538025801079470e-05,-4.300538025801079470e-05,2.086100103092385939e-04,-2.978218642416239378e-04,-2.978218642416239378e-04,-1.800075110680751883e-05
2.067721413508653239e+00,1.386703517250977491e-04,-1.521508430479842686e-05,-2.855643700825582457e-05,9.981833868455188830e-01,4.011121320890792758e-04,4.011121320890792758e-04,1.386703517250977491e-04,1.101139147168419245e-04,9.978530451013684077e-01,-3.934352677828840863e-05,-3.934352677828840863e-05,2.085671784274860266e-04,-2.985718562331524388e-04,-2.985718562331524388e-04,-1.807096510849558069e-05
2.070023998601647097e+00,1.386452710378826875e-04,-1.526013010408559581e-05,-2.853864369683170750e-05,9.981827991526345256e-01,4.047353481703072891e-04,4.047353481703072891e-04,1.386452710378826875e-04,1.101066273410509800e-04,9.978524792706113811e-01,-3.569116119389662407e-05,-3.569116119389662407e-05,2.085241945679808923e-04,-2.993216390636010992e-04,-2.993216390636010992e-04,-1.814077083641859998e-05
2.072326583694641400e+00,1.386200946863128515e-04,-1.530485036538159347e-05,-2.852080689646832048e-05,9.981822147595236228e-01,4.083488785603029596e-04,4.083488785603029596e-04,1.386200946863128515e-04,1.100992877898445310e-04,9.978519168961540453e-01,-3.204827259907517130e-05,-3.204827259907517130e-05,2.084810596056536089e-04,-3.000712167525401318e-04,-3.000712167525401318e-04,-1.821016903786549230e-05
2.074629168787635258e+00,1.385948232291627576e-04,-1.534924663153540338e-05,-2.850292700881325075e-05,9.981816336500867193e-01,4.119527349322193999e-04,4.119527349322193999e-04,1.385948232291627576e-04,1.100918962203495068e-04,9.978513579614256557e-01,-2.841484994917863085e-05,-2.841484994917863085e-05,2.084377744141520372e-04,-3.008205933240931272e-04,-3.008205933240931272e-04,-1.827916045779598509e-05
2.076931753880629561e+00,1.385694572242076672e-04,-1.539332043878111376e-05,-2.848500443246232753e-05,9.981810558082954143e-01,4.155469291044575769e-04,4.155469291044575769e-04,1.385694572242076672e-04,1.100844527917453397e-04,9.978508024499201934e-01,-2.479088206252379209e-05,-2.479088206252379209e-05,2.083943398658439478e-04,-3.015697728068670149e-04,-3.015697728068670149e-04,-1.834774583886401950e-05
2.079234338973623419e+00,1.385439972282264873e-04,-1.543707331675316238e-05,-2.846703956297389274e-05,9.981804812181920283e-01,4.191314730387781201e-04,4.191314730387781201e-04,1.385439972282264873e-04,1.100769576652525946e-04,9.978502503451962546e-01,-2.117635762223225477e-05,-2.117635762223225477e-05,2.083507568318195414e-04,-3.023187592338801803e-04,-3.023187592338801803e-04,-1.841592592144155197e-05
2.081536924066617278e+00,1.385184437970048057e-04,-1.548050678850237599e-05,-2.844903279288330227e-05,9.981799098638890477e-01,4.227063788384372522e-04,4.227063788384372522e-04,1.385184437970048057e-04,1.100694110041215034e-04,9.978497016308767176e-01,-1.757126517804873776e-05,-1.757126517804873776e-05,2.083070261818939159e-04,-3.030675566424940516e-04,-3.030675566424940516e-04,-1.848370144364284041e-05
2.083839509159611580e+00,1.384927974853376290e-04,-1.552362237051166757e-05,-2.843098451171706127e-05,9.981793417295697912e-01,4.262716587463322615e-04,4.262716587463322615e-04,1.384927974853376290e-04,1.100618129736205677e-04,9.978491562906489643e-01,-1.397559314814998560e-05,-1.397559314814998560e-05,2.082631487846093698e-04,-3.038161690743437652e-04,-3.038161690743437652e-04,-1.855107314134770704e-05
2.086142094252605439e+00,1.384670588470323369e-04,-1.556642157271177752e-05,-2.841289510600720331e-05,9.981787767994871885e-01,4.298273251431603101e-04,4.298273251431603101e-04,1.384670588470323369e-04,1.100541637410251336e-04,9.978486143082641036e-01,-1.038932982094024804e-05,-1.038932982094024804e-05,2.082191255072379777e-04,-3.045646005752701861e-04,-3.045646005752701861e-04,-1.861804174822603129e-05
2.088444679345599742e+00,1.384412284349115284e-04,-1.560890589849746560e-05,-2.839476495930553417e-05,9.981782150579643353e-01,4.333733905456002263e-04,4.333733905456002263e-04,1.384412284349115284e-04,1.100464634756059942e-04,9.978480756675375263e-01,-6.812463356823741290e-06,-6.812463356823741290e-06,2.081749572157836768e-04,-3.053128551952536632e-04,-3.053128551952536632e-04,-1.868460799576116848e-05
2.090747264438593600e+00,1.384153068008157049e-04,-1.565107684474371973e-05,-2.837659445219784839e-05,9.981776564893936055e-01,4.369098676044975505e-04,4.369098676044975505e-04,1.384153068008157049e-04,1.100387123486178565e-04,9.978475403523477949e-01,-3.244981789973865293e-06,-3.244981789973865293e-06,2.081306447749847613e-04,-3.060609369883471884e-04,-3.060609369883471884e-04,-1.875077261327391412e-05
2.093049849531587459e+00,1.383892944956061977e-04,-1.569293590182154469e-05,-2.835838396231820009e-05,9.981771010782374276e-01,4.404367691030754931e-04,4.404367691030754931e-04,1.383892944956061977e-04,1.100309105332879976e-04,9.978470083466375318e-01,3.131269699234856270e-07,3.131269699234856270e-07,2.080861890483160230e-04,-3.068088500126119945e-04,-3.068088500126119945e-04,-1.881653632794694930e-05
2.095352434624581761e+00,1.383631920691677432e-04,-1.573448455361473676e-05,-2.834013386436302472e-05,9.981765488090267313e-01,4.439541079551523437e-04,4.439541079551523437e-04,1.383631920691677432e-04,1.100230582048047185e-04,9.978464796344123089e-01,3.861875135933449303e-06,3.861875135933449303e-06,2.080415908979910285e-04,-3.075565983300529373e-04,-3.075565983300529373e-04,-1.888189986484787653e-05
2.097655019717575620e+00,1.383370000704112744e-04,-1.577572427753582148e-05,-2.832184453010534210e-05,9.981759996663620571e-01,4.474618972033745463e-04,4.474618972033745463e-04,1.383370000704112744e-04,1.100151555403059323e-04,9.978459541997410920e-01,7.401275042150791842e-06,7.401275042150791842e-06,2.079968511849642604e-04,-3.083041860065547984e-04,-3.083041860065547984e-04,-1.894686394695384814e-05
2.099957604810569922e+00,1.383107190472766042e-04,-1.581665654454271648e-05,-2.830351632840897300e-05,9.981754536349122242e-01,4.509601500174699961e-04,4.509601500174699961e-04,1.383107190472766042e-04,1.100072027188676312e-04,9.978454320267555744e-01,1.093133914199944748e-05,1.093133914199944748e-05,2.079519707689332858e-04,-3.090516171118203774e-04,-3.090516171118203774e-04,-1.901142929517534753e-05
2.102260189903563781e+00,1.382843495467350281e-04,-1.585728281915527578e-05,-2.828514962524257960e-05,9.981749106994148857e-01,4.544488796925057802e-04,4.544488796925057802e-04,1.382843495467350281e-04,1.099991999214924485e-04,9.978449130996503991e-01,1.445208000653600984e-05,1.445208000653600984e-05,2.079069505083408161e-04,-3.097988957193081503e-04,-3.097988957193081503e-04,-1.907559662837980110e-05
2.104562774996558083e+00,1.382578921147918985e-04,-1.589760455947183395e-05,-2.826674478369371941e-05,9.981743708446761953e-01,4.579280996471713980e-04,4.579280996471713980e-04,1.382578921147918985e-04,1.099911473310981791e-04,9.978443974026829366e-01,1.796351032277865791e-05,1.796351032277865791e-05,2.078617912603767401e-04,-3.105460259061720960e-04,-3.105460259061720960e-04,-1.913936666341605069e-05
2.106865360089551942e+00,1.382313472964892542e-04,-1.593762321718583176e-05,-2.824830216398302126e-05,9.981738340555703637e-01,4.613978234220638243e-04,4.613978234220638243e-04,1.382313472964892542e-04,1.099830451325062330e-04,9.978438849201728411e-01,2.146564289203887891e-05,2.146564289203887891e-05,2.078164938809803192e-04,-3.112930117532008187e-04,-3.112930117532008187e-04,-1.920274011513793837e-05
2.109167945182545800e+00,1.382047156359083955e-04,-1.597734023760282452e-05,-2.822982212347826636e-05,9.981733003170391028e-01,4.648580646779984851e-04,4.648580646779984851e-04,1.382047156359083955e-04,1.099748935124301291e-04,9.978433756365018281e-01,2.495849062827795839e-05,2.495849062827795839e-05,2.077710592248418683e-04,-3.120398573447593260e-04,-3.120398573447593260e-04,-1.926571769642845708e-05
2.111470530275540103e+00,1.381779976761723233e-04,-1.601675705965716531e-05,-2.821130501670830672e-05,9.981727696140925143e-01,4.683088371943260877e-04,4.683088371943260877e-04,1.381779976761723233e-04,1.099666926594640166e-04,9.978428695361141187e-01,2.844206655647000777e-05,2.844206655647000777e-05,2.077254881454050324e-04,-3.127865667687302655e-04,-3.127865667687302655e-04,-1.932830011822366740e-05
2.113773115368533961e+00,1.381511939594482060e-04,-1.605587511592884058e-05,-2.819275119537706495e-05,9.981722419318076467e-01,4.717501548672642505e-04,4.717501548672642505e-04,1.381511939594482060e-04,1.099584427640711411e-04,9.978423666035154405e-01,3.191638381097966585e-05,3.191638381097966585e-05,2.076797814948684400e-04,-3.135331441164559193e-04,-3.135331441164559193e-04,-1.939048808953654666e-05
2.116075700461528264e+00,1.381243050269499273e-04,-1.609469583266072589e-05,-2.817416100837762886e-05,9.981717172553290496e-01,4.751820317082484316e-04,4.751820317082484316e-04,1.381243050269499273e-04,1.099501440185722984e-04,9.978418668232733602e-01,3.538145563395923122e-05,3.538145563395923122e-05,2.076339401241876004e-04,-3.142795934826826936e-04,-3.142795934826826936e-04,-1.945228231748144103e-05
2.118378285554522122e+00,1.380973314189404711e-04,-1.613322062977553674e-05,-2.815553480180619703e-05,9.981711955698683303e-01,4.786044818422879529e-04,4.786044818422879529e-04,1.380973314189404711e-04,1.099417966171342741e-04,9.978413701800169511e-01,3.883729537375084308e-05,3.883729537375084308e-05,2.075879648830768827e-04,-3.150259189655040351e-04,-3.150259189655040351e-04,-1.951368350729751824e-05
2.120680870647516425e+00,1.380702736747341718e-04,-1.617145092089286414e-05,-2.813687291897578040e-05,9.981706768607038205e-01,4.820175195063452806e-04,4.820175195063452806e-04,1.380702736747341718e-04,1.099334007557583914e-04,9.978408766584365708e-01,4.228391648331172159e-05,4.228391648331172159e-05,2.075418566200111145e-04,-3.157721246663062749e-04,-3.157721246663062749e-04,-1.957469236237294861e-05
2.122983455740510284e+00,1.380431323326993432e-04,-1.620938811334660308e-05,-2.811817570043047309e-05,9.981701611131805763e-01,4.854211590477184495e-04,4.854211590477184495e-04,1.380431323326993432e-04,1.099249566322688701e-04,9.978403862432837501e-01,4.572133251864298956e-05,4.572133251864298956e-05,2.074956161822273713e-04,-3.165182146897136599e-04,-3.165182146897136599e-04,-1.963530958426922508e-05
2.125286040833504142e+00,1.380159079302602839e-04,-1.624703360820213042e-05,-2.809944348395901847e-05,9.981696483127098229e-01,4.888154149224466357e-04,4.888154149224466357e-04,1.380159079302602839e-04,1.099164644463012654e-04,9.978398989193709712e-01,4.914955713724162141e-05,4.914955713724162141e-05,2.074492444157267923e-04,-3.172641931435355518e-04,-3.172641931435355518e-04,-1.969553587274454475e-05
2.127588625926498445e+00,1.379886010038998260e-04,-1.628438880027368601e-05,-2.808067660460884958e-05,9.981691384447693993e-01,4.922003016937234266e-04,4.922003016937234266e-04,1.379886010038998260e-04,1.099079243992909764e-04,9.978394146715715562e-01,5.256860409655950736e-05,5.256860409655950736e-05,2.074027421652760439e-04,-3.180100641387135726e-04,-3.180100641387135726e-04,-1.975537192577865399e-05
2.129891211019492303e+00,1.379612120891614486e-04,-1.632145507814167581e-05,-2.806187539469983143e-05,9.981686314949026473e-01,4.955758340303218542e-04,4.955758340303218542e-04,1.379612120891614486e-04,1.098993366944616171e-04,9.978389334848192238e-01,5.597848725247538560e-05,5.597848725247538560e-05,2.073561102744091091e-04,-3.187558317892689660e-04,-3.187558317892689660e-04,-1.981481843959597585e-05
2.132193796112486606e+00,1.379337417206515548e-04,-1.635823382417030721e-05,-2.804304018383811160e-05,9.981681274487188560e-01,4.989420267050406798e-04,4.989420267050406798e-04,1.379337417206515548e-04,1.098907015368134432e-04,9.978384553441084215e-01,5.937922055778687975e-05,5.937922055778687975e-05,2.073093495854287779e-04,-3.195015002122529959e-04,-3.195015002122529959e-04,-1.987387610869025873e-05
2.134496381205480464e+00,1.379061904320416675e-04,-1.639472641452523096e-05,-2.802417129892987614e-05,9.981676262918929288e-01,5.022988945931530086e-04,5.022988945931530086e-04,1.379061904320416675e-04,1.098820191331117914e-04,9.978379802344935490e-01,6.277081806070578885e-05,6.277081806070578885e-05,2.072624609394082195e-04,-3.202470735276949582e-04,-3.202470735276949582e-04,-1.993254562584845593e-05
2.136798966298474767e+00,1.378785587560705974e-04,-1.643093421919084439e-05,-2.800526906419514600e-05,9.981671280101647170e-01,5.056464526708784324e-04,5.056464526708784324e-04,1.378785587560705974e-04,1.098732896918754514e-04,9.978375081410890690e-01,6.615329390337668092e-05,6.615329390337668092e-05,2.072154451761925003e-04,-3.209925558585542053e-04,-3.209925558585542053e-04,-1.999082768217454420e-05
2.139101551391468625e+00,1.378508472245465303e-04,-1.646685860198816718e-05,-2.798633380118143799e-05,9.981666325893395753e-01,5.089847160138589663e-04,5.089847160138589663e-04,1.378508472245465303e-04,1.098645134233650923e-04,9.978370390490695074e-01,6.952666232039861045e-05,6.952666232039861045e-05,2.071683031343999389e-04,-3.217379513306699475e-04,-3.217379513306699475e-04,-2.004872296711379293e-05
2.141404136484462484e+00,1.378230563683491955e-04,-1.650250092059258840e-05,-2.796736582877753412e-05,9.981661400152873620e-01,5.123136997956551520e-04,5.123136997956551520e-04,1.378230563683491955e-04,1.098556905395716614e-04,9.978365729436686760e-01,7.289093763736851988e-05,7.289093763736851988e-05,2.071210356514236784e-04,-3.224832640727143067e-04,-3.224832640727143067e-04,-2.010623216847676572e-05
2.143706721577456786e+00,1.377951867174318174e-04,-1.653786252655157970e-05,-2.794836546322708839e-05,9.981656502739427728e-01,5.156334192862510515e-04,5.156334192862510515e-04,1.377951867174318174e-04,1.098468212542047290e-04,9.978361098101801163e-01,7.624613426943217624e-05,7.624613426943217624e-05,2.070736435634329062e-04,-3.232284982161446663e-04,-3.232284982161446663e-04,-2.016335597246306433e-05
2.146009306670450645e+00,1.377672388008233649e-04,-1.657294476530254729e-05,-2.792933301814240965e-05,9.981651633513048960e-01,5.189438898505706246e-04,5.189438898505706246e-04,1.377672388008233649e-04,1.098379057826809552e-04,9.978356496339568782e-01,7.959226671984685796e-05,7.959226671984685796e-05,2.070261277053743443e-04,-3.239736578951567247e-04,-3.239736578951567247e-04,-2.022009506368584189e-05
2.148311891763444947e+00,1.377392131466303408e-04,-1.660774897619076879e-05,-2.791026880451798707e-05,9.981646792334368801e-01,5.222451269470130804e-04,5.222451269470130804e-04,1.377392131466303408e-04,1.098289443421123537e-04,9.978351924004105200e-01,8.292934957856365203e-05,8.292934957856365203e-05,2.069784889109733885e-04,-3.247187472466395554e-04,-3.247187472466395554e-04,-2.027645012519529953e-05
2.150614476856438806e+00,1.377111102820387874e-04,-1.664227649248730287e-05,-2.789117313074398845e-05,9.981641979064661552e-01,5.255371461259916981e-04,5.255371461259916981e-04,1.377111102820387874e-04,1.098199371512947989e-04,9.978347380950122192e-01,8.625739752081244827e-05,8.625739752081244827e-05,2.069307280127355170e-04,-3.254637704101296367e-04,-3.254637704101296367e-04,-2.033242183850306404e-05
2.152917061949432664e+00,1.376829307333164005e-04,-1.667652864140699377e-05,-2.787204630262016508e-05,9.981637193565833233e-01,5.288199630284944400e-04,5.288199630284944400e-04,1.376829307333164005e-04,1.098108844306962354e-04,9.978342867032912178e-01,8.957642530570945774e-05,8.957642530570945774e-05,2.068828458419473754e-04,-3.262087315277674296e-04,-3.262087315277674296e-04,-2.038801088360628084e-05
2.155219647042426967e+00,1.376546750258142101e-04,-1.671050674412661135e-05,-2.785288862336903837e-05,9.981632435700432682e-01,5.320935933846508530e-04,5.320935933846508530e-04,1.376546750258142101e-04,1.098017864024451718e-04,9.978338382108359328e-01,9.288644777487013878e-05,9.288644777487013878e-05,2.068348432286779416e-04,-3.269536347442535216e-04,-3.269536347442535216e-04,-2.044321793901120217e-05
2.157522232135420825e+00,1.376263436839685864e-04,-1.674421211580296747e-05,-2.783370039364962858e-05,9.981627705331636013e-01,5.353580530123108966e-04,5.353580530123108966e-04,1.376263436839685864e-04,1.097926432903189578e-04,9.978333926032926238e-01,9.618747985103509265e-05,9.618747985103509265e-05,2.067867210017798542e-04,-3.276984842068049876e-04,-3.276984842068049876e-04,-2.049804368175757148e-05
2.159824817228415128e+00,1.375979372313030822e-04,-1.677764606559081545e-05,-2.781448191157095311e-05,9.981623002323252170e-01,5.386133578156427444e-04,5.386133578156427444e-04,1.375979372313030822e-04,1.097834553197321291e-04,9.978329498663660591e-01,9.947953653671424165e-05,9.947953653671424165e-05,2.067384799888901986e-04,-3.284432840651147867e-04,-3.284432840651147867e-04,-2.055248878744252668e-05
2.162127402321408987e+00,1.375694561904302498e-04,-1.681080989666147466e-05,-2.779523347270544350e-05,9.981618326539721808e-01,5.418595237837328616e-04,5.418595237837328616e-04,1.375694561904302498e-04,1.097742227177248063e-04,9.978325099858189606e-01,1.027626329128336364e-04,1.027626329128336364e-04,2.066901210164318080e-04,-3.291880384713086107e-04,-3.291880384713086107e-04,-2.060655393024462878e-05
2.164429987414403289e+00,1.375409010830532669e-04,-1.684370490622061142e-05,-2.777595537010230824e-05,9.981613677846105093e-01,5.450965669892087438e-04,5.450965669892087438e-04,1.375409010830532669e-04,1.097649457129509586e-04,9.978320729474716710e-01,1.060367841374048822e-04,1.060367841374048822e-04,2.066416449096141307e-04,-3.299327515799058532e-04,-3.299327515799058532e-04,-2.066023978294778210e-05
2.166732572507397148e+00,1.375122724299679422e-04,-1.687633238552700246e-05,-2.775664789430116661e-05,9.981609056108093903e-01,5.483245035868630638e-04,5.483245035868630638e-04,1.375122724299679422e-04,1.097556245356667756e-04,9.978316387372023755e-01,1.093020054441959209e-04,1.093020054441959209e-04,2.065930524924342601e-04,-3.306774275477780841e-04,-3.306774275477780841e-04,-2.071354701696522226e-05
2.169035157600391006e+00,1.374835707510642607e-04,-1.690869361991052255e-05,-2.773731133334526237e-05,9.981604461191997402e-01,5.515433498122998286e-04,5.515433498122998286e-04,1.374835707510642607e-04,1.097462594177189984e-04,9.978312073409465466e-01,1.125583121414238757e-04,1.125583121414238757e-04,2.065443445876778293e-04,-3.314220705341108862e-04,-3.314220705341108862e-04,-2.076647630236388699e-05
2.171337742693385309e+00,1.374547965653280643e-04,-1.694078988879073514e-05,-2.771794597279485369e-05,9.981599892964746479e-01,5.547531219805856319e-04,5.547531219805856319e-04,1.374547965653280643e-04,1.097368505925332106e-04,9.978307787446970556e-01,1.158057196104527353e-04,1.158057196104527353e-04,2.064955220169198511e-04,-3.321666847003647695e-04,-3.321666847003647695e-04,-2.081902830788756722e-05
2.173640327786379167e+00,1.374259503908428130e-04,-1.697262246569512394e-05,-2.769855209574064369e-05,9.981595351293889307e-01,5.579538364849125076e-04,5.579538364849125076e-04,1.374259503908428130e-04,1.097273982951021693e-04,9.978303529345036171e-01,1.190442433045038438e-04,1.190442433045038438e-04,2.064465856005256669e-04,-3.329112742102367903e-04,-3.329112742102367903e-04,-2.087120370098167099e-05
2.175942912879373470e+00,1.373970327447911308e-04,-1.700419261827783939e-05,-2.767912998281704836e-05,9.981590836047589121e-01,5.611455097952795399e-04,5.611455097952795399e-04,1.373970327447911308e-04,1.097179027619740824e-04,9.978299298964730113e-01,1.222738987473831831e-04,1.222738987473831831e-04,2.063975361576515701e-04,-3.336558432296243934e-04,-3.336558432296243934e-04,-2.092300314781708601e-05
2.178245497972367328e+00,1.373680441434564040e-04,-1.703550160833800818e-05,-2.765967991221545091e-05,9.981586347094624223e-01,5.643281584571758830e-04,5.643281584571758830e-04,1.373680441434564040e-04,1.097083642312409531e-04,9.978295096167687506e-01,1.254947015322120977e-04,1.254947015322120977e-04,2.063483745062457818e-04,-3.344003959265875732e-04,-3.344003959265875732e-04,-2.097442731331358490e-05
2.180548083065361631e+00,1.373389851022242727e-04,-1.706655069183819179e-05,-2.764020215969740200e-05,9.981581884304381314e-01,5.675017990902860065e-04,5.675017990902860065e-04,1.373389851022242727e-04,1.096987829425268707e-04,9.978290920816105247e-01,1.287066673201785509e-04,1.287066673201785509e-04,2.062991014630489658e-04,-3.351449364713142334e-04,-3.351449364713142334e-04,-2.102547686116426037e-05
2.182850668158355489e+00,1.373098561355843650e-04,-1.709734111892319058e-05,-2.762069699860809089e-05,9.981577447546857718e-01,5.706664483871960259e-04,5.706664483871960259e-04,1.373098561355843650e-04,1.096891591369762741e-04,9.978286772772748670e-01,1.319098118392909023e-04,1.319098118392909023e-04,2.062497178435950419e-04,-3.358894690360837037e-04,-3.358894690360837037e-04,-2.107615245385945565e-05
2.185153253251349348e+00,1.372806577571315714e-04,-1.712787413393863451e-05,-2.760116469988931520e-05,9.981573036692656942e-01,5.738221231121204153e-04,5.738221231121204153e-04,1.372806577571315714e-04,1.096794930572422562e-04,9.978282651900939326e-01,1.351041508831513636e-04,1.351041508831513636e-04,2.062002244622117546e-04,-3.366339977952331839e-04,-3.366339977952331839e-04,-2.112645475271046440e-05
2.187455838344343650e+00,1.372513904795675350e-04,-1.715815097544939760e-05,-2.758160553209266759e-05,9.981568651612986454e-01,5.769688400996352256e-04,5.769688400996352256e-04,1.372513904795675350e-04,1.096697849474748674e-04,9.978278558064561654e-01,1.382897003097357017e-04,1.382897003097357017e-04,2.061506221320211891e-04,-3.373785269251234828e-04,-3.373785269251234828e-04,-2.117638441787352891e-05
2.189758423437337509e+00,1.372220548147022514e-04,-1.718817287625862235e-05,-2.756201976139291204e-05,9.981564292179655462e-01,5.801066162534207352e-04,5.801066162534207352e-04,1.372220548147022514e-04,1.096600350533093394e-04,9.978274491128056312e-01,1.414664760401833506e-04,1.414664760401833506e-04,2.061009116649404477e-04,-3.381230606041052997e-04,-3.381230606041052997e-04,-2.122594210837365863e-05
2.192061008530331812e+00,1.371926512734552607e-04,-1.721794106342618497e-05,-2.754240765160084520e-05,9.981559958265076027e-01,5.832354685450229659e-04,5.832354685450229659e-04,1.371926512734552607e-04,1.096502436218544155e-04,9.978270450956420179e-01,1.446344940576053039e-04,1.446344940576053039e-04,2.060510938716821115e-04,-3.388676030124875113e-04,-3.388676030124875113e-04,-2.127512848212891291e-05
2.194363593623325670e+00,1.371631803658571386e-04,-1.724745675828752669e-05,-2.752276946417656436e-05,9.981555649742255287e-01,5.863554140126162832e-04,5.863554140126162832e-04,1.371631803658571386e-04,1.096404109016805743e-04,9.978266437415205248e-01,1.477937704058939589e-04,1.477937704058939589e-04,2.060011695617546467e-04,-3.396121583325043209e-04,-3.396121583325043209e-04,-2.132394419597355892e-05
2.196666178716319529e+00,1.371336426010507975e-04,-1.727672117647252904e-05,-2.750310545824246429e-05,9.981551366484797683e-01,5.894664697597861618e-04,5.894664697597861618e-04,1.371336426010507975e-04,1.096305371428083332e-04,9.978262450370513070e-01,1.509443211885528019e-04,1.509443211885528019e-04,2.059511395434628653e-04,-3.403567307482845204e-04,-3.403567307482845204e-04,-2.137238990568262199e-05
2.198968763809313831e+00,1.371040384872927330e-04,-1.730573552792424676e-05,-2.748341589059627476e-05,9.981547108366898291e-01,5.925686529543173738e-04,5.925686529543173738e-04,1.371040384872927330e-04,1.096206225966964582e-04,9.978258489688996979e-01,1.540861625675315680e-04,1.540861625675315680e-04,2.059010046239083045e-04,-3.411013244458208625e-04,-3.411013244458208625e-04,-2.142046626599530444e-05
2.201271348902307690e+00,1.370743685319544337e-04,-1.733450101691768491e-05,-2.746370101572417942e-05,9.981542875263347270e-01,5.956619808269925835e-04,5.956619808269925835e-04,1.370743685319544337e-04,1.096106675162302542e-04,9.978254555237859869e-01,1.572193107620715666e-04,1.572193107620715666e-04,2.058507656089895521e-04,-3.418459436129392143e-04,-3.418459436129392143e-04,-2.146817393063886847e-05
2.203573933995301992e+00,1.370446332415234381e-04,-1.736301884207881979e-05,-2.744396108581365003e-05,9.981538667049520974e-01,5.987464706704080739e-04,5.987464706704080739e-04,1.370446332415234381e-04,1.096006721557097881e-04,9.978250646884849751e-01,1.603437820475688675e-04,1.603437820475688675e-04,2.058004233034025721e-04,-3.425905924392701521e-04,-3.425905924392701521e-04,-2.151551355235276308e-05
2.205876519088295851e+00,1.370148331216047442e-04,-1.739129019640340648e-05,-2.742419635076655173e-05,9.981534483601383068e-01,6.018221398377907733e-04,6.018221398377907733e-04,1.370148331216047442e-04,1.095906367708381925e-04,9.978246764498257537e-01,1.634595927544379491e-04,1.634595927544379491e-04,2.057499785106408664e-04,-3.433352751162193077e-04,-3.433352751162193077e-04,-2.156248578291179211e-05
2.208179104181290153e+00,1.369849686769217853e-04,-1.741931626727594222e-05,-2.740440705821200443e-05,9.981530324795482301e-01,6.048890057418360991e-04,6.048890057418360991e-04,1.369849686769217853e-04,1.095805616187097808e-04,9.978242907946921481e-01,1.665667592669969486e-04,1.665667592669969486e-04,2.056994320329958012e-04,-3.440799958369398300e-04,-3.440799958369398300e-04,-2.160909127315045457e-05
2.210481689274284012e+00,1.369550404113177035e-04,-1.744709823648856199e-05,-2.738459345351927123e-05,9.981526190508951402e-01,6.079470858535466690e-04,6.079470858535466690e-04,1.369550404113177035e-04,1.095704469577984323e-04,9.978239077100217180e-01,1.696652980223528856e-04,1.696652980223528856e-04,2.056487846715566602e-04,-3.448247587963041956e-04,-3.448247587963041956e-04,-2.165533067298646504e-05
2.212784274367277870e+00,1.369250488277564076e-04,-1.747463728026005275e-05,-2.736475577981068753e-05,9.981522080619500414e-01,6.109963977010899857e-04,6.109963977010899857e-04,1.369250488277564076e-04,1.095602930479457201e-04,9.978235271828062025e-01,1.727552255093071053e-04,1.727552255093071053e-04,2.055980372262108350e-04,-3.455695681908777005e-04,-3.455695681908777005e-04,-2.170120463144429443e-05
2.215086859460272173e+00,1.368949944283236837e-04,-1.750193456925493195e-05,-2.734489427797452243e-05,9.981517995005418920e-01,6.140369588686613251e-04,6.140369588686613251e-04,1.368949944283236837e-04,1.095501001503491613e-04,9.978231492000908531e-01,1.758365582672646529e-04,1.758365582672646529e-04,2.055471904956439062e-04,-3.463144282188920591e-04,-3.463144282188920591e-04,-2.174671379667938835e-05
2.217389444553266031e+00,1.368648777142282254e-04,-1.752899126860239405e-05,-2.732500918667775868e-05,9.981513933545572703e-01,6.170687869953563835e-04,6.170687869953563835e-04,1.368648777142282254e-04,1.095398685275504667e-04,9.978227737489746563e-01,1.789093128851545708e-04,1.789093128851545708e-04,2.054962452773396705e-04,-3.470593430802190586e-04,-3.470593430802190586e-04,-2.179185881600119622e-05
2.219692029646260334e+00,1.368346991858026369e-04,-1.755580853791516199e-05,-2.730510074237889990e-05,9.981509896119401537e-01,6.200918997740611626e-04,6.200918997740611626e-04,1.368346991858026369e-04,1.095295984434237370e-04,9.978224008166098891e-01,1.819735060003661875e-04,1.819735060003661875e-04,2.054452023675800592e-04,-3.478043169763462726e-04,-3.478043169763462726e-04,-2.183664033589731511e-05
2.221994614739254192e+00,1.368044593425045169e-04,-1.758238753130908082e-05,-2.728516917934084541e-05,9.981505882606913627e-01,6.231063149503414215e-04,6.231063149503414215e-04,1.368044593425045169e-04,1.095192901631636715e-04,9.978220303902018973e-01,1.850291542976866812e-04,1.850291542976866812e-04,2.053940625614452742e-04,-3.485493541103515283e-04,-3.485493541103515283e-04,-2.188105900205704742e-05
2.224297199832248495e+00,1.367741586829171907e-04,-1.760872939742145763e-05,-2.726521472964339927e-05,9.981501892888692273e-01,6.261120503213537039e-04,6.261120503213537039e-04,1.367741586829171907e-04,1.095089439532737915e-04,9.978216624570094284e-01,1.880762745082585109e-04,1.880762745082585109e-04,2.053428266528134624e-04,-3.492944586868798672e-04,-3.492944586868798672e-04,-2.192511545939466718e-05
2.226599784925242353e+00,1.367437977047509026e-04,-1.763483527943095669e-05,-2.724523762319626711e-05,9.981497926845882551e-01,6.291091237347559316e-04,6.291091237347559316e-04,1.367437977047509026e-04,1.094985600815546355e-04,9.978212970043436325e-01,1.911148834085373894e-04,1.911148834085373894e-04,2.052914954343608509e-04,-3.500396349121190961e-04,-3.500396349121190961e-04,-2.196881035207356048e-05
2.228902370018236212e+00,1.367133769048434937e-04,-1.766070631507606471e-05,-2.722523808775152449e-05,9.981493984360196858e-01,6.320975530876369718e-04,6.320975530876369718e-04,1.367133769048434937e-04,1.094881388170919692e-04,9.978209340195683952e-01,1.941449978192691492e-04,1.941449978192691492e-04,2.052400696975613143e-04,-3.507848869937777781e-04,-3.507848869937777781e-04,-2.201214432352924786e-05
2.231204955111230515e+00,1.366828967791613504e-04,-1.768634363667463027e-05,-2.720521634891638336e-05,9.981490065313909366e-01,6.350773563254506499e-04,6.350773563254506499e-04,1.366828967791613504e-04,1.094776804302449670e-04,9.978205734901002266e-01,1.971666346044707277e-04,1.971666346044707277e-04,2.051885502326863194e-04,-3.515302191410627354e-04,-3.515302191410627354e-04,-2.205511801649322993e-05
2.233507540204224373e+00,1.366523578228002718e-04,-1.771174837114285422e-05,-2.718517263016580947e-05,9.981486169589857127e-01,6.380485514409589770e-04,6.380485514409589770e-04,1.366523578228002718e-04,1.094671851926344624e-04,9.978202154034078175e-01,2.001798106704211276e-04,2.001798106704211276e-04,2.051369378288046548e-04,-3.522756355646568770e-04,-3.522756355646568770e-04,-2.209773207301647731e-05
2.235810125297218676e+00,1.366217605299861477e-04,-1.773692164001448691e-05,-2.716510715285511265e-05,9.981482297071433418e-01,6.410111564731917500e-04,6.410111564731917500e-04,1.366217605299861477e-04,1.094566533771310351e-04,9.978198597470119280e-01,2.031845429646676098e-04,2.031845429646676098e-04,2.050852332737819971e-04,-3.530211404766988160e-04,-3.530211404766988160e-04,-2.213998713449264613e-05
2.238112710390212534e+00,1.365911053940758524e-04,-1.776186455945995754e-05,-2.714502013623252359e-05,9.981478447642588847e-01,6.439651895064071267e-04,6.439651895064071267e-04,1.365911053940758524e-04,1.094460852578433289e-04,9.978195065084853876e-01,2.061808484750338383e-04,2.061808484750338383e-04,2.050334373542807753e-04,-3.537667380907614026e-04,-3.537667380907614026e-04,-2.218188384168182542e-05
2.240415295483206393e+00,1.365603929075579230e-04,-1.778657824030582203e-05,-2.712491179745182477e-05,9.981474621187828022e-01,6.469106686690698736e-04,6.469106686690698736e-04,1.365603929075579230e-04,1.094354811101060982e-04,9.978191556754524294e-01,2.091687442286454537e-04,2.091687442286454537e-04,2.049815508557596016e-04,-3.545124326218326415e-04,-3.545124326218326415e-04,-2.222342283473390846e-05
2.242717880576200695e+00,1.365296235620531821e-04,-1.781106378805363832e-05,-2.710478235158468325e-05,9.981470817592206224e-01,6.498476121328340595e-04,6.498476121328340595e-04,1.365296235620531821e-04,1.094248412104684989e-04,9.978188072355892446e-01,2.121482472909600099e-04,2.121482472909600099e-04,2.049295745624729733e-04,-3.552582282862956891e-04,-3.552582282862956891e-04,-2.226460475321164899e-05
2.245020465669194554e+00,1.364987978483155789e-04,-1.783532230289935327e-05,-2.708463201163337653e-05,9.981467036741331622e-01,6.527760381115351807e-04,6.527760381115351807e-04,1.364987978483155789e-04,1.094141658366822023e-04,9.978184611766230949e-01,2.151193747648063985e-04,2.151193747648063985e-04,2.048775092574707307e-04,-3.560041293019096083e-04,-3.560041293019096083e-04,-2.230543023611440527e-05
2.247323050762188856e+00,1.364679162562326491e-04,-1.785935487975253707e-05,-2.706446098854307111e-05,9.981463278521357507e-01,6.556959648601976822e-04,6.556959648601976822e-04,1.364679162562326491e-04,1.094034552676895780e-04,9.978181174863326452e-01,2.180821437894393431e-04,2.180821437894393431e-04,2.048253557225975148e-04,-3.567501398877917507e-04,-3.567501398877917507e-04,-2.234589992190115902e-05
2.249625635855182715e+00,1.364369792748262476e-04,-1.788316260825557021e-05,-2.704426949121433148e-05,9.981459542818981179e-01,6.586074106740428050e-04,6.586074106740428050e-04,1.364369792748262476e-04,1.093927097836119161e-04,9.978177761525472977e-01,2.210365715395950863e-04,2.210365715395950863e-04,2.047731147384923068e-04,-3.574962642643992163e-04,-3.574962642643992163e-04,-2.238601444851395455e-05
2.251928220948177017e+00,1.364059873922530356e-04,-1.790674657280307106e-05,-2.702405772651554779e-05,9.981455829521448386e-01,6.615103938875149716e-04,6.615103938875149716e-04,1.364059873922530356e-04,1.093819296657374878e-04,9.978174371631476358e-01,2.239826752245650473e-04,2.239826752245650473e-04,2.047207870845877504e-04,-3.582425066535121572e-04,-3.582425066535121572e-04,-2.242577445340106676e-05
2.254230806041170876e+00,1.363749410958051589e-04,-1.793010785256093378e-05,-2.700382589929534996e-05,9.981452138516543338e-01,6.644049328733095828e-04,6.644049328733095828e-04,1.363749410958051589e-04,1.093711151965098089e-04,9.978171005060647580e-01,2.269204720872703199e-04,2.269204720872703199e-04,2.046683735391095825e-04,-3.589888712782162133e-04,-3.589888712782162133e-04,-2.246518057354024377e-05
2.256533391134164734e+00,1.363438408719106268e-04,-1.795324752148574229e-05,-2.698357421239488626e-05,9.981448469692586478e-01,6.672910460414159918e-04,6.672910460414159918e-04,1.363438408719106268e-04,1.093602666595157406e-04,9.978167661692800561e-01,2.298499794033530567e-04,2.298499794033530567e-04,2.046158748790758201e-04,-3.597353623628870623e-04,-3.597353623628870623e-04,-2.250423344546186136e-05
2.258835976227159037e+00,1.363126872061338004e-04,-1.797616664834397084e-05,-2.696330286666011550e-05,9.981444822938438932e-01,6.701687518381670931e-04,6.701687518381670931e-04,1.363126872061338004e-04,1.093493843394736849e-04,9.978164341408254367e-01,2.327712144802724075e-04,2.327712144802724075e-04,2.045632918802961909e-04,-3.604819841331744824e-04,-3.604819841331744824e-04,-2.254293370527191490e-05
2.261138561320152895e+00,1.362814805831759888e-04,-1.799886629673133024e-05,-2.694301206095428883e-05,9.981441198143496951e-01,6.730380687452951986e-04,6.730380687452951986e-04,1.362814805831759888e-04,1.093384685222217000e-04,9.978161044087829890e-01,2.356841946564083986e-04,2.356841946564083986e-04,2.045106253173712937e-04,-3.612287408159864681e-04,-3.612287408159864681e-04,-2.258128198867530252e-05
2.263441146413147198e+00,1.362502214868756658e-04,-1.802134752509209712e-05,-2.692270199217001157e-05,9.981437595197685253e-01,6.758990152790041780e-04,6.758990152790041780e-04,1.362502214868756658e-04,1.093275194947056542e-04,9.978157769612844286e-01,2.385889373001815340e-04,2.385889373001815340e-04,2.044578759636917571e-04,-3.619756366394755154e-04,-3.619756366394755154e-04,-2.261927893099871878e-05
2.265743731506141057e+00,1.362189104002090392e-04,-1.804361138673825691e-05,-2.690237285524158949e-05,9.981434013991464793e-01,6.787516099890420320e-04,6.787516099890420320e-04,1.362189104002090392e-04,1.093165375449674497e-04,9.978154517865115425e-01,2.414854598091722331e-04,2.414854598091722331e-04,2.044050445914374816e-04,-3.627226758330236059e-04,-3.627226758330236059e-04,-2.265692516721369053e-05
2.268046316599135359e+00,1.361875478052903220e-04,-1.806565892986897542e-05,-2.688202484315728035e-05,9.981430454415821663e-01,6.815958714577904877e-04,6.815958714577904877e-04,1.361875478052903220e-04,1.093055229621330417e-04,9.978151288726957446e-01,2.443737796092583211e-04,2.443737796092583211e-04,2.043521319715766089e-04,-3.634698626272293040e-04,-3.634698626272293040e-04,-2.269422133195965688e-05
2.270348901692129218e+00,1.361561341833720303e-04,-1.808749119758985361e-05,-2.686165814697135561e-05,9.981426916362267088e-01,6.844318182993550277e-04,6.844318182993550277e-04,1.361561341833720303e-04,1.092944760364006747e-04,9.978148082081175207e-01,2.472539141537523832e-04,2.472539141537523832e-04,2.042991388738647361e-04,-3.642172012538937172e-04,-3.642172012538937172e-04,-2.273116805956657484e-05
2.272651486785123076e+00,1.361246700148453900e-04,-1.810910922793218568e-05,-2.684127295581640617e-05,9.981423399722838541e-01,6.872594691586724836e-04,6.872594691586724836e-04,1.361246700148453900e-04,1.092833970590289839e-04,9.978144897811067615e-01,2.501258809225565482e-04,2.501258809225565482e-04,2.042460660668437775e-04,-3.649646959460085154e-04,-3.649646959460085154e-04,-2.276776598407813815e-05
2.274954071878117379e+00,1.360931557792404995e-04,-1.813051405387237992e-05,-2.682086945691536340e-05,9.981419904390095299e-01,6.900788427106204718e-04,6.900788427106204718e-04,1.360931557792404995e-04,1.092722863223251361e-04,9.978141735800425405e-01,2.529896974213199272e-04,2.529896974213199272e-04,2.041929143178411237e-04,-3.657123509377437336e-04,-3.657123509377437336e-04,-2.280401573927430837e-05
2.277256656971111237e+00,1.360615919552266549e-04,-1.815170670335107786e-05,-2.680044783559365582e-05,9.981416430257115113e-01,6.928899576591370218e-04,6.928899576591370218e-04,1.360615919552266549e-04,1.092611441196329991e-04,9.978138595933525590e-01,2.558453811806049713e-04,2.558453811806049713e-04,2.041396843929684500e-04,-3.664601704644352494e-04,-3.664601704644352494e-04,-2.283991795869430336e-05
2.279559242064105540e+00,1.360299790206124582e-04,-1.817268819929278854e-05,-2.678000827529124369e-05,9.981412977217494209e-01,6.956928327363528890e-04,6.956928327363528890e-04,1.360299790206124582e-04,1.092499707453212145e-04,9.978135478095134792e-01,2.586929497550680850e-04,2.586929497550680850e-04,2.040863770571205767e-04,-3.672081587625747540e-04,-3.672081587625747540e-04,-2.287547327565924693e-05
2.281861827157099398e+00,1.359983174523460346e-04,-1.819345955962480783e-05,-2.675955095757468079e-05,9.981409545165348396e-01,6.984874867017252771e-04,6.984874867017252771e-04,1.359983174523460346e-04,1.092387664947713538e-04,9.978132382170504799e-01,2.615324207226398618e-04,2.615324207226398618e-04,2.040329930739745489e-04,-3.679563200697979347e-04,-3.679563200697979347e-04,-2.291068232329454408e-05
2.284164412250093257e+00,1.359666077265152490e-04,-1.821402179729682554e-05,-2.673907606214917618e-05,9.981406133995298635e-01,7.012739383411873903e-04,7.012739383411873903e-04,1.359666077265152490e-04,1.092275316643660728e-04,9.978129308045368129e-01,2.643638116837230450e-04,2.643638116837230450e-04,2.039795332059881174e-04,-3.687046586248752048e-04,-3.687046586248752048e-04,-2.294554573455310663e-05
2.286466997343087559e+00,1.359348503183476788e-04,-1.823437592030023100e-05,-2.671858376687049328e-05,9.981402743602485472e-01,7.040522064663009118e-04,7.040522064663009118e-04,1.359348503183476788e-04,1.092162665514771855e-04,9.978126255605941353e-01,2.671871402603921697e-04,2.671871402603921697e-04,2.039259982143988451e-04,-3.694531786677015118e-04,-3.694531786677015118e-04,-2.298006414223740656e-05
2.288769582436081418e+00,1.359030457022108855e-04,-1.825452293168736782e-05,-2.669807424775705231e-05,9.981399373882556825e-01,7.068223099134180246e-04,7.068223099134180246e-04,1.359030457022108855e-04,1.092049714544538331e-04,9.978123224738922881e-01,2.700024240956026920e-04,2.700024240956026920e-04,2.038723888592225615e-04,-3.702018844392865262e-04,-3.702018844392865262e-04,-2.301423817902216296e-05
2.291072167529075720e+00,1.358711943516122242e-04,-1.827446382959063616e-05,-2.667754767900165321e-05,9.981396024731663541e-01,7.095842675428551405e-04,7.095842675428551405e-04,1.358711943516122242e-04,1.091936466726105710e-04,9.978120215331485188e-01,2.728096808524129108e-04,2.728096808524129108e-04,2.038187058992522245e-04,-3.709507801817470509e-04,-3.709507801817470509e-04,-2.304806847747687990e-05
2.293374752622069579e+00,1.358392967391991153e-04,-1.829419960724219812e-05,-2.665700423298360516e-05,9.981392696046467172e-01,7.123380982380685816e-04,7.123380982380685816e-04,1.358392967391991153e-04,1.091822925062155102e-04,9.978117227271280365e-01,2.756089282132065410e-04,2.756089282132065410e-04,2.037649500920564840e-04,-3.716998701382972104e-04,-3.716998701382972104e-04,-2.308155567008809283e-05
2.295677337715063882e+00,1.358073533367588816e-04,-1.831373125299299532e-05,-2.663644408028046306e-05,9.981389387724128870e-01,7.150838209048455485e-04,7.150838209048455485e-04,1.358073533367588816e-04,1.091709092564784186e-04,9.978114260446434569e-01,2.784001838789318742e-04,2.784001838789318742e-04,2.037111221939783261e-04,-3.724491585532421073e-04,-3.724491585532421073e-04,-2.311470038928177100e-05
2.297979922808057740e+00,1.357753646152187754e-04,-1.833305975033219337e-05,-2.661586738967991310e-05,9.981386099662311606e-01,7.178214544704957390e-04,7.178214544704957390e-04,1.357753646152187754e-04,1.091594972255388623e-04,9.978111314745545801e-01,2.811834655683402898e-04,2.811834655683402898e-04,2.036572229601335830e-04,-3.731986496719687696e-04,-3.731986496719687696e-04,-2.314750326744588574e-05
2.300282507901051599e+00,1.357433310446458700e-04,-1.835218607790639600e-05,-2.659527432819159057e-05,9.981382831759181284e-01,7.205510178830581459e-04,7.205510178830581459e-04,1.357433310446458700e-04,1.091480567164542794e-04,9.978108390057687238e-01,2.839587910172410826e-04,2.839587910172410826e-04,2.036032531444094960e-04,-3.739483477409406213e-04,-3.739483477409406213e-04,-2.317996493695200982e-05
2.302585092994045901e+00,1.357112530942470056e-04,-1.837111120953899466e-05,-2.657466506105887055e-05,9.981379583913393416e-01,7.232725301105111075e-04,7.232725301105111075e-04,1.357112530942470056e-04,1.091365880331881351e-04,9.978105486272397240e-01,2.867261779777585131e-04,2.867261779777585131e-04,2.035492134994631975e-04,-3.746982570076902723e-04,-3.746982570076902723e-04,-2.321208603017822463e-05
