ln_a,zeta_obs,Phi_N,Psi_N,delta_b_N,delta_gamma_N,delta_nu_N,zeta,u,delta_b,delta_gamma,delta_nu,vartheta_b,vartheta_gamma,vartheta_nu,alpha
0.000000000000000000e+00,0.000000000000000000e+00,-3.123847401417564461e-04,0.000000000000000000e+00,1.000000000000000000e+00,0.000000000000000000e+00,0.000000000000000000e+00,0.000000000000000000e+00,0.000000000000000000e+00,1.000000000000000000e+00,0.000000000000000000e+00,0.000000000000000000e+00,0.000000000000000000e+00,0.000000000000000000e+00,0.000000000000000000e+00,1.580048584626040108e-06
2.302585092994045846e-03,2.333008623762890149e-09,-3.053616022019326132e-04,7.123073706680544546e-07,1.000027600575392972e+00,3.664550181388867285e-05,3.664550181388867285e-05,2.333008623762890149e-09,7.146403792918173001e-07,1.000025456654255018e+00,3.378694029672140407e-05,3.378694029672140407e-05,3.630240445699251222e-09,1.014607579859107782e-08,1.014607579859107782e-08,1.573938175312448823e-06
4.605170185988091691e-03,4.651621463710351726e-09,-2.974751845295309314e-04,1.406714292659371507e-06,1.000105075923457543e+00,1.376494908984532851e-04,1.376494908984532851e-04,4.651621463710351726e-09,1.411365914123081900e-06,1.000100841825715126e+00,1.320040272419609575e-04,1.320040272419609575e-04,7.237080549436449876e-09,5.857203764233537049e-08,5.857203764233537049e-08,1.562951960121589587e-06
6.907755278982137537e-03,6.948712360992988815e-09,-2.887742047517880581e-04,2.081310793584108797e-06,1.000230825520303179e+00,2.955638780945559320e-04,2.955638780945559320e-04,6.948712360992988815e-09,2.088259505945101936e-06,1.000224560741785451e+00,2.872108400707755124e-04,2.872108400707755124e-04,1.080949163509440034e-08,1.804531553924718040e-07,1.804531553924718040e-07,1.547208794005037849e-06
9.210340371976183382e-03,9.217336370292280236e-09,-2.793094881081214045e-04,2.734303274297505961e-06,1.000403128125073815e+00,4.997281813265300274e-04,4.997281813265300274e-04,9.217336370292280236e-09,2.743520610667798322e-06,1.000394897563241736e+00,4.887540988838588816e-04,4.887540988838588816e-04,1.433674873860383650e-08,4.057744373272488115e-07,4.057744373272488115e-07,1.526844284835730836e-06
1.151292546497022923e-02,1.145075704298324912e-08,-2.691335317908488916e-04,3.364018719784172655e-06,1.000620151552166881e+00,7.368856404128044414e-04,7.368856404128044414e-04,1.145075704298324912e-08,3.375469476827155984e-06,1.000610025143736426e+00,7.233837625054957785e-04,7.233837625054957785e-04,1.780846672452769643e-08,7.576439792146969460e-07,7.576439792146969460e-07,1.502009089657659480e-06
1.381551055796427507e-02,1.364247179351634711e-08,-2.583000531695788101e-04,3.968907882790824504e-06,1.000879962594952932e+00,9.919328507312218535e-04,9.919328507312218535e-04,1.364247179351634711e-08,3.982550354584340823e-06,1.000868014943889106e+00,9.760026493128845038e-04,9.760026493128845038e-04,2.121463225544390171e-08,1.250999194850861331e-06,1.250999194850861331e-06,1.472867048716967880e-06
1.611809565095832092e-02,1.578623486800576925e-08,-2.468635364556178271e-04,4.547547421150623682e-06,1.001180537023365069e+00,1.248760519810368595e-03,1.248760519810368595e-03,1.578623486800576925e-08,4.563333656018629756e-06,1.001166847022397111e+00,1.230507185186294076e-03,1.230507185186294076e-03,2.454563132366833409e-08,1.891771364160082798e-06,1.891771364160082798e-06,1.439593225528919812e-06
1.842068074395236676e-02,1.787607751878375693e-08,-2.348787920602085145e-04,5.098641003095680378e-06,1.001519769579019670e+00,1.491138741067771960e-03,1.491138741067771960e-03,1.787607751878375693e-08,5.116517080614464138e-06,1.001504420027777842e+00,1.470672672745314009e-03,1.470672672745314009e-03,2.779227221508874952e-08,2.676548283195186925e-06,2.676548283195186925e-06,1.402371923239819185e-06
2.072326583694641261e-02,1.990632509099180041e-08,-2.224005418721257410e-04,5.621019426623294282e-06,1.001895483895058669e+00,1.703598562094186262e-03,1.703598562094186262e-03,1.990632509099180041e-08,5.640925751714286354e-06,1.001878561117803601e+00,1.681034859087329140e-03,1.681034859087329140e-03,3.094580393533083610e-08,3.592747424315791253e-06,3.592747424315791253e-06,1.361394745852030545e-06
2.302585092994045846e-02,2.187161084119664573e-08,-2.094830420143917757e-04,6.113639827552002006e-06,1.002305442273532243e+00,1.872262630208967014e-03,1.872262630208967014e-03,2.187161084119664573e-08,6.135511438393198778e-06,1.002287035739217069e+00,1.847720584455394199e-03,1.847720584455394199e-03,3.399793028068708670e-08,4.619284454213101325e-06,4.619284454213101325e-06,1.316858767727819705e-06
2.532843602293450430e-02,2.376688642768146075e-08,-1.961797524525346538e-04,6.575584075031568205e-06,1.002747355260481976e+00,1.985581222064545723e-03,1.985581222064545723e-03,2.376688642768146075e-08,6.599350961459249579e-06,1.002727557207597542e+00,1.959183818218708691e-03,1.959183818218708691e-03,3.694081987315187481e-08,5.727695617736221456e-06,5.727695617736221456e-06,1.268964866576230662e-06
2.763102111592855015e-02,2.558742913056835256e-08,-1.825430602623396507e-04,7.006056471762638714e-06,1.003218890967588095e+00,2.034935745405416514e-03,2.034935745405416514e-03,2.558742913056835256e-08,7.031643900893207411e-06,1.003197796035885325e+00,2.006809169801843616e-03,2.006809169801843616e-03,3.976711259331556092e-08,6.883648901482152202e-06,6.883648901482152202e-06,1.217916264430461657e-06
2.993360620892259599e-02,2.732884597211830576e-08,-1.686240605699755525e-04,7.404380888550384980e-06,1.003717684098837548e+00,2.015079506240375923e-03,2.015079506240375923e-03,2.732884597211830576e-08,7.431709734522503584e-06,1.003695388969634061e+00,1.985352667302286035e-03,1.985352667302286035e-03,4.246992293285888894e-08,8.048759071007975869e-06,8.048759071007975869e-06,1.163917308579493870e-06
3.223619130191664184e-02,2.898707500721977219e-08,-1.544723963161464663e-04,7.769997468540298455e-06,1.004241344650686152e+00,1.924394685310467507e-03,1.924394685310467507e-03,2.898707500721977219e-08,7.798984543547517585e-06,1.004217947697055413e+00,1.893198747136277341e-03,1.893198747136277341e-03,4.504284084563788765e-08,9.182606775944454107e-06,9.182606775944454107e-06,1.107172510790549806e-06
3.453877639491068768e-02,3.055838413714804579e-08,-1.401361552167369664e-04,8.102459035712735537e-06,1.004787466264173590e+00,1.764954564269948910e-03,1.764954564269948910e-03,3.055838413714804579e-08,8.133017419849882868e-06,1.004763067211914107e+00,1.732422494590549460e-03,1.732422494590549460e-03,4.747993070186307054e-08,1.024485252868703658e-05,1.024485252868703658e-05,1.047885849187871245e-06
3.684136148790473353e-02,3.203936786233497572e-08,-1.256618197404435228e-04,8.401427335263598656e-06,1.005353634216952230e+00,1.542390512861733154e-03,1.542390512861733154e-03,3.203936786233497572e-08,8.433466703125934148e-06,1.005328333816842834e+00,1.508656646049229451e-03,1.508656646049229451e-03,4.977572894351685014e-08,1.119733291801903422e-05,1.119733291801903422e-05,9.862603236042076054e-07
3.914394658089877937e-02,3.342694242992879777e-08,-1.110942637168106000e-04,8.666669221058751491e-06,1.005937433051808494e+00,1.265573548385024762e-03,1.265573548385024762e-03,3.342694242992879777e-08,8.700096163488680931e-06,1.005911332763318011e+00,1.230773163731070045e-03,1.230773163731070045e-03,5.192524100279261219e-08,1.200602897341815208e-05,1.200602897341815208e-05,9.224977427654785208e-07
4.144653167389282522e-02,3.471833984808253271e-08,-9.647678742879038747e-05,8.898052888344027276e-06,1.006536453845694457e+00,9.461298469595137879e-04,9.461298469595137879e-04,3.471833984808253271e-08,8.932771228192110113e-06,1.006509655532009884e+00,9.103987620467453475e-04,9.103987620467453475e-04,5.392393798224478032e-08,1.264280489432208477e-05,1.264280489432208477e-05,8.567987109387988837e-07
4.374911676688687107e-02,3.591110123148248312e-08,-8.185118179554914085e-05,9.095544229429922397e-06,1.007148301129260126e+00,5.978179594904322550e-04,5.978179594904322550e-04,3.591110123148248312e-08,9.131455330661404093e-06,1.007120906763268042e+00,5.612921381677865845e-04,5.612921381677865845e-04,5.576775351003327664e-08,1.308682886321848282e-05,1.308682886321848282e-05,7.893627731270317242e-07
4.605170185988091691e-02,3.700306991286447633e-08,-6.725781155847494644e-05,9.259203367410895940e-06,1.007770599471254469e+00,2.358022259580056055e-04,2.358022259580056055e-04,3.700306991286447633e-08,9.296206437323760119e-06,1.007742710851942558e+00,1.986174002087105718e-04,1.986174002087105718e-04,5.745308108172903220e-08,1.332560553555456709e-05,1.332560553555456709e-05,7.203886719137996879e-07
4.835428695287496276e-02,3.799238470568238227e-08,-5.273570724796996232e-05,9.389181399386140937e-06,1.008400999744873516e+00,-1.241383019005138212e-04,-1.241383019005138212e-04,3.799238470568238227e-08,9.427173784091822512e-06,1.008372718223521147e+00,-1.618469970368811113e-04,-1.618469970368811113e-04,5.897677208763581485e-08,1.335557105439084885e-05,1.335557105439084885e-05,6.500746658229701492e-07
5.065687204586900860e-02,3.887747363699631802e-08,-3.832265611316238661e-05,9.485717357418692458e-06,1.009037185094180167e+00,-4.664234543895956551e-04,-4.664234543895956551e-04,3.887747363699631802e-08,9.524594831055688848e-06,1.009008611309686998e+00,-5.045218337138184309e-04,-5.045218337138184309e-04,6.033613460802153269e-08,1.318222487053853971e-05,1.318222487053853971e-05,5.786188586306378030e-07
5.295945713886305445e-02,3.965704839113839215e-08,-2.405528308951585816e-05,9.549135373779051849e-06,1.009676876618249119e+00,-7.764656434929980908e-04,-7.764656434929980908e-04,3.965704839113839215e-08,9.588792422170189494e-06,1.009648110240982666e+00,-8.148208131816788487e-04,-8.148208131816788487e-04,6.152893294435402800e-08,1.281979700911979090e-05,1.281979700911979090e-05,5.062194913427297493e-07
5.526204223185710029e-02,4.033009961825764609e-08,-9.969114190048381671e-06,9.579842017908293345e-06,1.010317838788818090e+00,-1.041403030350583582e-03,-1.041403030350583582e-03,4.033009961825764609e-08,9.620172117526551461e-06,1.010288978272465554e+00,-1.079883718820689835e-03,-1.079883718820689835e-03,6.255338774854150990e-08,1.229047343879764574e-05,1.229047343879764574e-05,4.330751533000158448e-07
5.756462732485114614e-02,4.089589317232651719e-08,3.901383656723149759e-06,9.578323756888776043e-06,1.010957884614277713e+00,-1.250735354105960264e-03,-1.250735354105960264e-03,4.089589317232651719e-08,9.619219650061103341e-06,1.010929026955327492e+00,-1.289212232706204650e-03,-1.289212232706204650e-03,6.340817651972219546e-08,1.162322460072875605e-05,1.162322460072875605e-05,3.593848757345742174e-07
5.986721241784519199e-02,4.135396725509534778e-08,1.752279043468524372e-05,9.545144479614532125e-06,1.011594880558990495e+00,-1.396831271176822821e-03,-1.396831271176822821e-03,4.135396725509534778e-08,9.586498446869627665e-06,1.011566121063649959e+00,-1.435177264964301305e-03,-1.435177264964301305e-03,6.409243416343391048e-08,1.085230187671797125e-05,1.085230187671797125e-05,2.853480796409865884e-07
6.216979751083923783e-02,4.170413036052976942e-08,3.086275066653251852e-05,9.480943017753880306e-06,1.012226751222602639e+00,-1.475283187043998755e-03,-1.475283187043998755e-03,4.170413036052976942e-08,9.522647148114410043e-06,1.012198183281158403e+00,-1.513373775636456470e-03,-1.513373775636456470e-03,6.460575325456937999e-08,1.001548279191293212e-05,1.001548279191293212e-05,2.111643595136275206e-07
6.447238260383328368e-02,4.194645984213828260e-08,4.389002098076404340e-05,9.386430594082450452e-06,1.012851483779426687e+00,-1.485093789612589119e-03,-1.485093789612589119e-03,4.194645984213828260e-08,9.428377053924588867e-06,1.012823198648264977e+00,-1.522807297828287576e-03,-1.522807297828287576e-03,6.494818361512698200e-08,9.152157372187021665e-06,9.152157372187021665e-06,1.370330948058337449e-07
6.677496769682733646e-02,4.208130086685802578e-08,5.657454586810225648e-05,9.262388130765373431e-06,1.013467132173524243e+00,-1.428687345928627206e-03,-1.428687345928627206e-03,4.208130086685802578e-08,9.304469431632230675e-06,1.013439218765229244e+00,-1.465905223655156230e-03,-1.465905223655156230e-03,6.512023081134079599e-08,8.301354757669037379e-06,8.301354757669037379e-06,6.315289130613791493e-08
6.907755278982137537e-02,4.210926547604393658e-08,6.888755816794405427e-05,9.109663356320595040e-06,1.014071821061012679e+00,-1.311747861510010509e-03,-1.311747861510010509e-03,4.210926547604393658e-08,9.151772621796638600e-06,1.014044365743147269e+00,-1.348354951997196962e-03,-1.348354951997196962e-03,6.512285319161865505e-08,7.499810709249903047e-06,7.499810709249903047e-06,-1.027913550659702589e-08
7.138013788281541427e-02,4.203123144843207200e-08,8.080169938597888703e-05,8.929167659787527706e-06,1.014663749487677125e+00,-1.142894933817057953e-03,-1.142894933817057953e-03,4.203123144843207200e-08,8.971198891235960586e-06,1.014636835891003397e+00,-1.178779729382001869e-03,-1.178779729382001869e-03,6.495745712523625053e-08,6.780173036308189469e-06,6.780173036308189469e-06,-8.306821418813161113e-08
7.368272297580946706e-02,4.184834065221205514e-08,9.229115382970759951e-05,8.721872653355562503e-06,1.015241194287332505e+00,-9.332161440533192449e-04,-9.332161440533192449e-04,4.184834065221205514e-08,8.763720994007775101e-06,1.015214903124350476e+00,-9.682710280293503656e-04,-9.682710280293503656e-04,6.462589015911851120e-08,6.169433523037982139e-06,6.169433523037982139e-06,-1.550228796932525629e-07
7.598530806880351984e-02,4.156199658339311251e-08,1.033317898036450420e-04,8.488806419565770187e-06,1.015802513184739020e+00,-6.956817178917991439e-04,-6.956817178917991439e-04,4.156199658339311251e-08,8.530368416149163651e-06,1.015776922079490552e+00,-7.298031915563957511e-04,-7.298031915563957511e-04,6.413043188268270543e-08,5.687662163715397941e-06,5.687662163715397941e-06,-2.259560101650226629e-07
7.828789316179755875e-02,4.117386081425632941e-08,1.139013007478376235e-04,8.231049435309571396e-06,1.016346147586284721e+00,-4.444726377153051058e-04,-4.444726377153051058e-04,4.117386081425632941e-08,8.272223296123827732e-06,1.016321330916396315e+00,-4.775615308998004032e-04,-4.775615308998004032e-04,6.347378237438020465e-08,5.347103168682976715e-06,5.347103168682976715e-06,-2.956859000967932336e-07
8.059047825479159766e-02,4.068584811699003572e-08,1.239793392324489891e-04,7.949730181317769907e-06,1.016870625042146870e+00,-1.942571594092297200e-04,-1.942571594092297200e-04,4.068584811699003572e-08,7.990416029434760194e-06,1.016846653794058586e+00,-2.262188235269687675e-04,-2.262188235269687675e-04,6.265904819366262945e-08,5.151673158895495501e-06,5.151673158895495501e-06,-3.640373300374686863e-07
8.289306334778565044e-02,4.010012008095645138e-08,1.335476371172263543e-04,7.646020461771584059e-06,1.017374561365194774e+00,4.054737383900959053e-05,4.054737383900959053e-05,4.010012008095645138e-08,7.686120581852541199e-06,1.017351503003449231e+00,9.802891511599425738e-06,9.802891511599425738e-06,6.168972597374175746e-08,5.096881264509150733e-06,5.096881264509150733e-06,-4.308425933018295446e-07
8.519564844077970323e-02,3.941907710445700157e-08,1.425901059092483329e-04,7.321130473302755821e-06,1.017856662394408529e+00,2.464904711096634667e-04,2.464904711096634667e-04,3.941907710445700157e-08,7.360549550407212405e-06,1.017834580745757389e+00,2.170482729080346171e-04,2.170482729080346171e-04,6.056968375923303964e-08,5.170169506926240045e-06,5.170169506926240045e-06,-4.959424424066805260e-07
8.749823353377374213e-02,3.864534870975495083e-08,1.510929123532229687e-04,6.976303675232214411e-06,1.018315725393923676e+00,4.117470206510538515e-04,4.117470206510538515e-04,3.864534870975495083e-08,7.014949023941969262e-06,1.018294680546851794e+00,3.836872245552860015e-04,3.836872245552860015e-04,5.930314031394594263e-08,5.351651022686239349e-06,5.351651022686239349e-06,-5.591869219916905784e-07
8.980081862676778104e-02,3.778178220019983409e-08,1.590445255027888574e-04,6.612811522933225857e-06,1.018750640082800141e+00,5.266867326220453374e-04,5.266867326220453374e-04,3.778178220019983409e-08,6.650593305133425552e-06,1.018730688302884824e+00,5.000843594015116217e-04,5.000843594015116217e-04,5.789464269433057707e-08,5.615204311386926460e-06,5.615204311386926460e-06,-6.204360605300935112e-07
9.210340371976183382e-02,3.683142974676876574e-08,1.664357328767681037e-04,6.231948133217799705e-06,1.019160389295063807e+00,5.843278123933507697e-04,5.843278123933507697e-04,3.683142974676876574e-08,6.268779562964568292e-06,1.019141582956374803e+00,5.592526941414925406e-04,5.592526941414925406e-04,5.634904243991275907e-08,5.929864784189181333e-06,5.929864784189181333e-06,-6.795603998500407048e-07
9.440598881275588661e-02,3.579753405510281288e-08,1.732596247278654297e-04,5.835024954449052537e-06,1.019544049274240916e+00,5.806543781836654827e-04,5.806543781836654827e-04,3.579753405510281288e-08,5.870822488504155727e-06,1.019526436806775349e+00,5.571710882296488157e-04,5.571710882296488157e-04,5.467147077150037693e-08,6.261441167648932093e-06,6.261441167648932093e-06,-7.364413489977804746e-07
9.670857390574992551e-02,3.468351282012507762e-08,1.795115468686274049e-04,5.423365514586756322e-06,1.019900789611326353e+00,5.147842125873885663e-04,5.147842125873885663e-04,3.468351282012507762e-08,5.458049027406881757e-06,1.019884415464244132e+00,4.929520164777610562e-04,4.929520164777610562e-04,5.286731320953017293e-08,6.574274422233450393e-06,6.574274422233450393e-06,-7.909713568757288256e-07
9.901115899874396442e-02,3.349294222112433895e-08,1.851890238409555414e-04,4.998300317682649530e-06,1.020229872839625962e+00,3.889810189558171082e-04,3.889810189558171082e-04,3.349294222112433895e-08,5.031793259903774041e-06,1.020214777459846234e+00,3.688538459162020357e-04,3.688538459162020357e-04,5.094218402824497495e-08,6.833051163030101686e-06,6.833051163030101686e-06,-8.430539059789529282e-07
1.013137440917380172e-01,3.222953974392940365e-08,1.902916554190159739e-04,4.561161953713392322e-06,1.020530653704062152e+00,2.085130582954603515e-04,2.085130582954603515e-04,3.222953974392940365e-08,4.593391493457321865e-06,1.020516873529581758e+00,1.901394923216310573e-04,1.901394923216310573e-04,4.890190094696621661e-08,7.004582305861932578e-06,7.004582305861932578e-06,-8.926033370488128880e-07
1.036163291847320700e-01,3.089714663724083492e-08,1.948209904488857301e-04,4.113280478452001964e-06,1.020802578126119853e+00,-1.863251023665258487e-05,-1.863251023665258487e-05,3.089714663724083492e-08,4.144177625089243077e-06,1.020790145593244658e+00,-3.520922073700955717e-05,-3.520922073700955717e-05,4.675246042885726956e-08,7.059460776185135926e-06,7.059460776185135926e-06,-9.395445212150093573e-07
1.059189142777261089e-01,2.949971031679806103e-08,1.987803828113712703e-04,3.655979109826243525e-06,1.021045181888516229e+00,-2.821634297168201669e-04,-2.821634297168201669e-04,2.949971031679806103e-08,3.685478820143041788e-06,1.021034125452055852e+00,-2.969053449973923391e-04,-2.969053449973923391e-04,4.450001391235014824e-08,6.973519363633594472e-06,6.973519363633594472e-06,-9.838124019095399495e-07
1.082214993707201478e-01,2.804126702398511615e-08,2.021748348206481088e-04,3.190570275461471868e-06,1.021258089065818941e+00,-5.700022306495244450e-04,-5.700022306495244450e-04,2.804126702398511615e-08,3.218611542485457163e-06,1.021248433231191521e+00,-5.828766768194663245e-04,-5.828766768194663245e-04,4.215084524351029083e-08,6.729020739752555130e-06,6.729020739752555130e-06,-1.025351433277333691e-06
1.105240844637142006e-01,2.652592502551015216e-08,2.050108336277310444e-04,2.718352033468085708e-06,1.021441010228543167e+00,-8.688854394807993134e-04,-8.688854394807993134e-04,2.652592502551015216e-08,2.744877958493595801e-06,1.021432775594667719e+00,-8.798649513147736509e-04,-8.798649513147736509e-04,3.971134951217639105e-08,6.315525671644245193e-06,6.315525671644245193e-06,-1.064114944817669814e-06
1.128266695567082534e-01,2.495784860929849171e-08,2.072961861853699528e-04,2.240604875634262283e-06,1.021593740448724530e+00,-1.165012037287728019e-03,-1.165012037287728019e-03,2.495784860929849171e-08,2.265562724243560778e-06,1.021586943760551813e+00,-1.174074288184702225e-03,-1.174074288184702225e-03,3.718801342414126238e-08,5.730401815156644907e-06,5.730401815156644907e-06,-1.100064463485029285e-06
1.151292546497022923e-01,2.334124309058764756e-08,2.090398580637909483e-04,1.758588909630808609e-06,1.021716157134609171e+00,-1.444709302247613623e-03,-1.444709302247613623e-03,2.334124309058764756e-08,1.781930152721396300e-06,1.021710811344151093e+00,-1.451837022858499257e-03,-1.451837022858499257e-03,3.458739726945483374e-08,4.978953318742750867e-06,4.978953318742750867e-06,-1.133169024451639749e-06
1.174318397426963312e-01,2.168034099361594486e-08,2.102518209100539940e-04,1.273541405180049051e-06,1.021808217721002388e+00,-1.695083944785421778e-03,-1.695083944785421778e-03,2.168034099361594486e-08,1.295221746173665055e-06,1.021804332055763931e+00,-1.700264831770116484e-03,-1.700264831770116484e-03,3.191611847652947053e-08,4.074169932683196954e-06,4.074169932683196954e-06,-1.163404500252621403e-06
1.197344248356903840e-01,1.997938952083071055e-08,2.109429126532196951e-04,7.866746788899257080e-07,1.021869957240038040e+00,-1.904627757931600177e-03,-1.904627757931600177e-03,1.997938952083071055e-08,8.066540684107564251e-07,1.021867537277832749e+00,-1.907854374205243241e-03,-1.907854374205243241e-03,2.918083667641157595e-08,3.036112474196304724e-06,3.036112474196304724e-06,-1.190752975233726550e-06
1.220370099286844368e-01,1.824263936574632924e-08,2.111247137155838189e-04,2.991742839810886930e-07,1.021901485794828757e+00,-2.063749756879737843e-03,-2.063749756879737843e-03,1.824263936574632924e-08,3.174169233468350057e-07,1.021900533544058742e+00,-2.065019424573125324e-03,-2.065019424573125324e-03,2.638824014403011583e-08,1.890968525413407394e-06,1.890968525413407394e-06,-1.215202188292806292e-06
1.243395950216784757e-01,1.647433487011151439e-08,2.108094415437003727e-04,-1.878025352540596560e-07,1.021902985955725374e+00,-2.165210809725224249e-03,-2.165210809725224249e-03,1.647433487011151439e-08,-1.713282003839481450e-07,1.021903499940326476e+00,-2.164525496923688438e-03,-2.164525496923688438e-03,2.354503343585161988e-08,6.698273307224650651e-07,6.698273307224650651e-07,-1.236745062079893565e-06
1.266421801146725146e-01,1.467870547354118786e-08,2.100098647739415169e-04,-6.731281685336923434e-07,1.021874710095935557e+00,-2.204441827872740973e-03,-2.204441827872740973e-03,1.467870547354118786e-08,-6.584494630601511787e-07,1.021876685444324639e+00,-2.201808030020500385e-03,-2.201808030020500385e-03,2.065792600798767785e-08,-5.927646833799413559e-07,-5.927646833799413559e-07,-1.255379331377879997e-06
1.289447652076665674e-01,1.285995835626161807e-08,2.087392373430702411e-04,-1.155705790293582088e-06,1.021816977680152005e+00,-2.179732441931164603e-03,-2.179732441931164603e-03,1.285995835626161807e-08,-1.142845831937320529e-06,1.021820406217647914e+00,-2.175161058603415198e-03,-2.175161058603415198e-03,1.773362157628481488e-08,-1.860396988084768611e-06,-1.860396988084768611e-06,-1.271107277596373902e-06
1.312473503006606201e-01,1.102227213524057093e-08,2.070112518934170141e-04,-1.634470381621764750e-06,1.021730172516779556e+00,-2.092283432367123344e-03,-2.092283432367123344e-03,1.102227213524057093e-08,-1.623448109486524202e-06,1.021735042861108056e+00,-2.085789639929177142e-03,-2.085789639929177142e-03,1.477880797094242013e-08,-3.096460034837187029e-06,-3.096460034837187029e-06,-1.283935570470202142e-06
1.335499353936546729e-01,9.169791442276938130e-09,2.048400109491629059e-04,-2.108389666422710523e-06,1.021614739981448361e+00,-1.946122689689087958e-03,-1.946122689689087958e-03,9.169791442276938130e-09,-2.099219874980433482e-06,1.021621037641073260e+00,-1.937725810189166141e-03,-1.937725810189166141e-03,1.180014724244542356e-08,-4.265803629223350118e-06,-4.265803629223350118e-06,-1.293875212449698353e-06
1.358525204866486980e-01,7.306622190488742331e-09,2.022400135870505266e-04,-2.576465000341675630e-06,1.021471184216895978e+00,-1.747890867764404594e-03,-1.747890867764404594e-03,7.306622190488742331e-09,-2.569158378151186809e-06,1.021478891692030322e+00,-1.737614234251799771e-03,-1.737614234251799771e-03,8.804265792189720271e-09,-5.336311481048578699e-06,-5.336311481048578699e-06,-1.300941576130159477e-06
1.381551055796427507e-01,5.436827323887718465e-09,1.992261547247003029e-04,-3.037732244944477965e-06,1.021300065312064076e+00,-1.506508837454008203e-03,-1.506508837454008203e-03,5.436827323887718465e-09,-3.032295417620590084e-06,1.021309162198317022e+00,-1.494379655783525896e-03,-1.494379655783525896e-03,5.797744328841030558e-09,-6.280319988589733045e-06,-6.280319988589733045e-06,-1.305154520639620408e-06
1.404576906726368035e-01,3.564422843301085730e-09,1.958137337196288671e-04,-3.491262652432865575e-06,1.021101996461487804e+00,-1.232744300702828550e-03,-1.232744300702828550e-03,3.564422843301085730e-09,-3.487698229589564482e-06,1.021112459556176466e+00,-1.218793507784470204e-03,-1.218793507784470204e-03,2.787107488308020763e-09,-7.075817726746910487e-06,-7.075817726746910487e-06,-1.306538569346226354e-06
1.427602757656308285e-01,1.693373910462828812e-09,1.920184687240006295e-04,-3.936163778189201964e-06,1.020877641104776190e+00,-9.386992526898273745e-04,-9.386992526898273745e-04,1.693373910462828812e-09,-3.934470404278739044e-06,1.020889444515989064e+00,-9.229613710727124082e-04,-9.229613710727124082e-04,-2.211870009356173873e-10,-7.707373300049400041e-06,-7.707373300049400041e-06,-1.305123128692916620e-06
1.450628608586248813e-01,-1.724091501874244083e-10,1.878565131756255546e-04,-4.371580430110340598e-06,1.020627710045241887e+00,-6.372432062187024984e-04,-6.372432062187024984e-04,-1.724091501874244083e-10,-4.371752839260527783e-06,1.020640825303759769e+00,-6.197561948616603974e-04,-6.197561948616603974e-04,-3.220759676986511724e-09,-8.166752608836526695e-06,-8.166752608836526695e-06,-1.300942726491185820e-06
1.473654459516189341e-01,-2.029075106769001218e-09,1.833444709176342588e-04,-4.796695655417342635e-06,1.020352958546489441e+00,-3.414190986610727251e-04,-3.414190986610727251e-04,-2.029075106769001218e-09,-4.798724730524111832e-06,1.020367354720681075e+00,-3.222241997389762506e-04,-3.222241997389762506e-04,-6.205321247301888027e-09,-8.453201514569337434e-06,-8.453201514569337434e-06,-1.294037247626408742e-06
1.496680310446129869e-01,-3.872836454991025157e-09,1.784994067136337051e-04,-5.210731757834652543e-06,1.020054183406028603e+00,-6.384952008035595626e-05,-6.384952008035595626e-05,-3.872836454991025157e-09,-5.214604594289643290e-06,1.020069827219811431e+00,-4.299110170319738649e-05,-4.299110170319738649e-05,-9.168685004265335078e-09,-8.573385596794165170e-06,-8.573385596794165170e-06,-1.284452145819480120e-06
1.519706161376070397e-01,-5.699974518848844575e-09,1.733388493391718418e-04,-5.612951331027668373e-06,1.019732220005658663e+00,1.838296572207381906e-04,1.838296572207381906e-04,-5.699974518848844575e-09,-5.618651305546517468e-06,1.019749075959575313e+00,2.063042624429242537e-04,2.063042624429242537e-04,-1.210477967521247328e-08,-8.540994514527678922e-06,-8.540994514527678922e-06,-1.272238611764015943e-06
1.542732012306010647e-01,-7.506845063300457159e-09,1.678807849588144995e-04,-6.002658288298035771e-06,1.019387939339412297e+00,3.914829563704115925e-04,3.914829563704115925e-04,-7.506845063300457159e-09,-6.010165133361335902e-06,1.019405969834812353e+00,4.155236169038569361e-04,4.155236169038569361e-04,-1.500766258616105603e-08,-8.376033625019827601e-06,-8.376033625019827601e-06,-1.257453680505264611e-06
1.565757863235951175e-01,-9.289884424813236620e-09,1.621436391093069630e-04,-6.379198863976681139e-06,1.019022245021168560e+00,5.509138859724777709e-04,5.509138859724777709e-04,-9.289884424813236620e-09,-6.388488748401494634e-06,1.019041410487413701e+00,5.764678409660837664e-04,5.764678409660837664e-04,-1.787153298279773974e-08,-8.103839318155219560e-06,-8.103839318155219560e-06,-1.240160264182693427e-06
1.588783714165891703e-01,-1.104561612623548085e-08,1.561462462710723747e-04,-6.741962558869134488e-06,1.018636070275560801e+00,6.562098956336711144e-04,6.562098956336711144e-04,-1.104561612623548085e-08,-6.753008174995370205e-06,1.018656329300085872e+00,6.832219283336525952e-04,6.832219283336525952e-04,-2.069074532469808412e-08,-7.753866416808771341e-06,-7.753866416808771341e-06,-1.220427100045657027e-06
1.611809565095831953e-01,-1.277065790581649003e-08,1.499078066895549038e-04,-7.090383000584698450e-06,1.018230374917409531e+00,7.039797503554809594e-04,7.039797503554809594e-04,-1.277065790581649003e-08,-7.103153658490515353e-06,1.018251684378385091e+00,7.323923649894429700e-04,7.323923649894429700e-04,-2.345982235036914928e-08,-7.358305452344336896e-06,-7.358305452344336896e-06,-1.198328607774925178e-06
1.634835416025772481e-01,-1.446172905793027604e-08,1.434478307720726603e-04,-7.423938689614867390e-06,1.017806142326507679e+00,6.934744990040580398e-04,6.934744990040580398e-04,-1.446172905793027604e-08,-7.438400418672797678e-06,1.017828457527763630e+00,7.232281006787492136e-04,7.232281006787492136e-04,-2.617346770200048407e-08,-6.950594288380341114e-06,-6.950594288380341114e-06,-1.173944654396491130e-06
1.657861266955713009e-01,-1.611565795644374310e-08,1.367860720055515198e-04,-7.742153603545782827e-06,1.017364376426101336e+00,6.265886135326237654e-04,6.265886135326237654e-04,-1.611565795644374310e-08,-7.758269261502227109e-06,1.017387651233885748e+00,6.576216905786326332e-04,6.576216905786326332e-04,-2.882657789985181896e-08,-6.563892202291918301e-06,-6.563892202291918301e-06,-1.147360229261024699e-06
1.680887117885653537e-01,-1.772938961171373568e-08,1.299424498898140931e-04,-8.044597634660092476e-06,1.016906098674749792e+00,5.077433066476808336e-04,5.077433066476808336e-04,-1.772938961171373568e-08,-8.062327024271806589e-06,1.016930285655822663e+00,5.399926147447681006e-04,5.399926147447681006e-04,-3.141425346662428038e-08,-6.229585043669547878e-06,-6.229585043669547878e-06,-1.118665035496453303e-06
1.703912968815594065e-01,-1.929999309958127478e-08,1.229369648379528899e-04,-8.330886840214115371e-06,1.016432345082339372e+00,3.436592474110207723e-04,3.436592474110207723e-04,-1.929999309958127478e-08,-8.350186833313697060e-06,1.016457395642839323e+00,3.770599947442755673e-04,3.770599947442755673e-04,-3.393180902116489600e-08,-5.975887525369518328e-06,-5.975887525369518328e-06,-1.087953007851307817e-06
1.726938819745534315e-01,-2.082466869572598570e-08,1.157896073446726675e-04,-8.600683489633591036e-06,1.015944163261836009e+00,1.430306672740068463e-04,1.430306672740068463e-04,-2.082466869572598570e-08,-8.621508158329316783e-06,1.015970027786311070e+00,1.775166999073241134e-04,1.775166999073241134e-04,-3.637478218729884670e-08,-5.826603250364296138e-06,-5.826603250364296138e-06,-1.055321769799601393e-06
1.749964670675474843e-01,-2.230075455134998125e-08,1.085202639540776547e-04,-8.853695898492180120e-06,1.015442609528837137e+00,-8.388302531329854558e-05,-8.388302531329854558e-05,-2.230075455134998125e-08,-8.875996653043530558e-06,1.015469237518796364e+00,-4.837903870112442335e-05,-4.837903870112442335e-05,-3.873894119605066400e-08,-5.800095045496846110e-06,-5.800095045496846110e-06,-1.020872045059372525e-06
1.772990521605415370e-01,-2.372573275597582423e-08,1.011486226663562213e-04,-9.089678045139549801e-06,1.014928746061091847e+00,-3.257286872665380141e-04,-3.257286872665380141e-04,-2.372573275597582423e-08,-9.113403777895525903e-06,1.014956086272425617e+00,-2.892750721549559173e-04,-2.892750721549559173e-04,-4.102029109635561215e-08,-5.908507981671190913e-06,-5.908507981671190913e-06,-9.847070402171387925e-07
1.796016372535355621e-01,-2.509723464951118839e-08,9.369408040943270769e-05,-9.308428971951193283e-06,1.014403638129939722e+00,-5.705721242708824146e-04,-5.705721242708824146e-04,-2.509723464951118839e-08,-9.333526206600704822e-06,1.014431638708559458e+00,-5.332380194444795614e-04,-5.332380194444795614e-04,-4.321507852884660738e-08,-6.157275600928880798e-06,-6.157275600928880798e-06,-9.469318159122866607e-07
1.819042223465296149e-01,-2.641304526770431047e-08,8.617565507333905942e-05,-9.509791979099056913e-06,1.013868351415023739e+00,-8.064288359721314553e-04,-8.064288359721314553e-04,-2.641304526770431047e-08,-9.536205024366761746e-06,1.013896960030096883e+00,-7.682840158746643677e-04,-7.682840158746643677e-04,-4.531979505757756983e-08,-6.544926922106602320e-06,-6.544926922106602320e-06,-9.076526640164410486e-07
1.842068074395236676e-01,-2.767110683157351150e-08,7.861190437355112788e-05,-9.693653624249270309e-06,1.013323949412758385e+00,-1.021789327458927973e-03,-1.021789327458927973e-03,-2.767110683157351150e-08,-9.721324731080843818e-06,1.013353113386951554e+00,-9.829040285346045229e-04,-9.829040285346045229e-04,-4.733117909392488577e-08,-7.063198329408384823e-06,-7.063198329408384823e-06,-8.669765074798005755e-07
1.865093925325177204e-01,-2.886952122099286722e-08,7.102085349022372099e-05,-9.859942546443493954e-06,1.012771490947848019e+00,-1.206116210217506295e-03,-1.206116210217506295e-03,-2.886952122099286722e-08,-9.888812067664487103e-06,1.012801157384050965e+00,-1.166560961946848428e-03,-1.166560961946848428e-03,-4.924621648363608537e-08,-7.697441101564314633e-06,-7.697441101564314633e-06,-8.250103380741700784e-07
1.888119776255117732e-01,-3.000655140413619876e-08,6.341993304085843941e-05,-1.000862813646371558e-05,1.012212027795777569e+00,-1.350292014530798989e-03,-1.350292014530798989e-03,-3.000655140413619876e-08,-1.003863468786785222e-05,1.012242143699841224e+00,-1.310137475779327675e-03,-1.310137475779327675e-03,-5.106213986082810191e-08,-8.427302620736614955e-06,-8.427302620736614955e-06,-7.818607052294810820e-07
1.911145627185057982e-01,-3.108062182622987148e-08,5.582592850651599227e-05,-1.013971907902648752e-05,1.011646602422623387e+00,-1.446999201275538148e-03,-1.446999201275538148e-03,-3.108062182622987148e-08,-1.017079970085271767e-05,1.011677114821725842e+00,-1.406316002472127224e-03,-1.406316002472127224e-03,-5.277642690007212452e-08,-9.227647875239052697e-06,-9.227647875239052697e-06,-7.376332666594144186e-07
1.934171478114998510e-01,-3.209031779207425006e-08,4.825494176577586018e-05,-1.025326179418494101e-05,1.011076245846880717e+00,-1.491017176623991554e-03,-1.491017176623991554e-03,-3.209031779207425006e-08,-1.028535211197701550e-05,1.011107101903216732e+00,-1.449875768176083499e-03,-1.449875768176083499e-03,-5.438679761909364884e-08,-1.006967803958981104e-05,-1.006967803958981104e-05,-6.924324086206270363e-07
1.957197329044939038e-01,-3.303438390548592617e-08,4.072236491895694390e-05,-1.034933880623729936e-05,1.010501975626301618e+00,-1.479425004099968119e-03,-1.479425004099968119e-03,-3.303438390548592617e-08,-1.038237319014278461e-05,1.010533122745872037e+00,-1.437895511339397055e-03,-1.437895511339397055e-03,-5.589121089900651975e-08,-1.092219520764430100e-05,-1.092219520764430100e-05,-6.463609405924697357e-07
1.980223179974879288e-01,-3.391172165416408772e-08,3.324286612887597498e-05,-1.042806706828969260e-05,1.009924793971050061e+00,-1.411702784777766999e-03,-1.411702784777766999e-03,-3.391172165416408772e-08,-1.046197878994385727e-05,1.009956179907419926e+00,-1.369854869617991543e-03,-1.369854869617991543e-03,-5.728786039627493938e-08,-1.175295698635002323e-05,-1.175295698635002323e-05,-5.995198660460695939e-07
2.003249030904819816e-01,-3.472138624969217820e-08,2.583038678020616185e-05,-1.048959626945953849e-05,1.009345685982891538e+00,-1.289729166237524489e-03,-1.289729166237524489e-03,-3.472138624969217820e-08,-1.052431765570923124e-05,1.009377258935858723e+00,-1.247631895614687578e-03,-1.247631895614687578e-03,-5.857517002080256141e-08,-1.253006179248627738e-05,-1.253006179248627738e-05,-5.520082279140837098e-07
2.026274881834760344e-01,-3.546258284852723620e-08,1.849814888630153321e-05,-1.053410714961443861e-05,1.008765618018662380e+00,-1.117676919034559348e-03,-1.117676919034559348e-03,-3.546258284852723620e-08,-1.056956973246296565e-05,1.008797326727859822e+00,-1.075398640104707499e-03,-1.075398640104707499e-03,-5.975178914786628372e-08,-1.322330543846743145e-05,-1.322330543846743145e-05,-5.039230245201536550e-07
2.049300732764700872e-01,-3.613466229059489244e-08,1.125867136144423921e-05,-1.056180984366639349e-05,1.008185536174977415e+00,-9.018128156421353122e-04,-9.018128156421353122e-04,-3.613466229059489244e-08,-1.059794450595698860e-05,1.008217330008495338e+00,-8.594210376183073104e-04,-8.594210376183073104e-04,-6.081658771873877473e-08,-1.380545186083422038e-05,-1.380545186083422038e-05,-4.553591891790989149e-07
2.072326583694641400e-01,-3.673711649717611036e-08,4.123793538981991844e-06,-1.057294227393533735e-05,1.007606364890055284e+00,-6.502119692338239904e-04,-6.502119692338239904e-04,-3.673711649717611036e-08,-1.060967939043251389e-05,1.007638193928226622e+00,-6.077732516720939010e-04,-6.077732516720939010e-04,-6.176865136656328190e-08,-1.425336549105338769e-05,-1.425336549105338769e-05,-4.064096245378129920e-07
2.095352434624581650e-01,-3.726957366921262908e-08,-2.895295842951002427e-06,-1.056776860513719160e-05,1.007029005657696930e+00,-3.724001913598837211e-04,-3.724001913598837211e-04,-3.726957366921262908e-08,-1.060503817880640364e-05,1.007060820772233356e+00,-3.299800386446581201e-04,-3.299800386446581201e-04,-6.260727668138495535e-08,-1.454895953832635537e-05,-1.454895953832635537e-05,-3.571652810587139905e-07
2.118378285554522178e-01,-3.773179342119010443e-08,-9.788026043627549616e-06,-1.054657777232500083e-05,1.006454335847861037e+00,-7.894067366383928459e-05,-7.894067366383928459e-05,-3.773179342119010443e-08,-1.058430956574619145e-05,1.006486088776558319e+00,-3.660343540085451877e-05,-3.660343540085451877e-05,-6.333196670234840073e-08,-1.467992301469999871e-05,-1.467992301469999871e-05,-3.077152679036468183e-07
2.141404136484462706e-01,-3.812366197486156022e-08,-1.654440996185478030e-05,-1.050968208781066672e-05,1.005883207627932485e+00,2.190167105414660966e-04,2.190167105414660966e-04,-3.812366197486156022e-08,-1.054780574978552781e-05,1.005914851045181857e+00,2.612079335406082147e-04,2.612079335406082147e-04,-6.394242669721898549e-08,-1.464019926312621596e-05,-1.464019926312621596e-05,-2.581469838822844269e-07
2.164429987414402956e-01,-3.844518752189514957e-08,-2.315500979118035942e-05,-1.045741592889057912e-05,1.005316446978673506e+00,5.102040090062928863e-04,5.102040090062928863e-04,-3.844518752189514957e-08,-1.049586111641247343e-05,1.005347934562022649e+00,5.521874534719428207e-04,5.521874534719428207e-04,-6.443856026077939931e-08,-1.443019962731417802e-05,-1.443019962731417802e-05,-2.085462560788065117e-07
2.187455838344343484e-01,-3.869649584587885842e-08,-2.961090431374231382e-05,-1.039013450427065039e-05,1.004754852798977360e+00,7.837018879102460164e-04,7.837018879102460164e-04,-3.869649584587885842e-08,-1.042883100011652866e-05,1.004786139291977687e+00,8.254172119107121243e-04,8.254172119107121243e-04,-6.482046573560937624e-08,-1.405674721301401297e-05,-1.405674721301401297e-05,-1.589974742464389452e-07
2.210481689274284012e-01,-3.887782627282538477e-08,-3.590365925224266543e-05,-1.030821269356125507e-05,1.004199196093855662e+00,1.029385114355708779e-03,1.029385114355708779e-03,-3.887782627282538477e-08,-1.034709051983407972e-05,1.004230237365415057e+00,1.070773476435045186e-03,1.070773476435045186e-03,-6.508843293229781056e-08,-1.353275701064075582e-05,-1.353275701064075582e-05,-1.095837100140266181e-07
2.233507540204224540e-01,-3.898952799655392800e-08,-4.202530184722028556e-05,-1.021204395124771446e-05,1.003650219240585395e+00,1.238328798718423126e-03,1.238328798718423126e-03,-3.898952799655392800e-08,-1.025103347924426798e-05,1.003680972341023159e+00,1.279332932635400110e-03,1.279332932635400110e-03,-6.524294010255290409e-08,-1.287666939736414851e-05,-1.287666939736414851e-05,-6.038681131790941095e-08
2.256533391134165067e-01,-3.903205680175607792e-08,-4.796830054010971803e-05,-1.010203926417302441e-05,1.003108635328556986e+00,1.403159380281941097e-03,1.403159380281941097e-03,-3.903205680175607792e-08,-1.014107132097478111e-05,1.003139058542519946e+00,1.443723665565840126e-03,1.443723665565840126e-03,-6.528465109842963224e-08,-1.211166395474248019e-05,-1.211166395474248019e-05,-1.148746418610011618e-08
2.279559242064105318e-01,-3.900597218454892103e-08,-5.372555033710612558e-05,-9.978626149922347244e-06,1.002575127569072633e+00,1.518336948448476128e-03,1.518336948448476128e-03,-3.900597218454892103e-08,-1.001763212210689542e-05,1.002605180465439005e+00,1.558407476936903751e-03,1.558407476936903751e-03,-6.521441263514469400e-08,-1.126468903359594807e-05,-1.126468903359594807e-05,3.703478403788845646e-08
2.302585092994045846e-01,-3.891193484845910268e-08,-5.929036411655797336e-05,-9.842247682546776218e-06,1.002050348772113519e+00,1.580358596366019091e-03,1.580358596366019091e-03,-3.891193484845910268e-08,-9.881159617395234772e-06,1.002079992250965779e+00,1.619883234835600098e-03,1.619883234835600098e-03,-6.503325156375988547e-08,-1.036534942969911743e-05,-1.036534942969911743e-05,8.510154381934391655e-08
2.325610943923986373e-01,-3.875070453409440704e-08,-6.465646983793434490e-05,-9.693361531837484048e-06,1.001534920887853231e+00,1.587875951944594209e-03,1.587875951944594209e-03,-3.875070453409440704e-08,-9.732112236371578409e-06,1.001564117224562400e+00,1.626804400890080604e-03,1.626804400890080604e-03,-6.474237205388386638e-08,-9.444699551038879799e-06,-9.444699551038879799e-06,1.326356465060998669e-07
2.348636794853926624e-01,-3.852313812390895376e-08,-6.981801332539700736e-05,-9.532439002817027034e-06,1.001029434611450109e+00,1.541723670104130223e-03,1.541723670104130223e-03,-3.852313812390895376e-08,-9.570962140940935677e-06,1.001058147497873030e+00,1.580007518667894033e-03,1.580007518667894033e-03,-6.434315258542413943e-08,-8.533992438439144063e-06,-8.533992438439144063e-06,1.795612507976198072e-07
2.371662645783867152e-01,-3.823018794995194584e-08,-7.476956604367571927e-05,-9.359964063191832567e-06,1.000534449050330066e+00,1.444859357383353540e-03,1.444859357383353540e-03,-3.823018794995194584e-08,-9.398194251141785347e-06,1.000562643633083448e+00,1.482452134387920702e-03,1.482452134387920702e-03,-6.383714265212024039e-08,-7.663435880632151595e-06,-7.663435880632151595e-06,2.258039900137076847e-07
2.394688496713807679e-01,-3.787290022280385641e-08,-7.950613706812619810e-05,-9.176432348133677002e-06,1.000050491453760015e+00,1.302218970102351483e-03,1.302218970102351483e-03,-3.787290022280385641e-08,-9.214305248356480170e-06,1.000078134369505101e+00,1.339076191095777465e-03,1.339076191095777465e-03,-6.322605908779468915e-08,-6.861005640304496656e-06,-6.861005640304496656e-06,2.712911557249301802e-07
2.417714347643748207e-01,-3.745241349420096222e-08,-8.402318828035374245e-05,-8.982350133824451916e-06,9.995780570050076808e-01,1.120495050754454890e-03,1.120495050754454890e-03,-3.745241349420096222e-08,-9.019802547318653420e-06,9.996051164126495969e-01,1.156574260943729572e-03,1.156574260943729572e-03,-6.251178193839541370e-08,-6.151362592760448312e-06,-6.151362592760448312e-06,3.159519117239820000e-07
2.440740198573688735e-01,-3.696995706424489706e-08,-8.831665170090640131e-05,-8.778233273598118734e-06,9.991176086767109554e-01,9.078481065332585052e-04,9.078481065332585052e-04,-3.696995706424489706e-08,-8.815203230662363638e-06,9.991440542864029606e-01,9.431089194559079056e-04,9.431089194559079056e-04,-6.169634981832143617e-08,-5.554915552063004473e-06,-5.554915552063004473e-06,3.597175310525804551e-07
2.463766049503628985e-01,-3.642684924643857218e-08,-9.238294780267443623e-05,-8.564606093125603229e-06,9.986695771503133479e-01,6.735638898417887566e-04,6.735638898417887566e-04,-3.642684924643857218e-08,-8.601032942372042033e-06,9.986953802491405074e-01,7.079680216112769044e-04,7.079680216112769044e-04,-6.078195470743888657e-08,-5.087064965904384526e-06,-5.087064965904384526e-06,4.025216478834696836e-07
2.486791900433569513e-01,-3.582449540986481649e-08,-9.621900363314663473e-05,-8.342000243795888312e-06,9.982343608004690116e-01,4.276712244178514002e-04,4.276712244178514002e-04,-3.582449540986481649e-08,-8.377824739205753327e-06,9.982594942746866318e-01,4.611825233746744135e-04,4.611825233746744135e-04,-5.977093616480234908e-08,-4.757654792815135071e-06,-4.757654792815135071e-06,4.443005155162959001e-07
2.509817751363510041e-01,-3.516438572720081729e-08,-9.982226960847113539e-05,-8.110953516120051967e-06,9.978123257452554684e-01,1.805362685434846711e-04,1.805362685434846711e-04,-3.516438572720081729e-08,-8.146117901847252599e-06,9.978367640989610488e-01,2.131207401508736882e-04,2.131207401508736882e-04,-5.866577495544653196e-08,-4.570651113221395073e-06,-4.570651113221395073e-06,4.849932615858574594e-07
2.532843602293450291e-01,-3.444809256944625590e-08,-1.031907339225303404e-04,-7.872008617527317395e-06,9.974038059628238528e-01,-5.755030157033407635e-05,-5.755030157033407635e-05,-3.444809256944625590e-08,-7.906456710096763677e-06,9.974275253329540902e-01,-2.592447472994702164e-05,-2.592447472994702164e-05,-5.746908610694625841e-08,-4.524056696778457218e-06,-4.524056696778457218e-06,5.245421317850131534e-07
2.555869453223391097e-01,-3.367726750266325222e-08,-1.063229336351165271e-04,-7.625711921227346228e-06,9.970091034747818881e-01,-2.767767871412596240e-04,-2.767767871412596240e-04,-3.367726750266325222e-08,-7.659389188730009467e-06,9.970320816423481336e-01,-2.461392303863395997e-04,-2.461392303863395997e-04,-5.618361143189490709e-08,-4.610061254555360935e-06,-4.610061254555360935e-06,5.628927139547501018e-07
2.578895304153331347e-01,-3.285363785793487440e-08,-1.092179616570310331e-04,-7.372612194786888014e-06,9.966284885961922413e-01,-4.681889647481730834e-04,-4.681889647481730834e-04,-3.285363785793487440e-08,-7.405465832644822690e-06,9.966507049936901286e-01,-4.385671014175937825e-04,-4.385671014175937825e-04,-5.481221157018988246e-08,-4.815417865067167589e-06,-4.815417865067167589e-06,5.999941352480155673e-07
2.601921155083271597e-01,-3.197900286258883173e-08,-1.118754690289734108e-04,-7.113259318668038115e-06,9.962622002515475472e-01,-6.240292349988490594e-04,-6.240292349988490594e-04,-3.197900286258883173e-08,-7.145238321530626537e-06,9.962836359665121488e-01,-5.954482817127265465e-04,-5.954482817127265465e-04,-5.335785762058492028e-08,-5.122027347401657556e-06,-5.122027347401657556e-06,6.357992261863367270e-07
2.624947006013212403e-01,-3.105522933768354733e-08,-1.142956620868362593e-04,-6.848203006127179486e-06,9.959104463555378262e-01,-7.380239248599046757e-04,-7.380239248599046757e-04,-3.105522933768354733e-08,-6.879258235464863271e-06,9.959310841302442263e-01,-7.105068919180452429e-04,-7.105068919180452429e-04,-5.182362244363948828e-08,-5.507704583075301243e-06,-5.507704583075301243e-06,6.702646467438042345e-07
2.647972856943152653e-01,-3.008424698320433845e-08,-1.164792943095733829e-04,-6.577991536564779714e-06,9.955734042568241682e-01,-8.056085410068279619e-04,-8.056085410068279619e-04,-3.008424698320433845e-08,-6.608075783547983967e-06,9.955932284841748636e-01,-7.791762378726359989e-04,-7.791762378726359989e-04,-5.021267172768924626e-08,-5.947094189430586849e-06,-5.947094189430586849e-06,7.033509710483890171e-07
2.670998707873093458e-01,-2.906804328775012170e-08,-1.184276528490532833e-04,-6.303170514636185733e-06,9.952512212424440285e-01,-8.240834080349225587e-04,-8.240834080349225587e-04,-2.906804328775012170e-08,-6.332238557923936037e-06,9.952702179581177644e-01,-7.987544538032268111e-04,-7.987544538032268111e-04,-4.852825491550818035e-08,-6.412697756289733908e-06,-6.412697756289733908e-06,7.350227288256036715e-07
2.694024558803033709e-01,-2.800865811311299124e-08,-1.201425399357646261e-04,-6.024281667190607568e-06,9.949440150998921650e-01,-7.926949858109952644e-04,-7.926949858109952644e-04,-2.800865811311299124e-08,-6.052290325303720612e-06,9.949621719708681145e-01,-7.684858245097803955e-04,-7.684858245097803955e-04,-4.677369609179916255e-08,-6.875971255267988858e-06,-6.875971255267988858e-06,7.652484032570789767e-07
2.717050409732973959e-01,-2.690817801564923046e-08,-1.216262495332632107e-04,-5.741861689431793122e-06,9.946518747333874533e-01,-7.126411343888881160e-04,-7.126411343888881160e-04,-2.690817801564923046e-08,-5.768769867447442402e-06,9.946691810429898473e-01,-6.895660549190983125e-04,-6.895660549190983125e-04,-4.495238493061052305e-08,-7.308449300354353575e-06,-7.308449300354353575e-06,7.940003864301870302e-07
2.740076260662914764e-01,-2.576873037528792701e-08,-1.228815397708779285e-04,-5.456441150631620138e-06,9.943748608303567549e-01,-5.870015538349389285e-04,-5.870015538349389285e-04,-2.576873037528792701e-08,-5.482209881006907929e-06,9.943913074599998181e-01,-5.650727143109113238e-04,-5.650727143109113238e-04,-4.306776779737571427e-08,-7.682852724310732117e-06,-7.682852724310732117e-06,8.212548949520962044e-07
2.763102111592855015e-01,-2.459247740924335896e-08,-1.239116018144184627e-04,-5.168543468335936938e-06,9.941130065737697752e-01,-4.205974698454327271e-04,-4.205974698454327271e-04,-2.459247740924335896e-08,-5.193135945745180346e-06,9.941285859816070269e-01,-3.998249260624519956e-04,-3.998249260624519956e-04,-4.112333909283674587e-08,-7.974137391568823519e-06,-7.974137391568823519e-06,8.469918495508880736e-07
2.786127962522795265e-01,-2.338161015078555804e-08,-1.247200259338926865e-04,-4.878683958346209490e-06,9.938663183956454317e-01,-2.197872445555960582e-04,-2.197872445555960582e-04,-2.338161015078555804e-08,-4.902065568496995389e-06,9.938810245923509479e-01,-2.001789822816080699e-04,-2.001789822816080699e-04,-3.912263291601637670e-08,-8.160445203302757960e-06,-8.160445203302757960e-06,8.711947235392072390e-07
2.809153813452736070e-01,-2.213834247381566167e-08,-1.253107655940772884e-04,-4.587368965914707789e-06,9.936347767668369801e-01,7.793115434103615693e-06,7.793115434103615693e-06,-2.213834247381566167e-08,-4.609507308388523335e-06,9.936486052887621989e-01,2.623114466765770903e-05,2.623114466765770903e-05,-3.706921511114314195e-08,-8.223922709232974981e-06,-8.223922709232974981e-06,8.938503658470000990e-07
2.832179664382676321e-01,-2.086490524153919531e-08,-1.256881004266292726e-04,-4.295095081634222712e-06,9.934183370180911243e-01,2.535336952417613647e-04,2.535336952417613647e-04,-2.086490524153919531e-08,-4.315959986875761934e-06,9.934312848980517696e-01,2.707975351892644091e-04,2.707975351892644091e-04,-3.496667574955966834e-08,-8.151378405100323339e-06,-8.151378405100323339e-06,9.149488049119347555e-07
2.855205515312616571e-01,-1.956354065245785371e-08,-1.258565989425730375e-04,-4.002348443508993386e-06,9.932169301873652323e-01,5.081863609465953014e-04,5.081863609465953014e-04,-1.956354065245785371e-08,-4.021911984161451088e-06,9.932289959233177035e-01,5.242740088832410685e-04,5.242740088832410685e-04,-3.281862208271365027e-08,-7.934756438722655037e-06,-7.934756438722655037e-06,9.344830400449234547e-07
2.878231366242557376e-01,-1.823649684947320411e-08,-1.258210818124282245e-04,-3.709604124742023893e-06,9.930304638884772661e-01,7.622191840770310310e-04,7.622191840770310310e-04,-1.823649684947320411e-08,-3.727840621591497067e-06,9.930416474103420654e-01,7.771305465633969803e-04,7.771305465633969803e-04,-3.062867198697466202e-08,-7.571411771642135332e-06,-7.571411771642135332e-06,9.524488269566180053e-07
2.901257217172497627e-01,-1.688602284847802867e-08,-1.255865864814134419e-04,-3.417325604927995325e-06,9.928588231963406674e-01,1.006175975317205465e-03,1.006175975317205465e-03,-1.688602284847802867e-08,-3.434211627776473426e-06,9.928691258312239976e-01,1.019912821828311339e-03,1.019912821828311339e-03,-2.840044790577532710e-08,-7.064179577825007534e-06,-7.064179577825007534e-06,9.688444639535828912e-07
2.924283068102438432e-01,-1.551436383182500246e-08,-1.251583338024156639e-04,-3.125964320667952786e-06,9.927018715443021168e-01,1.231027417190049206e-03,1.231027417190049206e-03,-1.551436383182500246e-08,-3.141478684499777901e-06,9.927112959803555681e-01,1.243593331928048284e-03,1.243593331928048284e-03,-2.613757128003547597e-08,-6.421239482425066013e-06,-6.421239482425066013e-06,9.836705849042945126e-07
2.947308919032378682e-01,-1.412375683999149247e-08,-1.245416972646893857e-04,-2.835959290173096222e-06,9.925594516294290459e-01,1.428500899707630528e-03,1.428500899707630528e-03,-1.412375683999149247e-08,-2.850083047013087562e-06,9.925680018785700831e-01,1.439901231895682936e-03,1.439901231895682936e-03,-2.384365744449353389e-08,-5.655782858918428074e-06,-5.655782858918428074e-06,9.969299644651023991e-07
2.970334769962318933e-01,-1.271642688196899453e-08,-1.237421752759065093e-04,-2.547736805227193903e-06,9.924313863219861309e-01,1.591377249067592228e-03,1.591377249067592228e-03,-1.271642688196899453e-08,-2.560453232109162700e-06,9.924390676816824408e-01,1.601619061996028843e-03,1.601619061996028843e-03,-2.152231095575252312e-08,-4.785498591235464824e-06,-4.785498591235464824e-06,1.008627340272296567e-06
2.993360620892259738e-01,-1.129458347212674054e-08,-1.227653668255093613e-04,-2.261710182993297081e-06,9.923174795757642164e-01,1.713744023689301940e-03,1.713744023689301940e-03,-1.129458347212674054e-08,-2.273004766465423656e-06,9.923242985900636581e-01,1.722836042755163718e-03,1.722836042755163718e-03,-1.917712130818700445e-08,-3.831899065647684588e-06,-3.831899065647684588e-06,1.018769255892533500e-06
3.016386471822199988e-01,-9.860417588642655729e-09,-1.216169507223633799e-04,-1.978279569547479827e-06,9.922175173363818601e-01,1.791196895184117262e-03,1.791196895184117262e-03,-9.860417588642655729e-09,-1.988139987136122396e-06,9.922234817563432285e-01,1.799149455132661697e-03,1.799149455132661697e-03,-1.681165898620011185e-08,-2.819513685802139618e-06,-2.819513685802139618e-06,1.027363927311687809e-06
3.039412322752140794e-01,-8.416099036863012018e-09,-1.203026684661348230e-04,-1.697831786753466270e-06,9.921312684451382147e-01,1.820982724719626177e-03,1.820982724719626177e-03,-8.416099036863012018e-09,-1.706247885790329200e-06,9.921363871887955987e-01,1.827807716262787449e-03,1.827807716262787449e-03,-1.442947179624488577e-08,-1.774981503715095577e-06,-1.774981503715095577e-06,1.034421134683339600e-06
3.062438173682081044e-01,-6.963774190257161855e-09,-1.188283106833261876e-04,-1.420740214113925916e-06,9.920584855364567023e-01,1.802080228020684106e-03,1.802080228020684106e-03,-6.963774190257161855e-09,-1.427703988304183051e-06,9.920627686484215779e-01,1.807791043973900908e-03,1.807791043973900908e-03,-1.203408141930061671e-08,-7.260776642232008021e-07,-7.260776642232008021e-07,1.039952139985883374e-06
3.085464024612021294e-01,-5.505564072432497777e-09,-1.171997069403962917e-04,-1.147364697546319062e-06,9.919989059273871534e-01,1.735216496180845905e-03,1.735216496180845905e-03,-5.505564072432497777e-09,-1.152870261618751659e-06,9.920023645381720323e-01,1.739827977227320979e-03,1.739827977227320979e-03,-9.628980124249282737e-09,2.992898975356802842e-07,2.992898975356802842e-07,1.043969630194865255e-06
3.108489875541962100e-01,-4.043562736253877106e-09,-1.154227186421019429e-04,-8.780514776017992953e-07,9.919522524980459721e-01,1.622820004168074167e-03,1.622820004168074167e-03,-4.043562736253877106e-09,-8.820950403380531766e-07,9.919548987831670050e-01,1.626348384329426473e-03,1.626348384329426473e-03,-7.217627584687270637e-09,1.274076691867318379e-06,1.274076691867318379e-06,1.046487684605576106e-06
3.131515726471902350e-01,-2.579835890543061183e-09,-1.135032346350684282e-04,-6.131331304346810133e-07,9.919182345622232777e-01,1.468913031994575251e-03,1.468913031994575251e-03,-2.579835890543061183e-09,-6.157129663252240290e-07,9.919200817011222249e-01,1.471375883859876157e-03,1.471375883859876157e-03,-4.803447745898193011e-09,2.173054986226589335e-06,2.173054986226589335e-06,1.047521764063286165e-06
3.154541577401842600e-01,-1.116419721341792782e-09,-1.114471690678056729e-04,-3.529285158024721694e-07,9.918965487277047188e-01,1.278948544621610417e-03,1.278948544621610417e-03,-1.116419721341792782e-09,-3.540449355238139831e-07,9.918976108625112698e-01,1.280364724363705718e-03,1.280364724363705718e-03,-2.389825694805092839e-09,2.973690583948208748e-06,2.973690583948208748e-06,1.047088719109618928e-06
3.177567428331783406e-01,3.446801466974019321e-10,-1.092604610102932344e-04,-9.774272748002616369e-08,9.918868797461010134e-01,1.059598454731094062e-03,1.059598454731094062e-03,3.446801466974019321e-10,-9.739804733332876775e-08,9.918871719402430065e-01,1.059988046920427385e-03,1.059988046920427385e-03,1.989550665565063191e-11,3.656912853478994611e-06,3.656912853478994611e-06,1.045206813454428948e-06
3.200593279261723656e-01,1.801489602655014048e-09,-1.069490753087197320e-04,1.521329573379731664e-07,9.918889013521698939e-01,8.185017826899233058e-04,8.185017826899233058e-04,1.801489602655014048e-09,1.539344469406281924e-07,9.918884395488291039e-01,8.178860449021607476e-04,8.178860449021607476e-04,2.422418055468338202e-09,4.207752201410392028e-06,4.207752201410392028e-06,1.041895758741325350e-06
3.223619130191663906e-01,3.252066966768307365e-09,-1.045190041445632665e-04,3.964211318437868775e-07,9.919022770927496957e-01,5.639824643595226037e-04,5.639824643595226037e-04,3.252066966768307365e-09,3.996731988105551939e-07,9.919010780731533083e-01,5.623837715642804151e-04,5.623837715642804151e-04,4.814492729862706578e-09,4.615824417818016011e-06,4.615824417818016011e-06,1.037176756306695978e-06
3.246644981121604712e-01,4.694503920035963704e-09,-1.019762687807162718e-04,6.348583176152879536e-07,9.919266611454882199e-01,3.047474121563910083e-04,3.047474121563910083e-04,4.694503920035963704e-09,6.395528215353239181e-07,9.919247424870235585e-01,3.021892008702497037e-04,3.021892008702497037e-04,7.192922311077558429e-09,4.875647152964922469e-06,4.875647152964922469e-06,1.031072541536180313e-06
3.269670832051544962e-01,6.126926487349058950e-09,-9.932692100884663922e-05,8.671950266245519010e-07,9.919616991275690410e-01,4.957589483599510275e-05,4.957589483599510275e-05,6.126926487349058950e-09,8.733219531119009716e-07,9.919590791617096670e-01,4.608260702354749971e-05,4.608260702354749971e-05,9.554565105517566529e-09,4.986780029129805817e-06,4.986780029129805817e-06,1.023607426490988655e-06
3.292696682981485767e-01,7.547496108490657271e-09,-9.657704385997386046e-05,1.093195826006284212e-06,9.920070288945969095e-01,-1.929886481956741404e-04,-1.929886481956741404e-04,7.547496108490657271e-09,1.100743322114774793e-06,9.920037266646305474e-01,-1.973916214841332480e-04,-1.973916214841332480e-04,1.189633855853380798e-08,4.953786278639832908e-06,4.953786278639832908e-06,1.014807336703641007e-06
3.315722533911426018e-01,8.954410823421093520e-09,-9.373275120126870017e-05,1.312639403396391976e-06,9.920622813297222953e-01,-4.149335829011519135e-04,-4.149335829011519135e-04,8.954410823421093520e-09,1.321593814219813079e-06,9.920583165482795840e-01,-4.202199581580311574e-04,-4.202199581580311574e-04,1.421522294203253612e-08,4.786020108045559459e-06,4.786020108045559459e-06,1.004699838409068776e-06
3.338748384841366268e-01,1.034590658969467007e-08,-9.080018591366316514e-05,1.525318629862701315e-06,9.921270811229677689e-01,-6.090487849154373884e-04,-6.090487849154373884e-04,1.034590658969467007e-08,1.535664536452395921e-06,9.921224741293583893e-01,-6.151914430612469373e-04,-6.151914430612469373e-04,1.650826509004469417e-08,4.497250031477507856e-06,4.497250031477507856e-06,9.933141529650093559e-07
3.361774235771307073e-01,1.172025874103597505e-08,-8.778551642357893599e-05,1.731040616842948534e-06,9.922010475405702579e-01,-7.691660550229738628e-04,-7.691660550229738628e-04,1.172025874103597505e-08,1.742760875583984451e-06,9.921958192579435343e-01,-7.761370985253097498e-04,-7.761370985253097498e-04,1.877258214961631101e-08,4.105133921374942948e-06,4.105133921374942948e-06,9.806811558002321783e-07
3.384800086701247324e-01,1.307578358728203647e-08,-8.469493144495531727e-05,1.929626763080831413e-06,9.922837951839919013e-01,-8.903585632896591140e-04,-8.903585632896591140e-04,1.307578358728203647e-08,1.942702546668113512e-06,9.922779670763518522e-01,-8.981293734763315731e-04,-8.981293734763315731e-04,2.100536530898967727e-08,3.630566391240111151e-06,3.630566391240111151e-06,9.668333578866310863e-07
3.407825937631188129e-01,1.441084014744392949e-08,-8.153463287139811882e-05,2.120912787323865803e-06,9.923749347380714791e-01,-9.690942048410504687e-04,-9.690942048410504687e-04,1.441084014744392949e-08,2.135323627471309845e-06,9.923685287671890620e-01,-9.776354993509357369e-04,-9.776354993509357369e-04,2.320388346126321938e-08,3.096923137938681824e-06,3.096923137938681824e-06,9.518048684335122197e-07
3.430851788561128379e-01,1.572383199980826128e-08,-7.831082683971510457e-05,2.304748742509940229e-06,9.924740737076217512e-01,-1.003338485979272986e-03,-1.003338485979272986e-03,1.572383199980826128e-08,2.320472574509748549e-06,9.924671122898982567e-01,-1.012620376277311926e-03,-1.012620376277311926e-03,2.536548675956541202e-08,2.529229945885328534e-06,2.529229945885328534e-06,9.356313382228907419e-07
3.453877639491068630e-01,1.701320922603658385e-08,-7.502971306262827425e-05,2.480999007315893677e-06,9.925808171416053982e-01,-9.926044013293831500e-04,-9.926044013293831500e-04,1.701320922603658385e-08,2.498012216541930308e-06,9.925733231049557181e-01,-1.002596450195550890e-03,-1.002596450195550890e-03,2.748761001928338246e-08,1.953286103955386766e-06,1.953286103955386766e-06,9.183498837176182378e-07
3.476903490421009435e-01,1.827747042034203874e-08,-7.169747259752757413e-05,2.649542251256192586e-06,9.926947683438718251e-01,-9.379486419770453887e-04,-9.379486419770453887e-04,1.827747042034203874e-08,2.667819721676534496e-06,9.926867648847067516e-01,-9.486199208637515097e-04,-9.486199208637515097e-04,2.956777592399775051e-08,1.394772960513937590e-06,1.394772960513937590e-06,8.999989927540804072e-07
3.499929341350949685e-01,1.951516473018364281e-08,-6.832025427781575930e-05,2.810271369983358050e-06,9.928155295693150695e-01,-8.419153268304289776e-04,-8.419153268304289776e-04,1.951516473018364281e-08,2.829786534713541888e-06,9.928070402097108893e-01,-8.532344729692831198e-04,-8.532344729692831198e-04,3.160359799439459457e-08,8.783782422296436386e-07,8.783782422296436386e-07,8.806184132567760995e-07
3.522955192280889936e-01,2.072489389163259452e-08,-6.490416008203095150e-05,2.963093388029880570e-06,9.929427027042024845e-01,-7.084302103570643602e-04,-7.084302103570643602e-04,2.072489389163259452e-08,2.983818281921513247e-06,9.929337512493566775e-01,-7.203654834847504369e-04,-7.203654834847504369e-04,3.359278328339845254e-08,4.269656191659827309e-07,4.269656191659827309e-07,8.602490269632135787e-07
3.545981043210830741e-01,2.190531422068534281e-08,-6.145522975248565928e-05,3.107929326916917613e-06,9.930758899293624653e-01,-5.426499336844525356e-04,-5.426499336844525356e-04,2.190531422068534281e-08,3.129834641137602900e-06,9.930665004254390915e-01,-5.551692722490029607e-04,-5.551692722490029607e-04,3.553313476590726259e-08,6.081687932381044436e-08,6.081687932381044436e-08,8.389327106092909084e-07
3.569006894140770991e-01,2.305513852134193127e-08,-5.797942499903913018e-05,3.244714037310064486e-06,9.932146943648825221e-01,-3.507723014144591557e-04,-3.507723014144591557e-04,2.305513852134193127e-08,3.267769175831406423e-06,9.932048910573549882e-01,-3.638433781177847831e-04,-3.638433781177847831e-04,3.742255339759955188e-08,-2.030289237571667184e-07,-2.030289237571667184e-07,8.167121873861547019e-07
3.592032745070711242e-01,2.417313787219199776e-08,-5.448261363452192312e-05,3.373395994695546020e-06,9.933587206949675563e-01,-1.398147396579547984e-04,-1.398147396579547984e-04,2.417313787219199776e-08,3.397569132567737945e-06,9.933485279875698959e-01,-1.534050161882257401e-04,-1.534050161882257401e-04,3.925903982406608255e-08,-3.513187346768530287e-07,-3.513187346768530287e-07,7.936308717301113546e-07
3.615058596000652047e-01,2.525814325546550037e-08,-5.097055398683955797e-05,3.493937058853382815e-06,9.935075757716474998e-01,8.263100672198625107e-05,8.263100672198625107e-05,2.525814325546550037e-08,3.519195202108848260e-06,9.934970181860411920e-01,6.855422591355085464e-05,6.855422591355085464e-05,4.104069572875175318e-08,-3.749949131731091087e-07,-3.749949131731091087e-07,7.697327106465781349e-07
3.638084446930592297e-01,2.630904699589760367e-08,-4.744887991943182962e-05,3.606312198188936294e-06,9.936608691960915341e-01,3.086592736023786821e-04,3.086592736023786821e-04,2.630904699589760367e-08,3.632621245184834073e-06,9.936499713323559968e-01,2.941287886216393459e-04,2.941287886216393459e-04,4.276572481561724165e-08,-2.694593484130674184e-07,-2.694593484130674184e-07,7.450620247959752430e-07
3.661110297860533103e-01,2.732480398115849181e-08,-4.392308676765875830e-05,3.710509180723226523e-06,9.938182138763880236e-01,5.303170106212538610e-04,5.303170106212538610e-04,2.732480398115849181e-08,3.737833984704385035e-06,9.938070003744339243e-01,5.153656746824362717e-04,5.153656746824362717e-04,4.443243342977610615e-08,-3.468587848780238776e-08,-3.468587848780238776e-08,7.196633524880853815e-07
3.684136148790473353e-01,2.830443264082661959e-08,-4.039851846539087429e-05,3.806528234214477245e-06,9.939792265607795274e-01,7.398674907800077347e-04,7.398674907800077347e-04,2.830443264082661959e-08,3.834832666855304037e-06,9.939677220627789467e-01,7.245281601125864914e-04,7.245281601125864914e-04,4.603923082641050084e-08,3.248202112914226291e-07,3.248202112914226291e-07,6.935812995513164288e-07
3.707161999720413603e-01,2.924701566675246837e-08,-3.688035609498109741e-05,3.894381678469252191e-06,9.941435283454935767e-01,9.300425456805281720e-04,9.300425456805281720e-04,2.924701566675246837e-08,3.923628694136004815e-06,9.941317574594111806e-01,9.143480309039841731e-04,9.143480309039841731e-04,4.758462910480563298e-08,8.002117490526678023e-07,8.002117490526678023e-07,6.668603977727678923e-07
3.730187850650354409e-01,3.015170046389593176e-08,-3.337360804698292230e-05,3.974093533379745977e-06,9.943107451564824339e-01,1.094275256330411996e-03,1.094275256330411996e-03,3.015170046389593176e-08,4.004245233843642061e-06,9.942987324207809285e-01,1.078258275395037411e-03,1.078258275395037411e-03,4.906724283011670961e-08,1.378629620805370469e-06,1.378629620805370469e-06,6.395449742597574354e-07
3.753213701580294659e-01,3.101769932721724513e-08,-2.988310192495437914e-05,4.045699106596544138e-06,9.944805082045697908e-01,1.226905866406520886e-03,1.226905866406520886e-03,3.101769932721724513e-08,4.076716805923761582e-06,9.944682780541520550e-01,1.210598999182825901e-03,1.210598999182825901e-03,5.048578837047181433e-08,2.043659954637393791e-06,2.043659954637393791e-06,6.116790336655473187e-07
3.776239552510235464e-01,3.184428934657791002e-08,-2.641347827788759683e-05,4.109244564987085459e-06,9.946524544136947643e-01,1.323354728899020028e-03,1.323354728899020028e-03,3.184428934657791002e-08,4.141088854333663699e-06,9.946400311471317313e-01,1.306790373481685414e-03,1.306790373481685414e-03,5.183908298090134115e-08,2.775901540710138073e-06,2.775901540710138073e-06,5.833061547717123142e-07
3.799265403440175715e-01,3.263081204783642636e-08,-2.296918618954098810e-05,4.164786494157538652e-06,9.948262268221362836e-01,1.380257322775797161e-03,1.380257322775797161e-03,3.263081204783642636e-08,4.197417306205374708e-06,9.948136345702176531e-01,1.363467653550975642e-03,1.363467653550975642e-03,5.312604366849554698e-08,3.553623204098549374e-06,3.553623204098549374e-06,5.544694024396648549e-07
3.822291254370115965e-01,3.337667278408324833e-08,-1.955448070236696624e-05,4.212391450315611049e-06,9.950014749567985817e-01,1.395557727724087765e-03,1.395557727724087765e-03,3.337667278408324833e-08,4.245768123099694674e-06,9.949887376524292337e-01,1.378574655231689034e-03,1.378574655231689034e-03,5.434568587492399973e-08,4.353488346390043198e-06,4.353488346390043198e-06,5.252112554540054533e-07
3.845317105300056770e-01,3.408133989612735882e-08,-1.617342200541648791e-05,4.252135508637542186e-06,9.951778551808120321e-01,1.368558373492089440e-03,1.368558373492089440e-03,3.408133989612735882e-08,4.286216848533669571e-06,9.951649965302664658e-01,1.351413506097954654e-03,1.351413506097954654e-03,5.549712201307373823e-08,5.151322161020287654e-06,5.151322161020287654e-06,4.955735502974159755e-07
3.868342956229997021e-01,3.474434366581560512e-08,-1.282987627168672410e-05,4.284103812082541718e-06,9.953550310148852054e-01,1.299925347759113559e-03,1.299925347759113559e-03,3.474434366581560512e-08,4.318848155748357349e-06,9.953420744704180034e-01,1.282649955136120224e-03,1.282649955136120224e-03,5.657955989410698474e-08,5.922896139091937956e-06,5.922896139091937956e-06,4.655974404333710317e-07
3.891368807159937271e-01,3.536527508936031265e-08,-9.527517992381091862e-06,4.308390124282070734e-06,9.955326734329909000e-01,1.191649989973139192e-03,1.191649989973139192e-03,3.536527508936031265e-08,4.343755399371431060e-06,9.955196421667927842e-01,1.174274968375653427e-03,1.174274968375653427e-03,5.759230107974080378e-08,6.644704445325943380e-06,6.644704445325943380e-06,4.353233702461336449e-07
3.914394658089878076e-01,3.594378450054048634e-08,-6.269833624223824736e-06,4.325096389736626253e-06,9.957104611331064614e-01,1.046968882166381511e-03,1.046968882166381511e-03,3.594378450054048634e-08,4.361040174237166349e-06,9.956973780125837337e-01,1.029524721469432785e-03,1.029524721469432785e-03,5.853473919213262957e-08,7.294707514614280740e-06,7.294707514614280740e-06,4.047910624080844347e-07
3.937420509019818327e-01,3.647958007536876488e-08,-3.060126341820240324e-06,4.334332304093800032e-06,9.958880807838437210e-01,8.702456280407513088e-04,8.702456280407513088e-04,3.647958007536876488e-08,4.370811884169168632e-06,9.958749683481912252e-01,8.527623805040746106e-04,8.527623805040746106e-04,5.940635821052476925e-08,7.853019767018679036e-06,7.853019767018679036e-06,3.740395171206920052e-07
3.960446359949758577e-01,3.697242625054180282e-08,9.847832913431935383e-08,4.336214896777287322e-06,9.960652272478892622e-01,6.668189413920012562e-04,6.668189413920012562e-04,3.697242625054180282e-08,4.373187323027829032e-06,9.960521076859202294e-01,6.493261920998899062e-04,6.493261920998899062e-04,6.020673077990602726e-08,8.302520577927419043e-06,8.302520577927419043e-06,3.431070214193292191e-07
3.983472210879699382e-01,3.742214208777781401e-08,3.203026230675583888e-06,4.330868127703808580e-06,9.962416037832456661e-01,4.428225278432086458e-04,4.428225278432086458e-04,3.742214208777781401e-08,4.368290269791586513e-06,9.962284989124362555e-01,4.253493667640423099e-04,4.253493667640423099e-04,6.093551655253967055e-08,8.629370492201720073e-06,8.629370492201720073e-06,3.120311665430600499e-07
4.006498061809639633e-01,3.782859961500060827e-08,6.250727877225721089e-06,4.318422499281948051e-06,9.964169222233003609e-01,2.049830025340887148e-04,2.049830025340887148e-04,3.782859961500060827e-08,4.356251098896948990e-06,9.964038534700037086e-01,1.875579981385009222e-04,1.875579981385009222e-04,6.159246057844731066e-08,8.823418029497890363e-06,8.823418029497890363e-06,2.808488712552086027e-07
4.029523912739580438e-01,3.819172217334479587e-08,9.238951573550950420e-06,4.299014684352530193e-06,9.965909031367728987e-01,-3.959737501010342898e-05,-3.959737501010342898e-05,3.819172217334479587e-08,4.337206406525874797e-06,9.965778915175532715e-01,-5.694620063620692816e-05,-5.694620063620692816e-05,6.217739175601256393e-08,8.878486149745390941e-06,8.878486149745390941e-06,2.495964089582192612e-07
4.052549763669520688e-01,3.851148279623284240e-08,1.216521656068701735e-05,4.272787170216839407e-06,9.967632759685789434e-01,-2.836660516958054777e-04,-2.836660516958054777e-04,3.851148279623284240e-08,4.311298653013072051e-06,9.967503420726199215e-01,-3.009112463078577422e-04,-3.009112463078577422e-04,6.269022134890786131e-08,8.792531446025754913e-06,8.792531446025754913e-06,2.183094364726826529e-07
4.075575614599460939e-01,3.878790264341411291e-08,1.502718638575758028e-05,4.239887918424577232e-06,9.969337791626335932e-01,-5.200464403307163619e-04,-5.200464403307163619e-04,3.878790264341411291e-08,4.278675821067990981e-06,9.969209431351704342e-01,-5.371611436149883664e-04,-5.371611436149883664e-04,6.313094157074246876e-08,8.567673235877097261e-06,8.567673235877097261e-06,1.870230224438619075e-07
4.098601465529401744e-01,3.902104950900532677e-08,1.782266266802109975e-05,4.200470039569102916e-06,9.971021602675652629e-01,-7.418580543633442005e-04,-7.418580543633442005e-04,3.902104950900532677e-08,4.239491089078108289e-06,9.970894417942980370e-01,-7.588160187196566235e-04,-7.588160187196566235e-04,6.349962423431236054e-08,8.210093813798739225e-06,8.210093813798739225e-06,1.557716734916604911e-07
4.121627316459341994e-01,3.921103641834374045e-08,2.054957940601423501e-05,4.154691481970938747e-06,9.972681760262617212e-01,-9.427238447036207641e-04,-9.427238447036207641e-04,3.921103641834374045e-08,4.193902518389282594e-06,9.972555943187065841e-01,-9.594994547771778810e-04,-9.594994547771778810e-04,6.379641945820871525e-08,7.729815102813954644e-06,7.729815102813954644e-06,1.245893564242869286e-07
4.144653167389282800e-01,3.935802032405126129e-08,2.320599794042218152e-05,4.102714732835344093e-06,9.974315924500980479e-01,-1.116958619843090193e-03,-1.116958619843090193e-03,3.935802032405126129e-08,4.142072753159394937e-06,9.974191662318385720e-01,-1.133526910855727800e-03,-1.133526910855727800e-03,6.402155441998067943e-08,7.140360621367142670e-06,7.140360621367142670e-06,9.350951508307869461e-08
4.167679018319223050e-01,3.946220090718174663e-08,2.579010265534473033e-05,4.044706530242321910e-06,9.975921848786160062e-01,-1.259733162076533694e-03,-1.259733162076533694e-03,3.946220090718174663e-08,4.084168731149503829e-06,9.975799323724225953e-01,-1.276069837001131716e-03,-1.276069837001131716e-03,6.417533214204631738e-08,6.458315044748366743e-06,6.458315044748366743e-06,6.256508066619364021e-08
4.190704869249163300e-01,3.952381948490287265e-08,2.830019746814578478e-05,3.980837584179338932e-06,9.977497380253479431e-01,-1.367209526423239724e-03,-1.367209526423239724e-03,3.952381948490287265e-08,4.020361403664241904e-06,9.977376769411369084e-01,-1.383290972037896699e-03,-1.383290972037896699e-03,6.425813029426379917e-08,5.702796503839049211e-06,5.702796503839049211e-06,3.178847468123868073e-08
4.213730720179104106e-01,3.954315802192689328e-08,3.073470312605110357e-05,3.911282304751543013e-06,9.979040460103860699e-01,-1.436643996379530133e-03,-1.436643996379530133e-03,3.954315802192689328e-08,3.950825462773469589e-06,9.978921935339977178e-01,-1.452447298230623947e-03,-1.452447298230623947e-03,6.427039999547950518e-08,4.894859115813401032e-06,4.894859115813401032e-06,1.211603991102911988e-09
4.236756571109044356e-01,3.952053823896883800e-08,3.309215529695306641e-05,3.836218535701674267e-06,9.980549123802218148e-01,-1.466455244357481921e-03,-1.466455244357481921e-03,3.952053823896883800e-08,3.875739073940643403e-06,9.980432851630000046e-01,-1.481958200653244470e-03,-1.481958200653244470e-03,6.421266459550375353e-08,4.056845008188345886e-06,4.056845008188345886e-06,-2.913415226575462529e-08
4.259782422038984606e-01,3.945632080804263980e-08,3.537120341373461795e-05,3.755827291438929617e-06,9.982021501152912313e-01,-1.456256351198148211e-03,-1.456256351198148211e-03,3.945632080804263980e-08,3.795283612246972104e-06,9.981907642644545220e-01,-1.471437485647136140e-03,-1.471437485647136140e-03,6.408551841883560492e-08,3.211706214116745686e-06,3.211706214116745686e-06,-5.921796379330992830e-08
4.282808272968925412e-01,3.935090462138986376e-08,3.757061020601123660e-05,3.670292495903023754e-06,9.983455816255952797e-01,-1.406850469481396321e-03,-1.406850469481396321e-03,3.935090462138986376e-08,3.709643400524413677e-06,9.983344526953936704e-01,-1.421689043083493873e-03,-1.421689043083493873e-03,6.388962545199497988e-08,2.382317318272621338e-06,2.382317318272621338e-06,-8.900957791531555716e-08
4.305834123898865662e-01,3.920472611844096577e-08,3.968925183165646569e-05,3.579800721772444055e-06,9.984850387346928535e-01,-1.320191009566686492e-03,-1.320191009566686492e-03,3.920472611844096577e-08,3.619005447890885067e-06,9.984741817183492296e-01,-1.334667031358250083e-03,-1.334667031358250083e-03,6.362571795751613564e-08,1.590799571466217426e-06,1.590799571466217426e-06,-1.184793553692177333e-07
4.328859974828805912e-01,3.901825865341428686e-08,4.172611850295463468e-05,3.484540928752345329e-06,9.986203626523124655e-01,-1.199308268981084643e-03,-1.199308268981084643e-03,3.901825865341428686e-08,3.523559187405759589e-06,9.986097919747501939e-01,-1.213402505730707672e-03,-1.213402505730707672e-03,6.329459499941230332e-08,8.578764263959741471e-07,8.578764263959741471e-07,-1.475983122416482720e-07
4.351885825758746718e-01,3.879201188500830070e-08,4.368031548902476534e-05,3.384704199940232041e-06,9.987514039357761053e-01,-1.048205383946029887e-03,-1.048205383946029887e-03,3.879201188500830070e-08,3.423496211825240315e-06,9.987411334471406610e-01,-1.061899368793330772e-03,-1.061899368793330772e-03,6.289712086717749099e-08,2.022790936802553636e-07,2.022790936802553636e-07,-1.763381669752872554e-07
4.374911676688686968e-01,3.852653116916744578e-08,4.555106436770810853e-05,3.280483475553473837e-06,9.988780224404065766e-01,-8.717273175568412665e-04,-8.717273175568412665e-04,3.852653116916744578e-08,3.319010006722641488e-06,9.988680654103864187e-01,-8.850033575837318138e-04,-8.850033575837318138e-04,6.243422338803536531e-08,-3.597811450477857151e-07,-3.597811450477857151e-07,-2.046713912259552856e-07
4.397937527618627773e-01,3.822239693603827955e-08,4.733770439593391980e-05,3.172073283604172771e-06,9.990000872590547587e-01,-6.754073128815509018e-04,-6.754073128815509018e-04,3.822239693603827955e-08,3.210295680540210925e-06,9.989904563720131137e-01,-6.882484956037117439e-04,-6.882484956037117439e-04,6.190689212010108454e-08,-8.150594566476163306e-07,-8.150594566476163306e-07,-2.325712632394385585e-07
4.420963378548568024e-01,3.788022403299630510e-08,4.903969386800651126e-05,3.059669467410979539e-06,9.991174766508869043e-01,-4.652957925077583212e-04,-4.652957925077583212e-04,3.788022403299630510e-08,3.097549691443975639e-06,9.991081840018125604e-01,-4.776859912735342221e-04,-4.776859912735342221e-04,6.131617642226143000e-08,-1.153631084736424158e-06,-1.153631084736424158e-06,-2.600119223561361086e-07
4.443989229478508274e-01,3.750066101693219579e-08,5.065661133575129937e-05,2.943468910135224094e-06,9.992300779595659765e-01,-2.477770806156286707e-04,-2.477770806156286707e-04,3.750066101693219579e-08,2.980969571152156098e-06,9.992211350508525269e-01,-2.597009589002372866e-04,-2.597009589002372866e-04,6.066318339980855819e-08,-1.369143326030708317e-06,-1.369143326030708317e-06,-2.869684232348264694e-07
4.467015080408449079e-01,3.708438938079679508e-08,5.218815657261527451e-05,2.823669256813001737e-06,9.993377875209770167e-01,-2.937955024179881149e-05,-2.937955024179881149e-05,3.708438938079679508e-08,2.860753646193798579e-06,9.993292052600384334e-01,-4.082256482657400411e-05,-4.082256482657400411e-05,5.994907572809756747e-08,-1.458960262577040964e-06,-1.458960262577040964e-06,-3.134167884124119827e-07
4.490040931338389329e-01,3.663212270162242987e-08,5.363415117545334914e-05,2.700468634612126738e-06,9.994405105606712914e-01,1.834151497720649265e-04,1.834151497720649265e-04,3.663212270162242987e-08,2.737100757313749168e-06,9.994322992583993814e-01,1.724667467428099197e-04,1.724667467428099197e-04,5.917506935958638828e-08,-1.424197872729724143e-06,-1.424197872729724143e-06,-3.393340578851573258e-07
4.513066782268330135e-01,3.614460569980592898e-08,5.499453871191337806e-05,2.574065372273876047e-06,9.995381610812323903e-01,3.843582434513354885e-04,3.843582434513354885e-04,3.614460569980592898e-08,2.610209977973681837e-06,9.995303304512984655e-01,3.739174035394407731e-04,3.739174035394407731e-04,5.834243112255113124e-08,-1.269650397166455157e-06,-1.269650397166455157e-06,-3.646983344996424166e-07
4.536092633198270385e-01,3.562261320223772526e-08,5.626938433783311764e-05,2.444657719890935206e-06,9.996306617398079686e-01,5.676100787096465157e-04,5.676100787096465157e-04,3.562261320223772526e-08,2.480280333093173110e-06,9.996232208988087287e-01,5.576889573772737894e-04,5.576889573772737894e-04,5.745247622238786179e-08,-1.003611941632583712e-06,-1.003611941632583712e-06,-3.894888240782067617e-07
4.559118484128210635e-01,3.506694900482039095e-08,5.745887382700708178e-05,2.312443570326008958e-06,9.997179437160925719e-01,7.279016215535686870e-04,7.279016215535686870e-04,3.506694900482039095e-08,2.347510519330829164e-06,9.997109011845345394e-01,7.185115794762453280e-04,7.185115794762453280e-04,5.650656565870695180e-08,-6.376002378928080417e-07,-6.376002378928080417e-07,-4.136858693651997811e-07
4.582144335058151441e-01,3.447844463294650342e-08,5.856331197462958955e-05,2.177620183685551796e-06,9.997999465710936118e-01,8.606768796670957820e-04,8.606768796670957820e-04,3.447844463294650342e-08,2.212098628318498432e-06,9.997933102752086798e-01,8.518284851538217425e-04,8.518284851538217425e-04,5.550610357332279076e-08,-1.859921505175958973e-07,-1.859921505175958973e-07,-4.372709770630894436e-07
4.605170185988091691e-01,3.385795800147553571e-08,5.958312035487543437e-05,2.040383916326938281e-06,9.998766180970630746e-01,9.622125905873315848e-04,9.622125905873315848e-04,3.385795800147553571e-08,2.074241874328413777e-06,9.998703953714400683e-01,9.539156230900178992e-04,9.539156230900178992e-04,5.445253454568037117e-08,3.344171784343583695e-07,3.344171784343583695e-07,-4.602268374231669667e-07
4.628196036918031941e-01,3.320637197864516698e-08,6.051883443207702940e-05,1.900929955899556836e-06,9.999479141590214004e-01,1.029712252581629559e-03,1.029712252581629559e-03,3.320637197864516698e-08,1.934136327878202063e-06,9.999421117500377765e-01,1.021975707270116659e-03,1.021975707270116659e-03,5.334734085327097139e-08,9.049177101627484710e-07,9.049177101627484710e-07,-4.825373360600059873e-07
4.651221887847972747e-01,3.252459286100794935e-08,6.137110004298518664e-05,1.759452063896822723e-06,1.000013798528351483e+00,1.061372372672757551e-03,1.061372372672757551e-03,3.252459286100794935e-08,1.791976656757830613e-06,1.000008422598381186e+00,1.054204466045726308e-03,1.054204466045726308e-03,5.219203971509207854e-08,1.505435115234236824e-06,1.505435115234236824e-06,-5.041875578631305395e-07
4.674247738777912997e-01,3.181354876891601963e-08,6.214066928445627748e-05,1.616142327134189278e-06,1.000074242708978600e+00,1.056419648150777038e-03,1.056419648150777038e-03,3.181354876891601963e-08,1.647955875903105324e-06,1.000069298841350873e+00,1.049827824647164712e-03,1.049827824647164712e-03,5.098818053627062512e-08,2.115112279194673636e-06,2.115112279194673636e-06,-5.251637830803427530e-07
4.697273589707853247e-01,3.107418797416645917e-08,6.282839585595523593e-05,1.471190919468315178e-06,1.000129225756696938e+00,1.015118648316997926e-03,1.015118648316997926e-03,3.107418797416645917e-08,1.502265107442481704e-06,1.000124718961374670e+00,1.009109587887228052e-03,1.009109587887228052e-03,4.973734217156541218e-08,2.712904861279565399e-06,2.712904861279565399e-06,-5.454534758371203422e-07
4.720299440637794053e-01,3.030747717314163204e-08,6.343522991922049474e-05,1.324785874940736822e-06,1.000178734092228350e+00,9.387504002299904482e-04,9.387504002299904482e-04,3.030747717314163204e-08,1.355093352113878474e-06,1.000174668812171985e+00,9.333300268215349122e-04,9.333300268215349122e-04,4.844113022464607988e-08,3.278174019327783221e-06,3.278174019327783221e-06,-5.650452655310307594e-07
4.743325291567734303e-01,2.951439972011480124e-08,6.396221254816730761e-05,1.177112873370335010e-06,1.000222761308633190e+00,8.295630896988759979e-04,8.295630896988759979e-04,2.951439972011480124e-08,1.206627273090449732e-06,1.000219141426814007e+00,8.247365806065142142e-04,8.247365806065142142e-04,4.710117439884857985e-08,3.791259847294497424e-06,3.791259847294497424e-06,-5.839289216965066347e-07
4.766351142497675109e-01,2.869595383628196428e-08,6.441046985018535780e-05,1.028355039238186547e-06,1.000261307973709490e+00,6.906968319531222537e-04,6.906968319531222537e-04,2.869595383628196428e-08,1.057050993074468604e-06,1.000258136820730170e+00,6.864686279808244335e-04,6.864686279808244335e-04,4.571912591357318622e-08,4.234019955202033558e-06,4.234019955202033558e-06,-6.020953230672202167e-07
4.789376993427615359e-01,2.785315081055903307e-08,6.478120684556282888e-05,8.786927545124763470e-07,1.000294381428023183e+00,5.260851399833634716e-04,5.260851399833634716e-04,2.785315081055903307e-08,9.065459053230353867e-07,1.000291661790307263e+00,5.224589563620713004e-04,5.224589563620713004e-04,4.429665499868780244e-08,4.590318913548825059e-06,4.590318913548825059e-06,-6.195364216708910048e-07
4.812402844357555609e-01,2.698701320822395170e-08,6.507570119470516010e-05,7.283034858550504508e-07,1.000321995579227741e+00,3.403362978209724756e-04,3.403362978209724756e-04,2.698701320822395170e-08,7.552904990632743595e-07,1.000319729707730643e+00,3.373151358247193968e-04,3.373151358247193968e-04,4.283544847727146413e-08,4.846455945262085397e-06,4.846455945262085397e-06,-6.362452028715057496e-07
4.835428695287496415e-01,2.609857310311070753e-08,6.529529686312848466e-05,5.773616264429000801e-07,1.000344170693314494e+00,1.385983173867888106e-04,1.385983173867888106e-04,2.609857310311070753e-08,6.034601995460107380e-07,1.000342360312715950e+00,1.361844765886047583e-04,1.361844765886047583e-04,4.133720744486799508e-08,4.991520204959687062e-06,4.991520204959687062e-06,-6.522156423251129175e-07
4.858454546217436665e-01,2.518887034831045279e-08,6.544139781219237987e-05,4.260383524304262237e-07,1.000360933183430001e+00,-7.358848061719324774e-05,-7.358848061719324774e-05,2.518887034831045279e-08,4.512272227787366600e-07,1.000359579501761687e+00,-7.539338950830819057e-05,-7.539338950830819057e-05,3.980364505115284207e-08,5.017665201513759913e-06,5.017665201513759913e-06,-6.674426608395515426e-07
4.881480397147377470e-01,2.425895089922546937e-08,6.551546179919403049e-05,2.745014938800140734e-07,1.000372315396882650e+00,-2.904469858821119815e-04,-2.904469858821119815e-04,2.425895089922546937e-08,2.987604447792395328e-07,1.000371419115548388e+00,-2.916420276612289361e-04,-2.916420276612289361e-04,3.823648438764199572e-08,4.920296297341089733e-06,4.920296297341089733e-06,-6.819220781241166129e-07
4.904506248077317720e-01,2.330986520141162176e-08,6.551899436416782024e-05,1.229154198021448039e-07,1.000378355400924235e+00,-5.061225267808333811e-04,-5.061225267808333811e-04,2.330986520141162176e-08,1.462252850035564289e-07,1.000377916725069261e+00,-5.067074279208476405e-04,-5.067074279208476405e-04,3.663745648283059654e-08,4.698167709529054916e-06,4.698167709529054916e-06,-6.956505663854618250e-07
4.927532099007257971e-01,2.234266665397039819e-08,6.545354307271762640e-05,-2.855906322357092660e-08,1.000379096767872289e+00,-7.148414260077865781e-04,-7.148414260077865781e-04,2.234266665397039819e-08,-6.216396569600528407e-09,1.000379115417062037e+00,-7.148165604215081992e-04,-7.148165604215081992e-04,3.500829840400045790e-08,4.353387969609218692e-06,4.353387969609218692e-06,-7.086256046721572793e-07
4.950557949937198776e-01,2.135841015738748317e-08,6.532069207480889722e-05,-1.797647995226498026e-07,1.000374588360096961e+00,-9.110646294769525000e-04,-9.110646294769525000e-04,2.135841015738748317e-08,-1.584063893652623161e-07,1.000375063579264978e+00,-9.104310039194914248e-04,-9.104310039194914248e-04,3.335075146295591785e-08,3.891335273814333943e-06,3.891335273814333943e-06,-7.208454347951969726e-07
4.973583800867139026e-01,2.035815075268509474e-08,6.512205702897774947e-05,-3.305483606986442481e-07,1.000364884115360953e+00,-1.089632393911915556e-03,-1.089632393911915556e-03,2.035815075268509474e-08,-3.101902099459591600e-07,1.000365814685990840e+00,-1.088391633072131794e-03,-1.088391633072131794e-03,3.166655952113026768e-08,3.320486568752412797e-06,3.320486568752412797e-06,-7.323090195585264969e-07
4.996609651797079277e-01,1.934294235667300551e-08,6.485928043027167945e-05,-4.807601108061482024e-07,1.000350042832954589e+00,-1.245896356632214238e-03,-1.245896356632214238e-03,1.934294235667300551e-08,-4.614171684494751837e-07,1.000351427084460010e+00,-1.244050687958416380e-03,-1.244050687958416380e-03,2.995746738796443766e-08,2.652166412472468538e-06,2.652166412472468538e-06,-7.430160039260453968e-07
5.019635502727020082e-01,1.831383659592867851e-08,6.453402736863862147e-05,-6.302542613012317239e-07,1.000330127961027493e+00,-1.375835743495408200e-03,-1.375835743495408200e-03,1.831383659592867851e-08,-6.119404247053030686e-07,1.000331963782301603e+00,-1.373387981796586957e-03,-1.373387981796586957e-03,2.822521930512905420e-08,1.900223696300435617e-06,1.900223696300435617e-06,-7.529666796321117525e-07
5.042661353656960888e-01,1.727188174006187685e-08,6.414798173296211675e-05,-7.788889167913066433e-07,1.000305207385472128e+00,-1.476154970288686341e-03,-1.476154970288686341e-03,1.727188174006187685e-08,-7.616170350512447566e-07,1.000307492236577334e+00,-1.473108502148481316e-03,-1.473108502148481316e-03,2.647155750816614204e-08,1.080646023421872440e-06,1.080646023421872440e-06,-7.621619536170470187e-07
5.065687204586900583e-01,1.621812173278273017e-08,6.370284286458481593e-05,-9.265261126279106097e-07,1.000275353220668517e+00,-1.544360457909777634e-03,-1.544360457909777634e-03,1.621812173278273017e-08,-9.103079908951278663e-07,1.000278084144641255e+00,-1.540719225946197155e-03,-1.540719225946197155e-03,2.469822085638421202e-08,2.111230030137459566e-07,2.111230030137459566e-07,-7.706033205389708275e-07
5.088713055516841388e-01,1.515359531741417975e-08,6.320032265343863964e-05,-1.073031845379738148e-06,1.000240641602358371e+00,-1.578815083790423507e-03,-1.578815083790423507e-03,1.515359531741417975e-08,-1.057878250062323995e-06,1.000243815237108480e+00,-1.574583570790174299e-03,-1.574583570790174299e-03,2.290694352142383371e-08,-6.894291863577241543e-07,-6.894291863577241543e-07,-7.782928394839747123e-07
5.111738906446782194e-01,1.407933525178218548e-08,6.264214306000697049e-05,-1.218276097193677105e-06,1.000201152482868672e+00,-1.578769318158650082e-03,-1.578769318158650082e-03,1.407933525178218548e-08,-1.204196761941894972e-06,1.000204765073154478e+00,-1.573952531110882477e-03,-1.573952531110882477e-03,2.109945372478043516e-08,-1.601368855981533760e-06,-1.601368855981533760e-06,-7.852331148711589513e-07
5.134764757376721889e-01,1.299636760589611107e-08,6.203003403737277453e-05,-1.362132855001092370e-06,1.000156969428875442e+00,-1.544368733043434069e-03,-1.544368733043434069e-03,1.299636760589611107e-08,-1.349136487395196176e-06,1.000161016838337691e+00,-1.538972187093853210e-03,-1.538972187093853210e-03,1.927747251471479986e-08,-2.504841985545893970e-06,-2.504841985545893970e-06,-7.914272814290084470e-07
5.157790608306662694e-01,1.190571113459559804e-08,6.136573182004569061e-05,-1.504480125455508021e-06,1.000108179421851373e+00,-1.476638188718320871e-03,-1.476638188718320871e-03,1.190571113459559804e-08,-1.492574414320912462e-06,1.000112657145094230e+00,-1.470667891061037177e-03,-1.470667891061037177e-03,1.744271257340662683e-08,-3.380293997438552357e-06,-3.380293997438552357e-06,-7.968789930115589021e-07
5.180816459236603500e-01,1.080837671630960703e-08,6.065097753979074928e-05,-1.645199946401923014e-06,1.000054872661313654e+00,-1.377443609771899970e-03,-1.377443609771899970e-03,1.080837671630960703e-08,-1.634391569685613442e-06,1.000059775836022791e+00,-1.370906043493157504e-03,-1.370906043493157504e-03,1.559687704585309410e-08,-4.208966922560058959e-06,-4.208966922560058959e-06,-8.015924149237325103e-07
5.203842310166543195e-01,9.705366848368874471e-09,5.988751612389868988e-05,-1.784178395578765206e-06,9.999971423709625995e-01,-1.249432811180941185e-03,-1.249432811180941185e-03,9.705366848368874471e-09,-1.774473028730396411e-06,1.000002465790048811e+00,-1.242334919066019573e-03,-1.242334919066019573e-03,1.374165838287697109e-08,-4.973369414777560056e-06,-4.973369414777560056e-06,-8.055722193433569638e-07
5.226868161096484000e-01,8.597675188848349010e-09,5.907709542779842531e-05,-1.921305597144485616e-06,9.999350846077689203e-01,-1.095957345753739926e-03,-1.095957345753739926e-03,8.597675188848349010e-09,-1.912707921955637138e-06,9.999408227315348396e-01,-1.088306514065917477e-03,-1.088306514065917477e-03,1.187873719164674699e-08,-5.657708039449700906e-06,-5.657708039449700906e-06,-8.088235833580305430e-07
5.249894012026424805e-01,7.486286134759413333e-09,5.822146555203015121e-05,-2.056475726506338888e-06,9.998687980740571524e-01,-9.209777766481401290e-04,-9.209777766481401290e-04,7.486286134759413333e-09,-2.048989440371579391e-06,9.998749450423782825e-01,-9.127818188866537860e-04,-9.127818188866537860e-04,1.000978108828207805e-08,-6.248269497825396080e-06,-6.248269497825396080e-06,-8.113521890844516951e-07
5.272919862956364501e-01,6.372174426505598265e-09,5.732237829303784307e-05,-2.189587013811554521e-06,9.997983839326081146e-01,-7.289551451748821961e-04,-7.289551451748821961e-04,6.372174426505598265e-09,-2.183214839385048741e-06,9.998049335771262980e-01,-7.202222858173419791e-04,-7.202222858173419791e-04,8.136443548388939170e-09,-6.733744925416959402e-06,-6.733744925416959402e-06,-8.131642253027242123e-07
5.295945713886305306e-01,5.256304768877078419e-09,5.638158667808703268e-05,-2.320541746344075457e-06,9.997239456248006029e-01,-5.247316850833636968e-04,-5.247316850833636968e-04,5.256304768877078419e-09,-2.315285441575198589e-06,9.997308914811253722e-01,-5.154705433170628584e-04,-5.154705433170628584e-04,6.260362752703736744e-09,-7.105489067113526375e-06,-7.105489067113526375e-06,-8.142663900205387811e-07
5.318971564816246111e-01,4.139631459449819834e-09,5.540084453676727259e-05,-2.449246269957572239e-06,9.996455886917992029e-01,-3.134040292105523626e-04,-3.134040292105523626e-04,4.139631459449819834e-09,-2.445106638498122543e-06,9.996529240117146831e-01,-3.036236026565598996e-04,-3.036236026565598996e-04,4.383160426371527205e-09,-7.357708925290223091e-06,-7.357708925290223091e-06,-8.146658933817491264e-07
5.341997415746186917e-01,3.023098016053801198e-09,5.438190606469665259e-05,-2.575610989568011302e-06,9.995634205987922183e-01,-1.001922646931408380e-04,-1.001922646931408380e-04,3.023098016053801198e-09,-2.572587891551957541e-06,9.995711383624669155e-01,-8.990191312693301289e-05,-8.990191312693301289e-05,2.506440671728691435e-09,-7.487578392495148853e-06,-7.487578392495148853e-06,-8.143704603474418839e-07
5.365023266676126612e-01,1.907636795952286027e-09,5.332652533935766540e-05,-2.699550368632614512e-06,9.994775505622893741e-01,1.096917905249878680e-04,1.096917905249878680e-04,1.907636795952286027e-09,-2.697642731836662208e-06,9.994856434904848541e-01,1.204823614523345236e-04,1.204823614523345236e-04,6.317887957290940065e-10,-7.495277284289583009e-06,-7.495277284289583009e-06,-8.133883326082703908e-07
5.388049117606067417e-01,7.941686005043302897e-10,5.223645575294073000e-05,-2.820982927453545250e-06,9.993880893804829579e-01,3.111737805986908127e-04,3.111737805986908127e-04,7.941686005043302897e-10,-2.820188758853040738e-06,9.993965499467595270e-01,3.224545356341029486e-04,3.224545356341029486e-04,-1.239229865623653018e-09,-7.383955153130226445e-06,-7.383955153130226445e-06,-8.117282692279515455e-07
5.411074968536008223e-01,-3.163977396965278300e-10,5.111344933277167738e-05,-2.939831240072470477e-06,9.992951492666890534e-01,4.994403129700060060e-04,4.994403129700060060e-04,-3.163977396965278300e-10,-2.940147637812166879e-06,9.993039697096024465e-01,5.112009035212546244e-04,5.112009035212546244e-04,-3.105071122412639695e-09,-7.159622086039824836e-06,-7.159622086039824836e-06,-8.093995455722420908e-07
5.434100819465947918e-01,-1.423165802887076504e-09,4.995925592599497622e-05,-3.056021929459664320e-06,9.991988436858892930e-01,6.700538295257804124e-04,6.700538295257804124e-04,-1.423165802887076504e-09,-3.057445095262551355e-06,9.992080160211750384e-01,6.822836099068306601e-04,6.822836099068306601e-04,-4.964213101103378617e-09,-6.830970502796419602e-06,-6.830970502796419602e-06,-8.064119501404336808e-07
5.457126670395888723e-01,-2.525252039761808514e-09,4.877562223150699416e-05,-3.169485660657614325e-06,9.990992871944019971e-01,8.190561950370400931e-04,8.190561950370400931e-04,-2.525252039761808514e-09,-3.172010912697376267e-06,9.991088032271401298e-01,8.317442386878296304e-04,8.317442386878296304e-04,-6.815157404819068910e-09,-6.409133542586834685e-06,-6.409133542586834685e-06,-8.027757789862994344e-07
5.480152521325829529e-01,-3.621786263644911448e-09,4.756429066864657589e-05,-3.280157131506125037e-06,9.989965952827233320e-01,9.430587006888047031e-04,9.430587006888047031e-04,-3.621786263644911448e-09,-3.283778917769769860e-06,9.990064466194766846e-01,9.561938163598838114e-04,9.561938163598838114e-04,-8.656430257751261920e-09,-5.907387114242118465e-06,-5.907387114242118465e-06,-7.985018274915508151e-07
5.503178372255769224e-01,-4.711912166901342615e-09,4.632699807840296200e-05,-3.387975060561784181e-06,9.988908842215863393e-01,1.039316568342037042e-03,1.039316568342037042e-03,-4.711912166901342615e-09,-3.392686972728685400e-06,9.989010622825045260e-01,1.052887316232951681e-03,1.052887316232951681e-03,-1.048658362743451156e-08,-5.340803877842321910e-06,-5.340803877842321910e-06,-7.936013793318860759e-07
5.526204223185710029e-01,-5.794787862008279533e-09,4.506547425910228922e-05,-3.492882171822012720e-06,9.987822709112990083e-01,1.105786473915808385e-03,1.105786473915808385e-03,-5.794787862008279533e-09,-3.498676959684021052e-06,9.987927669421781118e-01,1.119781181754544389e-03,1.119781181754544389e-03,-1.230419631832061813e-08,-4.725868447479681041e-06,-4.725868447479681041e-06,-7.880861925560562868e-07
5.549230074115650835e-01,-6.869586444557859801e-09,4.378144034415592059e-05,-3.594825175876519253e-06,9.986708727344287828e-01,1.141166057549102301e-03,1.141166057549102301e-03,-6.869586444557859801e-09,-3.601694762321077178e-06,9.986816778187157517e-01,1.155572836598386596e-03,1.155572836598386596e-03,-1.410787503000165837e-08,-4.080063833921739244e-06,-4.080063833921739244e-06,-7.819684827748590758e-07
5.572255925045590530e-01,-7.935496574417335932e-09,4.247660703469330231e-05,-3.693754747133945938e-06,9.985568074119105519e-01,1.144914853491181723e-03,1.144914853491181723e-03,-7.935496574417335932e-09,-3.701690243708363420e-06,9.985679124826416508e-01,1.159721614466015238e-03,1.159721614466015238e-03,-1.589625537351442874e-08,-3.421439633075653657e-06,-3.421439633075653657e-06,-7.752609035322426435e-07
5.595281775975531335e-01,-8.991723070361719746e-09,4.115267270449818663e-05,-3.789625496807429340e-06,9.984401928626640554e-01,1.117256538277133868e-03,1.117256538277133868e-03,-8.991723070361719746e-09,-3.798617219877791077e-06,9.984515887143237123e-01,1.132451007156645099e-03,1.132451007156645099e-03,-1.766800283940437043e-08,-2.768172678784445065e-06,-2.768172678784445065e-06,-7.679765240006191437e-07
5.618307626905472141e-01,-1.003748751275142659e-08,3.981132139847557788e-05,-3.882395941388756653e-06,9.983211470668093002e-01,1.059162845251392310e-03,1.059162845251392310e-03,-1.003748751275142659e-08,-3.892433428901508093e-06,9.983328243670960278e-01,1.074732578966998376e-03,1.074732578966998376e-03,-1.942181371163073379e-08,-2.138130826193306181e-06,-2.138130826193306181e-06,-7.601288042048148104e-07
5.641333477835411836e-01,-1.107202884822897313e-08,3.845422074910435445e-05,-3.972028466394753743e-06,9.981997879325742451e-01,9.723199308074555527e-04,9.723199308074555527e-04,-1.107202884822897313e-08,-3.983100495242983075e-06,9.982117372340599815e-01,9.882523327884274681e-04,9.882523327884274681e-04,-2.115641592193413279e-08,-1.548450227702316999e-06,-1.548450227702316999e-06,-7.517315680362466498e-07
5.664359328765352641e-01,-1.209460399001056617e-08,3.708301983757499346e-05,-4.058489285229579143e-06,9.980762331669910115e-01,8.590783709445846093e-04,8.590783709445846093e-04,-1.209460399001056617e-08,-4.070583889219589841e-06,9.980884449186586682e-01,8.753607065014629585e-04,8.753607065014629585e-04,-2.287056983994403095e-08,-1.015135916944633038e-06,-1.015135916944633038e-06,-7.427989743647187201e-07
5.687385179695293447e-01,-1.310448840709829947e-08,3.569934702791182350e-05,-4.141748393071169595e-06,9.979506001504762081e-01,7.223883330827164878e-04,7.223883330827164878e-04,-1.310448840709829947e-08,-4.154852881478268140e-06,9.979630647091206619e-01,7.390077446086296045e-04,7.390077446086296045e-04,-2.456306899505933472e-08,-5.526947466887764004e-07,-5.526947466887764004e-07,-7.333454865938919324e-07
5.710411030625233142e-01,-1.410097669569001101e-08,3.430480780308406993e-05,-4.221779515757137642e-06,9.978230058153891857e-01,5.657217754687062167e-04,5.657217754687062167e-04,-1.410097669569001101e-08,-4.235880492452827553e-06,9.978357134568665021e-01,5.826652974385175066e-04,5.826652974385175066e-04,-2.623274072696760910e-08,-1.738087690221401713e-07,-1.738087690221401713e-07,-7.233858410340148534e-07
5.733436881555173947e-01,-1.508338312615869500e-08,3.290098263208423516e-05,-4.298560053712768543e-06,9.976935665286569277e-01,3.929837895872670579e-04,3.929837895872670579e-04,-1.508338312615869500e-08,-4.313643436838926944e-06,9.977065074589674953e-01,4.102383633346227488e-04,4.102383633346227488e-04,-2.787844676254610563e-08,1.109439889431797896e-07,1.109439889431797896e-07,-7.129350144833831169e-07
5.756462732485114753e-01,-1.605104215925306266e-08,3.148942489621669061e-05,-4.372071021031030044e-06,9.975623979785507300e-01,2.084154002479492206e-04,2.084154002479492206e-04,-1.605104215925306266e-08,-4.388122063190283047e-06,9.975755623447403186e-01,2.259678885007103562e-04,2.259678885007103562e-04,-2.949908371781043293e-08,2.933156607775477260e-07,2.933156607775477260e-07,-7.020081914183852274e-07
5.779488583415055558e-01,-1.700330892557133670e-08,3.007165890137834452e-05,-4.442296979877438003e-06,9.974296150656876137e-01,1.649028011950748782e-05,1.649028011950748782e-05,-1.700330892557133670e-08,-4.459300288803009264e-06,9.974429929665540318e-01,3.432748127471952487e-05,3.432748127471952487e-05,-3.109358352448181804e-08,3.675572610427793535e-07,3.675572610427793535e-07,-6.906207311895203704e-07
5.802514434344995253e-01,-1.793955966291833101e-08,2.864917800116181738e-05,-4.509225970453778351e-06,9.972953317983247468e-01,-1.781920850115961013e-04,-1.781920850115961013e-04,-1.793955966291833101e-08,-4.527165530116696302e-06,9.973089132949151114e-01,-1.600834228911293059e-04,-1.600834228911293059e-04,-3.266091378166796975e-08,3.305271017793516810e-07,3.305271017793516810e-07,-6.787881356110398436e-07
5.825540285274936059e-01,-1.885919210679887243e-08,2.722344285300789648e-05,-4.572849436807439075e-06,9.971596611919999464e-01,-3.710142274418918944e-04,-3.710142274418918944e-04,-1.885919210679887243e-08,-4.591708628914238208e-06,9.971734363178866856e-01,-3.526473929262349382e-04,-3.526473929262349382e-04,-3.420007803399863881e-08,1.817374653459058894e-07,1.817374653459058894e-07,-6.665260173111628779e-07
5.848566136204876864e-01,-1.976162583006510859e-08,2.579587982675835716e-05,-4.633162148822782686e-06,9.970227151735627791e-01,-5.574470135581208576e-04,-5.574470135581208576e-04,-1.976162583006510859e-08,-4.652923774652848112e-06,9.970366739448867088e-01,-5.388353184595095092e-04,-5.388353184595095092e-04,-3.571011597839780514e-08,-7.666042516194921150e-08,-7.666042516194921150e-08,-6.538500691842055593e-07
5.871591987134816559e-01,-2.064630252854422337e-08,2.436787958165626802e-05,-4.690162120770018408e-06,9.968846044896225722e-01,-7.331520331395400929e-04,-7.331520331395400929e-04,-2.064630252854422337e-08,-4.710808423298562621e-06,9.968987369148925026e-01,-7.143087994463457983e-04,-7.143087994463457983e-04,-3.719010360239887417e-08,-4.399517053497899414e-07,-4.399517053497899414e-07,-6.407760352519037483e-07
5.894617838064757365e-01,-2.151268625035773465e-08,2.294079582431769062e-05,-4.743850526820967110e-06,9.967454386194336546e-01,-8.940778031840508015e-04,-8.940778031840508015e-04,-2.151268625035773465e-08,-4.765363213071324838e-06,9.967597347090728643e-01,-8.750163503317654953e-04,-8.750163503317654953e-04,-3.863915325759019555e-08,-9.009906205998448003e-07,-9.009906205998448003e-07,-6.273196832021130164e-07
5.917643688994698170e-01,-2.236026356752841066e-08,2.151594425661084261e-05,-4.794231613964243664e-06,9.966053256922139392e-01,-1.036547724987362321e-03,-1.036547724987362321e-03,-2.236026356752841066e-08,-4.816591877531772200e-06,9.966197754678465248e-01,-1.017281357477235184e-03,-1.017281357477235184e-03,-4.005641367232871674e-08,-1.450386699411003517e-06,-1.450386699411003517e-06,-6.134967788305567731e-07
5.940669539924637865e-01,-2.318854368939671436e-08,2.009460171864760957e-05,-4.841312612769320358e-06,9.964643724088881882e-01,-1.157337978395209938e-03,-1.157337978395209938e-03,-2.318854368939671436e-08,-4.864501156458716762e-06,9.964789659123575172e-01,-1.137879973769375091e-03,-1.137879973769375091e-03,-4.144106990834348075e-08,-2.076739147398266609e-06,-2.076739147398266609e-06,-5.993230625643823268e-07
5.963695390854578671e-01,-2.399705851823600413e-08,1.867800552849304123e-05,-4.885103646454704994e-06,9.963226839682255420e-01,-1.253743807197156427e-03,-1.253743807197156427e-03,-2.399705851823600413e-08,-4.909100704972941164e-06,9.963374112703404784e-01,-1.234107404377264659e-03,-1.234107404377264659e-03,-4.279234326618401834e-08,-2.766913324777977930e-06,-2.766913324777977930e-06,-5.848142281984835809e-07
5.986721241784519476e-01,-2.478536264834070932e-08,1.726735301669719269e-05,-4.925617638715969566e-06,9.961803639973331181e-01,-1.323632958068597480e-03,-1.323632958068597480e-03,-2.478536264834070932e-08,-4.950403001364309981e-06,9.961952152063372479e-01,-1.303831346063140254e-03,-1.303831346063140254e-03,-4.410949114473665142e-08,-3.506352316898162223e-06,-3.506352316898162223e-06,-5.699859039270605654e-07
6.009747092714459171e-01,-2.555303331064147967e-08,1.586380125043228891e-05,-4.962870220758854621e-06,9.960375144864475061e-01,-1.365485351144861284e-03,-1.365485351144861284e-03,-2.555303331064147967e-08,-4.988423254069495912e-06,9.960524797562096966e-01,-1.345531658128583385e-03,-1.345531658128583385e-03,-4.539180686014222285e-08,-4.279415998505820828e-06,-4.279415998505820828e-06,-5.548536357040040484e-07
6.032772943644399977e-01,-2.629967026566194246e-08,1.446846693901816131e-05,-4.996879637967526032e-06,9.958942357279596536e-01,-1.378418398723476289e-03,-1.378418398723476289e-03,-2.629967026566194246e-08,-5.023179308233187684e-06,9.959093052658843925e-01,-1.358325681490543538e-03,-1.358325681490543538e-03,-4.663861942948778384e-08,-5.069739523870114850e-06,-5.069739523870114850e-06,-5.394328729197001115e-07
6.055798794574340782e-01,-2.702489564827069236e-08,1.308242650991057631e-05,-5.027666656614307588e-06,9.957506262595956503e-01,-1.362197719523013757e-03,-1.362197719523013757e-03,-2.702489564827069236e-08,-5.054691552262578439e-06,9.957657903342523875e-01,-1.341978953313963541e-03,-1.341978953313963541e-03,-4.784929332455147137e-08,-5.860602930265087103e-06,-5.860602930265087103e-06,-5.237389563375279402e-07
6.078824645504281587e-01,-2.772835376826326249e-08,1.170671634185331874e-05,-5.055254470989109935e-06,9.956067828116600404e-01,-1.317233332520865562e-03,-1.317233332520865562e-03,-2.772835376826326249e-08,-5.082982824757373482e-06,9.956220317601343073e-01,-1.296901401221835963e-03,-1.296901401221835963e-03,-4.902322820071055303e-08,-6.635303469257052061e-06,-6.635303469257052061e-06,-5.077871081921789254e-07
6.101850496434221283e-01,-2.840971087125715102e-08,1.034233314006088515e-05,-5.079668611292418220e-06,9.954628002582491808e-01,-1.244561730176898693e-03,-1.244561730176898693e-03,-2.840971087125715102e-08,-5.108078322163675762e-06,9.954781244932157103e-01,-1.224129416888243994e-03,-1.224129416888243994e-03,-5.015985860584258024e-08,-7.377522407896969515e-06,-7.377522407896969515e-06,-4.915924243170376841e-07
6.124876347364162088e-01,-2.906865486475811023e-08,8.990234436606793969e-06,-5.100936852599159770e-06,9.953187715723236240e-01,-1.145814536097845794e-03,-1.145814536097845794e-03,-2.906865486475811023e-08,-5.130005507463918016e-06,9.953341615888460225e-01,-1.125294514067990206e-03,-1.125294514067990206e-03,-5.125865367372049814e-08,-8.071678342162000709e-06,-8.071678342162000709e-06,-4.751698681333385867e-07
6.147902198294102893e-01,-2.970489501448546769e-08,7.651339198332484160e-06,-5.119089125158972074e-06,9.951747877845315005e-01,-1.023174726827418956e-03,-1.023174726827418956e-03,-2.970489501448546769e-08,-5.148794020173457585e-06,9.951902341665920249e-01,-1.002579550746725105e-03,-1.002579550746725105e-03,-5.231911680596738452e-08,-8.703259536042760690e-06,-8.703259536042760690e-06,-4.585342663109936329e-07
6.170928049224042589e-01,-3.031816161619340297e-08,6.326528523715047991e-06,-5.134157426256884179e-06,9.950309379456628855e-01,-8.793216460852666325e-04,-8.793216460852666325e-04,-3.031816161619340297e-08,-5.164475587873077430e-06,9.950464313724265430e-01,-8.586637437337742889e-04,-8.586637437337742889e-04,-5.334078534618519974e-08,-9.259128421533128120e-06,-9.259128421533128120e-06,-4.417003058864110715e-07
6.193953900153983394e-01,-3.090820564825327059e-08,5.016646410091451572e-06,-5.146175733814969277e-06,9.948873090926150242e-01,-7.173662527255620378e-04,-7.173662527255620378e-04,-3.090820564825327059e-08,-5.177083939463222230e-06,9.949028403444334367e-01,-6.966579169677091692e-04,-6.966579169677091692e-04,-5.432323024936112298e-08,-9.727792153003945557e-06,-9.727792153003945557e-06,-4.246825326107548419e-07
6.216979751083924199e-01,-3.147479841017628446e-08,3.722500572645225546e-06,-5.155179921871631321e-06,9.947439862177456238e-01,-5.407782177798518830e-04,-5.407782177798518830e-04,-3.147479841017628446e-08,-5.186654720281807757e-06,9.947595461819064289e-01,-5.200315988987246757e-04,-5.200315988987246757e-04,-5.526605574910839568e-08,-1.009963397515646810e-05,-1.009963397515646810e-05,-4.074953502898786920e-07
6.240005602013863895e-01,-3.201773115209164734e-08,2.444863297261744019e-06,-5.161207678033116373e-06,9.946010522414898691e-01,-3.533066227504329357e-04,-3.533066227504329357e-04,-3.201773115209164734e-08,-5.193225409185207828e-06,9.946166319177174309e-01,-3.325337211136921247e-04,-3.325337211136921247e-04,-5.616889902475508297e-08,-1.036710113308408581e-05,-1.036710113308408581e-05,-3.901530208762918271e-07
6.263031452943804700e-01,-3.253681469992538925e-08,1.184472310078210344e-06,-5.164298422951562147e-06,9.944585879881179258e-01,-1.588961014826077494e-04,-1.588961014826077494e-04,-3.253681469992538925e-08,-5.196835237651487530e-06,9.944741784938309070e-01,-1.381087605320018095e-04,-1.381087605320018095e-04,-5.703142986974416776e-08,-1.052484606868672036e-05,-1.052484606868672036e-05,-3.726696650724088401e-07
6.286057303873745505e-01,-3.303187908067546651e-08,-5.796835212359501073e-08,-5.164493231844436757e-06,9.943166721645089190e-01,3.839967899331828583e-05,3.839967899331828583e-05,-3.303187908067546651e-08,-5.197525110925112052e-06,9.943322647398417091e-01,5.918977943701873065e-05,5.918977943701873065e-05,-5.785335036224677654e-08,-1.056981873819426108e-05,-1.056981873819426108e-05,-3.550592632135874352e-07
6.309083154803685201e-01,-3.350277315177260366e-08,-1.281787485136022242e-06,-5.161834758036929314e-06,9.941753813418239272e-01,2.345052979614218984e-04,2.345052979614218984e-04,-3.350277315177260366e-08,-5.195337531188701924e-06,9.941909673544174764e-01,2.552866480861767061e-04,2.552866480861767061e-04,-5.863439453839558246e-08,-1.050130895245029798e-05,-1.050130895245029798e-05,-3.373356562104396118e-07
6.332109005733626006e-01,-3.394936423803061011e-08,-2.486345887007842184e-06,-5.156367158475678420e-06,9.940347899399590847e-01,4.254097511244978513e-04,4.254097511244978513e-04,-3.394936423803061011e-08,-5.190316522713708791e-06,9.940503608895272514e-01,4.461710172153526594e-04,4.461710172153526594e-04,-5.937432806802829127e-08,-1.032093875696095986e-05,-1.032093875696095986e-05,-3.195125463447147797e-07
6.355134856663566811e-01,-3.437153777918176310e-08,-3.671035565121898875e-06,-5.148136021136590845e-06,9.938949702146683274e-01,6.072497146462871613e-04,6.072497146462871613e-04,-3.437153777918176310e-08,-5.182507558915772668e-06,9.939105177373450672e-01,6.279797448819502553e-04,6.279797448819502553e-04,-6.007294793240589197e-08,-1.003260589214765655e-05,-1.003260589214765655e-05,-3.016034977345351999e-07
6.378160707593506507e-01,-3.476919699042961142e-08,-4.835278989787334927e-06,-5.137188294224903146e-06,9.937559922472453122e-01,7.763882145563910262e-04,7.763882145563910262e-04,-3.476919699042961142e-08,-5.171957491215332559e-06,9.937715081197189271e-01,7.970760445212523226e-04,7.970760445212523226e-04,-6.073008210294745286e-08,-9.642380420646734130e-06,-9.642380420646734130e-06,-2.836219363051120967e-07
6.401186558523447312e-01,-3.514226253789605281e-08,-5.978528401346237869e-06,-5.123572217049395436e-06,9.936179239366640381e-01,9.294871519594914309e-04,9.294871519594914309e-04,-3.514226253789605281e-08,-5.158714479587291092e-06,9.936334000801028132e-01,9.501220098778405919e-04,9.501220098778405919e-04,-6.134558921970560638e-08,-9.158357505660105232e-06,-9.158357505660105232e-06,-2.655811491284047011e-07
6.424212409453388117e-01,-3.549067223024048709e-08,-7.100265175900065685e-06,-5.107337252436806662e-06,9.934808309940792448e-01,1.063572306245804582e-03,1.063572306245804582e-03,-3.549067223024048709e-08,-5.142827924667047116e-06,9.934962594778532496e-01,1.084143617944472804e-03,1.084143617944472804e-03,-6.191935826798787224e-08,-8.590470216124474579e-06,-8.590470216124474579e-06,-2.474942830195230772e-07
6.447238260383327813e-01,-3.581438072717993024e-08,-8.199999252706403124e-06,-5.088534020545652506e-06,9.933447769395947757e-01,1.176089628064664033e-03,1.176089628064664033e-03,-3.581438072717993024e-08,-5.124348401272832628e-06,9.933601499847986016e-01,1.196587021669755441e-03,1.196587021669755441e-03,-6.245130825133872333e-08,-7.950266946717538642e-06,-7.950266946717538642e-06,-2.293743423068477929e-07
6.470264111313268618e-01,-3.611335926506347516e-08,-9.277268624361140751e-06,-5.067214233932480591e-06,9.932098231012134182e-01,1.264951848945692226e-03,1.264951848945692226e-03,-3.611335926506347516e-08,-5.103327593197543702e-06,9.932251330839929615e-01,1.285365159318482354e-03,1.285365159318482354e-03,-6.294138785890991937e-08,-7.250658699832903686e-06,-7.250658699832903686e-06,-2.112341857210890810e-07
6.493289962243209423e-01,-3.638759539914809138e-08,-1.033163888918572324e-05,-5.043430633725472196e-06,9.930760286158879513e-01,1.328574657913850036e-03,1.328574657913850036e-03,-3.638759539914809138e-08,-5.079818229124620572e-06,9.930912680705753504e-01,1.348893930830348444e-03,1.348893930830348444e-03,-6.338957512518292717e-08,-6.505641968245718969e-06,-6.505641968245718969e-06,-1.930865223744377703e-07
6.516315813173150229e-01,-3.663709276171201528e-08,-1.136270286338938991e-05,-5.017236926761919178e-06,9.929434504325973521e-01,1.365901932185758149e-03,1.365901932185758149e-03,-3.663709276171201528e-08,-5.053874019523631425e-06,9.929586120546559647e-01,1.386117428263852628e-03,1.386117428263852628e-03,-6.379587707993979465e-08,-5.730003341973581715e-06,-5.730003341973581715e-06,-1.749439068310054274e-07
6.539341664103089924e-01,-3.686187083471963696e-08,-1.237008024924902025e-05,-4.988687723555608533e-06,9.928121433173763277e-01,1.376419745623503514e-03,1.376419745623503514e-03,-3.686187083471963696e-08,-5.025549594390328567e-06,9.928272199661595243e-01,1.396521944001064778e-03,1.396521944001064778e-03,-6.416032938643849553e-08,-4.939012197476826764e-06,-4.939012197476826764e-06,-1.568187332923033215e-07
6.562367515033030729e-01,-3.706196473534726551e-08,-1.335341735406214678e-05,-4.957838476970368158e-06,9.926821598602345587e-01,1.360159117298771064e-03,1.360159117298771064e-03,-3.706196473534726551e-08,-4.994900441705715278e-06,9.926971445615596634e-01,1.380138719065593898e-03,1.380138719065593898e-03,-6.448299596582177836e-08,-4.148107934360580571e-06,-4.148107934360580571e-06,-1.387232289482856485e-07
6.585393365962971535e-01,-3.723742501236115977e-08,-1.431238685367029955e-05,-4.924745421489832334e-06,9.925535504839011480e-01,1.317687691270851003e-03,1.317687691270851003e-03,-3.723742501236115977e-08,-4.961982846502193890e-06,9.925684364324406372e-01,1.337535622656859822e-03,1.337535622656859822e-03,-6.476396860593359486e-08,-3.372588190947550187e-06,-3.372588190947550187e-06,-1.206694465632519324e-07
6.608419216892911230e-01,-3.738831745105376172e-08,-1.524668759328258317e-05,-4.889465512988448261e-06,9.924263634543383228e-01,1.250090760501966014e-03,1.250090760501966014e-03,-3.738831745105376172e-08,-4.926853830439502333e-06,9.924411440158296127e-01,1.269798175823724003e-03,1.269798175823724003e-03,-6.500336655288264504e-08,-2.627304310180229121e-06,-2.627304310180229121e-06,-1.026692563878414112e-07
6.631445067822852035e-01,-3.751472288426195721e-08,-1.615604441782407630e-05,-4.852056368928286918e-06,9.923006448929676537e-01,1.158942250542457269e-03,1.158942250542457269e-03,-3.751472288426195721e-08,-4.889571091812548551e-06,9.923153136062431434e-01,1.178500534909707534e-03,1.178500534909707534e-03,-6.520133608394913486e-08,-1.926370042838312165e-06,-1.926370042838312165e-06,-8.473433750143605467e-08
6.654470918752792841e-01,-3.761673700683762465e-08,-1.704020802338434534e-05,-4.812576208923403530e-06,9.921764387905567251e-01,1.046266467105653108e-03,1.046266467105653108e-03,-3.761673700683762465e-08,-4.850192945930241108e-06,9.921909893693945381e-01,1.065667238889374171e-03,1.065667238889374171e-03,-6.535805006065917071e-08,-1.282889076462085489e-06,-1.282889076462085489e-06,-6.687616870582373725e-08
6.677496769682732536e-01,-3.769447019087972584e-08,-1.789895482128234952e-05,-4.771083795634014034e-06,9.920537870227161825e-01,9.144915738566219672e-04,9.144915738566219672e-04,-3.769447019087972584e-08,-4.808778265824893892e-06,9.920682133575136064e-01,9.337266869199215089e-04,9.337266869199215089e-04,-6.547370746114885418e-08,-7.087064810933989263e-07,-7.087064810933989263e-07,-4.910601909759578392e-08
6.700522620612673341e-01,-3.774804729902949061e-08,-1.873208680611328174e-05,-4.727638375972514349e-06,9.919327293669575329e-01,7.663959090457366993e-04,7.663959090457366993e-04,-3.774804729902949061e-08,-4.765386423271544071e-06,9.919470255262273772e-01,7.854574547388229163e-04,7.854574547388229163e-04,-6.554853289124089038e-08,-2.141885708218856921e-07,-2.141885708218856921e-07,-3.143493845574451224e-08
6.723548471542614147e-01,-3.777760749319077640e-08,-1.953943141935904224e-05,-4.682299622623177119e-06,9.918133035212642890e-01,6.050483613826002343e-04,6.050483613826002343e-04,-3.777760749319077640e-08,-4.720077230116367624e-06,9.918274637529546078e-01,6.239286703030657048e-04,6.239286703030657048e-04,-6.558277607397201636e-08,1.919649781351791908e-07,1.919649781351791908e-07,-1.387374758359997932e-08
6.746574322472553842e-01,-3.778330403614079734e-08,-2.032084140046299387e-05,-4.635127575895396483e-06,9.916955451241266095e-01,4.337441132476391441e-04,4.337441132476391441e-04,-3.778330403614079734e-08,-4.672910879931537135e-06,9.917095638567664517e-01,4.524357567673652995e-04,4.524357567673652995e-04,-6.557671131761057048e-08,5.028736393174786104e-07,5.028736393174786104e-07,3.566971254811497993e-09
6.769600173402494647e-01,-3.776530408367668283e-08,-2.107619461784753287e-05,-4.586182585948832818e-06,9.915794877759952497e-01,2.559371155365945867e-04,2.559371155365945867e-04,-3.776530408367668283e-08,-4.623947890032509732e-06,9.915933596196653266e-01,2.744329070967246290e-04,2.744329070967246290e-04,-6.553063696252971059e-08,7.135908238991223967e-07,7.135908238991223967e-07,2.087688366752326118e-08
6.792626024332435453e-01,-3.772378846515268199e-08,-2.180539387292525078e-05,-4.535525255445584066e-06,9.914651630621017508e-01,7.517068809733825035e-05,7.517068809733825035e-05,-3.772378846515268199e-08,-4.573249043910736417e-06,9.914788828092334638e-01,9.346368427298119602e-05,9.346368427298119602e-05,-6.544487480760871946e-08,8.211793862939981957e-07,8.211793862939981957e-07,3.804591210368524394e-08
6.815651875262376258e-01,-3.765895145051621877e-08,-2.250836667101803359e-05,-4.483216382697669742e-06,9.913526005766004623e-01,-1.049923602848059636e-04,-1.049923602848059636e-04,-3.765895145051621877e-08,-4.520875334148185749e-06,9.913661632026029569e-01,-8.690885894821321722e-05,-8.690885894821321722e-05,-6.531976951710061870e-08,8.247470877855639165e-07,8.247470877855639165e-07,5.506424433556226079e-08
6.838677726192315953e-01,-3.757100050224119745e-08,-2.318506495388553777e-05,-4.429316905391562906e-06,9.912418279479773275e-01,-2.810387250313677357e-04,-2.810387250313677357e-04,-3.757100050224119745e-08,-4.466887905893804434e-06,9.912552286116950162e-01,-2.631711734077924977e-04,-2.631711734077924977e-04,-6.515568800918057756e-08,7.254420536845179756e-07,7.254420536845179756e-07,7.192234133835004371e-08
6.861703577122256759e-01,-3.746015601087515133e-08,-2.383546478962640116e-05,-4.373887844981530040e-06,9.911328708656771402e-01,-4.495713976429340517e-04,-4.495713976429340517e-04,-3.746015601087515133e-08,-4.411348000992405046e-06,9.911461049096801368e-01,-4.319260056389644586e-04,-4.319260056389644586e-04,-6.495301882762417836e-08,5.264090378656246993e-07,5.264090378656246993e-07,8.861094446678608684e-08
6.884729428052197564e-01,-3.732665101324879165e-08,-2.445956601659462132e-05,-4.316990251851570314e-06,9.910257531078932036e-01,-6.073730182930243493e-04,-6.073730182930243493e-04,-3.732665101324879165e-08,-4.354316902864819450e-06,9.910388160586017792e-01,-5.899557506815650580e-04,-5.899557506815650580e-04,-6.471217149827023046e-08,2.327080370218033397e-07,2.327080370218033397e-07,1.051210818386738783e-07
6.907755278982137259e-01,-3.717073089274114374e-08,-2.505739183909566617e-05,-4.258685151350233313e-06,9.909204965704661028e-01,-7.514646503653131179e-04,-7.514646503653131179e-04,-3.717073089274114374e-08,-4.295855882242974444e-06,9.909333841381128272e-01,-7.342812268363411998e-04,-7.342812268363411998e-04,-6.443357587207849387e-08,-1.488024992182701946e-07,-1.488024992182701946e-07,1.214440738521178570e-07
6.930781129912078065e-01,-3.699265306134804635e-08,-2.562898837359589766e-05,-4.199033490807147107e-06,9.908171212968319708e-01,-8.791589541839453991e-04,-8.791589541839453991e-04,-3.699265306134804635e-08,-4.236026143868495325e-06,9.908298293752635377e-01,-8.622148496084713941e-04,-8.622148496084713941e-04,-6.411768145675211389e-08,-6.096150058056630786e-07,-6.096150058056630786e-07,1.375715377776134329e-07
6.953806980842018870e-01,-3.679268662364820698e-08,-2.617442414525013167e-05,-4.138096087639593861e-06,9.907156455089635161e-01,-9.881068728484455280e-04,-9.881068728484455280e-04,-3.679268662364820698e-08,-4.174888774263242359e-06,9.907281701752863601e-01,-9.714073177513925586e-04,-9.714073177513925586e-04,-6.376495673897225721e-08,-1.139751255049337947e-06,-1.139751255049337947e-06,1.534953913835193673e-07
6.976832831771958565e-01,-3.657111202309086559e-08,-2.669378953542866047e-05,-4.075933578655351779e-06,9.906160856392424163e-01,-1.076337087021485847e-03,-1.076337087021485847e-03,-3.657111202309086559e-08,-4.112504690678442771e-06,9.906284231533144524e-01,-1.059887068258772141e-03,-1.059887068258772141e-03,-6.337588849934359286e-08,-1.727966032671145748e-06,-1.727966032671145748e-06,1.692078555678808969e-07
6.999858682701899371e-01,-3.632822067136398194e-08,-2.718719618195952818e-05,-4.012606370655253197e-06,9.905184563631993511e-01,-1.142287654919288582e-03,-1.142287654919288582e-03,-3.632822067136398194e-08,-4.048934591326616868e-06,9.905306031669732780e-01,-1.126091916553982088e-03,-1.126091916553982088e-03,-6.295098112218846277e-08,-2.361971738490138340e-06,-2.361971738490138340e-06,1.847014559879434857e-07
7.022884533631840176e-01,-3.606431456188732462e-08,-2.765477633458445424e-05,-3.948174592431809671e-06,9.904227706330592795e-01,-1.184829413059425730e-03,-1.184829413059425730e-03,-3.606431456188732462e-08,-3.984238906993696917e-06,9.904347233497802216e-01,-1.168892457431450942e-03,-1.168892457431450942e-03,-6.249075590228732659e-08,-3.028679326845941204e-06,-3.028679326845941204e-06,1.999690236932728690e-07
7.045910384561779871e-01,-3.577970586876087300e-08,-2.809668216887131777e-05,-3.882698048253213531e-06,9.903290397120269040e-01,-1.203280882984171388e-03,-1.203280882984171388e-03,-3.577970586876087300e-08,-3.918477754121974682e-06,9.903407951452892766e-01,-1.187606971967683544e-03,-1.187606971967683544e-03,-6.199575035062452507e-08,-3.714450785260340930e-06,-3.714450785260340930e-06,2.150036947828485352e-07
7.068936235491720677e-01,-3.547471653272872010e-08,-2.851308506256535895e-05,-3.816236172912209925e-06,9.902372732092453722e-01,-1.197414590839605050e-03,-1.197414590839605050e-03,-3.547471653272872010e-08,-3.851710889444938691e-06,9.902488283419137449e-01,-1.182007747281825288e-03,-1.182007747281825288e-03,-6.146651750109999187e-08,-4.405358248621688672e-06,-4.405358248621688672e-06,2.297989091220365028e-07
7.091962086421661482e-01,-3.514967783593726566e-08,-2.890417483887300018e-05,-3.748847988409312594e-06,9.901474791153610511e-01,-1.167454873520194390e-03,-1.167454873520194390e-03,-3.514967783593726566e-08,-3.783997666245249820e-06,9.901588311083597826e-01,-1.152318882855213463e-03,-1.152318882855213463e-03,-6.090362522006179694e-08,-5.087444823968182645e-06,-5.087444823968182645e-06,2.443484081669086195e-07
7.114987937351601177e-01,-3.480492996742793415e-08,-2.927015898167216628e-05,-3.680592062328055616e-06,9.900596638386278681e-01,-1.114067396848924868e-03,-1.114067396848924868e-03,-3.480492996742793415e-08,-3.715396992295483345e-06,9.900708100296047309e-01,-1.099205808879742934e-03,-1.099205808879742934e-03,-6.030765552036985278e-08,-5.746982281434358268e-06,-5.746982281434358268e-06,2.586462319556950350e-07
7.138013788281541983e-01,-3.444082158144302339e-08,-2.961126182793662897e-05,-3.611526467947904873e-06,9.899738322414844971e-01,-1.038340763392541898e-03,-1.038340763392541898e-03,-3.444082158144302339e-08,-3.645967289529347883e-06,9.899847701433530656e-01,-1.023756894234424588e-03,-1.023756894234424588e-03,-5.967920388154031159e-08,-6.370720929570591729e-06,-6.370720929570591729e-06,2.726867153358247775e-07
7.161039639211482788e-01,-3.405770935070817129e-08,-2.992772374298118150e-05,-3.541708746128445425e-06,9.898899876775347773e-01,-9.417607186493611934e-04,-9.417607186493611934e-04,-3.405770935070817129e-08,-3.575766455479153517e-06,9.899007149769012415e-01,-9.274576528274445760e-04,-9.274576528274445760e-04,-5.901887857735078067e-08,-6.946127238398950184e-06,-6.946127238398950184e-06,2.864644835049854742e-07
7.184065490141422483e-01,-3.365595751691400232e-08,-3.021980028417353131e-05,-3.471195868985904582e-06,9.898081320288679708e-01,-8.261775919953701390e-04,-8.261775919953701390e-04,-3.365595751691400232e-08,-3.504851826502818716e-06,9.898186465843474835e-01,-8.121581846893588573e-04,-8.121581846893588573e-04,-5.832730001210137421e-08,-7.461605099363646305e-06,-7.461605099363646305e-06,2.999744469492383645e-07
7.207091341071363289e-01,-3.323593744061813209e-08,-3.048776135887480498e-05,-3.400044205370617788e-06,9.897282657436511366e-01,-6.937677107487895487e-04,-6.937677107487895487e-04,-3.323593744061813209e-08,-3.433280142811236046e-06,9.897385655840795771e-01,-6.800345901775445723e-04,-6.800345901775445723e-04,-5.760510006652564088e-08,-7.906696992133412064e-06,-7.906696992133412064e-06,3.132117958680895344e-07
7.230117192001304094e-01,-3.279802715278062867e-08,-3.073189038220985718e-05,-3.328309488144546250e-06,9.896503878739305593e-01,-5.469896216838805942e-04,-5.469896216838805942e-04,-3.279802715278062867e-08,-3.361107515297326925e-06,9.896604711964764878e-01,-5.335451916226913085e-04,-5.335451916226913085e-04,-5.685292145419658028e-08,-8.272261786455306103e-06,-8.272261786455306103e-06,3.261719941775170842e-07
7.253143042931244899e-01,-3.234261091005815614e-08,-3.095248344013330749e-05,-3.256046783244298510e-06,9.895744961135795048e-01,-3.885360214333233048e-04,-3.885360214333233048e-04,-3.234261091005815614e-08,-3.288389394154356507e-06,9.895843612817619706e-01,-3.753824638567058720e-04,-3.753824638567058720e-04,-5.607141708903221231e-08,-8.550626385464247137e-06,-8.550626385464247137e-06,3.388507731843149434e-07
7.276168893861184594e-01,-3.187007875590735464e-08,-3.114984846297816226e-05,-3.183310460509389431e-06,9.895005868363322410e-01,-2.212823567841083609e-04,-2.212823567841083609e-04,-3.187007875590735464e-08,-3.215180539265296613e-06,9.895102323779499942e-01,-2.084216346270471778e-04,-2.084216346270471778e-04,-5.526124946440453833e-08,-8.735708970173797813e-06,-8.735708970173797813e-06,3.512441250240210027e-07
7.299194744791125400e-01,-3.138082608940248695e-08,-3.132430441440567056e-05,-3.110154166244461184e-06,9.894286551338465907e-01,-4.823308589058840769e-05,-4.823308589058840769e-05,-3.138082608940248695e-08,-3.141534992333863751e-06,9.894380797388235838e-01,-3.566694592125295438e-05,-3.566694592125295438e-05,-5.442309004414934171e-08,-8.823112137855048997e-06,-8.823112137855048997e-06,3.633482959544138454e-07
7.322220595721066205e-01,-3.087525324352321123e-08,-3.147618050016221555e-05,-3.036630797478160349e-06,9.893586948537390624e-01,1.275333877708001299e-04,1.275333877708001299e-04,-3.087525324352321123e-08,-3.067506050721683494e-06,9.893678973718912362e-01,1.398034119736868571e-04,1.398034119736868571e-04,-5.355761866565292460e-08,-8.810184832394497105e-06,-8.810184832394497105e-06,3.751597795906479571e-07
7.345246446651005900e-01,-3.035376507449057503e-08,-3.160581540066620393e-05,-2.962792477877374893e-06,9.892906986375415990e-01,3.029201029130264961e-04,3.029201029130264961e-04,-3.035376507449057503e-08,-2.993146242951865568e-06,9.892996780762705056e-01,3.148926878848339397e-04,3.148926878848339397e-04,-5.266552295510257531e-08,-8.696052511390576898e-06,-8.696052511390576898e-06,3.866753101649009030e-07
7.368272297580946706e-01,-2.981677056351979767e-08,-3.171355653094778368e-05,-2.888690535267547688e-06,9.892246579585304289e-01,4.748662612161477824e-04,4.748662612161477824e-04,-2.981677056351979767e-08,-2.918507305831067452e-06,9.892334134804479095e-01,4.865402904394720471e-04,4.865402904394720471e-04,-5.174749775482155548e-08,-8.481615604563800897e-06,-8.481615604563800897e-06,3.978918558876480485e-07
7.391298148510887511e-01,-2.926468243216598254e-08,-3.179975933088903105e-05,-2.814375480713250123e-06,9.891605631593798353e-01,6.404003319249703188e-04,6.404003319249703188e-04,-2.926468243216598254e-08,-2.843640163145415943e-06,9.891690940798693044e-01,6.517748925775519470e-04,6.517748925775519470e-04,-5.080424456265199271e-08,-8.169516843453856019e-06,-8.169516843453856019e-06,4.088066124795082742e-07
7.414323999440827206e-01,-2.869791677218220707e-08,-3.186478658818286540e-05,-2.739896989102691945e-06,9.890984034896035393e-01,7.966906431640964886e-04,7.966906431640964886e-04,-2.869791677218220707e-08,-2.768594905874874175e-06,9.891067092743212052e-01,8.077650227875960310e-04,8.077650227875960310e-04,-4.983647098313039749e-08,-7.764078607258815073e-06,-7.764078607258815073e-06,4.194169969358109352e-07
7.437349850370768012e-01,-2.811689269061606951e-08,-3.190900779586071357e-05,-2.665303881188077863e-06,9.890381671427403987e-01,9.410926299768221544e-04,9.410926299768221544e-04,-2.811689269061606951e-08,-2.693420773878693965e-06,9.890462474050620845e-01,9.518663130723369319e-04,9.518663130723369319e-04,-4.884489019033277959e-08,-7.271211906615458941e-06,-7.271211906615458941e-06,4.297206415770031401e-07
7.460375701300708817e-01,-2.752203197061072628e-08,-3.193279854567837215e-05,-2.590644107026848653e-06,9.889798412932532257e-01,1.071191989117716101e-03,1.071191989117716101e-03,-2.752203197061072628e-08,-2.618166138997459187e-06,9.889876957916702294e-01,1.081664653673705852e-03,1.081664653673705852e-03,-4.783022040211272807e-08,-6.698299101704351002e-06,-6.698299101704351002e-06,4.397153884295633045e-07
7.483401552230648512e-01,-2.691375874816041684e-08,-3.193653995807015235e-05,-2.515964730771887457e-06,9.889234121331091920e-01,1.184843081325796018e-03,1.184843081325796018e-03,-2.691375874816041684e-08,-2.542878489520047778e-06,9.889310407685777404e-01,1.195014595283876114e-03,1.195014595283876114e-03,-4.679318436549295645e-08,-6.054052856378748520e-06,-6.054052856378748520e-06,4.493992839721255064e-07
7.506427403160589318e-01,-2.629249920485207448e-08,-3.192061814882285860e-05,-2.441311916760250455e-06,9.888688649080157322e-01,1.280202020211027546e-03,1.280202020211027546e-03,-2.629249920485207448e-08,-2.467604415965102479e-06,9.888762677212635799e-01,1.290072437874888005e-03,1.290072437874888005e-03,-4.573450885297694231e-08,-5.348354183970714830e-06,-5.348354183970714830e-06,4.587705742716050211e-07
7.529453254090530123e-01,-2.565868127640318508e-08,-3.188542373222476084e-05,-2.366730916848824057e-06,9.888161839532869646e-01,1.355753995217975644e-03,1.355753995217975644e-03,-2.565868127640318508e-08,-2.392389598125227384e-06,9.888233611220813568e-01,1.365323553610476573e-03,1.365323553610476573e-03,-4.465492416950541513e-08,-4.592072748086065615e-06,-4.592072748086065615e-06,4.678277005274247539e-07
7.552479105020470929e-01,-2.501273437661861014e-08,-3.183135135978725373e-05,-2.292266058947366507e-06,9.887653527293239764e-01,1.410334483756513213e-03,1.410334483756513213e-03,-2.501273437661861014e-08,-2.317278793323985309e-06,9.887723045657039744e-01,1.419603598929809144e-03,1.419603598929809144e-03,-4.355516366980190180e-08,-3.796872804439082443e-06,-3.796872804439082443e-06,4.765692950286136419e-07
7.575504955950410624e-01,-2.435508913620237576e-08,-3.175879929333773723e-05,-2.217960736699941506e-06,9.887163538566891008e-01,1.443144125719823161e-03,1.443144125719823161e-03,-2.435508913620237576e-08,-2.242315825836143730e-06,9.887230808041665986e-01,1.452113389023167731e-03,1.452113389023167731e-03,-4.243596328584390909e-08,-2.975008356038709116e-06,-2.975008356038709116e-06,4.849941775228237432e-07
7.598530806880351429e-01,-2.368617715569773639e-08,-3.166816901092948770e-05,-2.143857400264722757e-06,9.886691691507636381e-01,1.453757141998578660e-03,1.453757141998578660e-03,-2.368617715569773639e-08,-2.167543577420420566e-06,9.886756717814958462e-01,1.462427316308260268e-03,1.462427316308260268e-03,-4.129806106415276652e-08,-2.139111185238919836e-06,-2.139111185238919836e-06,4.931013519889257018e-07
7.621556657810292235e-01,-2.300643077169981795e-08,-3.155986484342871096e-05,-2.069997548146021789e-06,9.886237796559765867e-01,1.442123298713096592e-03,1.442123298713096592e-03,-2.300643077169981795e-08,-2.093003978917721597e-06,9.886300586679133140e-01,1.450495314628767480e-03,1.450495314628767480e-03,-4.014219671265674802e-08,-1.301975481104191704e-06,-1.301975481104191704e-06,5.008900037913016649e-07
7.644582508740231930e-01,-2.231628283534691676e-08,-3.143429363969031258e-05,-1.996421720027958518e-06,9.885801656795972781e-01,1.408563520067171882e-03,1.408563520067171882e-03,-2.231628283534691676e-08,-2.018738002863305550e-06,9.885862218936058987e-01,1.416638472078625118e-03,1.416638472078625118e-03,-3.896911115676420785e-08,-4.763427445234384526e-07,-4.763427445234384526e-07,5.083594971949547003e-07
7.667608359670172735e-01,-2.161616650201986084e-08,-3.129186445774574508e-05,-1.923169490563041578e-06,9.885383068250844785e-01,1.353759366154991478e-03,1.353759366154991478e-03,-2.161616650201986084e-08,-1.944785657065061403e-06,9.885441411820556912e-01,1.361538508783251668e-03,1.361538508783251668e-03,-3.777954610434430035e-08,3.253094225952339943e-07,3.253094225952339943e-07,5.155093732082455817e-07
7.690634210600113541e-01,-2.090651503109504018e-08,-3.113298827938753140e-05,-1.850279464066921886e-06,9.884981820249882922e-01,1.278736681683789213e-03,1.278736681683789213e-03,-2.090651503109504018e-08,-1.871185979098016999e-06,9.885037955829255596e-01,1.286221425600181335e-03,1.286221425600181335e-03,-3.657424361923913450e-08,1.090971186690723918e-06,1.090971186690723918e-06,5.223393477180191002e-07
7.713660061530053236e-01,-2.018776159455473484e-08,-3.095807774536493923e-05,-1.777789270073633195e-06,9.884597695734008704e-01,1.184843818293933359e-03,1.184843818293933359e-03,-2.018776159455473484e-08,-1.797977031668187857e-06,9.884651635044958695e-01,1.192035726420606102e-03,1.192035726420606102e-03,-3.535394570297005257e-08,1.809293750221220834e-06,1.809293750221220834e-06,5.288493098762107530e-07
7.736685912459994041e-01,-1.946033909322462394e-08,-3.076754690837238203e-05,-1.705735559701541020e-06,9.884230471579557031e-01,1.073724908837535037e-03,1.073724908837535037e-03,-1.946033909322462394e-08,-1.725195898794765680e-06,9.884282227456521186e-01,1.080625692432714020e-03,1.080625692432714020e-03,-3.411939388418442662e-08,2.469769004302873418e-06,2.469769004302873418e-06,5.350393206944865224e-07
7.759711763389934847e-01,-1.872467997941891040e-08,-3.056181100099928825e-05,-1.634154002788888335e-06,9.883879918913712759e-01,9.472887447483552313e-04,9.472887447483552313e-04,-1.872467997941891040e-08,-1.652878682768307215e-06,9.883929505274196003e-01,9.539002594794284339e-04,9.539002594794284339e-04,-3.287132881553501034e-08,3.062892845544699488e-06,3.062892845544699488e-06,5.409096118006942192e-07
7.782737614319874542e-01,-1.798121608477845571e-08,-3.034128621581229783e-05,-1.563079285753174965e-06,9.883545803425390908e-01,8.076738658457569258e-04,8.076738658457569258e-04,-1.798121608477845571e-08,-1.581060501837953351e-06,9.883593235240446528e-01,8.139981078531087358e-04,8.139981078531087358e-04,-3.161048987755778148e-08,3.580309766990027681e-06,3.580309766990027681e-06,5.464605843087727702e-07
7.805763465249815347e-01,-1.723037845212787098e-08,-3.010638949494407208e-05,-1.492545110133473815e-06,9.883227885671570512e-01,6.572105181383624877e-04,6.572105181383624877e-04,-1.723037845212787098e-08,-1.509775488585601682e-06,9.883273178936228254e-01,6.632496200927049182e-04,6.632496200927049182e-04,-3.033761478917745313e-08,4.014936688581586779e-06,4.014936688581586779e-06,5.516928077559350868e-07
7.828789316179756153e-01,-1.647259717024141512e-08,-2.985753832657243875e-05,-1.422584191779390041e-06,9.882925921379035472e-01,4.983801717241330507e-04,4.983801717241330507e-04,-1.647259717024141512e-08,-1.439056788949631366e-06,9.882969093082704104e-01,5.041363988799315524e-04,5.041363988799315524e-04,-2.905343922453727711e-08,4.361064386642232912e-06,4.361064386642232912e-06,5.566070190583849672e-07
7.851815167109695848e-01,-1.570830121046746524e-08,-2.959515054589367361e-05,-1.353228260651166573e-06,9.882639661741551285e-01,3.337733110731415744e-04,3.337733110731415744e-04,-1.570830121046746524e-08,-1.368936561861633989e-06,9.882680729838406730e-01,3.392490573205881265e-04,3.392490573205881265e-04,-2.775869643583118090e-08,4.614435269748861997e-06,4.614435269748861997e-06,5.612041214394701698e-07
7.874841018039636653e-01,-1.493791826425559998e-08,-2.931964413841562918e-05,-1.284508061200674029e-06,9.882368853712419909e-01,1.660462221541708075e-04,1.660462221541708075e-04,-1.493791826425559998e-08,-1.299445979464929639e-06,9.882407837091803371e-01,1.712440060720305218e-04,1.712440060720305218e-04,-2.645411688189957996e-08,4.772296678725585414e-06,4.772296678725585414e-06,5.654851832866665084e-07
7.897866868969577459e-01,-1.416187458072953169e-08,-2.903143704361358664e-05,-1.216453353308731443e-06,9.882113240292426104e-01,-2.122503358832746161e-06,-2.122503358832746161e-06,-1.416187458072953169e-08,-1.230615227889461027e-06,9.882150158749263280e-01,2.799957552725097949e-06,2.799957552725097949e-06,-2.514042786244358602e-08,4.833429279832858885e-06,4.833429279832858885e-06,5.694514368962725887e-07
7.920892719899517154e-01,-1.338059480354886858e-08,-2.873094695723631335e-05,-1.149092913754494975e-06,9.881872560813138584e-01,-1.680750387893249482e-04,-1.680750387893249482e-04,-1.338059480354886858e-08,-1.162473508558043860e-06,9.881907435018395525e-01,-1.634251447550927609e-04,-1.634251447550927609e-04,-2.381835315769488190e-08,4.798150559590237099e-06,4.798150559590237099e-06,5.731042770681791843e-07
7.943918570829457959e-01,-1.259450180643248529e-08,-2.841859113076869841e-05,-1.082454538203480666e-06,9.881646551215511609e-01,-3.292162862346833759e-04,-3.292162862346833759e-04,-1.259450180643248529e-08,-1.095049040009913158e-06,9.881679402686711633e-01,-3.248360900746437123e-04,-3.248360900746437123e-04,-2.248861267359298789e-08,4.668293798046853205e-06,4.668293798046853205e-06,5.764452595156258648e-07
7.966944421759398764e-01,-1.180401652682647442e-08,-2.809478616693513616e-05,-1.016565043698173545e-06,9.881434944323782554e-01,-4.830540864504089655e-04,-4.830540864504089655e-04,-1.180401652682647442e-08,-1.028369060225000083e-06,9.881465795395589780e-01,-4.789406102095089719e-04,-4.789406102095089719e-04,-2.115192209244959767e-08,4.447163313706324436e-06,4.447163313706324436e-06,5.794760990620305872e-07
7.989970272689339570e-01,-1.100955779733173568e-08,-2.775994781033173491e-05,-9.514502716445723166e-07,9.881237470114609955e-01,-6.272370724440247359e-04,-6.272370724440247359e-04,-1.100955779733173568e-08,-9.624598294419040424e-07,9.881266343909492766e-01,-6.233872331262571087e-04,-6.233872331262571087e-04,-1.980899252927332448e-08,4.139467105252501715e-06,4.139467105252501715e-06,5.821986675997112321e-07
8.012996123619279265e-01,-1.021154217463410653e-08,-2.741449073253800876e-05,-8.871350912901706924e-07,9.881053855981370981e-01,-7.595896181323791253e-04,-7.595896181323791253e-04,-1.021154217463410653e-08,-8.973466334648048171e-07,9.881080776380375408e-01,-7.560002315985199289e-04,-7.560002315985199289e-04,-1.846053019397047352e-08,3.751228372441909560e-06,3.751228372441909560e-06,5.846149917898960665e-07
8.036021974549220070e-01,-9.410383765801204708e-09,-2.705882831138578699e-05,-8.236434036904343876e-07,9.880883826993628327e-01,-8.781433931301491601e-04,-8.781433931301491601e-04,-9.410383765801204708e-09,-8.330537874562355411e-07,9.880908818607252453e-01,-8.748111779803242416e-04,-8.748111779803242416e-04,-1.710723605966987923e-08,3.289677684972328149e-06,3.289677684972328149e-06,5.867272504899686341e-07
8.059047825479160876e-01,-8.606494051939456232e-09,-2.669337240427211986e-05,-7.609981461666637343e-07,9.880727106151634409e-01,-9.811651014164715634e-04,-9.811651014164715634e-04,-8.606494051939456232e-09,-7.696046402186032220e-07,9.880750194290840449e-01,-9.780866828555971268e-04,-9.780866828555971268e-04,-1.574980553755170483e-08,2.763127841390454181e-06,2.763127841390454181e-06,5.885377718975868005e-07
8.082073676409100571e-01,-7.800281709320982986e-09,-2.631853311571487425e-05,-6.992212972572161428e-07,9.880583414635865092e-01,-1.067180053180034633e-03,-1.067180053180034633e-03,-7.800281709320982986e-09,-7.070215789665371142e-07,9.880604625283233577e-01,-1.064351966864168428e-03,-1.064351966864168428e-03,-1.438892815854719285e-08,2.180833686550049595e-06,2.180833686550049595e-06,5.900490304081255092e-07
8.105099527339041376e-01,-6.992152428202750729e-09,-2.593471855947258016e-05,-6.383338821678858203e-07,9.880452472051503010e-01,-1.134991292497293221e-03,-1.134991292497293221e-03,-6.992152428202750729e-09,-6.453260345960886190e-07,9.880471831832541296e-01,-1.132409988358908841e-03,-1.132409988358908841e-03,-1.302528726237056605e-08,1.552839336705730858e-06,1.552839336705730858e-06,5.912636431840907477e-07
8.128125378268982182e-01,-6.182508729668926660e-09,-2.554233461586697730e-05,-5.783559787264559217e-07,9.880333996667789442e-01,-1.183694082405948710e-03,-1.183694082405948710e-03,-6.182508729668926660e-09,-5.845384874561248426e-07,9.880351532822413407e-01,-1.181355928456124301e-03,-1.181355928456124301e-03,-1.165955969434053294e-08,8.898154110773511937e-07,8.898154110773511937e-07,5.921843664426196688e-07
8.151151229198921877e-01,-5.371749780919247507e-09,-2.514178468506293775e-05,-5.193067238474275392e-07,9.880227705652190329e-01,-1.212685623553768971e-03,-1.212685623553768971e-03,-5.371749780919247507e-09,-5.246784736283468049e-07,9.880243446006399255e-01,-1.210586909659255514e-03,-1.210586909659255514e-03,-1.029241551048528408e-08,2.028889575064228548e-07,2.028889575064228548e-07,5.928140914699066049e-07
8.174177080128862682e-01,-4.560271209517533077e-09,-2.473346943725414674e-05,-4.612043205122332499e-07,9.880133315299324259e-01,-1.221669963702588313e-03,-1.221669963702588313e-03,-4.560271209517533077e-09,-4.657645917217507796e-07,9.880147288237075553e-01,-1.219806905335701300e-03,-1.219806905335701300e-03,-8.924517691425041073e-09,-4.965311774852293300e-07,-4.965311774852293300e-07,5.931558403762979831e-07
8.197202931058803488e-01,-3.748464917181486800e-09,-2.431778656081037154e-05,-4.040660452692718180e-07,9.880050541254552510e-01,-1.210658126265604182e-03,-1.210658126265604182e-03,-3.748464917181486800e-09,-4.078145101864532849e-07,9.880062775689858467e-01,-1.209026868224858308e-03,-1.209026868224858308e-03,-7.556521865520274079e-09,-1.196930783103037422e-06,-1.196930783103037422e-06,5.932127616088912350e-07
8.220228781988743183e-01,-2.936718893770464580e-09,-2.389513050958941355e-05,-3.479082562565060045e-07,9.879979098732205589e-01,-1.179963564473571853e-03,-1.179963564473571853e-03,-2.936718893770464580e-09,-3.508449751502764873e-07,9.879989624081459976e-01,-1.178560184572970777e-03,-1.178560184572970777e-03,-6.189076041755702878e-09,-1.886865797933865479e-06,-1.886865797933865479e-06,5.929881252426867905e-07
8.243254632918683988e-01,-2.125417032161851102e-09,-2.346589225065227860e-05,-2.927464017479378664e-07,9.879918702728358593e-01,-1.130193110955070475e-03,-1.130193110955070475e-03,-2.125417032161851102e-09,-2.948718187800997386e-07,9.879927548882921906e-01,-1.129013623679950024e-03,-1.129013623679950024e-03,-4.822820352809913730e-09,-2.555134257153878326e-06,-2.555134257153878326e-06,5.924853180731177269e-07
8.266280483848624794e-01,-1.314938944761465270e-09,-2.303045901371697385e-05,-2.385950292223682768e-07,9.879869068228113171e-01,-1.062233662652200357e-03,-1.062233662652200357e-03,-1.314938944761465270e-09,-2.399099681671297371e-07,9.879876265527157697e-01,-1.061274022779531805e-03,-1.061274022779531805e-03,-3.458386808712134942e-09,-3.190942137831849121e-06,-3.190942137831849121e-06,5.917078385361334627e-07
8.289306334778565599e-01,-5.056597824059302312e-10,-2.258921404369055111e-05,-1.854677949506518086e-07,9.879829910407328386e-01,-9.772348948926009964e-04,-9.772348948926009964e-04,-5.056597824059302312e-10,-1.859734547330577287e-07,9.879835489610970800e-01,-9.764910010736688357e-04,-9.764910010736688357e-04,-2.096399061447168890e-09,-3.784060715610496685e-06,-3.784060715610496685e-06,5.906592914833354677e-07
8.312332185708505294e-01,3.020499435676854524e-10,-2.214253635763614020e-05,-1.333774740953982927e-07,9.879800944828769360e-01,-8.765883546250964088e-04,-8.765883546250964088e-04,3.020499435676854524e-10,-1.330754241518305979e-07,9.879804937091494210e-01,-8.760560529284891224e-04,-8.760560529284891224e-04,-7.374721808281460669e-10,-4.324973228378618611e-06,-4.324973228378618611e-06,5.893433828413502508e-07
8.335358036638446100e-01,1.107824535310179127e-09,-2.169080050749591339e-05,-8.233597131338927745e-08,9.879781887632594906e-01,-7.619033262648409631e-04,-7.619033262648409631e-04,1.107824535310179127e-09,-8.122814677807909667e-08,9.879784324476997837e-01,-7.615784136777286337e-04,-7.615784136777286337e-04,6.177875581196514614e-10,-4.805008850767508698e-06,-4.805008850767508698e-06,5.877639141851030369e-07
8.358383887568386905e-01,1.911303277743237399e-09,-2.123437634988904494e-05,-3.235433184877591875e-08,9.879772455721194113e-01,-6.349799027310583420e-04,-6.349799027310583420e-04,1.911303277743237399e-09,-3.044302857103268011e-08,9.879773369012051498e-01,-6.348581306167742043e-04,-6.348581306167742043e-04,1.968782876066717627e-09,-5.216462217518557383e-06,-5.216462217518557383e-06,5.859247772561012180e-07
8.381409738498326600e-01,2.712130602400936402e-09,-2.077362882418742890e-05,1.655724689785112531e-08,9.879772366938326389e-01,-4.977797251005838027e-04,-4.977797251005838027e-04,2.712130602400936402e-09,1.926937750025206336e-08,9.879771788857001358e-01,-4.978568026105848442e-04,-4.978568026105848442e-04,3.314925678451037339e-09,-5.552696990845036164e-06,-5.552696990845036164e-06,5.838299484553576373e-07
8.404435589428267406e-01,3.509956245124263898e-09,-2.030891774004327835e-05,6.438940334232263606e-08,9.879781340242522747e-01,-3.523948760539833314e-04,-3.523948760539833314e-04,3.509956245124263898e-09,6.789935958744689913e-08,9.879779303261735368e-01,-3.526664734923331385e-04,-3.526664734923331385e-04,4.655637232651860114e-09,-5.808232231783774261e-06,-5.808232231783774261e-06,5.814834833414103653e-07
8.427461440358208211e-01,4.304435396947660379e-09,-1.984059757542315524e-05,1.111335992518649646e-07,9.879799095874777226e-01,-2.010154283414525029e-04,-2.010154283414525029e-04,4.304435396947660379e-09,1.154380346488126217e-07,9.879795632733737731e-01,-2.014771804800477453e-04,-2.014771804800477453e-04,5.990348333265359061e-09,-5.978810626033186375e-06,-5.978810626033186375e-06,5.788895111623357078e-07
8.450487291288147906e-01,5.095228847568522067e-09,-1.936901728610367407e-05,1.567821068649450947e-07,9.879825355520486241e-01,-4.589615488275173400e-05,-4.589615488275173400e-05,5.095228847568522067e-09,1.618773357125136185e-07,9.879820499200414607e-01,-4.654366422560178530e-05,-4.654366422560178530e-05,7.318499455548240483e-09,-6.061447891287431608e-06,-6.061447891287431608e-06,5.760522294496164298e-07
8.473513142218088712e-01,5.882003120858050163e-09,-1.889452012745531913e-05,2.013279956208722350e-07,9.879859842465654740e-01,1.106770924502290156e-04,1.106770924502290156e-04,5.882003120858050163e-09,2.072099987417302943e-07,9.879853626165692182e-01,1.098482524552620948e-04,1.098482524552620948e-04,8.639540897161133514e-09,-6.054462999396940331e-06,-6.054462999396940331e-06,5.729758986998816015e-07
8.496538993148029517e-01,6.664430601919610850e-09,-1.841744348924012679e-05,2.447651185257622041e-07,9.879902281747382498e-01,2.664208379470377262e-04,2.664208379470377262e-04,6.664430601919610850e-09,2.514295491276818265e-07,9.879894738860908188e-01,2.654151197505270053e-04,2.654151197505270053e-04,9.952932908386790820e-09,-5.957489116421240537e-06,-5.957489116421240537e-06,5.696648371692008170e-07
8.519564844077969212e-01,7.442189655297991542e-09,-1.793811874397978096e-05,2.870880981835255643e-07,9.879952400298638304e-01,4.190867882733913231e-04,4.190867882733913231e-04,7.442189655297991542e-09,2.945302878388235699e-07,9.879943564390003541e-01,4.179086671220360368e-04,4.179086671220360368e-04,1.125814581107699970e-08,-5.771465467795371473e-06,-5.771465467795371473e-06,5.661234158016736874e-07
8.542590695007910018e-01,8.214964733998367029e-09,-1.745687110935040462e-05,3.282923125215540846e-07,9.880009927087357591e-01,5.664935296218982569e-04,5.664935296218982569e-04,8.214964733998367029e-09,3.365072772555524434e-07,9.879999831869039628e-01,5.651475005128760469e-04,5.651475005128760469e-04,1.255466010661489530e-08,-5.498610585087896535e-06,-5.498610585087896535e-06,5.623560533125063905e-07
8.565616545937850823e-01,8.982446479052313411e-09,-1.697401952489994002e-05,3.683738802413844335e-07,9.880074593249883463e-01,7.065566838080410096e-04,7.065566838080410096e-04,8.982446479052313411e-09,3.773563267204367254e-07,9.880063272560082321e-01,7.050472585011592673e-04,7.050472585011592673e-04,1.384196657321114052e-08,-5.142377670471625178e-06,-5.142377670471625178e-06,5.583672114425993690e-07
8.588642396867790518e-01,9.744331809473195958e-09,-1.648987654325747304e-05,4.073296460268308488e-07,9.880146132218817767e-01,8.373171247123286460e-04,8.373171247123286460e-04,9.744331809473195958e-09,4.170739778363040464e-07,9.880133619999482697e-01,8.356488288009833888e-04,8.356488288009833888e-04,1.511956635294877544e-08,-4.707393038058303366e-06,-4.707393038058303366e-06,5.541613903995486641e-07
8.611668247797731324e-01,1.050032400247988791e-08,-1.600474823585819854e-05,4.451571655400238803e-07,9.880224279845303270e-01,9.569668953020505535e-04,9.569668953020505535e-04,1.050032400247988791e-08,4.556574895425037864e-07,9.880210610120616632e-01,9.551442653438805500e-04,9.551442653438805500e-04,1.638697102893351103e-08,-4.199378824366580854e-06,-4.199378824366580854e-06,5.497431244964910631e-07
8.634694098727672129e-01,1.125013276398961762e-08,-1.551893411310903363e-05,4.818546902382459725e-07,9.880308774515808024e-01,1.063872507705194287e-03,1.063872507705194287e-03,1.125013276398961762e-08,4.931048230022355454e-07,9.880293981371117695e-01,1.061900088413185363e-03,1.061900088413185363e-03,1.764370269302306428e-08,-3.625061350993705606e-06,-3.625061350993705606e-06,5.451169779987280176e-07
8.657719949657611824e-01,1.199347428942863267e-08,-1.503272705875793840e-05,5.174211520425227285e-07,9.880399357263479621e-01,1.156595354469805784e-03,1.156595354469805784e-03,1.199347428942863267e-08,5.294146263319513380e-07,9.880383474824689927e-01,1.154477695964477996e-03,1.154477695964477996e-03,1.888929400456705840e-08,-2.992066696832871413e-06,-2.992066696832871413e-06,5.402875411839437424e-07
8.680745800587552630e-01,1.273007131500181218e-08,-1.454641327813361464e-05,5.518561478896183946e-07,9.880495771874124866e-01,1.233909008042405981e-03,1.233909008042405981e-03,1.273007131500181218e-08,5.645862192046202349e-07,9.880478834287548251e-01,1.231650663165587481e-03,1.231650663165587481e-03,2.012328824064701025e-08,-2.308805185503076045e-06,-2.308805185503076045e-06,5.352594266198258608e-07
8.703771651517493435e-01,1.345965315961517940e-08,-1.406027225983938777e-05,5.851599241969552995e-07,9.880597764986890352e-01,1.294813234368122042e-03,1.294813234368122042e-03,1.345965315961517940e-08,5.986195773565704276e-07,9.880579806399569787e-01,1.292418756058695724e-03,1.292418756058695724e-03,2.134523933826829218e-08,-1.584346606427120274e-06,-1.584346606427120274e-06,5.300372656607670986e-07
8.726797502447434240e-01,1.418195575772856931e-08,-1.357457675034842548e-05,6.173333612702998592e-07,9.880705086189752739e-01,1.338544599156868539e-03,1.338544599156868539e-03,1.418195575772856931e-08,6.315153170280284120e-07,9.880686140730241540e-01,1.336018537888756337e-03,1.336018537888756337e-03,2.255471192900462656e-08,-8.282880833836598099e-07,-8.282880833836598099e-07,5.246257051618549639e-07
8.749823353377373936e-01,1.489672168346211179e-08,-1.308959274087150323e-05,6.483779576818880853e-07,9.880817488109853164e-01,1.364583594284608228e-03,1.364583594284608228e-03,1.489672168346211179e-08,6.632746793653502070e-07,9.880797589869472208e-01,1.361930495567146909e-03,1.361930495567146909e-03,2.375128136656091844e-08,-5.061655714332497953e-08,-5.061655714332497953e-08,5.190294044061048294e-07
8.772849204307314741e-01,1.560370016634146735e-08,-1.260557946585706309e-05,6.782958146454778457e-07,9.880934726498821208e-01,1.372658265237487480e-03,1.372658265237487480e-03,1.560370016634146735e-08,6.938995148118193230e-07,9.880913909513376892e-01,1.369882667178240173e-03,1.369882667178240173e-03,2.493453374772062842e-08,7.384321135627205324e-07,7.384321135627205324e-07,5.132530322405774811e-07
8.795875055237255546e-01,1.630264709911022048e-08,-1.212278941230466624e-05,7.070896204132596577e-07,9.881056560313147274e-01,1.362744366453046011e-03,1.362744366453046011e-03,1.630264709911022048e-08,7.233922675123698451e-07,9.881034858545122423e-01,1.359850797382996558e-03,1.359850797382996558e-03,2.610406592713223499e-08,1.528515433508557769e-06,1.528515433508557769e-06,5.073012644116129366e-07
8.818900906167195242e-01,1.699332503808413298e-08,-1.164146833915235907e-05,7.347626347180101579e-07,9.881182751789709950e-01,1.335062122655127949e-03,1.335062122655127949e-03,1.699332503808413298e-08,7.517559597560942810e-07,9.881160199110917697e-01,1.332055098816103478e-03,1.332055098816103478e-03,2.725948552637730116e-08,2.309325955955168016e-06,2.309325955955168016e-06,5.011787810914181124e-07
8.841926757097136047e-01,1.767550319654380056e-08,-1.116185530587717778e-05,7.613186732810118568e-07,9.881313066516560495e-01,1.290069715391991547e-03,1.290069715391991547e-03,1.767550319654380056e-08,7.789941764775556111e-07,9.881289696691266666e-01,1.286953738686081239e-03,1.286953738686081239e-03,2.840041093770668394e-08,3.070730449155754016e-06,3.070730449155754016e-06,4.948902645841341015e-07
8.864952608027076852e-01,1.834895743171015809e-08,-1.068418270943732140e-05,7.867620924068095467e-07,9.881447273499085471e-01,1.228453659318777319e-03,1.228453659318777319e-03,1.834895743171015809e-08,8.051110498385197180e-07,9.881423120167590612e-01,1.225233215119423194e-03,1.225233215119423194e-03,2.952647132289082272e-08,3.802904698083701614e-06,3.802904698083701614e-06,4.884403971988505754e-07
8.887978458957016548e-01,1.901347022582885417e-08,-1.020867632872109681e-05,8.110977736792696267e-07,9.881585145221610800e-01,1.151116268406766636e-03,1.151116268406766636e-03,1.901347022582885417e-08,8.301112439050984544e-07,9.881560241884294049e-01,1.147795823431146250e-03,1.147795823431146250e-03,3.063730660744058898e-08,4.496462196915814289e-06,4.496462196915814289e-06,4.818338592770009396e-07
8.911004309886957353e-01,1.966883066195335418e-08,-9.735555375583730239e-06,8.343311087781559103e-07,9.881726457704609334e-01,1.059160448447671321e-03,1.059160448447671321e-03,1.966883066195335418e-08,8.539999394401093075e-07,9.881700837706426377e-01,1.055744448689910917e-03,1.055744448689910917e-03,3.173256747066044939e-08,5.142575110357651435e-06,5.142575110357651435e-06,4.750753273589484018e-07
8.934030160816898158e-01,2.031483439496494210e-08,-9.265032551670320107e-06,8.564679844261255318e-07,9.881870990557570789e-01,9.538720815013291545e-04,9.538720815013291545e-04,2.031483439496494210e-08,8.767828188210904971e-07,9.881844687073005895e-01,9.503649502260447506e-04,9.503649502260447506e-04,3.281191533170571118e-08,5.733086023123693088e-06,5.733086023123693088e-06,4.681694724765427278e-07
8.957056011746837854e-01,2.095128361840993805e-08,-8.797314110111733148e-06,8.775147674800774775e-07,9.882018527027676136e-01,8.367002935089685491e-04,8.367002935089685491e-04,2.095128361840993805e-08,8.984660510984874255e-07,9.881991573046142729e-01,8.331064293045746527e-04,8.331064293045746527e-04,3.387502233199313860e-08,6.260609153374432072e-06,6.260609153374432072e-06,4.611209585547563641e-07
8.980081862676778659e-01,2.157798702769937255e-08,-8.332599921344470181e-06,8.974782901752055932e-07,9.882168854044376394e-01,7.092359176859794074e-04,7.092359176859794074e-04,2.157798702769937255e-08,9.190562772029049624e-07,9.882141282356060596e-01,7.055596925771678418e-04,7.055596925771678418e-04,3.492157131415013268e-08,6.718619879864073705e-06,6.718619879864073705e-06,4.539344409091473570e-07
9.003107713606719464e-01,2.219475978021156409e-08,-7.871083542221500519e-06,9.163658355300202508e-07,9.882321762259986819e-01,5.731884812961452738e-04,5.731884812961452738e-04,2.219475978021156409e-08,9.385605953102318480e-07,9.882293605442127316e-01,5.694342389149043091e-04,5.694342389149043091e-04,3.595125579771384577e-08,7.101531610169528352e-06,7.101531610169528352e-06,4.466145648225539458e-07
9.026133564536660270e-01,2.280142345281593487e-08,-7.412952287730655108e-06,9.341851229182397410e-07,9.882477046086390882e-01,4.303620555219867991e-04,4.303620555219867991e-04,2.280142345281593487e-08,9.569865463710557122e-07,9.882448336489999541e-01,4.265341093365025856e-04,4.265341093365025856e-04,3.696377995173713006e-08,7.404759214203787962e-06,7.404759214203787962e-06,4.391659641879207229e-07
9.049159415466599965e-01,2.339780599730989930e-08,-6.958387304576605663e-06,9.509442938123264332e-07,9.882634503727993902e-01,2.826303130966998484e-04,2.826303130966998484e-04,2.339780599730989930e-08,9.743420998096363027e-07,9.882605273464999396e-01,2.787329446974612769e-04,2.787329446974612769e-04,3.795885856444128611e-08,7.624768434147158303e-06,7.624768434147158303e-06,4.315932602013350024e-07
9.072185266396540770e-01,2.398374169423154709e-08,-6.507563646081396277e-06,9.666518977015970621e-07,9.882793937211001856e-01,1.319111408173856024e-04,1.319111408173856024e-04,2.398374169423154709e-08,9.906356393958285463e-07,9.882764218141819601e-01,1.279485982598022823e-04,1.279485982598022823e-04,3.893621701001342339e-08,7.759110891334749727e-06,7.759110891334749727e-06,4.239010600944501139e-07
9.095211117326481576e-01,2.455907110546404700e-08,-6.060650347712254585e-06,9.813168781847464150e-07,9.882955152409154120e-01,-1.985885040569064199e-05,-1.985885040569064199e-05,2.455907110546404700e-08,1.005875949290210508e-06,9.882924976130675887e-01,-2.388235420285148318e-05,-2.388235420285148318e-05,3.989559121254935304e-08,7.806444495062423431e-06,7.806444495062423431e-06,4.160939558898625485e-07
9.118236968256421271e-01,2.512364102605103618e-08,-5.617810502892550808e-06,9.949485592422260775e-07,9.883117959066010094e-01,-1.707495822513857922e-04,-1.707495822513857922e-04,2.512364102605103618e-08,1.020072200268277081e-06,9.883087356900002174e-01,-1.748298710524589107e-04,-1.748298710524589107e-04,4.083672760737292832e-08,7.766539268432639680e-06,7.766539268432639680e-06,4.081765231733226143e-07
9.141262819186362076e-01,2.567730443552597131e-08,-5.179201338437873561e-06,1.007556631679816373e-06,9.883282170813868506e-01,-3.188622093571029945e-04,-3.188622093571029945e-04,2.567730443552597131e-08,1.033233936115342361e-06,9.883251173795785105e-01,-3.229951451015643563e-04,-3.229951451015643563e-04,4.175938309944633652e-08,7.640268781301875423e-06,7.640268781301875423e-06,4.001533198650356422e-07
9.164288670116302882e-01,2.621992044911515281e-08,-4.744974289459695479e-06,1.019151139750941738e-06,9.883447605189471519e-01,-4.623529559182045856e-04,-4.623529559182045856e-04,2.621992044911515281e-08,1.045371060200056930e-06,9.883416244057665612e-01,-4.665344401590047871e-04,-4.665344401590047871e-04,4.266332501920964578e-08,7.429587575703825421e-06,7.429587575703825421e-06,3.920288849883395087e-07
9.187314521046242577e-01,2.675135426903260241e-08,-4.315275073268134738e-06,1.029742467947435002e-06,9.883614083646544701e-01,-5.994558006087081668e-04,-5.994558006087081668e-04,2.675135426903260241e-08,1.056493822216467528e-06,9.883582388831878562e-01,-6.036817758975740640e-04,-6.036817758975740640e-04,4.354833107552122949e-08,7.137495131470043227e-06,7.137495131470043227e-06,3.838077374222965248e-07
9.210340371976183382e-01,2.727147713611944168e-08,-3.890243762054680815e-06,1.039341327961697105e-06,9.883781431565289433e-01,-7.285037445909857932e-04,-7.285037445909857932e-04,2.727147713611944168e-08,1.066612805097816481e-06,9.883749433181135968e-01,-7.327701958113770880e-04,-7.327701958113770880e-04,4.441418930588162373e-08,6.767987086487611663e-06,6.767987086487611663e-06,3.754943746328305115e-07
9.233366222906124188e-01,2.778016628197752415e-08,-3.470014854224874238e-06,1.047958745812252632e-06,9.883949478258928778e-01,-8.479484228230101724e-04,-8.479484228230101724e-04,2.778016628197752415e-08,1.075738912094230133e-06,9.883917206091565877e-01,-8.522513784713870930e-04,-8.522513784713870930e-04,4.526069802370536891e-08,6.325994570824898782e-06,6.325994570824898782e-06,3.670932713784583912e-07
9.256392073836063883e-01,2.827730488174984990e-08,-3.054717344163450227e-06,1.055606049132936661e-06,9.884118056977392319e-01,-9.563778463673962065e-04,-9.563778463673962065e-04,2.827730488174984990e-08,1.083883354014686577e-06,9.884085540476771348e-01,-9.607133797834549850e-04,-9.607133797834549850e-04,4.608766576272888753e-08,5.817312644912248448e-06,5.817312644912248448e-06,3.586088783839574536e-07
9.279417924766004688e-01,2.876278200762037247e-08,-2.644474790410610736e-06,1.062294854618883508e-06,9.884287004908229868e-01,-1.052532093535766058e-03,-1.052532093535766058e-03,2.876278200762037247e-08,1.091057636626503980e-06,9.884254273179130523e-01,-1.056896324082272180e-03,-1.056896324082272180e-03,4.689491121836386838e-08,5.248518951358531732e-06,5.248518951358531732e-06,3.500456209805148391e-07
9.302443775695945494e-01,2.923649258308845391e-08,-2.239405382252802426e-06,1.068037055626684352e-06,9.884456163174840659e-01,-1.135316797943820757e-03,-1.135316797943820757e-03,2.923649258308845391e-08,1.097273548209772829e-06,9.884423244968394417e-01,-1.139705892136659874e-03,-1.139705892136659874e-03,4.768226318596825826e-08,4.626883783335469783e-06,4.626883783335469783e-06,3.414078977116493213e-07
9.325469626625885189e-01,2.969833733802059813e-08,-1.839622004663918951e-06,1.072844809924255397e-06,9.884625376832122390e-01,-1.203814314716051279e-03,-1.203814314716051279e-03,2.969833733802059813e-08,1.102543147262276081e-06,9.884592300537704546e-01,-1.208224487305100282e-03,-1.208224487305100282e-03,4.844956049593092082e-08,3.960272859123942864e-06,3.960272859123942864e-06,3.327000789014925862e-07
9.348495477555825994e-01,3.014822276445967999e-08,-1.445232301785419043e-06,1.076730527587817241e-06,9.884794494859595604e-01,-1.257292477169408935e-03,-1.257292477169408935e-03,3.014822276445967999e-08,1.106878750352276914e-06,9.884761288497084797e-01,-1.261719992170818065e-03,-1.261719992170818065e-03,4.919665194553581655e-08,3.257044147888707454e-06,3.257044147888707454e-06,3.239265051900789485e-07
9.371521328485766800e-01,3.058606107311077829e-08,-1.056338738962736453e-06,1.079706859039635014e-06,9.884963370152111128e-01,-1.295210890845822221e-03,-1.295210890845822221e-03,3.058606107311077829e-08,1.110292920112745726e-06,9.884930061364507470e-01,-1.299652062526273104e-03,-1.299652062526273104e-03,4.992339622740800788e-08,2.525940142235775390e-06,2.525940142235775390e-06,3.150914860342408189e-07
9.394547179415706495e-01,3.101177015043415605e-08,-6.730386635531197317e-07,1.081786683228139469e-06,9.885131859508210495e-01,-1.317224741904278115e-03,-1.317224741904278115e-03,3.101177015043415605e-08,1.112798453378573711e-06,9.885098475554608966e-01,-1.321675935717792332e-03,-1.321675935717792332e-03,5.062966185466947060e-08,1.775976990895031537e-06,1.775976990895031537e-06,3.061992981796036718e-07
9.417573030345647300e-01,3.142527351619092029e-08,-2.954243646089936430e-07,1.082983095940449489e-06,9.885299823616214843e-01,-1.323186130858788716e-03,-1.323186130858788716e-03,3.142527351619092029e-08,1.114408369456640383e-06,9.885266391365130634e-01,-1.327643764336615363e-03,-1.327643764336615363e-03,5.131532708243160689e-08,1.016331917559954808e-06,1.016331917559954808e-06,2.972541841046596310e-07
9.440598881275588106e-01,3.182650028133761646e-08,7.641686825687070823e-08,1.083309398255140793e-06,9.885467127038132240e-01,-1.313142970914920509e-03,-1.313142970914920509e-03,3.182650028133761646e-08,1.115135898536478390e-06,9.885433672961175811e-01,-1.317603514509066518e-03,-1.317603514509066518e-03,5.198027982600325580e-08,2.562303355669672304e-07,2.562303355669672304e-07,2.882603504457525848e-07
9.463624732205528911e-01,3.221538510605546794e-08,4.424026867110785412e-07,1.082779085121810830e-06,9.885633638191436701e-01,-1.287335521120603829e-03,-1.287335521120603829e-03,3.221538510605546794e-08,1.114994470227866232e-06,9.885600188357329676e-01,-1.291795499001515335e-03,-1.291795499001515335e-03,5.262441757526542963e-08,-4.951659573368464788e-07,-4.951659573368464788e-07,2.792219664041051978e-07
9.486650583135468606e-01,3.259186815777254814e-08,8.024556259657180511e-07,1.081405834076340243e-06,9.885799229328819937e-01,-1.246190650493013939e-03,-1.246190650493013939e-03,3.259186815777254814e-08,1.113997702234112890e-06,9.885765809397752957e-01,-1.250646641301950352e-03,-1.250646641301950352e-03,5.324764730562004027e-08,-1.228868166655868764e-06,-1.228868166655868764e-06,2.701431621430370156e-07
9.509676434065409412e-01,3.295589506895094728e-08,1.156503047233180548e-06,1.079203494083856206e-06,9.885963776515965806e-01,-1.190313955282056068e-03,-1.190313955282056068e-03,3.295589506895094728e-08,1.112159389152807160e-06,9.885930411734291656e-01,-1.194762592838667301e-03,-1.194762592838667301e-03,5.384988538517313393e-08,-1.936166193081113847e-06,-1.936166193081113847e-06,2.610280271812272438e-07
9.532702284995350217e-01,3.330741689446418701e-08,1.504477080073443929e-06,1.076186074515748041e-06,9.886127159607429604e-01,-1.120479874346282838e-03,-1.120479874346282838e-03,3.330741689446418701e-08,1.109493491410212261e-06,9.886093874802687198e-01,-1.124917848311923763e-03,-1.124917848311923763e-03,5.443105747843583450e-08,-2.608729425409269822e-06,-2.608729425409269822e-06,2.518806087910707359e-07
9.555728135925289912e-01,3.364639006832153284e-08,1.846314564515923221e-06,1.072367734254862419e-06,9.886289262220691043e-01,-1.037619967745629984e-03,-1.037619967745629984e-03,3.364639006832153284e-08,1.106014124323184011e-06,9.886256081796961359e-01,-1.042044024242922773e-03,-1.042044024242922773e-03,5.499109844626947664e-08,-3.238701517096749275e-06,-3.238701517096749275e-06,2.427049104044906772e-07
9.578753986855230718e-01,3.397277635955651676e-08,2.181956992566428593e-06,1.067762770935311585e-06,9.886449971708441975e-01,-9.428095421624430516e-04,-9.428095421624430516e-04,3.397277635955651676e-08,1.101735547294868115e-06,9.886416919642022627e-01,-9.472164843516225766e-04,-9.472164843516225766e-04,5.552995224234544972e-08,-3.818788128950512313e-06,-3.818788128950512313e-06,2.335048900389609713e-07
9.601779837785171523e-01,3.428654282704856887e-08,2.511350448980945080e-06,1.062385610315355325e-06,9.886609179129191016e-01,-8.372528208497763066e-04,-8.372528208497763066e-04,3.428654282704856887e-08,1.096672153142403934e-06,9.886576278964597231e-01,-8.416395094623459368e-04,-8.416395094623459368e-04,5.604757180602189388e-08,-4.342336725487148172e-06,-4.342336725487148172e-06,2.242844587469842666e-07
9.624805688715111218e-01,3.458766177307950604e-08,2.834445551055495992e-06,1.056250795786043475e-06,9.886766779216237255e-01,-7.222668690176412129e-04,-7.222668690176412129e-04,3.458766177307950604e-08,1.090838457559122909e-06,9.886734054062510380e-01,-7.266302228478776571e-04,-7.266302228478776571e-04,5.654391895172067440e-08,-4.803407632291854714e-06,-4.803407632291854714e-06,2.150474790974375322e-07
9.647831539645052024e-01,3.487611069543860314e-08,3.151197387149618998e-06,1.049372978021582276e-06,9.886922670345084097e-01,-5.992644936161150649e-04,-5.992644936161150649e-04,3.487611069543860314e-08,1.084249088717020919e-06,9.886890142872422071e-01,-6.036014899709831079e-04,-6.036014899709831079e-04,5.701896425504372908e-08,-5.196835678561008541e-06,-5.196835678561008541e-06,2.057977636988650619e-07
9.670857390574992829e-01,3.515187223786495851e-08,3.461565453941434732e-06,1.041766904768478195e-06,9.887076754499359854e-01,-4.697363439877999991e-04,-4.697363439877999991e-04,3.515187223786495851e-08,1.076918777006343054e-06,9.887044446936049669e-01,-4.740440190958253612e-04,-4.740440190958253612e-04,5.747268693543171474e-08,-5.518281882875548618e-06,-5.518281882875548618e-06,1.965390737648664738e-07
9.693883241504932524e-01,3.541493413867815512e-08,3.765513592003273737e-06,1.033447410782928178e-06,9.887228937235313930e-01,-3.352324420252106828e-04,-3.352324420252106828e-04,3.541493413867815512e-08,1.068862344921606399e-06,9.887196871364966055e-01,-3.395078914048971219e-04,-3.395078914048971219e-04,5.790507473576289936e-08,-5.764274762089833510e-06,-5.764274762089833510e-06,1.872751177370776039e-07
9.716909092434873330e-01,3.566528917742512433e-08,4.063009919839350340e-06,1.024429407916135101e-06,9.887379127644931875e-01,-1.973433720625835666e-04,-1.973433720625835666e-04,3.566528917742512433e-08,1.060094697093560245e-06,9.887347324804018900e-01,-2.015837508509577957e-04,-2.015837508509577957e-04,5.831612379881022374e-08,-5.932240983314839440e-06,-5.932240983314839440e-06,1.780095499617763141e-07
9.739934943364814135e-01,3.590293511941490648e-08,4.354026765980986705e-06,1.014727875355973010e-06,9.887527238317764811e-01,-5.768135768473785203e-05,-5.768135768473785203e-05,3.590293511941490648e-08,1.050630810475387824e-06,9.887495719393450955e-01,-6.188388092663940502e-05,-6.188388092663940502e-05,5.870583854091243204e-08,-6.020525201954071271e-06,-6.020525201954071271e-06,1.687459694360378849e-07
9.762960794294754940e-01,3.612787465800854255e-08,4.638540599259045683e-06,1.004357850024386143e-06,9.887673185301500967e-01,8.213855167277345454e-05,8.213855167277345454e-05,3.612787465800854255e-08,1.040485724682394646e-06,9.887641970729760255e-01,7.797660877404387087e-05,7.797660877404387087e-05,5.907423152275046732e-08,-6.028399064914093977e-06,-6.028399064914093977e-06,1.594879186209057482e-07
9.785986645224694636e-01,3.634011535457577393e-08,4.916531957120028008e-06,9.933344171393033529e-07,9.887816888061368159e-01,2.205169691015444560e-04,2.205169691015444560e-04,3.634011535457577393e-08,1.029674532493879087e-06,9.887785997825393469e-01,2.163982709715689379e-04,2.163982709715689379e-04,5.942132331760798062e-08,-5.956059479721754763e-06,-5.956059479721754763e-06,1.502388823286946771e-07
9.809012496154635441e-01,3.653966957603787023e-08,5.187985371883002737e-06,9.816727009447929658e-07,9.887958269438412717e-01,3.558881278309969321e-04,3.558881278309969321e-04,3.653966957603787023e-08,1.018212370520830849e-06,9.887927723067296837e-01,3.518152783489135850e-04,3.518152783489135850e-04,5.974714237724033520e-08,-5.804616373943600922e-06,-5.804616373943600922e-06,1.410022866905554549e-07
9.832038347084576246e-01,3.672655442993260793e-08,5.452889295010471600e-06,9.693878556119023994e-07,9.888097255606717040e-01,4.867371141703547011e-04,4.867371141703547011e-04,3.672655442993260793e-08,1.006114410041834915e-06,9.888067072174415717e-01,4.827126565301873614e-04,4.827126565301873614e-04,6.005172489540646157e-08,-5.576070285231336937e-06,-5.576070285231336937e-06,1.317814982043528003e-07
9.855064198014515942e-01,3.690079169698683460e-08,5.711236019380465129e-06,9.564950563193004325e-07,9.888233776029630162e-01,6.116161953984441089e-04,6.116161953984441089e-04,3.690079169698683460e-08,9.933958480162872407e-07,9.888203974154189391e-01,6.076426120063789862e-04,6.076426120063789862e-04,6.033511466948722539e-08,-5.273280228584408517e-06,-5.273280228584408517e-06,1.225798228666239650e-07
9.878090048944456747e-01,3.706240776117019543e-08,5.963021599528784477e-06,9.430094905145742372e-07,9.888367763415042422e-01,7.291600777596339827e-04,7.291600777596339827e-04,3.706240776117019543e-08,9.800718982757444458e-07,9.888338361258094400e-01,7.252397901665309744e-04,7.252397901665309744e-04,6.059736296017611385e-08,-4.899922391748285737e-06,-4.899922391748285737e-06,1.134005053927411347e-07
9.901115899874397552e-01,3.721143353724755159e-08,6.208245770026621322e-06,9.289463493620080191e-07,9.888499153669795261e-01,8.380999460904060231e-04,8.380999460904060231e-04,3.721143353724755159e-08,9.661577828992556170e-07,9.888470168936308591e-01,8.342353149588090447e-04,8.342353149588090447e-04,6.083852834950658749e-08,-4.460440296068278643e-06,-4.460440296068278643e-06,1.042467285228440169e-07
9.924141750804337248e-01,3.734790439586956356e-08,6.446911861978182225e-06,9.143208193810237991e-07,9.888627885853258359e-01,9.372761550945974459e-04,9.372761550945974459e-04,3.734790439586956356e-08,9.516687237768934023e-07,9.888599335791544709e-01,9.334694801994899028e-04,9.334694801994899028e-04,6.105867659739666127e-08,-3.959987147695160210e-06,-3.959987147695160210e-06,9.512161241771043841e-08
9.947167601734278053e-01,3.747186008626546966e-08,6.679026717798653134e-06,8.991480742845754386e-07,9.888753902130145157e-01,1.025649460379506224e-03,1.025649460379506224e-03,3.747186008626546966e-08,9.366199343708409281e-07,9.888725803532113501e-01,1.021902980642022760e-03,1.021902980642022760e-03,6.125788049722385776e-08,-3.404361168559012232e-06,-3.404361168559012232e-06,8.602821414270365396e-08
9.970193452664218858e-01,3.758334465659426196e-08,6.904600604318568245e-06,8.834432670113541796e-07,9.888877147722624494e-01,1.102310697888731622e-03,1.102310697888731622e-03,3.758334465659426196e-08,9.210266116679483953e-07,9.888849516924274052e-01,1.098626591442059723e-03,1.098626591442059723e-03,6.143621973003510067e-08,-2.799934763972458276e-06,-2.799934763972458276e-06,7.696952724139463432e-08
9.993219303594158553e-01,3.768240637206052233e-08,7.123647124512709171e-06,8.672215219611022036e-07,9.888997570861770559e-01,1.166488839218843970e-03,1.166488839218843970e-03,3.768240637206052233e-08,9.049039283331626929e-07,9.888970423743920213e-01,1.162869223505511376e-03,1.162869223505511376e-03,6.159378071791559726e-08,-2.153578425582794239e-06,-2.153578425582794239e-06,6.794848139200723693e-08
1.001624515452409936e+00,3.776909763092864401e-08,7.336183127784651987e-06,8.504979274411683723e-07,9.889115122738426633e-01,1.217557371661808288e-03,1.217557371661808288e-03,3.776909763092864401e-08,8.882670250720969633e-07,9.889088474727674161e-01,1.214004303561519969e-03,1.214004303561519969e-03,6.173065647702454567e-08,-1.472580312444631564e-06,-1.472580312444631564e-06,5.896794215342613870e-08
1.003927100545404016e+00,3.784347487853655996e-08,7.542228619102212445e-06,8.332875283170693124e-07,9.889229757453514846e-01,1.255038970846814820e-03,1.255038970846814820e-03,3.784347487853655996e-08,8.711310031956058790e-07,9.889203623523419306e-01,1.251554446834032440e-03,1.251554446834032440e-03,6.184694646986368180e-08,-7.645624737689125636e-07,-7.645624737689125636e-07,5.003071079310783875e-08
1.006229685638398097e+00,3.790559851947631972e-08,7.741806667188927182e-06,8.156053188774090232e-07,9.889341431967864082e-01,1.278608454566063047e-03,1.278608454566063047e-03,3.790559851947631972e-08,8.535109173968852966e-07,9.889315826640342477e-01,1.275194410896475592e-03,1.275194410896475592e-03,6.194275645745491578e-08,-3.739469510254932971e-08,-3.739469510254932971e-08,4.113952419346365883e-08
1.008532270731392178e+00,3.795553282809300823e-08,7.934943311848052908e-06,7.974662359113644719e-07,9.889450106051601574e-01,1.288094025189538867e-03,1.288094025189538867e-03,3.795553282809300823e-08,8.354217687394574933e-07,9.889425043398539783e-01,1.284752338114580937e-03,1.284752338114580937e-03,6.201819835136362319e-08,7.008930491154124947e-07,7.008930491154124947e-07,3.229705483736601695e-08
1.010834855824386036e+00,3.799334585747320630e-08,8.121667470663515258e-06,7.788851520012620773e-07,9.889555742233149260e-01,1.283476826918024047e-03,1.283476826918024047e-03,3.799334585747320630e-08,8.168784978587352307e-07,9.889531235878213922e-01,1.280209312926589189e-03,1.280209312926589189e-03,6.207339006579703092e-08,1.442198560442449567e-06,1.442198560442449567e-06,2.350591086725713268e-08
1.013137440917380117e+00,3.801910934710963121e-08,8.302010845316260654e-06,7.598768690328875068e-07,9.889658305747897060e-01,1.264888862070566878e-03,1.264888862070566878e-03,3.801910934710963121e-08,7.978959783799971248e-07,9.889634368868546188e-01,1.261697278157046867e-03,1.261697278157046867e-03,6.210845537004757058e-08,2.178434840942892870e-06,2.178434840942892870e-06,1.476863621240339918e-08
1.015440026010374197e+00,3.803289862941997345e-08,8.476007827617128247e-06,7.404561119213224770e-07,9.889757764486585279e-01,1.232609326907267277e-03,1.232609326907267277e-03,3.803289862941997345e-08,7.784890105507425034e-07,9.889734409816268723e-01,1.229495370865064290e-03,1.229495370865064290e-03,6.212352374123381831e-08,2.901616047742505871e-06,2.901616047742505871e-06,6.087710783568657777e-09
1.017742611103368278e+00,3.803479253532165554e-08,8.643695405527919309e-06,7.206375225548030704e-07,9.889854088943441646e-01,1.187059443684405479e-03,1.187059443684405479e-03,3.803479253532165554e-08,7.586723150901247127e-07,9.889831328773989183e-01,1.184024754424045037e-03,1.184024754424045037e-03,6.211873021764342359e-08,3.603941085648913405e-06,3.603941085648913405e-06,-2.534449271967979646e-09
1.020045196196362358e+00,3.802487329905621240e-08,8.805113069333318117e-06,7.004356539555693649e-07,9.889947252164141833e-01,1.128795879041260717e-03,1.128795879041260717e-03,3.802487329905621240e-08,7.384605272546255839e-07,9.889925098348324450e-01,1.125842036932242149e-03,1.125842036932242149e-03,6.209421525275744957e-08,4.277873991580906566e-06,4.277873991580906566e-06,-1.109549125844511008e-08
1.022347781289356439e+00,3.800322646246327235e-08,8.960302718162337581e-06,6.798649646570227134e-07,9.890037229693612320e-01,1.058502852569319190e-03,1.058502852569319190e-03,3.800322646246327235e-08,7.178681911194860254e-07,9.890015693647878914e-01,1.055631379804841240e-03,1.055631379804841240e-03,6.205012457008119466e-08,4.916220319685902880e-06,4.916220319685902880e-06,-1.959312556765464648e-08
1.024650366382350297e+00,3.796994077890270175e-08,9.109308567044220649e-06,6.589398132960910138e-07,9.890123999523737774e-01,9.769830495763973024e-04,9.769830495763973024e-04,3.796994077890270175e-08,6.969097540749937222e-07,9.890103092231115056e-01,9.741954105600972779e-04,9.741954105600972779e-04,6.198660901889772416e-08,5.512198795353303691e-06,5.512198795353303691e-06,-2.802512526769311756e-08
1.026952951475344378e+00,3.792510811702232500e-08,9.252177054678957995e-06,6.376744534192000187e-07,9.890207542041007382e-01,8.851474628889611845e-04,8.851474628889611845e-04,3.792510811702232500e-08,6.755995615362222908e-07,9.890187274054160760e-01,8.824450646428163127e-04,8.824450646428163127e-04,6.190382443104535885e-08,6.059507576150704654e-06,6.059507576150704654e-06,-3.638932564923821749e-08
1.029255536568338458e+00,3.786882336456480656e-08,9.388956752093104217e-06,6.160830284999253777e-07,9.890287839974150064e-01,7.840042954046978112e-04,7.840042954046978112e-04,3.786882336456480656e-08,6.539518518644901313e-07,9.890268221418594408e-01,7.813884879972398875e-04,7.813884879972398875e-04,6.180193147881128830e-08,6.552384527064689207e-06,6.552384527064689207e-06,-4.468362373408442625e-08
1.031558121661332539e+00,3.780118433240208701e-08,9.519698272343544887e-06,5.941795671658833113e-07,9.890364878341789678e-01,6.746470624595959876e-04,6.746470624595959876e-04,3.780118433240208701e-08,6.319807514982854447e-07,9.890345918919244417e-01,6.721191394536028471e-04,6.721191394536028471e-04,6.168109553402028149e-08,6.985660997634991546e-06,6.985660997634991546e-06,-5.290597775066397731e-08
1.033860706754326619e+00,3.772229165897950518e-08,9.644454181420489462e-06,5.719779786321833987e-07,9.890438644400159074e-01,5.582420369492042478e-04,5.582420369492042478e-04,3.772229165897950518e-08,6.097002702911629039e-07,9.890420353392049835e-01,5.558032358680396225e-04,5.558032358680396225e-04,6.154148652838922197e-08,7.354808665534019400e-06,7.354808665534019400e-06,-6.105440658112692725e-08
1.036163291847320700e+00,3.763224871534361864e-08,9.763278910490392394e-06,5.494920483383394195e-07,9.890509127590920713e-01,4.360151836498880407e-04,4.360151836498880407e-04,3.763224871534361864e-08,5.871242970536830448e-07,9.890491513862008643e-01,4.336666864616732899e-04,4.336666864616732899e-04,6.138327881520554240e-08,7.655979096106419981e-06,7.655979096106419981e-06,-6.912698918443906250e-08
1.038465876940314780e+00,3.753116151091860929e-08,9.876228669607065242e-06,5.267354337852741542e-07,9.890576319489124968e-01,3.092387302476713425e-04,3.092387302476713425e-04,3.753116151091860929e-08,5.642665952961928032e-07,9.890559391491265950e-01,3.069816638664865844e-04,3.069816638664865844e-04,6.120665103237945371e-08,7.886035749945889683e-06,7.886035749945889683e-06,-7.712186399976409171e-08
1.040768462033308639e+00,3.741913860018626149e-08,9.983361363007079207e-06,5.037216605687539836e-07,9.890640213751329402e-01,1.792175224043358699e-04,1.792175224043358699e-04,3.741913860018626149e-08,5.411407991689402716e-07,9.890623979527354281e-01,1.770529592076601033e-04,1.770529592076601033e-04,6.101178596690895915e-08,8.042578255099348792e-06,8.042578255099348792e-06,-8.503722833419955152e-08
1.043071047126302719e+00,3.729629099041304490e-08,1.008473650609225571e-05,4.804641186053375598e-07,9.890700806063926764e-01,4.727530841665472720e-05,4.727530841665472720e-05,3.729629099041304490e-08,5.177604095957505650e-07,9.890685273251639265e-01,4.520426677827172452e-05,4.520426677827172452e-05,6.079887042078833164e-08,8.123958845655565551e-06,8.123958845655565551e-06,-9.287133773869038224e-08
1.045373632219296800e+00,3.716273205055639950e-08,1.018041514418900000e-05,4.569760585467469566e-07,9.890758094091716135e-01,-8.525890433278963162e-05,-8.525890433278963162e-05,3.716273205055639950e-08,4.941387905973033428e-07,9.890743269927998460e-01,-8.723545949517884542e-05,-8.723545949517884542e-05,6.056809507838210353e-08,8.129290948938252488e-06,8.129290948938252488e-06,-1.006225053756858381e-07
1.047676217312290881e+00,3.701857742146937662e-08,1.027045977316092254e-05,4.332705883783074963e-07,9.890812077426724969e-01,-2.170642835170758585e-04,-2.170642835170758585e-04,3.701857742146937662e-08,4.702891657997768730e-07,9.890797968751751101e-01,-2.189454401802749730e-04,-2.189454401802749730e-04,6.031965437527843932e-08,8.058449987286520712e-06,8.058449987286520712e-06,-1.082891013818412550e-07
1.049978802405284961e+00,3.686394492751038180e-08,1.035493426193780294e-05,4.093606701970344246e-07,9.890862757537333128e-01,-3.468412649533696504e-04,-3.468412649533696504e-04,3.686394492751038180e-08,4.462246151245448064e-07,9.890849370798879825e-01,-3.486261634138678248e-04,-3.486261634138678248e-04,6.005374636862889222e-08,7.912066534126618682e-06,7.912066534126618682e-06,-1.158695522287529676e-07
1.052281387498279042e+00,3.669895448965103449e-08,1.043390377701118147e-05,3.852591171647587310e-07,9.890910137717721096e-01,-4.733241801459862463e-04,-4.733241801459862463e-04,3.669895448965103449e-08,4.219580716544097588e-07,9.890897478975571033e-01,-4.750120124326039084e-04,-4.750120124326039084e-04,5.977057260897483594e-08,7.691512043064181939e-06,7.691512043064181939e-06,-1.233623400844372526e-07
1.054583972591272900e+00,3.652372804016226837e-08,1.050743470893355619e-05,3.609785906316417474e-07,9.890954223037653481e-01,-5.952933018463142135e-04,-5.952933018463142135e-04,3.652372804016226837e-08,3.975023186718040091e-07,9.890942297968093877e-01,-5.968833111210014499e-04,-5.968833111210014499e-04,5.947033801355521155e-08,7.398877432902660868e-06,7.398877432902660868e-06,-1.307660021779244075e-07
1.056886557684266981e+00,3.633838943894454263e-08,1.057559460084635269e-05,3.365315974253036398e-07,9.890995020292656648e-01,-7.115862005145753757e-04,-7.115862005145753757e-04,3.633838943894454263e-08,3.728699868642481824e-07,9.890983834193051161e-01,-7.130776804620323189e-04,-7.130776804620323189e-04,5.915325074108456469e-08,7.036944882717000142e-06,7.036944882717000142e-06,-1.380791301690572647e-07
1.059189142777261061e+00,3.614306439155587772e-08,1.063845207904940087e-05,3.119304873008610018e-07,9.891032537954561610e-01,-8.211083142010782137e-04,-8.211083142010782137e-04,3.614306439155587772e-08,3.480735516924168597e-07,9.891022095748011056e-01,-8.225006084078478538e-04,-8.225006084078478538e-04,5.881952206798728458e-08,6.609153244745621484e-06,6.609153244745621484e-06,-1.453003695252323450e-07
1.061491727870255142e+00,3.593788036897684476e-08,1.069607678561399039e-05,2.871874505470266694e-07,9.891066786122486576e-01,-9.228426452851760942e-04,-9.228426452851760942e-04,3.593788036897684476e-08,3.231253309160035141e-07,9.891057092362559588e-01,-9.241351466088400593e-04,-9.241351466088400593e-04,5.846936626606825217e-08,6.119557542122635300e-06,6.119557542122635300e-06,-1.524284189065535300e-07
1.063794312963249222e+00,3.572296652914016932e-08,1.074853931303035371e-05,2.623145157435724695e-07,9.891097776474250258e-01,-1.015858508349071297e-03,-1.015858508349071297e-03,3.572296652914016932e-08,2.980374822727126454e-07,9.891088835349781672e-01,-1.017050658278162044e-03,-1.017050658278162044e-03,5.810300048159925085e-08,5.572783062131489159e-06,5.572783062131489159e-06,-1.594620295605223867e-07
1.066096898056243303e+00,3.549845364023943535e-08,1.079591114087140930e-05,2.373235476654181110e-07,9.891125522218235933e-01,-1.099319265238804955e-03,-1.099319265238804955e-03,3.549845364023943535e-08,2.728220013056575397e-07,9.891117337558196221e-01,-1.100410553244027647e-03,-1.100410553244027647e-03,5.772064461579679426e-08,4.973974599658514770e-06,4.973974599658514770e-06,-1.664000047271348470e-07
1.068399483149237383e+00,3.526447400581990668e-08,1.083826457444434722e-05,2.122262453287061958e-07,9.891150038045737336e-01,-1.172488995096539416e-03,-1.172488995096539416e-03,3.526447400581990668e-08,2.474907193345260959e-07,9.891142613324157562e-01,-1.173478957973877459e-03,-1.173478957973877459e-03,5.732252120666607923e-08,4.328741438966470016e-06,4.328741438966470016e-06,-1.732411990549223739e-07
1.070702068242231242e+00,3.502116139164335978e-08,1.087567268539485100e-05,1.870341401743065004e-07,9.891171340083791952e-01,-1.234738059075630003e-03,-1.234738059075630003e-03,3.502116139164335978e-08,2.220553015659498470e-07,9.891164678424745338e-01,-1.235626280281893700e-03,-1.235626280281893700e-03,5.690885531218468685e-08,3.643098689873393579e-06,3.643098689873393579e-06,-1.799845180282577390e-07
1.073004653335225322e+00,3.476865095430805483e-08,1.090820925422035893e-05,1.617585943842749417e-07,9.891189445848523887e-01,-1.285547531649655455e-03,-1.285547531649655455e-03,3.476865095430805483e-08,1.965272453385829833e-07,9.891183550031164007e-01,-1.286333640631009793e-03,-1.286333640631009793e-03,5.647987439479893300e-08,2.923405616247074722e-06,2.923405616247074722e-06,-1.866289174059583142e-07
1.075307238428219403e+00,3.450707917159611131e-08,1.093594871464279136e-05,1.364107993269618663e-07,9.891204374199005223e-01,-1.324512481994729847e-03,-1.324512481994729847e-03,3.450707917159611131e-08,1.709178784985579842e-07,9.891199246662649713e-01,-1.325196153508724018e-03,-1.325196153508724018e-03,5.603580820720700767e-08,2.176301607687131158e-06,2.176301607687131158e-06,-1.931734026709893065e-07
1.077609823521213483e+00,3.423658377451046959e-08,1.095896609978552435e-05,1.110017741265170276e-07,9.891216145291652495e-01,-1.351344101053127437e-03,-1.351344101053127437e-03,3.423658377451046959e-08,1.452383579010275038e-07,9.891211788140915617e-01,-1.351925054484731529e-03,-1.351925054484731529e-03,5.557688867940218818e-08,1.408640454150307636e-06,1.408640454150307636e-06,-1.996170284908693596e-07
1.079912408614207564e+00,3.395730368095702857e-08,1.097733699009488172e-05,8.554236435275640944e-08,9.891224780535179395e-01,-1.365870680682706529e-03,-1.365870680682706529e-03,3.395730368095702857e-08,1.194996680337134380e-07,9.891221195545137901e-01,-1.366348679354841347e-03,-1.366348679354841347e-03,5.510334980695202572e-08,6.274235826184127326e-07,6.274235826184127326e-07,-2.059588981881681827e-07
1.082214993707201645e+00,3.366937893101952967e-08,1.099113746294224903e-05,6.004324082746783692e-08,9.891230302546093478e-01,-1.368037462918853323e-03,-1.368037462918853323e-03,3.366937893101952967e-08,9.371261975848737321e-08,9.891227491167500219e-01,-1.368412313397887343e-03,-1.368412313397887343e-03,5.461542754049036390e-08,-1.602670892383119987e-07,-1.602670892383119987e-07,-2.121981632203149514e-07
1.084517578800195503e+00,3.337295062376930416e-08,1.100044404384072716e-05,3.451489854340293182e-08,9.891232735104776852e-01,-1.357905386984742608e-03,-1.357905386984742608e-03,3.337295062376930416e-08,6.788784916717223598e-08,9.891230698469302141e-01,-1.358176938381411205e-03,-1.358176938381411205e-03,5.411335967640105997e-08,-9.473360405382380796e-07,-9.473360405382380796e-07,-2.183340226677958276e-07
1.086820163893189584e+00,3.306816085554623065e-08,1.100533365920742791e-05,8.967655692349051553e-09,9.891232103112145291e-01,-1.335648772351590496e-03,-1.335648772351590496e-03,3.306816085554623065e-08,4.203581654789528221e-08,9.891230842037649351e-01,-1.335816915617781984e-03,-1.335816915617781984e-03,5.359738574867456862e-08,-1.726740150509050156e-06,-1.726740150509050156e-06,-2.243657227296764095e-07
1.089122748986183664e+00,3.275515265964400712e-08,1.100588359060164150e-05,-1.658834720110288409e-08,9.891228432546881333e-01,-1.301551984455579522e-03,-1.301551984455579522e-03,3.275515265964400712e-08,1.616680545854112303e-08,9.891227947542717835e-01,-1.301616651677413652e-03,-1.301616651677413652e-03,5.306774692192179122e-08,-2.491553216112979490e-06,-2.491553216112979490e-06,-2.302925562252708875e-07
1.091425334079177745e+00,3.243406994732830200e-08,1.100217143036880937e-05,-4.214314804340089927e-08,9.891221750423282444e-01,-1.256005138769321480e-03,-1.256005138769321480e-03,3.243406994732830200e-08,-9.709078096072600582e-09,9.891222041695625355e-01,-1.255966302456937170e-03,-1.255966302456937170e-03,5.252468588553108209e-08,-3.235028410389876435e-06,-3.235028410389876435e-06,-2.361138621007249178e-07
1.093727919172171825e+00,3.210505745011530359e-08,1.099427503861988518e-05,-6.768696383653412011e-08,9.891212084749704259e-01,-1.199498905990337020e-03,-1.199498905990337020e-03,3.210505745011530359e-08,-3.558190638641881652e-08,9.891213152206895787e-01,-1.199356578364791336e-03,-1.199356578364791336e-03,5.196844674895865092e-08,-3.950658140781170540e-06,-3.950658140781170540e-06,-2.418290249391750926e-07
1.096030504265165906e+00,3.176826066323588393e-08,1.098227250147715903e-05,-9.321019124613298137e-08,9.891199464487615556e-01,-1.132618488165659972e-03,-1.132618488165659972e-03,3.176826066323588393e-08,-6.144193058289709082e-08,9.891201307745532967e-01,-1.132372720443328455e-03,-1.132372720443328455e-03,5.139927493814496989e-08,-4.632230803854587974e-06,-4.632230803854587974e-06,-2.474374744731376155e-07
1.098333089358159764e+00,3.142382579021040818e-08,1.096624209051868754e-05,-1.187034070759189492e-07,9.891183919511271627e-01,-1.056036841322847107e-03,-1.056036841322847107e-03,3.142382579021040818e-08,-8.727958128570854105e-08,9.891186537898710718e-01,-1.055687722997704272e-03,-1.055687722997704272e-03,5.081741709305308903e-08,-5.273883973689275403e-06,-5.273883973689275403e-06,-2.529386850977391663e-07
1.100635674451153845e+00,3.107189968845932634e-08,1.094626222335569496e-05,-1.441573686511253405e-07,9.891165480568008261e-01,-9.705072250840833265e-04,-9.705072250840833265e-04,3.107189968845932634e-08,-1.130854689626660075e-07,9.891168873132076822e-01,-9.700548832082327112e-04,-9.700548832082327112e-04,5.022312096632778145e-08,-5.870153604793013397e-06,-5.870153604793013397e-06,-2.583321753834067765e-07
1.102938259544147925e+00,3.071262981587612009e-08,1.092241142527992582e-05,-1.695630141132977164e-07,9.891144179239157452e-01,-8.768551639546035351e-04,-8.768551639546035351e-04,3.071262981587612009e-08,-1.388503842974215831e-07,9.891148344750686494e-01,-8.762997624174137957e-04,-8.762997624174137957e-04,4.961663532307871438e-08,-6.416018877894351422e-06,-6.416018877894351422e-06,-2.636175075866454209e-07
1.105240844637142006e+00,3.034616417829017030e-08,1.089476829192068810e-05,-1.949114626288381062e-07,9.891120047901611478e-01,-7.759699078463913212e-04,-7.759699078463913212e-04,3.034616417829017030e-08,-1.645652984505479293e-07,9.891124984860565350e-01,-7.753116466525891053e-04,-7.753116466525891053e-04,4.899820984179186161e-08,-6.906942364548684901e-06,-6.906942364548684901e-06,-2.687942871575715277e-07
1.107543429730136086e+00,2.997265127775041264e-08,1.086341145285496083e-05,-2.201940145134205415e-07,9.891093119689994273e-01,-6.687954818769924334e-04,-6.687954818769924334e-04,2.997265127775041264e-08,-1.902213632356701222e-07,9.891098826330891880e-01,-6.680345964240497637e-04,-6.680345964240497637e-04,4.836809501637865977e-08,-7.338905238689224668e-06,-7.338905238689224668e-06,-2.738621622429152845e-07
1.109846014823130167e+00,2.959224006156322972e-08,1.082841953611731161e-05,-2.454021512743429945e-07,9.891063428459498930e-01,-5.563214164630125424e-04,-5.563214164630125424e-04,2.959224006156322972e-08,-2.158099112127797780e-07,9.891069902756834953e-01,-5.554581768181614514e-04,-5.554581768181614514e-04,4.772654205937390013e-08,-7.708437312583988984e-06,-7.708437312583988984e-06,-2.788208231832626974e-07
1.112148599916124247e+00,2.920507987202174053e-08,1.078987113356051815e-05,-2.705275355727384064e-07,9.891031008749339160e-01,-4.395732494454044508e-04,-4.395732494454044508e-04,2.920507987202174053e-08,-2.413224557007166394e-07,9.891038248423009716e-01,-4.386079596226015800e-04,-4.386079596226015800e-04,4.707380280629662309e-08,-8.012641729707190580e-06,-8.012641729707190580e-06,-2.836700020033963430e-07
1.114451185009118106e+00,2.881132039676782676e-08,1.074784476702169602e-05,-2.955620111074636227e-07,9.890995895746862443e-01,-3.196028912034745099e-04,-3.196028912034745099e-04,2.881132039676782676e-08,-2.667506907106957860e-07,9.891003898267584082e-01,-3.185358884406317174e-04,-3.185358884406317174e-04,4.641012962119073770e-08,-8.249214195921072599e-06,-8.249214195921072599e-06,-2.884094718946670758e-07
1.116753770102112187e+00,2.841111161973254036e-08,1.070241885525324815e-05,-3.204976024224026000e-07,9.890958125252300448e-01,-1.974789427072967283e-04,-1.974789427072967283e-04,2.841111161973254036e-08,-2.920864908026700629e-07,9.890966887847024713e-01,-1.963105967440860532e-04,-1.963105967440860532e-04,4.573577530336416628e-08,-8.416456685896573481e-06,-8.416456685896573481e-06,-2.930390466884458430e-07
1.119056355195106267e+00,2.800460377260614491e-08,1.065367168158188308e-05,-3.453265146387851754e-07,9.890917733644158938e-01,-7.427705416814000573e-05,-7.427705416814000573e-05,2.800460377260614491e-08,-3.173219108661790470e-07,9.890927253301484701e-01,-7.300776652467529039e-05,-7.300776652467529039e-05,4.505099299534849074e-08,-8.513285609220687738e-06,-8.513285609220687738e-06,-2.975585803197804111e-07
1.121358940288100348e+00,2.759194728679283854e-08,1.060168136226377581e-05,-3.700411331141319497e-07,9.890874757845257159e-01,4.892959071775484782e-05,4.892959071775484782e-05,2.759194728679283854e-08,-3.424491858273391211e-07,9.890885031320831855e-01,5.029938746106420345e-05,5.029938746106420345e-05,4.435603609210098452e-08,-8.539234473352284735e-06,-8.539234473352284735e-06,-3.019679662805341128e-07
1.123661525381094428e+00,2.717329274581216757e-08,1.054652581550774617e-05,-3.946340230292763332e-07,9.890829235289421151e-01,1.710795835088271463e-04,1.710795835088271463e-04,2.717329274581216757e-08,-3.674607302834641656e-07,9.890840259111329802e-01,1.725494264299610081e-04,1.725494264299610081e-04,4.365115815147456015e-08,-8.494451126465792418e-06,-8.494451126465792418e-06,-3.062671370613587948e-07
1.125964110474088509e+00,2.674879083811357392e-08,1.048828273114314789e-05,-4.190979289049305496e-07,9.890781203888810991e-01,2.911323153978659091e-04,2.911323153978659091e-04,2.674879083811357392e-08,-3.923491380668169625e-07,9.890792974362953016e-01,2.927017119501331538e-04,2.927017119501331538e-04,4.293661280598118246e-08,-8.379689710328804369e-06,-8.379689710328804369e-06,-3.104560635820111621e-07
1.128266695567082367e+00,2.631859231027672288e-08,1.042702954091285109e-05,-4.434257740491718677e-07,9.890730702001901964e-01,4.080766446017425352e-04,4.080766446017425352e-04,2.631859231027672288e-08,-4.171071817388951614e-07,9.890743215217354667e-01,4.097450733286981360e-04,4.097450733286981360e-04,4.221265367587588557e-08,-8.196297496665783152e-06,-8.196297496665783152e-06,-3.145347546096200791e-07
1.130569280660076448e+00,2.588284792057546299e-08,1.036284338937607487e-05,-4.676106599372336426e-07,9.890677768402107439e-01,5.209391392793899902e-04,5.209391392793899902e-04,2.588284792057546299e-08,-4.417278120166582028e-07,9.890691020236468400e-01,5.227060505274566280e-04,5.227060505274566280e-04,4.147953428358863769e-08,-7.946196820552274106e-06,-7.946196820552274106e-06,-3.185032561646582870e-07
1.132871865753070528e+00,2.544170839288994602e-08,1.029580110540937933e-05,-4.916458655248905619e-07,9.890622442247049007e-01,6.287918341980456736e-04,6.287918341980456736e-04,2.544170839288994602e-08,-4.662041571320005795e-07,9.890636428371762934e-01,6.306566508265736785e-04,6.306566508265736785e-04,4.073750796953338880e-08,-7.631862363423622873e-06,-7.631862363423622873e-06,-3.223616509144653850e-07
1.135174450846064609e+00,2.499532437095526406e-08,1.022597917429808366e-05,-5.155248464968082256e-07,9.890564763048471653e-01,7.307594452487544117e-04,7.307594452487544117e-04,2.499532437095526406e-08,-4.905295221258529483e-07,9.890579478934135027e-01,7.327215633372577896e-04,7.327215633372577896e-04,3.998682780932114167e-08,-7.256294070936513688e-06,-7.256294070936513688e-06,-3.261100575543342486e-07
1.137477035939058689e+00,2.454384637294227559e-08,1.015345371041331086e-05,-5.392412344511240628e-07,9.890504770642790655e-01,8.260259923868259069e-04,8.260259923868259069e-04,2.454384637294227559e-08,-5.146973880781817475e-07,9.890520211564433062e-01,8.280847819391386373e-04,8.280847819391386373e-04,3.922774653240645407e-08,-6.822986024056676519e-06,-6.822986024056676519e-06,-3.297486301762442147e-07
1.139779621032052770e+00,2.408742474637024028e-08,1.007830043047353779e-05,-5.627888360215817495e-07,9.890442505162299058e-01,9.138407878781884368e-04,9.138407878781884368e-04,2.408742474637024028e-08,-5.387014112752115489e-07,9.890458666204636762e-01,9.159955935232892872e-04,9.159955935232892872e-04,3.846051644219483455e-08,-6.335891606628029211e-06,-6.335891606628029211e-06,-3.332775576254790484e-07
1.142082206125046628e+00,2.362620962335660256e-08,1.000059462739216663e-05,-5.861616319385283241e-07,9.890378007006984662e-01,9.935237537446683052e-04,9.935237537446683052e-04,2.362620962335660256e-08,-5.625354223151717183e-07,9.890394883069654197e-01,9.957738954339289718e-04,9.957738954339289718e-04,3.768538933763838843e-08,-5.799385339010255218e-06,-5.799385339010255218e-06,-3.366970628454588694e-07
1.144384791218040709e+00,2.316035087621345330e-08,9.920411144714841285e-06,-6.093537760301050064e-07,9.890311316817012033e-01,1.064470038754216936e-03,1.064470038754216936e-03,2.316035087621345330e-08,-5.861934251538915597e-07,9.890328902619767160e-01,1.066814812454832491e-03,1.066814812454832491e-03,3.690261643634566739e-08,-5.218221764255193276e-06,-5.218221764255193276e-06,-3.400074022112152731e-07
1.146687376311034789e+00,2.268999807340573409e-08,9.837824351653403748e-06,-6.323595941649485910e-07,9.890242475445818471e-01,1.126153912538174979e-03,1.126153912538174979e-03,2.268999807340573409e-08,-6.096695960915428702e-07,9.890260765533701592e-01,1.128592590922541244e-03,1.128592590922541244e-03,3.611244829923219938e-08,-4.597491791852614896e-06,-4.597491791852614896e-06,-3.432088648520539693e-07
1.148989961404028870e+00,2.221530043588879313e-08,9.752908118724372679e-06,-6.551735831378022917e-07,9.890171523933843911e-01,1.178131920882730761e-03,1.178131920882730761e-03,2.221530043588879313e-08,-6.329582827019135316e-07,9.890190512682325297e-01,1.180663754013538437e-03,1.180663754013538437e-03,3.531513475673407209e-08,-3.942576913737649398e-06,-3.942576913737649398e-06,-3.463017719640228510e-07
1.151292546497022951e+00,2.173640679384821893e-08,9.665735794002351029e-06,-6.777904094994020870e-07,9.890098503482894765e-01,1.220045293289936722e-03,1.220045293289936722e-03,2.173640679384821893e-08,-6.560540027055538416e-07,9.890118185102976245e-01,1.222669509300758914e-03,1.222669509300758914e-03,3.451092483660806218e-08,-3.259101716993422831e-06,-3.259101716993422831e-06,-3.492864761129022933e-07
1.153595131590017031e+00,2.125346554386751832e-08,9.576380179999614611e-06,-7.002049083320623257e-07,9.890023455431122823e-01,1.251621600308276466e-03,1.251621600308276466e-03,2.125346554386751832e-08,-6.789514427881947743e-07,9.890043823974405957e-01,1.254337406079429314e-03,1.254337406079429314e-03,3.370006669333883738e-08,-2.552885120858722814e-06,-2.552885120858722814e-06,-3.521633605284933007e-07
1.155897716683011112e+00,2.076662460655219628e-08,9.484913511184294053e-06,-7.224120819724210872e-07,9.889946421228629214e-01,1.272675664643134171e-03,1.272675664643134171e-03,2.076662460655219628e-08,-7.016454573658689174e-07,9.889967470592350152e-01,1.275482246472597631e-03,1.275482246472597631e-03,3.288280753917170094e-08,-1.829890766630207556e-06,-1.829890766630207556e-06,-3.549328383910528645e-07
1.158200301776004970e+00,2.027603138464197162e-08,9.391407432150755189e-06,-7.444070986828213579e-07,9.889867442413690091e-01,1.283109736256180747e-03,1.283109736256180747e-03,2.027603138464197162e-08,-7.241310672981793333e-07,9.889889166345708915e-01,1.286006260525373538e-03,1.286006260525373538e-03,3.205939357678832185e-08,-1.096176985804940526e-06,-1.096176985804940526e-06,-3.575953521107916447e-07
1.160502886868999051e+00,1.978183272164405687e-08,9.295932976455569460e-06,-7.661852912728679300e-07,9.889786560589577391e-01,1.282912947438219226e-03,1.282912947438219226e-03,1.978183272164405687e-08,-7.464034585512238533e-07,9.889808952693334154e-01,1.285898561272424100e-03,1.285898561272424100e-03,3.123006993363916226e-08,-3.578467650473653505e-07,-3.578467650473653505e-07,-3.601513726013823873e-07
1.162805471961993131e+00,1.928417486102389837e-08,9.198560546133417997e-06,-7.877421556726859524e-07,9.889703817402013541e-01,1.272160069605972506e-03,1.272160069605972506e-03,1.928417486102389837e-08,-7.684579808116620871e-07,9.889726871141437670e-01,1.275233901529219081e-03,1.275233901529219081e-03,3.039508059794663770e-08,3.790018831835137581e-07,3.790018831835137581e-07,-3.626013985484730173e-07
1.165108057054987212e+00,1.878320340598896184e-08,9.099359891906693662e-06,-8.090733494595163303e-07,9.889619254517199032e-01,1.251009598520714085e-03,1.251009598520714085e-03,1.878320340598896184e-08,-7.902901460535274181e-07,9.889642963221580985e-01,1.254170759104928203e-03,1.254170759104928203e-03,2.955466835638727522e-08,1.108324748743954999e-06,1.108324748743954999e-06,-3.649459556742390068e-07
1.167410642147981292e+00,1.827906327990411331e-08,8.998400094102551787e-06,-8.301746903392479131e-07,9.889532913600468378e-01,1.219701199755271904e-03,1.219701199755271904e-03,1.827906327990411331e-08,-8.118956270593437932e-07,9.889557270469280237e-01,1.222948782263509355e-03,1.222948782263509355e-03,2.870907473346200830e-08,1.824179071006300481e-06,1.824179071006300481e-06,-3.671855959990142722e-07
1.169713227240975373e+00,1.777189868737651684e-08,8.895749544290594511e-06,-8.510421545845586204e-07,9.889444836295521180e-01,1.178552550266435094e-03,1.178552550266435094e-03,1.777189868737651684e-08,-8.332702558971820837e-07,9.889469834403198378e-01,1.181885631290023869e-03,1.181885631290023869e-03,2.785853993255939271e-08,2.520769644041743549e-06,2.520769644041743549e-06,-3.693208971010652704e-07
1.172015812333969231e+00,1.726185307604862850e-08,8.791475927653650291e-06,-8.716718754313643347e-07,9.889355064204246037e-01,1.127955616287834063e-03,1.127955616287834063e-03,1.726185307604862850e-08,-8.544100223553156698e-07,9.889380696504916912e-01,1.131373256377255334e-03,1.131373256377255334e-03,2.700330277871471806e-08,3.192493040161752890e-06,3.192493040161752890e-06,-3.713524613755769304e-07
1.174318397426963312e+00,1.674906909913729742e-08,8.685646206103144485e-06,-8.920601414353023454e-07,9.889263638867135109e-01,1.068372410833634632e-03,1.068372410833634632e-03,1.674906909913729742e-08,-8.753110723361650811e-07,9.889289898199304929e-01,1.071873655122979399e-03,1.071873655122979399e-03,2.614360066306518043e-08,3.833979634941814743e-06,3.833979634941814743e-06,-3.732809152939108525e-07
1.176620982519957392e+00,1.623368857875722264e-08,8.578326602149526973e-06,-9.122033947899844898e-07,9.889170601744264877e-01,1.000330277516297498e-03,1.000330277516297498e-03,1.623368857875722264e-08,-8.959697062112272407e-07,9.889197480835451026e-01,1.003914156341142354e-03,1.003914156341142354e-03,2.527966948900008364e-08,4.440133142824169203e-06,4.440133142824169203e-06,-3.751069086641872625e-07
1.178923567612951473e+00,1.571585247006475802e-08,8.469582583537013179e-06,-9.320982296088241709e-07,9.889075994196858677e-01,9.244167495986291066e-04,9.244167495986291066e-04,1.571585247006475802e-08,-9.163823771387593996e-07,9.889103485668172544e-01,9.280822791071841917e-04,9.280822791071841917e-04,2.441174362000035518e-08,5.006167398531409973e-06,5.006167398531409973e-06,-3.768311138942338922e-07
1.181226152705945553e+00,1.519570082625812043e-08,8.359478848650271957e-06,-9.517413901722150702e-07,9.888979857469410994e-01,8.412740354914442385e-04,8.412740354914442385e-04,1.519570082625812043e-08,-9.365456893459569333e-07,9.889007953840091014e-01,8.450202182488281187e-04,8.450202182488281187e-04,2.354005582916163271e-08,5.527640148484140076e-06,5.527640148484140076e-06,-3.784542252578984285e-07
1.183528737798939634e+00,1.467337276446784450e-08,8.248079312699624845e-06,-9.711297691418811922e-07,9.888882232672372430e-01,7.515931833441547982e-04,7.515931833441547982e-04,1.467337276446784450e-08,-9.564563963774134023e-07,9.888910926364263831e-01,7.554190089296644204e-04,7.554190089296644204e-04,2.266483725039156417e-08,6.000483645371934968e-06,6.000483645371934968e-06,-3.799769581657199529e-07
1.185831322891933715e+00,1.414900643256964624e-08,8.135447094689450952e-06,-9.902604057442286788e-07,9.888783160765391989e-01,6.561079785211936096e-04,6.561079785211936096e-04,1.414900643256964624e-08,-9.761113993116590127e-07,9.888812444107371036e-01,6.600124241184402059e-04,6.600124241184402059e-04,2.178631733127014120e-08,6.421031869367792190e-06,6.421031869367792190e-06,-3.814000484408940719e-07
1.188133907984927573e+00,1.362273897694987784e-08,8.021644505172697702e-06,-1.009130483924528775e-06,9.888682682541101165e-01,5.555886283948475307e-04,5.555886283948475307e-04,1.362273897694987784e-08,-9.955077449475789021e-07,9.888712547773449435e-01,5.595706593746378006e-04,5.595706593746378006e-04,2.090472378755988739e-08,6.786044230529179229e-06,6.786044230529179229e-06,-3.827242516014312348e-07
1.190436493077921654e+00,1.309470651125109550e-08,7.906733034793171196e-06,-1.027737330473792345e-06,9.888580838609440926e-01,4.508352889925057233e-04,4.508352889925057233e-04,1.309470651125109550e-08,-1.014642623962541266e-06,9.888611277888159634e-01,4.548938594883558629e-04,4.548938594883558629e-04,2.002028255934991016e-08,7.092725637387057224e-06,7.092725637387057224e-06,-3.839503421493763945e-07
1.192739078170915734e+00,1.256504408612389585e-08,7.790773343615062371e-06,-1.046078413130143404e-06,9.888477669382524926e-01,3.426714878341287373e-04,3.426714878341287373e-04,1.256504408612389585e-08,-1.033513369044019495e-06,9.888508674783595964e-01,3.468055413103047916e-04,3.468055413103047916e-04,1.913321776881798746e-08,7.338742848804282490e-06,7.338742848804282490e-06,-3.850791128678800288e-07
1.195041663263909815e+00,1.203388566000666480e-08,7.673825251237669317e-06,-1.064151338656572288e-06,9.888373215060027865e-01,2.319374965061281075e-04,2.319374965061281075e-04,1.203388566000666480e-08,-1.052117452996565651e-06,9.888404778583618215e-01,2.361459663181143624e-04,2.361459663181143624e-04,1.824375167958987727e-08,7.522237055807186832e-06,7.522237055807186832e-06,-3.861113741268887275e-07
1.197344248356903895e+00,1.150136407095404924e-08,7.555947727691454978e-06,-1.081953850896868409e-06,9.888267515615094538e-01,1.194837054909310496e-04,1.194837054909310496e-04,1.150136407095404924e-08,-1.070452486825914270e-06,9.888299629189699624e-01,1.237655154382347016e-04,1.237655154382347016e-04,1.735210465767645106e-08,7.641832672157124800e-06,7.641832672157124800e-06,-3.870479531981441418e-07
1.199646833449897976e+00,1.096761100953065533e-08,7.437198885109673618e-06,-1.099483828811564937e-06,9.888160610780764026e-01,6.164052206435609184e-06,6.164052206435609184e-06,1.096761100953065533e-08,-1.088516217802034213e-06,9.888193266267297776e-01,1.051811707764374604e-05,1.051811707764374604e-05,1.645849513396585065e-08,7.696642340250299072e-06,7.696642340250299072e-06,-3.878896935801248842e-07
1.201949418542891834e+00,1.043275699278445569e-08,7.317635970168559422e-06,-1.116739284495691757e-06,9.888052540036887939e-01,-1.071704485770151382e-04,-1.071704485770151382e-04,1.043275699278445569e-08,-1.106306527502907349e-06,9.888085729232712895e-01,-1.027452224670035114e-04,-1.027452224670035114e-04,1.556313956824737513e-08,7.686268190010606986e-06,7.686268190010606986e-06,-3.886374543335220225e-07
1.204252003635885915e+00,9.896931339310364467e-09,7.197315357286708175e-06,-1.133718361180129656e-06,9.887943342597568241e-01,-2.196780249845351179e-04,-2.196780249845351179e-04,9.896931339310364467e-09,-1.123821429840819388e-06,9.887977057240463497e-01,-2.151827392651718522e-04,-2.151827392651718522e-04,1.466625241474151143e-08,7.610799413916007190e-06,7.610799413916007190e-06,-3.892921094277546967e-07
1.206554588728879995e+00,9.360262145412754893e-09,7.076292542573354657e-06,-1.150419331218298134e-06,9.887833057399064707e-01,-3.305322744498121867e-04,-3.305322744498121867e-04,9.360262145412754893e-09,-1.141059069072885318e-06,9.887867289171137219e-01,-3.259680381735206530e-04,-3.259680381735206530e-04,1.376804608911152488e-08,7.470806249954085013e-06,7.470806249954085013e-06,-3.898545470989846842e-07
1.208857173821874076e+00,8.822876262370972527e-09,6.954622138513313746e-06,-1.166840594059935068e-06,9.887721723088196413e-01,-4.389280545268200127e-04,-4.389280545268200127e-04,8.822876262370972527e-09,-1.158017717797564072e-06,9.887756463619730152e-01,-4.342959836556297294e-04,-4.342959836556297294e-04,1.286873093692803870e-08,7.267330487571688814e-06,7.267330487571688814e-06,-3.903256692200304542e-07
1.211159758914868156e+00,8.284899274810125630e-09,6.832357869374850582e-06,-1.182980674213650435e-06,9.887609378011217309e-01,-5.440870993230503914e-04,-5.440870993230503914e-04,8.284899274810125630e-09,-1.174695774938840387e-06,9.887644618884465775e-01,-5.393883162232950739e-04,-5.393883162232950739e-04,1.196851520355979210e-08,7.001872636409807335e-06,7.001872636409807335e-06,-3.907063906825010489e-07
1.213462344007862237e+00,7.746455480175933327e-09,6.709552567325789715e-06,-1.198838219199913862e-06,9.887496060203153636e-01,-6.452633259477954250e-04,-6.452633259477954250e-04,7.746455480175933327e-09,-1.191091763719737868e-06,9.887531792956065768e-01,-6.404989588929164371e-04,-6.404989588929164371e-04,1.106760500546192493e-08,6.676375918676528002e-06,6.676375918676528002e-06,-3.909976387914361418e-07
1.215764929100856317e+00,7.207667869309453507e-09,6.586258169241364717e-06,-1.214411997496105686e-06,9.887381807377608745e-01,-7.417477987127408688e-04,-7.417477987127408688e-04,7.207667869309453507e-09,-1.207204329626796325e-06,9.887418023507497100e-01,-7.369189813942337089e-04,-7.369189813942337089e-04,1.016620430283264737e-08,6.293207266047439819e-06,6.293207266047439819e-06,-3.912003526726537074e-07
1.218067514193850176e+00,6.668658108114687532e-09,6.462525714186631279e-06,-1.229700896475212934e-06,9.887266656917012009e-01,-8.328733223468003273e-04,-8.328733223468003273e-04,6.668658108114687532e-09,-1.223032238367098182e-06,9.887303347884163207e-01,-8.279811933933319337e-04,-8.279811933933319337e-04,9.264514873609007493e-09,5.855135520290439292e-06,5.855135520290439292e-06,-3.913154826929712681e-07
1.220370099286844257e+00,6.129546520309110778e-09,6.338405341554726911e-06,-1.244703920339713946e-06,9.887150645863320708e-01,-9.180186390243959445e-04,-9.180186390243959445e-04,6.129546520309110778e-09,-1.238574373819404837e-06,9.887187803094534821e-01,-9.130643415291183522e-04,-9.130643415291183522e-04,8.362736288771445534e-09,5.365307052132359769e-06,5.365307052132359769e-06,-3.913439898933942633e-07
1.222672684379838337e+00,5.590452071245389670e-09,6.213946289841823282e-06,-1.259420188052126121e-06,9.887033810909139353e-01,-9.966122077715532362e-04,-9.966122077715532362e-04,5.590452071245389670e-09,-1.253829735980880819e-06,9.887071425801218227e-01,-9.915968888276297400e-04,-9.915968888276297400e-04,7.461065888928656615e-09,4.827219027673864486e-06,4.827219027673864486e-06,-3.912868454353208260e-07
1.224975269472832418e+00,5.051492352788363621e-09,6.089196896038271319e-06,-1.273848931263691231e-06,9.886916188389293092e-01,-1.068135548409559306e-03,-1.068135548409559306e-03,5.051492352788363621e-09,-1.268797438910902887e-06,9.886954252312460945e-01,-1.063060358653915597e-03,-1.063060358653915597e-03,6.559698762150907262e-09,4.244690562438371374e-06,4.244690562438371374e-06,-3.911450300597625444e-07
1.227277854565826498e+00,4.512783569230794598e-09,5.964204595615065612e-06,-1.287989492242567146e-06,9.886797814272795248e-01,-1.132126136089916255e-03,-1.132126136089916255e-03,4.512783569230794598e-09,-1.283476708673336426e-06,9.886836318574055982e-01,-1.126992229255222933e-03,-1.126992229255222933e-03,5.658827723023471457e-09,3.621832014025170087e-06,3.621832014025170087e-06,-3.909195335595262572e-07
1.229580439658820579e+00,3.974440524227964148e-09,5.839015923084005946e-06,-1.301841321802885633e-06,9.886678724155238962e-01,-1.188179835994275036e-03,-1.188179835994275036e-03,3.974440524227964148e-09,-1.297866881278657669e-06,9.886717660161676857e-01,-1.182988368469160400e-03,-1.182988368469160400e-03,4.758643292889645862e-09,2.963012670601395780e-06,2.963012670601395780e-06,-3.906113542642641845e-07
1.231883024751814437e+00,3.436576608729816329e-09,5.713676513109534765e-06,-1.315403977235958246e-06,9.886558953251585180e-01,-1.235952871674580620e-03,-1.235952871674580620e-03,3.436576608729816329e-09,-1.311967400627228327e-06,9.886598312273604527e-01,-1.230705002072071804e-03,-1.230705002072071804e-03,3.859333681254473997e-09,2.272827099252905631e-06,2.272827099252905631e-06,-3.902214985382562885e-07
1.234185609844808518e+00,2.899303789886751359e-09,5.588231102149519612e-06,-1.328677120244880076e-06,9.886438536389356990e-01,-1.275163323881798065e-03,-1.275163323881798065e-03,2.899303789886751359e-09,-1.325777816454993352e-06,9.886478309723850666e-01,-1.269860212615978035e-03,-1.269860212615978035e-03,2.961084768319251946e-09,1.556060420356132687e-06,1.556060420356132687e-06,-3.897509802907438084e-07
1.236488194937802598e+00,2.362732600904838572e-09,5.462723530602695953e-06,-1.341660514883695415e-06,9.886317508002202548e-01,-1.305592160459663519e-03,-1.305592160459663519e-03,2.362732600904838572e-09,-1.339297782282790668e-06,9.886357686935670630e-01,-1.300234969330532446e-03,-1.300234969330532446e-03,2.064080088619750670e-09,8.176527764697354923e-07,8.176527764697354923e-07,-3.892008204986141246e-07
1.238790780030796679e+00,1.826972131822748858e-09,5.337196745439421064e-06,-1.354354025502278352e-06,9.886195902123849910e-01,-1.327083801102388371e-03,-1.327083801102388371e-03,1.826972131822748858e-09,-1.352527053370455530e-06,9.886236477935450573e-01,-1.321673692888906612e-03,-1.321673692888906612e-03,1.168500815738189274e-09,6.266326285437035113e-08,6.266326285437035113e-08,-3.885720467411893001e-07
1.241093365123790759e+00,1.292130021183236009e-09,5.211692803292962280e-06,-1.366757614697985183e-06,9.886073752382424917e-01,-1.339546224148784005e-03,-1.339546224148784005e-03,1.292130021183236009e-09,-1.365465484676802023e-06,9.886114716346965370e-01,-1.334084362210076740e-03,-1.334084362210076740e-03,2.745257480628303990e-10,-7.037664154054409760e-07,-7.037664154054409760e-07,-3.878656927468475660e-07
1.243395950216784840e+00,7.583124485698290149e-10,5.086252873988576758e-06,-1.378871341275110748e-06,9.885951091995139883e-01,-1.342950625633820665e-03,-1.342950625633820665e-03,7.583124485698290149e-10,-1.378113028826540913e-06,9.885992435386005139e-01,-1.337438173518514482e-03,-1.337438173518514482e-03,-6.176687044321790963e-10,-1.476448299335193952e-06,-1.476448299335193952e-06,-3.870827979511980721e-07
1.245698535309778698e+00,2.256241279788353403e-10,4.960917244487245211e-06,-1.390695358213104359e-06,9.885827953763323128e-01,-1.337330643735195647e-03,-1.337330643735195647e-03,2.256241279788353403e-10,-1.390469734085125512e-06,9.885869667855345932e-01,-1.331768764798855207e-03,-1.331768764798855207e-03,-1.507908532412711605e-09,-2.250184290820862217e-06,-2.250184290820862217e-06,-3.862244070664755415e-07
1.248001120402772779e+00,-3.058316980044093928e-10,4.835725323221860573e-06,-1.402229910644472610e-06,9.885704370067801561e-01,-1.322781164548195469e-03,-1.322781164548195469e-03,-3.058316980044093928e-10,-1.402535742342476990e-06,9.885746446140072363e-01,-1.317171021578825542e-03,-1.317171021578825542e-03,-2.396022138442213128e-09,-3.019801779737187249e-06,-3.019801779737187249e-06,-3.852915696618473036e-07
1.250303705495766859e+00,-8.359532632555591781e-10,4.710715644803513301e-06,-1.413475333843210168e-06,9.885580372864622989e-01,-1.299456727556049743e-03,-1.299456727556049743e-03,-8.359532632555591781e-10,-1.414311287106465821e-06,9.885622802203236636e-01,-1.293799482407623821e-03,-1.293799482407623821e-03,-3.281840347294247155e-09,-3.780188546364856467e-06,-3.780188546364856467e-06,-3.842853397542708638e-07
1.252606290588760940e+00,-1.364640282420228689e-09,4.585925875076004640e-06,-1.424432051224586742e-06,9.885455993681102616e-01,-1.267569551606026988e-03,-1.267569551606026988e-03,-1.364640282420228689e-09,-1.425796691507006959e-06,9.885498767581847313e-01,-1.261866364839998866e-03,-1.261866364839998866e-03,-4.165196415345500008e-09,-4.526326712817723586e-06,-4.526326712817723586e-06,-3.832067754095597555e-07
1.254908875681755021e+00,-1.891793954513061602e-09,4.461392816497258692e-06,-1.435100572357036024e-06,9.885331263612193720e-01,-1.227387204145003559e-03,-1.227387204145003559e-03,-1.891793954513061602e-09,-1.436992366311549106e-06,9.885374373383183366e-01,-1.221639234679757456e-03,-1.221639234679757456e-03,-5.045926039071076075e-09,-5.253325529116546571e-06,-5.253325529116546571e-06,-3.820569383532880501e-07
1.257211460774749101e+00,-2.417316965839064000e-09,4.337152413826808150e-06,-1.445481490986857284e-06,9.885206213317174750e-01,-1.179229938506834918e-03,-1.179229938506834918e-03,-2.417316965839064000e-09,-1.447898807952696445e-06,9.885249650281413558e-01,-1.173438343275024030e-03,-1.173438343275024030e-03,-5.923867362664554269e-09,-5.956452793026957483e-06,-5.956452793026957483e-06,-3.808368935911731127e-07
1.259514045867743182e+00,-2.941113492268995325e-09,4.213239760099095208e-06,-1.455575483076393677e-06,9.885080873016637293e-01,-1.123467725474065109e-03,-1.123467725474065109e-03,-2.941113492268995325e-09,-1.458516596568662716e-06,9.885124628514534439e-01,-1.117633659087790459e-03,-1.117633659087790459e-03,-6.798860984804261744e-09,-6.631164716649572252e-06,-6.631164716649572252e-06,-3.795477090385689917e-07
1.261816630960737040e+00,-3.463089200900232690e-09,4.089689102862980520e-06,-1.465383304856297983e-06,9.884955272489772682e-01,-1.060517006925533684e-03,-1.060517006925533684e-03,-3.463089200900232690e-09,-1.468846394057198199e-06,9.884999337881594794e-01,-1.054641621349304949e-03,-1.054641621349304949e-03,-7.670749964585900932e-09,-7.273134068409234014e-06,-7.273134068409234014e-06,-3.781904551587044173e-07
1.264119216053731121e+00,-3.983151251134393246e-09,3.966533850668422312e-06,-1.474905790892461115e-06,9.884829441071957268e-01,-9.908372003416821006e-04,-9.908372003416821006e-04,-3.983151251134393246e-09,-1.478888942143595434e-06,9.884873807740222063e-01,-9.849216445731077095e-04,-9.849216445731077095e-04,-8.539379826641765209e-09,-7.878276434442575015e-06,-7.878276434442575015e-06,-3.767662046093013442e-07
1.266421801146725201e+00,-4.501208295201579329e-09,3.843806579782414271e-06,-1.484143852168117773e-06,9.884703407652609686e-01,-9.149269839996770296e-04,-9.149269839996770296e-04,-4.501208295201579329e-09,-1.488645060463319405e-06,9.884748067004424099e-01,-9.089724037578238028e-04,-9.089724037578238028e-04,-9.404598565464024840e-09,-8.442774460488898074e-06,-8.442774460488898074e-06,-3.752760318972276547e-07
1.268724386239719282e+00,-5.017170478162073772e-09,3.721539041116286532e-06,-1.493098474181635964e-06,9.884577200673331232e-01,-8.333203932496367631e-04,-8.333203932496367631e-04,-5.017170478162073772e-09,-1.498115644659798113e-06,9.884622144142670708e-01,-8.273279306709976130e-04,-8.273279306709976130e-04,-1.026625664895191650e-08,-8.963099951965477089e-06,-8.963099951965477089e-06,-3.737210130408245092e-07
1.271026971332713362e+00,-5.530949437413540848e-09,3.599762167348082592e-06,-1.501770715060418364e-06,9.884450848126307143e-01,-7.465827587625346569e-04,-7.465827587625346569e-04,-5.530949437413540848e-09,-1.507301664497831814e-06,9.884496067176241629e-01,-7.405535521045433127e-04,-7.405535521045433127e-04,-1.112420702119843452e-08,-9.436033727596002032e-06,-9.436033727596002032e-06,-3.721022252395850439e-07
1.273329556425707443e+00,-6.042458301732298300e-09,3.478506080223906230e-06,-1.510161703691333311e-06,9.884324377552977658e-01,-6.553065178228891993e-04,-6.553065178228891993e-04,-6.042458301732298300e-09,-1.516204161993065600e-06,9.884369863677837653e-01,-6.492417011749169022e-04,-6.492417011749169022e-04,-1.197830510453373005e-08,-9.858683139499176929e-06,-9.858683139499176929e-06,-3.704207465508517411e-07
1.275632141518701301e+00,-6.551611689875583933e-09,3.357800098023292555e-06,-1.518272637868051950e-06,9.884197816042958884e-01,-5.601069297180502615e-04,-5.601069297180502615e-04,-6.551611689875583933e-09,-1.524824249557927446e-06,9.884243560770445969e-01,-5.540076327198185111e-04,-5.540076327198185111e-04,-1.282840880084065248e-08,-1.022849719020556871e-05,-1.022849719020556871e-05,-3.686776555732296597e-07
1.277934726611695382e+00,-7.058325708771082252e-09,3.237672743174139231e-06,-1.526104782455631803e-06,9.884071190233203463e-01,-4.616177260725476210e-04,-4.616177260725476210e-04,-7.058325708771082252e-09,-1.533163108164402951e-06,9.884117185126448657e-01,-4.554850736398900236e-04,-4.554850736398900236e-04,-1.367437849215793615e-08,-1.054327919511810725e-05,-1.054327919511810725e-05,-3.668740311364111755e-07
1.280237311704689462e+00,-7.562517951317846602e-09,3.118151750004091753e-06,-1.533659467572650238e-06,9.883944526307409939e-01,-3.604867265093602982e-04,-3.604867265093602982e-04,-7.562517951317846602e-09,-1.541221985523967997e-06,9.883990762966975430e-01,-3.543218385672644534e-04,-3.543218385672644534e-04,-1.451607704058416305e-08,-1.080119695590735704e-05,-1.080119695590735704e-05,-3.650109519971456279e-07
1.282539896797683543e+00,-8.064107493823093099e-09,2.999264072615410020e-06,-1.540938086791178137e-06,9.883817849995655269e-01,-2.573714494290439475e-04,-2.573714494290439475e-04,-8.064107493823093099e-09,-1.549002194285001207e-06,9.883864320061483966e-01,-2.511754406519039291e-04,-2.511754406519039291e-04,-1.535336978749770833e-08,-1.100079042831438241e-05,-1.100079042831438241e-05,-3.630894965410832990e-07
1.284842481890677623e+00,-8.563014893096713011e-09,2.881035892871688590e-06,-1.547942095354847889e-06,9.883691186574266041e-01,-1.529347468560257779e-04,-1.529347468560257779e-04,-8.563014893096713011e-09,-1.556505110247944704e-06,9.883737881727573393e-01,-1.467087264150340059e-04,-1.467087264150340059e-04,-1.618612455210495560e-08,-1.114097688382914089e-05,-1.114097688382914089e-05,-3.611107424902543854e-07
1.287145066983671704e+00,-9.059162183224491646e-09,2.763492628485336997e-06,-1.554673008415232746e-06,9.883564560865891746e-01,-4.784049135124006618e-05,-4.784049135124006618e-05,-9.059162183224491646e-09,-1.563732170598457336e-06,9.883611472831009825e-01,-4.158556266884623769e-05,-4.158556266884623769e-05,-1.701421162932931053e-08,-1.122105358220213974e-05,-1.122105358220213974e-05,-3.590757666159580747e-07
1.289447652076665563e+00,-9.552472872039952256e-09,2.646658941195645586e-06,-1.561132399286755246e-06,9.883437997239804540e-01,5.725065816698468070e-05,5.725065816698468070e-05,-9.552472872039952256e-09,-1.570684872158795197e-06,9.883485117785969498e-01,6.353339765561986149e-05,6.353339765561986149e-05,-1.783750378705348320e-08,-1.124069798635244269e-05,-1.124069798635244269e-05,-3.569856444568585990e-07
1.291750237169659643e+00,-1.004287193731321236e-08,2.530558745027713777e-06,-1.567321897720302982e-06,9.883311519612392182e-01,1.616853861200050365e-04,1.616853861200050365e-04,-1.004287193731321236e-08,-1.577364769657616183e-06,9.883358840555481750e-01,1.679948451986355037e-04,1.679948451986355037e-04,-1.865587626272681514e-08,-1.119996556769358748e-05,-1.119996556769358748e-05,-3.548414500420946642e-07
1.294052822262653724e+00,-1.053028582267332742e-08,2.415215214623771686e-06,-1.573243188195709498e-06,9.883185151447859695e-01,2.648217213196481538e-04,2.648217213196481538e-04,-1.053028582267332742e-08,-1.583773474018382841e-06,9.883232664652080723e-01,2.711568152157216869e-04,2.711568152157216869e-04,-1.946920675934788478e-08,-1.109928526313664779e-05,-1.109928526313664779e-05,-3.526442556192425899e-07
1.296355407355647804e+00,-1.101464243328051497e-08,2.300650793638640358e-06,-1.578898008233259331e-06,9.883058915759119767e-01,3.660328867406341760e-04,3.660328867406341760e-04,-1.101464243328051497e-08,-1.589912650666539919e-06,9.883106613138640251e-01,3.723925373433003162e-04,3.723925373433003162e-04,-2.027737544083479738e-08,-1.093945265964080535e-05,-1.093945265964080535e-05,-3.503951313869876292e-07
1.298657992448641885e+00,-1.149587113126187788e-08,2.186887203191891961e-06,-1.584288146724330489e-06,9.882932835108865222e-01,4.647109769977255745e-04,4.647109769977255745e-04,-1.149587113126187788e-08,-1.595784017855592400e-06,9.882980708629400812e-01,4.710941130691479297e-04,4.710941130691479297e-04,-2.108026492679242726e-08,-1.072162099422965403e-05,-1.072162099422965403e-05,-3.480951452323598957e-07
1.300960577541635965e+00,-1.197390273092400390e-08,2.073945450370085713e-06,-1.589415442281299096e-06,9.882806931610831347e-01,5.602704442283540538e-04,5.602704442283540538e-04,-1.197390273092400390e-08,-1.601389345012223137e-06,9.882854973291181899e-01,5.666760016084029794e-04,5.666760016084029794e-04,-2.187776028668768323e-08,-1.044729006957716506e-05,-1.044729006957716506e-05,-3.457453624724402426e-07
1.303263162634630046e+00,-1.244866949375371934e-08,1.961845836772988547e-06,-1.594281781606800435e-06,9.882681226931222529e-01,6.521513748680824417e-04,6.521513748680824417e-04,-1.244866949375371934e-08,-1.606730451100554070e-06,9.882729428844755359e-01,6.585782966724846969e-04,6.585782966724846969e-04,-2.266974903344229003e-08,-1.011829319603005491e-05,-1.011829319603005491e-05,-3.433468456004411729e-07
1.305565747727623904e+00,-1.292010512321769054e-08,1.850607967097942959e-06,-1.598889097882435959e-06,9.882555742290314305e-01,7.398225416297237161e-04,7.398225416297237161e-04,-1.292010512321769054e-08,-1.611809203005653732e-06,9.882604096566404150e-01,7.462697784417463183e-04,7.462697784417463183e-04,-2.345612111645340221e-08,-9.736782280557275456e-06,-9.736782280557275456e-06,-3.409006540360754826e-07
1.307868332820617985e+00,-1.338814475936998549e-08,1.740250757757632513e-06,-1.603239369177006105e-06,9.882430498464211954e-01,8.227842169112222891e-04,8.227842169112222891e-04,-1.338814475936998549e-08,-1.616627513936376152e-06,9.882478997289629863e-01,8.292507269669677607e-04,8.292507269669677607e-04,-2.423676891405176840e-08,-9.305211192255017285e-06,-9.305211192255017285e-06,-3.384078438801698636e-07
1.310170917913612065e+00,-1.385272497327506998e-08,1.630792445526640123e-06,-1.607334616874325457e-06,9.882305515786772299e-01,9.005707357223782621e-04,9.005707357223782621e-04,-1.385272497327506998e-08,-1.621187341847600423e-06,9.882354151407027887e-01,9.070554850897686282e-04,9.070554850897686282e-04,-2.501158722540615438e-08,-8.826317541213601049e-06,-8.826317541213601049e-06,-3.358694676734724832e-07
1.312473503006606146e+00,-1.431378376125384985e-08,1.522250596212620894e-06,-1.611176904120693934e-06,9.882180814151669823e-01,9.727527982090435803e-04,9.727527982090435803e-04,-1.431378376125384985e-08,-1.625490687881947787e-06,9.882229578872305797e-01,9.792547609605713969e-04,9.792547609605713969e-04,-2.578047326188494366e-08,-8.303103014751825905e-06,-8.303103014751825905e-06,-3.332865741596268546e-07
1.314776088099600226e+00,-1.477126053895801056e-08,1.414642113348620929e-06,-1.614768334292064469e-06,9.882056413014613794e-01,1.038939503702344599e-03,1.038939503702344599e-03,-1.477126053895801056e-08,-1.629539594831022412e-06,9.882105299202458282e-01,1.045457662081668640e-03,1.045457662081668640e-03,-2.654332663788336632e-08,-7.738812419844825338e-06,-7.738812419844825338e-06,-3.306602080523035808e-07
1.317078673192594307e+00,-1.522509613527737199e-08,1.307983246903209455e-06,-1.618111049480949723e-06,9.881932331395699709e-01,1.098780110234843111e-03,1.098780110234843111e-03,-1.522509613527737199e-08,-1.633336145616227089e-06,9.881981331480068631e-01,1.105313454817308076e-03,1.105313454817308076e-03,-2.730004936112594448e-08,-7.136911585727258471e-06,-7.136911585727258471e-06,-3.279914098064835114e-07
1.319381258285588165e+00,-1.567523278608441781e-08,1.202289602005550700e-06,-1.621207229003117402e-06,9.881808587881906192e-01,1.151965515248893051e-03,1.151965515248893051e-03,-1.567523278608441781e-08,-1.636882461789201731e-06,9.881857694355760113e-01,1.158513045096049845e-03,1.158513045096049845e-03,-2.805054582245402120e-08,-6.501064283195748077e-06,-6.501064283195748077e-06,-3.252812153939088326e-07
1.321683843378582246e+00,-1.612161412781863799e-08,1.097576147682787605e-06,-1.624059087924091739e-06,9.881685200629706234e-01,1.198229455196615952e-03,1.198229455196615952e-03,-1.612161412781863799e-08,-1.640180702051910274e-06,9.881734406050767250e-01,1.204790178004823626e-03,1.204790178004823626e-03,-2.879472278510760411e-08,-5.835108320105250565e-06,-5.835108320105250565e-06,-3.225306560827169107e-07
1.323986428471576327e+00,-1.656418519091267462e-08,9.938572256076456331e-07,-1.626668875605502656e-06,9.881562187367812777e-01,1.237349423439439112e-03,1.237349423439439112e-03,-1.656418519091267462e-08,-1.643233060796415384e-06,9.881611484359636988e-01,1.243922355682624799e-03,1.243922355682624799e-03,-2.953248937351066569e-08,-5.143030973137975048e-06,-5.143030973137975048e-06,-3.197407582213014127e-07
1.326289013564570407e+00,-1.700289239306210093e-08,8.911465588539225449e-07,-1.629038874271298061e-06,9.881439565400048641e-01,1.269147307699290293e-03,1.269147307699290293e-03,-1.700289239306210093e-08,-1.646041766664360222e-06,9.881488946653048666e-01,1.275731474765947693e-03,1.275731474765947693e-03,-3.026375706157051806e-08,-4.428943916529197092e-06,-4.428943916529197092e-06,-3.169125430264255852e-07
1.328591598657564488e+00,-1.743768353233910621e-08,7.894572606582869974e-07,-1.631171397593845534e-06,9.881317351608316368e-01,1.293489749950816389e-03,1.293489749950816389e-03,-1.743768353233910621e-08,-1.648609081126184608e-06,9.881366809880750557e-01,1.300084186275321085e-03,1.300084186275321085e-03,-3.098843966050018236e-08,-3.697057807329552652e-06,-3.697057807329552652e-06,-3.140470263756493659e-07
1.330894183750558568e+00,-1.786850778015040624e-08,6.888018431865647131e-07,-1.633068789299936960e-06,9.881195562455691306e-01,1.310288233290300437e-03,1.310288233290300437e-03,-1.786850778015040624e-08,-1.650937297080087416e-06,9.881245090574604095e-01,1.316891982478620750e-03,1.316891982478620750e-03,-3.170645330617394381e-08,-2.951656685124207582e-06,-2.951656685124207582e-06,-3.111452186041131570e-07
1.333196768843552649e+00,-1.829531567403887602e-08,5.891922263031761457e-07,-1.634733421796715375e-06,9.881074213989610167e-01,1.319498901862215011e-03,1.319498901862215011e-03,-1.829531567403887602e-08,-1.653028737470754281e-06,9.881123804851734693e-01,1.326111016812097981e-03,1.326111016812097981e-03,-3.241771644602605819e-08,-2.197072341400297224e-06,-2.197072341400297224e-06,-3.082081243057487739e-07
1.335499353936546507e+00,-1.871805911032808770e-08,4.906397463421874238e-07,-1.636167694817529538e-06,9.880953321845168391e-01,1.321122121346003219e-03,1.321122121346003219e-03,-1.871805911032808770e-08,-1.654885753927857589e-06,9.881002968417785803e-01,1.327741664361714634e-03,1.327741664361714634e-03,-3.312214982550269479e-08,-1.437658810151125602e-06,-1.437658810151125602e-06,-3.052367421389694524e-07
1.337801939029540588e+00,-1.913669133660864530e-08,3.931551648788284879e-07,-1.637374034087735275e-06,9.880832901248505218e-01,1.315201788915768650e-03,1.315201788915768650e-03,-1.913669133660864530e-08,-1.656510725424344009e-06,9.880882596570268461e-01,1.321827831817466064e-03,1.321827831817466064e-03,-3.381967647407770696e-08,-6.777671269645802263e-07,-6.777671269645802263e-07,-3.022320646369147217e-07
1.340104524122534668e+00,-1.955116694406430110e-08,2.967486775002530782e-07,-1.638354890010441276e-06,9.880712967020290893e-01,1.301824402778616703e-03,1.301824402778616703e-03,-1.955116694406430110e-08,-1.657906056954505534e-06,9.880762704201999647e-01,1.308456027006434791e-03,1.308456027006434791e-03,-3.451022169084190179e-08,7.827950134522355064e-08,7.827950134522355064e-08,-2.991950780223134072e-07
1.342407109215528749e+00,-1.996144185963677186e-08,2.014299225743264078e-07,-1.639112736372213107e-06,9.880593533579286047e-01,1.281117902635271451e-03,1.281117902635271451e-03,-1.996144185963677186e-08,-1.659074178231849919e-06,9.880643305804632792e-01,1.287754199348198868e-03,1.287754199348198868e-03,-3.519371302967744227e-08,8.262099803641514464e-07,8.262099803641514464e-07,-2.961267620270363906e-07
1.344709694308522829e+00,-2.036747333802669713e-08,1.072079900153776512e-07,-1.639650069068733528e-06,9.880474614945996548e-01,1.253250293363465488e-03,1.253250293363465488e-03,-2.036747333802669713e-08,-1.660017542406760139e-06,9.880524415472268229e-01,1.259890363533092573e-03,1.259890363533092573e-03,-3.587008028402739421e-08,1.561828935228726270e-06,1.561828935228726270e-06,-2.930280897164063588e-07
1.347012279401516910e+00,-2.076921995352902251e-08,1.409143004573665076e-08,-1.639969404850421445e-06,9.880356224746404958e-01,1.218428065269964696e-03,1.218428065269964696e-03,-2.076921995352902251e-08,-1.660738624803950488e-06,9.880406046905149120e-01,1.225071019769180536e-03,1.225071019769180536e-03,-3.653925547127167409e-08,2.281039518767088543e-06,2.281039518767088543e-06,-2.899000273183329948e-07
1.349314864494510768e+00,-2.116664159170046524e-08,-7.791173804800404941e-08,-1.640073280088010569e-06,9.880238376215771945e-01,1.176894424979789151e-03,1.176894424979789151e-03,-2.116664159170046524e-08,-1.661239921679711061e-06,9.880288213413421783e-01,1.183539384666508010e-03,1.183539384666508010e-03,-3.720117281672025722e-08,2.979865305567092664e-06,2.979865305567092664e-06,-2.867435340573429066e-07
1.351617449587504849e+00,-2.155969944085728202e-08,-1.687940171652182809e-07,-1.639964249558079499e-06,9.880121082202512062e-01,1.128927351850031588e-03,1.128927351850031588e-03,-2.155969944085728202e-08,-1.661523948998936811e-06,9.880170927920981505e-01,1.135573447646027415e-03,1.135573447646027415e-03,-3.785576873723533909e-08,3.654471165190849464e-06,3.654471165190849464e-06,-2.835595619935667107e-07
1.353920034680498929e+00,-2.194835598340079465e-08,-2.585484236491574672e-07,-1.639644885248533676e-06,9.880004355172135044e-01,1.074837495317731853e-03,1.074837495317731853e-03,-2.194835598340079465e-08,-1.661593241231934398e-06,9.880054202969371646e-01,1.081483868282659584e-03,1.081483868282659584e-03,-3.850298182449303124e-08,4.301183016037592818e-06,4.301183016037592818e-06,-2.803490558667399684e-07
1.356222619773493010e+00,-2.233257498696927728e-08,-3.471684785537540782e-07,-1.639117775184021830e-06,9.879888207211248163e-01,1.014965929145341230e-03,1.014965929145341230e-03,-2.233257498696927728e-08,-1.661450350170991167e-06,9.879938050721753795e-01,1.021611730546025110e-03,1.021611730546025110e-03,-3.914275282789692668e-08,4.916506370359912225e-06,4.916506370359912225e-06,-2.771129529452827200e-07
1.358525204866487091e+00,-2.271232149541418685e-08,-4.346481989207178974e-07,-1.638385522271285016e-06,9.879772650031626302e-01,9.496817788746431295e-04,9.496817788746431295e-04,-2.271232149541418685e-08,-1.661097843766699259e-06,9.879822482966938990e-01,9.563261702497099104e-04,9.563261702497099104e-04,-3.977502463715479091e-08,5.497143589916880023e-06,5.497143589916880023e-06,-2.738521828804998091e-07
1.360827789959481171e+00,-2.308756181959914526e-08,-5.209820890682208852e-07,-1.637450743164414320e-06,9.879657694974324222e-01,8.793797390861236938e-04,8.793797390861236938e-04,-2.308756181959914526e-08,-1.660538304984013482e-06,9.879707511123473340e-01,8.860218923060597359e-04,8.860218923060597359e-04,-4.039974226452998582e-08,6.040009781080864110e-06,6.040009781080864110e-06,-2.705676675659559437e-07
1.363130375052475252e+00,-2.345826352802051194e-08,-6.061651318926094085e-07,-1.636316067150007263e-06,9.879543353013852114e-01,8.044774972327091650e-04,8.044774972327091650e-04,-2.345826352802051194e-08,-1.659774330678027881e-06,9.879593146243772495e-01,8.111165945554212444e-04,8.111165945554212444e-04,-4.101685282677983536e-08,6.542247267740374830e-06,6.542247267740374830e-06,-2.672603210020684267e-07
1.365432960145469110e+00,-2.382439543724840531e-08,-6.901927801849235326e-07,-1.634984135052193705e-06,9.879429634762394441e-01,7.254130808617797847e-04,7.254130808617797847e-04,-2.382439543724840531e-08,-1.658808530489442031e-06,9.879479399018309405e-01,7.320483149837375605e-04,7.320483149837375605e-04,-4.162630552679253365e-08,7.001238589709335136e-06,7.001238589709335136e-06,-2.639310491659344444e-07
1.367735545238463191e+00,-2.418592760218768665e-08,-7.730609479634662642e-07,-1.633457598157511744e-06,9.879316550474077641e-01,6.426421450258815128e-04,6.426421450258815128e-04,-2.418592760218768665e-08,-1.657643525759699444e-06,9.879366279779850935e-01,6.492727191289202580e-04,6.492727191289202580e-04,-4.222805163493506914e-08,7.414617984184950633e-06,7.414617984184950633e-06,-2.605807498864518872e-07
1.370038130331457271e+00,-2.454283130615811246e-08,-8.547660018245275691e-07,-1.631739117159602076e-06,9.879204110049273346e-01,5.566352165196654638e-04,5.566352165196654638e-04,-2.454283130615811246e-08,-1.656281948465760208e-06,9.879253798507727780e-01,5.632603443135285326e-04,5.632603443135285326e-04,-4.282204447012346764e-08,7.780281316981621671e-06,7.780281316981621671e-06,-2.572103127247219507e-07
1.372340715424451352e+00,-2.489507905079414150e-08,-9.353047523127674949e-07,-1.629831361123685436e-06,9.879092323038947132e-01,4.678749113834948905e-04,4.678749113834948905e-04,-2.489507905079414150e-08,-1.654726440174479680e-06,9.879141964832152123e-01,4.744938171441927905e-04,4.744938171441927905e-04,-4.340823938062829780e-08,8.096394440175476692e-06,8.096394440175476692e-06,-2.538206188597756026e-07
1.374643300517445432e+00,-2.524264454576463158e-08,-1.014674445313390700e-06,-1.627737006470787564e-06,9.878981198649036122e-01,3.768531417688302009e-04,3.768531417688302009e-04,-2.524264454576463158e-08,-1.652979651016552162e-06,9.879030788038566380e-01,3.834650603728963951e-04,3.834650603728963951e-04,-4.398659372462722479e-08,8.361399961569218283e-06,8.361399961569218283e-06,-2.504125409796113177e-07
1.376945885610439513e+00,-2.558550269831296538e-08,-1.092872753467965268e-06,-1.625458735981665726e-06,9.878870745744867676e-01,2.840683278921403649e-04,2.840683278921403649e-04,-2.558550269831296538e-08,-1.651044238679978688e-06,9.878920277072028577e-01,2.906725048468602915e-04,2.906725048468602915e-04,-4.455706685051650367e-08,8.574022421148513149e-06,8.574022421148513149e-06,-2.469869431775509089e-07
1.379248470703433371e+00,-2.592362960261927612e-08,-1.169897767615912662e-06,-1.622999237820393390e-06,9.878760972855601397e-01,1.900226303046078551e-04,1.900226303046078551e-04,-2.592362960261927612e-08,-1.648922867423012749e-06,9.878810440541624383e-01,1.966183217742999069e-04,1.966183217742999069e-04,-4.511962007699408490e-08,8.733271877952481180e-06,8.733271877952481180e-06,-2.435446808539132423e-07
1.381551055796427452e+00,-2.625700252898609671e-08,-1.245747988264038806e-06,-1.620361204577542068e-06,9.878651888178693330e-01,9.521921717699579919e-05,9.521921717699579919e-05,-2.625700252898609671e-08,-1.646618207106528069e-06,9.878701286724906883e-01,1.018056900054219182e-04,1.018056900054219182e-04,-4.567421667292607794e-08,8.838445920032594329e-06,8.838445920032594329e-06,-2.400866006229698390e-07
1.383853640889421532e+00,-2.658559991284947043e-08,-1.320422317085981734e-06,-1.617547332332910986e-06,9.878543499584395704e-01,1.595806755454303661e-07,1.595806755454303661e-07,-2.658559991284947043e-08,-1.644132932245760562e-06,9.878592823572363013e-01,6.736112404528472614e-06,6.736112404528472614e-06,-4.622082183700855711e-08,8.889130117974477555e-06,8.889130117974477555e-06,-2.366135402251861998e-07
1.386156225982415613e+00,-2.690940134361835551e-08,-1.393920048454158307e-06,-1.614560319737733423e-06,9.878435814620264432e-01,-9.465908416171083363e-05,-9.465908416171083363e-05,-2.690940134361835551e-08,-1.641469721081351838e-06,9.878485058711896638e-01,-8.809320527738542035e-05,-8.809320527738542035e-05,-4.675940267723711749e-08,8.885196950791921828e-06,8.885196950791921828e-06,-2.331263284446985354e-07
1.388458811075409693e+00,-2.722838755334494732e-08,-1.466240861006532879e-06,-1.611402867116290491e-06,9.878328840515696596e-01,-1.887464253672951236e-04,-1.887464253672951236e-04,-2.722838755334494732e-08,-1.638631254669635395e-06,9.878377999453337166e-01,-1.821919003486165752e-04,-1.821919003486165752e-04,-4.728992819019585391e-08,8.826803240386295121e-06,8.826803240386295121e-06,-2.296257850319875195e-07
1.390761396168403774e+00,-2.754254040522940235e-08,-1.537384809250390927e-06,-1.608077675586860128e-06,9.878222584186477917e-01,-2.816213928955011467e-04,-2.816213928955011467e-04,-2.754254040522940235e-08,-1.635620215992089474e-06,9.878271652792958157e-01,-2.750789120315328133e-04,-2.750789120315328133e-04,-4.781236924017755547e-08,8.714386137961025746e-06,8.714386137961025746e-06,-2.261127206317234433e-07
1.393063981261397632e+00,-2.785184288196275242e-08,-1.607352315205802096e-06,-1.604587446201915340e-06,9.878117052239335782e-01,-3.728145992926540342e-04,-3.728145992926540342e-04,-2.785184288196275242e-08,-1.632439289083878007e-06,9.878166025418008145e-01,-3.662848421363185027e-04,-3.662848421363185027e-04,-4.832669853814695405e-08,8.548657712619381737e-06,8.548657712619381737e-06,-2.225879367157131286e-07
1.395366566354391713e+00,-2.815627907391232367e-08,-1.676144160091274816e-06,-1.600934879107484662e-06,9.878012250976516695e-01,-4.618705719384112577e-04,-4.618705719384112577e-04,-2.815627907391232367e-08,-1.629091158181397085e-06,9.878061123711262548e-01,-4.553542073056856838e-04,-4.553542073056856838e-04,-4.883289062055880597e-08,8.330598198410057060e-06,8.330598198410057060e-06,-2.190522255208901278e-07
1.397669151447385794e+00,-2.845583416715381288e-08,-1.743761476053907241e-06,-1.597122672721582711e-06,9.877908186400365942e-01,-5.483498875032805607e-04,-5.483498875032805607e-04,-2.845583416715381288e-08,-1.625578506888736517e-06,9.877956953755572256e-01,-5.418475734757255977e-04,-5.418475734757255977e-04,-4.933092182804160644e-08,8.061447962163683755e-06,8.061447962163683755e-06,-2.155063699922989515e-07
1.399971736540379874e+00,-2.875049443135565569e-08,-1.810205737946852394e-06,-1.593153522931605177e-06,9.877804864217901715e-01,-6.318311801509794365e-04,-6.318311801509794365e-04,-2.875049443135565569e-08,-1.621904017362960763e-06,9.877853521338422205e-01,-6.253435640815275740e-04,-6.253435640815275740e-04,-4.982077028395919889e-08,7.742698259366278366e-06,7.742698259366278366e-06,-2.119511437309851246e-07
1.402274321633373955e+00,-2.904024720752046477e-08,-1.875478755156488483e-06,-1.589030122310584907e-06,9.877702289845414763e-01,-7.119130159610826064e-04,-7.119130159610826064e-04,-2.904024720752046477e-08,-1.618070369518105276e-06,9.877750831956499944e-01,-7.054407344830102141e-04,-7.054407344830102141e-04,-5.030241587286056933e-08,7.376080850518178524e-06,7.376080850518178524e-06,-2.083873109467248983e-07
1.404576906726368035e+00,-2.932508089558958268e-08,-1.939582663482005720e-06,-1.584755159352195796e-06,9.877600468413049173e-01,-7.882156269446019070e-04,-7.882156269446019070e-04,-2.932508089558958268e-08,-1.614080240247785336e-06,9.877648890820256433e-01,-7.817593059836107708e-04,-7.817593059836107708e-04,-5.077584021882939968e-08,6.963556554163440374e-06,6.963556554163440374e-06,-2.048156264155041167e-07
1.406879491819362116e+00,-2.960498494191654330e-08,-2.002519917069801051e-06,-1.580331317724382077e-06,9.877499404769390923e-01,-8.603824990030445362e-04,-8.603824990030445362e-04,-2.960498494191654330e-08,-1.609936302666298570e-06,9.877547702858471279e-01,-8.539427537923793225e-04,-8.539427537923793225e-04,-5.124102666374367679e-08,6.507302817015251560e-06,6.507302817015251560e-06,-2.012368354416715670e-07
1.409182076912355974e+00,-2.987994982661582737e-08,-2.064293280405489128e-06,-1.575761275541487877e-06,9.877399103486056431e-01,-9.280818090760755389e-04,-9.280818090760755389e-04,-2.987994982661582737e-08,-1.605641225368103651e-06,9.877447272722817972e-01,-9.216592441746030828e-04,-9.216592441746030828e-04,-5.169796024545611045e-08,6.009700384268867684e-06,6.009700384268867684e-06,-1.976516738246552437e-07
1.411484662005350055e+00,-3.014996705079365555e-08,-2.124905820365869229e-06,-1.571047704654751504e-06,9.877299568862262236e-01,-9.910077076967073548e-04,-9.910077076967073548e-04,-3.014996705079365555e-08,-1.601197671705545133e-06,9.877347604792413582e-01,-9.846029170098851303e-04,-9.846029170098851303e-04,-5.214662767590586902e-08,5.473319156280154665e-06,5.473319156280154665e-06,-1.940608678301622483e-07
1.413787247098344135e+00,-3.041502912366742310e-08,-2.184360898333421849e-06,-1.566193269961038047e-06,9.877200804929406885e-01,-1.048881444062177643e-03,-1.048881444062177643e-03,-3.041502912366742310e-08,-1.596608299084705437e-06,9.877248703178379552e-01,-1.042495010865838881e-03,-1.042495010865838881e-03,-5.258701731917139322e-08,4.900903319571528520e-06,4.900903319571528520e-06,-1.904651341657577716e-07
1.416089832191338216e+00,-3.067512954958099579e-08,-2.242662162375858906e-06,-1.561200628729644271e-06,9.877102815455625073e-01,-1.101452331660167372e-03,-1.101452331660167372e-03,-3.067512954958099579e-08,-1.591875758279225366e-06,9.877150571728373629e-01,-1.095084828627050514e-03,-1.095084828627050514e-03,-5.301911916947435345e-08,4.295355841932221378e-06,4.295355841932221378e-06,-1.868651799607119555e-07
1.418392417284332296e+00,-3.093026281492330183e-08,-2.299813539493201528e-06,-1.556072429947044093e-06,9.877005603950345103e-01,-1.148498553369411458e-03,-1.148498553369411458e-03,-3.093026281492330183e-08,-1.587002692761967368e-06,9.877053214031128459e-01,-1.142150542598363572e-03,-1.142150542598363572e-03,-5.344292482914452439e-08,3.659722422362880881e-06,3.659722422362880881e-06,-1.832617027500093146e-07
1.420695002377326377e+00,-3.118042437495737321e-08,-2.355819227934599144e-06,-1.550811313679405868e-06,9.876909173668825259e-01,-1.189827805817085440e-03,-1.189827805817085440e-03,-3.118042437495737321e-08,-1.581991738054363155e-06,9.876956633420966858e-01,-1.183499838864867943e-03,-1.183499838864867943e-03,-5.385842748655461644e-08,2.997174987193759927e-06,2.997174987193759927e-06,-1.796553904624213999e-07
1.422997587470320235e+00,-3.142561064056767479e-08,-2.410683689587422509e-06,-1.545419910452725632e-06,9.876813527616675747e-01,-1.225277783629311491e-03,-1.225277783629311491e-03,-3.142561064056767479e-08,-1.576845521093293208e-06,9.876860832982308214e-01,-1.218970401544938352e-03,-1.218970401544938352e-03,-5.426562189403450701e-08,2.310994823853841764e-06,2.310994823853841764e-06,-1.760469214125143290e-07
1.425300172563314316e+00,-3.166581896493358276e-08,-2.464411642440794838e-06,-1.539900840650401178e-06,9.876718668554369529e-01,-1.254716504995876400e-03,-1.254716504995876400e-03,-3.166581896493358276e-08,-1.571566659615334695e-06,9.876765815554158223e-01,-1.248430238357414995e-03,-1.248430238357414995e-03,-5.466450434577368623e-08,1.604555443279335693e-06,1.604555443279335693e-06,-1.724369642964864918e-07
1.427602757656308397e+00,-3.190104763013640411e-08,-2.517008053125724772e-06,-1.534256713928082423e-06,9.876624599001735394e-01,-1.278042480776448234e-03,-1.278042480776448234e-03,-3.190104763013640411e-08,-1.566157761558218767e-06,9.876671583734581983e-01,-1.271777849730215421e-03,-1.271777849730215421e-03,-5.505507265572018206e-08,8.813052612219446118e-07,8.813052612219446118e-07,-1.688261781917204975e-07
1.429905342749302477e+00,-3.213129583370842720e-08,-2.568478129534051967e-06,-1.528490128645608127e-06,9.876531321242421058e-01,-1.295184730075001544e-03,-1.295184730075001544e-03,-3.213129583370842720e-08,-1.560621424479316607e-06,9.876578139885155982e-01,-1.288942244377084276e-03,-1.288942244377084276e-03,-5.543732613548487874e-08,1.447501873087681915e-07,1.447501873087681915e-07,-1.652152125599264600e-07
1.432207927842296558e+00,-3.235656367513150778e-08,-2.618827313518190722e-06,-1.522603671315852145e-06,9.876438837328354037e-01,-1.306102645954593374e-03,-1.306102645954593374e-03,-3.235656367513150778e-08,-1.554960234990983759e-06,9.876485486135403447e-01,-1.299882805014629427e-03,-1.299882805014629427e-03,-5.581126557225881856e-08,-6.015637908673554169e-07,-6.015637908673554169e-07,-1.616047072537616406e-07
1.434510512935290638e+00,-3.257685214229350846e-08,-2.668061273673588488e-06,-1.516599916070290739e-06,9.876347149084154786e-01,-1.310785715567822085e-03,-1.310785715567822085e-03,-3.257685214229350846e-08,-1.549176768212584234e-06,9.876393624387200809e-01,-1.304589008494971749e-03,-1.304589008494971749e-03,-5.617689320675160011e-08,-1.354067943564754298e-06,-1.354067943564754298e-06,-1.579952925268118306e-07
1.436813098028284497e+00,-3.279216309791026794e-08,-2.716185898205830086e-06,-1.510481424141090848e-06,9.876256258111558717e-01,-1.309253099648675402e-03,-1.309253099648675402e-03,-3.279216309791026794e-08,-1.543273587239001056e-06,9.876302556319176418e-01,-1.303080005299719294e-03,-1.303080005299719294e-03,-5.653421271115808595e-08,-2.109187971916576206e-06,-2.109187971916576206e-06,-1.543875890468078452e-07
1.439115683121278577e+00,-3.300249926592129894e-08,-2.763207287884070664e-06,-1.504250743359526611e-06,9.876166165793783813e-01,-1.301553076825115712e-03,-1.301553076825115712e-03,-3.300249926592129894e-08,-1.537253242625447949e-06,9.876212283391062607e-01,-1.295404063854613871e-03,-1.295404063854613871e-03,-5.688322916716106946e-08,-2.863360938348005127e-06,-2.863360938348005127e-06,-1.507822079119668268e-07
1.441418268214272658e+00,-3.320786421786685145e-08,-2.809131749082539338e-06,-1.497910407670524455e-06,9.876076873299883818e-01,-1.287762358779506342e-03,-1.287762358779506342e-03,-3.320786421786685145e-08,-1.531118271888391385e-06,9.876122806848040003e-01,-1.281637885691952689e-03,-1.281637885691952689e-03,-5.722394904397633303e-08,-3.613051877659499432e-06,-3.613051877659499432e-06,-1.471797506703331574e-07
1.443720853307266738e+00,-3.340826235925446082e-08,-2.853965786911595379e-06,-1.491462936663123723e-06,9.875988381589081433e-01,-1.267985282723649949e-03,-1.267985282723649949e-03,-3.340826235925446082e-08,-1.524871199022378217e-06,9.876034127725051848e-01,-1.261885797927560530e-03,-1.261885797927560530e-03,-5.755638017644751580e-08,-4.354770015496194838e-06,-4.354770015496194838e-06,-1.435808093420100557e-07
1.446023438400260819e+00,-3.360369891592239231e-08,-2.897716098439854009e-06,-1.484910835116647010e-06,9.875900691415055999e-01,-1.242352888100840868e-03,-1.242352888100840868e-03,-3.360369891592239231e-08,-1.518514534032569415e-06,9.875946246851077248e-01,-1.236278829964710616e-03,-1.236278829964710616e-03,-5.788053174319660100e-08,-5.085084524605876741e-06,-5.085084524605876741e-06,-1.399859664441585104e-07
1.448326023493254899e+00,-3.379417992040777738e-08,-2.940389566008712046e-06,-1.478256592562369925e-06,9.875813803330223406e-01,-1.211021884797106518e-03,-1.211021884797106518e-03,-3.379417992040777738e-08,-1.512050772482777689e-06,9.875859164853397765e-01,-1.204973681707175327e-03,-1.204973681707175327e-03,-5.819641424483660725e-08,-5.800639753230512913e-06,-5.800639753230512913e-06,-1.363957950186537269e-07
1.450628608586248980e+00,-3.397971219832673417e-08,-2.981993250640470695e-06,-1.471502682860469857e-06,9.875727717689956053e-01,-1.174173520466654293e-03,-1.174173520466654293e-03,-3.397971219832673417e-08,-1.505482395058796591e-06,9.875772882161807376e-01,-1.168151590886419089e-03,-1.168151590886419089e-03,-5.850403948225213519e-08,-6.498169864094667628e-06,-6.498169864094667628e-06,-1.328108586622881512e-07
1.452931193679242838e+00,-3.416030335477389696e-08,-3.022534385541287060e-06,-1.464651563792038150e-06,9.875642434656802804e-01,-1.132012354868500202e-03,-1.132012354868500202e-03,-3.416030335477389696e-08,-1.498811867146812100e-06,9.875687399012816892e-01,-1.126017107399912955e-03,-1.126017107399912955e-03,-5.880342053495368533e-08,-7.174512826828982914e-06,-7.174512826828982914e-06,-1.292317115594028849e-07
1.455233778772236919e+00,-3.433596176074852130e-08,-3.062020369699904337e-06,-1.457705676665931883e-06,9.875557954204651212e-01,-1.084764949322087951e-03,-1.084764949322087951e-03,-3.433596176074852130e-08,-1.492041638426680484e-06,9.875602715453803970e-01,-1.078796782768381285e-03,-1.078796782768381285e-03,-5.909457173951112723e-08,-7.826623711075351934e-06,-7.826623711075351934e-06,-1.256588985168459264e-07
1.457536363865230999e+00,-3.450669653961367632e-08,-3.100458761583048369e-06,-1.450667445940246702e-06,9.875474276122869766e-01,-1.032678479594908256e-03,-1.032678479594908256e-03,-3.450669653961367632e-08,-1.485174142479860464e-06,9.875518831347144255e-01,-1.026737783024988821e-03,-1.026737783024988821e-03,-5.937750866807109763e-08,-8.451587232237880689e-06,-8.451587232237880689e-06,-1.220929550011514907e-07
1.459838948958225080e+00,-3.467251755359591600e-08,-3.137857272928392651e-06,-1.443539278858178838e-06,9.875391400020412380e-01,-9.760192806436246123e-04,-9.760192806436246123e-04,-3.467251755359591600e-08,-1.478211796411774800e-06,9.875435746374304768e-01,-9.701064334579775038e-04,-9.701064334579775038e-04,-5.965224810696391288e-08,-9.046629506416004998e-06,-9.046629506416004998e-06,-1.185344071778304663e-07
1.462141534051219161e+00,-3.483343539033127255e-08,-3.174223762635707166e-06,-1.436323565098052694e-06,9.875309325329882926e-01,-9.150713317485358088e-04,-9.150713317485358088e-04,-3.483343539033127255e-08,-1.471157000488384026e-06,9.875353460039897335e-01,-9.091867037465822549e-04,-9.091867037465822549e-04,-5.991880803540412472e-08,-9.609128976029330326e-06,-9.609128976029330326e-06,-1.149837719526760170e-07
1.464444119144213241e+00,-3.498946134946434149e-08,-3.209566230756819117e-06,-1.429022676437287840e-06,9.875228051311567556e-01,-8.501346905938636728e-04,-8.501346905938636728e-04,-3.498946134946434149e-08,-1.464012137786752115e-06,9.875271971675700922e-01,-8.442786420427166906e-04,-8.442786420427166906e-04,-6.017720760428959004e-08,-1.013662647225808158e-05,-1.013662647225808158e-05,-1.114415570149852510e-07
1.466746704237207100e+00,-3.514060742930610324e-08,-3.243892812584852694e-06,-1.421638966430069516e-06,9.875147577057431514e-01,-7.815238848770301614e-04,-7.815238848770301614e-04,-3.514060742930610324e-08,-1.456779573859375579e-06,9.875191280444647335e-01,-7.756967665815926727e-04,-7.756967665815926727e-04,-6.042746711510297867e-08,-1.062683438553046217e-05,-1.062683438553046217e-05,-1.079082608825992843e-07
1.469049289330201180e+00,-3.528688631355656917e-08,-3.277211772843136249e-06,-1.414174770098494800e-06,9.875067901495078182e-01,-7.095662699624755675e-04,-7.095662699624755675e-04,-3.528688631355656917e-08,-1.449461656412051336e-06,9.875111385344770287e-01,-7.037684233368274138e-04,-7.037684233368274138e-04,-6.066960799892000065e-08,-1.107764491990804434e-05,-1.107764491990804434e-05,-1.043843729486719805e-07
1.471351874423195261e+00,-3.542831135809746671e-08,-3.309531499974025475e-06,-1.406632403636969966e-06,9.874989023391660403e-01,-6.346003610341134421e-04,-6.346003610341134421e-04,-3.542831135809746671e-08,-1.442060714995067340e-06,9.875032285213110050e-01,-6.288321181741331981e-04,-6.288321181741331981e-04,-6.090365279552787361e-08,-1.148713741226374432e-05,-1.148713741226374432e-05,-1.008703735300798018e-07
1.473654459516189341e+00,-3.556489657786050226e-08,-3.340860500527880177e-06,-1.399014164129613401e-06,9.874910941357767369e-01,-5.569741480673372647e-04,-5.569741480673372647e-04,-3.556489657786050226e-08,-1.434579060707473950e-06,9.874953978729588133e-01,-5.512358318245073495e-04,-5.512358318245073495e-04,-6.112962513265816598e-08,-1.185358470178592522e-05,-1.185358470178592522e-05,-9.736673391737965412e-08
1.475957044609183422e+00,-3.569665663377601285e-08,-3.371207393652231082e-06,-1.391322329280443211e-06,9.874833653851259330e-01,-4.770434017923918038e-04,-4.770434017923918038e-04,-3.569665663377601285e-08,-1.427018985914219177e-06,9.874876464420836442e-01,-4.713353258487349025e-04,-4.713353258487349025e-04,-6.134754970533683519e-08,-1.217545854014216230e-05,-1.217545854014216230e-05,-9.387391642623749789e-08
1.478259629702177502e+00,-3.582360681980673134e-08,-3.400580905681090486e-06,-1.383559157156114044e-06,9.874757159181072330e-01,-3.951699786285444230e-04,-3.951699786285444230e-04,-3.582360681980673134e-08,-1.419382763975920828e-06,9.874799740663992020e-01,-3.894924475726407507e-04,-3.894924475726407507e-04,-6.155745225535519307e-08,-1.245143403726121356e-05,-1.245143403726121356e-05,-9.039237445025073908e-08
1.480562214795171583e+00,-3.594576305007113205e-08,-3.428989864824377554e-06,-1.375726885940970199e-06,9.874681455510975203e-01,-3.117201323450215287e-04,-3.117201323450215287e-04,-3.594576305007113205e-08,-1.411672648991041318e-06,9.874723805690445166e-01,-3.060734417490573863e-04,-3.060734417490573863e-04,-6.175935955086451157e-08,-1.268039314215230719e-05,-1.268039314215230719e-05,-8.692255251507996065e-08
1.482864799888165441e+00,-3.606314184606053226e-08,-3.456443195957229970e-06,-1.367827733704187162e-06,9.874606540863286597e-01,-2.270628399552298703e-04,-2.270628399552298703e-04,-3.606314184606053226e-08,-1.403890875550247695e-06,9.874648657589553125e-01,-2.214472764530288676e-04,-2.214472764530288676e-04,-6.195329936609739223e-08,-1.286142716269742180e-05,-1.286142716269742180e-05,-8.346488633382161044e-08
1.485167384981159522e+00,-3.617576032395376799e-08,-3.482949915508889400e-06,-1.359863898178763346e-06,9.874532413122549812e-01,-1.415681490684512784e-04,-1.415681490684512784e-04,-3.617576032395376799e-08,-1.396039658502717154e-06,9.874574294312304934e-01,-1.359839904344404106e-04,-1.359839904344404106e-04,-6.213930046121865236e-08,-1.299383833243716020e-05,-1.299383833243716020e-05,-8.001980286355324719e-08
1.487469970074153602e+00,-3.628363618203303725e-08,-3.508519126450846501e-06,-1.351837556552148580e-06,9.874459070039173225e-01,-5.560555362082028949e-05,-5.560555362082028949e-05,-3.628363618203303725e-08,-1.388121192734181584e-06,9.874500713674955188e-01,-5.005306884988356146e-05,-5.005306884988356146e-05,-6.231739256230796444e-08,-1.307714043667466794e-05,-1.307714043667466794e-05,-7.658772036298223244e-08
1.489772555167147683e+00,-3.638678768820429230e-08,-3.533160013383816471e-06,-1.343750865268257994e-06,9.874386509233018527e-01,3.045759542084631159e-05,3.045759542084631159e-05,-3.638678768820429230e-08,-1.380137652956462326e-06,9.874427913362606724e-01,3.597814603267216089e-05,3.597814603267216089e-05,-6.248760634147710769e-08,-1.311105851389175236e-05,-1.311105851389175236e-05,-7.316904845113156123e-08
1.492075140260141763e+00,-3.648523366762520517e-08,-3.556881837722954331e-06,-1.335605959840664833e-06,9.874314728196947888e-01,1.162576381370964909e-04,1.162576381370964909e-04,-3.648523366762520517e-08,-1.372091193508289952e-06,9.874355890932753343e-01,1.217460029111296533e-04,1.217460029111296533e-04,-6.264997339712380364e-08,-1.309552765250061358e-05,-1.309552765250061358e-05,-6.976418816701271114e-08
1.494377725353135844e+00,-3.657899349044355171e-08,-3.579693932980868617e-06,-1.327404954676733544e-06,9.874243724300337810e-01,2.014361066331172537e-04,2.014361066331172537e-04,-3.657899349044355171e-08,-1.363983948167177189e-06,9.874284643818782570e-01,2.068920424257859718e-04,2.068920424257859718e-04,-6.280452623432458421e-08,-1.303069090617221987e-05,-1.303069090617221987e-05,-6.637353203021237384e-08
1.496680310446129702e+00,-3.666808705964825780e-08,-3.601605700147637724e-06,-1.319149942912475035e-06,9.874173494792531924e-01,2.856411734180628399e-04,2.856411734180628399e-04,-3.666808705964825780e-08,-1.355818029972123273e-06,9.874214169333430657e-01,2.910644455379513169e-04,2.910644455379513169e-04,-6.295129824536820113e-08,-1.291689635463393561e-05,-1.291689635463393561e-05,-6.299746410235425093e-08
1.498982895539123783e+00,-3.675253479903590004e-08,-3.622626603167234684e-06,-1.310842996257894764e-06,9.874104036806270468e-01,3.685290420776347062e-04,3.685290420776347062e-04,-3.675253479903590004e-08,-1.347595531056930578e-06,9.874144464672202082e-01,3.739194242018624480e-04,3.739194242018624480e-04,-6.309032369043218393e-08,-1.275469333966054310e-05,-1.275469333966054310e-05,-5.963636004937454416e-08
1.501285480632117864e+00,-3.683235764129400434e-08,-3.642766164509523520e-06,-1.302486164852625502e-06,9.874035347361057591e-01,4.497652755411536154e-04,4.497652755411536154e-04,-3.683235764129400434e-08,-1.339318522493919407e-06,9.874075526916732404e-01,4.551225496311293167e-04,4.551225496311293167e-04,-6.322163767840363165e-08,-1.254482790909805938e-05,-1.254482790909805938e-05,-5.629058720456808016e-08
1.503588065725111944e+00,-3.690757701620350487e-08,-3.662033960837031389e-06,-1.294081477131610354e-06,9.873967423366500906e-01,5.290260576536753856e-04,5.290260576536753856e-04,-3.690757701620350487e-08,-1.330989054147813753e-06,9.874007353038125601e-01,5.343500138702666482e-04,5.343500138702666482e-04,-6.334527614784647527e-08,-1.228823750427867641e-05,-1.228823750427867641e-05,-5.296050463235657700e-08
1.505890650818106025e+00,-3.697821483896146181e-08,-3.680439618765673617e-06,-1.285630939700629149e-06,9.873900261625594421e-01,6.059993841844139601e-04,6.059993841844139601e-04,-3.697821483896146181e-08,-1.322609154539590703e-06,9.873939939900230334e-01,6.112898208025722806e-04,6.112898208025722806e-04,-6.346127584811636189e-08,-1.198604492868061175e-05,-1.198604492868061175e-05,-4.964646319273335273e-08
1.508193235911100105e+00,-3.704429349862563938e-08,-3.697992810718427899e-06,-1.277136537221453903e-06,9.873833858837961497e-01,6.803861798276590036e-04,6.803861798276590036e-04,-3.704429349862563938e-08,-1.314180830720079622e-06,9.873873284262882910e-01,6.856429031505393602e-04,6.856429031505393602e-04,-6.356967432062500068e-08,-1.163955163788548837e-05,-1.163955163788548837e-05,-4.634880560635107741e-08
1.510495821004094186e+00,-3.710583584668176463e-08,-3.714703250871058528e-06,-1.268600232306414181e-06,9.873768211603056733e-01,7.519013381727428702e-04,7.519013381727428702e-04,-3.710583584668176463e-08,-1.305706068153095952e-06,9.873807382785101394e-01,7.571241624453552057e-04,7.571241624453552057e-04,-6.367050988025514828e-08,-1.125023039277612995e-05,-1.125023039277612995e-05,-4.306786652020714659e-08
1.512798406097088044e+00,-3.716286518573449281e-08,-3.730580691188873799e-06,-1.260023965422170763e-06,9.873703316423320109e-01,8.202746820526108555e-04,8.202746820526108555e-04,-3.716286518573449281e-08,-1.297186830607905302e-06,9.873742232028238641e-01,8.254634293750424869e-04,8.254634293750424869e-04,-6.376382159692747778e-08,-1.081971731973480253e-05,-1.081971731973480253e-05,-3.980397257389646104e-08
1.515100991190082125e+00,-3.721540525832271449e-08,-3.745634917553480662e-06,-1.251409654802482478e-06,9.873639169707284502e-01,8.852518420923483110e-04,8.852518420923483110e-04,-3.721540525832271449e-08,-1.288625060060805205e-06,9.873677828459086481e-01,8.904063423325915810e-04,8.904063423325915810e-04,-6.384964927732087982e-08,-1.034980342293971563e-05,-1.034980342293971563e-05,-3.655744246639382702e-08
1.517403576283076205e+00,-3.726348023585958163e-08,-3.759875745978525699e-06,-1.242759196369771585e-06,9.873575767772646561e-01,9.465950517120485424e-04,9.465950517120485424e-04,-3.726348023585958163e-08,-1.280022676605631220e-06,9.873614168452944373e-01,9.517151424184711181e-04,9.517151424184711181e-04,-6.392803344674691042e-08,-9.842425595249677128e-06,-9.842425595249677128e-06,-3.332858702333402151e-08
1.519706161376070286e+00,-3.730711470769768288e-08,-3.773313018913221313e-06,-1.234074463665273840e-06,9.873513106849279852e-01,1.004083857233979129e-03,1.004083857233979129e-03,-3.730711470769768288e-08,-1.271381578372971582e-06,9.873551248296631444e-01,1.009169383547470992e-03,1.009169383547470992e-03,-6.399901533117992083e-08,-9.299657174982640335e-06,-9.299657174982640335e-06,-3.011770926476605692e-08
1.522008746469064366e+00,-3.734633367031932152e-08,-3.785956601632642403e-06,-1.225357307787580109e-06,9.873451183082221361e-01,1.057515742170248626e-03,1.057515742170248626e-03,-3.734633367031932152e-08,-1.262703641457899417e-06,9.873489064191465214e-01,1.062566556736080229e-03,1.062566556736080229e-03,-6.406263683944354438e-08,-8.723698096852120954e-06,-8.723698096852120954e-06,-2.692510447334691365e-08
1.524311331562058447e+00,-3.738116251665201546e-08,-3.797816378713612334e-06,-1.216609557339373882e-06,9.873389992534592485e-01,1.106706665141019572e-03,1.106706665141019572e-03,-3.738116251665201546e-08,-1.253990719856025984e-06,9.873427612256188146e-01,1.111722628020443693e-03,1.111722628020443693e-03,-6.411894054555466524e-08,-8.116864685661566466e-06,-8.116864685661566466e-06,-2.375106026295249587e-08
1.526613916655052305e+00,-3.741162702550886835e-08,-3.808902250595052480e-06,-1.207833018382167739e-06,9.873329531190496722e-01,1.151491511281800464e-03,1.151491511281800464e-03,-3.741162702550886835e-08,-1.245244645407676548e-06,9.873366888529858665e-01,1.156472489863431255e-03,1.156472489863431255e-03,-6.416796967122574273e-08,-7.481579141845658329e-06,-7.481579141845658329e-06,-2.059585664767848062e-08
1.528916501748046386e+00,-3.743775335115353389e-08,-3.819224130221556577e-06,-1.199029474398844794e-06,9.873269794957852952e-01,1.191724457352755619e-03,1.191724457352755619e-03,-3.743775335115353389e-08,-1.236467227749998289e-06,9.873306888974685558e-01,1.196670326263755534e-03,1.196670326263755534e-03,-6.420976806852632473e-08,-6.820358767891760511e-06,-6.820358767891760511e-06,-1.745976611121335507e-08
1.531219086841040466e+00,-3.745956801298930371e-08,-3.828791939769079831e-06,-1.190200686263827262e-06,9.873210779671204307e-01,1.227279251138830825e-03,1.227279251138830825e-03,-3.745956801298930371e-08,-1.227660254276816658e-06,9.873247609478832398e-01,1.232189892155938172e-03,1.232189892155938172e-03,-6.424438020270457109e-08,-6.135804984658485166e-06,-6.135804984658485166e-06,-1.434305367655830234e-08
1.533521671934034547e+00,-3.747709788537176263e-08,-3.837615607451546357e-06,-1.181348392220673488e-06,9.873152481094465971e-01,1.258049406067352069e-03,1.258049406067352069e-03,-3.747709788537176263e-08,-1.218825490106045151e-06,9.873189045859168678e-01,1.262924708027776287e-03,1.262924708027776287e-03,-6.427185113516950140e-08,-5.430592186221030250e-06,-5.430592186221030250e-06,-1.124597697607153715e-08
1.535824257027028628e+00,-3.749037018754419762e-08,-3.845705064407101854e-06,-1.172474307866926227e-06,9.873094894923634124e-01,1.283948312303748868e-03,1.283948312303748868e-03,-3.749037018754419762e-08,-1.209964678054470405e-06,9.873131193863975419e-01,1.288788171015966709e-03,1.288788171015966709e-03,-6.429222650663473495e-08,-4.707456481376943460e-06,-4.707456481376943460e-06,-8.168786321825140542e-09
1.538126842120022708e+00,-3.749941247369508539e-08,-3.853070241662886660e-06,-1.163580126146036396e-06,9.873038016789458249e-01,1.304909265904283982e-03,1.304909265904283982e-03,-3.749941247369508539e-08,-1.201079538619731574e-06,9.873074049175616373e-01,1.309713584058762835e-03,1.309713584058762835e-03,-6.430555252042427868e-08,-3.969184369240345165e-06,-3.969184369240345165e-06,-5.111724776251961097e-09
1.540429427213016567e+00,-3.750425262313665266e-08,-3.859721067177124702e-06,-1.154667517346178072e-06,9.872981842260059038e-01,1.320885417895114938e-03,1.320885417895114938e-03,-3.750425262313665266e-08,-1.192171769969314619e-06,9.873017607413158148e-01,1.325654104974992135e-03,1.325654104974992135e-03,-6.431187592594119687e-08,-3.218601395445635535e-06,-3.218601395445635535e-06,-2.075028223060684847e-09
1.542732012306010647e+00,-3.750491883060362258e-08,-3.865667462957222640e-06,-1.145738129105778987e-06,9.872926366843511881e-01,1.331849645438725870e-03,1.331849645438725870e-03,-3.750491883060362258e-08,-1.183243047936382576e-06,9.872961864134950360e-01,1.336582617630471294e-03,1.336582617630471294e-03,-6.431124400229954653e-08,-2.458560834453337613e-06,-2.458560834453337613e-06,9.410745615836114167e-10
1.545034597399004728e+00,-3.750143959667107509e-08,-3.870919342252831431e-06,-1.136793586425610857e-06,9.872871585990375953e-01,1.337794347496445470e-03,1.337794347496445470e-03,-3.750143959667107509e-08,-1.174295026022281926e-06,9.872906814841156953e-01,1.342491527600534569e-03,1.342491527600534569e-03,-6.430370454212004148e-08,-1.691932442209133071e-06,-1.691932442209133071e-06,3.936361837643343584e-09
1.547337182491998808e+00,-3.749384371829026987e-08,-3.875486606822493033e-06,-1.127835491687246874e-06,9.872817495096192220e-01,1.338731167656462186e-03,1.338731167656462186e-03,-3.749384371829026987e-08,-1.165329335405537236e-06,9.872852454976254188e-01,1.343392484998084339e-03,1.343392484998084339e-03,-6.428930583549049093e-08,-9.215913220686090999e-07,-9.215913220686090999e-07,6.910618829559412406e-09
1.549639767584992889e+00,-3.748216027944138627e-08,-3.879379144272845636e-06,-1.118865424677739155e-06,9.872764089503927032e-01,1.334690647000652628e-03,1.334690647000652628e-03,-3.748216027944138627e-08,-1.156347584957180555e-06,9.872798779931475366e-01,1.339316037340481302e-03,1.339316037340481302e-03,-6.426809665409077411e-08,-1.504069453809835253e-07,-1.504069453809835253e-07,9.863637654392571567e-09
1.551942352677986969e+00,-3.746641864190185025e-08,-3.882606825469110967e-06,-1.109884942620343177e-06,9.872711364506385756e-01,1.325721810110317778e-03,1.325721810110317778e-03,-3.746641864190185025e-08,-1.147351361262245081e-06,9.872745785047223332e-01,1.330311215555366779e-03,1.330311215555366779e-03,-6.424012623548342318e-08,6.187676334902051952e-07,6.187676334902051952e-07,1.279521724976638801e-08
1.554244937770981050e+00,-3.744664843612909667e-08,-3.885179502015652381e-06,-1.100895580211135428e-06,9.872659315348567555e-01,1.311891687473630465e-03,1.311891687473630465e-03,-3.744664843612909667e-08,-1.138342228647264511e-06,9.872693465615427488e-01,1.316445056388219469e-03,1.316445056388219469e-03,-6.420544426756982744e-08,1.383106329677719028e-06,1.383106329677719028e-06,1.570516330161691124e-08
1.556547522863974908e+00,-3.742287955225649658e-08,-3.887107003805536497e-06,-1.091898849661358280e-06,9.872607937229997965e-01,1.293284777743213161e-03,1.293284777743213161e-03,-3.742287955225649658e-08,-1.129321729213614803e-06,9.872641816881874144e-01,1.297802064660067691e-03,1.297802064660067691e-03,-6.416410087321273402e-08,2.139820311674697658e-06,2.139820311674697658e-06,1.859328817177485283e-08
1.558850107956968989e+00,-3.739514213120111934e-08,-3.888399136637873566e-06,-1.082896240745343209e-06,9.872557225306992645e-01,1.270002453421518974e-03,1.270002453421518974e-03,-3.739514213120111934e-08,-1.120291382876544388e-06,9.872590834048479147e-01,1.274483618953025201e-03,1.274483618953025201e-03,-6.411614659502519049e-08,2.886167982304829477e-06,2.886167982304829477e-06,2.145941082538439526e-08
1.561152693049963069e+00,-3.736346655588207880e-08,-3.889065679901765118e-06,-1.073889220853861587e-06,9.872507174694911125e-01,1.242162313688956968e-03,1.242162313688956968e-03,-3.736346655588207880e-08,-1.111252687409743567e-06,9.872540512275533864e-01,1.246607324438595834e-03,1.246607324438595834e-03,-6.406163238032644562e-08,3.619464624586385482e-06,3.619464624586385482e-06,2.430335675816973506e-08
1.563455278142957150e+00,-3.732788344254816664e-08,-3.889116384325829744e-06,-1.064879235052743386e-06,9.872457780470342836e-01,1.209897488190320343e-03,1.209897488190320343e-03,-3.732788344254816664e-08,-1.102207118495291500e-06,9.872490846683897869e-01,1.214306316664301617e-03,1.214306316664301617e-03,-6.400060956626509948e-08,4.337091682369909930e-06,4.337091682369909930e-06,2.712495792356933482e-08
1.565757863235951231e+00,-3.728842363221342281e-08,-3.888560969792079675e-06,-1.055867706146628055e-06,9.872409037673263166e-01,1.173355895683551040e-03,1.173355895683551040e-03,-3.728842363221342281e-08,-1.093156129778841464e-06,9.872441832357156111e-01,1.177728520202666381e-03,1.177728520202666381e-03,-6.393312986510958217e-08,5.036505647779295535e-06,5.036505647779295535e-06,2.992405265974182011e-08
1.568060448328945311e+00,-3.724511818219937922e-08,-3.887409123213087650e-06,-1.046856034747694251e-06,9.872360941309148430e-01,1.132699461526213329e-03,1.132699461526213329e-03,-3.724511818219937922e-08,-1.084101152929893598e-06,9.872393464343736103e-01,1.137035866137932859e-03,1.137035866137932859e-03,-6.385924534970654368e-08,5.715246529711794446e-06,5.715246529711794446e-06,3.270048561645808601e-08
1.570363033421939170e+00,-3.719799835778269284e-08,-3.885670496471408178e-06,-1.037845599349231012e-06,9.872313486351048661e-01,1.088103298019615483e-03,1.088103298019615483e-03,-3.719799835778269284e-08,-1.075043597707013685e-06,9.872345737658979603e-01,1.092403472410443483e-03,1.092403472410443483e-03,-6.377900843910716798e-08,6.370945879865064104e-06,6.370945879865064104e-06,3.545410768189676579e-08
1.572665618514933250e+00,-3.714709562394691090e-08,-3.883354704420064781e-06,-1.028837756403904437e-06,9.872266667741622648e-01,1.039754851669835289e-03,1.039754851669835289e-03,-3.714709562394691090e-08,-1.065984852027851441e-06,9.872298647287183204e-01,1.044018791077946711e-03,1.044018791077946711e-03,-6.369247188436160992e-08,7.001334355081612043e-06,7.001334355081612043e-06,3.818477590934489811e-08
1.574968203607927331e+00,-3.709244163723709768e-08,-3.880471322943167266e-06,-1.019833840406596462e-06,9.872220480395123010e-01,9.878530214310788250e-04,9.878530214310788250e-04,-3.709244163723709768e-08,-1.056926282043833573e-06,9.872252188183584520e-01,9.920807265592541686e-04,9.920807265592541686e-04,-6.359968875448192557e-08,7.604248797028514364e-06,7.604248797028514364e-06,4.089235344382391965e-08
1.577270788700921411e+00,-3.703406823771611846e-08,-3.877029887075531618e-06,-1.010835163981659193e-06,9.872174919199360188e-01,9.326072520041312234e-04,9.326072520041312234e-04,-3.703406823771611846e-08,-1.047869232219375332e-06,9.872206355276327283e-01,9.367987289330087595e-04,9.367987289330087595e-04,-6.350071242257342965e-08,8.177638812617717446e-06,8.177638812617717446e-06,4.357670944865037334e-08
1.579573373793915492e+00,-3.697200744102134986e-08,-3.873039889180304706e-06,-1.001843017974471557e-06,9.872129979017608692e-01,8.742366062335911285e-04,8.742366062335911285e-04,-3.697200744102134986e-08,-1.038815025415492835e-06,9.872161143468370925e-01,8.783918663352530609e-04,8.783918663352530609e-04,-6.339559655213477148e-08,8.719572840767778686e-06,8.719572840767778686e-06,4.623771903194028228e-08
1.581875958886909572e+00,-3.690629143052074443e-08,-3.868510777183648518e-06,-9.928586715471554985e-07,9.872085654690481160e-01,8.129688206242154580e-04,8.129688206242154580e-04,-3.690629143052074443e-08,-1.029764962977676163e-06,9.872116547639370188e-01,8.170878804761261228e-04,8.170878804761261228e-04,-6.328439508352657036e-08,9.228243693518005543e-06,9.228243693518005543e-06,4.887526317307968202e-08
1.584178543979903431e+00,-3.683695254956705847e-08,-3.863451952865381933e-06,-9.838833722783308402e-07,9.872041941037769108e-01,7.490393479376666972e-04,7.490393479376666972e-04,-3.683695254956705847e-08,-1.020720324827897899e-06,9.872072562647513649e-01,7.531222292369783074e-04,7.531222292369783074e-04,-6.316716222060919291e-08,9.701973561655437213e-06,9.701973561655437213e-06,5.148922864916037159e-08
1.586481129072897511e+00,-3.676402329384909820e-08,-3.857872770204672016e-06,-9.749183462667745418e-07,9.871998832860240380e-01,6.826903907760302525e-04,6.826903907760302525e-04,-3.676402329384909820e-08,-1.011682369560623666e-06,9.872029183331326729e-01,6.867371202542727751e-04,6.867371202542727751e-04,-6.304395241754897085e-08,1.013921847737371713e-05,1.013921847737371713e-05,5.407950796140162894e-08
1.588783714165891592e+00,-3.668753630383919019e-08,-3.851782533779845627e-06,-9.659647982388736039e-07,9.871956324941394412e-01,6.141699299760062722e-04,6.141699299760062722e-04,-3.668753630383919019e-08,-1.002652334542712688e-06,9.871986404511430280e-01,6.181805393141771594e-04,6.181805393141771594e-04,-6.291482036579365328e-08,1.053857222860000578e-05,1.053857222860000578e-05,5.664599926157064913e-08
1.591086299258885672e+00,-3.660752435733547975e-08,-3.845190497221305767e-06,-9.570239116597327094e-07,9.871914412049187515e-01,5.437307515520566721e-04,5.437307515520566721e-04,-3.660752435733547975e-08,-9.936314360170681428e-07,9.871944220992268093e-01,5.477052772961249743e-04,5.477052772961249743e-04,-6.277982098121647151e-08,1.089876972185607366e-05,1.089876972185607366e-05,5.918860627841087723e-08
1.593388884351879753e+00,-3.652402036209851475e-08,-3.838105861716704775e-06,-9.480968488478308265e-07,9.871873088937722640e-01,4.716294758243740905e-04,4.716294758243740905e-04,-3.652402036209851475e-08,-9.846208692099293478e-07,9.871902627563798882e-01,4.755679593012138054e-04,4.755679593012138054e-04,-6.263900939142909426e-08,1.121868979260861358e-05,1.121868979260861358e-05,6.170723824409755871e-08
1.595691469444873833e+00,-3.643705734858086401e-08,-3.830537774567396897e-06,-9.391847510931024723e-07,9.871832350348890284e-01,3.981255922558910726e-04,3.981255922558910726e-04,-3.643705734858086401e-08,-9.756218084416833628e-07,9.871861619003143851e-01,4.020280794896578238e-04,4.020280794896578238e-04,-6.249244092326320860e-08,1.149735746411811207e-05,1.149735746411811207e-05,6.420180982072467642e-08
1.597994054537867914e+00,-3.634666846274911526e-08,-3.822495327795340140e-06,-9.302887387783285454e-07,9.871792191013984974e-01,3.234805034012275086e-04,3.234805034012275086e-04,-3.634666846274911526e-08,-9.666354072410776408e-07,9.871821190076202068e-01,3.273470450301918370e-04,3.273470450301918370e-04,-6.234017109042087229e-08,1.173394565783068048e-05,1.173394565783068048e-05,6.667224102684765269e-08
1.600296639630861772e+00,-3.625288695899737253e-08,-3.813987556799524137e-06,-9.214099115037254494e-07,9.871752605655278456e-01,2.479565812385669567e-04,2.479565812385669567e-04,-3.625288695899737253e-08,-9.576627984627227690e-07,9.871781335539232538e-01,2.517872324324178291e-04,2.517872324324178291e-04,-6.218225558129318733e-08,1.192777636022606057e-05,1.192777636022606057e-05,6.911845716408490711e-08
1.602599224723855853e+00,-3.615574619315139265e-08,-3.805023439061099023e-06,-9.125493482146138160e-07,9.871713588987566235e-01,1.718162390165644442e-04,1.718162390165644442e-04,-3.615574619315139265e-08,-9.487050944077652285e-07,9.871742050140398517e-01,1.756110593941955043e-04,1.756110593941955043e-04,-6.201875024694730812e-08,1.207832125297104159e-05,1.207832125297104159e-05,7.154038874380250945e-08
1.604901809816849934e+00,-3.605527961556279182e-08,-3.795611892896333302e-06,-9.037081073320703723e-07,9.871675135719666372e-01,9.532102160133434595e-05,9.532102160133434595e-05,-3.605527961556279182e-08,-9.397633869476331906e-07,9.871703328621275197e-01,9.908007514912488549e-05,9.908007514912488549e-05,-6.184971108928165188e-08,1.218520181490646739e-05,1.218520181490646739e-05,7.393797141388841961e-08
1.607204394909844014e+00,-3.595152076429249499e-08,-3.785761776256578638e-06,-8.948872268864368512e-07,9.871637240555892756e-01,1.873071715432153567e-05,1.873071715432153567e-05,-3.595152076429249499e-08,-9.308387476507293528e-07,9.871665165718321866e-01,2.245407214492445308e-05,2.245407214492445308e-05,-6.167519424934874210e-08,1.224818890621106292e-05,1.224818890621106292e-05,7.631114588563213024e-08
1.609506980002838095e+00,-3.584450325838288556e-08,-3.775481885574428031e-06,-8.860877246535952038e-07,9.871599898197488399e-01,-5.769750718629003666e-05,-5.769750718629003666e-05,-3.584450325838288556e-08,-9.219322279119780629e-07,9.871627556164326300e-01,-5.400977827464212440e-05,-5.400977827464212440e-05,-6.149525599584600282e-08,1.226720184655612305e-05,1.226720184655612305e-05,7.865985786072816142e-08
1.611809565095832175e+00,-3.573426079121799348e-08,-3.764780954655248263e-06,-8.773105982938944503e-07,9.871563103344035417e-01,-1.337099431142567516e-04,-1.337099431142567516e-04,-3.573426079121799348e-08,-9.130448590851124901e-07,9.871590494689808093e-01,-1.300577636779163063e-04,-1.300577636779163063e-04,-6.130995271377340512e-08,1.224230700073037328e-05,1.224230700073037328e-05,8.098405795841256600e-08
1.614112150188826034e+00,-3.562082712397123220e-08,-3.753667653613312448e-06,-8.685568254936333452e-07,9.871526850694813948e-01,-2.090571501139141793e-04,-2.090571501139141793e-04,-3.562082712397123220e-08,-9.041776526176045377e-07,9.871553976024391996e-01,-2.054404395034437687e-04,-2.054404395034437687e-04,-6.111934089325852172e-08,1.217371588650143783e-05,1.217371588650143783e-05,8.328370164274999506e-08
1.616414735281820114e+00,-3.550423607914010204e-08,-3.742150587851739003e-06,-8.598273641089886399e-07,9.871491134950141078e-01,-2.834947334029986167e-04,-2.834947334029986167e-04,-3.550423607914010204e-08,-8.953316001881287618e-07,9.871517994898146853e-01,-2.799134070022461025e-04,-2.799134070022461025e-04,-6.092347711854771921e-08,1.206178282093115540e-05,1.206178282093115540e-05,8.555874915008691416e-08
1.618717320374814195e+00,-3.538452153416753583e-08,-3.730238297085484887e-06,-8.511231523123056133e-07,9.871455950812675351e-01,-3.567840888660452374e-04,-3.567840888660452374e-04,-3.538452153416753583e-08,-8.865076738464731557e-07,9.871482546042891215e-01,-3.532380581706593380e-04,-3.532380581706593380e-04,-6.072241805716404366e-08,1.190700212250920948e-05,1.190700212250920948e-05,8.780916541668133331e-08
1.621019905467808275e+00,-3.526171741514928446e-08,-3.717939254406635000e-06,-8.424451087406322870e-07,9.871421292988685758e-01,-4.286931131625748071e-04,-4.286931131625748071e-04,-3.526171741514928446e-08,-8.777068261557816045e-07,9.871447624193470105e-01,-4.251822858579516989e-04,-4.251822858579516989e-04,-6.051622044923041003e-08,1.171000488765862334e-05,1.171000488765862334e-05,9.003492000653112647e-08
1.623322490560802356e+00,-3.513585769062701835e-08,-3.705261865391214411e-06,-8.337941326464185512e-07,9.871387156189285195e-01,-4.989968773710161485e-04,-4.989968773710161485e-04,-3.513585769062701835e-08,-8.689299903370455298e-07,9.871413224088995131e-01,-4.955211574096679431e-04,-4.955211574096679431e-04,-6.030494109695839975e-08,1.147155536118711440e-05,1.147155536118711440e-05,9.223598703940750512e-08
1.625625075653796436e+00,-3.500697636546688644e-08,-3.692214467246829692e-06,-8.251711040502761215e-07,9.871353535131642820e-01,-5.674782627060440425e-04,-5.674782627060440425e-04,-3.500697636546688644e-08,-8.601780804157429748e-07,9.871379340474055741e-01,-5.640375503843810629e-04,-5.640375503843810629e-04,-6.008863685430160767e-08,1.119254692118299326e-05,1.119254692118299326e-05,9.441234511911427895e-08
1.627927660746790517e+00,-3.487510747482304328e-08,-3.678805328000415567e-06,-8.165768838957117647e-07,9.871320424540162008e-01,-6.339285570264019658e-04,-6.339285570264019658e-04,-3.487510747482304328e-08,-8.514519913705348146e-07,9.871345968099902723e-01,-6.305227490609198503e-04,-6.305227490609198503e-04,-5.986736461677348550e-08,1.087399769972859636e-05,1.087399769972859636e-05,9.656397726198756811e-08
1.630230245839784375e+00,-3.474028507818599849e-08,-3.665042645725339367e-06,-8.080123142057395617e-07,9.871287819147610554e-01,-6.981480110230674392e-04,-6.981480110230674392e-04,-3.474028507818599849e-08,-8.427525992839255536e-07,9.871313101725589512e-01,-6.947770006259317531e-04,-6.947770006259317531e-04,-5.964118131142862286e-08,1.051704586148884270e-05,1.051704586148884270e-05,9.869087082564764010e-08
1.632532830932778456e+00,-3.460254325351539820e-08,-3.650934547807183984e-06,-7.994782182412793506e-07,9.871255713696254208e-01,-7.599463531566414678e-04,-7.599463531566414678e-04,-3.460254325351539820e-08,-8.340807614947947951e-07,9.871280736119099064e-01,-7.566100301106622357e-04,-7.566100301106622357e-04,-5.941014388700728071e-08,1.012294456293579074e-05,1.012294456293579074e-05,1.007930174380201560e-07
1.634835416025772536e+00,-3.446191609145716571e-08,-3.636489090247502029e-06,-7.909754006612661767e-07,9.871224102938924716e-01,-8.191432625792920098e-04,-8.191432625792920098e-04,-3.446191609145716571e-08,-8.254373167527233623e-07,9.871248866058427440e-01,-8.158415133122811193e-04,-8.158415133122811193e-04,-5.917430930424230365e-08,9.693056615434867833e-06,9.693056615434867833e-06,1.028704129266375731e-07
1.637138001118766617e+00,-3.431843768964463068e-08,-3.621714257004888578e-06,-7.825046476843665643e-07,9.871192981640084518e-01,-8.755687994532379472e-04,-8.755687994532379472e-04,-3.431843768964463068e-08,-8.168230853740111552e-07,9.871217486332646285e-01,-8.723015071117419441e-04,-8.723015071117419441e-04,-5.893373452632781548e-08,9.228848875946850697e-06,9.228848875946850697e-06,1.049230572482440363e-07
1.639440586211760698e+00,-3.417214214708351470e-08,-3.606617959372641497e-06,-7.740667272522281289e-07,9.871162344576849268e-01,-9.290637922354493808e-04,-9.290637922354493808e-04,-3.417214214708351470e-08,-8.082388693993116767e-07,9.871186591742930894e-01,-9.258308367578521256e-04,-9.258308367578521256e-04,-5.868847650954893711e-08,8.731886389353627636e-06,8.731886389353627636e-06,1.069509544187081930e-07
1.641743171304754778e+00,-3.402306355862066713e-08,-3.591208035392386795e-06,-7.656623891941770876e-07,9.871132186539982589e-01,-9.794801816692478083e-04,-9.794801816692478083e-04,-3.402306355862066713e-08,-7.996854527527977812e-07,9.871156177103564966e-01,-9.762814398582367065e-04,-9.762814398582367065e-04,-5.843859219407187821e-08,8.203826306762043827e-06,8.203826306762043827e-06,1.089541124432648417e-07
1.644045756397748637e+00,-3.387123600949635948e-08,-3.575492249302968917e-06,-7.572923653932792798e-07,9.871102502334870854e-01,-1.026681321373090674e-03,-1.026681321373090674e-03,-3.387123600949635948e-08,-7.911636014027756393e-07,9.871126237242913160e-01,-1.023516666967479649e-03,-1.023516666967479649e-03,-5.818413849489364159e-08,7.646411604218694932e-06,7.646411604218694932e-06,1.109325432470948778e-07
1.646348341490742717e+00,-3.371669356997985371e-08,-3.559478291023969440e-06,-7.489573699536812670e-07,9.871073286782457989e-01,-1.070542235076941918e-03,-1.070542235076941918e-03,-3.371669356997985371e-08,-7.826740635236611538e-07,9.871096767004363670e-01,-1.067411538822847332e-03,-1.067411538822847332e-03,-5.792517229295025517e-08,7.061464626406247453e-06,7.061464626406247453e-06,1.128862626062627004e-07
1.648650926583736798e+00,-3.355947029008848265e-08,-3.543173775673218046e-06,-7.406580993691658658e-07,9.871044534720163632e-01,-1.110949830699628840e-03,-1.110949830699628840e-03,-3.355947029008848265e-08,-7.742175696592543484e-07,9.871067761247253047e-01,-1.107852960420991750e-03,-1.107852960420991750e-03,-5.766175042638331966e-08,6.450880479834386277e-06,6.450880479834386277e-06,1.148152900790190345e-07
1.650953511676730878e+00,-3.339960019438971987e-08,-3.526586243117615189e-06,-7.323952326928234350e-07,9.871016241002765756e-01,-1.147803071605826277e-03,-1.147803071605826277e-03,-3.339960019438971987e-08,-7.657948328872131549e-07,9.871039214847752152e-01,-1.144739892274277337e-03,-1.144739892274277337e-03,-5.739392968196326392e-08,5.816620299962157828e-06,5.816620299962157828e-06,1.167196489374875784e-07
1.653256096769724959e+00,-3.323711727688642411e-08,-3.509723157556680298e-06,-7.241694317077807897e-07,9.870988400503263316e-01,-1.181013105517640487e-03,-1.181013105517640487e-03,-3.323711727688642411e-08,-7.574065489846672006e-07,9.871011122699733242e-01,-1.177983479321701756e-03,-1.177983479321701756e-03,-5.712176678666892433e-08,5.160704416506162663e-06,5.160704416506162663e-06,1.185993660997472679e-07
1.655558681862719039e+00,-3.307205549598497393e-08,-3.492591907138122061e-06,-7.159813410989027204e-07,9.870961008113710022e-01,-1.210503351684591097e-03,-1.210503351684591097e-03,-3.307205549598497393e-08,-7.490533965948877406e-07,9.870983479715608189e-01,-1.207507138098211493e-03,-1.207507138098211493e-03,-5.684531839942237586e-08,4.485205440924268900e-06,4.485205440924268900e-06,1.204544720623178478e-07
1.657861266955713120e+00,-3.290444876954635858e-08,-3.475199803604911561e-06,-7.078315886253967671e-07,9.870934058746020368e-01,-1.236209547043544844e-03,-1.236209547043544844e-03,-3.290444876954635858e-08,-7.407360373949431124e-07,9.870956280827142271e-01,-1.233246602893965128e-03,-1.233246602893965128e-03,-5.656464110297800276e-08,3.792241299751095325e-06,3.792241299751095325e-06,1.222850008330735394e-07
1.660163852048706978e+00,-3.273433097002002004e-08,-3.457554081973125999e-06,-6.997207852942478741e-07,9.870907547332753440e-01,-1.258079752212951704e-03,-1.258079752212951704e-03,-3.273433097002002004e-08,-7.324551162642679272e-07,9.870929520986241323e-01,-1.255149931747894659e-03,-1.255149931747894659e-03,-5.627979139596495479e-08,3.083968237040291568e-06,3.083968237040291568e-06,1.240909898645818907e-07
1.662466437141701059e+00,-3.256173591966029400e-08,-3.439661900240025143e-06,-6.916495255344090214e-07,9.870881468827867877e-01,-1.276074318282653577e-03,-1.276074318282653577e-03,-3.256173591966029400e-08,-7.242112614540693419e-07,9.870903195165711130e-01,-1.273177473236837207e-03,-1.273177473236837207e-03,-5.599082568508171221e-08,2.362573808723836990e-06,2.362573808723836990e-06,1.258724799878941236e-07
1.664769022234695139e+00,-3.238669738582562187e-08,-3.421530339121725648e-06,-6.836183873716892821e-07,9.870855818207461274e-01,-1.290165815457344030e-03,-1.290165815457344030e-03,-3.238669738582562187e-08,-7.160050847575149304e-07,9.870877298360003493e-01,-1.287301795118313882e-03,-1.287301795118313882e-03,-5.569780027744227620e-08,1.630269891146240266e-06,1.630269891146240266e-06,1.276295153467866438e-07
1.667071607327689220e+00,-3.220924907636003084e-08,-3.403166401819861686e-06,-6.756279326042558724e-07,9.870830590470469623e-01,-1.300338924717023932e-03,-1.300338924717023932e-03,-3.220924907636003084e-08,-7.078371816806158635e-07,9.870851825585920114e-01,-1.297507575990301506e-03,-1.297507575990301506e-03,-5.540077137307218485e-08,8.892857254632346904e-07,8.892857254632346904e-07,1.293621433324733290e-07
1.669374192420683300e+00,-3.202942463505714007e-08,-3.384577013816666506e-06,-6.676787069786945028e-07,9.870805780639361204e-01,-1.306590293738621369e-03,-1.306590293738621369e-03,-3.202942463505714007e-08,-6.997081316137516098e-07,9.870826771883309814e-01,-1.303791461212166439e-03,-1.303791461212166439e-03,-5.509979505755383858e-08,1.418610189310913468e-07,1.418610189310913468e-07,1.310704145187994627e-07
1.671676777513677381e+00,-3.184725763720631590e-08,-3.365769022697821842e-06,-6.597712403665606906e-07,9.870781383760793837e-01,-1.308928358414435502e-03,-1.308928358414435502e-03,-3.184725763720631590e-08,-6.916184980037670197e-07,9.870802132315733557e-01,-1.306161884422420410e-03,-1.306161884422420410e-03,-5.479492729481974531e-08,-6.097608765669009702e-07,-6.097608765669009702e-07,1.327543825979190568e-07
1.673979362606671240e+00,-3.166278158522103554e-08,-3.346749198002538588e-06,-6.519060469413561763e-07,9.870757394906249926e-01,-1.307373131370725625e-03,-1.307373131370725625e-03,-3.166278158522103554e-08,-6.835688285265772052e-07,9.870777901971106161e-01,-1.304638856056619363e-03,-1.304638856056619363e-03,-5.448622392009277879e-08,-1.363339689164429862e-06,-1.363339689164429862e-06,1.344141043164762403e-07
1.676281947699665320e+00,-3.147602990434904899e-08,-3.327524231100260566e-06,-6.440836253558653303e-07,9.870733809172660411e-01,-1.301955958963955376e-03,-1.301955958963955376e-03,-3.147602990434904899e-08,-6.755596552602143595e-07,9.870754075962318019e-01,-1.299253720342914437e-03,-1.299253720342914437e-03,-5.417374063297179569e-08,-2.116644836013666664e-06,-2.116644836013666664e-06,1.360496394122971696e-07
1.678584532792659401e+00,-3.128703593846463703e-08,-3.308100735093417942e-06,-6.363044589198016785e-07,9.870710621682992070e-01,-1.292719248289376371e-03,-1.292719248289376371e-03,-3.128703593846463703e-08,-6.675914948582663288e-07,9.870730649427837955e-01,-1.290048882309943225e-03,-1.290048882309943225e-03,-5.385753299066226076e-08,-2.867461898657946955e-06,-2.867461898657946955e-06,1.376610505515968553e-07
1.680887117885653481e+00,-3.109583294594227031e-08,-3.288485244745627209e-06,-6.285690157776888448e-07,9.870687827586821506e-01,-1.279716165792156015e-03,-1.279716165792156015e-03,-3.109583294594227031e-08,-6.596648487236311283e-07,9.870707617532282763e-01,-1.277077506397261523e-03,-1.277077506397261523e-03,-5.353765640134975596e-08,-3.613598947649444411e-06,-3.613598947649444411e-06,1.392484032667175825e-07
1.683189702978647562e+00,-3.090245409561183517e-08,-3.268684216434825698e-06,-6.208777490869284755e-07,9.870665422060884708e-01,-1.263010309118299925e-03,-1.263010309118299925e-03,-3.090245409561183517e-08,-6.517802031825402842e-07,9.870684975466980093e-01,-1.260403188305569706e-03,-1.260403188305569706e-03,-5.321416611771581081e-08,-4.352892700176869436e-06,-4.352892700176869436e-06,1.408117658944047985e-07
1.685492288071641642e+00,-3.070693246279510178e-08,-3.248704028130685875e-06,-6.132310971959934200e-07,9.870643400309608850e-01,-1.242675353880620713e-03,-1.242675353880620713e-03,-3.070693246279510178e-08,-6.439380296587885350e-07,9.870662718450499140e-01,-1.240099601761985660e-03,-1.240099601761985660e-03,-5.288711723059447272e-08,-5.083214495381599832e-06,-5.083214495381599832e-06,1.423512095146242299e-07
1.687794873164635501e+00,-3.050930102542322284e-08,-3.228550979395835483e-06,-6.056294838226931194e-07,9.870621757565619658e-01,-1.218794677050846851e-03,-1.218794677050846851e-03,-3.050930102542322284e-08,-6.361387848481163158e-07,9.870640841729164672e-01,-1.216250121911454339e-03,-1.216250121911454339e-03,-5.255656466276859791e-08,-5.802476072990398727e-06,-5.802476072990398727e-06,1.438668078899357369e-07
1.690097458257629581e+00,-3.030959266023497847e-08,-3.208231291410238121e-06,-5.980733182324488431e-07,9.870600489090225471e-01,-1.191460958711418501e-03,-1.191460958711418501e-03,-3.030959266023497847e-08,-6.283829108926838282e-07,9.870619340577552192e-01,-1.188947427067847760e-03,-1.188947427067847760e-03,-5.222256316290422870e-08,-6.508635141839011681e-06,-6.508635141839011681e-06,1.453586374054245959e-07
1.692400043350623662e+00,-3.010784013905566117e-08,-3.187751107018274722e-06,-5.905629954165401256e-07,9.870579590173892415e-01,-1.160775763924564189e-03,-1.160775763924564189e-03,-3.010784013905566117e-08,-6.206708355555958265e-07,9.870598210298958675e-01,-1.158293080582341707e-03,-1.158293080582341707e-03,-5.188516729962228265e-08,-7.199700725854374028e-06,-7.199700725854374028e-06,1.468267770092019875e-07
1.694702628443617742e+00,-2.990407612515607161e-08,-3.167116490797877110e-06,-5.830988962702517834e-07,9.870559056136690712e-01,-1.126849106484425307e-03,-1.126849106484425307e-03,-2.990407612515607161e-08,-6.130029723954078749e-07,9.870577446225862195e-01,-1.124397094594843747e-03,-1.124397094594843747e-03,-5.154443145570571409e-08,-7.873738276026613810e-06,-7.873738276026613810e-06,1.482713081534783965e-07
1.697005213536611823e+00,-2.969833316969148956e-08,-3.146333429151232103e-06,-5.756813877708846648e-07,9.870538882328718788e-01,-1.089798996330443607e-03,-1.089798996330443607e-03,-2.969833316969148956e-08,-6.053797209405761709e-07,9.870557043720347146e-01,-1.087377477446681198e-03,-1.087377477446681198e-03,-5.120040982244110907e-08,-8.528874537926780304e-06,-8.528874537926780304e-06,1.496923147362162774e-07
1.699307798629605903e+00,-2.949064370822029900e-08,-3.125407830416501766e-06,-5.683108231555749706e-07,9.870519064130526266e-01,-1.049750972395699020e-03,-1.049750972395699020e-03,-2.949064370822029900e-08,-5.978014668637952432e-07,9.870536998174531673e-01,-1.047359766528243750e-03,-1.047359766528243750e-03,-5.085315639409339677e-08,-9.163302165290347775e-06,-9.163302165290347775e-06,1.510898830433693946e-07
1.701610383722599984e+00,-2.928104005730178761e-08,-3.104345524999991471e-06,-5.609875420988724884e-07,9.870499596953491439e-01,-1.006837622664081980e-03,-1.006837622664081980e-03,-2.928104005730178761e-08,-5.902685821561742892e-07,9.870517305010956255e-01,-1.004476548335457358e-03,-1.004476548335457358e-03,-5.050272496251216208e-08,-9.775284071224659983e-06,-9.775284071224659983e-06,1.524641016917121488e-07
1.703912968815593842e+00,-2.906955441117288584e-08,-3.083152265528287177e-06,-5.537118708900364463e-07,9.870480476240208745e-01,-9.611980931956775427e-04,-9.611980931956775427e-04,-2.906955441117288584e-08,-5.827814253012093784e-07,9.870497959682967837e-01,-9.588669674944727246e-04,-9.588669674944727246e-04,-5.014916911186837476e-08,-1.036315750956258157e-05,-1.036315750956258157e-05,1.538150615722642083e-07
1.706215553908587923e+00,-2.885621883850327630e-08,-3.061833727019780028e-06,-5.464841226099917076e-07,9.870461697464832929e-01,-9.129775878668586371e-04,-9.129775878668586371e-04,-2.885621883850327630e-08,-5.753403414484949806e-07,9.870478957675076215e-01,-9.106762265010646690e-04,-9.106762265010646690e-04,-4.979254221351991397e-08,-1.092533787990519288e-05,-1.092533787990519288e-05,1.551428557943176980e-07
1.708518139001582004e+00,-2.864106527922873462e-08,-3.040395507075092483e-06,-5.393045973079171406e-07,9.870443256133427656e-01,-8.623268605491769042e-04,-8.623268605491769042e-04,-2.864106527922873462e-08,-5.679456625871459150e-07,9.870460294503304866e-01,-8.600550778988283159e-04,-8.600550778988283159e-04,-4.943289742100495502e-08,-1.146032225086386034e-05,-1.146032225086386034e-05,1.564475796300648297e-07
1.710820724094576084e+00,-2.842412554146188781e-08,-3.018843126085864745e-06,-5.321735821774063429e-07,9.870425147784280817e-01,-8.094017014258610360e-04,-8.094017014258610360e-04,-2.842412554146188781e-08,-5.605977077188682042e-07,9.870441965715512911e-01,-8.071593105949856047e-04,-8.071593105949856047e-04,-4.907028766516123318e-08,-1.196669259699230075e-05,-1.196669259699230075e-05,1.577293304598355541e-07
1.713123309187570165e+00,-2.820543129848021472e-08,-2.997182027461424582e-06,-5.250913517321675796e-07,9.870407367988218716e-01,-7.543624191148907542e-04,-7.543624191148907542e-04,-2.820543129848021472e-08,-5.532967830306478109e-07,9.870423966891709311e-01,-7.521492319827681981e-04,-7.521492319827681981e-04,-4.870476564937029779e-08,-1.244311874586439802e-05,-1.244311874586439802e-05,1.589882077179499209e-07
1.715425894280564245e+00,-2.798501408579063352e-08,-2.975417577872723082e-06,-5.180581679812199492e-07,9.870389912348879191e-01,-6.973733202321290552e-04,-6.973733202321290552e-04,-2.798501408579063352e-08,-5.460431820670105629e-07,9.870406293644341522e-01,-6.951891475038610418e-04,-6.951891475038610418e-04,-4.833638384492500304e-08,-1.288836103268077925e-05,-1.288836103268077925e-05,1.602243128391709590e-07
1.717728479373558104e+00,-2.776290529827025262e-08,-2.953555067513258911e-06,-5.110742806035458597e-07,9.870372776503000267e-01,-6.386021879905110117e-04,-6.386021879905110117e-04,-2.776290529827025262e-08,-5.388371859018161057e-07,9.870388941618577494e-01,-6.364468392469037816e-04,-6.364468392469037816e-04,-4.796519448651913695e-08,-1.330127266073727733e-05,-1.330127266073727733e-05,1.614377492057965365e-07
1.720031064466552184e+00,-2.753913618738257376e-08,-2.931599710376168629e-06,-5.041399271221572518e-07,9.870355956120667740e-01,-5.782197613875852916e-04,-5.782197613875852916e-04,-2.753913618738257376e-08,-5.316790633095398222e-07,9.870371906492566572e-01,-5.760930451343471755e-04,-5.760930451343471755e-04,-4.759124956785732902e-08,-1.368080176695785133e-05,-1.368080176695785133e-05,1.626286220953435624e-07
1.722333649559546265e+00,-2.731373785846892219e-08,-2.909556644547343285e-06,-4.972553330775477242e-07,9.870339446905556091e-01,-5.163992164892677698e-04,-5.163992164892677698e-04,-2.731373785846892219e-08,-5.245690709360166762e-07,9.870355183977683744e-01,-5.143009402055236578e-04,-5.143009402055236578e-04,-4.721460083738445564e-08,-1.402599319261615794e-05,-1.402599319261615794e-05,1.637970386288754028e-07
1.724636234652540345e+00,-2.708674126811407489e-08,-2.887430932513775518e-06,-4.904207122004820665e-07,9.870323244595162748e-01,-4.533156512669948477e-04,-4.533156512669948477e-04,-2.708674126811407489e-08,-5.175074534685961546e-07,9.870338769818767233e-01,-4.512456214531204842e-04,-4.512456214531204842e-04,-4.683529979413245896e-08,-1.433598996017489838e-05,-1.433598996017489838e-05,1.649431077199337355e-07
1.726938819745534426e+00,-2.685817722158578921e-08,-2.865227561486902101e-06,-4.836362665840942955e-07,9.870307344961012364e-01,-3.891455753948529412e-04,-3.891455753948529412e-04,-2.685817722158578921e-08,-5.104944438056800417e-07,9.870322659794326103e-01,-3.871035976196302388e-04,-3.871035976196302388e-04,-4.645339768368344735e-08,-1.461003445805549097e-05,-1.461003445805549097e-05,1.660669400241083524e-07
1.729241404838528506e+00,-2.662807637034753031e-08,-2.842951443740228733e-06,-4.769021868552615853e-07,9.870291743808855545e-01,-3.240664063573339823e-04,-3.240664063573339823e-04,-2.662807637034753031e-08,-5.035302632256091421e-07,9.870306849716752318e-01,-3.220522853044315275e-04,-3.220522853044315275e-04,-4.606894549424789318e-08,-1.484746933589013081e-05,-1.484746933589013081e-05,1.671686478892111609e-07
1.731543989931522365e+00,-2.639646920964365632e-08,-2.820607416961036329e-06,-4.702186523452164485e-07,9.870276436978855372e-01,-2.582559731620896900e-04,-2.582559731620896900e-04,-2.639646920964365632e-08,-4.966151215548600949e-07,9.870291335432501700e-01,-2.562695126758702310e-04,-2.562695126758702310e-04,-4.568199395285596904e-08,-1.504773811363187601e-05,-1.504773811363187601e-05,1.682483453060953597e-07
1.733846575024516445e+00,-2.616338607615641933e-08,-2.798200244615439093e-06,-4.635858312593652490e-07,9.870261420345750603e-01,-1.918920288921907894e-04,-1.918920288921907894e-04,-2.616338607615641933e-08,-4.897492173355216816e-07,9.870276112822270465e-01,-1.899330320228487137e-04,-1.899330320228487137e-04,-4.529259352166092386e-08,-1.521038550858853590e-05,-1.521038550858853590e-05,1.693061478600824672e-07
1.736149160117510526e+00,-2.592885714573425281e-08,-2.775734616326508493e-06,-4.570038808462895918e-07,9.870246689819017760e-01,-1.251517732716969135e-04,-1.251517732716969135e-04,-2.592885714573425281e-08,-4.829327379920238380e-07,9.870261177801157304e-01,-1.232200423197288058e-04,-1.232200423197288058e-04,-4.490079439435321531e-08,-1.533505748518155027e-05,-1.533505748518155027e-05,1.703421726830148567e-07
1.738451745210504606e+00,-2.569291243119032636e-08,-2.753215148265001518e-06,-4.504729475658891921e-07,9.870232241343011026e-01,-5.821138635523105394e-05,-5.821138635523105394e-05,-2.569291243119032636e-08,-4.761658599970795085e-07,9.870246526318811053e-01,-5.630672291524273611e-05,-5.630672291524273611e-05,-4.450664649268353214e-08,-1.542150103288351381e-05,-1.542150103288351381e-05,1.713565384059436191e-07
1.740754330303498687e+00,-2.545558178017087149e-08,-2.730646383552111711e-06,-4.439931672566454717e-07,9.870218070897089913e-01,8.754425611484372650e-06,8.754425611484372650e-06,-2.545558178017087149e-08,-4.694487490368163663e-07,9.870232154359560584e-01,1.063222060763163875e-05,1.063222060763163875e-05,-4.411019946309358168e-08,-1.546956367842378905e-05,-1.546956367842378905e-05,1.723493651124203345e-07
1.743056915396492768e+00,-2.521689487309242149e-08,-2.708032792673963893e-06,-4.375646653019761826e-07,9.870204174495739169e-01,7.557287117871799224e-05,7.557287117871799224e-05,-2.521689487309242149e-08,-4.627815601750685942e-07,9.870218057942544698e-01,7.742399741941826514e-05,7.742399741941826514e-05,-4.371150267345318661e-08,-1.547919273896085436e-05,-1.547919273896085436e-05,1.733207742924218409e-07
1.745359500489486848e+00,-2.497688122114725396e-08,-2.685378773907339706e-06,-4.311875567956526833e-07,9.870190548188675361e-01,1.420735006116159022e-04,1.420735006116159022e-04,-2.497688122114725396e-08,-4.561644380167999274e-07,9.870204233121815385e-01,1.438981583636831122e-04,1.438981583636831122e-04,-4.331060520990222185e-08,-1.545043432346131321e-05,-1.545043432346131321e-05,1.742708887968910088e-07
1.747662085582480707e+00,-2.473557016437620886e-08,-2.662688653756207470e-06,-4.248619467062565204e-07,9.870177188060932361e-01,2.080886178923470602e-04,2.080886178923470602e-04,-2.473557016437620886e-08,-4.495975168706327061e-07,9.870190675986438844e-01,2.098870079598295912e-04,2.098870079598295912e-04,-4.290755587379597552e-08,-1.538343209007829137e-05,-1.538343209007829137e-05,1.751998327928949488e-07
1.749964670675474787e+00,-2.449299086980798218e-08,-2.639966687398638369e-06,-4.185879300406459348e-07,9.870164090232951271e-01,2.734536770231203989e-04,2.734536770231203989e-04,-2.449299086980798218e-08,-4.430809209104539269e-07,9.870177382660578758e-01,2.752260007067622283e-04,2.752260007067622283e-04,-4.250240317875235901e-08,-1.527842576777486923e-05,-1.527842576777486923e-05,1.761077317193986691e-07
1.752267255768468868e+00,-2.424917232966442189e-08,-2.617217059143732867e-06,-4.123655920064175753e-07,9.870151250860643710e-01,3.380076619160338430e-04,3.380076619160338430e-04,-2.424917232966442189e-08,-4.366147643360819873e-07,9.870164349303574003e-01,3.397541209733781790e-04,3.397541209733781790e-04,-4.209519534780011248e-08,-1.513574945093011270e-05,-1.513574945093011270e-05,1.769947122436535985e-07
1.754569840861462948e+00,-2.400414335963055247e-08,-2.594443882898082177e-06,-4.061950081733285848e-07,9.870138666135453986e-01,4.015934492214490495e-04,4.015934492214490495e-04,-2.400414335963055247e-08,-4.301991515329591307e-07,9.870151572109999716e-01,4.033142458275808880e-04,4.033142458275808880e-04,-4.168598031062582867e-08,-1.495582967602909865e-05,-1.495582967602909865e-05,1.778609022181954975e-07
1.756872425954457029e+00,-2.375793259718876555e-08,-2.571651202641437823e-06,-4.000762446336666187e-07,9.870126332284403503e-01,4.640581535151750672e-04,4.640581535151750672e-04,-2.375793259718876555e-08,-4.238341772308554041e-07,9.870139047309720581e-01,4.657534902240984681e-04,4.657534902240984681e-04,-4.127480570091894136e-08,-1.473918328996505100e-05,-1.473918328996505100e-05,1.787064306384546942e-07
1.759175011047451109e+00,-2.351056850001625673e-08,-2.548842992911115807e-06,-3.940093581615423844e-07,9.870114245570130729e-01,5.252534543292994903e-04,5.252534543292994903e-04,-2.351056850001625673e-08,-4.175199266615586643e-07,9.870126771167930801e-01,5.269235340359457783e-04,5.269235340359457783e-04,-4.086171885381309692e-08,-1.448641511976798891e-05,-1.448641511976798891e-05,1.795314276009667346e-07
1.761477596140444968e+00,-2.326207934444486488e-08,-2.526023159294829598e-06,-3.879943963710860677e-07,9.870102402290916732e-01,5.850359045791709255e-04,5.850359045791709255e-04,-2.326207934444486488e-08,-4.112564757155309392e-07,9.870114739985188512e-01,5.866809304820330175e-04,5.866809304820330175e-04,-4.044676680342257882e-08,-1.419821545391852413e-05,-1.419821545391852413e-05,1.803360242621911231e-07
1.763780181233439048e+00,-2.301249322398229488e-08,-2.503195538931499214e-06,-3.820313978735256751e-07,9.870090798780699615e-01,6.432672200024898510e-04,6.432672200024898510e-04,-2.301249322398229488e-08,-4.050438910975079568e-07,9.870102950097432437e-01,6.448873955668798369e-04,6.448873955668798369e-04,-4.002999628047221682e-08,-1.387535734563383044e-05,-1.387535734563383044e-05,1.811203527979273003e-07
1.766082766326433129e+00,-2.276183804789418454e-08,-2.480363901019717047e-06,-3.761203924331364931e-07,9.870079431409085613e-01,6.998145492914534596e-04,6.998145492914534596e-04,-2.276183804789418454e-08,-3.988822304810306710e-07,9.870091397875999650e-01,7.014100782133775823e-04,7.014100782133775823e-04,-3.961145371001989403e-08,-1.351869374876155253e-05,-1.351869374876155253e-05,1.818845463633254237e-07
1.768385351419427209e+00,-2.251014153984567210e-08,-2.457531947333465998e-06,-3.702614011220336594e-07,9.870068296581339107e-01,7.545507246614583264e-04,7.545507246614583264e-04,-2.251014153984567210e-08,-3.927715426618793513e-07,9.870080079727618916e-01,7.561218108321058912e-04,7.561218108321058912e-04,-3.919118520926962697e-08,-1.312915449709684722e-05,-1.312915449709684722e-05,1.826287390534942532e-07
1.770687936512421290e+00,-2.225743123660190221e-08,-2.434703312744751926e-06,-3.644544364737993229e-07,9.870057390738378178e-01,8.073544926611297013e-04,8.073544926611297013e-04,-2.225743123660190221e-08,-3.867118677104012350e-07,9.870068992094409577e-01,8.089013401319713071e-04,8.089013401319713071e-04,-3.876923658547434507e-08,-1.270774313809247895e-05,-1.270774313809247895e-05,1.833530658646943634e-07
1.772990521605415370e+00,-2.200373448678645090e-08,-2.411881565752784525e-06,-3.586995026359252806e-07,9.870046710356751296e-01,8.581107250894207247e-04,8.581107250894207247e-04,-2.200373448678645090e-08,-3.807032371227117315e-07,9.870058131453864902e-01,8.596335380379115879e-04,8.596335380379115879e-04,-3.834565333392686747e-08,-1.225553363206069991e-05,-1.225553363206069991e-05,1.840576626561188522e-07
1.775293106698409451e+00,-2.174907844969675336e-08,-2.389070209019366940e-06,-3.529965955210572220e-07,9.870036251948600681e-01,9.067106099428852862e-04,9.067106099428852862e-04,-2.174907844969675336e-08,-3.747456739707539853e-07,9.870047494318819892e-01,9.082095926387683460e-04,9.082095926387683460e-04,-3.792048063603775368e-08,-1.177366692803672811e-05,-1.177366692803672811e-05,1.847426661122539493e-07
1.777595691791403310e+00,-2.149349009417565092e-08,-2.366272679910147704e-06,-3.473457029570259160e-07,9.870026012061632326e-01,9.530518223747744050e-04,9.530518223747744050e-04,-2.149349009417565092e-08,-3.688391930512015503e-07,9.870037077237423517e-01,9.545271791469791970e-04,9.545271791469791970e-04,-3.749376335749868468e-08,-1.126334742754568700e-05,-1.126334742754568700e-05,1.854082137058177518e-07
1.779898276884397390e+00,-2.123699619753801830e-08,-2.343492351041415234e-06,-3.417468048356500420e-07,9.870015987279063818e-01,9.970386757007249773e-04,9.970386757007249773e-04,-2.123699619753801830e-08,-3.629838010331880834e-07,9.870026876793094317e-01,9.984906109048578317e-04,9.984906109048578317e-04,-3.706554604652992528e-08,-1.072583934751313381e-05,-1.072583934751313381e-05,1.860544436612734589e-07
1.782200861977391471e+00,-2.097962334455187231e-08,-2.320732530832103696e-06,-3.361998732603049463e-07,9.870006174219567718e-01,1.038582252541516262e-03,1.038582252541516262e-03,-2.097962334455187231e-08,-3.571794966048568020e-07,9.870016889604465993e-01,1.040010970527935645e-03,1.040010970527935645e-03,-3.663587293221102730e-08,-1.016246299357545006e-05,-1.016246299357545006e-05,1.866814949189092725e-07
1.784503447070385551e+00,-2.072139792647262197e-08,-2.297996464060670583e-06,-3.307048726922356193e-07,9.869996569537214937e-01,1.077600516241842415e-03,1.077600516241842415e-03,-2.072139792647262197e-08,-3.514262706187082678e-07,9.870007112325333010e-01,1.079006221324317356e-03,1.079006221324317356e-03,-3.620478792289282812e-08,-9.574590954976170526e-06,-9.574590954976170526e-06,1.872895070994830832e-07
1.786806032163379632e+00,-2.046234614012981807e-08,-2.275287332426579183e-06,-3.252617600956103998e-07,9.869987169921397019e-01,1.114018402756339170e-03,1.114018402756339170e-03,-2.046234614012981807e-08,-3.457241062357401947e-07,9.869997541644583983e-01,1.115401299181282202e-03,1.115401299181282202e-03,-3.577233460468989744e-08,-8.963644232194834915e-06,-8.963644232194834915e-06,1.878786204694296388e-07
1.789108617256373712e+00,-2.020249398706541298e-08,-2.252608255116027230e-06,-3.198704850813014820e-07,9.869977972096751762e-01,1.147767893238216741e-03,1.147767893238216741e-03,-2.020249398706541298e-08,-3.400729790683668950e-07,9.869988174286123961e-01,1.149128185154490176e-03,1.149128185154490176e-03,-3.533855624005201625e-08,-8.331088308330468310e-06,-8.331088308330468310e-06,1.884489759066189465e-07
1.791411202349367571e+00,-1.994186727272258429e-08,-2.229962289371680317e-06,-3.145309900493846043e-07,9.869968972823076614e-01,1.178788067613430971e-03,1.178788067613430971e-03,-1.994186727272258429e-08,-3.344728573221071919e-07,9.869979007008796712e-01,1.180125959042719339e-03,1.180125959042719339e-03,-3.490349576641345701e-08,-7.678429175159171566e-06,-7.678429175159171566e-06,1.890007148666704873e-07
1.793713787442361651e+00,-1.968049160568415628e-08,-2.207352431066057300e-06,-3.092432103303446817e-07,9.869960168895235419e-01,1.207025139464079416e-03,1.207025139464079416e-03,-1.968049160568415628e-08,-3.289237019360288347e-07,9.869970036606293684e-01,1.208340834271823521e-03,1.208340834271823521e-03,-3.446719579491861601e-08,-7.007209324620024683e-06,-7.007209324620024683e-06,1.895339793498087898e-07
1.796016372535355732e+00,-1.941839239695995731e-08,-2.184781615278349150e-06,-3.040070743249872264e-07,9.869951557143058496e-01,1.232432472586260808e-03,1.232432472586260808e-03,-1.941839239695995731e-08,-3.234254667219471936e-07,9.869961259907059636e-01,1.233726174453148635e-03,1.233726174453148635e-03,-3.402969860922327644e-08,-6.319003716319428311e-06,-6.319003716319428311e-06,1.900489118682640181e-07
1.798318957628349812e+00,-1.915559485932178320e-08,-2.162252716874337936e-06,-2.988225036430380839e-07,9.869943134431238274e-01,1.254970579625508832e-03,1.254970579625508832e-03,-1.915559485932178320e-08,-3.179780985023598638e-07,9.869952673774193830e-01,1.256242492019518306e-03,1.256242492019518306e-03,-3.359104616436953029e-08,-5.615415731441607455e-06,-5.615415731441607455e-06,1.905456554142071153e-07
1.800621542721343893e+00,-1.889212400668540723e-08,-2.139768551089167357e-06,-2.936894132404307450e-07,9.869934897659219386e-01,1.274607103228229217e-03,1.274607103228229217e-03,-1.889212400668540723e-08,-3.125815372471161721e-07,9.869944275105336784e-01,1.275857429377217625e-03,1.275857429377217625e-03,-3.315128008573369056e-08,-4.898073123235297042e-06,-4.898073123235297042e-06,1.910243534282160908e-07
1.802924127814337973e+00,-1.862800465353856825e-08,-2.117331874112718317e-06,-2.886077115552736627e-07,9.869926843761072099e-01,1.291316780182040101e-03,1.291316780182040101e-03,-1.862800465353856825e-08,-3.072357162088122177e-07,9.869936060832558145e-01,1.292545723046875390e-03,1.292545723046875390e-03,-3.271044166804579118e-08,-4.168623974009700358e-06,-4.168623974009700358e-06,1.914851497682723909e-07
1.805226712907332054e+00,-1.836326141441411617e-08,-2.094945383677295627e-06,-2.835773006424901094e-07,9.869918969705374634e-01,1.305081389047562865e-03,1.305081389047562865e-03,-1.836326141441411617e-08,-3.019405620569042454e-07,9.869928027922236780e-01,1.306289151295790540e-03,1.306289151295790540e-03,-3.226857187447943677e-08,-3.428732668309920688e-06,-3.428732668309920688e-06,1.919281886792749653e-07
1.807529298000325912e+00,-1.809791870340734212e-08,-2.072611719647398840e-06,-2.785980763071278754e-07,9.869911272495084376e-01,1.315889681814671119e-03,1.315889681814671119e-03,-1.809791870340734212e-08,-2.966959950105352175e-07,9.869920173374934214e-01,1.317076465794713271e-03,1.317076465794713271e-03,-3.182571133581096369e-08,-2.680075891671033766e-06,-2.680075891671033766e-06,1.923536147630733532e-07
1.809831883093319993e+00,-1.783200073373658678e-08,-2.050333464611328595e-06,-2.736699282363293309e-07,9.869903749167391327e-01,1.323737300140477970e-03,1.323737300140477970e-03,-1.783200073373658678e-08,-2.915019289700659011e-07,9.869912494225260291e-01,1.324903307856358133e-03,1.324903307856358133e-03,-3.138190034964637684e-08,-1.924338664051720688e-06,-1.924338664051720688e-06,1.927615729490136743e-07
1.812134468186314074e+00,-1.756553151734650797e-08,-2.028113144474388786e-06,-2.687927401299663002e-07,9.869896396793588211e-01,1.328626676752753949e-03,1.328626676752753949e-03,-1.756553151734650797e-08,-2.863582716473128016e-07,9.869904987541737729e-01,1.329772109839343248e-03,1.329772109839343248e-03,-3.093717887971553305e-08,-1.163210416746661050e-06,-1.163210416746661050e-06,1.931522084649879957e-07
1.814437053279308154e+00,-1.729853486455271065e-08,-2.005953229053449896e-06,-2.639663898299264594e-07,9.869889212478920593e-01,1.330566922621457355e-03,1.330566922621457355e-03,-1.729853486455271065e-08,-2.812649246944791767e-07,9.869897650426661118e-01,1.331691982320235218e-03,1.331691982320235218e-03,-3.049158655523169145e-08,-3.983811212485837233e-07,-3.983811212485837233e-07,1.935256668089894034e-07
1.816739638372302235e+00,-1.703103438372720981e-08,-1.983856132672655838e-06,-2.591907494480543273e-07,9.869882193362429224e-01,1.329573700523113602e-03,1.329573700523113602e-03,-1.703103438372720981e-08,-2.762217838317815139e-07,9.869890480015943712e-01,1.330678587658440642e-03,1.330678587658440642e-03,-3.004516267031577598e-08,3.684625217979677083e-07,3.684625217979677083e-07,1.938820937211621657e-07
1.819042223465296315e+00,-1.676305348102373705e-08,-1.961824214760032036e-06,-2.544656854927422985e-07,9.869875336616799055e-01,1.325669085637378938e-03,1.325669085637378938e-03,-1.676305348102373705e-08,-2.712287389737660190e-07,9.869883473478968661e-01,1.326754000593273995e-03,1.326754000593273995e-03,-2.959794618348402961e-08,1.135640825757740373e-06,1.135640825757740373e-06,1.942216351563419035e-07
1.821344808558290174e+00,-1.649461536014208013e-08,-1.939859780444825762e-06,-2.497910589941711879e-07,9.869868639448200476e-01,1.318881413831939466e-03,1.318881413831939466e-03,-1.649461536014208013e-08,-2.662856743543132614e-07,9.869876628018431353e-01,1.319946556529356680e-03,1.319946556529356680e-03,-2.914997571719798176e-08,1.901484785841909136e-06,1.901484785841909136e-06,1.945444372570866444e-07
1.823647393651284254e+00,-1.622574302213050920e-08,-1.917965081155314885e-06,-2.451667256281944110e-07,9.869862099096115005e-01,1.309245118303129125e-03,1.309245118303129125e-03,-1.622574302213050920e-08,-2.613924686503249433e-07,9.869869940870173997e-01,1.310290688177730492e-03,1.310290688177730492e-03,-2.870128955747551131e-08,2.664339664546982477e-06,2.664339664546982477e-06,1.948506463271853639e-07
1.825949978744278335e+00,-1.595645926522576040e-08,-1.896142315216942307e-06,-2.405925358388727342e-07,9.869855712833169870e-01,1.296800555250827167e-03,1.296800555250827167e-03,-1.595645926522576040e-08,-2.565489951040985079e-07,9.869863409303023527e-01,1.297826751231243633e-03,1.297826751231243633e-03,-2.825192565356228714e-08,3.422568487991538666e-06,3.422568487991538666e-06,1.951404088056460275e-07
1.828252563837272415e+00,-1.568678668472933925e-08,-1.874393628450527477e-06,-2.360683349596498295e-07,9.869849477964968143e-01,1.281593819274408222e-03,1.281593819274408222e-03,-1.568678668472933925e-08,-2.517551216443791588e-07,9.869857030618617300e-01,1.282600839760985635e-03,1.282600839760985635e-03,-2.780192161766190872e-08,4.174555446828058745e-06,4.174555446828058745e-06,1.954138712411536027e-07
1.830555148930266496e+00,-1.541674767291966746e-08,-1.852721114770395736e-06,-2.315939633331742164e-07,9.869843391829898893e-01,1.263676549182409002e-03,1.263676549182409002e-03,-1.541674767291966746e-08,-2.470107110060938971e-07,9.869850802151228786e-01,1.264664592026433282e-03,1.264664592026433282e-03,-2.735131472472411808e-08,4.918709195785660773e-06,4.918709195785660773e-06,1.956711802669948668e-07
1.832857734023260576e+00,-1.514636441899913343e-08,-1.831126816782248271e-06,-2.271692564297669048e-07,9.869837451798962880e-01,1.243105724913613286e-03,1.243105724913613286e-03,-1.514636441899913343e-08,-2.423156208487660383e-07,9.869844721267588827e-01,1.244074987397008301e-03,1.244074987397008301e-03,-2.690014191228987887e-08,5.653466046291541147e-06,5.653466046291541147e-06,1.959124825764466997e-07
1.835160319116254435e+00,-1.487565890907530534e-08,-1.809612726380561744e-06,-2.227940449645340762e-07,9.869831655275589366e-01,1.219943456268552263e-03,1.219943456268552263e-03,-1.487565890907530534e-08,-2.376697038736093915e-07,9.869838785366705780e-01,1.220894135084046742e-03,1.220894135084046742e-03,-2.644843978039232305e-08,6.377293047002919505e-06,6.377293047002919505e-06,1.961379248986182543e-07
1.837462904209248515e+00,-1.460465292617542005e-08,-1.788180785345370859e-06,-2.184681550131254118e-07,9.869825999695434060e-01,1.194256764152076128e-03,1.194256764152076128e-03,-1.460465292617542005e-08,-2.330728079393008285e-07,9.869832991879672335e-01,1.195189055383833300e-03,1.195189055383833300e-03,-2.599624459151224203e-08,7.088690947480310751e-06,7.088690947480310751e-06,1.963476539747464220e-07
1.839765489302242596e+00,-1.433336805029370609e-08,-1.766832885938268702e-06,-2.141914081261442093e-07,9.869820482526197036e-01,1.166117355024933215e-03,1.166117355024933215e-03,-1.433336805029370609e-08,-2.285247761764379138e-07,9.869827338269482331e-01,1.167031454129639073e-03,1.167031454129639073e-03,-2.554359227058776463e-08,7.786197040614328799e-06,7.786197040614328799e-06,1.965418165349378956e-07
1.842068074395236676e+00,-1.406182565847030164e-08,-1.745570871497436367e-06,-2.099636214422037293e-07,9.869815101267421786e-01,1.135601389260658184e-03,1.135601389260658184e-03,-1.406182565847030164e-08,-2.240254471006740243e-07,9.869821822030835357e-01,1.136497491049060773e-03,1.136497491049060773e-03,-2.509051840507631956e-08,8.468387879823987581e-06,8.468387879823987581e-06,1.967205592753521405e-07
1.844370659488230757e+00,-1.379004692490147970e-08,-1.724396537031579923e-06,-2.057846077996378704e-07,9.869809853450298709e-01,1.102789244097731030e-03,1.102789244097731030e-03,-1.379004692490147970e-08,-2.195746547245393517e-07,9.869816440689940240e-01,1.103667542716629249e-03,1.103667542716629249e-03,-2.463705824506860104e-08,9.133881867418643802e-06,9.133881867418643802e-06,1.968840288358231547e-07
1.846673244581224838e+00,-1.351805282108015459e-08,-1.703311629812587509e-06,-2.016541758468659096e-07,9.869804736637454168e-01,1.067765271872094532e-03,1.067765271872094532e-03,-1.351805282108015459e-08,-2.151722286679460642e-07,9.869811191804314099e-01,1.068625960786766249e-03,1.068625960786766249e-03,-2.418324670345312481e-08,9.781341710919595460e-06,9.781341710919595460e-06,1.970323717779113095e-07
1.848975829674218918e+00,-1.324586411596613396e-08,-1.682317849966791572e-06,-1.975721301514153307e-07,9.869799748422753982e-01,1.030617554205882089e-03,1.030617554205882089e-03,-1.324586411596613396e-08,-2.108179942673814680e-07,9.869806072962582499e-01,1.031460826182951582e-03,1.031460826182951582e-03,-2.372911835613061679e-08,1.040947674450806090e-05,1.040947674450806090e-05,1.971657345633834455e-07
1.851278414767212777e+00,-1.297350137618532040e-08,-1.661416851064672576e-06,-1.935382713076055463e-07,9.869794886431094705e-01,9.914376528198484868e-04,9.914376528198484868e-04,-1.297350137618532040e-08,-2.065117726837908618e-07,9.869801081784275176e-01,9.922636999105836561e-04,9.922636999105836561e-04,-2.327470744227715247e-08,1.101704511315791256e-05,1.101704511315791256e-05,1.972842635331154789e-07
1.853580999860206857e+00,-1.270098496625711167e-08,-1.640610240708864399e-06,-1.895523960428942607e-07,9.869790148318181577e-01,9.503203576255965035e-04,9.503203576255965035e-04,-1.270098496625711167e-08,-2.022533810091513807e-07,9.869796215919611759e-01,9.511293711496331561e-04,9.511293711496331561e-04,-2.282004786465494523e-08,1.160285581738029115e-05,1.160285581738029115e-05,1.973881048864113506e-07
1.855883584953200938e+00,-1.242833504884961075e-08,-1.619899581120370167e-06,-1.856142973228958175e-07,9.869785531770329801e-01,9.073634327420072735e-04,9.073634327420072735e-04,-1.242833504884961075e-08,-1.980426323717454332e-07,9.869791473049300823e-01,9.081556032714942911e-04,9.081556032714942911e-04,-2.236517318997037324e-08,1.216577061687914119e-05,1.216577061687914119e-05,1.974774046607376310e-07
1.858186170046195018e+00,-1.215557158506156536e-08,-1.599286389722795819e-06,-1.817237644550682234e-07,9.869781034504238049e-01,8.626673610669107579e-04,8.626673610669107579e-04,-1.215557158506156536e-08,-1.938793360401297871e-07,9.869786850884318952e-01,8.634428784110712756e-04,8.634428784110712756e-04,-2.191011664927752783e-08,1.270470579178338100e-05,1.270470579178338100e-05,1.975523087118632442e-07
1.860488755139189099e+00,-1.188271433473066315e-08,-1.578772139724530673e-06,-1.778805831910785090e-07,9.869776654266777527e-01,8.163350880205392721e-04,8.163350880205392721e-04,-1.188271433473066315e-08,-1.897632975258091705e-07,9.869782347165703129e-01,8.170941412106425515e-04,8.170941412106425515e-04,-2.145491113842693575e-08,1.321863376047090079e-05,1.321863376047090079e-05,1.976129626944048681e-07
1.862791340232183179e+00,-1.160978285676749100e-08,-1.558358260698732699e-06,-1.740845358278494451e-07,9.869772388834765486e-01,7.684717650621113822e-04,7.684717650621113822e-04,-1.160978285676749100e-08,-1.856943186846169311e-07,9.869777959664326472e-01,7.692145423368498521e-04,7.692145423368498521e-04,-2.099958921855834383e-08,1.370658455335762362e-05,1.370658455335762362e-05,1.976595120427704400e-07
1.865093925325177038e+00,-1.133679650951449000e-08,-1.538046139161011125e-06,-1.703354013072928810e-07,9.869768236014748730e-01,7.191844935640695968e-04,7.191844935640695968e-04,-1.133679650951449000e-08,-1.816721978168073843e-07,9.869773686180682848e-01,7.199111823553368305e-04,7.199111823553368305e-04,-2.054418311663667569e-08,1.416764714235347511e-05,1.416764714235347511e-05,1.976921019524961097e-07
1.867396510418171118e+00,-1.106377445112919161e-08,-1.517837119144686538e-06,-1.666329553147329879e-07,9.869764193642773797e-01,6.685820696115313050e-04,6.685820696115313050e-04,-1.106377445112919161e-08,-1.776967297658621795e-07,9.869769524544667050e-01,6.692928565305947567e-04,6.692928565305947567e-04,-2.008872472603004246e-08,1.460097062603282465e-05,1.460097062603282465e-05,1.977108773619749705e-07
1.869699095511165199e+00,-1.079073563999149154e-08,-1.497732502773550115e-06,-1.629769703760298623e-07,9.869760259584167139e-01,6.167747302759971724e-04,6.167747302759971724e-04,-1.079073563999149154e-08,-1.737677060160213538e-07,9.869765472615347202e-01,6.174698011000612262e-04,6.174698011000612262e-04,-1.963324560712956239e-08,1.500576527087078458e-05,1.500576527087078458e-05,1.977159829345694441e-07
1.872001680604159279e+00,-1.051769883513384492e-08,-1.477733550831977146e-06,-1.593672159534024838e-07,9.869756431733303081e-01,5.638739018936564373e-04,5.638739018936564373e-04,-1.051769883513384492e-08,-1.698849147885363172e-07,9.869761528280747154e-01,5.645534415528105643e-04,5.645534415528105643e-04,-1.917777698800922272e-08,1.538130340922976149e-05,1.538130340922976149e-05,1.977075630411043804e-07
1.874304265697153360e+00,-1.024468259669421387e-08,-1.457841483332334505e-06,-1.558034585399622778e-07,9.869752708013378451e-01,5.099919508588231058e-04,5.099919508588231058e-04,-1.024468259669421387e-08,-1.660481411366564982e-07,9.869757689457612226e-01,5.106561434233697089e-04,5.106561434233697089e-04,-1.872234976512566452e-08,1.572692019505949880e-05,1.572692019505949880e-05,1.976857617427372187e-07
1.876606850790147440e+00,-9.971705286391011399e-09,-1.438057480079564099e-06,-1.522854617529605101e-07,9.869749086376174985e-01,4.552419374229841817e-04,4.552419374229841817e-04,-9.971705286391011399e-09,-1.622571670393515281e-07,9.869753954091186054e-01,4.558909660911415751e-04,4.558909660911415751e-04,-1.826699450405655721e-08,1.604201421858581181e-05,1.604201421858581181e-05,1.976507227741983823e-07
1.878909435883141299e+00,-9.698785068019562032e-09,-1.418382681232877108e-06,-1.488129864257579604e-07,9.869745564801838400e-01,3.997373729690358079e-04,3.997373729690358079e-04,-9.698785068019562032e-09,-1.585117714937775125e-07,9.869750320154982992e-01,4.003714200550109086e-04,4.003714200550109086e-04,-1.781174144027710939e-08,1.632604798152471778e-05,1.632604798152471778e-05,1.976025895274019319e-07
1.881212020976135380e+00,-9.425939907969332843e-09,-1.398818187864426414e-06,-1.453857906985196777e-07,9.869742141298635252e-01,3.435919812091250969e-04,3.435919812091250969e-04,-9.425939907969332843e-09,-1.548117306064890072e-07,9.869746785650553855e-01,3.442112281315510593e-04,3.442112281315510593e-04,-1.735662047997330321e-08,1.657854823464023072e-05,1.657854823464023072e-05,1.975415050354150438e-07
1.883514606069129460e+00,-9.153187575761867217e-09,-1.379365062514950058e-06,-1.420036301076481600e-07,9.869738813902725338e-01,2.869194637329713026e-04,2.869194637329713026e-04,-9.153187575761867217e-09,-1.511568176834100372e-07,9.869743348607256106e-01,2.875240910037049451e-04,2.875240910037049451e-04,-1.690166120089192497e-08,1.679910617971174091e-05,1.679910617971174091e-05,1.974676119567909176e-07
1.885817191162123541e+00,-8.880545644608268193e-09,-1.360024329746212262e-06,-1.386662576739541374e-07,9.869735580677920783e-01,2.298332703114310959e-04,2.298332703114310959e-04,-8.880545644608268193e-09,-1.475468033185624122e-07,9.869740007082020705e-01,2.304234575247053498e-04,2.304234575247053498e-04,-1.644689285322556571e-08,1.698737753822490400e-05,1.698737753822490400e-05,1.973810525602520386e-07
1.888119776255117621e+00,-8.608031491986213182e-09,-1.340796976690246703e-06,-1.353734239895775045e-07,9.869732439715456218e-01,1.724463743380480626e-04,1.724463743380480626e-04,-8.608031491986213182e-09,-1.439814554815637276e-07,9.869736759159121187e-01,1.730223001599743204e-04,1.730223001599743204e-04,-1.599234436053249234e-08,1.714308248933344355e-05,1.714308248933344355e-05,1.972819687097259641e-07
1.890422361348111702e+00,-8.335662300235757277e-09,-1.321683953595281739e-06,-1.321248773036636714e-07,9.869729389133746755e-01,1.148710537688815914e-04,1.148710537688815914e-04,-8.335662300235757277e-09,-1.404605396038994171e-07,9.869733602949934959e-01,1.154328959272971831e-04,1.154328959272971831e-04,-1.553804432069028103e-08,1.726600547985337428e-05,1.726600547985337428e-05,1.971705018497262496e-07
1.892724946441105782e+00,-8.063455057173516511e-09,-1.302686174368302279e-06,-1.289203636068025836e-07,9.869726427078148179e-01,5.721867789832166495e-05,5.721867789832166495e-05,-8.063455057173516511e-09,-1.369838186639761100e-07,9.869730536592707937e-01,5.776661317297757098e-05,5.776661317297757098e-05,-1.508402100688258079e-08,1.735599490926793557e-05,1.735599490926793557e-05,1.970467929910758670e-07
1.895027531534099641e+00,-7.791426556724739722e-09,-1.283804517114158728e-06,-1.257596267142394123e-07,9.869723551720724908e-01,-4.004997138160480957e-07,-4.004997138160480957e-07,-7.791426556724739722e-09,-1.335510532709641553e-07,9.869727558252322508e-01,1.337044992678085254e-07,1.337044992678085254e-07,-1.463030236861810735e-08,1.741296269290431499e-05,1.741296269290431499e-05,1.969109826969657840e-07
1.897330116627093721e+00,-7.519593399572653609e-09,-1.265039824671188273e-06,-1.226424083478615207e-07,9.869720761260006858e-01,-5.787754187151956004e-05,-5.787754187151956004e-05,-7.519593399572653609e-09,-1.301620017474341826e-07,9.869724666120058831e-01,-5.735689386452982278e-05,-5.735689386452982278e-05,-1.417691603278099878e-08,1.743688370664027798e-05,1.743688370664027798e-05,1.967632110693515877e-07
1.899632701720087802e+00,-7.247971993825006524e-09,-1.246392905143263588e-06,-1.195684482169748344e-07,9.869718053920746303e-01,-1.151050216578294232e-04,-1.151050216578294232e-04,-7.247971993825006524e-09,-1.268164202107998492e-07,9.869721858413352811e-01,-1.145977559769862254e-04,-1.145977559769862254e-04,-1.372388930471230613e-08,1.742779511665141481e-05,1.742779511665141481e-05,1.966036177356736763e-07
1.901935286813081882e+00,-6.976578555696847335e-09,-1.227864532428227684e-06,-1.165374840978715356e-07,9.869715427953689169e-01,-1.719772093889026165e-04,-1.719772093889026165e-04,-6.976578555696847335e-09,-1.235140626535683887e-07,9.869719133375568498e-01,-1.714831531382883436e-04,-1.714831531382883436e-04,-1.327124916932107732e-08,1.738579559788592241e-05,1.738579559788592241e-05,1.964323418359083221e-07
1.904237871906075963e+00,-6.705429110209459130e-09,-1.209455446742646913e-06,-1.135492519122016543e-07,9.869712881635317459e-01,-2.283902523813012694e-04,-2.283902523813012694e-04,-6.705429110209459130e-09,-1.202546810224111101e-07,9.869716489275748295e-01,-2.279092336572116238e-04,-2.279092336572116238e-04,-1.281902229222490028e-08,1.731104444507900288e-05,1.731104444507900288e-05,1.962495220099363187e-07
1.906540456999070043e+00,-6.434539491904906783e-09,-1.191166355142839141e-06,-1.106034858041547368e-07,9.869710413267622773e-01,-2.842423473296721106e-04,-2.842423473296721106e-04,-6.434539491904906783e-09,-1.170380252960596444e-07,9.869713924408382022e-01,-2.837741952284878735e-04,-2.837741952284878735e-04,-1.236723502091894238e-08,1.720376058026901775e-05,1.720376058026901775e-05,1.960552963852295581e-07
1.908843042092063902e+00,-6.163925345575759146e-09,-1.172997932042132846e-06,-1.076999182164611741e-07,9.869708021177858726e-01,-3.394339051133539909e-04,-3.394339051133539909e-04,-6.163925345575759146e-09,-1.138638435620369390e-07,9.869711437093166007e-01,-3.389784497391058532e-04,-3.389784497391058532e-04,-1.191591338597281459e-08,1.706422146088281962e-05,1.706422146088281962e-05,1.958498025648529933e-07
1.911145627185057982e+00,-5.893602127009486253e-09,-1.154950819724288088e-06,-1.048382799652190789e-07,9.869705703718300027e-01,-3.938677078724257168e-04,-3.938677078724257168e-04,-5.893602127009486253e-09,-1.107318820922285710e-07,9.869709025674763270e-01,-3.934247803440568073e-04,-3.934247803440568073e-04,-1.146508310225433727e-08,1.689276189257515962e-05,1.689276189257515962e-05,1.956331776157733078e-07
1.913448212278052063e+00,-5.623585103747462051e-09,-1.137025628853071532e-06,-1.020183003135605695e-07,9.869703459266000456e-01,-4.474490582146863180e-04,-4.474490582146863180e-04,-5.623585103747462051e-09,-1.076418854173080249e-07,9.869706688522562610e-01,-4.470184906730170641e-04,-4.470184906730170641e-04,-1.101476957018011150e-08,1.668977275109749837e-05,1.668977275109749837e-05,1.954055580574743959e-07
1.915750797371046144e+00,-5.353889355857677653e-09,-1.119222938977908222e-06,-9.923970704415928498e-08,9.869701286222554160e-01,-5.000859204361375121e-04,-5.000859204361375121e-04,-5.353889355857677653e-09,-1.045935964000169676e-07,9.869704424030446566e-01,-4.996675460505374403e-04,-4.996675460505374403e-04,-1.056499787699133926e-08,1.645569961755549907e-05,1.645569961755549907e-05,1.951670798508753652e-07
1.918053382464040224e+00,-5.084529776721161797e-09,-1.101543299035582165e-06,-9.650222653059345418e-08,9.869699183013852517e-01,-5.516890536580193894e-04,-5.516890536580193894e-04,-5.084529776721161797e-09,-1.015867563073146143e-07,9.869702230616541616e-01,-5.512827066327900946e-04,-5.512827066327900946e-04,-1.011579279805489589e-08,1.619104133148942725e-05,1.619104133148942725e-05,1.949178783875430170e-07
1.920355967557034305e+00,-4.815521073831562577e-09,-1.083987227847973849e-06,-9.380558380757039274e-08,9.869697148089842109e-01,-6.021721368033171491e-04,-6.021721368033171491e-04,-4.815521073831562577e-09,-9.862110488140195780e-08,9.869700106722988364e-01,-6.017776523837915824e-04,-6.017776523837915824e-04,-9.667178798188652031e-09,1.589634846626619620e-05,1.589634846626619620e-05,1.946580884792029309e-07
1.922658552650028385e+00,-4.546877769607566193e-09,-1.066555214615756364e-06,-9.114950264002266000e-08,9.869695179924283801e-01,-6.514518853556202456e-04,-6.514518853556202456e-04,-4.546877769607566193e-09,-9.569638040963022950e-08,9.869698050815696178e-01,-6.510690998339816815e-04,-6.510690998339816815e-04,-9.219180033010469590e-09,1.557222173132834545e-05,1.557222173132834545e-05,1.943878443475367943e-07
1.924961137743022244e+00,-4.278614202217773863e-09,-1.049247719408053291e-06,-8.853370559108453089e-08,9.869693277014515154e-01,-6.994481598617868692e-04,-6.994481598617868692e-04,-4.278614202217773863e-09,-9.281231979330230227e-08,9.869696061384108932e-01,-6.990769105826136242e-04,-6.990769105826136242e-04,-8.771820350310242896e-09,1.521931030587394713e-05,1.521931030587394713e-05,1.941072796142680670e-07
1.927263722836016324e+00,-4.010744526417563758e-09,-1.032065173648007961e-06,-8.595791408895656500e-08,9.869691437881206175e-01,-7.460840661591132839e-04,-7.460840661591132839e-04,-4.010744526417563758e-09,-8.996865861537412794e-08,9.869694136940964091e-01,-7.457241915246517333e-04,-7.457241915246517333e-04,-8.325123291444063651e-09,1.483831010857938379e-05,1.483831010857938379e-05,1.938165272915296813e-07
1.929566307929010405e+00,-3.743282714397950363e-09,-1.015007980594247994e-06,-8.342184849267129608e-08,9.869689661068116182e-01,-7.912860473248605961e-04,-7.912860473248605961e-04,-3.743282714397950363e-09,-8.716513120706924644e-08,9.869692276022052901e-01,-7.909373868000323451e-04,-7.909373868000323451e-04,-7.879112092750529499e-09,1.442996200798180843e-05,1.442996200798180843e-05,1.935157197725100194e-07
1.931868893022004485e+00,-3.476242556645567768e-09,-9.980765158182182217e-07,-8.092522815676384012e-08,9.869687945141866203e-01,-8.349839673644451378e-04,-8.349839673644451378e-04,-3.476242556645567768e-09,-8.440147071340941037e-08,9.869690477185987243e-01,-8.346463614815914905e-04,-8.346463614815914905e-04,-7.433809686987656839e-09,1.399504997815666094e-05,1.399504997815666094e-05,1.932049888223765839e-07
1.934171478114998566e+00,-3.209637662813886062e-09,-9.812711276773400706e-07,-7.846777149486121312e-08,9.869686288691680298e-01,-8.771111866704368919e-04,-8.771111866704368919e-04,-3.209637662813886062e-09,-8.167740915767510249e-08,9.869688739013955381e-01,-8.767844770338061467e-04,-8.767844770338061467e-04,-6.989238704790514515e-09,1.353439920431076160e-05,1.353439920431076160e-05,1.928844655694679676e-07
1.936474063207992646e+00,-2.943481462605092164e-09,-9.645921377840035381e-07,-7.604919604219704187e-08,9.869684690329170174e-01,-9.176046293016269003e-04,-9.176046293016269003e-04,-2.943481462605092164e-09,-7.899267750480214024e-08,9.869687060109495480e-01,-9.172886585916077262e-04,-9.172886585916077262e-04,-6.545421476148574175e-09,1.304887414290875976e-05,1.304887414290875976e-05,1.925542804967564230e-07
1.938776648300986505e+00,-2.677787206662410491e-09,-9.480398414703468771e-07,-7.366921851706287780e-08,9.869683148688075391e-01,-9.564048421463929852e-04,-9.564048421463929852e-04,-2.677787206662410491e-09,-7.634700572372528581e-08,9.869685439098246915e-01,-9.560994541234981055e-04,-9.560994541234981055e-04,-6.102380031902351320e-09,1.253937654092074407e-05,1.253937654092074407e-05,1.922145634335731972e-07
1.941079233393980585e+00,-2.412567967472406875e-09,-9.316145082488122323e-07,-7.132755488120279761e-08,9.869681662424036883e-01,-9.934560460500042878e-04,-9.934560460500042878e-04,-2.412567967472406875e-09,-7.374012284867520159e-08,9.869683874627722675e-01,-9.931610855586096766e-04,-9.931610855586096766e-04,-5.660136105258444494e-09,1.200684341875258001e-05,1.200684341875258001e-05,1.918654435475943564e-07
1.943381818486974666e+00,-2.147836640277297228e-09,-9.153163822684844283e-07,-6.902392039916550477e-08,9.869680230214360472e-01,-1.028706178999587613e-03,-1.028706178999587613e-03,-2.147836640277297228e-09,-7.117175703944280613e-08,9.869682365367071775e-01,-1.028421491971429807e-03,-1.028421491971429807e-03,-5.218711133323011512e-09,1.145224502137988577e-05,1.145224502137988577e-05,1.915070493370862520e-07
1.945684403579968746e+00,-1.883605943996491677e-09,-8.991456827671465250e-07,-6.675802969661761133e-08,9.869678850757775956e-01,-1.062106931474232760e-03,-1.062106931474232760e-03,-1.883605943996491677e-09,-6.864163564061410135e-08,9.869680910006844998e-01,-1.061832364931670353e-03,-1.061832364931670353e-03,-4.778126258652256645e-09,1.087658274215690655e-05,1.087658274215690655e-05,1.911395086234016031e-07
1.947986988672962827e+00,-1.619888422157413875e-09,-8.831026045190933250e-07,-6.452959681763211574e-08,9.869677522774203959e-01,-1.093613774080816163e-03,-1.093613774080816163e-03,-1.619888422157413875e-09,-6.614948523978952631e-08,9.869679507258760642e-01,-1.093349176139857010e-03,-1.093349176139857010e-03,-4.338402330820003238e-09,1.028088702372003914e-05,1.028088702372003914e-05,1.907629485437277028e-07
1.950289573765956908e+00,-1.356696443835188935e-09,-8.671873182786479889e-07,-6.233833528095950148e-08,9.869676245004518345e-01,-1.123185977608157256e-03,-1.123185977608157256e-03,-1.356696443835188935e-09,-6.369503172479469331e-08,9.869678155855470258e-01,-1.122931197481258098e-03,-1.122931197481258098e-03,-3.899559908001488975e-09,9.666215240338341488e-06,9.666215240338341488e-06,1.903774955440801062e-07
1.952592158858950988e+00,-1.094042204600899290e-09,-8.513999712194024060e-07,-6.018395813529184579e-08,9.869675016210320839e-01,-1.150786625644240621e-03,-1.150786625644240621e-03,-1.094042204600899290e-09,-6.127800033989275005e-08,9.869676854550331058e-01,-1.150541513642880983e-03,-1.150541513642880983e-03,-3.461619258572903646e-09,9.033649565998111769e-06,9.033649565998111769e-06,1.899832753725401048e-07
1.954894743951944847e+00,-8.319377274781823699e-10,-8.357406873691536826e-07,-5.806617801352939500e-08,9.869673835173695675e-01,-1.176382619911604376e-03,-1.176382619911604376e-03,-8.319377274781823699e-10,-5.889811574100757933e-08,9.869675602117168323e-01,-1.176147027448640366e-03,-1.176147027448640366e-03,-3.024600362726143311e-09,8.384294832427179278e-06,8.384294832427179278e-06,1.895804130727319897e-07
1.957197329044938927e+00,-5.703948639076993073e-10,-8.202095680405306110e-07,-5.598470718605814277e-08,9.869672700696987544e-01,-1.199944678487046591e-03,-1.199944678487046591e-03,-5.703948639076993073e-10,-5.655510204996584352e-08,9.869674397350048922e-01,-1.199718458078846781e-03,-1.199718458078846781e-03,-2.588522914097990075e-09,7.719276381186525676e-06,7.719276381186525676e-06,1.891690329775362415e-07
1.959499914137933008e+00,-3.094252947196176860e-10,-8.048066922573232452e-07,-5.393925761305116986e-08,9.869671611602565120e-01,-1.221447327080514870e-03,-1.221447327080514870e-03,-3.094252947196176860e-10,-5.424868290777078423e-08,9.869673239063052606e-01,-1.221230332348883889e-03,-1.221230332348883889e-03,-2.153406321413781593e-09,7.039737913863774035e-06,7.039737913863774035e-06,1.887492587030359974e-07
1.961802499230927088e+00,-4.904053111330517984e-11,-7.895321171764772561e-07,-5.192954099579923115e-08,9.869670566732593464e-01,-1.240868883557978090e-03,-1.240868883557978090e-03,-4.904053111330517984e-11,-5.197858152691253535e-08,9.869672126090038855e-01,-1.240660969231870527e-03,-1.240660969231870527e-03,-1.719269710144243083e-09,6.346839344311912627e-06,6.346839344311912627e-06,1.883212131426926404e-07
1.964105084323921169e+00,2.107480843556268413e-10,-7.743858785057808072e-07,-4.995526882708363295e-08,9.869669564948801987e-01,-1.258191435900403747e-03,-1.258191435900403747e-03,2.107480843556268413e-10,-4.974452074272800544e-08,9.869671057284423732e-01,-1.257992457817432930e-03,-1.257992457817432930e-03,-1.286131924175581113e-09,5.641754656774539394e-06,5.641754656774539394e-06,1.878850184617473094e-07
1.966407669416915249e+00,4.699293767813812776e-10,-7.593679909172273261e-07,-4.801615244059932171e-08,9.869668605132259076e-01,-1.273400813799343504e-03,-1.273400813799343504e-03,4.699293767813812776e-10,-4.754622306381793982e-08,9.869670031518951170e-01,-1.273210628907088179e-03,-1.273210628907088179e-03,-8.540115274920272835e-10,4.925669773636901495e-06,4.925669773636901495e-06,1.874407960918466861e-07
1.968710254509909108e+00,7.284923379072876601e-10,-7.444784484560547033e-07,-4.611190305943882490e-08,9.869667686183144495e-01,-1.286486554096038029e-03,-1.286486554096038029e-03,7.284923379072876601e-10,-4.538341072153153818e-08,9.869669047685466490e-01,-1.286305020453151933e-03,-1.286305020453151933e-03,-4.229268058704720834e-10,4.199780436431290308e-06,4.199780436431290308e-06,1.869886667258865236e-07
1.971012839602903188e+00,9.864261251188378125e-10,-7.297172249454576338e-07,-4.424223184364535567e-08,9.869666807020526234e-01,-1.297441860277563901e-03,-1.297441860277563901e-03,9.864261251188378125e-10,-4.325580571852651600e-08,9.869668104694697686e-01,-1.297268837054689743e-03,-1.297268837054689743e-03,7.104231413602668430e-12,3.465290103613260197e-06,3.465290103613260197e-06,1.865287503130725973e-07
1.973315424695897269e+00,1.243720060430242053e-09,-7.150842743869908916e-07,-4.240684993684762789e-08,9.869665966582126249e-01,-1.306263556249078481e-03,-1.306263556249078481e-03,1.243720060430242053e-09,-4.116312987641738790e-08,9.869667201476022278e-01,-1.306098903729572842e-03,-1.306098903729572842e-03,4.360638498687265698e-10,2.723407868509601916e-06,2.723407868509601916e-06,1.860611660541936784e-07
1.975618009788891349e+00,1.500363629465332182e-09,-7.005795313566421471e-07,-4.060546851198228433e-08,9.869665163824108411e-01,-1.312952034606207482e-03,-1.312952034606207482e-03,1.500363629465332182e-09,-3.910510488251694925e-08,9.869666336977255261e-01,-1.312795614186677493e-03,-1.312795614186677493e-03,8.639345880599471440e-10,1.975346400716581542e-06,1.975346400716581542e-06,1.855860323971050750e-07
1.977920594881885430e+00,1.756346480432596305e-09,-6.862029113965995286e-07,-3.883779881611665684e-08,9.869664397720850912e-01,-1.317511199636206163e-03,-1.317511199636206163e-03,1.756346480432596305e-09,-3.708145233568405867e-08,9.869665510164421507e-01,-1.317362873826863389e-03,-1.317362873826863389e-03,1.290699255871022002e-09,1.222319914106821186e-06,1.222319914106821186e-06,1.851034670324185051e-07
1.980223179974879510e+00,2.011658423094814425e-09,-6.719543114027057736e-07,-3.710355221438013007e-08,9.869663667264723106e-01,-1.319948405280020739e-03,-1.319948405280020739e-03,2.011658423094814425e-09,-3.509189379128531813e-08,9.869664720021537052e-01,-1.319808037704855519e-03,-1.319808037704855519e-03,1.716340932757086966e-09,4.655421644758651082e-07,4.655421644758651082e-07,1.846135868893952305e-07
1.982525765067873369e+00,2.266289427733400406e-09,-6.578336100076075480e-07,-3.540244023301441242e-08,9.869662971465871237e-01,-1.320274388290989826e-03,-1.320274388290989826e-03,2.266289427733400406e-09,-3.313615080528101367e-08,9.869663965550395934e-01,-1.320141843687768672e-03,-1.320141843687768672e-03,2.140842965988122349e-09,-2.937755202675790601e-07,-2.937755202675790601e-07,1.841165081320380060e-07
1.984828350160867450e+00,2.520229624107889407e-09,-6.438406679596129542e-07,-3.373417460155118426e-08,9.869662309351995289e-01,-1.318503196828060527e-03,-1.318503196828060527e-03,2.520229624107889407e-09,-3.121394497744329734e-08,9.869663245770344817e-01,-1.318378341048150699e-03,-1.318378341048150699e-03,2.564188968883951556e-09,-1.054426174594146487e-06,-1.054426174594146487e-06,1.836123461553831131e-07
1.987130935253861530e+00,2.773469300410393380e-09,-6.299753284972569121e-07,-3.209846729412941882e-08,9.869661679968132484e-01,-1.314652114724030978e-03,-1.314652114724030978e-03,2.773469300410393380e-09,-2.932499799371902461e-08,9.869662559718072048e-01,-1.314534814732056141e-03,-1.314534814732056141e-03,2.986362819040593909e-09,-1.815209091885730969e-06,-1.815209091885730969e-06,1.831012155819821290e-07
1.989433520346855611e+00,3.025998902215757700e-09,-6.162374177195910352e-07,-3.049503056995859605e-08,9.869661082376441907e-01,-1.308741581670215884e-03,-1.308741581670215884e-03,3.025998902215757700e-09,-2.746903166774283918e-08,9.869661906447392274e-01,-1.308631705543545016e-03,-1.308631705543545016e-03,3.407348656549228359e-09,-2.574931680498102220e-06,-2.574931680498102220e-06,1.825832302585784082e-07
1.991736105439849691e+00,3.277809031427269435e-09,-6.026267449521986370e-07,-2.892357701293993931e-08,9.869660515655992450e-01,-1.300795109560544654e-03,-1.300795109560544654e-03,3.277809031427269435e-09,-2.564576798151267112e-08,9.869661285029032172e-01,-1.300692526488618538e-03,-1.300692526488618538e-03,3.827130882207614349e-09,-3.332411276977877399e-06,-3.332411276977877399e-06,1.820585032529684804e-07
1.994038690532843772e+00,3.528890445218251624e-09,-5.891431031089517038e-07,-2.738381957045442635e-08,9.869659978902547426e-01,-1.290839195238002420e-03,-1.290839195238002420e-03,3.528890445218251624e-09,-2.385492912523617514e-08,9.869660694550421720e-01,-1.290743775521501413e-03,-1.290743775521501413e-03,4.245694155724564358e-09,-4.086476914192265121e-06,-4.086476914192265121e-06,1.815271468510483947e-07
1.996341275625837852e+00,3.779234054969791734e-09,-5.757862690495256075e-07,-2.587547159132705416e-08,9.869659471228351411e-01,-1.278903229886740357e-03,-1.278903229886740357e-03,3.779234054969791734e-09,-2.209623753635726077e-08,9.869660134115477712e-01,-1.278814844936594945e-03,-1.278814844936594945e-03,4.663023393917963613e-09,-4.835971042265771555e-06,-4.835971042265771555e-06,1.809892725540432062e-07
1.998643860718831711e+00,4.028830925204743248e-09,-5.625560039326713491e-07,-2.439824686297722761e-08,9.869658991761921518e-01,-1.265019405312370077e-03,-1.265019405312370077e-03,4.028830925204743248e-09,-2.036941593777248519e-08,9.869659602844399471e-01,-1.264937927648618994e-03,-1.264937927648618994e-03,5.079103768906611996e-09,-5.579751200352089081e-06,-5.579751200352089081e-06,1.804449910759128588e-07
2.000946445811826013e+00,4.277672272518389171e-09,-5.494520535652644952e-07,-2.295185964776386122e-08,9.869658539647838680e-01,-1.249222617352116612e-03,-1.249222617352116612e-03,4.277672272518389171e-09,-1.867418737524547122e-08,9.869659099873460129e-01,-1.249147920602615555e-03,-1.249147920602615555e-03,5.493920706296614425e-09,-6.316691637405657698e-06,-6.316691637405657698e-06,1.798944123409347533e-07
2.003249030904819872e+00,4.525749464505452292e-09,-5.364741487471651134e-07,-2.153602471853768465e-08,9.869658114046540032e-01,-1.231550366655116517e-03,-1.231550366655116517e-03,4.525749464505452292e-09,-1.701027525403223153e-08,9.869658624354797904e-01,-1.231482325554100494e-03,-1.231482325554100494e-03,5.907459883361825865e-09,-7.045684880249856446e-06,-7.045684880249856446e-06,1.793376454814591357e-07
2.005551615997813730e+00,4.773054018684611903e-09,-5.236220056118479432e-07,-2.015045739340457994e-08,9.869657714134114634e-01,-1.212042657071116681e-03,-1.212042657071116681e-03,4.773054018684611903e-09,-1.537740337471996638e-08,9.869658175456216265e-01,-1.211981147457617727e-03,-1.211981147457617727e-03,6.319707227220368897e-09,-7.765643247376558336e-06,-7.765643247376558336e-06,1.787747988358317500e-07
2.007854201090808033e+00,5.019577601419689062e-09,-5.108953259628913157e-07,-1.879487356971563064e-08,9.869657339102092530e-01,-1.190741891883863573e-03,-1.190741891883863573e-03,5.019577601419689062e-09,-1.377529596829594323e-08,9.869657752360971870e-01,-1.190686790699990337e-03,-1.190686790699990337e-03,6.730648913005839950e-09,-8.475500307040375467e-06,-8.475500307040375467e-06,1.782059799464873515e-07
2.010156786183801891e+00,5.265312026838165009e-09,-4.982937976062897788e-07,-1.746898975729028850e-08,9.869656988157250455e-01,-1.167692768122535968e-03,-1.167692768122535968e-03,5.265312026838165009e-09,-1.220367773045212266e-08,9.869657354267582505e-01,-1.167643953411614090e-03,-1.167643953411614090e-03,7.140271362034403623e-09,-9.174212278345303189e-06,-9.174212278345303189e-06,1.776312955582025694e-07
2.012459371276796194e+00,5.510249255747687896e-09,-4.858170946786048252e-07,-1.617252311087975487e-08,9.869656660521405334e-01,-1.142942169181786509e-03,-1.142942169181786509e-03,5.510249255747687896e-09,-1.066227385513206863e-08,9.869656980389620582e-01,-1.142899520086366073e-03,-1.142899520086366073e-03,7.548561239968862006e-09,-9.860759374154859548e-06,-9.860759374154859548e-06,1.770508516165116639e-07
2.014761956369790052e+00,5.754381394549594207e-09,-4.734648779710266216e-07,-1.490519146188606174e-08,9.869656355431213335e-01,-1.116539055977470432e-03,-1.116539055977470432e-03,5.754381394549594207e-09,-9.150810067336466705e-09,9.869656629955515514e-01,-1.116502452737201147e-03,-1.116502452737201147e-03,7.955505454978205117e-09,-1.053414708477778947e-05,-1.053414708477778947e-05,1.764647532662814991e-07
2.017064541462784355e+00,5.997700694151081881e-09,-4.612367952492775483e-07,-1.366671334933870186e-08,9.869656072137975578e-01,-1.088534356861520528e-03,-1.088534356861520528e-03,5.997700694151081881e-09,-7.669012655187620805e-09,9.869656302208354992e-01,-1.088503680810899840e-03,-1.088503680810899840e-03,8.361091155895305966e-09,-1.119340740152057746e-05,-1.119340740152057746e-05,1.758731048504376319e-07
2.019367126555778214e+00,6.240199548874702544e-09,-4.491324815694784607e-07,-1.245680805014562300e-08,9.869655809907437183e-01,-1.058980856515385691e-03,-1.058980856515385691e-03,6.240199548874702544e-09,-6.216608501270921278e-09,9.869655996405691800e-01,-1.058955990081380692e-03,-1.058955990081380692e-03,8.765305730370669975e-09,-1.183759997931034778e-05,-1.183759997931034778e-05,1.752760099088483995e-07
2.021669711648772072e+00,6.481870495366863603e-09,-4.371515595898939253e-07,-1.127519560862060621e-08,9.869655568019594094e-01,-1.027933084037167171e-03,-1.027933084037167171e-03,6.481870495366863603e-09,-4.793325113253742612e-09,9.869655711819347310e-01,-1.027913910736714216e-03,-1.027913910736714216e-03,9.168136803025039573e-09,-1.246581323772829480e-05,-1.246581323772829480e-05,1.746735711773531070e-07
2.023972296741766375e+00,6.722706211504295475e-09,-4.252936398786552123e-07,-1.012159686530175701e-08,9.869655345768499899e-01,-9.954472004330273786e-04,-9.954472004330273786e-04,6.722706211504295475e-09,-3.398890653797460705e-09,9.869655447735219411e-01,-9.954336048704122159e-04,-9.954336048704122159e-04,9.569572233599199618e-09,-1.307716539990316865e-05,-1.307716539990316865e-05,1.740658905869399298e-07
2.026274881834760233e+00,6.962699515299168032e-09,-4.135583212174572891e-07,-8.995733485068380157e-09,9.869655142462071540e-01,-9.615808857186666694e-04,-9.615808857186666694e-04,6.962699515299168032e-09,-2.033033969769212125e-09,9.869655203453090442e-01,-9.615727535827875904e-04,-9.615727535827875904e-04,9.969600115102083786e-09,-1.367080546884114901e-05,-1.367080546884114901e-05,1.734530692630686575e-07
2.028577466927754536e+00,7.201843363803465064e-09,-4.019451909012104365e-07,-7.897327984562743315e-09,9.869654957421899466e-01,-9.263932258314406436e-04,-9.263932258314406436e-04,7.201843363803465064e-09,-6.954846207592780443e-10,9.869654978286438451e-01,-9.263904438929575734e-04,-9.263904438929575734e-04,1.036820877195831186e-08,-1.424591414088205553e-05,-1.424591414088205553e-05,1.728352075251307368e-07
2.030880052020748394e+00,7.440130852011670465e-09,-3.904538250337525795e-07,-6.826103758931479550e-09,9.869654789983058896e-01,-8.899445995487113934e-04,-8.899445995487113934e-04,7.440130852011670465e-09,6.140270930801909150e-10,9.869654771562246243e-01,-8.899470556570837415e-04,-8.899470556570837415e-04,1.076538675815354327e-08,-1.480170465608218341e-05,-1.480170465608218341e-05,1.722124048860533896e-07
2.033182637113742697e+00,7.677555211763345238e-09,-3.790837888195464173e-07,-5.781785107888764671e-09,9.869654639493923298e-01,-8.522965656021853128e-04,-8.522965656021853128e-04,7.677555211763345238e-09,1.895770103874580567e-09,9.869654582620820404e-01,-8.523041486826008623e-04,-8.523041486826008623e-04,1.116112285538035338e-08,-1.533742358544136960e-05,-1.533742358544136960e-05,1.715847600520347035e-07
2.035485222206736555e+00,7.914109810644298282e-09,-3.678346368514752788e-07,-4.764097261117190874e-09,9.869654505315977877e-01,-8.135117501727180504e-04,-8.135117501727180504e-04,7.914109810644298282e-09,3.150012549527107822e-09,9.869654410815601464e-01,-8.135243502229161372e-04,-8.135243502229161372e-04,1.155540607118246542e-08,-1.585235155499105085e-05,-1.585235155499105085e-05,1.709523709224154649e-07
2.037787807299730414e+00,8.149788150887944957e-09,-3.567059133946850273e-07,-3.772766403008721497e-09,9.869654386823631942e-01,-7.736537349438699909e-04,-7.736537349438699909e-04,8.149788150887944957e-09,4.377021747879223461e-09,9.869654255512979590e-01,-7.736712430308614668e-04,-7.736712430308614668e-04,1.194822563710000468e-08,-1.634580390687384306e-05,-1.634580390687384306e-05,1.703153345896802709e-07
2.040090392392724716e+00,8.384583868275864937e-09,-3.456971526665441731e-07,-2.807519696759628463e-09,9.869654283404042383e-01,-7.327869458868544383e-04,-7.327869458868544383e-04,8.384583868275864937e-09,5.577064171516236474e-09,9.869654116092116958e-01,-7.328092541435404783e-04,-7.328092541435404783e-04,1.233957100681422013e-08,-1.681713129763738617e-05,-1.681713129763738617e-05,1.696737473395856960e-07
2.042392977485718575e+00,8.618490731038174771e-09,-3.348078791127400858e-07,-1.868085307826368186e-09,9.869654194456929375e-01,-6.909765429432565900e-04,-6.909765429432565900e-04,8.618490731038174771e-09,6.750405423211806585e-09,9.869653991944766780e-01,-6.910035445649494873e-04,-6.910035445649494873e-04,1.272943185429264110e-08,-1.726572023407124738e-05,-1.726572023407124738e-05,1.690277046514174195e-07
2.044695562578712877e+00,8.851502638754393447e-09,-3.240376076794951077e-07,-9.541924267488454527e-10,9.869654119394395408e-01,-6.482883107655877533e-04,-6.482883107655877533e-04,8.851502638754393447e-09,7.897310212005547995e-09,9.869653882475089013e-01,-6.483199000064357627e-04,-6.483199000064357627e-04,1.311779807193581544e-08,-1.769099354700517124e-05,-1.769099354700517124e-05,1.683773011983661756e-07
2.046998147671706736e+00,9.083613621253707426e-09,-3.133858440819941536e-07,-6.557129135508683458e-11,9.869654057640752098e-01,-6.047885506698112744e-04,-6.047885506698112744e-04,9.083613621253707426e-09,9.018042329898620591e-09,9.869653787099482711e-01,-6.048246228391308647e-04,-6.048246228391308647e-04,1.350465976872390887e-08,-1.809241080358125868e-05,-1.809241080358125868e-05,1.677226308480273444e-07
2.049300732764700594e+00,9.314817837516249787e-09,-3.028520850689820803e-07,7.980467916500567013e-10,9.869654008632339215e-01,-5.605439739470389473e-04,-5.605439739470389473e-04,9.314817837516249787e-09,1.011286462916630649e-08,9.869653705246400621e-01,-5.605844254055556558e-04,-5.605844254055556558e-04,1.389000726836576422e-08,-1.846946865859916100e-05,-1.846946865859916100e-05,1.670637866630169032e-07
2.051603317857694897e+00,9.545109574574376081e-09,-2.924358186836041477e-07,1.636929425698788404e-09,9.869653971817353710e-01,-5.156215966756948167e-04,-5.156215966756948167e-04,9.545109574574376081e-09,1.118203900027316448e-08,9.869653636356183757e-01,-5.156663248316959575e-04,-5.156663248316959575e-04,1.427383110744878794e-08,-1.882170114561926066e-05,-1.882170114561926066e-05,1.664008609017029193e-07
2.053905902950688755e+00,9.774483246414562207e-09,-2.821365245205003706e-07,2.451343103970470343e-09,9.869653946655673193e-01,-4.700886361685511767e-04,-4.700886361685511767e-04,9.774483246414562207e-09,1.222582635038503255e-08,9.869653579880882655e-01,-4.701375394739527348e-04,-4.701375394739527348e-04,1.465612203359073913e-08,-1.914867990858757797e-05,-1.914867990858757797e-05,1.657339450190518416e-07
2.056208488043683058e+00,1.000293339288048021e-08,-2.719536739791576788e-07,3.241553189590482920e-09,9.869653932618689396e-01,-4.240124091825648168e-04,-4.240124091825648168e-04,1.000293339288048021e-08,1.324448658247096313e-08,9.869653535284091950e-01,-4.240653871288946959e-04,-4.240653871288946959e-04,1.503687100359428785e-08,-1.945001437482710900e-05,-1.945001437482710900e-05,1.650631296675832389e-07
2.058511073136676917e+00,1.023045467857633048e-08,-2.618867305135889194e-07,4.007823896405993217e-09,9.869653929189136088e-01,-3.774602320131199059e-04,-3.774602320131199059e-04,1.023045467857633048e-08,1.423827857498232370e-08,9.869653502040778292e-01,-3.775171851274198610e-04,-3.775171851274198610e-04,1.541606918160285741e-08,-1.972535187030950262e-05,-1.972535187030950262e-05,1.643885046984335414e-07
2.060813658229671219e+00,1.045704189177191936e-08,-2.519351498783270529e-07,4.750418270334674967e-09,9.869653935860920324e-01,-3.304993225872595794e-04,-3.304993225872595794e-04,1.045704189177191936e-08,1.520746016210659433e-08,9.869653479637114923e-01,-3.305601524279080028e-04,-3.305601524279080028e-04,1.579370793726023509e-08,-1.997437767819551665e-05,-1.997437767819551665e-05,1.637101591625275661e-07
2.063116243322665078e+00,1.068268994330823296e-08,-2.420983803707844148e-07,5.469598171273557183e-09,9.869653952138955910e-01,-2.831967046644282525e-04,-2.831967046644282525e-04,1.068268994330823296e-08,1.615228811458179014e-08,9.869653467570312921e-01,-2.832613138168865773e-04,-2.832613138168865773e-04,1.616977884387185726e-08,-2.019681504169609521e-05,-2.019681504169609521e-05,1.630281813118501785e-07
2.065418828415658936e+00,1.090739386550499796e-08,-2.323758630699903276e-07,6.165624255564060753e-09,9.869653977539004641e-01,-2.356191142461501193e-04,-2.356191142461501193e-04,1.090739386550499796e-08,1.707301812106905871e-08,9.869653465348461330e-01,-2.356874063186343866e-04,-2.356874063186343866e-04,1.654427367657027327e-08,-2.039242511237044671e-05,-2.039242511237044671e-05,1.623426586008222443e-07
2.067721413508653239e+00,1.113114881106926478e-08,-2.227670320717457114e-07,6.838755959001561426e-09,9.869654011587501996e-01,-1.878329082900095297e-04,-1.878329082900095297e-04,1.113114881106926478e-08,1.796990477007082621e-08,9.869653472490358403e-01,-1.879047879090898013e-04,-1.879047879090898013e-04,1.691718441048314885e-08,-2.056100684503663450e-05,-2.056100684503663450e-05,1.616536776877740168e-07
2.070023998601647097e+00,1.135395005200561859e-08,-2.132713147202234382e-07,7.489251480382825328e-09,9.869654053821403927e-01,-1.399039758165191740e-04,-1.399039758165191740e-04,1.135395005200561859e-08,1.884320153238844392e-08,9.869653488525358398e-01,-1.399793486226487166e-04,-1.399793486226487166e-04,1.728850321890481978e-08,-2.070239684052420980e-05,-2.070239684052420980e-05,1.609613244365163302e-07
2.072326583694641400e+00,1.157579297852853775e-08,-2.038881318360192999e-07,8.117367765584355469e-09,9.869654103788029209e-01,-9.189765149095539918e-05,-9.189765149095539918e-05,1.157579297852853775e-08,1.969316074411289322e-08,9.869653512993207256e-01,-9.197642413393184824e-05,-9.197642413393184824e-05,1.765822247147231893e-08,-2.081646913755426601e-05,-2.081646913755426601e-05,1.602656839180053635e-07
2.074629168787635258e+00,1.179667309797600786e-08,-1.946168979407183367e-07,8.723360492160801588e-09,9.869654161044892904e-01,-4.387863175624523372e-05,-4.387863175624523372e-05,1.179667309797600786e-08,2.052003359013680945e-08,9.869653545443884957e-01,-4.396071189060578321e-05,-4.396071189060578321e-05,1.802633473234428850e-08,-2.090313495507492312e-05,-2.090313495507492312e-05,1.595668404120998896e-07
2.076931753880629561e+00,1.201658603372579277e-08,-1.854570214779691920e-07,9.307484054458842488e-09,9.869654225159556482e-01,4.089106413939745598e-06,4.089106413939745598e-06,1.201658603372579277e-08,2.132407008818463526e-08,9.869653585437453414e-01,4.003810133587007295e-06,4.003810133587007295e-06,1.839283275838518623e-08,-2.096234238643223863e-05,-2.096234238643223863e-05,1.588648774094092629e-07
2.079234338973623419e+00,1.223552752411316795e-08,-1.764079050311311607e-07,9.869991549235317671e-09,9.869654295709469061e-01,5.194238407829134560e-05,5.194238407829134560e-05,1.223552752411316795e-08,2.210551907334848562e-08,9.869653632543896604e-01,5.185396200199795212e-05,5.185396200199795212e-05,1.875770949735274079e-08,-2.099407604679066631e-05,-2.099407604679066631e-05,1.581598776132295252e-07
2.081536924066617278e+00,1.245349342135153093e-08,-1.674689455374761685e-07,1.041113476177496448e-08,9.869654372281817523e-01,9.961889615041866371e-05,9.961889615041866371e-05,1.245349342135153093e-08,2.286462818312649541e-08,9.869653686342971799e-01,9.952743763768615200e-05,9.952743763768615200e-05,1.912095808609102203e-08,-2.099835667526170783e-05,-2.099835667526170783e-05,1.574519229415631287e-07
2.083839509159611580e+00,1.267047969045499518e-08,-1.586395344990299904e-07,1.093116415249761292e-08,9.869654454473372196e-01,1.470572844295633963e-04,1.470572844295633963e-04,1.267047969045499518e-08,2.360164384295260810e-08,9.869653746424057461e-01,1.469628778541915944e-04,1.469628778541915944e-04,1.948257184872762068e-08,-2.097524069322857741e-05,-2.097524069322857741e-05,1.567410945292268842e-07
2.086142094252605439e+00,1.288648240816343749e-08,-1.499190581900369033e-07,1.143032884404788646e-08,9.869654541890336974e-01,1.941972077945143538e-04,1.941972077945143538e-04,1.288648240816343749e-08,2.431681125221132395e-08,9.869653812385998926e-01,1.940999405495055070e-04,1.940999405495055070e-04,1.984254429487573495e-08,-2.092481972038950591e-05,-2.092481972038950591e-05,1.560274727300366700e-07
2.088444679345599742e+00,1.310149776187060262e-08,-1.413068978610934092e-07,1.190887660886101151e-08,9.869654634148201655e-01,2.409794095216000057e-04,2.409794095216000057e-04,1.310149776187060262e-08,2.501037437073161413e-08,9.869653883836970731e-01,2.408793680241170902e-04,2.408793680241170902e-04,2.020086911784211012e-08,-2.084722005006798599e-05,-2.084722005006798599e-05,1.553111371190754691e-07
2.090747264438593600e+00,1.331552204855430892e-08,-1.328024299399942786e-07,1.236705385719464388e-08,9.869654730871595394e-01,2.873457816930379298e-04,2.873457816930379298e-04,1.331552204855430892e-08,2.568257590574895280e-08,9.869653960394317860e-01,2.872430513894149275e-04,2.872430513894149275e-04,2.055754019283926968e-08,-2.074260208536346785e-05,-2.074260208536346785e-05,1.545921664950376647e-07
2.093049849531587459e+00,1.352855167371012154e-08,-1.244050262292839536e-07,1.280510562562209328e-08,9.869654831694139041e-01,3.332394266680600262e-04,3.332394266680600262e-04,1.352855167371012154e-08,2.633365729933221481e-08,9.869654041684420287e-01,3.331340920388627092e-04,3.331340920388627092e-04,2.091255157520426792e-08,-2.061115973773766159e-05,-2.061115973773766159e-05,1.538706388826475847e-07
2.095352434624581761e+00,1.374058315028755682e-08,-1.161140541005912777e-07,1.322327556597721159e-08,9.869654936258307476e-01,3.786047155941606917e-04,3.786047155941606917e-04,1.374058315028755682e-08,2.696385871626476841e-08,9.869654127342546435e-01,3.784968601592956540e-04,3.784968601592956540e-04,2.126589749862242538e-08,-2.045311978964854983e-05,-2.045311978964854983e-05,1.531466315351558128e-07
2.097655019717575620e+00,1.395161309762937039e-08,-1.079288766857371218e-07,1.362180593474447638e-08,9.869655044215279727e-01,4.233873439415595358e-04,4.233873439415595358e-04,1.395161309762937039e-08,2.757341903237384677e-08,9.869654217012708841e-01,4.232770502654300626e-04,4.232770502654300626e-04,2.161757237335691425e-08,-2.026874122286137516e-05,-2.026874122286137516e-05,1.524202209369025755e-07
2.099957604810569922e+00,1.416163824041439715e-08,-9.984885306465532758e-08,1.400093758288784242e-08,9.869655155224802412e-01,4.675343840490623270e-04,4.675343840490623270e-04,1.416163824041439715e-08,2.816257582330223958e-08,9.869654310347527604e-01,4.674217337457690956e-04,4.674217337457690956e-04,2.196757078448499088e-08,-2.005831451407456411e-05,-2.005831451407456411e-05,1.516914828059534703e-07
2.102260189903563781e+00,1.437065540760307472e-08,-9.187333845018314876e-08,1.436090994610898270e-08,9.869655268955050964e-01,5.109943346743981872e-04,5.109943346743981872e-04,1.437065540760307472e-08,2.873156535371205741e-08,9.869654407008090491e-01,5.108794084129833360e-04,5.108794084129833360e-04,2.231588749013936685e-08,-1.982216089951252213e-05,-1.982216089951252213e-05,1.509604920968045975e-07
2.104562774996558083e+00,1.457866153138700340e-08,-8.400168436969497304e-08,1.470196103553054468e-08,9.869655385082491961e-01,5.537171675473542571e-04,5.537171675473542571e-04,1.457866153138700340e-08,2.928062256691754808e-08,9.869654506663815274e-01,5.536000450570865462e-04,5.536000450570865462e-04,2.266251741975702450e-08,-1.956063161013741380e-05,-1.956063161013741380e-05,1.502273230031487585e-07
2.106865360089551942e+00,1.478565364614132201e-08,-7.623323884368226511e-08,1.502432742879436346e-08,9.869655503291746568e-01,5.956543709284188798e-04,5.956543709284188798e-04,1.478565364614132201e-08,2.980998107493568547e-08,9.869654608992314282e-01,5.955351310041191292e-04,5.955351310041191292e-04,2.300745567233334315e-08,-1.927410707914233519e-05,-1.927410707914233519e-05,1.494920489607126186e-07
2.109167945182545800e+00,1.499162888738125255e-08,-6.856734656123755131e-08,1.532824426157031053e-08,9.869655623275457312e-01,6.367589901806260414e-04,6.367589901806260414e-04,1.499162888738125255e-08,3.031987314895156308e-08,9.869654713679263391e-01,6.366377106880302455e-04,6.366377106880302455e-04,2.335069751468386503e-08,-1.896299612338221767e-05,-1.896299612338221767e-05,1.487547426501504633e-07
2.111470530275540103e+00,1.519658449072193388e-08,-6.100334905252701689e-08,1.561394521946680149e-08,9.869655744734154856e-01,6.769856653664130730e-04,6.769856653664130730e-04,1.519658449072193388e-08,3.081052971018873537e-08,9.869654820418263252e-01,6.768624232475722695e-04,6.768624232475722695e-04,2.369223837971211952e-08,-1.862773510040316251e-05,-1.862773510040316251e-05,1.480154760000022484e-07
2.113773115368533961e+00,1.540051779084204046e-08,-5.354058485825944504e-08,1.588166253033711646e-08,9.869655867376124769e-01,7.162906658857956825e-04,7.162906658857956825e-04,1.540051779084204046e-08,3.128218032117915692e-08,9.869654928910714942e-01,7.161655371645109496e-04,7.161655371645109496e-04,2.403207386468437587e-08,-1.826878704272226638e-05,-1.826878704272226638e-05,1.472743201897100703e-07
2.116075700461528264e+00,1.560342622045161815e-08,-4.617838969616507665e-08,1.613162695697481785e-08,9.869655990917283184e-01,7.546319221763249591e-04,7.546319221763249591e-04,1.560342622045161815e-08,3.173505317742643600e-08,9.869655038865687846e-01,7.545049819636152639e-04,7.545049819636152639e-04,2.437019972951201256e-08,-1.788664077100465420e-05,-1.788664077100465420e-05,1.465313456526889777e-07
2.118378285554522122e+00,1.580530730926328989e-08,-3.891609662456390606e-08,1.636406779019038100e-08,9.869656115081041348e-01,7.919690544989996120e-04,7.919690544989996120e-04,1.580530730926328989e-08,3.216937509945367089e-08,9.869655149999788657e-01,7.918403769986017511e-04,7.918403769986017511e-04,2.470661189504005417e-08,-1.748180998777697906e-05,-1.748180998777697906e-05,1.457866220794585319e-07
2.120680870647516425e+00,1.600615868296812006e-08,-3.175303620299184094e-08,1.657921284226400668e-08,9.869656239598187941e-01,8.282633988384934627e-04,8.282633988384934627e-04,1.600615868296812006e-08,3.258537152523212675e-08,9.869655262037042576e-01,8.281330573523925775e-04,8.281330573523925775e-04,2.504130644134405280e-08,-1.705483235330132065e-05,-1.705483235330132065e-05,1.450402184208228596e-07
2.122983455740510284e+00,1.620597806221498614e-08,-2.468853664997025686e-08,1.677728844076635032e-08,9.869656364206753629e-01,8.634780299492976962e-04,8.634780299492976962e-04,1.620597806221498614e-08,3.298326650298133647e-08,9.869655374708758977e-01,8.633460968832857609e-04,8.633460968832857609e-04,2.537427960603328257e-08,-1.660626854522521110e-05,-1.660626854522521110e-05,1.442922028911066895e-07
2.125286040833504142e+00,1.640476326159472478e-08,-1.772192399790847753e-08,1.695851942274200962e-08,9.869656488651898929e-01,8.975777815832085152e-04,8.975777815832085152e-04,1.640476326159472478e-08,3.336328268433673439e-08,9.869655487753418166e-01,8.974443284524711217e-04,8.974443284524711217e-04,2.570552778256244081e-08,-1.613670130360182303e-05,-1.613670130360182303e-05,1.435426429714402781e-07
2.127588625926498445e+00,1.660251218862816895e-08,-1.085252224519164414e-08,1.712312912924829615e-08,9.869656612685778763e-01,9.305292639366199905e-04,9.305292639366199905e-04,1.660251218862816895e-08,3.372564131787646510e-08,9.869655600916539262e-01,9.303943613713485045e-04,9.303943613713485045e-04,2.603504751855030092e-08,-1.564673446286276353e-05,-1.564673446286276353e-05,1.427916054130924582e-07
2.129891211019492303e+00,1.679922284275855600e-08,-4.079653505487693561e-09,1.727133940024319302e-08,9.869656736067434766e-01,9.623008783593344027e-04,9.623008783593344027e-04,1.679922284275855600e-08,3.407056224300174902e-08,9.869655713950566955e-01,9.621645961103624054e-04,9.621645961103624054e-04,2.636283551410610428e-08,-1.513699197230185562e-05,-1.513699197230185562e-05,1.420391562408542179e-07
2.132193796112486606e+00,1.699489331434873983e-08,2.597361845725575601e-09,1.740337056981659245e-08,9.869656858562666502e-01,9.928628293697178229e-04,9.928628293697178229e-04,1.699489331434873983e-08,3.439826388416533228e-08,9.869655826614750493e-01,9.927252363141811885e-04,9.927252363141811885e-04,2.668888862016440929e-08,-1.460811690660872708e-05,-1.460811690660872708e-05,1.412853607564642073e-07
2.134496381205480464e+00,1.718952178368237366e-08,9.179205027342974457e-09,1.751944146175775253e-08,9.869656979943923769e-01,1.022187134023454583e-03,1.022187134023454583e-03,1.718952178368237366e-08,3.470896324544012619e-08,9.869655938675025997e-01,1.022048298170472914e-03,1.022048298170472914e-03,2.701320383682699792e-08,-1.406077046796918170e-05,-1.406077046796918170e-05,1.405302835420811769e-07
2.136798966298474767e+00,1.738310651997024772e-08,1.566655871152931671e-08,1.761976938545344748e-08,9.869657099990175597e-01,1.050247628686320480e-03,1.050247628686320480e-03,1.738310651997024772e-08,3.500287590542369521e-08,9.869656049903898776e-01,1.050107617182698821e-03,1.050107617182698821e-03,2.733577831171372239e-08,-1.349563098122156228e-05,-1.349563098122156228e-05,1.397739884637985293e-07
2.139101551391468625e+00,1.757564588036069670e-08,2.206010688527269737e-08,1.770457013211013460e-08,9.869657218486811434e-01,1.077019973263339085e-03,1.077019973263339085e-03,1.757564588036069670e-08,3.528021601247083130e-08,9.869656160080331198e-01,1.076878852399289254e-03,1.076878852399289254e-03,2.765660933832058146e-08,-1.291339288353621719e-05,-1.291339288353621719e-05,1.390165386752000038e-07
2.141404136484462484e+00,1.776713830895528127e-08,2.836053471459281651e-08,1.777405797129453269e-08,9.869657335225515693e-01,1.102481652939505188e-03,1.102481652939505188e-03,1.776713830895528127e-08,3.554119628024981396e-08,9.869656268989627224e-01,1.102339488154384243e-03,1.102339488154384243e-03,2.797569435438689565e-08,-1.231476571005289016e-05,-1.231476571005289016e-05,1.382579966209547764e-07
2.143706721577456786e+00,1.795758233582890663e-08,3.456852841134576671e-08,1.782844564778628255e-08,9.869657450004163390e-01,1.126611977489013795e-03,1.126611977489013795e-03,1.795758233582890663e-08,3.578602798361518918e-08,9.869656376423323607e-01,1.126468833377079412e-03,1.126468833377079412e-03,2.829303094027022492e-08,-1.170047307688647185e-05,-1.170047307688647185e-05,1.374984240404521835e-07
2.146009306670450645e+00,1.814697657605476185e-08,4.068477510261162373e-08,1.786794437873681983e-08,9.869657562626705793e-01,1.149392078212189711e-03,1.149392078212189711e-03,1.814697657605476185e-08,3.601492095479158168e-08,9.869656482179076651e-01,1.149248018528370528e-03,1.149248018528370528e-03,2.860861681732967063e-08,-1.107125166287829564e-05,-1.107125166287829564e-05,1.367378819714726040e-07
2.148311891763444947e+00,1.833531972873455321e-08,4.670996270263857949e-08,1.789276385112873276e-08,9.869657672903059398e-01,1.170804902561139440e-03,1.170804902561139440e-03,1.833531972873455321e-08,3.622808357986328596e-08,9.869656586060552295e-01,1.170659990226819921e-03,1.170659990226819921e-03,2.892244984631826986e-08,-1.042785019143838951e-05,-1.042785019143838951e-05,1.359764307538943401e-07
2.150614476856438806e+00,1.852261057603316780e-08,5.264477978729774688e-08,1.790311221952955983e-08,9.869657780649008227e-01,1.190835206516650466e-03,1.190835206516650466e-03,1.852261057603316780e-08,3.642572279556272763e-08,9.869656687877323975e-01,1.190689503625468135e-03,1.190689503625468135e-03,2.923452802578305937e-08,-9.771028413795501759e-06,-9.771028413795501759e-06,1.352141300334343003e-07
2.152917061949432664e+00,1.870884798221890255e-08,5.848991547103776061e-08,1.789919610413454481e-08,9.869657885686081711e-01,1.209469544780731936e-03,1.209469544780731936e-03,1.870884798221890255e-08,3.660804408635344736e-08,9.869656787444759383e-01,1.209323112604386531e-03,1.209323112604386531e-03,2.954484949047469847e-08,-9.101556094932083949e-06,-9.101556094932083949e-06,1.344510387654219278e-07
2.155219647042426967e+00,1.889403089270843457e-08,6.424605928629416558e-08,1.788122058909248934e-08,9.869657987841465863e-01,1.226696258850251122e-03,1.226696258850251122e-03,1.889403089270843457e-08,3.677525148180092391e-08,9.869656884583921652e-01,1.226549157844323938e-03,1.226549157844323938e-03,2.985341250976518164e-08,-8.420212003452981253e-06,-8.420212003452981253e-06,1.336872152186049997e-07
2.157522232135420825e+00,1.907815833311691004e-08,6.991390106532889649e-08,1.784938922110918423e-08,9.869658086947886710e-01,1.242505463038639851e-03,1.242505463038639851e-03,1.907815833311691004e-08,3.692754755422609427e-08,9.869656979121460560e-01,1.242357752848422849e-03,1.242357752848422849e-03,3.016021548607436239e-08,-7.727782906597777809e-06,-7.727782906597777809e-06,1.329227169789855734e-07
2.159824817228415128e+00,1.926122940831359518e-08,7.549413082448110133e-08,1.780390400832283422e-08,9.869658182843517036e-01,1.256889028513611360e-03,1.256889028513611360e-03,1.926122940831359518e-08,3.706513341663642940e-08,9.869657070889514827e-01,1.256740767979944726e-03,1.256740767979944726e-03,3.046525695330593337e-08,-7.025062571569644636e-06,-7.025062571569644636e-06,1.321576009536851051e-07
2.162127402321408987e+00,1.944324330148222553e-08,8.098743865077998919e-08,1.774496541944610627e-08,9.869658275371869793e-01,1.269840565419843919e-03,1.269840565419843919e-03,1.944324330148222553e-08,3.718820872092833180e-08,9.869657159725607753e-01,1.269691812584960132e-03,1.269691812584960132e-03,3.076853557529140700e-08,-6.312850774322364322e-06,-6.312850774322364322e-06,1.313919233748368034e-07
2.164429987414403289e+00,1.962419927318723813e-08,8.639451459091359418e-08,1.767277238316924266e-08,9.869658364381699300e-01,1.281355403156427594e-03,1.281355403156427594e-03,1.962419927318723813e-08,3.729697165635648079e-08,9.869657245472549523e-01,1.281206215269802213e-03,1.281206215269802213e-03,3.107005014424407518e-08,-5.591952316901524508e-06,-5.591952316901524508e-06,1.306257398035049306e-07
2.166732572507397148e+00,1.980409666044475506e-08,9.171604854249739270e-08,1.758752228781915004e-08,9.869658449726907978e-01,1.291430568879564427e-03,1.291430568879564427e-03,1.980409666044475506e-08,3.739161894826390510e-08,9.869657327978339501e-01,1.291281002403771435e-03,1.291281002403771435e-03,3.136979957922103571e-08,-4.863176054407194190e-06,-4.863176054407194190e-06,1.298591051336309175e-07
2.169035157600391006e+00,1.998293487579945981e-08,9.695273014764780326e-08,1.748941098126874380e-08,9.869658531266445323e-01,1.300064764301603424e-03,1.300064764301603424e-03,1.998293487579945981e-08,3.747234585706820361e-08,9.869657407096069646e-01,1.299914874918175122e-03,1.299914874918175122e-03,3.166778292459521101e-08,-4.127333932597913056e-06,-4.127333932597913056e-06,1.290920735960001507e-07
2.171337742693385309e+00,2.016071340640656907e-08,1.021052486887962737e-07,1.737863277109183924e-08,9.869658608864210203e-01,1.307258340857919308e-03,1.307258340857919308e-03,2.016071340640656907e-08,3.753934617749840831e-08,9.869657482683824590e-01,1.307108183473209249e-03,1.307108183473209249e-03,3.196399934853590339e-08,-3.385240037125105574e-06,-3.385240037125105574e-06,1.283246987622360775e-07
2.173640327786379167e+00,2.033743181311928376e-08,1.071742929867405808e-07,1.725538042495833549e-08,9.869658682388958715e-01,1.313013273313488839e-03,1.313013273313488839e-03,2.033743181311928376e-08,3.759281223807761925e-08,9.869657554604591709e-01,1.312862902064536492e-03,1.312862902064536492e-03,3.225844814149864777e-08,-2.637709655343106516e-06,-2.637709655343106516e-06,1.275570335488131830e-07
2.175942912879373470e+00,2.051308972958203698e-08,1.121605513008993688e-07,1.711984517126415322e-08,9.869658751714217582e-01,1.317333131881238744e-03,1.317333131881238744e-03,2.051308972958203698e-08,3.763293490084619020e-08,9.869657622726170088e-01,1.317182600141635464e-03,1.317182600141635464e-03,3.255112871472479208e-08,-1.885558351600502742e-06,-1.885558351600502742e-06,1.267891302210916463e-07
2.178245497972367328e+00,2.068768686132882079e-08,1.170647112317285409e-07,1.697221669999166132e-08,9.869658816718177574e-01,1.320223052924297466e-03,1.320223052924297466e-03,2.068768686132882079e-08,3.765990356132048211e-08,9.869657686921070594e-01,1.320072413310052241e-03,1.320072413310052241e-03,3.284204059874956785e-08,-1.129601056884223804e-06,-1.129601056884223804e-06,1.260210403973727754e-07
2.180548083065361631e+00,2.086122298488760437e-08,1.218874596252973594e-07,1.681268316379488825e-08,9.869658877283618015e-01,1.321689708314310006e-03,1.321689708314310006e-03,2.086122298488760437e-08,3.767390614868249262e-08,9.869657747066433728e-01,1.321539012689715211e-03,1.321539012689715211e-03,3.313118344192043107e-08,-3.706511736400540082e-07,-3.706511736400540082e-07,1.252528150529702184e-07
2.182850668158355489e+00,2.103369794688981127e-08,1.266294824799605952e-07,1.664143117930538870e-08,9.869658933297809078e-01,1.321741273517834441e-03,1.321741273517834441e-03,2.103369794688981127e-08,3.767512912619519997e-08,9.869657803043935251e-01,1.321590573001329635e-03,1.321590573001329635e-03,3.341855700892385349e-08,3.904803034371991532e-07,3.904803034371991532e-07,1.244845045243031704e-07
2.185153253251349348e+00,2.120511166318597396e-08,1.312914648551406638e-07,1.645864582865316743e-08,9.869658984652426303e-01,1.320387394482599270e-03,1.320387394482599270e-03,2.120511166318597396e-08,3.766375749183914139e-08,9.869657854739701808e-01,1.320236739452631961e-03,1.320236739452631961e-03,3.370416117932240409e-08,1.152985649899503617e-06,1.152985649899503617e-06,1.237161585130011750e-07
2.187455838344343650e+00,2.137546411796669232e-08,1.358740907821548807e-07,1.626451066119854392e-08,9.869659031243461778e-01,1.317639153395124517e-03,1.317639153395124517e-03,2.137546411796669232e-08,3.763997477916523625e-08,9.869657902044218778e-01,1.317488593496007887e-03,1.317488593496007887e-03,3.398799594610069793e-08,1.916061256614359584e-06,1.916061256614359584e-06,1.229478260900279301e-07
2.189758423437337509e+00,2.154475536288930627e-08,1.403780431770778610e-07,1.605920769547003481e-08,9.869659072971141978e-01,1.313509033380719877e-03,1.313509033380719877e-03,2.154475536288930627e-08,3.760396305835934109e-08,9.869657944852250342e-01,1.313358617528486393e-03,1.313358617528486393e-03,3.427006141422090716e-08,2.678908456737923730e-06,2.678908456737923730e-06,1.221795556998192033e-07
2.192061008530331812e+00,2.171298551621061344e-08,1.448040037556216166e-07,1.584291742130315834e-08,9.869659109739841174e-01,1.308010882216448408e-03,1.308010882216448408e-03,2.171298551621061344e-08,3.755590293751377178e-08,9.869657983062752882e-01,1.307860658604698438e-03,1.307860658604698438e-03,3.455035779918825780e-08,3.440734333963494758e-06,3.440734333963494758e-06,1.214113951644314136e-07
2.194363593623325670e+00,2.188015476192487087e-08,1.491526529499763228e-07,1.561581880217681924e-08,9.869659141457997054e-01,1.301159875126963383e-03,1.301159875126963383e-03,2.188015476192487087e-08,3.749597356410169011e-08,9.869658016578790605e-01,1.301009891232706881e-03,1.301009891232706881e-03,3.482888542562537404e-08,4.200752511449776905e-06,4.200752511449776905e-06,1.206433916877074455e-07
2.196666178716319529e+00,2.204626334890803697e-08,1.534246698276184519e-07,1.537808927774108998e-08,9.869659168038031893e-01,1.292972476732514231e-03,1.292972476732514231e-03,2.204626334890803697e-08,3.742435262664912696e-08,9.869658045307453387e-01,1.292822779322007646e-03,1.292822779322007646e-03,3.510564472585694570e-08,4.958183920880725725e-06,4.958183920880725725e-06,1.198755918594500858e-07
2.198968763809313831e+00,2.221131159006748609e-08,1.576207320120374099e-07,1.512990476653333112e-08,9.869659189396270405e-01,1.283466402217611031e-03,1.283466402217611031e-03,2.221131159006748609e-08,3.734121635660081722e-08,9.869658069159780167e-01,1.283317037352184678e-03,1.283317037352184678e-03,3.538063623850345506e-08,5.712257551138527364e-06,5.712257551138527364e-06,1.191080416596074789e-07
2.201271348902307690e+00,2.237529986149754976e-08,1.617415156053538615e-07,1.487143966887781665e-08,9.869659205452857575e-01,1.272660577788045600e-03,1.272660577788045600e-03,2.237529986149754976e-08,3.724673953037536642e-08,9.869658088050671241e-01,1.272511590829924089e-03,1.272511590829924089e-03,3.565386060708460482e-08,6.462211176115029223e-06,6.462211176115029223e-06,1.183407864624706506e-07
2.203573933995301992e+00,2.253822860164121547e-08,1.657876951128281576e-07,1.460286686996395433e-08,9.869659216131682067e-01,1.260575100482995078e-03,1.260575100482995078e-03,2.253822860164121547e-08,3.714109547160516980e-08,9.869658101898818314e-01,1.260426536101108639e-03,1.260426536101108639e-03,3.592531857863288392e-08,7.207292061224103224e-06,7.207292061224103224e-06,1.175738710408747525e-07
2.205876519088295851e+00,2.270009831045719879e-08,1.697599433691915501e-07,1.432435774310008663e-08,9.869659221360304047e-01,1.247231197408057253e-03,1.247231197408057253e-03,2.270009831045719879e-08,3.702445605355728541e-08,9.869658110626622349e-01,1.247083099583843084e-03,1.247083099583843084e-03,3.619501100231605382e-08,7.946757648209824018e-06,7.946757648209824018e-06,1.168073395704148372e-07
2.208179104181290153e+00,2.286090954859339143e-08,1.736589314668176396e-07,1.403608215313705233e-08,9.869659221069865263e-01,1.232651184453916089e-03,1.232651184453916089e-03,2.286090954859339143e-08,3.689699170173044376e-08,9.869658114160114737e-01,1.232503596487109082e-03,1.232503596487109082e-03,3.646293882807009683e-08,8.679876217890010679e-06,8.679876217890010679e-06,1.160412356336633018e-07
2.210481689274284012e+00,2.302066293656568595e-08,1.774853286856721942e-07,1.373820846005915295e-08,9.869659215195031310e-01,1.216858424564349738e-03,1.216858424564349738e-03,2.302066293656568595e-08,3.675887139662483891e-08,9.869658112428889574e-01,1.216711389078763226e-03,1.216711389078763226e-03,3.672910310524113777e-08,9.405927530501767640e-06,9.405927530501767640e-06,1.152756022243969262e-07
2.212784274367277870e+00,2.317935915394317971e-08,1.812398024250404150e-07,1.343090352273665755e-08,9.869659203673903924e-01,1.199877285616036482e-03,1.199877285616036482e-03,2.317935915394317971e-08,3.661026267667983726e-08,9.869658105366023726e-01,1.199730844565329762e-03,1.199730844565329762e-03,3.699350498123775497e-08,1.012420344336035691e-05,1.012420344336035691e-05,1.145104817518288615e-07
2.215086859460272173e+00,2.333699893853896721e-08,1.849230181369954363e-07,1.311433270283724209e-08,9.869659186447952148e-01,1.181733097971487175e-03,1.181733097971487175e-03,2.333699893853896721e-08,3.645133164137620930e-08,9.869658092908002445e-01,1.181587292644921752e-03,1.181587292644921752e-03,3.725614570019262192e-08,1.083400850556957522e-05,1.083400850556957522e-05,1.137459160448434905e-07
2.217389444553266031e+00,2.349358308560686503e-08,1.885356392615760055e-07,1.278865986889182366e-08,9.869659163461944607e-01,1.162452111765160294e-03,1.162452111765160294e-03,2.349358308560686503e-08,3.628224295449868869e-08,9.869658074994656083e-01,1.162306982793342254e-03,1.162306982793342254e-03,3.751702660163378387e-08,1.153466052956155165e-05,1.153466052956155165e-05,1.129819463562394010e-07
2.219692029646260334e+00,2.364911244704435379e-08,1.920783271636701675e-07,1.245404740051022363e-08,9.869659134663871791e-01,1.142061453981421887e-03,1.142061453981421887e-03,2.364911244704435379e-08,3.610315984755457742e-08,9.869658051569076829e-01,1.141917041342031683e-03,1.141917041342031683e-03,3.777614911916629075e-08,1.222549113927677249e-05,1.222549113927677249e-05,1.122186133669707440e-07
2.221994614739254192e+00,2.380358793060100935e-08,1.955517410715533364e-07,1.211065619274445604e-08,9.869659100004883889e-01,1.120589085381878828e-03,1.120589085381878828e-03,2.380358793060100935e-08,3.591424412334546540e-08,9.869658022577559864e-01,1.120445428405385463e-03,1.120445428405385463e-03,3.803351477916273720e-08,1.290584629482450332e-05,1.290584629482450332e-05,1.114559571903946548e-07
2.224297199832248495e+00,2.395701049909339591e-08,1.989565380170782664e-07,1.175864566059370540e-08,9.869659059439213067e-01,1.098063757337942392e-03,1.098063757337942392e-03,2.395701049909339591e-08,3.571565615968710131e-08,9.869657987969527868e-01,1.097920894713303721e-03,1.097920894713303721e-03,3.828912519946445662e-08,1.357508679350234867e-05,1.357508679350234867e-05,1.106940173765190166e-07
2.226599784925242353e+00,2.410938116962535891e-08,2.022933727774762657e-07,1.139817374364945537e-08,9.869659012924113517e-01,1.074514968623390201e-03,1.074514968623390201e-03,2.410938116962535891e-08,3.550755491327481428e-08,9.869657947697466627e-01,1.074372938403737182e-03,1.074372938403737182e-03,3.854298208809160252e-08,1.423258874707822842e-05,1.423258874707822842e-05,1.099328329162511779e-07
2.228902370018236212e+00,2.426070101281478658e-08,2.055628978187592218e-07,1.102939691087506741e-08,9.869658960419793736e-01,1.049972922219911909e-03,1.049972922219911909e-03,2.426070101281478658e-08,3.529009792368985399e-08,9.869657901716856196e-01,1.049831761828217249e-03,1.049831761828217249e-03,3.879508724196381775e-08,1.487774403527589689e-05,1.487774403527589689e-05,1.091724422456472657e-07
2.231204955111230515e+00,2.441097115202598957e-08,2.087657632406859393e-07,1.065247016551759579e-08,9.869658901889348801e-01,1.024468482187444003e-03,1.024468482187444003e-03,2.441097115202598957e-08,3.506344131754358536e-08,9.869657849986108733e-01,1.024328228422173885e-03,1.024328228422173885e-03,3.904544254563010195e-08,1.550996073542896641e-05,1.550996073542896641e-05,1.084128832501611540e-07
2.233507540204224373e+00,2.456019276260806619e-08,2.119026167232749734e-07,1.026754705014791816e-08,9.869658837298691534e-01,9.980331306494107275e-04,9.980331306494107275e-04,2.456019276260806619e-08,3.482773981275598435e-08,9.869657792466497437e-01,9.978938196901596287e-04,9.978938196901596287e-04,3.929404997000849272e-08,1.612866352830147183e-05,1.612866352830147183e-05,1.076541932688927310e-07
2.235810125297218676e+00,2.470836707113949126e-08,2.149741034748445853e-07,9.874779651824754627e-09,9.869658766616500323e-01,9.706989249414687757e-04,9.706989249414687757e-04,2.470836707113949126e-08,3.458314672296424589e-08,9.869657729122098822e-01,9.705605923545769335e-04,9.705605923545769335e-04,3.954091157113600380e-08,1.673329408010170840e-05,1.673329408010170840e-05,1.068964090988338767e-07
2.238112710390212534e+00,2.485549535467826368e-08,2.179808661815452484e-07,9.474318607380825054e-09,9.869658689814144736e-01,9.424984549709869387e-04,9.424984549709869387e-04,2.485549535467826368e-08,3.432981396205908874e-08,9.869657659919726100e-01,9.423611357151387381e-04,9.423611357151387381e-04,3.978602948892752329e-08,1.732331140073950770e-05,1.732331140073950770e-05,1.061395669991124952e-07
2.240415295483206393e+00,2.500157894001840999e-08,2.209235449583740124e-07,9.066313108825741322e-09,9.869658606865633343e-01,9.134648008326396850e-04,9.134648008326396850e-04,2.500157894001840999e-08,3.406789204884415131e-08,9.869657584828871455e-01,9.133285292644442634e-04,9.133285292644442634e-04,4.002940594594527992e-08,1.789819217841029790e-05,1.789819217841029790e-05,1.053837026952333440e-07
2.242717880576200695e+00,2.514661920295216905e-08,2.238027773016366058e-07,8.650910908863960467e-09,9.869658517747543769e-01,8.836314907242242330e-04,8.836314907242242330e-04,2.514661920295216905e-08,3.379753011181612952e-08,9.869657503821640532e-01,8.834963006037770041e-04,8.834963006037770041e-04,4.027104324617748769e-08,1.845743109060910521e-05,1.845743109060910521e-05,1.046288513833158190e-07
2.245020465669194554e+00,2.529061756753815231e-08,2.266191980428417646e-07,8.228258326523818229e-09,9.869658422438972734e-01,8.530324592050191577e-04,8.530324592050191577e-04,2.529061756753815231e-08,3.351887589406197054e-08,9.869657416872695821e-01,8.528983837014429518e-04,8.528983837014429518e-04,4.051094377382681084e-08,1.900054109170644211e-05,1.900054109170644211e-05,1.038750477343270813e-07
2.247323050762188856e+00,2.543357550537568135e-08,2.293734393040031981e-07,7.798500252893616317e-09,9.869658320921469441e-01,8.217020058374304749e-04,8.217020058374304749e-04,2.543357550537568135e-08,3.323207575826929767e-08,9.869657323959196704e-01,8.215690775343973806e-04,8.215690775343973806e-04,4.074910999210894027e-08,1.952705367724279372e-05,1.952705367724279372e-05,1.031223258983110939e-07
2.249625635855182715e+00,2.557549453488470404e-08,2.320661304543250505e-07,7.361780156963264541e-09,9.869658213178981176e-01,7.896747542512414083e-04,7.896747542512414083e-04,2.557549453488470404e-08,3.293727469184796858e-08,9.869657225060740613e-01,7.895430051524740143e-04,7.895430051524740143e-04,4.098554444206022259e-08,2.003651912511718040e-05,2.003651912511718040e-05,1.023707195086115049e-07
2.251928220948177017e+00,2.571637622059202038e-08,2.346978980682534406e-07,6.918240091566306272e-09,9.869658099197797796e-01,7.569856116678943441e-04,7.569856116678943441e-04,2.571637622059202038e-08,3.263461631215832666e-08,9.869657120159308628e-01,7.568550732026457306e-04,7.568550732026457306e-04,4.122024974135573816e-08,2.052850671387492081e-05,2.052850671387492081e-05,1.016202616860888786e-07
2.254230806041170876e+00,2.585622217242308025e-08,2.372693658848628738e-07,6.468020699421443803e-09,9.869657978966492884e-01,7.236697289209607269e-04,7.236697289209607269e-04,2.585622217242308025e-08,3.232424287184452405e-08,9.869657009239206635e-01,7.235404319494733155e-04,7.235404319494733155e-04,4.145322858313631262e-08,2.100260491831351965e-05,2.100260491831351965e-05,1.008709850433330299e-07
2.256533391134164734e+00,2.599503404500003790e-08,2.397811547685700596e-07,6.011261219268047974e-09,9.869657852475868243e-01,6.897624610070152368e-04,6.897624610070152368e-04,2.599503404500003790e-08,3.200629526426808588e-08,9.869656892287009819e-01,6.896344358259581721e-04,6.896344358259581721e-04,4.168448373484589807e-08,2.145842158265402037e-05,2.145842158265402037e-05,1.001229216888653672e-07
2.258835976227159037e+00,2.613281353694547108e-08,2.422338826711382633e-07,5.548099492094689218e-09,9.869657719718902822e-01,6.552993281998402723e-04,6.552993281998402723e-04,2.613281353694547108e-08,3.168091302904016030e-08,9.869656769291511589e-01,6.551726045477241451e-04,6.551726045477241451e-04,4.191401803707811264e-08,2.189558407153847195e-05,2.189558407153847195e-05,9.937610323133719728e-08
2.261138561320152895e+00,2.626956239019198294e-08,2.446281645949599634e-07,5.078671967457076901e-09,9.869657580690697207e-01,6.203159777591106278e-04,6.203159777591106278e-04,2.626956239019198294e-08,3.134823435764905985e-08,9.869656640243666956e-01,6.201905848216800795e-04,6.201905848216800795e-04,4.214183440243245487e-08,2.231373939913749611e-05,2.231373939913749611e-05,9.863056078371799902e-08
2.263441146413147198e+00,2.640528238929800132e-08,2.469646125575999730e-07,4.603113709881373639e-09,9.869657435388422551e-01,5.848481462630951769e-04,5.848481462630951769e-04,2.640528238929800132e-08,3.100839609917937496e-08,9.869656505136539248e-01,5.847241126786984107e-04,5.847241126786984107e-04,4.236793581438059648e-08,2.271255433666935294e-05,2.271255433666935294e-05,9.788632496747518705e-08
2.265743731506141057e+00,2.653997536076900087e-08,2.492438355575630526e-07,4.121558405352355171e-09,9.869657283811265058e-01,5.489316225935887781e-04,5.489316225935887781e-04,2.653997536076900087e-08,3.066153376612135604e-08,9.869656363965252366e-01,5.488089764585243023e-04,5.488089764585243023e-04,4.259232532614156885e-08,2.309171549864648225e-05,2.309171549864648225e-05,9.714342591674701945e-08
2.268046316599135359e+00,2.667364317238504500e-08,2.514664395412881076e-07,3.634138367880754588e-09,9.869657125960381583e-01,5.126022115993426713e-04,5.126022115993426713e-04,2.667364317238504500e-08,3.030778154026579959e-08,9.869656216726935272e-01,5.124809804731816475e-04,5.124809804731816475e-04,4.281500605956723318e-08,2.345092940818676162e-05,2.345092940818676162e-05,9.640189328250238974e-08
2.270348901692129218e+00,2.680628773253374076e-08,2.536330273713217715e-07,3.140984546150055598e-09,9.869656961838844111e-01,4.758956984631448482e-04,4.758956984631448482e-04,2.680628773253374076e-08,2.994727227868379636e-08,9.869656063420675363e-01,4.757759093740301297e-04,4.757759093740301297e-04,4.303598120403661789e-08,2.378992254173681553e-05,2.378992254173681553e-05,9.566175623669589417e-08
2.272651486785123076e+00,2.693791098954941420e-08,2.557441987956778894e-07,2.642226530236967739e-09,9.869656791451594247e-01,4.388478137957354109e-04,4.388478137957354109e-04,2.693791098954941420e-08,2.958013751978638194e-08,9.869655904047468509e-01,4.387294932456562400e-04,4.387294932456562400e-04,4.325525401536042711e-08,2.410844135357482519e-05,2.410844135357482519e-05,9.492304347640746692e-08
2.274954071878117379e+00,2.706851493105787743e-08,2.578005504183436721e-07,2.137992558405361842e-09,9.869656614805392136e-01,4.014941994786160951e-04,4.014941994786160951e-04,2.706851493105787743e-08,2.920650748946323927e-08,9.869655738610167983e-01,4.013773734486582442e-04,4.013773734486582442e-04,4.347282781469465474e-08,2.440625228046939952e-05,2.440625228046939952e-05,9.418578322797448483e-08
2.277256656971111237e+00,2.719810158332696282e-08,2.598026756709178563e-07,1.628409523970085710e-09,9.869656431908773175e-01,3.638703752760712564e-04,3.638703752760712564e-04,2.719810158332696282e-08,2.882651110729704853e-08,9.869655567113440053e-01,3.637550692316420691e-04,3.637550692316420691e-04,4.368870598746362840e-08,2.468314172688751350e-05,2.468314172688751350e-05,9.345000325111262234e-08
2.279559242064105540e+00,2.732667301062311212e-08,2.617511647853704956e-07,1.113602982227036974e-09,9.869656242771994714e-01,3.260117062352350806e-04,3.260117062352350806e-04,2.732667301062311212e-08,2.844027599285014909e-08,9.869655389563715131e-01,3.258979451312636849e-04,3.258979451312636849e-04,4.390289198229297949e-08,2.493891603115541659e-05,2.493891603115541659e-05,9.271573084302267753e-08
2.281861827157099398e+00,2.745423131457336545e-08,2.636466047678869012e-07,5.936971574494401679e-10,9.869656047406997201e-01,2.879533708918468834e-04,2.879533708918468834e-04,2.745423131457336545e-08,2.804792847202280562e-08,9.869655205969143363e-01,2.878411791779588173e-04,2.878411791779588173e-04,4.411538930995135499e-08,2.517340141298720491e-05,2.517340141298720491e-05,9.198299284248947042e-08
2.284164412250093257e+00,2.758077863353346479e-08,2.654895793737983248e-07,6.881494994484878655e-11,9.869655845827355334e-01,2.497303302974856337e-04,2.497303302974856337e-04,2.758077863353346479e-08,2.764959358347831358e-08,9.869655016339548004e-01,2.496197319231517218e-04,2.496197319231517218e-04,4.432620154230222734e-08,2.538644390280798892e-05,2.538644390280798892e-05,9.125181563396394619e-08
2.286466997343087559e+00,2.770631714196145989e-08,2.672806690835598929e-07,-4.609220568270648016e-10,9.869655638048232538e-01,2.113772978830927372e-04,2.113772978830927372e-04,2.770631714196145989e-08,2.724539508513439509e-08,9.869654820686379892e-01,2.112683163027521895e-04,2.112683163027521895e-04,4.453533231126460494e-08,2.557790925330672327e-05,2.557790925330672327e-05,9.052222515163619933e-08
2.288769582436081418e+00,2.783084904979700183e-08,2.690204510797711321e-07,-9.953935890794586958e-10,9.869655424086342110e-01,1.729287101719168603e-04,1.729287101719168603e-04,2.783084904979700183e-08,2.683545546071754313e-08,9.869654619022678599e-01,1.728213683500739984e-04,1.728213683500739984e-04,4.474278530778309301e-08,2.574768283366371286e-05,2.574768283366371286e-05,8.979424688349396577e-08
2.291072167529075720e+00,2.795437660184659567e-08,2.707094992252169576e-07,-1.534480675469232748e-09,9.869655203959900591e-01,1.344186983536951570e-04,1.344186983536951570e-04,2.795437660184659567e-08,2.641989592637736292e-08,9.869654411363022462e-01,1.343130187699896584e-04,1.343130187699896584e-04,4.494856428080769531e-08,2.589566950690635767e-05,2.589566950690635767e-05,8.906790587536655673e-08
2.293374752622069579e+00,2.807690207717416353e-08,2.723483840419045079e-07,-2.078065639813779369e-09,9.869654977688584463e-01,9.588106073076942495e-05,9.588106073076942495e-05,2.807690207717416353e-08,2.599883643736038416e-08,9.869654197723490840e-01,9.577706538501997726e-05,9.577706538501997726e-05,4.515267303628226492e-08,2.602179349085280075e-05,2.602179349085280075e-05,8.834322673495801934e-08
2.295677337715063882e+00,2.819842778849765273e-08,2.739376726910907958e-07,-2.626032093759082882e-09,9.869654745293492404e-01,5.734923604515571423e-05,5.734923604515571423e-05,2.819842778849765273e-08,2.557239569473856984e-08,9.869653978121621929e-01,5.724694646237676117e-05,5.724694646237676117e-05,4.535511543614285471e-08,2.612599820311172595e-05,2.612599820311172595e-05,8.762023363586261542e-08
2.297979922808057740e+00,2.831895608159086508e-08,2.754779289542682485e-07,-3.178264929397989513e-09,9.869654506797107540e-01,1.885627769474549484e-05,1.885627769474549484e-05,2.831895608159086508e-08,2.514069115219287557e-08,9.869653752576372785e-01,1.875571493013672425e-05,1.875571493013672425e-05,4.555589539732464396e-08,2.620824609061091930e-05,2.620824609061091930e-05,8.689895032156866680e-08
2.300282507901051599e+00,2.843848933469128164e-08,2.769697132151028944e-07,-3.734650311844226532e-09,9.869654262223244157e-01,-1.956517115487452389e-05,-1.956517115487452389e-05,2.843848933469128164e-08,2.470383902284705511e-08,9.869653521108073813e-01,-1.966398651096591199e-05,-1.966398651096591199e-05,4.575501689077864564e-08,2.626851844413377078e-05,2.626851844413377078e-05,8.617940010944636003e-08
2.302585092994045901e+00,2.855702995791322432e-08,2.784135824423018511e-07,-4.295075671761578271e-09,9.869654011597028820e-01,-5.788290155731537392e-05,-5.788290155731537392e-05,2.855702995791322432e-08,2.426195428615164605e-08,9.869653283738399896e-01,-5.797994937445998215e-05,-5.797994937445998215e-05,4.595248394049712882e-08,2.630681519834672841e-05,2.630681519834672841e-05,8.546160589471996023e-08
