ln_a,zeta,u,delta_b,delta_gamma,delta_nu,theta_b,theta_gamma,theta_nu,alpha,Phi_N,Psi_N,delta_b_N,delta_gamma_N,delta_nu_N,slip_residual,canonical_denominator
0.0,0.0,0.0,1.0,0.0,0.0,0.0,0.0,0.0,1.523284907484664e-06,0.0,0.0,1.0,0.0,0.0,3.6139467959391556e-32,139135.13105910123
0.002302585092994046,2.302257596504633e-09,3.5005408848068084e-09,0.9999999930577581,-9.30338937432113e-09,-9.30338937432113e-09,3.50192139584481e-09,3.5032904225880145e-09,3.5032904225880145e-09,1.5199274986751563e-06,1.1982832883020264e-09,1.1982832883021755e-09,1.0000000035593808,4.6987741649061036e-09,4.6987741649061036e-09,-1.4909930537722405e-22,138752.52593531273
0.004605170185988092,4.597847656478096e-09,6.987223532704229e-09,0.999999985923764,-1.91372318371631e-08,-1.91372318371631e-08,6.9927327463267665e-09,6.998042996851777e-09,6.998042996851777e-09,1.5165724978725306e-06,2.3893758762261776e-09,2.3893758762261333e-09,1.0000000068854347,8.811662293653817e-09,8.811662293653817e-09,4.4254162806372674e-23,138369.67340775684
0.0069077552789821375,6.886789214967807e-09,1.0460116959764754e-08,0.9999999783891083,-3.0019618411351324e-08,-3.0019618411351324e-08,1.047248395188772e-08,1.048382814912684e-08,1.048382814912684e-08,1.51321994359545e-06,3.5733277447969332e-09,3.5733277447969465e-09,1.0000000097694592,1.182084942770769e-08,1.182084942770769e-08,-1.32348897667295e-23,137986.58521053242
0.009210340371976183,9.169101281464608e-09,1.3919289736955695e-08,0.9999999702480242,-4.239900966056468e-08,-4.239900966056468e-08,1.3941224640020283e-08,1.3959935810786081e-08,1.3959935810786081e-08,1.5098698739440326e-06,4.750188455491104e-09,4.750188455491087e-09,1.0000000120058934,1.3278149287258101e-08,1.3278149287258101e-08,1.6543612284519434e-23,137603.27303331366
0.01151292546497023,1.1444802839400177e-08,1.7364809992443833e-08,0.9999999612978625,-5.662873150317892e-08,-5.662873150317892e-08,1.73990041658399e-08,1.7425422720721354e-08,1.7425422720721354e-08,1.5065223266023423e-06,5.920007153043684e-09,5.920007153043657e-09,1.0000000133922924,1.2830508466596417e-08,1.2830508466596417e-08,2.729696024705536e-23,137219.74852058326
0.013815510557964275,1.3713912845611844e-08,2.0796745413902225e-08,0.9999999513390647,-7.294732253389835e-08,-7.294732253389835e-08,2.0845871612672803e-08,2.0879172872678067e-08,2.0879172872678067e-08,1.5031773388406142e-06,7.082832568290368e-09,7.082832568290381e-09,1.000000013729301,1.0239659121710546e-08,1.0239659121710546e-08,-1.3234889768689852e-23,136836.0232707615
0.01611809565095832,1.5976450229769706e-08,2.4215163250815662e-08,0.9999999401751387,-9.14657795607406e-08,-9.14657795607406e-08,2.4281875792656405e-08,2.4319967397625007e-08,2.4319967397625007e-08,1.4998349475179008e-06,8.23871302104589e-09,8.238713021045956e-09,1.0000000128206286,5.394873442522046e-09,5.394873442522046e-09,-6.617444897272397e-23,136452.10883553588
0.018420680743952367,1.823243389376245e-08,2.7620130316787192e-08,0.9999999276126322,-1.1216235429310358e-07,-1.1216235429310358e-07,2.770706524735472e-08,2.7746559743757918e-08,2.7746559743757918e-08,1.496495189084558e-06,9.387696423024804e-09,9.387696423024741e-09,1.0000000104730231,-1.6818330259548145e-09,-1.6818330259548145e-09,6.286572658491448e-23,136068.0167191314
0.020723265836946413,2.048188271104361e-08,3.101171299184055e-08,0.999999913461108,-1.348850784695132e-07,-1.348850784695132e-07,3.112148824838353e-08,3.11577517208587e-08,3.11577517208587e-08,1.4931580995846178e-06,1.0529830280796878e-08,1.0529830280796939e-08,1.0000000064962469,-1.0838226502150996e-08,-1.0838226502150996e-08,-6.121136529866714e-23,135683.7583775416
0.02302585092994046,2.27248155259383e-08,3.4389977224725763e-08,0.9999998975331181,-1.5936176859215663e-07,-1.5936176859215663e-07,3.452519279805276e-08,3.455246602096216e-08,3.455246602096216e-08,1.4898237146582244e-06,1.1665161698787463e-08,1.1665161698787465e-08,1.0000000007030498,-2.1801859693253577e-08,-2.1801859693253577e-08,-1.6543611954702507e-24,135299.3452178
0.025328436022934504,2.496125115291984e-08,3.775498853521936e-08,0.9999998796441792,-1.8521681757734836e-07,-1.8521681757734836e-07,3.79182266300174e-08,3.7929811080036585e-08,3.7929811080036585e-08,1.4864920695443953e-06,1.279373738229955e-08,1.279373738229952e-08,0.9999999929091449,-3.419686343647092e-08,-3.419686343647092e-08,2.9778502080929995e-23,134914.7885974131
0.02763102111592855,2.71912083758607e-08,4.11068120164261e-08,0.9999998596127468,-2.1199371112640714e-07,-2.1199371112640714e-07,4.130063720994402e-08,4.128913465437679e-08,4.128913465437679e-08,1.483163199082999e-06,1.3915603640565278e-08,1.3915603640565397e-08,0.9999999829331829,-4.756646306070275e-08,-4.756646306070275e-08,-1.1911400817922353e-22,134530.09982344985
0.029933606208922596,2.9414705947270096e-08,4.444551233707776e-08,0.9999998372601907,-2.3918189602715365e-07,-2.3918189602715365e-07,4.467247173618836e-08,4.4630063176325955e-08,4.4630063176325955e-08,1.4798371377176825e-06,1.5030806389807605e-08,1.503080638980766e-08,0.9999999705967277,-6.139984667884262e-08,-6.139984667884262e-08,-5.62482816257958e-23,134145.29015207355
0.03223619130191664,3.163176258752786e-08,4.777115374382955e-08,0.9999998124107696,-2.6624639865775534e-07,-2.6624639865775534e-07,4.803377714048448e-08,4.7952524828441785e-08,4.7952524828441785e-08,1.4765139194979882e-06,1.6139391156301592e-08,1.613939115630169e-08,0.9999999557242308,-7.516178368243714e-08,-7.516178368243714e-08,-9.926167347914945e-23,133760.37078772052
0.03453877639491069,3.384239698412628e-08,5.108380006355537e-08,0.999999784891607,-2.92658469337931e-07,-2.92658469337931e-07,5.138460008864677e-08,5.1256755204530166e-08,5.1256755204530166e-08,1.473193578082023e-06,1.7241403079429017e-08,1.7241403079429087e-08,0.9999999381430072,-8.83232690837095e-08,-8.83232690837095e-08,-6.948317142783058e-23,133375.35288254046
0.036841361487904734,3.604662779093047e-08,5.4383514705641095e-08,0.9999997545326655,-3.1792549575405457e-07,-3.1792549575405457e-07,5.4724986981283816e-08,5.454328547379525e-08,5.454328547379525e-08,1.469876146738845e-06,1.8336886914710474e-08,1.8336886914710626e-08,0.9999999176832096,-1.0039143693149019e-07,-1.0039143693149019e-07,-1.5220123268371742e-22,132990.24753572262
0.03914394658089878,3.824447362746908e-08,5.7670360664274606e-08,0.9999997211667231,-3.416185020807861e-07,-3.416185020807861e-07,5.805498395452278e-08,5.781291390463717e-08,5.781291390463717e-08,1.4665616583508556e-06,1.9425887036805486e-08,1.9425887036805526e-08,0.9999998941778051,-1.1093705942368769e-07,-1.1093705942368769e-07,-3.9704669377083745e-23,132605.06579283744
0.041446531673892825,4.04359530782618e-08,6.094440052073594e-08,0.9999996846293477,-3.633957213943569e-07,-3.633957213943569e-07,6.137463688074751e-08,6.106666259593651e-08,6.106666259593651e-08,1.463250145416317e-06,2.0508447442474276e-08,2.0508447442474137e-08,0.9999998674625493,-1.1961811931141316e-07,-1.1961811931141316e-07,1.3896634293379807e-22,132219.8186452475
0.04374911676688687,4.26210846921947e-08,6.420569644568042e-08,0.9999996447588737,-3.830209668310354e-07,-3.830209668310354e-07,6.468399136934316e-08,6.430572199914117e-08,6.430572199914117e-08,1.4599416400518455e-06,2.1584611753485635e-08,2.1584611753485725e-08,0.9999998373759631,-1.2619818104831372e-07,-1.2619818104831372e-07,-8.933550613140382e-23,131834.51702951945
0.04605170185988092,4.4799886981942996e-08,6.745431020142577e-08,0.9999996013963768,-4.003758588128365e-07,-4.003758588128365e-07,6.798309276745802e-08,6.753138653087774e-08,6.753138653087774e-08,1.4566361739947078e-06,2.2654423219482828e-08,2.2654423219482778e-08,0.9999998037593074,-1.3055861800713338e-07,-1.3055861800713338e-07,4.9630836776944414e-23,131449.17182676328
0.04835428695287496,4.697237842344913e-08,7.06903031442313e-08,0.9999995543856502,-4.1546530655572547e-07,-4.1546530655572547e-07,7.127198616077074e-08,7.074498496558676e-08,7.074498496558676e-08,1.4533337786054944e-06,2.371792472078216e-08,2.3717924720782167e-08,0.9999997664565596,-1.327040939788003e-07,-1.327040939788003e-07,-6.6174448772161014e-24,131063.79386215023
0.05065687204586901,4.913857745545238e-08,7.391373622657781e-08,0.9999995035731805,-4.28416051371206e-07,-4.28416051371206e-07,7.455071637427114e-08,7.39478095763452e-08,7.39478095763452e-08,1.450034484870117e-06,2.4775158771125543e-08,2.4775158771125434e-08,0.9999997253143892,-1.3276110646489474e-07,-1.3276110646489474e-07,1.0918784087965888e-22,130678.39390414783
0.052959457138863054,5.129850247906897e-08,7.712466999944459e-08,0.9999994488081231,-4.3946845165907633e-07,-4.3946845165907633e-07,7.781932797305095e-08,7.714104797493036e-08,7.714104797493036e-08,1.4467383234030024e-06,2.5826167520375594e-08,2.5826167520375617e-08,0.999999680182133,-1.3096977166129798e-07,-1.3096977166129798e-07,-2.3161057129368745e-23,130292.98266429378
0.0552620422318571,5.34521718574185e-08,8.032316461458355e-08,0.9999993899422792,-4.4896207395133465e-07,-4.4896207395133465e-07,8.107786526310437e-08,8.032572140463653e-08,8.032572140463653e-08,1.4434453244486379e-06,2.687099275716514e-08,2.6870992757165048e-08,0.999999630911773,-1.2766941549300047e-07,-1.2766941549300047e-07,9.264422862751757e-23,129907.57079625594
0.057564627324851146,5.559960391528919e-08,8.350927982679066e-08,0.9999993268300714,-4.5731598278028554e-07,-4.5731598278028554e-07,8.432637229213859e-08,8.350263281607175e-08,8.350263281607175e-08,1.4401555178846436e-06,2.7909675911501282e-08,2.7909675911501474e-08,0.9999995773579109,-1.2327886347312289e-07,-1.2327886347312289e-07,-1.9190590209125592e-22,129522.16889558281
0.05986721241784519,5.7740816938834744e-08,8.668307499617576e-08,0.9999992593285197,-4.65004897459231e-07,-4.65004897459231e-07,8.756489285039468e-08,8.667232747398704e-08,8.667232747398704e-08,1.4368689332238933e-06,2.8942258057340985e-08,2.8942258057341012e-08,0.9999995193777448,-1.1827259747452798e-07,-1.1827259747452798e-07,-2.6469779581176783e-23,129136.78749904514
0.06216979751083924,5.987582917529331e-08,8.984460909042861e-08,0.9999991872972189,-4.7253259584235055e-07,-4.7253259584235055e-07,9.079347047147753e-08,8.983506809220408e-08,8.983506809220408e-08,1.4335855996171064e-06,2.996877991513531e-08,2.99687799151353e-08,0.9999994568310462,-1.1315415948063612e-07,-1.1315415948063612e-07,1.3234889820847637e-23,128751.43708419745
0.06447238260383328,6.200465883271912e-08,9.299394068708355e-08,0.9999991105983137,-4.804040644134703e-07,-4.804040644134703e-07,9.40121484331961e-08,9.299082569229034e-08,9.299082569229034e-08,1.4303055458550846e-06,3.098928185436439e-08,3.098928185436443e-08,0.9999993895801358,-1.0842830166513607e-07,-1.0842830166513607e-07,-3.970466938306159e-23,128366.12806880126
0.06677496769682734,6.412732407971667e-08,9.613112797578242e-08,0.9999990290964768,-4.890979405276064e-07,-4.890979405276064e-07,9.722096975841444e-08,9.613928646277087e-08,9.613928646277087e-08,1.4270288003712733e-06,3.20038038960659e-08,3.200380389606575e-08,0.9999993174898607,-1.0457342862447672e-07,-1.0457342862447672e-07,1.4558378782830657e-22,127980.87081040036
0.06907755278982138,6.624384304517243e-08,9.92562287605283e-08,0.9999989426588841,-4.990407458975184e-07,-4.990407458975184e-07,1.0041997721590537e-07,9.927987406662508e-08,9.927987406662508e-08,1.4237553912440407e-06,3.301238571535587e-08,3.3012385715355864e-08,0.9999992404275704,-1.0201583085540526e-07,-1.0201583085540526e-07,6.617444918893215e-24,127595.6756057906
0.07138013788281541,6.835423381796985e-08,1.0236930046194331e-07,0.9999988511551929,-5.105842827544007e-07,-5.105842827544007e-07,1.0360921332122033e-07,1.0241178595234317e-07,1.0241178595234317e-07,1.420485346199221e-06,3.401506664397341e-08,3.4015066643973466e-08,0.9999991582630943,-1.0110708090662741e-07,-1.0110708090662741e-07,-5.2939559185424154e-23,127210.552690614
0.07368272297580947,7.045851444668478e-08,1.0547040011952256e-07,0.999998754457518,-5.239873740268121e-07,-5.239873740268121e-07,1.0678872033756752e-07,1.0553404155146612e-07,1.0553404155146612e-07,1.417218692612519e-06,3.501188567283784e-08,3.501188567283778e-08,0.9999990708687183,-1.0210577354872189e-07,-1.0210577354872189e-07,5.95570041212935e-23,126825.5122389075
0.07598530806880352,7.255670293925895e-08,1.085595843938792e-07,0.9999986524404088,-5.394028592879628e-07,-5.394028592879628e-07,1.0995854027669297e-07,1.0864553957135676e-07,1.0864553957135676e-07,1.4139554575113644e-06,3.600288145462028e-08,3.600288145462025e-08,0.9999989781191619,-1.0516452171244599e-07,-1.0516452171244599e-07,2.6469779618683514e-23,126440.56436243175
0.07828789316179756,7.46488172626447e-08,1.1163690956898883e-07,0.9999985449808266,-5.56870472534027e-07,-5.56870472534027e-07,1.1311871489977331e-07,1.1174512119912253e-07,1.1174512119912253e-07,1.4106956675782003e-06,3.69880923063442e-08,3.698809230634413e-08,0.9999988798915553,-1.1032283425807168e-07,-1.1032283425807168e-07,6.617444902074513e-23,126055.71911062833
0.0805904782547916,7.673487534241822e-08,1.147024315544374e-07,0.9999984319581221,-5.76315883625564e-07,-5.76315883625564e-07,1.1626928571832384e-07,1.1483163572585553e-07,1.1483163572585553e-07,1.4074393491524776e-06,3.7967556212019186e-08,3.796755621201918e-08,0.9999987760654168,-1.1750615740781442e-07,-1.1750615740781442e-07,6.617444916448577e-24,125670.9864700298
0.08289306334778565,7.881489506237437e-08,1.1775620588764715e-07,0.9999983132540122,-5.975558615720417e-07,-5.975558615720417e-07,1.194102939950969e-07,1.1790400504973199e-07,1.1790400504973199e-07,1.4041865282328365e-06,3.8941310825272814e-08,3.894131082527278e-08,0.9999986665226299,-1.2653103802145308e-07,-1.2653103802145308e-07,3.3087224517671986e-23,125286.37636377389
0.0851956484407797,8.088889426408886e-08,1.2079828773611695e-07,0.9999981887525579,-6.203091831822163e-07,-6.203091831822163e-07,1.2254178074500662e-07,1.2096128362094494e-07,1.2096128362094494e-07,1.40093723047923e-06,3.990939347202818e-08,3.990939347202809e-08,0.9999985511474211,-1.3711603223774855e-07,-1.3711603223774855e-07,9.264422862102155e-23,124901.89865109856
0.08749823353377374,8.295689074646579e-08,1.2382873189964822e-07,0.9999980583401414,-6.442126125978478e-07,-6.442126125978478e-07,1.256637867360513e-07,1.2400271069722128e-07,1.2400271069722128e-07,1.3976914812162633e-06,4.08718411531824e-08,4.087184115318243e-08,0.9999984298263371,-1.4889768499925496e-07,-1.4889768499925496e-07,-3.308722448750209e-23,124517.56312737401
0.08980081862676778,8.501890226527112e-08,1.2684759281256885e-07,0.9999979219054447,-6.688410234808905e-07,-6.688410234808905e-07,1.2877635249024612e-07,1.2702775222908926e-07,1.2702775222908926e-07,1.3944493054346647e-06,4.18286905472976e-08,4.1828690547297723e-08,0.9999983024482231,-1.6145065223061509e-07,-1.6145065223061509e-07,-1.2573145309389966e-22,124133.3795233485
0.09210340371976183,8.707494653265989e-08,1.298549245459521e-07,0.9999977793394264,-6.937305267343909e-07,-6.937305267343909e-07,1.318795182845625e-07,1.3003613030334485e-07,1.3003613030334485e-07,1.3912107277939885e-06,4.277997801329235e-08,4.277997801329221e-08,0.9999981689042,-1.743108285505825e-07,-1.743108285505825e-07,1.3896634292261564e-22,123749.3575049357
0.09440598881275589,8.912504121670495e-08,1.3285078080983036e-07,0.9999976305353001,-7.184033369863037e-07,-7.184033369863037e-07,1.3497332415187455e-07,1.330278387398626e-07,1.330278387398626e-07,1.3879757726250399e-06,4.372573959312545e-08,4.372573959312541e-08,0.9999980290876426,-1.8700021374698226e-07,-1.8700021374698226e-07,3.970466941580365e-23,123365.50667289429
0.09670857390574993,9.116920394093368e-08,1.358352149554058e-07,0.9999974753885126,-7.423930367634941e-07,-7.423930367634941e-07,1.3805780988191445e-07,1.360031442249946e-07,1.360031442249946e-07,1.3847444639318738e-06,4.466601101447215e-08,4.466601101447211e-08,0.9999978828941575,-1.9905217694187097e-07,-1.9905217694187097e-07,3.970466941535981e-23,122981.8365623424
0.09901115899874396,9.320745228388347e-08,1.3880827997725178e-07,0.9999973137967215,-7.652689065547915e-07,-7.652689065547915e-07,1.4113301502223e-07,1.3896257308993532e-07,1.3896257308993532e-07,1.381516825394581e-06,4.5600827693368346e-08,4.560082769336831e-08,0.9999977302215615,-2.1003578664578438e-07,-2.1003578664578438e-07,3.3087224514496535e-23,122598.35664261904
0.10131374409173802,9.523980377867687e-08,1.417700285155152e-07,0.9999971456597743,-7.866580626151982e-07,-7.866580626151982e-07,1.4419897887915538e-07,1.4190688464815547e-07,1.4190688464815547e-07,1.3782928803713532e-06,4.6530224736838427e-08,4.653022473683834e-08,0.9999975709698599,-2.1957794855313732e-07,-2.1957794855313732e-07,8.6026783717456e-23,122215.0763168518
0.10361632918473207,9.726627591262886e-08,1.4472051285810776e-07,0.9999969708796854,-8.06264280203471e-07,-8.06264280203471e-07,1.4725574051878202e-07,1.448370326333224e-07,1.448370326333224e-07,1.3750726519008034e-06,4.745423694547878e-08,4.7454236945478907e-08,0.999997405041224,-2.2738222877103995e-07,-2.2738222877103995e-07,-1.2573145309654868e-22,121832.00492165089
0.10591891427772611,9.928688612688578e-08,1.4765978494289516e-07,0.9999967893606162,-8.238825816358294e-07,-8.238825816358294e-07,1.503033387679394e-07,1.4775411693227947e-07,1.4775411693227947e-07,1.3718561627044188e-06,4.8372898816009366e-08,4.837289881600938e-08,0.9999972323399711,-2.3324344186424876e-07,-2.3324344186424876e-07,-1.3234889789761838e-23,121449.15172686649
0.10822149937072015,1.0130165181610012e-07,1.5058789635988208e-07,0.9999966010088525,-8.394088966960206e-07,-8.394088966960206e-07,1.533418122151824e-07,1.506593282265362e-07,1.506593282265362e-07,1.3686434351887806e-06,4.9286244543781964e-08,4.9286244543781964e-08,0.9999970527725416,-2.3705731125649224e-07,-2.3705731125649224e-07,1.0666304052361364e-32,121066.52593526563
0.1105240844637142,1.033105903281449e-07,1.5350489835338842e-07,0.9999964057327837,-8.528443820410995e-07,-8.528443820410995e-07,1.563711992117817e-07,1.5355388851540082e-07,1.5355388851540082e-07,1.3654344914479237e-06,5.0194308025243526e-08,5.019430802524351e-08,0.9999968662474787,-2.388247886275458e-07,-2.388247886275458e-07,1.3234889811099036e-23,120684.13668228028
0.11282666955670825,1.0531371896386384e-07,1.5641084182422334e-07,0.9999962034428815,-8.642942622024859e-07,-8.642942622024859e-07,1.5939153787272276e-07,1.564389906358815e-07,1.564389906358815e-07,1.3622293532656405e-06,5.1097122860359406e-08,5.1097122860359505e-08,0.999996672675407,-2.3865089490559257e-07,-2.3865089490559257e-07,-9.926167349652389e-23,120301.99303574601
0.11512925464970229,1.0731105497685869e-07,1.5930577733185223e-07,0.9999959940516792,-8.739613436556214e-07,-8.739613436556214e-07,1.624028660777088e-07,1.5931573990537565e-07,1.5931573990537565e-07,1.3590280421177347e-06,5.1994722354993646e-08,5.199472235499354e-08,0.9999964719690112,-2.3673823432821244e-07,-2.3673823432821244e-07,1.0587911841622032e-22,119920.10399563122
0.11743183974269633,1.0930261557330877e-07,1.6218975509655896e-07,0.9999957774737497,-8.821346247336018e-07,-8.821346247336018e-07,1.6540522147216997e-07,1.6218510084623519e-07,1.6218510084623519e-07,1.3558305791743343e-06,5.2887139523250114e-08,5.2887139523250186e-08,0.999996264043015,-2.3337560434736597e-07,-2.3337560434736597e-07,-7.279189389563586e-23,119538.47849380792
0.11973442483569038,1.1128841791181899e-07,1.6506282500160296e-07,0.9999955536256859,-8.89173662053683e-07,-8.89173662053683e-07,1.6839864146827782e-07,1.6504785164871712e-07,1.6504785164871712e-07,1.3526369853022408e-06,5.3774407089783894e-08,5.377440708978397e-08,0.9999960488141609,-2.2892236204727117e-07,-2.2892236204727117e-07,-7.279189389603363e-23,119157.12539384779
0.12203700992868444,1.1326847910329081e-07,1.6792503659537053e-07,0.9999953224260796,-8.954895652400538e-07,-8.954895652400538e-07,1.7138316324596487e-07,1.6790454857758652e-07,1.6790454857758652e-07,1.349447281067054e-06,5.4656557492079746e-08,5.465655749207972e-08,0.9999958262011893,-2.2378941885857168e-07,-2.2378941885857168e-07,2.646977960993633e-23,118776.05349074055
0.12433959502167848,1.1524281621081107e-07,1.7077643909351995e-07,0.9999950837955002,-9.015236373021481e-07,-9.015236373021481e-07,1.743588237539483e-07,1.7075550200513658e-07,1.7075550200513658e-07,1.3462614867356955e-06,5.5533622882708736e-08,5.553362288270888e-08,0.9999955961248175,-2.1841788092806833e-07,-2.1841788092806833e-07,-1.4558378780148245e-22,118395.27151079095
0.12664218011467251,1.1721144624955078e-07,1.7361708138112228e-07,0.9999948376564751,-9.077247857707923e-07,-9.077247857707923e-07,1.7732565971075963e-07,1.7360076510617867e-07,1.7360076510617867e-07,1.343079622278286e-06,5.640563513157146e-08,5.64056351315715e-08,0.9999953585077193,-2.1325646024630317e-07,-2.1325646024630317e-07,-3.970466939507961e-23,118014.78811126013
0.12894476520766657,1.1917438618666863e-07,1.764470120147961e-07,0.9999945839334691,-9.145268623563175e-07,-9.145268623563175e-07,1.8028370760577925e-07,1.7644013563266182e-07,1.7644013563266182e-07,1.339901707370868e-06,5.727262582812751e-08,5.727262582812748e-08,0.9999951132745051,-2.08738814297133e-07,-2.08738814297133e-07,3.3087224509206393e-23,117634.61188037162
0.13124735030066062,1.2113165294121317e-07,1.79266279224836e-07,0.9999943225528636,-9.223270740994237e-07,-9.223270740994237e-07,1.8323300370027408e-07,1.7927317047124106e-07,1.7927317047124106e-07,1.3367277613971819e-06,5.8134626283622865e-08,5.813462628362282e-08,0.9999948603517013,-2.052619572000797e-07,-2.052619572000797e-07,4.632211430967865e-23,117254.75133693912
0.13354993539365467,1.2308326338401815e-07,1.82074930917335e-07,0.9999940534429372,-9.31466530834974e-07,-9.31466530834974e-07,1.8617358402844036e-07,1.8209921210331917e-07,1.8209921210331917e-07,1.3335578034513923e-06,5.899166753331684e-08,5.899166753331684e-08,0.99999459966773,-2.03166807165634e-07,-2.03166807165634e-07,6.33711004571859e-33,116875.2149303975
0.1358525204866487,1.2502923433758485e-07,1.8487301467630344e-07,0.9999937765338454,-9.422138634201998e-07,-9.422138634201998e-07,1.891054843984523e-07,1.84917425454595e-07,1.84917425454595e-07,1.3303918523398505e-06,5.984378033871864e-08,5.984378033871859e-08,0.9999943311528894,-2.02721804714986e-07,-2.02721804714986e-07,5.293955920936305e-23,116496.01104045376
0.13815510557964275,1.2696958257595276e-07,1.876605777657761e-07,0.9999934917576003,-9.547526796565375e-07,-9.547526796565375e-07,1.9202874039350968e-07,1.8772684317177935e-07,1.8772684317177935e-07,1.3272299265836708e-06,6.069099518982329e-08,6.069099518982334e-08,0.9999940547393337,-2.041103685934331e-07,-2.041103685934331e-07,-5.293955919778818e-23,116117.14797708315
0.1404576906726368,1.2890432482454783e-07,1.9043766713192079e-07,0.9999931990480515,-9.691734129150974e-07,-9.691734129150974e-07,1.949433873728969e-07,1.9052641694716147e-07,1.9052641694716147e-07,1.3240720444207604e-06,6.153334230737309e-08,6.153334230737295e-08,0.9999937703610529,-2.0742274438741428e-07,-2.0742274438741428e-07,1.3234889801373042e-22,115738.63398031499
0.14276027576563083,1.3083347776001675e-07,1.9320432940513288e-07,0.9999928983408659,-9.854698934022437e-07,-9.854698934022437e-07,1.9784946047303816e-07,1.9331507227094157e-07,1.9331507227094157e-07,1.3209182238081252e-06,6.237085164511621e-08,6.237085164511613e-08,0.9999934779538541,-2.1265257578171221e-07,-2.1265257578171221e-07,7.94093388099811e-23,115360.47722014267
0.14506286085862488,1.3275705801003988e-07,1.9596061090212916e-07,0.9999925895735081,-1.0035407304519388e-06,-1.0035407304519388e-06,2.0074699460856201e-07,1.960917638582329e-07,1.960917638582329e-07,1.3177684824240608e-06,6.320355289208923e-08,6.320355289208928e-08,0.9999931774553408,-2.1969828684342217e-07,-2.1969828684342217e-07,-5.2939559198854864e-23,114982.68579640354
0.14736544595161893,1.3467508215312808e-07,1.9870655762803124e-07,0.9999922726852216,-1.0231953528142893e-06,-1.0231953528142893e-06,2.0363602447336584e-07,1.9885552901491464e-07,1.9885552901491464e-07,1.3146228376701905e-06,6.403147547490326e-08,6.403147547490316e-08,0.9999928688048945,-2.283691223021643e-07,-2.283691223021643e-07,1.058791184109789e-22,114605.26773860438
0.149668031044613,1.3658756671840493e-07,2.0144221527844453e-07,0.9999919476170087,-1.044164333688571e-06,-1.044164333688571e-06,2.0651658454168572e-07,2.0160553635209283e-07,2.0160553635209283e-07,1.3114813066739574e-06,6.485464856003955e-08,6.48546485600396e-08,0.9999925519436546,-2.3839547257479296e-07,-2.3839547257479296e-07,-5.2939559199545996e-23,114228.23100594828
0.15197061613760704,1.3849452818537748e-07,2.0416762924152862e-07,0.9999916143116118,-1.0661134168604055e-06,-1.0661134168604055e-06,2.0938870906916813e-07,2.0434112753817369e-07,2.0434112753817369e-07,1.308343906290539e-06,6.567310105615105e-08,6.567310105615114e-08,0.9999922268144995,-2.49442899894291e-07,-2.49442899894291e-07,-9.2644228602431e-23,113851.58348713773
0.15427320123060106,1.403959829837006e-07,2.0688284460006133e-07,0.9999912727134939,-1.0886605008790863e-06,-1.0886605008790863e-06,2.1225243209394492e-07,2.0706185014408802e-07,2.0706185014408802e-07,1.30521065310515e-06,6.648686161636059e-08,6.648686161636073e-08,0.9999918933620277,-2.6112912247884096e-07,-2.6112912247884096e-07,-1.4558378780616056e-22,113475.33300034869
0.15657578632359512,1.4229194749293853e-07,2.0958790613349564e-07,0.9999909227688201,-1.1113946993969218e-06,-1.1113946993969218e-06,2.151077874377118e-07,2.0976748012618755e-07,2.0976748012618755e-07,1.3020815634351201e-06,6.729595864055717e-08,6.72959586405571e-08,0.9999915515325385,-2.730430748629392e-07,-2.730430748629392e-07,6.617444900708256e-23,113099.48729312404
0.15887837141658917,1.4418243804232826e-07,2.122828583200098e-07,0.9999905644254383,-1.1338965227945437e-06,-1.1338965227945437e-06,2.1795480870680936e-07,2.124580329884512e-07,2.124580329884512e-07,1.2989566533321747e-06,6.810042027768156e-08,6.810042027768154e-08,0.9999912012740133,-2.8476508951450454e-07,-2.8476508951450454e-07,2.6469779604209093e-23,112724.05404236459
0.1611809565095832,1.4606747091055292e-07,2.1496774533854806e-07,0.9999901976328609,-1.1557581834105364e-06,-1.1557581834105364e-06,2.2079352929330488e-07,2.1513376326865065e-07,2.1513376326865065e-07,1.295835938584496e-06,6.890027442799526e-08,6.890027442799514e-08,0.9999908425360969,-2.9588720205634415e-07,-2.9588720205634415e-07,1.1911400820982382e-22,112349.04085424116
0.16348354160257725,1.4794706232552348e-07,2.1764261107085865e-07,0.9999898223422456,-1.176603047036439e-06,-1.176603047036439e-06,2.2362398237608134e-07,2.1779515251858922e-07,2.1779515251858922e-07,1.2927194347188139e-06,6.969554874533537e-08,6.969554874533517e-08,0.9999904752700789,-3.0603260275300436e-07,-3.0603260275300436e-07,1.9852334701459387e-22,111974.45526413247
0.1657861266955713,1.4982122846418248e-07,2.2030749910351656e-07,0.9999894385063776,-1.1961033119517443e-06,-1.1961033119517443e-06,2.2644620092192066e-07,2.2044288654076105e-07,2.2044288654076105e-07,1.2896071570026607e-06,7.048627063933414e-08,7.048627063933408e-08,0.9999900994288748,-3.148733155376781e-07,-3.148733155376781e-07,6.617444900579253e-23,111600.30473664137
0.16808871178856535,1.516899854523216e-07,2.2296245272994878e-07,0.9999890460796503,-1.2139951007142965e-06,-1.2139951007142965e-06,2.292602176865993e-07,2.2307782310897905e-07,2.2307782310897905e-07,1.2864991204464243e-06,7.127246727762706e-08,7.127246727762718e-08,0.9999897149670085,-3.2214528979450136e-07,-3.2214528979450136e-07,-1.1911400820639892e-22,111226.59666554038
0.1703912968815594,1.5355334936442726e-07,2.25607514952444e-07,0.9999886450180481,-1.2300902918571668e-06,-1.2300902918571668e-06,2.3206606521597753e-07,2.2570095185859389e-07,2.2570095185859389e-07,1.283395339805476e-06,7.205416558801684e-08,7.205416558801674e-08,0.999989321840593,-3.2766023204739076e-07,-3.2766023204739076e-07,1.0587911840771505e-22,110853.33837376059
0.17269388197455343,1.5541133622354922e-07,2.282427284841575e-07,0.9999882352791273,-1.2442845867253667e-06,-1.2442845867253667e-06,2.3486377584709368e-07,2.2831334836043963e-07,2.2831334836043963e-07,1.2802958295823109e-06,7.283139226060829e-08,7.283139226060829e-08,0.9999889200073128,-3.313136727887367e-07,-3.313136727887367e-07,6.215308138086629e-34,110480.53711339827
0.17499646706754748,1.5726396200119457e-07,2.308681357511101e-07,0.9999878168219988,-1.2565614952774646e-06,-1.2565614952774646e-06,2.3765338170926155e-07,2.309161246377593e-07,2.309161246377593e-07,1.2772006040284725e-06,7.360417374991543e-08,7.360417374991553e-08,0.999988509426406,-3.330889522730242e-07,-3.330889522730242e-07,-1.058791184064684e-22,110108.20006564788
0.17729905216054154,1.5911124261724845e-07,2.3348377889417694e-07,0.9999873896073095,-1.2669921274570332e-06,-1.2669921274570332e-06,2.404349147251667e-07,2.3351037851411665e-07,2.3351037851411665e-07,1.274109677147033e-06,7.437253627692865e-08,7.437253627692849e-08,0.9999880900586462,-3.330570118803254e-07,-3.330570118803254e-07,1.5881867761020163e-22,109736.33434096313
0.17960163725353556,1.6095319393991862e-07,2.3608969977107086e-07,0.999986953597225,-1.2757308712018858e-06,-1.2757308712018858e-06,2.432084066119667e-07,2.3609714419082654e-07,2.3609714419082654e-07,1.2710230626942178e-06,7.513650583115225e-08,7.513650583115224e-08,0.9999876618663243,-3.313720721176024e-07,-3.313720721176024e-07,1.3234889800573415e-23,109364.94697889718
0.18190422234652961,1.6278983178570335e-07,2.386859399583173e-07,0.9999865087554117,-1.2830072375039117e-06,-1.2830072375039117e-06,2.459738888823917e-07,2.386773463517585e-07,2.386773463517585e-07,1.2679407741817359e-06,7.589610817261404e-08,7.589610817261396e-08,0.9999872248132317,-3.2826347767064243e-07,-3.2826347767064243e-07,7.940933880452379e-23,108994.04494823047
0.18420680743952367,1.6462117191938003e-07,2.4127254075322044e-07,0.9999860550470195,-1.2891143171186395e-06,-1.2891143171186395e-06,2.48731392845845e-07,2.412517598924889e-07,2.412517598924889e-07,1.2648628248787965e-06,7.665136883384042e-08,7.665136883384041e-08,0.9999867788646418,-3.240241541057577e-07,-3.240241541057577e-07,1.3234889799993194e-23,108623.63514698524
0.18650939253251772,1.6644723005400888e-07,2.4384954317582433e-07,0.9999855924386637,-1.2943944530810676e-06,-1.2943944530810676e-06,2.514809496095078e-07,2.438209770588945e-07,2.438209770588945e-07,1.2617892278141375e-06,7.740231312181547e-08,7.740231312181545e-08,0.9999863239872933,-3.189962803777702e-07,-3.189962803777702e-07,1.3234889799708232e-23,108253.72440246034
0.18881197762551177,1.6826802185095167e-07,2.464169879708638e-07,0.9999851208984082,-1.2992228385738776e-06,-1.2992228385738776e-06,2.5422259007944177e-07,2.4638538342326507e-07,2.4638538342326507e-07,1.2587199957781534e-06,7.81489661199121e-08,7.814896611991213e-08,0.9999858601493721,-3.1355488669042237e-07,-3.1355488669042237e-07,-2.6469779603118664e-23,107884.31947131036
0.1911145627185058,1.700835629198983e-07,2.489749156097093e-07,0.9999846403957484,-1.3039898416816996e-06,-1.3039898416816996e-06,2.569563449616948e-07,2.48945143664261e-07,2.48945143664261e-07,1.2556551413248703e-06,7.889135268981099e-08,7.889135268981103e-08,0.9999853873204952,-3.0809017924286225e-07,-3.0809017924286225e-07,-3.970466940424531e-23,107515.42703958231
0.19341714781149985,1.7189386881889837e-07,2.5152336629230403e-07,0.9999841509015938,-1.309082891444143e-06,-1.309082891444143e-06,2.5968224476340675e-07,2.515001976777315e-07,2.515001976777315e-07,1.2525946767738705e-06,7.962949747340564e-08,7.962949747340566e-08,0.9999849054716926,-3.0298942627492685e-07,-3.0298942627492685e-07,-2.6469779603671745e-23,107147.0537227419
0.1957197329044939,1.7369895505439494e-07,2.5406237994909114e-07,0.9999836523882505,-1.3148687682330337e-06,-1.3148687682330337e-06,2.62400319793915e-07,2.540502670292597e-07,2.540502670292597e-07,1.2495386142124e-06,8.036342489469613e-08,8.03634248946962e-08,0.9999844145753903,-2.9861924843666913e-07,-2.9861924843666913e-07,-6.617444900648864e-23,106779.20606578198
0.19802231799748793,1.7549883708125356e-07,2.5659199624293645e-07,0.9999831448294058,-1.3216771015592715e-06,-1.3216771015592715e-06,2.651106001658624e-07,2.5659487131103837e-07,2.5659487131103837e-07,1.246486965497593e-06,8.10931591616829e-08,8.109315916168288e-08,0.9999839146053945,-2.9530911658752575e-07,-2.9530911658752575e-07,1.3234889798333712e-23,106411.8905433856
0.20032490309048198,1.7729353030278806e-07,2.5911225457103967e-07,0.9999826282001096,-1.3297858073771745e-06,-1.3297858073771745e-06,2.6781311579630333e-07,2.591333535022219e-07,2.591333535022219e-07,1.2434397422580435e-06,8.181872426825155e-08,8.18187242682516e-08,0.9999834055368734,-2.933367890930158e-07,-2.933367890930158e-07,-5.293955920617356e-23,106045.11355985202
0.20262748818347603,1.79083050070775e-07,2.616231940668406e-07,0.9999821024767596,-1.33940909204564e-06,-1.33940909204564e-06,2.7050789640781253e-07,2.616649130469963e-07,2.616649130469963e-07,1.240396955896151e-06,8.254014399606573e-08,8.254014399606563e-08,0.9999828873463418,-2.9291631577827757e-07,-2.9291631577827757e-07,1.058791184037459e-22,105678.8814493277
0.2049300732764701,1.8086741168545944e-07,2.641248536019159e-07,0.9999815676370831,-1.3506885213650583e-06,-1.3506885213650583e-06,2.7319497152959253e-07,2.641886450366517e-07,2.641886450366517e-07,1.2373586175898919e-06,8.325744191645646e-08,8.325744191645646e-08,0.999982360011644,-2.941891069573947e-07,-2.941891069573947e-07,-3.300288089675882e-33,105313.20047583022
0.20723265836946414,1.8264663039554873e-07,2.666172717878666e-07,0.9999810236601219,-1.3636875005296443e-06,-1.3636875005296443e-06,2.758743704985811e-07,2.667035836300783e-07,2.667035836300783e-07,1.2343247382948225e-06,8.397064139231788e-08,8.39706413923179e-08,0.9999818235119372,-2.9721841337817784e-07,-2.9721841337817784e-07,-1.3234889804404234e-23,104948.076833372
0.20953524346245817,1.8442072139819358e-07,2.691004869781995e-07,0.999980470526215,-1.3783893541957876e-06,-1.3783893541957876e-06,2.785461224605593e-07,2.6920874769721433e-07,2.6920874769721433e-07,1.2312953287461674e-06,8.467976558000591e-08,8.467976558000593e-08,0.9999812778276759,-3.0198740628298956e-07,-3.0198740628298956e-07,-1.3234889804656607e-23,104583.51664612447
0.21183782855545222,1.861896998389574e-07,2.7157453727019883e-07,0.9999799082169832,-1.3946990230238297e-06,-1.3946990230238297e-06,2.8121025637125977e-07,2.7170318660044455e-07,2.7170318660044455e-07,1.2282703994607332e-06,8.538483743124141e-08,8.538483743124142e-08,0.999980722940595,-3.0840087394303436e-07,-3.0840087394303436e-07,-1.3234889804905885e-23,104219.5259685269
0.21414041364844627,1.879535808117747e-07,2.740394605067899e-07,0.9999793367153128,-1.4124482390755695e-06,-1.4124482390755695e-06,2.8386680099747357e-07,2.741860240644923e-07,2.741860240644923e-07,1.225249960738681e-06,8.608587969501517e-08,8.608587969501521e-08,0.9999801588336943,-3.162903970484099e-07,-3.162903970484099e-07,-3.970466940684898e-23,103856.11078535473
0.2164429987414403,1.8971237935890112e-07,2.7649529427839315e-07,0.9999787560053394,-1.431403879473766e-06,-1.431403879473766e-06,2.865157849181567e-07,2.766564982093893e-07,2.766564982093893e-07,1.2222340226655814e-06,8.678291491949193e-08,8.678291491949203e-08,0.9999795854912222,-3.254227023601934e-07,-3.254227023601934e-07,-1.0587911841133435e-22,103493.277011905
0.21874558383443435,1.9146611047085403e-07,2.7894207592477283e-07,0.9999781660724322,-1.451279074372883e-06,-1.451279074372883e-06,2.89157236525539e-07,2.791139960210382e-07,2.791139960210382e-07,1.2192225951144346e-06,8.747596545391875e-08,8.74759654539188e-08,0.9999790028986599,-3.3551077067379174e-07,-3.3551077067379174e-07,-5.293955920818073e-23,103131.03049417255
0.2210481689274284,1.9321478908635194e-07,2.813798425368726e-07,0.9999775669031786,-1.4717465204224537e-06,-1.4717465204224537e-06,2.91791184026228e-07,2.815580808245757e-07,2.815580808245757e-07,1.2162156877474415e-06,8.816505345052067e-08,8.816505345052068e-08,0.9999784110427062,-3.462271502749632e-07,-3.462271502749632e-07,-1.3234889805872556e-23,102769.37700895053
0.22335075402042245,1.9495843009224982e-07,2.838086309586462e-07,0.999976958485368,-1.4924533757444349e-06,-1.4924533757444349e-06,2.944176554423156e-07,2.839885116452347e-07,2.839885116452347e-07,1.2132133100179017e-06,8.885020086639644e-08,8.88502008663964e-08,0.999977809911261,-3.5721885190985e-07,-3.5721885190985e-07,3.970466939728702e-23,102408.3222639848
0.2256533391134165,1.9669704832347772e-07,2.862284777888766e-07,0.999976340807977,-1.5130370483202861e-06,-1.5130370483202861e-06,2.970366786124821e-07,2.8640525373754395e-07,2.8640525373754395e-07,1.2102154711722454e-06,8.953142946539883e-08,8.953142946539887e-08,0.9999771994934104,-3.6812313716477977e-07,-3.6812313716477977e-07,-3.9704669408034905e-23,102047.87189818737
0.22795592420641053,1.9843065856298271e-07,2.8863941938298873e-07,0.9999757138611535,-1.5331411707045021e-06,-1.5331411707045021e-06,2.9964828119310077e-07,2.888084799490235e-07,2.888084799490235e-07,1.2072221802517778e-06,9.0208760820006e-08,9.020876082000602e-08,0.9999765797794116,-3.785834931725472e-07,-3.785834931725472e-07,-1.3234889806566376e-23,101688.03148175556
0.23025850929940458,2.0015927554167985e-07,2.910414918548516e-07,0.9999750776362015,-1.5524310585000139e-06,-1.5524310585000139e-06,3.022524906593402e-07,2.9119856300258376e-07,2.9119856300258376e-07,1.2042334460946272e-06,9.088221631317171e-08,9.088221631317174e-08,0.9999759507606771,-3.882650910806075e-07,-3.882650910806075e-07,-2.6469779607640297e-23,101328.80651637315
0.23256109439239864,2.0188291393841222e-07,2.9343473107857264e-07,0.9999744321255665,-1.5706079894750221e-06,-1.5706079894750221e-06,3.0484933430626647e-07,2.9357605917258223e-07,2.9357605917258223e-07,1.2012492773375377e-06,9.155181714016035e-08,9.155181714016042e-08,0.9999753124297597,-3.9686906516073157e-07,-3.9686906516073157e-07,-6.617444901040825e-23,100970.20243536631
0.23486367948539266,2.036015883799248e-07,2.9581917269028243e-07,0.9999737773228193,-1.5874217049122185e-06,-1.5874217049122185e-06,3.074388392499435e-07,2.9594168419163724e-07,2.9594168419163724e-07,1.198269682417913e-06,9.22175843103575e-08,9.221758431035762e-08,0.9999746647803374,-4.0414501415108876e-07,-4.0414501415108876e-07,-1.191140082140218e-22,100612.22460395847
0.23716626457838672,2.053153134408519e-07,2.9819485208991146e-07,0.9999731132226426,-1.6026806269952793e-06,-1.6026806269952793e-06,3.100210324285329e-07,2.982962825546077e-07,2.982962825546077e-07,1.195294669575376e-06,9.287953864905958e-08,9.287953864905955e-08,0.9999740078071989,-4.099012186356335e-07,-4.099012186356335e-07,2.6469779595094066e-23,100254.87831936199
0.23946884967138077,2.0702410364372094e-07,3.0056180444295754e-07,0.9999724398208151,-1.6162593926932884e-06,-1.6162593926932884e-06,3.1259594060339215e-07,3.0064079163783607e-07,3.0064079163783607e-07,1.1923242468538696e-06,9.353770079923664e-08,9.35377007992366e-08,0.9999733415062284,-4.140121749214582e-07,-4.140121749214582e-07,3.970466939572829e-23,99898.16881106925
0.24177143476437482,2.0872797345897287e-07,3.02920064682244e-07,0.9999717571141968,-1.6281034338581051e-06,-1.6281034338581051e-06,3.151635903601709e-07,3.029762022604626e-07,3.029762022604626e-07,1.1893584221033574e-06,9.419209122327119e-08,9.419209122327112e-08,0.9999726658743909,-4.1642317512912916e-07,-4.1642317512912916e-07,6.617444899721371e-23,99542.10124101589
0.24407401985736887,2.1042693730499935e-07,3.052696675096699e-07,0.9999710651007153,-1.6382304592700387e-06,-1.6382304592700387e-06,3.1772400810990665e-07,3.053035174249378e-07,3.053035174249378e-07,1.186397202981606e-06,9.484273020467057e-08,9.484273020467053e-08,0.9999719809097178,-4.1715178923135914e-07,-4.1715178923135914e-07,3.970466939530809e-23,99186.68070377536
0.2463766049503629,2.1212100954819618e-07,3.076106473979505e-07,0.9999703637793506,-1.6467288387512922e-06,-1.6467288387512922e-06,3.202772200901181e-07,3.076237110286778e-07,3.076237110286778e-07,1.1834405969560915e-06,9.548963784975433e-08,9.54896378497543e-08,0.9999712866112928,-4.162862491594903e-07,-4.162862491594903e-07,2.6469779594253608e-23,98831.91222681181
0.24867919004335695,2.1381020450303254e-07,3.0994303859234977e-07,0.9999696531501207,-1.6537530112572575e-06,-1.6537530112572575e-06,3.2282325236589734e-07,3.099376882994639e-07,3.099376882994639e-07,1.1804886113056792e-06,9.613283408931735e-08,9.613283408931723e-08,0.9999705829792365,-4.1398085688785844e-07,-4.1398085688785844e-07,1.1911400819998935e-22,98477.80077065923
0.250981775136351,2.154945364321339e-07,3.1226687511240347e-07,0.9999689332140677,-1.6595161732292356e-06,-1.6595161732292356e-06,3.253621308309999e-07,3.122462496032621e-07,3.122462496032621e-07,1.177541253122588e-06,9.677233868026957e-08,9.677233868026957e-08,0.999969870014693,-4.104486727796217e-07,-4.104486727796217e-07,-7.847354261731438e-33,98124.35122920926
0.25328436022934503,2.1717401954637728e-07,3.145821907536331e-07,0.9999682039732435,-1.6642806029697124e-06,-1.6642806029697124e-06,3.2789388120893296e-07,3.145500591013882e-07,3.145500591013882e-07,1.1745985293140163e-06,9.740817120725588e-08,9.740817120725584e-08,0.9999691477198157,-4.059518399551799e-07,-4.059518399551799e-07,3.9704669394499887e-23,97771.56842988989
0.2555869453223391,2.1884866800499677e-07,3.168890190892524e-07,0.9999674654306959,-1.6683460764487469e-06,-1.6683460764487469e-06,3.3041852905404226e-07,3.168496194963696e-07,3.168496194963696e-07,1.1716604466038805e-06,9.804035108425554e-08,9.804035108425564e-08,0.9999684160977532,-4.0079000009173725e-07,-4.0079000009173725e-07,-9.264422861418002e-23,97419.45713389126
0.25788953041533313,2.2051849591569628e-07,3.1918739347186295e-07,0.9999667175904547,-1.672036894552027e-06,-1.672036894552027e-06,3.3293609975259587e-07,3.1914525383241457e-07,3.1914525383241457e-07,1.1687270115347414e-06,9.866889755616664e-08,9.866889755616667e-08,0.9999676751526352,-3.952873206645753e-07,-3.952873206645753e-07,-2.646977961013071e-23,97068.02203646593
0.26019211550832716,2.221835173347678e-07,3.214773470351428e-07,0.9999659604575175,-1.6756880911761225e-06,-1.6756880911761225e-06,3.3544661852386697e-07,3.2143709499912565e-07,3.2143709499912565e-07,1.1657982304693885e-06,9.929382970037493e-08,9.929382970037502e-08,0.9999669248895586,-3.8977870303555124e-07,-3.8977870303555124e-07,-9.264422861456328e-23,96717.26776711819
0.26249470060132124,2.2384374626721222e-07,3.237589126955252e-07,0.9999651940378365,-1.6796314118009104e-06,-1.6796314118009104e-06,3.3795011042121403e-07,3.2372508325313776e-07,3.2372508325313776e-07,1.1628741095926593e-06,9.991516642831292e-08,9.991516642831295e-08,0.9999661653145745,-3.845957610188097e-07,-3.845957610188097e-07,-3.970466941135733e-23,96367.19888988328
0.26479728569431527,2.2549919666686027e-07,3.2603212315386823e-07,0.9999644183383045,-1.6841816486496732e-06,-1.6841816486496732e-06,3.404466003331582e-07,3.2600897173851063e-07,3.2600897173851063e-07,1.1599546549131171e-06,1.0053292648700801e-07,1.0053292648700796e-07,0.999965396434674,-3.800531560342003e-07,-3.800531560342003e-07,5.2939559194396455e-23,96017.81990356561
0.26709987078730935,2.2714988243649197e-07,3.282970108971164e-07,0.999963633366742,-1.689623890259479e-06,-1.689623890259479e-06,3.429361129844593e-07,3.2828833964607623e-07,3.2828833964607623e-07,1.1570398722649016e-06,1.0114712846062437e-07,1.0114712846062444e-07,0.9999646182577747,-3.764358466710133e-07,-3.764358466710133e-07,-7.94093388142708e-23,95669.13524204385
0.26940245588030337,2.287958174279515e-07,3.305536081999521e-07,0.9999628391318832,-1.6962021938683682e-06,-1.6962021938683682e-06,3.454186729371884e-07,3.305626123570409e-07,3.305626123570409e-07,1.1541297673091363e-06,1.0175779077200058e-07,1.0175779077200061e-07,0.9999638307927078,-3.739877610685598e-07,-3.739877610685598e-07,-2.6469779611057394e-23,95321.1492744333
0.2717050409732974,2.3043701544225495e-07,3.328019471264422e-07,0.9999620356433632,-1.704110116757145e-06,-1.704110116757145e-06,3.4789430459180214e-07,3.328310876259341e-07,3.328310876259341e-07,1.151224345536063e-06,1.0236493168418718e-07,1.0236493168418725e-07,0.9999630340492045,-3.729023282513761e-07,-3.729023282513761e-07,-7.940933881462909e-23,94973.86630550225
0.2740076260662915,2.3207349022969765e-07,3.3504205953166534e-07,0.9999612229117043,-1.7134834602881597e-06,-1.7134834602881597e-06,3.5036303218820395e-07,3.350929666459707e-07,3.350929666459707e-07,1.1483236122662838e-06,1.0296856930196776e-07,1.029685693019677e-07,0.9999622280378829,-3.733152221614983e-07,-3.733152221614983e-07,6.617444899452827e-23,94627.29057579592
0.2763102111592855,2.33705255489945e-07,3.372739770633432e-07,0.9999604009483039,-1.7243954764678424e-06,-1.7243954764678424e-06,3.528248798068158e-07,3.373473886451781e-07,3.373473886451781e-07,1.1454275726527131e-06,1.0356872157339837e-07,1.0356872157339823e-07,0.9999614127702351,-3.7529956821446954e-07,-3.7529956821446954e-07,1.4558378779944579e-22,94281.42626200416
0.2786127962522795,2.3533232487212203e-07,3.3949773116345387e-07,0.9999595697654204,-1.7368546878039602e-06,-1.7368546878039602e-06,3.5527987136963845e-07,3.395934675608967e-07,3.395934675608967e-07,1.1425362316821447e-06,1.0416540629133191e-07,1.0416540629133184e-07,0.9999605882586139,-3.788637631501447e-07,-3.788637631501447e-07,6.617444899418439e-23,93936.27747721015
0.2809153813452736,2.3695471197489252e-07,3.417133530698386e-07,0.9999587293761616,-1.7508053541180683e-06,-1.7508053541180683e-06,3.5772803064131195e-07,3.4183032927048034e-07,3.4183032927048034e-07,1.1396495941769803e-06,1.0475864109494611e-07,1.0475864109494608e-07,0.9999597545162208,-3.839519418387139e-07,-3.839519418387139e-07,2.6469779591470655e-23,93591.84827119824
0.28321796643826763,2.3857243034653094e-07,3.4392087381780037e-07,0.9999578797944708,-1.7661305195577597e-06,-1.7661305195577597e-06,3.601693812301733e-07,3.440571478723359e-07,3.440571478723359e-07,1.1367676647966782e-06,1.0534844347126947e-07,1.0534844347126943e-07,0.9999589115570923,-3.9044702428655824e-07,-3.9044702428655824e-07,3.9704669392153024e-23,93248.14263067683
0.28552055153126166,2.4018549348498824e-07,3.4612032424169237e-07,0.9999570210351151,-1.7826574645531813e-06,-1.7826574645531813e-06,3.626039465893114e-07,3.4627317957403924e-07,3.4627317957403924e-07,1.1338904480397465e-06,1.0593483075670412e-07,1.0593483075670413e-07,0.9999580593960878,-3.981761675864118e-07,-3.981761675864118e-07,-1.3234889811404523e-23,92905.16447968928
0.28782313662425574,2.417939148379531e-07,3.4831173497649613e-07,0.9999561531136723,-1.8001652990918054e-06,-1.8001652990918054e-06,3.6503175001761736e-07,3.484777928702238e-07,3.484777928702238e-07,1.1310179482449725e-06,1.0651782013854304e-07,1.0651782013854305e-07,0.9999571980488772,-4.069183591858209e-07,-4.069183591858209e-07,-1.3234889811566015e-23,92562.91767977903
0.29012572171724976,2.4339770780290816e-07,3.5049513645939224e-07,0.9999552760465189,-1.8183943520778015e-06,-1.8183943520778015e-06,3.674528146608337e-07,3.5067049386579414e-07,3.5067049386579414e-07,1.1281501695932395e-06,1.0709742865648412e-07,1.0709742865648408e-07,0.9999563275319283,-4.1641380624023257e-07,-4.1641380624023257e-07,3.9704669391668526e-23,92221.4060303534
0.29242830681024384,2.4499688572718516e-07,3.5267055893132147e-07,0.9999543898508175,-1.8370569481087415e-06,-1.8370569481087415e-06,3.6986716351260025e-07,3.528509458179431e-07,3.528509458179431e-07,1.1252871161092417e-06,1.0767367320413627e-07,1.0767367320413631e-07,0.9999554478624944,-4.2637471238345565e-07,-4.2637471238345565e-07,-3.970466941357912e-23,91880.63326902436
0.29473089190323787,2.4659146190801915e-07,3.548380324385357e-07,0.9999534945445051,-1.855849118335193e-06,-1.855849118335193e-06,3.722748194154961e-07,3.550189822129414e-07,3.550189822129414e-07,1.1224287916627857e-06,1.082465705305166e-07,1.0824657053051657e-07,0.9999545590586024,-4.3649698858105005e-07,-4.3649698858105005e-07,3.970466939135677e-23,91540.60307181599
0.2970334769962319,2.481814495926053e-07,3.569975868341404e-07,0.9999525901462801,-1.874462764092164e-06,-1.874462764092164e-06,3.7467580506207883e-07,3.5717461297093557e-07,3.5717461297093557e-07,1.1195751999706383e-06,1.0881613724153508e-07,1.0881613724153505e-07,0.9999536611390406,-4.464724167556025e-07,-4.464724167556025e-07,2.6469779590355754e-23,91201.31905356131
0.299336062089226,2.4976686197815814e-07,3.5914925177962725e-07,0.9999516766755913,-1.892597786636156e-06,-1.892597786636156e-06,3.770701429959206e-07,3.593180236388816e-07,3.593180236388816e-07,1.116726344597948e-06,1.0938238980146902e-07,1.0938238980146911e-07,0.9999527541233466,-4.5600077951764695e-07,-4.5600077951764695e-07,-9.264422861743063e-23,90862.78476816362
0.30163864718222,2.5134771221197597e-07,3.612930567463985e-07,0.9999507541526255,-1.9099737081623007e-06,-1.9099737081623007e-06,3.79457855612641e-07,3.614495677247016e-07,3.614495677247016e-07,1.1138822289598966e-06,1.0994534453442241e-07,1.0994534453442252e-07,0.9999518380317957,-4.648014811767067e-07,-4.648014811767067e-07,-1.058791184184273e-22,90525.00370893894
0.3039412322752141,2.529240133915132e-07,3.634290310172803e-07,0.9999498225982957,-1.926340340053739e-06,-1.926340340053739e-06,3.8183896516093604e-07,3.6356975257286185e-07,3.6356975257286185e-07,1.111042856323154e-06,1.1050501762576714e-07,1.1050501762576711e-07,0.9999509128853887,-4.726242159846178e-07,-4.726242159846178e-07,2.6469779589911012e-23,90187.97930890514
0.3062438173682081,2.544957785644589e-07,3.6555720368802847e-07,0.9999488820342297,-1.941487103119348e-06,-1.941487103119348e-06,3.84213493743604e-07,3.6567921944565606e-07,3.6567921944565606e-07,1.1082082298075997e-06,1.1106142512356966e-07,1.1106142512356958e-07,0.9999499787058408,-4.792582883672342e-07,-4.792582883672342e-07,7.94093387931608e-23,89851.71494115624
0.30854640246120213,2.5606302072882513e-07,3.6767760366882474e-07,0.9999479324827585,-1.9552506636823875e-06,-1.9552506636823875e-06,3.86581463318569e-07,3.677787186654073e-07,3.677787186654073e-07,1.1053783523875869e-06,1.1161458293999967e-07,1.1161458293999961e-07,0.9999490355155695,-4.845402490070886e-07,-4.845402490070886e-07,6.617444899217047e-23,89516.2139191024
0.3108489875541962,2.5762575283304595e-07,3.697902596857619e-07,0.9999469739669045,-1.9675206258083705e-06,-1.9675206258083705e-06,3.88942895699898e-07,3.698690808659185e-07,3.698690808659185e-07,1.1025532268937803e-06,1.1216450685271598e-07,1.1216450685271596e-07,0.9999480833376835,-4.883595870653229e-07,-4.883595870653229e-07,1.3234889788636877e-23,89181.4794968956
0.31315157264719023,2.591839877760842e-07,3.718952002823236e-07,0.9999460065103705,-1.978243097354337e-06,-1.978243097354337e-06,3.912978125588187e-07,3.719511855156525e-07,3.719511855156525e-07,1.0997328560144188e-06,1.1271121250623948e-07,1.1271121250623942e-07,0.9999471221959713,-4.906622962250427e-07,-4.906622962250427e-07,6.617444899189289e-23,88847.51486967881
0.31545415774018426,2.607377384075511e-07,3.7399245382085035e-07,0.999945030137528,-1.9874220367674814e-06,-1.9874220367674814e-06,3.9364623542472946e-07,3.7402592796698416e-07,3.7402592796698416e-07,1.0969172422969195e-06,1.1325471541329933e-07,1.1325471541329923e-07,0.9999461521148895,-4.9145222148408e-07,-4.9145222148408e-07,9.264422859345404e-23,88514.32317395024
0.31775674283317834,2.622870175278343e-07,3.7608204848400027e-07,0.9999440448734069,-1.9951183725739706e-06,-1.9951183725739706e-06,3.959881856862086e-07,3.76094186311604e-07,3.76094186311604e-07,1.0941063881494117e-06,1.1379503095616602e-07,1.1379503095616599e-07,0.9999451731195523,-4.907901786379695e-07,-4.907901786379695e-07,2.6469779589078133e-23,88181.90748790932
0.32005932792617237,2.6383183788823527e-07,3.781640122761981e-07,0.9999430507436833,-2.0014469734294724e-06,-2.0014469734294724e-06,3.983236845920185e-07,3.7815678930680554e-07,3.7815678930680554e-07,1.0913002958421506e-06,1.1433217438796281e-07,1.1433217438796284e-07,0.9999441852357202,-4.8879092432468e-07,-4.8879092432468e-07,-2.6469779614447344e-23,87850.27083177205
0.3223619130191664,2.653722121911164e-07,3.802383730250768e-07,0.9999420477746693,-2.0065716272193808e-06,-2.0065716272193808e-06,4.006527532521063e-07,3.802144865699257e-07,3.802144865699257e-07,1.0884989675089785e-06,1.1486616083396037e-07,1.1486616083396039e-07,0.9999431884897884,-4.856181351190737e-07,-4.856181351190737e-07,-1.323488981372863e-23,87519.41616810604
0.32466449811216047,2.669081530900547e-07,3.823051583829087e-07,0.999941035993302,-2.010698257517717e-06,-2.010698257517717e-06,4.029754126386014e-07,3.8226792213062e-07,3.8226792213062e-07,1.085702405148864e-06,1.1539700529285401e-07,1.15397005292854e-07,0.9999421829087771,-4.814776239860823e-07,-4.814776239860823e-07,1.3234889787840485e-23,87189.34640219476
0.3269670832051545,2.684396731900022e-07,3.843643958280284e-07,0.9999400154271326,-2.0140666694991705e-06,-2.0140666694991705e-06,4.052916835868075e-07,3.8431761227829083e-07,3.8431761227829083e-07,1.0829106106273719e-06,1.1592472263802611e-07,1.1592472263802616e-07,0.9999411685203201,-4.76609086187057e-07,-4.76609086187057e-07,-5.293955921652756e-23,86860.06438238636
0.3292696682981486,2.69966785047451e-07,3.864161126662473e-07,0.9999389861043159,-2.016941162797912e-06,-2.016941162797912e-06,4.0760158679619377e-07,3.86363928468553e-07,3.86363928468553e-07,1.0801235856779245e-06,1.164493276187963e-07,1.1644932761879627e-07,0.9999401453526539,-4.712767121329228e-07,-4.712767121329228e-07,2.6469779588439196e-23,86531.57290038274
0.3315722533911426,2.71489501170602e-07,3.8846033603225726e-07,0.9999379480535993,-2.019600386410079e-06,-2.019600386410079e-06,4.099051428313788e-07,3.884070858380816e-07,3.884070858380816e-07,1.0773413319034485e-06,1.169708348616552e-07,1.1697083486165525e-07,0.9999391134346074,-4.657590422810501e-07,-4.657590422810501e-07,-5.293955921677346e-23,86203.87469165321
0.3338748384841366,2.7300783401953624e-07,3.904970928910268e-07,0.999936901304313,-2.0223268272005525e-06,-2.0223268272005525e-06,4.122023721231125e-07,3.9044713767026294e-07,3.9044713767026294e-07,1.0745638507777306e-06,1.1748925887149062e-07,1.1748925887149053e-07,0.9999380727955917,-4.6033845563644543e-07,-4.6033845563644543e-07,9.264422859243929e-23,85876.9724357612
0.3361774235771307,2.7452179600638605e-07,3.925264100391869e-07,0.9999358458863592,-2.025396330382729e-06,-2.025396330382729e-06,4.144932949692533e-07,3.924839759099733e-07,3.924839759099733e-07,1.0717911436467158e-06,1.1800461403280084e-07,1.1800461403280085e-07,0.9999370234655893,-4.552906902259814e-07,-4.552906902259814e-07,-1.3234889814466495e-23,85550.86875668347
0.33848000867012473,2.760313994955051e-07,3.945483141064098e-07,0.9999347818302019,-2.0290680380331496e-06,-2.0290680380331496e-06,4.1677793153574184e-07,3.9451733761753285e-07,3.9451733761753285e-07,1.0690232117301304e-06,1.1851691461090467e-07,1.1851691461090468e-07,0.9999359654751442,-4.5087478160751034e-07,-4.5087478160751034e-07,-1.3234889814582892e-23,85225.56622322672
0.3407825937631188,2.7753665680363736e-07,3.965628315567778e-07,0.9999337091668566,-2.033575107809726e-06,-2.033575107809726e-06,4.190563018575716e-07,3.965468170181091e-07,3.965468170181091e-07,1.0662600561226383e-06,1.1902617475314044e-07,1.1902617475314042e-07,0.9999348988553514,-4.47323781582615e-07,-4.47323781582615e-07,1.3234889786999427e-23,84901.06734931219
0.34308517885611284,2.7903758020008295e-07,3.985699886901409e-07,0.9999326279278806,-2.039116536798803e-06,-2.039116536798803e-06,4.213284258397514e-07,3.9857188261840033e-07,3.9857188261840033e-07,1.0635016777954426e-06,1.195324084900579e-07,1.1953240849005796e-07,0.9999338236378467,-4.448365820382392e-07,-4.448365820382392e-07,-5.293955921735554e-23,84577.37459439684
0.34538776394910686,2.8053418190685916e-07,4.005698116434696e-07,0.9999315381453624,-2.0458503666857976e-06,-2.0458503666857976e-06,4.23594323258269e-07,4.0059189867757127e-07,4.0059189867757127e-07,1.0607480775974603e-06,1.2003562973661033e-07,1.2003562973661043e-07,0.9999327398547974,-4.4357112011191924e-07,-4.4357112011191924e-07,-1.0587911842086026e-22,84254.49036377297
0.34769034904210094,2.8202647409885755e-07,4.025623263921955e-07,0.9999304398519124,-2.0538884897637476e-06,-2.0538884897637476e-06,4.25854013761047e-07,4.0260615018059196e-07,4.0260615018059196e-07,1.0579992562568256e-06,1.20535852293338e-07,1.2053585229333797e-07,0.9999316475388916,-4.436391841949655e-07,-4.436391841949655e-07,2.6469779587514984e-23,83932.41700896727
0.34999293413509497,2.835144689039959e-07,4.0454755875154437e-07,0.9999293330806527,-2.063293212019472e-06,-2.063293212019472e-06,4.2810751686889606e-07,4.046138703504522e-07,4.046138703504522e-07,1.0552552143822393e-06,1.2103308984754847e-07,1.2103308984754847e-07,0.9999305467233289,-4.451029770132947e-07,-4.451029770132947e-07,-1.428931733245487e-32,83611.15682810116
0.352295519228089,2.8499817840336475e-07,4.0652553437785973e-07,0.9999282178652077,-2.0740756610660473e-06,-2.0740756610660473e-06,4.303548519764634e-07,4.0661426966252645e-07,4.0661426966252645e-07,1.0525159524642072e-06,1.2152735597449504e-07,1.2152735597449499e-07,0.9999294374418108,-4.4797352355460835e-07,-4.4797352355460835e-07,5.2939559188998785e-23,83290.71206622127
0.3545981043210831,2.864776146313696e-07,4.0849627876991746e-07,0.9999270942396941,-2.0861960598553727e-06,-2.0861960598553727e-06,4.325960383531769e-07,4.086065652931368e-07,4.086065652931368e-07,1.049781470876437e-06,1.2201866413854788e-07,1.2201866413854786e-07,0.9999283197285304,-4.522109447757028e-07,-4.522109447757028e-07,2.6469779587197953e-23,82971.08491568196
0.3569006894140771,2.879527895758673e-07,4.1045981727023147e-07,0.9999259622387117,-2.099565816825636e-06,-2.099565816825636e-06,4.3483109514418516e-07,4.1059000993899013e-07,4.1059000993899013e-07,1.0470517698772362e-06,1.2250702769436412e-07,1.2250702769436417e-07,0.9999271936181635,-4.5772654774471e-07,-4.5772654774471e-07,-5.293955921799493e-23,82652.27751653007
0.3592032745070711,2.894237151782986e-07,4.1241617506635103e-07,0.999924821897334,-2.1140513225506646e-06,-2.1140513225506646e-06,4.370600413712937e-07,4.125639189885402e-07,4.125639189885402e-07,1.0443268496106538e-06,1.2299245988805247e-07,1.2299245988805241e-07,0.9999260591458592,-4.643866222852605e-07,-4.643866222852605e-07,5.293955918869207e-23,82334.29195682128
0.3615058596000652,2.9089040333381755e-07,4.143653771921477e-07,0.9999236732510985,-2.129479280686874e-06,-2.129479280686874e-06,4.3928289593389556e-07,4.145276951076904e-07,4.145276951076904e-07,1.041606710107994e-06,1.2347497385833027e-07,1.2347497385833016e-07,0.9999249163472301,-4.720177719182833e-07,-4.720177719182833e-07,1.0587911839198698e-22,82017.13027304538
0.36380844469305923,2.9235286589141706e-07,4.1630744852909506e-07,0.9999225163359978,-2.145643355014472e-06,-2.145643355014472e-06,4.414996776098991e-07,4.164808494091226e-07,4.164808494091226e-07,1.0388913512889138e-06,1.2395458263767795e-07,1.23954582637678e-07,0.9999237652583434,-4.804135608980918e-07,-4.804135608980918e-07,-5.293955921829153e-23,81700.79445043925
0.3661110297860533,2.938111146540538e-07,4.1824241380753764e-07,0.9999213511884705,-2.1623118684680017e-06,-2.1623118684680017e-06,4.4371040505665e-07,4.184230185190877e-07,4.184230185190877e-07,1.0361807729628427e-06,1.2443129915348384e-07,1.2443129915348386e-07,0.9999226059157119,-4.893422132378511e-07,-4.893422132378511e-07,-2.6469779616690204e-23,81385.28642339206
0.36841361487904734,2.9526516137877126e-07,4.201702976079527e-07,0.9999201778453917,-2.1792362633865005e-06,-2.1792362633865005e-06,4.459150968118497e-07,4.2035397700570826e-07,4.2035397700570826e-07,1.033474974830188e-06,1.2490513622918145e-07,1.2490513622918145e-07,0.9999214383562844,-4.985550729546896e-07,-4.985550729546896e-07,-1.5087247096864537e-32,81070.60807579487
0.37071619997204136,2.967150177768236e-07,4.220911243622019e-07,0.9999189963440642,-2.1961600092216418e-06,-2.1961600092216418e-06,4.481137712944691e-07,4.222736448159775e-07,4.222736448159775e-07,1.0307739564836862e-06,1.2537610658537842e-07,1.2537610658537831e-07,0.9999202626174373,-5.077955117728341e-07,-5.077955117728341e-07,1.0587911839160798e-22,80756.76124143446
0.37301878506503544,2.9816069551380076e-07,4.240049183547746e-07,0.9999178067222102,-2.2128276380582965e-06,-2.2128276380582965e-06,4.50306446805658e-07,4.2418208954229007e-07,4.2418208954229007e-07,1.0280777174095153e-06,1.2584422284097379e-07,1.2584422284097384e-07,0.9999190787369653,-5.168079646391981e-07,-5.168079646391981e-07,-5.293955921866405e-23,80443.7477043247
0.37532137015802947,2.9960220620975523e-07,4.259117037240215e-07,0.9999166090179615,-2.2289935903440042e-06,-2.2289935903440042e-06,4.5249314152964923e-07,4.2607952352929366e-07,4.2607952352929366e-07,1.0253862569886817e-06,1.2630949751426626e-07,1.2630949751426626e-07,0.9999178867530727,-5.253467754479183e-07,-5.253467754479183e-07,-1.535941595655925e-32,80131.56919911523
0.37762395525102355,3.010395614393326e-07,4.278115044633812e-07,0.9999154032698515,-2.244430568167295e-06,-2.244430568167295e-06,4.5467387353465985e-07,4.2796629600801187e-07,4.2796629600801187e-07,1.0226995744981878e-06,1.2677194302404856e-07,1.267719430240486e-07,0.999916686704365,-5.331845503137701e-07,-5.331845503137701e-07,-5.293955921884077e-23,79820.22741144571
0.37992654034401757,3.0247277273190564e-07,4.2970434442259604e-07,0.9999141895168064,-2.2589371174304392e-06,-2.2589371174304392e-06,4.5684866077378617e-07,4.298428806119755e-07,4.298428806119755e-07,1.0200176691122757e-06,1.2723157169069035e-07,1.272315716906904e-07,0.9999154786298398,-5.401197397400551e-07,-5.401197397400551e-07,-5.293955921892678e-23,79509.72397832158
0.3822291254370116,3.039018515717132e-07,4.315902473089203e-07,0.9999129677981367,-2.2723441942554294e-06,-2.2723441942554294e-06,4.590175210858955e-07,4.3170985878513824e-07,4.3170985878513824e-07,1.0173405399036395e-06,1.2768839573720697e-07,1.2768839573720708e-07,0.9999142625688786,-5.459832050197483e-07,-5.459832050197483e-07,-1.0587911842240504e-22,79200.06048848527
0.3845317105300057,3.0532680939800444e-07,4.3346923668831905e-07,0.9999117381535285,-2.284520510861669e-06,-2.284520510861669e-06,4.6118047219651214e-07,4.335678997169507e-07,4.335678997169507e-07,1.0146681858446309e-06,1.2814242729031456e-07,1.281424272903146e-07,0.9999130385612386,-5.506435641083926e-07,-5.506435641083926e-07,-5.293955921909424e-23,78891.23848279005
0.3868342956229997,3.067476576051877e-07,4.3534133598665866e-07,0.9999105006230355,-2.295376504542492e-06,-2.295376504542492e-06,4.633375317186999e-07,4.3541773755140226e-07,4.3541773755140226e-07,1.0120006058085164e-06,1.2859367838147089e-07,1.2859367838147094e-07,0.9999118066470435,-5.540111605958573e-07,-5.540111605958573e-07,-5.29395592191757e-23,78583.25945458711
0.3891368807159937,3.0816440754298653e-07,4.3720656849088855e-07,0.9999092552470705,-2.3048668219222177e-06,-2.3048668219222177e-06,4.65488717153939e-07,4.372601466882641e-07,4.372601466882641e-07,1.0093377985705774e-06,1.2904216094790202e-07,1.2904216094790202e-07,0.999910566866776,-5.560405479586635e-07,-5.560405479586635e-07,-1.5861902196411045e-32,78276.12485007726
0.3914394658089878,3.0957707051659905e-07,4.3906495735021535e-07,0.9999080020663974,-2.3129912668466903e-06,-2.3129912668466903e-06,4.6763404589300055e-07,4.390959160484257e-07,4.390959160484257e-07,1.0066797628092916e-06,1.2948788683361635e-07,1.294878868336163e-07,0.9999093192612695,-5.567314374458289e-07,-5.567314374458289e-07,5.293955918745336e-23,77969.83606868416
0.39374205090198183,3.1098565778686595e-07,4.409165255772651e-07,0.9999067411221227,-2.3197942098298236e-06,-2.3197942098298236e-06,4.697735352168118e-07,4.409258231869361e-07,4.409258231869361e-07,1.0040264971076648e-06,1.2993086779039913e-07,1.2993086779039913e-07,0.9999080638716995,-5.561281075207633e-07,-5.561281075207633e-07,-1.601744280545139e-32,77664.39446347205
0.39604463599497586,3.12390180570441e-07,4.427612960492408e-07,0.9999054724556881,-2.3253625130851925e-06,-2.3253625130851925e-06,4.7190720229732186e-07,4.4275060912790976e-07,4.4275060912790976e-07,1.0013779999541646e-06,1.303711154787997e-07,1.3037111547879982e-07,0.9999068007395762,-5.543173288882293e-07,-5.543173288882293e-07,-1.0587911842288058e-22,77359.80134145968
0.39834722108796994,3.1379065003996707e-07,4.4459929150907053e-07,0.9999041961088618,-2.329822069684284e-06,-2.329822069684284e-06,4.740350641983607e-07,4.4457095475108607e-07,4.4457095475108607e-07,9.987342697440178e-07,1.3080864146910345e-07,1.3080864146910345e-07,0.9999055299067363,-5.51424903648002e-07,-5.51424903648002e-07,-1.6167203056556191e-32,77056.05796403256
0.40064980618096396,3.1518707732425744e-07,4.464305345665441e-07,0.9999029121237316,-2.333333102877557e-06,-2.333333102877557e-06,4.761571378764912e-07,4.4638745949078445e-07,4.4638745949078445e-07,9.960953047803494e-07,1.3124345724228673e-07,1.3124345724228668e-07,0.9999042514153353,-5.476109646113804e-07,-5.476109646113804e-07,5.2939559187153823e-23,76753.1655473175
0.40295239127395804,3.165794735084785e-07,4.4825504769944635e-07,0.9999016205426963,-2.336084406795773e-06,-2.336084406795773e-06,4.782734401818615e-07,4.4820062301602304e-07,4.4820062301602304e-07,9.934611032752414e-07,1.3167557419096772e-07,1.3167557419096782e-07,0.9999029653078394,-5.430642159979876e-07,-5.430642159979876e-07,-1.0587911842309884e-22,76451.12526253612
0.40525497636695207,3.1796784963433727e-07,4.5007285325467695e-07,0.999900321408458,-2.338286742024386e-06,-2.338286742024386e-06,4.803839878590476e-07,4.5001083044666084e-07,4.5001083044666084e-07,9.90831663350953e-07,1.321050036203396e-07,1.3210500362033968e-07,0.9999016716270177,-5.379953290056784e-07,-5.379953290056784e-07,-7.940933882147191e-23,76149.93823640548
0.4075575614599461,3.19352216700269e-07,4.518839734493656e-07,0.9998990147640153,-2.340165621621801e-06,-2.340165621621801e-06,4.824887975478944e-07,4.518183415319607e-07,4.518183415319607e-07,9.882069830409423e-07,1.3253175674909667e-07,1.3253175674909662e-07,0.9999003704159357,-5.326297278243388e-07,-5.326297278243388e-07,5.2939559186943927e-23,75849.60555148685
0.4098601465529402,3.207325856616273e-07,4.5368843037197664e-07,0.9998977006526553,-2.341953737424868e-06,-2.341953737424868e-06,4.845878857843508e-07,4.5362328408015876e-07,4.5362328408015876e-07,9.855870602910293e-07,1.329558447103493e-07,1.3295584471034936e-07,0.9998990617179464,-5.272000159369613e-07,-5.272000159369613e-07,-5.293955921991083e-23,75550.12824657561
0.4121627316459342,3.2210896743087346e-07,4.5548624598340646e-07,0.9998963791179456,-2.3438832824513346e-06,-2.3438832824513346e-06,4.866812690013006e-07,4.5542565177861693e-07,4.5542565177861693e-07,9.829718929605039e-07,1.33377278552533e-07,1.33377278552533e-07,0.9998977455766835,-5.219382985177087e-07,-5.219382985177087e-07,-1.6582944386869642e-32,75251.50731707699
0.4144653167389283,3.234813728777663e-07,4.572774421180724e-07,0.999895050203728,-2.346178421944966e-06,-2.346178421944966e-06,4.88768963529388e-07,4.5722530640298497e-07,4.5722530640298497e-07,9.803614788231972e-07,1.3379606924030608e-07,1.3379606924030608e-07,0.9998964220360544,-5.170686534726766e-07,-5.170686534726766e-07,-1.6647489951964637e-32,74953.74371537552
0.4167679018319223,3.248498128295494e-07,4.5906204048499267e-07,0.9998937139541105,-2.3490481545940685e-06,-2.3490481545940685e-06,4.908509855978389e-07,4.590219842642078e-07,4.590219842642078e-07,9.77755815568495e-07,1.3421222765544316e-07,1.3421222765544327e-07,0.999895091140232,-5.127999926540979e-07,-5.127999926540979e-07,-1.0587911842349825e-22,74656.83835119275
0.41907048692491633,3.2621429807113815e-07,4.608400626688596e-07,0.9998923704134604,-2.3526797871047085e-06,-2.3526797871047085e-06,4.929273513352775e-07,4.608153066161285e-07,4.608153066161285e-07,9.751549008025903e-07,1.3462576459772142e-07,1.3462576459772147e-07,0.9998937529336483,-5.0931953642927e-07,-5.0931953642927e-07,-5.293955922016641e-23,74360.79209200418
0.4213730720179104,3.2757483934530287e-07,4.626115301311031e-07,0.9998910196263968,-2.3572332190860284e-06,-2.3572332190860284e-06,4.94998076770538e-07,4.626047936148976e-07,4.626047936148976e-07,9.725587320492855e-07,1.350366907858002e-07,1.3503669078580023e-07,0.9998924074609872,-5.06787098561616e-07,-5.06787098561616e-07,-2.646977961853015e-23,74065.60576334862
0.42367565711090444,3.2893144735284997e-07,4.6437646421094653e-07,0.999889661637784,-2.3628362055612872e-06,-2.3628362055612872e-06,4.970631778334706e-07,4.6438988132592566e-07,4.6438988132592566e-07,9.699673067512924e-07,1.3544501685809659e-07,1.3544501685809656e-07,0.9998910547671767,-5.053303487175011e-07,-5.053303487175011e-07,2.646977958480427e-23,73771.28014926128
0.42597824220389846,3.302841327527998e-07,4.661348861264549e-07,0.9998882964927245,-2.3695807270400378e-06,-2.3695807270400378e-06,4.991226703557448e-07,4.661699411772374e-07,4.661699411772374e-07,9.673806222711459e-07,1.3585075337365503e-07,1.358507533736551e-07,0.9998896948973829,-5.050411825342181e-07,-5.050411825342181e-07,-7.940933882204136e-23,73477.81599261278
0.42828082729689254,3.3163290616256083e-07,4.678868169755743e-07,0.9998869242365517,-2.377520560468716e-06,-2.377520560468716e-06,5.01176570071646e-07,4.6794430120106855e-07,4.6794430120106855e-07,9.647986758922124e-07,1.3625391081301347e-07,1.3625391081301347e-07,0.9998883278970025,-5.059732925664188e-07,-5.059732925664188e-07,-1.70075251868914e-32,73185.21399547455
0.43058341238988657,3.329777781581005e-07,4.696322777371635e-07,0.9998855449148233,-2.386670101849062e-06,-2.386670101849062e-06,5.032248926188681e-07,4.6971226835642565e-07,4.6971226835642565e-07,9.622214648198578e-07,1.3665449957906302e-07,1.3665449957906302e-07,0.9998869538116565,-5.081409909004078e-07,-5.081409909004078e-07,-1.7063113768687805e-32,72893.47481952305
0.4328859974828806,3.3431875927411314e-07,4.71371289272017e-07,0.9998841585733149,-2.3970044518314855e-06,-2.3970044518314855e-06,5.05267653539301e-07,4.7147315120994296e-07,4.7147315120994296e-07,9.596489861822954e-07,1.3705252999790396e-07,1.3705252999790385e-07,0.9998855726871827,-5.115192947434175e-07,-5.115192947434175e-07,1.0587911838967008e-22,72602.59908636939
0.43518858257587467,3.3565586000418386e-07,4.731038723238813e-07,0.999882765258013,-2.4084607345216164e-06,-2.4084607345216164e-06,5.073048682798148e-07,4.732262822543712e-07,4.732262822543712e-07,9.570812370316936e-07,1.3744801231969754e-07,1.3744801231969744e-07,0.99988418456963,-5.160452452260912e-07,-5.160452452260912e-07,1.0587911838961693e-22,72312.5873779513
0.4374911676688687,3.369890908009501e-07,4.748300475204614e-07,0.9998813650151083,-2.420940581776706e-06,-2.420940581776706e-06,5.093365521930362e-07,4.7497103917171987e-07,4.7497103917171987e-07,9.545182143452046e-07,1.3784095671951134e-07,1.3784095671951129e-07,0.9998827895052508,-5.216203916948605e-07,-5.216203916948605e-07,5.2939559186171204e-23,72023.44023690987
0.4397937527618628,3.383184620762604e-07,4.765498353744207e-07,0.9998799578909893,-2.434313680932725e-06,-2.434313680932725e-06,5.113627205381232e-07,4.7670686439503075e-07,4.7670686439503075e-07,9.519599150258318e-07,1.3823137329816035e-07,1.382313732981603e-07,0.9998813875404954,-5.281143394350422e-07,-5.281143394350422e-07,5.293955918612046e-23,71735.15816692628
0.4420963378548568,3.396439842013308e-07,4.782632562843721e-07,0.999878543932236,-2.448422252214864e-06,-2.448422252214864e-06,5.133833884815327e-07,4.784332823909695e-07,4.784332823909695e-07,9.494063359035452e-07,1.3861927208304143e-07,1.3861927208304132e-07,0.9998799787220048,-5.353692270773755e-07,-5.353692270773755e-07,1.0587911838946466e-22,71447.7416331209
0.4443989229478508,3.4096566750689985e-07,4.799703305358618e-07,0.9998771231856134,-2.4630862978174837e-06,-2.4630862978174837e-06,5.153985710977858e-07,4.801499141661241e-07,4.801499141661241e-07,9.468574737362064e-07,1.3900466302896206e-07,1.39004663028962e-07,0.999878563096605,-5.432049756740363e-07,-5.432049756740363e-07,5.293955918602247e-23,71161.19106240728
0.4467015080408449,3.422835222833824e-07,4.81671078302345e-07,0.9998756956980656,-2.4781094432444432e-06,-2.4781094432444432e-06,5.17408283370225e-07,4.818564886001939e-07,4.818564886001939e-07,9.443133252104905e-07,1.3938755601896264e-07,1.393875560189626e-07,0.9998771407113005,-5.514251300350632e-07,-5.514251300350632e-07,5.293955918597522e-23,70875.5068438477
0.44900409313383893,3.435975587810226e-07,4.833655196461529e-07,0.9998742615167087,-2.4932851791830185e-06,-2.4932851791830185e-06,5.194125401917698e-07,4.835528503102007e-07,4.835528503102007e-07,9.417738869428938e-07,1.3976796086513025e-07,1.3976796086513028e-07,0.9998757116132676,-5.598231005984068e-07,-5.598231005984068e-07,-2.646977961916156e-23,70590.68932902823
0.451306678226833,3.449077872100473e-07,4.850536745194529e-07,0.9998728206888253,-2.5084033033112954e-06,-2.5084033033112954e-06,5.21411356365665e-07,4.852389638697097e-07,4.852389638697097e-07,9.39239155480708e-07,1.4014588730940552e-07,1.4014588730940563e-07,0.9998742758498489,-5.681886052334838e-07,-5.681886052334838e-07,-1.058791184242972e-22,70306.73883242854
0.45360926331982704,3.4621421774081933e-07,4.867355627652012e-07,0.9998713732618588,-2.5232563615406997e-06,-2.5232563615406997e-06,5.234047466062266e-07,4.869149143140067e-07,4.869149143140067e-07,9.367091273028668e-07,1.4052134502438184e-07,1.4052134502438184e-07,0.9998728334685472,-5.76314110479895e-07,-5.76314110479895e-07,-1.7553518195575564e-32,70023.65563176281
0.45591184841282106,3.4751686050399246e-07,4.884112041180862e-07,0.9998699192834062,-2.5376458924608347e-06,-2.5376458924608347e-06,5.253927255395809e-07,4.885809039855631e-07,4.885809039855631e-07,9.341837988210093e-07,1.4089434361409372e-07,1.4089434361409372e-07,0.9998713845170185,-5.8400107598849e-07,-5.8400107598849e-07,-1.759627757493771e-32,69741.4399683704
0.45821443350581514,3.4881572559066755e-07,4.90080618205466e-07,0.9998684588012133,-2.5513882900967315e-06,-2.5513882900967315e-06,5.273753077043998e-07,4.902372458759093e-07,4.902372458759093e-07,9.316631663802426e-07,1.4126489261479853e-07,1.4126489261479848e-07,0.9998699290430679,-5.910658172748674e-07,-5.910658172748674e-07,5.293955918575583e-23,69460.09204753992
0.46051701859880917,3.5011082305255053e-07,4.917438245482961e-07,0.9998669918631684,-2.564320116259997e-06,-2.564320116259997e-06,5.293525075526303e-07,4.918843537291138e-07,4.918843537291138e-07,9.291472262602471e-07,1.4163300149574558e-07,1.4163300149574558e-07,0.999868467094642,-5.973448180668126e-07,-5.973448180668126e-07,-1.7678523415122977e-32,69179.61203891106
0.4628196036918032,3.5140216290211263e-07,4.93400842562052e-07,0.9998655185172964,-2.5763027145653294e-06,-2.5763027145653294e-06,5.313243394502215e-07,4.935227292595445e-07,4.935227292595445e-07,9.266359746760446e-07,1.4199867965993936e-07,1.4199867965993936e-07,0.9998669987198241,-6.026993443171214e-07,-6.026993443171214e-07,-1.7718032726022056e-32,68900.0000768015
0.4651221887847973,3.5268975511275345e-07,4.950516915576419e-07,0.9998640388117532,-2.587226002945091e-06,-2.587226002945091e-06,5.332908176778444e-07,4.951529469176222e-07,4.951529469176222e-07,9.241294077788873e-07,1.4236193644488849e-07,1.4236193644488849e-07,0.9998655239668279,-6.070192367145233e-07,-6.070192367145233e-07,-1.7756481366679915e-32,68621.25626056164
0.4674247738777913,3.5397360961896594e-07,4.966963907423134e-07,0.9998625527948202,-2.597011349424664e-06,-2.597011349424664e-06,5.352519564316081e-07,4.967756367010333e-07,4.967756367010333e-07,9.216275216572978e-07,1.427227811233475e-07,1.4272278112334745e-07,0.9998640428839924,-6.102257864554105e-07,-6.102257864554105e-07,5.2939559185599896e-23,68343.38065496305
0.4697273589707853,3.552537363165052e-07,4.983349592205514e-07,0.9998610605148981,-2.605613465112159e-06,-2.605613465112159e-06,5.372077698237709e-07,4.983914655551974e-07,4.983914655551974e-07,9.191303123378022e-07,1.4308122290404617e-07,1.4308122290404623e-07,0.9998625555197758,-6.122736282299535e-07,-6.122736282299535e-07,-5.293955922122401e-23,68066.3732905204
0.4720299440637794,3.5653014506255897e-07,4.999674159949699e-07,0.9998595620205024,-2.613021280159624e-06,-2.613021280159624e-06,5.391582718834472e-07,5.000011179385551e-07,5.000011179385551e-07,9.166377757858824e-07,1.4343727093241103e-07,1.4343727093241097e-07,0.9998610619227504,-6.131516161797444e-07,-6.131516161797444e-07,5.29395591855282e-23,67790.2341638618
0.47433252915677343,3.578028456759215e-07,5.015937799671956e-07,0.9998580573602571,-2.619257798108338e-06,-2.619257798108338e-06,5.411034765573086e-07,5.016052761387937e-07,5.016052761387937e-07,9.141499079068036e-07,1.4379093429127414e-07,1.4379093429127408e-07,0.999859562141597,-6.128826782395559e-07,-6.128826782395559e-07,5.293955918549388e-23,67514.96323807104
0.4766351142497675,3.590718479371693e-07,5.032140699387442e-07,0.9998565465828897,-2.624378955894512e-06,-2.624378955894512e-06,5.430433977102819e-07,5.032046009220387e-07,5.032046009220387e-07,9.116667045465148e-07,1.44142222001575e-07,1.4414222200157488e-07,0.9998580562250995,-6.115226761395352e-07,-6.115226761395352e-07,1.3234889799055123e-22,67240.56044304984
0.47893769934276154,3.6033716158884035e-07,5.048283046118888e-07,0.9998550297372254,-2.6284715433173884e-06,-2.6284715433173884e-06,5.449780491262402e-07,5.04799713074177e-07,5.04799713074177e-07,9.091881614924545e-07,1.4449114302304844e-07,1.444911430230484e-07,0.9998565442221392,-6.091583248698334e-07,-6.091583248698334e-07,2.6469779583731365e-23,66967.02567585527
0.48124028443575556,3.6159879633561376e-07,5.064365025905225e-07,0.9998535068721828,-2.6316502641012604e-06,-2.6316502641012604e-06,5.469074445086913e-07,5.06391176354897e-07,5.06391176354897e-07,9.067142744744716e-07,1.4483770625490867e-07,1.448377062549087e-07,0.9998550261816905,-6.059042537391706e-07,-6.059042537391706e-07,-2.646977961969374e-23,66694.35880106568
0.48354286952874964,3.6285676184449234e-07,5.080386823810125e-07,0.9998519780367677,-2.634054041305115e-06,-2.634054041305115e-06,5.488315974814599e-07,5.079794823341862e-07,5.079794823341862e-07,9.042450391655551e-07,1.451819205365202e-07,1.451819205365202e-07,0.9998535021528149,-6.01899311781065e-07,-6.01899311781065e-07,-1.8027207859543014e-32,66422.5596511047
0.48584545462174367,3.641110677449853e-07,5.09634862393048e-07,0.9998504432800687,-2.635841691215253e-06,-2.635841691215253e-06,5.507505215893664e-07,5.095650375139812e-07,5.095650375139812e-07,9.017804511827742e-07,1.4552379464806268e-07,1.4552379464806268e-07,0.9998519721846558,-5.973022416430612e-07,-5.973022416430612e-07,-1.805660213101274e-32,66151.62802661065
0.48814803971473775,3.6536172362929316e-07,5.112250609404784e-07,0.9998489026512514,-2.6371871032374774e-06,-2.6371871032374774e-06,5.526642302989e-07,5.111481530658443e-07,5.111481530658443e-07,8.99320506087983e-07,1.458633373111852e-07,1.4586333731118523e-07,0.9998504363264342,-5.922868594755638e-07,-5.922868594755638e-07,-2.6469779619781925e-23,65881.56369675617
0.49045062480773177,3.666087390524918e-07,5.12809296242149e-07,0.9998473561995542,-2.638274075167068e-06,-2.638274075167068e-06,5.545727369988872e-07,5.12729037430641e-07,5.12729037430641e-07,8.968651993887487e-07,1.4620055718965717e-07,1.4620055718965717e-07,0.999848894627443,-5.870368901984719e-07,-5.870368901984719e-07,-1.8112541538116388e-32,65612.36639961532
0.4927532099007258,3.6785212353271736e-07,5.14387586422725e-07,0.9998458039742831,-2.6392909585920814e-06,-2.6392909585920814e-06,5.56476055001156e-07,5.14307791940749e-07,5.14307791940749e-07,8.944145265390731e-07,1.4653546289000763e-07,1.4653546289000763e-07,0.9998473471370424,-5.817406129011815e-07,-5.817406129011815e-07,-1.8139107079767301e-32,65344.035842487225
0.4950557949937199,3.690918865513503e-07,5.159599495135109e-07,0.9998442460248064,-2.6404252709284037e-06,-2.6404252709284037e-06,5.583741975411957e-07,5.158844095352327e-07,5.158844095352327e-07,8.919684829402346e-07,1.468680629621605e-07,1.4686806296216056e-07,0.9998457939046549,-5.765854728743603e-07,-5.765854728743603e-07,-5.293955922155852e-23,65076.571702245186
0.4973583800867139,3.703280375531986e-07,5.175264034532626e-07,0.9998426824005504,-2.6418584274248863e-06,-2.6418584274248863e-06,5.602671777788109e-07,5.174587765482255e-07,5.174587765482255e-07,8.895270639415511e-07,1.4719836590006403e-07,1.4719836590006398e-07,0.9998442349797607,-5.71752813611836e-07,-5.71752813611836e-07,5.2939559185204295e-23,64809.973625669794
0.4996609651797079,3.715605859466801e-07,5.190869660889921e-07,0.9998411131509947,-2.6437607391974938e-06,-2.6437607391974938e-06,5.621550087987722e-07,5.190306774665189e-07,5.190306774665189e-07,8.870902648412103e-07,1.4752638014231193e-07,1.47526380142312e-07,0.9998426704118929,-5.674128748415253e-07,-5.674128748415253e-07,-7.940933882330397e-23,64544.241229794796
0.501963550272702,3.727895411040033e-07,5.206416551767662e-07,0.9998395383256667,-2.6462868119194573e-06,-2.6462868119194573e-06,5.640377036114614e-07,5.205998024678689e-07,5.205998024678689e-07,8.84658080886983e-07,1.4785211407276284e-07,1.4785211407276292e-07,0.9998411002506322,-5.637201912123925e-07,-5.637201912123925e-07,-7.94093388233269e-23,64279.37410223015
0.5042661353656961,3.7401491236134577e-07,5.221904883824961e-07,0.9998379579741383,-2.6495714654492016e-06,-2.6495714654492016e-06,5.659152751535123e-07,5.221657574816576e-07,5.221657574816576e-07,8.822305072770082e-07,1.4817557602115027e-07,1.4817557602115035e-07,0.9998395245456034,-5.608095119192172e-07,-5.608095119192172e-07,-7.940933882334894e-23,64015.37180149975
0.5065687204586901,3.7523670901903123e-07,5.237334832827234e-07,0.9998363721460202,-2.653726276347969e-06,-2.653726276347969e-06,5.677877362884466e-07,5.237280764441898e-07,5.237280764441898e-07,8.798075391605994e-07,1.484967742636921e-07,1.4849677426369214e-07,0.99983794334647,-5.587923432170754e-07,-5.587923432170754e-07,-5.293955922167324e-23,63752.23385738218
0.5088713055516841,3.764549403417045e-07,5.252706573653964e-07,0.9998347808909577,-2.6588368262094922e-06,-2.6588368262094922e-06,5.696550998073062e-07,5.252862353720233e-07,5.252862353720233e-07,8.773891716389533e-07,1.4881571702369184e-07,1.488157170236919e-07,0.9998363567029298,-5.577541967479066e-07,-5.577541967479066e-07,-5.293955922169356e-23,63489.95977123277
0.5111738906446782,3.776696155585034e-07,5.268020280306409e-07,0.9998331842586267,-2.664960715728619e-06,-2.664960715728619e-06,5.715173784292797e-07,5.26839667829595e-07,5.26839667829595e-07,8.749753997658796e-07,1.4913241247213752e-07,1.4913241247213752e-07,0.9998347646647108,-5.577526036060551e-07,-5.577526036060551e-07,-1.8319243565374416e-32,63228.549016309255
0.5134764757376722,3.788807438632287e-07,5.28327612591525e-07,0.9998315822987285,-2.6721263831725727e-06,-2.6721263831725727e-06,5.733745848023244e-07,5.283877813428167e-07,5.283877813428167e-07,8.725662185486034e-07,1.494468687282964e-07,1.4944686872829632e-07,0.9998331672815662,-5.588159328064726e-07,-5.588159328064726e-07,7.94093387867528e-23,62968.00103811194
0.5157790608306663,3.800883344145124e-07,5.298474282748153e-07,0.9998299750609866,-2.680332741283284e-06,-2.680332741283284e-06,5.752267315037858e-07,5.299299742904971e-07,5.299299742904971e-07,8.701616229484501e-07,1.4975909386030286e-07,1.4975909386030286e-07,0.9998315646032714,-5.609430281840228e-07,-5.609430281840228e-07,-1.8355635289925018e-32,62708.31525469995
0.5180816459236603,3.812923963359825e-07,5.313614922217276e-07,0.9998283625951412,-2.6895496251294895e-06,-2.6895496251294895e-06,5.770738310410088e-07,5.31465652805148e-07,5.31465652805148e-07,8.677616078815955e-07,1.5006909588574502e-07,1.5006909588574507e-07,0.9998299566796178,-5.641036562425792e-07,-5.641036562425792e-07,-5.293955922176636e-23,62449.4910570207
0.5203842310166543,3.8249293871642644e-07,5.328698214886714e-07,0.9998267449509457,-2.6997190205030344e-06,-2.6997190205030344e-06,5.789158958519477e-07,5.32994247223353e-07,5.32994247223353e-07,8.653661682197008e-07,1.5037688277224499e-07,1.5037688277224499e-07,0.9998283435604102,-5.682397345483486e-07,-5.682397345483486e-07,-1.8388720271225176e-32,62191.527809215884
0.5226868161096484,3.8368997060995236e-07,5.34372433047987e-07,0.9998251221781627,-2.7107570225336503e-06,-2.7107570225336503e-06,5.807529383057706e-07,5.345152276489348e-07,5.345152276489348e-07,8.629752987907687e-07,1.5068246243803465e-07,1.5068246243803468e-07,0.9998267252954618,-5.732672903417022e-07,-5.732672903417022e-07,-2.646977962010093e-23,61934.42484897095
0.5249894012026425,3.848835010361486e-07,5.358693437886758e-07,0.999823494326559,-2.722556455609279e-06,-2.722556455609279e-06,5.825849707034586e-07,5.360281182252884e-07,5.360281182252884e-07,8.605889943797326e-07,1.5098584275252713e-07,1.5098584275252716e-07,0.9998251019345904,-5.790790804545759e-07,-5.790790804545759e-07,-2.6469779620115454e-23,61678.181487811366
0.5272919862956365,3.8607353898024136e-07,5.373605705171245e-07,0.9998218614459028,-2.734990069376152e-06,-2.734990069376152e-06,5.844120052784009e-07,5.375325097575801e-07,5.375325097575801e-07,8.582072497291848e-07,1.512870315368832e-07,1.512870315368831e-07,0.9998234735276144,-5.855477873076542e-07,-5.855477873076542e-07,1.0587911838835524e-22,61422.797011426774
0.5295945713886305,3.8726009339325147e-07,5.38846129957824e-07,0.9998202235859587,-2.747914212800746e-06,-2.747914212800746e-06,5.862340541969864e-07,5.390280703765277e-07,5.390280703765277e-07,8.558300595401024e-07,1.5158603656457262e-07,1.5158603656457252e-07,0.9998218401243486,-5.925296929694499e-07,-5.925296929694499e-07,1.0587911838834227e-22,61168.27067999262
0.5318971564816246,3.8844317319214987e-07,5.403260387540791e-07,0.999818580796484,-2.7611728774308523e-06,-2.7611728774308523e-06,5.880511295591893e-07,5.405145539964516e-07,5.405145539964516e-07,8.534574184724531e-07,1.5188286556192917e-07,1.518828655619292e-07,0.9998202017746003,-5.99868722414536e-07,-5.99868722414536e-07,-2.646977962015433e-23,60914.60172847044
0.5341997415746187,3.8962278726001224e-07,5.418003134687143e-07,0.9998169331272255,-2.774601994606874e-06,-2.774601994606874e-06,5.898632433991511e-07,5.419918063817534e-07,5.419918063817534e-07,8.510893211459359e-07,1.521775262087021e-07,1.5217752620870204e-07,0.9998185585281659,-6.074007407320169e-07,-6.074007407320169e-07,5.293955918492491e-23,60661.789366931254
0.5365023266676127,3.907989444461735e-07,5.432689705847723e-07,0.9998152806279145,-2.7880338670153562e-06,-2.7880338670153562e-06,5.916704076857582e-07,5.434597687070915e-07,5.434597687070915e-07,8.487257621406399e-07,1.5247002613859873e-07,1.524700261385988e-07,0.9998169104348262,-6.14957984676267e-07,-6.14957984676267e-07,-7.940933882357018e-23,60409.83278086413
0.5388049117606067,3.9197165356638197e-07,5.447320265062058e-07,0.999813623348264,-2.8013016150922917e-06,-2.8013016150922917e-06,5.934726343232148e-07,5.449184785606572e-07,5.449184785606572e-07,8.463667359976882e-07,1.5276037293982395e-07,1.5276037293982384e-07,0.9998152575443435,-6.223735090674684e-07,-6.223735090674684e-07,1.0587911838829812e-22,60158.73113148122
0.5411074968536008,3.931409234029534e-07,5.461894975585636e-07,0.9998119613379647,-2.814243521095e-06,-2.814243521095e-06,5.952699351516114e-07,5.46368068413489e-07,5.46368068413489e-07,8.440122372198974e-07,1.5304857415561014e-07,1.5304857415561014e-07,0.9998135999064574,-6.294855308607459e-07,-6.294855308607459e-07,-1.8498604496553295e-32,59908.48355602551
0.5434100819465948,3.9430676270492543e-07,5.476413999896701e-07,0.999810294646681,-2.826707159634602e-06,-2.826707159634602e-06,5.970623219474894e-07,5.478087616382421e-07,5.478087616382421e-07,8.416622602724379e-07,1.533346372847447e-07,1.5333463728474468e-07,0.999811937570881,-6.361415596759215e-07,-6.361415596759215e-07,2.6469779583189835e-23,59659.0891680769
0.5457126670395889,3.954691801882128e-07,5.49087749970299e-07,0.9998086233240481,-2.8385532119111402e-06,-2.8385532119111402e-06,5.988498064244004e-07,5.492408662277303e-07,5.492408662277303e-07,8.393167995834771e-07,1.536185697820862e-07,1.5361856978208619e-07,0.999810270587298,-6.422022120299443e-07,-6.422022120299443e-07,2.6469779583182118e-23,59410.54705785625
0.548015252132583,3.96628184535763e-07,5.505285635948402e-07,0.9998069474196674,-2.849658871720766e-06,-2.849658871720766e-06,6.006324002334622e-07,5.506647664161183e-07,5.506647664161183e-07,8.369758495447726e-07,1.5390037905907726e-07,1.5390037905907723e-07,0.9998085990053581,-6.475446173414052e-07,-6.475446173414052e-07,2.646977958317511e-23,59162.856292518816
0.5503178372255769,3.977837843977125e-07,5.519638568819613e-07,0.9998052669831041,-2.859920764422049e-06,-2.859920764422049e-06,6.024101149639097e-07,5.520809124578886e-07,5.520809124578886e-07,8.346394045123875e-07,1.5418007248424894e-07,1.5418007248424886e-07,0.9998069228746748,-6.520653368942035e-07,-6.520653368942035e-07,7.940933878656257e-23,58916.01591646822
0.552620422318571,3.9893598839154474e-07,5.533936457752629e-07,0.999803582063883,-2.869257314638652e-06,-2.869257314638652e-06,6.041829621436419e-07,5.534898088602956e-07,5.534898088602956e-07,8.323074588072433e-07,1.5445765738371817e-07,1.5445765738371815e-07,0.9998052422448203,-6.556827315376004e-07,-6.556827315376004e-07,2.6469779583163198e-23,58670.02495164208
0.5549230074115651,4.000848051022481e-07,5.548179461439265e-07,0.9998018927114855,-2.877610514227279e-06,-2.877610514227279e-06,6.059509532397642e-07,5.548920013982105e-07,5.548920013982105e-07,8.299800067157429e-07,1.5473314104167854e-07,1.5473314104167844e-07,0.9998035571653239,-6.583387296515728e-07,-6.583387296515728e-07,1.0587911838824894e-22,58424.882397809175
0.557225592504559,4.012302430824757e-07,5.562367737833589e-07,0.9998001989753457,-2.884947058983668e-06,-2.884947058983668e-06,6.077140996591269e-07,5.562880632646565e-07,5.562880632646565e-07,8.276570424904286e-07,1.550065307008832e-07,1.550065307008832e-07,0.999801867685667,-6.599999638502326e-07,-6.599999638502326e-07,-1.8542832842799736e-32,58180.58723287073
0.5595281775975531,4.0237231085270583e-07,5.57650144415829e-07,0.9997985009048478,-2.8912588389840563e-06,-2.8912588389840563e-06,6.094724127488594e-07,5.576785807235326e-07,5.576785807235326e-07,8.253385603505087e-07,1.552778335631232e-07,1.5527783356312315e-07,0.9998001738552811,-6.606582613207404e-07,-6.606582613207404e-07,5.2939559184847386e-23,57937.13841313986
0.5618307626905472,4.035110169014035e-07,5.590580736910983e-07,0.9997967985493225,-2.8965627849639616e-06,-2.8965627849639616e-06,6.112259037968995e-07,5.590641386363488e-07,5.590641386363488e-07,8.230245544825303e-07,1.5554705678969475e-07,1.5554705678969485e-07,0.9997984757235435,-6.603304901995683e-07,-6.603304901995683e-07,-1.0587911842533682e-22,57694.53487364436
0.5641333477835412,4.046463696851825e-07,5.604605771870469e-07,0.9997950919580435,-2.9009000885040506e-06,-2.9009000885040506e-06,6.129745840325187e-07,5.604453062290497e-07,5.604453062290497e-07,8.207150190409524e-07,1.5581420750186438e-07,1.558142075018644e-07,0.999796773339775,-6.59057779755863e-07,-6.59057779755863e-07,-2.64697796202484e-23,57452.77552841084
0.5664359328765353,4.057783776289689e-07,5.618576704102939e-07,0.9997933811802249,-2.9043348301549276e-06,-2.9043348301549276e-06,6.147184646268453e-07,5.618226234510323e-07,5.618226234510323e-07,8.184099481486775e-07,1.5607929278132506e-07,1.5607929278132503e-07,0.9997950667532362,-6.56904148513752e-07,-6.56904148513752e-07,2.646977958314378e-23,57211.85927074362
0.5687385179695293,4.069070491261644e-07,5.63249368796809e-07,0.9997916662650177,-2.906952062401146e-06,-2.906952062401146e-06,6.164575566933788e-07,5.631965882560192e-07,5.631965882560192e-07,8.161093358977052e-07,1.563423196706446e-07,1.5634231967064456e-07,0.9997933560131241,-6.539545872139102e-07,-6.539545872139102e-07,5.293955918483973e-23,56971.78497352023
0.5710411030625233,4.0803239253881087e-07,5.646356877125222e-07,0.9997899472615069,-2.9088554079902907e-06,-2.9088554079902907e-06,6.181918712885045e-07,5.645676451032904e-07,5.645676451032904e-07,8.138131763496526e-07,1.5660329517371142e-07,1.5660329517371137e-07,0.9997916411685701,-6.503126571402017e-07,-6.503126571402017e-07,5.2939559184839416e-23,56732.551489466
0.5733436881555174,4.091544161977544e-07,5.660166424539263e-07,0.9997882242187084,-2.910164243483895e-06,-2.910164243483895e-06,6.199214194120027e-07,5.659361749420812e-07,5.659361749420812e-07,8.11521463536353e-07,1.5686222625617192e-07,1.568622262561719e-07,0.9997899222686357,-6.4609767366819e-07,-6.4609767366819e-07,2.646977958314286e-23,56494.157651439724
0.5756462732485115,4.102731284028101e-07,5.673922482486727e-07,0.9997864971855661,-2.9110105472512948e-06,-2.9110105472512948e-06,6.21646212007552e-07,5.673024868978652e-07,5.673024868978652e-07,8.092341914604186e-07,1.5711911984586259e-07,1.5711911984586256e-07,0.9997881993623109,-6.414415542566041e-07,-6.414415542566041e-07,2.6469779583143803e-23,56256.60227271227
0.5779488583415056,4.1138853742292606e-07,5.687625202561629e-07,0.9997847662109487,-2.911535496676409e-06,-2.911535496676409e-06,6.233662599632308e-07,5.686668118338502e-07,5.686668118338502e-07,8.069513540957301e-07,1.5737398283323682e-07,1.5737398283323688e-07,0.9997864724985095,-6.364854156517574e-07,-6.364854156517574e-07,-5.293955922194529e-23,56019.884147233664
0.5802514434344995,4.1250065149634754e-07,5.701274735681345e-07,0.9997830313436473,-2.9118859036468857e-06,-2.9118859036468857e-06,6.250815741120131e-07,5.700292979101731e-07,5.700292979101731e-07,8.046729453880986e-07,1.576268220717869e-07,1.5762682207178697e-07,0.999784741726068,-6.313760093743476e-07,-6.313760093743476e-07,-7.940933882364003e-23,55784.00204992532
0.5825540285274936,4.136094788307805e-07,5.714871232092407e-07,0.9997812926323723,-2.9122105788431348e-06,-2.9122105788431348e-06,6.267921652322621e-07,5.713900082119992e-07,5.713900082119992e-07,8.02398959255701e-07,1.5787764437846016e-07,1.5787764437846016e-07,0.9997830070937419,-6.262620860061721e-07,-6.262620860061721e-07,-1.8546600489492274e-32,55548.954736936255
0.5848566136204877,4.14715027603554e-07,5.728414841376251e-07,0.9997795501257504,-2.912656714716815e-06,-2.912656714716815e-06,6.284980440482166e-07,5.727489204663424e-07,5.727489204663424e-07,8.001293895897017e-07,1.5812645653407112e-07,1.5812645653407112e-07,0.9997812686502028,-6.212907781663146e-07,-6.212907781663146e-07,-1.8543246166910896e-32,55314.74094592698
0.5871591987134817,4.15817305961782e-07,5.741905712454907e-07,0.9997778038723223,-2.91336637422107e-06,-2.91336637422107e-06,6.301992212304768e-07,5.741059288151036e-07,5.741059288151036e-07,7.97864230254721e-07,1.5837326528370876e-07,1.5837326528370876e-07,0.999779526444036,-6.166040892391069e-07,-6.166040892391069e-07,-1.8539306990789795e-32,55081.359396329666
0.5894617838064757,4.16916322022524e-07,5.755343993596639e-07,0.9997760539205396,-2.914473167517186e-06,-2.914473167517186e-06,6.318957073964841e-07,5.754608475648187e-07,5.754608475648187e-07,7.956034750893798e-07,1.5861807733713993e-07,1.5861807733713996e-07,0.9997777805237377,-6.123355700785302e-07,-6.123355700785302e-07,-2.6469779620231675e-23,54848.80878961756
0.5917643688994698,4.180120838729443e-07,5.768729832421523e-07,0.9997743003187625,-2.9160991920567643e-06,-2.9160991920567643e-06,6.335875131109968e-07,5.768134167855839e-07,5.768134167855839e-07,7.933471179068531e-07,1.5886089936920796e-07,1.5886089936920802e-07,0.9997760309377122,-6.086072590881551e-07,-6.086072590881551e-07,-5.293955922192348e-23,54617.08780957551
0.5940669539924638,4.1910459957046996e-07,5.782063375906981e-07,0.9997725431152567,-2.918352303361463e-06,-2.918352303361463e-06,6.352746488865629e-07,5.781633095929715e-07,5.781633095929715e-07,7.910951524953353e-07,1.5910173802022801e-07,1.591017380202281e-07,0.9997742777342694,-6.055269529986708e-07,-6.055269529986708e-07,-7.940933882361471e-23,54386.19512255595
0.5963695390854579,4.201938771429474e-07,5.795344770393261e-07,0.9997707823581914,-2.9213237737351954e-06,-2.9213237737351954e-06,6.369571251839888e-07,5.795101409073129e-07,5.795101409073129e-07,7.888475726185803e-07,1.5934059989637873e-07,1.593405998963787e-07,0.9997725209616225,-6.031858655778911e-07,-6.031858655778911e-07,2.6469779583179047e-23,54156.12937774504
0.598672124178452,4.21279924588797e-07,5.808574161588853e-07,0.9997690180956363,-2.9250863859352703e-06,-2.9250863859352703e-06,6.386349524128025e-07,5.808534774575687e-07,5.808534774575687e-07,7.866043720163879e-07,1.5957749157008836e-07,1.5957749157008828e-07,0.9997707606678848,-6.016567212997291e-07,-6.016567212997291e-07,7.940933878657957e-23,53926.889207419474
0.6009747092714459,4.2236274987716657e-07,5.821751694575869e-07,0.9997672503755597,-2.9296929966157668e-06,-2.9296929966157668e-06,6.403081409317147e-07,5.821928487697324e-07,5.821928487697324e-07,7.843655444051234e-07,1.598124195804202e-07,1.5981241958042037e-07,0.999768996901068,-6.009923187854191e-07,-6.009923187854191e-07,-1.5881867762868508e-22,53698.473227207476
0.60327729436444,4.2344236094808305e-07,5.834877513815363e-07,0.9997654792458249,-2.9351755930245137e-06,-2.9351755930245137e-06,6.419767010490754e-07,5.835277588650373e-07,5.835277588650373e-07,7.821310834781697e-07,1.6004539043345324e-07,1.6004539043345324e-07,0.999767229709079,-6.012245874983686e-07,-6.012245874983686e-07,-1.8495936475259713e-32,53470.88003633829
0.6055798794574341,4.2451876571260227e-07,5.847951763152592e-07,0.9997637047541894,-2.9415448535947337e-06,-2.9415448535947337e-06,6.436406430233265e-07,5.84857698380889e-07,5.84857698380889e-07,7.7990098290645e-07,1.602764106026569e-07,1.602764106026569e-07,0.9997654591397184,-6.02364148333697e-07,-6.02364148333697e-07,-1.848756502518174e-32,53244.10821790161
0.6078824645504282,4.2559197205295745e-07,5.860974585822241e-07,0.9997619269483009,-2.9487902114582264e-06,-2.9487902114582264e-06,6.452999770634498e-07,5.861821568252727e-07,5.861821568252727e-07,7.776752363389299e-07,1.605054865292666e-07,1.6050548652926661e-07,0.9997636852406766,-6.044003771293302e-07,-6.044003771293302e-07,-2.6469779620175557e-23,53018.15633910129
0.6101850496434221,4.2666198782270605e-07,5.873946124453591e-07,0.9997601458756965,-2.956880407948252e-06,-2.956880407948252e-06,6.469547133294132e-07,5.875006346781952e-07,5.875006346781952e-07,7.754538374030054e-07,1.6073262462265297e-07,1.607326246226531e-07,0.9997619080595338,-6.073019581668153e-07,-6.073019581668153e-07,-1.3234889802695368e-22,52793.02295149373
0.6124876347364162,4.2772882084687507e-07,5.886866521075634e-07,0.999758361583799,-2.965764512163185e-06,-2.965764512163185e-06,6.486048619326109e-07,5.888126550640556e-07,5.888126550640556e-07,7.732367797050637e-07,1.6095783126068834e-07,1.609578312606883e-07,0.9997601276437553,-6.110179037329317e-07,-6.110179037329317e-07,2.646977958323755e-23,52568.70659124767
0.6147902198294103,4.2879247892210506e-07,5.899735917122132e-07,0.9997565741199159,-2.9753733726832145e-06,-2.9753733726832145e-06,6.502504329363009e-07,5.901177747347481e-07,5.901177747347481e-07,7.710240568309062e-07,1.6118111279010829e-07,1.6118111279010818e-07,0.9997583440406911,-6.154790058343616e-07,-6.154790058343616e-07,1.0587911838833864e-22,52345.2057793845
0.6170928049224043,4.298529698167925e-07,5.912554453436648e-07,0.9997547835312364,-2.9856214581772886e-06,-2.9856214581772886e-06,6.518914363560386e-07,5.914155941254135e-07,5.914155941254135e-07,7.688156623462208e-07,1.614024755268723e-07,1.6140247552687226e-07,0.9997565572975724,-6.205996768026295e-07,-6.205996768026295e-07,2.6469779583258913e-23,52122.51902202399
0.6193953900153983,4.3091030127123167e-07,5.925322270277498e-07,0.9997529898648294,-2.9964090362769776e-06,-2.9964090362769776e-06,6.535278821601062e-07,5.927057662706749e-07,5.927057662706749e-07,7.66611589797038e-07,1.616219257565182e-07,1.6162192575651814e-07,0.9997547674615105,-6.262801281659784e-07,-6.262801281659784e-07,5.2939559184967215e-23,51900.64481062624
0.6216979751083924,4.319644809977546e-07,5.938039507322684e-07,0.9997511931676414,-3.007624633264927e-06,-3.007624633264927e-06,6.551597802699395e-07,5.939880044010394e-07,5.939880044010394e-07,7.644118327101553e-07,1.6183946973451386e-07,1.6183946973451384e-07,0.9997529745794935,-6.324088303358534e-07,-6.324088303358534e-07,2.6469779583282238e-23,51679.581622228645
0.6240005602013864,4.3301551668087085e-07,5.950706303674752e-07,0.9997493934864945,-3.019147712759762e-06,-3.019147712759762e-06,6.567871405605492e-07,5.952620880716043e-07,5.952620880716043e-07,7.622163845936011e-07,1.620551136866044e-07,1.6205511368660434e-07,0.9997511786983856,-6.388651912898614e-07,-6.388651912898614e-07,5.293955918499151e-23,51459.32791968674
0.6263031452943805,4.3406341597740626e-07,5.963322797865621e-07,0.9997475908680845,-3.030851507782561e-06,-3.030851507782561e-06,6.584099728609402e-07,5.965278677137958e-07,5.965278677137958e-07,7.600252389371233e-07,1.622688638091559e-07,1.6226886380915585e-07,0.9997493798649238,-6.455223886363126e-07,-6.455223886363126e-07,5.293955918500437e-23,51239.88215191624
0.6286057303873746,4.3510818651664083e-07,5.975889127861354e-07,0.9997457853589785,-3.0426059393454966e-06,-3.0426059393454966e-06,6.60028286954526e-07,5.977852675363053e-07,5.977852675363053e-07,7.578383892125028e-07,1.624807262694946e-07,1.624807262694946e-07,0.9997475781257169,-6.522502882009549e-07,-6.522502882009549e-07,-1.8376067584794429e-32,51021.242754112594
0.6309083154803685,4.361498359004462e-07,5.988405431066881e-07,0.9997439770056131,-3.0542805541767335e-06,-3.0542805541767335e-06,6.616420925795404e-07,5.990342867427245e-07,5.990342867427245e-07,7.556558288741005e-07,1.626907072062419e-07,1.6269070720624194e-07,0.9997457735272425,-6.58918381749981e-07,-6.58918381749981e-07,-5.293955922175605e-23,50803.40814799782
0.6332109005733626,4.3718837170342315e-07,6.000871844330691e-07,0.9997421658542925,-3.0657474158334324e-06,-3.0657474158334324e-06,6.63251399429445e-07,6.002749990691233e-07,6.002749990691233e-07,7.534775513592421e-07,1.6289881272964603e-07,1.6289881272964592e-07,0.9997439661158458,-6.653986781011562e-07,-6.653986781011562e-07,1.0587911838843951e-22,50586.37674204646
0.6355134856663567,4.382238014730382e-07,6.013288503949442e-07,0.9997403519511865,-3.0768838861133816e-06,-3.0768838861133816e-06,6.648562171533326e-07,6.015075506841239e-07,6.015075506841239e-07,7.513035500886076e-07,1.6310504892190602e-07,1.6310504892190597e-07,0.9997421559377376,-6.71568484533605e-07,-6.71568484533605e-07,5.2939559185060444e-23,50370.14693170957
0.6378160707593507,4.3925613272976005e-07,6.025655545672567e-07,0.9997385353423288,-3.0875752378681115e-06,-3.0875752378681115e-06,6.664565553563284e-07,6.027321565278773e-07,6.027321565278773e-07,7.491338184666805e-07,1.633094218374967e-07,1.633094218374967e-07,0.9997403430389925,-6.773130195990846e-07,-6.773130195990846e-07,-1.8318184896936845e-32,50154.717099646565
0.6401186558523447,4.402853729671967e-07,6.037973104706809e-07,0.9997367160736149,-3.0977170455938255e-06,-3.0977170455938255e-06,6.680524235999865e-07,6.039490951996262e-07,6.039490951996262e-07,7.469683498821519e-07,1.635119375034842e-07,1.6351193750348416e-07,0.9997385274655464,-6.825278037111019e-07,-6.825278037111019e-07,2.6469779583394286e-23,49940.08561594874
0.6424212409453388,4.413115296522318e-07,6.050241315720706e-07,0.9997348941908007,-3.1072173065650883e-06,-3.1072173065650883e-06,6.696438314026825e-07,6.051587025329194e-07,6.051587025329194e-07,7.448071377083251e-07,1.6371260191983883e-07,1.637126019198388e-07,0.9997367092631955,-6.871207802768059e-07,-6.871207802768059e-07,2.64697795834103e-23,49726.25083836227
0.6447238260383328,4.423346102251609e-07,6.062460312849051e-07,0.9997330697395005,-3.115998252334262e-06,-3.115998252334262e-06,6.712307882400045e-07,6.063613640224443e-07,6.063613640224443e-07,7.426501753035081e-07,1.6391142105974426e-07,1.6391142105974416e-07,0.9997348884775944,-6.910141271946417e-07,-6.910141271946417e-07,1.0587911838851741e-22,49513.211112508
0.6470264111313269,4.4335462209982886e-07,6.074630229697292e-07,0.9997312427651849,-3.1239978184601638e-06,-3.1239978184601638e-06,6.728133035451381e-07,6.075575062886041e-07,6.075575062886041e-07,7.404974560114098e-07,1.6410840086990027e-07,1.6410840086990032e-07,0.9997330651542538,-6.94145726581247e-07,-6.94145726581247e-07,-5.293955922164705e-23,49300.964772100975
0.6493289962243209,4.4437157266376597e-07,6.08675119934589e-07,0.9997294133131797,-3.131170748326742e-06,-3.131170748326742e-06,6.743913867092498e-07,6.087475877814409e-07,6.087475877814409e-07,7.383489731615638e-07,1.643035472708231e-07,1.6430354727082302e-07,0.9997312393385395,-6.964702685883861e-07,-6.964702685883861e-07,7.940933878685467e-23,49089.510139170714
0.651631581317315,4.4538546927832525e-07,6.098823354354636e-07,0.9997275814286642,-3.137489315880257e-06,-3.137489315880257e-06,6.759650470818658e-07,6.099320889384758e-07,6.099320889384758e-07,7.362047200696215e-07,1.6449686615713836e-07,1.6449686615713836e-07,0.9997294110756706,-6.979599741384024e-07,-6.979599741384024e-07,-1.8218299623528802e-32,48878.84552426655
0.653934166410309,4.4639631927881933e-07,6.110846826766922e-07,0.9997257471566693,-3.142943660232596e-06,-3.142943660232596e-06,6.775342939712476e-07,6.11111502016701e-07,6.11111502016701e-07,7.340646900378651e-07,1.6468836339787286e-07,1.6468836339787283e-07,0.9997275804107173,-6.986049295258274e-07,-6.986049295258274e-07,2.6469779583496683e-23,48668.96922668575
0.6562367515033031,4.4740412997465767e-07,6.12282174811397e-07,0.9997239105420758,-3.147541734199955e-06,-3.147541734199955e-06,6.790991366447656e-07,6.122863208219238e-07,6.122863208219238e-07,7.319288763555068e-07,1.6487804483673944e-07,1.648780448367393e-07,0.9997257473886002,-6.984130349543673e-07,-6.984130349543673e-07,1.3234889799030273e-22,48459.87953467601
0.6585393365962972,4.484089086494836e-07,6.134748249419018e-07,0.9997220716296132,-3.1513088763882153e-06,-3.1513088763882153e-06,6.806595843292661e-07,6.134570305549097e-07,6.134570305549097e-07,7.297972722990598e-07,1.6506591629241808e-07,1.6506591629241816e-07,0.9997239120540881,-6.974095766206082e-07,-6.974095766206082e-07,-7.940933882325346e-23,48251.57472564488
0.6608419216892911,4.4941066256131133e-07,6.146626461201456e-07,0.9997202304638582,-3.1542870248276007e-06,-3.1542870248276007e-06,6.822156462114379e-07,6.146240979867811e-07,6.146240979867811e-07,7.276698711327254e-07,1.6525198355883438e-07,1.652519835588343e-07,0.9997220744517965,-6.956364403470182e-07,-6.956364403470182e-07,7.940933878694714e-23,48044.05306637017
0.6631445067822852,4.5040939894266335e-07,6.158456513480937e-07,0.9997183870892323,-3.1565335967244047e-06,-3.1565335967244047e-06,6.837673314381746e-07,6.15787962164089e-07,6.15787962164089e-07,7.255466661087429e-07,1.6543625240543043e-07,1.6543625240543035e-07,0.9997202346261864,-6.931509913320299e-07,-6.931509913320299e-07,7.940933878696681e-23,47837.31281320376
0.6654470918752793,4.51405125000707e-07,6.170238535781429e-07,0.9997165415500021,-3.1581200656857843e-06,-3.1581200656857843e-06,6.853146491169331e-07,6.169490258282249e-07,6.169490258282249e-07,7.23427650467784e-07,1.6561872857743582e-07,1.6561872857743587e-07,0.9997183926215628,-6.900246513732128e-07,-6.900246513732128e-07,-5.293955922149757e-23,47631.35221227992
0.6677496769682733,4.5239784791739124e-07,6.181972657135227e-07,0.999714693890276,-3.159130273044083e-06,-3.159130273044083e-06,6.868576083160888e-07,6.181076477146989e-07,6.181076477146989e-07,7.213128174392481e-07,1.657994177961314e-07,1.6579941779613142e-07,0.9997165484820731,-6.863412101899923e-07,-6.863412101899923e-07,-2.646977961978026e-23,47426.1694997109
0.6700522620612673,4.5338757484958326e-07,6.193659006086935e-07,0.9997128441540039,-3.1596585145712997e-06,-3.1596585145712997e-06,6.883962180652878e-07,6.192641358756995e-07,6.192641358756995e-07,7.19202160241674e-07,1.6597832575911029e-07,1.659783257591102e-07,0.9997147022517057,-6.821949121365258e-07,-6.821949121365258e-07,7.940933878702808e-23,47221.762901794056
0.6723548471542614,4.543743129292039e-07,6.205297710697399e-07,0.9997109923849755,-3.1598074474689926e-06,-3.1598074474689926e-06,6.899304873557961e-07,6.204187421445131e-07,6.204187421445131e-07,7.170956720830628e-07,1.6615545814053596e-07,1.6615545814053594e-07,0.9997128539742888,-6.776883631900332e-07,-6.776883631900332e-07,2.6469779583655463e-23,47018.13063520769
0.6746574322472554,4.553580692633637e-07,6.216888898547597e-07,0.9997091386268192,-3.159685864929488e-06,-3.159685864929488e-06,6.914604251408447e-07,6.215716578346176e-07,6.215716578346176e-07,7.149933461611941e-07,1.66330820591396e-07,1.66330820591396e-07,0.9997110036934888,-6.729303055104492e-07,-6.729303055104492e-07,-1.8019908623786246e-32,46815.2709072052
0.6769600173402495,4.5633885093449755e-07,6.2284326967425e-07,0.9997072829230002,-3.1594063871555777e-06,-3.1594063871555777e-06,6.929860403359726e-07,6.227230107377958e-07,6.227230107377958e-07,7.128951756639979e-07,1.6650441873975257e-07,1.6650441873975247e-07,0.9997091514528091,-6.680333084585776e-07,-6.680333084585776e-07,1.058791183887895e-22,46613.181915813635
0.6792626024332435,4.573166650004986e-07,6.239929231914875e-07,0.9997054253168199,-3.1590831179850667e-06,-3.1590831179850667e-06,6.94507341819365e-07,6.238728634587129e-07,6.238728634587129e-07,7.108011537698855e-07,1.6667625819098903e-07,1.6667625819098892e-07,0.9997072972955895,-6.631114252191167e-07,-6.631114252191167e-07,1.0587911838881172e-22,46411.86185002628
0.6815651875262376,4.58291518494852e-07,6.251378630229065e-07,0.9997035658514143,-3.158829315752677e-06,-3.158829315752677e-06,6.960243384321894e-07,6.250212130936776e-07,6.250212130936776e-07,7.087112736480593e-07,1.6684634452805457e-07,1.668463445280545e-07,0.9997054412650034,-6.582778636610512e-07,-6.582778636610512e-07,7.94093387871374e-23,46211.308889992055
0.6838677726192316,4.5926341842676745e-07,6.262781017384725e-07,0.9997017045697528,-3.15875512533261e-06,-3.15875512533261e-06,6.97537038978929e-07,6.261679922356796e-07,6.261679922356796e-07,7.066255284588673e-07,1.6701468331170493e-07,1.67014683311705e-07,0.9997035834040581,-6.5364271837872e-07,-6.5364271837872e-07,-7.9409338823021e-23,46011.521207208265
0.6861703577122257,4.602323717813108e-07,6.27413651862051e-07,0.999699841514637,-3.158965415813354e-06,-3.158965415813354e-06,6.990454522277111e-07,6.273130712592093e-07,6.273130712592093e-07,7.045439113540806e-07,1.6718128008074022e-07,1.6718128008074022e-07,0.9997017237555925,-6.493108083651497e-07,-6.493108083651497e-07,-1.790710623479213e-32,45812.49696470314
0.6884729428052198,4.6119838551953485e-07,6.285445258717743e-07,0.9996979767286998,-3.1595577649397516e-06,-3.1595577649397516e-06,7.005495869106341e-07,6.284562618158299e-07,6.284562618158299e-07,7.024664154772684e-07,1.673461403522395e-07,1.6734614035223945e-07,0.9996998623622774,-6.453796614526544e-07,-6.453796614526544e-07,5.293955918551023e-23,45614.23431722844
0.6907755278982137,4.6216146657860866e-07,6.29670736200402e-07,0.9996961102544035,-3.1606206273001116e-06,-3.1606206273001116e-06,7.020494517240905e-07,6.295973214467193e-07,6.295973214467193e-07,7.00393033964057e-07,1.6750926962179322e-07,1.6750926962179333e-07,0.9996979992666122,-6.419376824985037e-07,-6.419376824985037e-07,-1.0587911842464718e-22,45416.73141143756
0.6930781129912078,4.631216218719465e-07,6.307922952356803e-07,0.99969424213404,-3.162231718647326e-06,-3.162231718647326e-06,7.035450553290869e-07,6.307359591998695e-07,6.307359591998695e-07,6.983237599424665e-07,1.676706733637337e-07,1.676706733637338e-07,0.9996961345109258,-6.390625377046047e-07,-6.390625377046047e-07,-1.0587911842462297e-22,45219.98638607065
0.6953806980842019,4.640788582893352e-07,6.319092153206955e-07,0.9996923724097283,-3.1644566434406713e-06,-3.1644566434406713e-06,7.050364063515613e-07,6.31871842121086e-07,6.31871842121086e-07,6.962585865332216e-07,1.6783035703136032e-07,1.678303570313603e-07,0.9996942681373743,-6.368197821578894e-07,-6.368197821578894e-07,2.6469779583886e-23,45023.99737213634
0.6976832831771959,4.650331826970602e-07,6.330215087542244e-07,0.9996905011234144,-3.167347787173896e-06,-3.167347787173896e-06,7.065235133826964e-07,6.330046024742362e-07,6.330046024742362e-07,6.941975068500623e-07,1.6798832605716416e-07,1.6798832605716422e-07,0.9996924001879407,-6.352617521569982e-07,-6.352617521569982e-07,-5.293955922117981e-23,44828.762493090886
0.6999858682701899,4.659846019380311e-07,6.341291877910819e-07,0.9996886283168699,-3.1709434892250987e-06,-3.1709434892250987e-06,7.080063849792311e-07,6.34133845534975e-07,6.34133845534975e-07,6.921405139999697e-07,1.6814458585305078e-07,1.6814458585305078e-07,0.9996905307044333,-6.344267380607712e-07,-6.344267380607712e-07,-1.7760887338585898e-32,44634.279865008415
0.702288453363184,4.669331228319053e-07,6.352322646424632e-07,0.9996867540316908,-3.175267505912103e-06,-3.175267505912103e-06,7.094850296637676e-07,6.352591577943612e-07,6.352591577943612e-07,6.900876010835792e-07,1.682991418105577e-07,1.6829914181055785e-07,0.9996886597284848,-6.343384473422503e-07,-6.343384473422503e-07,-1.5881867762791675e-22,44440.54759676795
0.704591038456178,4.678787521752111e-07,6.363307514762836e-07,0.9996848783092972,-3.1803287676255636e-06,-3.1803287676255636e-06,7.109594559250767e-07,6.363801154048355e-07,6.363801154048355e-07,6.880387611953459e-07,1.684519993010724e-07,1.6845199930107246e-07,0.9996867873015516,-6.350057617204294e-07,-6.350057617204294e-07,-5.293955922110345e-23,44247.56379021527
0.7068936235491721,4.688214967414693e-07,6.374246604175148e-07,0.9996830011909319,-3.1861214278262605e-06,-3.1861214278262605e-06,7.124296722183996e-07,6.37496292699875e-07,6.37496292699875e-07,6.859939874239357e-07,1.686031636760455e-07,1.6860316367604553e-07,0.9996849134649132,-6.364227861562012e-07,-6.364227861562012e-07,-2.646977961938051e-23,44055.32654034433
0.7091962086421661,4.6976136328131374e-07,6.385140035485164e-07,0.9996811227176591,-3.1926251963469668e-06,-3.1926251963469668e-06,7.138956869657462e-07,6.386072706213629e-07,6.386072706213629e-07,6.839532728524401e-07,1.687526402672027e-07,1.6875264026720265e-07,0.9996830382596698,-6.385691821529012e-07,-6.385691821529012e-07,5.293955918573649e-23,43863.83393546166
0.7114987937351601,4.7069835852261083e-07,6.395987929093647e-07,0.9996792429303643,-3.1998059437803866e-06,-3.1998059437803866e-06,7.153575085561908e-07,6.397126448942202e-07,6.397126448942202e-07,6.819166105586879e-07,1.6890043438675386e-07,1.6890043438675384e-07,0.9996811617267429,-6.414107721429279e-07,-6.414107721429279e-07,2.6469779584066228e-23,43673.08405735745
0.7138013788281542,4.7163248917057843e-07,6.406790404981781e-07,0.9996773618697529,-3.207616559253801e-06,-3.207616559253801e-06,7.16815145346166e-07,6.408120337964033e-07,6.408120337964033e-07,6.798839936155023e-07,1.6904655132759976e-07,1.690465513275997e-07,0.9996792839068743,-6.449003972610886e-07,-6.449003972610886e-07,5.293955918579002e-23,43483.07498147105
0.7161039639211483,4.7256376190790283e-07,6.417547582714391e-07,0.9996754795763494,-3.2159980390726686e-06,-3.2159980390726686e-06,7.182686056597519e-07,6.419050853838806e-07,6.419050853838806e-07,6.778554150909927e-07,1.6919099636353625e-07,1.6919099636353623e-07,0.9996774048406242,-6.489790059869124e-07,-6.489790059869124e-07,2.6469779584120318e-23,43293.80477705765
0.7184065490141422,4.7349218339485565e-07,6.428259581443106e-07,0.999673596090497,-3.2248807803121155e-06,-3.2248807803121155e-06,7.197178977889623e-07,6.429914840434572e-07,6.429914840434572e-07,6.758308680487954e-07,1.6933377474945504e-07,1.69333774749455e-07,0.9996755245683714,-6.53576947734873e-07,-6.53576947734873e-07,5.2939559185844663e-23,43105.27150734938
0.7207091341071363,4.7441776026940964e-07,6.43892651990953e-07,0.9996717114523561,-3.2341860498861066e-06,-3.2341860498861066e-06,7.211630299940305e-07,6.440709562625787e-07,6.440709562625787e-07,6.738103455483718e-07,1.6947489172154343e-07,1.6947489172154332e-07,0.999673643130312,-6.586154419222947e-07,-6.586154419222947e-07,1.0587911838926616e-22,42917.47322972037
0.7230117192001304,4.753404991473535e-07,6.449548516448336e-07,0.9996698257019041,-3.243827597350454e-06,-3.243827597350454e-06,7.226040105036895e-07,6.451432755221135e-07,6.451432755221135e-07,6.717938406452393e-07,1.696143524974802e-07,1.6961435249748008e-07,0.999671760566459,-6.640081907711199e-07,-6.640081907711199e-07,1.0587911838929414e-22,42730.40799584367
0.7253143042931245,4.7626040662240584e-07,6.460125688990347e-07,0.9996679388789342,-3.2537133776861234e-06,-3.2537133776861234e-06,7.240408475154503e-07,6.462082662372347e-07,6.462082662372347e-07,6.697813463912501e-07,1.69752162276629e-07,1.697521622766289e-07,0.9996698769166409,-6.696631020899844e-07,-6.696631020899844e-07,1.0587911838932241e-22,42544.07385185206
0.7276168893861185,4.771774892663289e-07,6.470658155065594e-07,0.9996660510230555,-3.2637473492340143e-06,-3.2637473492340143e-06,7.254735491958775e-07,6.472658066909637e-07,6.472658066909637e-07,6.677728558348244e-07,1.698883262402305e-07,1.6988832624023047e-07,0.9996679922205021,-6.754840872077769e-07,-6.754840872077769e-07,2.6469779584260258e-23,42358.46883849271
0.7299194744791125,4.780917536290417e-07,6.481146031806309e-07,0.9996641621736909,-3.2738313114832324e-06,-3.2738313114832324e-06,7.269021236808629e-07,6.483158309249382e-07,6.483158309249382e-07,6.657683620212266e-07,1.700228495515892e-07,1.7002284955158917e-07,0.9996661065175004,-6.81372898760709e-07,-6.81372898760709e-07,2.6469779584289022e-23,42173.59099128492
0.7322220595721066,4.790032062387314e-07,6.491589435949911e-07,0.9996622723700778,-3.283866747619331e-06,-3.283866747619331e-06,7.283265790758942e-07,6.493583295726033e-07,6.493583295726033e-07,6.637678579927893e-07,1.701557373562597e-07,1.7015573735625965e-07,0.9996642198469086,-6.872309732393668e-07,-6.872309732393668e-07,5.2939559186014916e-23,41989.43834067148
0.7345246446651006,4.799118536019659e-07,6.501988483841952e-07,0.9996603816512667,-3.293756637637213e-06,-3.293756637637213e-06,7.297469234563226e-07,6.50393349639324e-07,6.50393349639324e-07,6.617713367891843e-07,1.702869947822293e-07,1.7028699478222924e-07,0.9996623322478119,-6.929612441004323e-07,-6.929612441004323e-07,5.2939559186044174e-23,41806.00891217286
0.7368272297580947,4.80817702203805e-07,6.512343291439028e-07,0.9996584900561206,-3.3034072092980546e-06,-3.3034072092980546e-06,7.31163164867627e-07,6.514209932540912e-07,6.514209932540912e-07,6.597787914476293e-07,1.7041662694009784e-07,1.7041662694009778e-07,0.999660443759108,-6.984698927224435e-07,-6.984698927224435e-07,5.2939559186073673e-23,41623.30072653494
0.7391298148510888,4.817207585079107e-07,6.522653974311655e-07,0.9996565976233148,-3.312729596235343e-06,-3.312729596235343e-06,7.325753113256761e-07,6.524414154347775e-07,6.524414154347775e-07,6.57790215003136e-07,1.7054463892325488e-07,1.7054463892325483e-07,0.9996585544195071,-7.036680065106807e-07,-7.036680065106807e-07,5.29395591861034e-23,41441.311799878546
0.7414323999440827,4.826210289566582e-07,6.532920647647122e-07,0.9996547043913357,-3.321641375122871e-06,-3.321641375122871e-06,7.33983370816986e-07,6.534548209272085e-07,6.534548209272085e-07,6.558056004887742e-07,1.7067103580805397e-07,1.7067103580805405e-07,0.9996566642675301,-7.084731160640221e-07,-7.084731160640221e-07,-7.940933882235105e-23,41260.04014384915
0.7437349850370768,4.835185199712458e-07,6.543143426252304e-07,0.999652810398481,-3.330067956702689e-06,-3.330067956702689e-06,7.353873512989779e-07,6.54461460192389e-07,6.54461460192389e-07,6.53824940935859e-07,1.7079582265398456e-07,1.7079582265398462e-07,0.9996547733415089,-7.128105862017673e-07,-7.128105862017673e-07,-5.293955922062397e-23,41079.483765758785
0.7460375701300709,4.844132379518049e-07,6.553322424556447e-07,0.999650915682858,-3.337943808964898e-06,-3.337943808964898e-06,7.367872607002301e-07,6.554616246313756e-07,6.554616246313756e-07,6.518482293742123e-07,1.7091900450383977e-07,1.709190045038398e-07,0.9996528816795854,-7.166148391423191e-07,-7.166148391423191e-07,-2.6469779618896654e-23,40899.64066873292
0.7483401552230649,4.853051892775092e-07,6.563457756613918e-07,0.9996490202823844,-3.3452134942533105e-06,-3.3452134942533105e-06,7.38183106920729e-07,6.564556411476491e-07,6.564556411476491e-07,6.498754588323612e-07,1.710405863838826e-07,1.7104058638388262e-07,0.9996509893197114,-7.198303916077433e-07,-7.198303916077433e-07,-2.646977961886601e-23,40720.50885185087
0.7506427403160589,4.86194380306684e-07,6.573549536106933e-07,0.9996471242347871,-3.351832506095403e-06,-3.351832506095403e-06,7.395748978321182e-07,6.574438661574962e-07,6.574438661574962e-07,6.479066223377872e-07,1.7116057330400936e-07,1.711605733040093e-07,0.9996490962996479,-7.224126916526296e-07,-7.224126916526296e-07,5.293955918625552e-23,40542.08631028872
0.752945325409053,4.870808173769152e-07,6.58359787634824e-07,0.9996452275776012,-3.3577678954155564e-06,-3.3577678954155564e-06,7.409626412779418e-07,6.584266791654603e-07,6.584266791654603e-07,6.459417129171041e-07,1.7127897025790875e-07,1.7127897025790883e-07,0.9996472026569642,-7.243287448762603e-07,-7.243287448762603e-07,-7.940933882219783e-23,40364.37103545609
0.7552479105020471,4.879645068051578e-07,6.593602890283787e-07,0.9996433303481709,-3.3629986799354274e-06,-3.3629986799354274e-06,7.423463450738888e-07,6.594044760273753e-07,6.594044760273753e-07,6.439807235963296e-07,1.7139578222322096e-07,1.7139578222322093e-07,0.999645308429038,-7.255575238219126e-07,-7.255575238219126e-07,2.6469779584621014e-23,40187.36101513755
0.7575504955950411,4.888454548878443e-07,6.603564690495343e-07,0.9996414325836476,-3.3675160345793242e-06,-3.3675160345793242e-06,7.437260170080324e-07,6.603776620259991e-07,6.603776620259991e-07,6.420236474010451e-07,1.7151101416169002e-07,1.7151101416169002e-07,0.9996434136530548,-7.260901583811871e-07,-7.260901583811871e-07,-1.704437151641274e-32,40011.05423362561
0.7598530806880351,4.89723667900993e-07,6.613483389203109e-07,0.9996395343209904,-3.3713232646149962e-06,-3.3713232646149962e-06,7.451016648410676e-07,6.613466448846655e-07,6.613466448846655e-07,6.400704773566327e-07,1.716246710193179e-07,1.7162467101931786e-07,0.9996415183660071,-7.259299089337528e-07,-7.259299089337528e-07,5.2939559186381106e-23,39835.44867185752
0.7621556657810292,4.905991521003155e-07,6.623359098268276e-07,0.9996376355969656,-3.374435567151739e-06,-3.374435567151739e-06,7.464732963065458e-07,6.623118278425778e-07,6.623118278425778e-07,6.381212064884463e-07,1.717367577265121e-07,1.7173675772651214e-07,0.9996396226046951,-7.250919278444284e-07,-7.250919278444284e-07,-2.646977961867764e-23,39660.54230754594
0.7644582508740232,4.91471913721324e-07,6.633191929195577e-07,0.999635736448146,-3.3768795900514667e-06,-3.3768795900514667e-06,7.47840919111107e-07,6.632736029113533e-07,6.632736029113533e-07,6.361758278220851e-07,1.7184727919823374e-07,1.7184727919823374e-07,0.9996377264057247,-7.236028183732358e-07,-7.236028183732358e-07,-1.6948647270334906e-32,39486.33311531602
0.7667608359670173,4.923419589794387e-07,6.64298199313579e-07,0.9996338369109102,-3.37869280078564e-06,-3.37869280078564e-06,7.492045409347099e-07,6.642323444264223e-07,6.642323444264223e-07,6.342343343835258e-07,1.7195624033414018e-07,1.719562403341403e-07,0.9996358298055081,-7.215000035313242e-07,-7.215000035313242e-07,-1.058791184237039e-22,39312.81906683069
0.7690634210600114,4.932092940700945e-07,6.65272940088822e-07,0.9996319370214435,-3.379922680542341e-06,-3.379922680542341e-06,7.505641694308581e-07,6.651884029992449e-07,6.651884029992449e-07,6.322967191993571e-07,1.720636460187276e-07,1.7206364601872754e-07,0.9996339328402638,-7.18830920187053e-07,-7.18830920187053e-07,5.2939559186509917e-23,39139.99813092241
0.7713660061530053,4.940739251688466e-07,6.662434262903155e-07,0.9996300368157361,-3.380625761734805e-06,-3.380625761734805e-06,7.519198122268255e-07,6.661420999665946e-07,6.661420999665946e-07,6.303629752969469e-07,1.7216950112146895e-07,1.721695011214689e-07,0.999632035546015,-7.156520565735429e-07,-7.156520565735429e-07,5.2939559186542595e-23,38967.86827371868
0.7736685912459994,4.949358584314775e-07,6.672096689284293e-07,0.999628136329584,-3.380866529027771e-06,-3.380866529027771e-06,7.532714769238774e-07,6.670937224227659e-07,6.670937224227659e-07,6.284330957046508e-07,1.7227381049695187e-07,1.722738104969518e-07,0.9996301379585908,-7.120278533140538e-07,-7.120278533140538e-07,7.940933878827235e-23,38796.42745876915
0.7759711763389935,4.957950999941014e-07,6.681716789791127e-07,0.9996262355985878,-3.380716206035012e-06,-3.380716206035012e-06,7.546191710974904e-07,6.680435189079837e-07,6.680435189079837e-07,6.2650707345201e-07,1.7237657898501137e-07,1.7237657898501132e-07,0.9996282401136247,-7.080294901185612e-07,-7.080294901185612e-07,5.293955918660851e-23,38625.67364717095
0.7782737614319875,4.966516559732691e-07,6.691294673841323e-07,0.9996243346581527,-3.380251450985663e-06,-3.380251450985663e-06,7.559629022975695e-07,6.689916958139719e-07,6.689916958139719e-07,6.245849015699224e-07,1.7247781141086328e-07,1.724778114108632e-07,0.9996263420465549,-7.037335814491336e-07,-7.037335814491336e-07,7.940933878833862e-23,38455.604797690576
0.7805763465249815,4.975055324660731e-07,6.700830450513054e-07,0.9996224335434887,-3.3795529857264153e-06,-3.3795529857264153e-06,7.573026780486615e-07,6.699384145534224e-07,6.699384145534224e-07,6.226665730908006e-07,1.7257751258523232e-07,1.7257751258523232e-07,0.9996244437926238,-6.992208055211938e-07,-6.992208055211938e-07,-1.6718634954981453e-32,38286.21886688434
0.7828789316179756,4.983567355502499e-07,6.710324228547311e-07,0.9996205322896097,-3.378704182786028e-06,-3.378704182786028e-06,7.586385058501679e-07,6.7088378952651e-07,6.7088378952651e-07,6.207520810488205e-07,1.726756873044812e-07,1.726756873044812e-07,0.9996225453868782,-6.945744913671036e-07,-6.945744913671036e-07,-1.6685063428919378e-32,38117.5138092227
0.7851815167109696,4.992052712842846e-07,6.719776116350187e-07,0.9996186309313336,-3.3777896353085574e-06,-3.3777896353085574e-06,7.599703931765536e-07,6.718278869031245e-07,6.718278869031245e-07,6.188414184800261e-07,1.7277234035073416e-07,1.727723403507341e-07,0.9996206468641685,-6.898791887684828e-07,-6.898791887684828e-07,5.2939559186742447e-23,37949.48757720487
0.7874841018039637,5.000511457075121e-07,6.729186221995136e-07,0.9996167295032823,-3.3768937342442696e-06,-3.3768937342442696e-06,7.612983474775546e-07,6.727707242253613e-07,6.727707242253613e-07,6.169345784225558e-07,1.7286747649200135e-07,1.7286747649200146e-07,0.9996187482591489,-6.852192454462153e-07,-6.852192454462153e-07,-1.0587911842340497e-22,37782.138121479475
0.7897866868969577,5.008943648402196e-07,6.738554653225197e-07,0.9996148280398808,-3.376099276394387e-06,-3.376099276394387e-06,7.62622376178381e-07,6.737122708211946e-07,6.737122708211946e-07,6.150315539167734e-07,1.7296110048230016e-07,1.7296110048230014e-07,0.9996168496062767,-6.806774151043083e-07,-6.806774151043083e-07,2.6469779585113537e-23,37615.46339095794
0.7920892719899517,5.017349346837468e-07,6.747881517455197e-07,0.9996129265753577,-3.375486125730288e-06,-3.375486125730288e-06,7.639424866799203e-07,6.746524490065548e-07,6.746524490065548e-07,6.131323380054876e-07,1.7305321706177298e-07,1.7305321706177295e-07,0.999614950939813,-6.763335187482092e-07,-6.763335187482092e-07,2.6469779585147765e-23,37449.461332932784
0.7943918570829458,5.025728612205873e-07,6.757166921773928e-07,0.9996110251437448,-3.375129948915291e-06,-3.375129948915291e-06,7.652586863589364e-07,6.755911360410476e-07,6.755911360410476e-07,6.112369237340552e-07,1.7314383095680553e-07,1.731438309568055e-07,0.9996130522938214,-6.722631802057199e-07,-6.722631802057199e-07,2.6469779585182145e-23,37284.12989318685
0.7966944421759399,5.034081504144869e-07,6.766410972946288e-07,0.999609123778877,-3.3751010441082454e-06,-3.3751010441082454e-06,7.665709825682665e-07,6.76528166790246e-07,6.76528166790246e-07,6.093453041506115e-07,1.7323294688014187e-07,1.7323294688014184e-07,0.9996111537021689,-6.685366549297303e-07,-6.685366549297303e-07,2.6469779585216684e-23,37119.467016109294
0.798997027268934,5.042408082105436e-07,6.775613777415408e-07,0.9996072225143922,-3.3754632801202663e-06,-3.3754632801202663e-06,7.678793826370159e-07,6.774633370377659e-07,6.774633370377659e-07,6.07457472306167e-07,1.7332056953099716e-07,1.733205695309972e-07,0.9996092551985254,-6.652177691541032e-07,-6.652177691541032e-07,-2.64697796181424e-23,36955.47064480296
0.8012996123619279,5.050708405353039e-07,6.784775441304743e-07,0.9996053213837308,-3.3762731606131314e-06,-3.3762731606131314e-06,7.691838938707501e-07,6.783964073801551e-07,6.783964073801551e-07,6.055734212548302e-07,1.7340670359517047e-07,1.7340670359517042e-07,0.9996073568163633,-6.623629840912341e-07,-6.623629840912341e-07,5.2939559186983094e-23,36792.13872119696
0.803602197454922,5.058982532968618e-07,6.793896070420143e-07,0.9996034204201363,-3.3775790256904226e-06,-3.3775790256904226e-06,7.704845235516844e-07,6.79327107630616e-07,6.79327107630616e-07,6.036931440539133e-07,1.7349135374515252e-07,1.7349135374515255e-07,0.9996054585889574,-6.600205975223653e-07,-6.600205975223653e-07,-2.6469779618072586e-23,36629.46918615224
0.8059047825479161,5.067230523849536e-07,6.802975770251891e-07,0.9996015196566547,-3.3794204005118727e-06,-3.3794204005118727e-06,7.717812789388718e-07,6.802551416502152e-07,6.802551416502152e-07,6.018166337640968e-07,1.7357452464023556e-07,1.735745246402355e-07,0.9996035605493857,-6.582300924111161e-07,-6.582300924111161e-07,5.29395591870532e-23,36467.45997956895
0.8082073676409101,5.075452436710547e-07,6.812014645976716e-07,0.9995996191261344,-3.3818274980400604e-06,-3.3818274980400604e-06,7.730741672683868e-07,6.81180192520946e-07,6.81180192520946e-07,5.999438834496066e-07,1.7365622092661691e-07,1.7365622092661691e-07,0.9996016627305282,-6.570216396493741e-07,-6.570216396493741e-07,-1.630531473214405e-32,36306.10904049325
0.8105099527339041,5.083648330084731e-07,6.821012802459791e-07,0.9995977188612266,-3.384820880220653e-06,-3.384820880220653e-06,7.743631957535094e-07,6.821019279710275e-07,6.821019279710275e-07,5.980748861783455e-07,1.7373644723750597e-07,1.7373644723750602e-07,0.9995997651650673,-6.564157592367367e-07,-6.564157592367367e-07,-5.293955921966368e-23,36145.41430722068
0.8128125378268982,5.091818262324442e-07,6.829970344256688e-07,0.999595818894385,-3.388411279306451e-06,-3.388411279306451e-06,7.756483715849039e-07,6.830200059611977e-07,6.830200059611977e-07,5.962096350220303e-07,1.7381520819322453e-07,1.7381520819322456e-07,0.9995978678854882,-6.564231416037758e-07,-6.564231416037758e-07,-2.6469779617931274e-23,35985.37371739857
0.8151151229198922,5.099962291602239e-07,6.838887375615321e-07,0.9995939192578654,-3.3925995783828922e-06,-3.3925995783828922e-06,7.76929701930797e-07,6.839340803402089e-07,6.839340803402089e-07,5.943481230563382e-07,1.7389250840130817e-07,1.738925084013082e-07,0.9995959709240781,-6.57044628136764e-07,-6.57044628136764e-07,-2.6469779617895615e-23,35825.985208128
0.8174177080128863,5.108080475911805e-07,6.847764000477855e-07,0.9995920199837266,-3.397376947624753e-06,-3.397376947624753e-06,7.782071939371533e-07,6.848438064788379e-07,6.848438064788379e-07,5.924903433610674e-07,1.7396835245660496e-07,1.73968352456605e-07,0.9995940743129268,-6.58271347433611e-07,-6.58271347433611e-07,-2.646977961785982e-23,35667.24671606509
0.8197202931058803,5.116172873068865e-07,6.856600322482593e-07,0.9995901211038293,-3.4027251304846404e-06,-3.4027251304846404e-06,7.79480854727848e-07,6.857488467942117e-07,6.857488467942117e-07,5.906362890202638e-07,1.7404274494137274e-07,1.7404274494137282e-07,0.999592178083926,-6.60085001491603e-07,-6.60085001491603e-07,-7.940933882121769e-23,35509.15617751957
0.8220228781988743,5.124239540712098e-07,6.865396444965839e-07,0.9995882226498369,-3.4086168717178517e-06,-3.4086168717178517e-06,7.807506914048372e-07,6.866488760800752e-07,6.866488760800752e-07,5.887859531223404e-07,1.741156904253741e-07,1.7411569042537413e-07,0.9995902822687704,-6.624582937315161e-07,-6.624582937315161e-07,-2.6469779617787875e-23,35351.71152855197
0.8243254632918684,5.132280536304033e-07,6.874152470963731e-07,0.9995863246532155,-3.415016477242422e-06,-3.415016477242422e-06,7.820167110483266e-07,6.875435865636024e-07,6.875435865636024e-07,5.869393287602381e-07,1.7418719346596983e-07,1.7418719346596975e-07,0.9995883868989568,-6.653554888569296e-07,-6.653554888569296e-07,7.940933878903583e-23,35194.91070507171
0.8266280483848625,5.140295917131951e-07,6.88286850321405e-07,0.9995844271452335,-3.4218804939170793e-06,-3.4218804939170793e-06,7.832789207169361e-07,6.88432692615645e-07,6.88432692615645e-07,5.850964090315552e-07,1.7425725860820987e-07,1.7425725860820992e-07,0.9995864920057845,-6.687330926314591e-07,-6.687330926314591e-07,-5.293955921941233e-23,35038.75164293236
0.8289306334778566,5.148285740308763e-07,6.891544644158012e-07,0.9995825301569621,-3.429158495916371e-06,-3.429158495916371e-06,7.845373274478642e-07,6.893159350481959e-07,6.893159350481959e-07,5.832571870386589e-07,1.7432589038492498e-07,1.7432589038492488e-07,0.9995845976203553,-6.725406382531664e-07,-6.725406382531664e-07,1.0587911839080538e-22,34883.23227802538
0.8312332185708505,5.156250062773896e-07,6.90018099594202e-07,0.999580633719275,-3.4367939629440116e-06,-3.4367939629440116e-06,7.857919382570483e-07,6.901930849411443e-07,6.901930849411443e-07,5.81421655888828e-07,1.743930933168125e-07,1.7439309331681246e-07,0.9995827037735737,-6.767215645672034e-07,-6.767215645672034e-07,2.6469779585751222e-23,34728.35054637367
0.8335358036638446,5.164188941294174e-07,6.908777660419405e-07,0.9995787378628486,-3.4447252346606455e-06,-3.4447252346606455e-06,7.870427601393232e-07,6.910639469486012e-07,6.910639469486012e-07,5.795898086943705e-07,1.7445887191252304e-07,1.7445887191252307e-07,0.9995808104961467,-6.812141704928837e-07,-6.812141704928837e-07,-2.646977961760594e-23,34574.104384223494
0.8358383887568387,5.172102432464675e-07,6.917334739152128e-07,0.9995768426181624,-3.4528865248315956e-06,-3.4528865248315956e-06,7.882898000685772e-07,6.919283620447125e-07,6.919283620447125e-07,5.777616385727395e-07,1.745232306687452e-07,1.745232306687453e-07,0.9995789178185841,-6.859526291707444e-07,-6.859526291707444e-07,-7.940933882096299e-23,34420.49172813493
0.8381409738498327,5.179990592709605e-07,6.925852333412476e-07,0.999574948015499,-3.461208978341887e-06,-3.461208978341887e-06,7.895330649979056e-07,6.927862096779445e-07,6.927862096779445e-07,5.759371386466922e-07,1.7458617407028719e-07,1.7458617407028713e-07,0.999577025771199,-6.908680449768964e-07,-6.908680449768964e-07,5.293955918755826e-23,34267.51051507316
0.8404435589428267,5.187853478283147e-07,6.934330544184709e-07,0.9995730540849435,-3.4696217539743532e-06,-3.4696217539743532e-06,7.907725618597623e-07,6.936374093129282e-07,6.936374093129282e-07,5.741163020443393e-07,1.7464770659015616e-07,1.7464770659015616e-07,0.9995751343841067,-6.958895363004698e-07,-6.958895363004698e-07,-1.579859055035436e-32,34115.15868249405
0.8427461440358208,5.195691145270322e-07,6.942769472166705e-07,0.9995711608563849,-3.4780531159664274e-06,-3.4780531159664274e-06,7.920082975661079e-07,6.944819213484985e-07,6.944819213484985e-07,5.722991218993345e-07,1.7470783268963827e-07,1.7470783268963827e-07,0.9995732436872266,-7.009453270997455e-07,-7.009453270997455e-07,-1.576156615399527e-32,33963.434168434695
0.8450487291288148,5.20350364958783e-07,6.951169217771563e-07,0.9995692683595151,-3.486431517688785e-06,-3.486431517688785e-06,7.932402790085567e-07,6.95319747410312e-07,6.95319747410312e-07,5.704855913509315e-07,1.7476655681837324e-07,1.747665568183733e-07,0.9995713537102804,-7.059638305801595e-07,-7.059638305801595e-07,-5.293955921911822e-23,33812.334911597274
0.8473513142218089,5.211291046984896e-07,6.959529881129194e-07,0.9995673766238299,-3.494686661376103e-06,-3.494686661376103e-06,7.9446851305852e-07,6.961509300259554e-07,6.961509300259554e-07,5.686757035441266e-07,1.7482388341442977e-07,1.7482388341442975e-07,0.9995694644827943,-7.108747089244255e-07,-7.108747089244255e-07,2.6469779586009658e-23,33661.85885143562
0.849653899314803,5.219053393044104e-07,6.967851562087873e-07,0.9995654856786285,-3.502750518646843e-06,-3.502750518646843e-06,7.956930065673482e-07,6.969755516992757e-07,6.969755516992757e-07,5.668694516297697e-07,1.748798169043768e-07,1.7487981690437682e-07,0.9995675760340971,-7.156098938116941e-07,-7.156098938116941e-07,-2.6469779617346806e-23,33512.00392823905
0.8519564844077969,5.226790743182239e-07,6.97613436021578e-07,0.9995635955530141,-3.5105582975729574e-06,-3.5105582975729574e-06,7.969137663664687e-07,6.977937334095505e-07,6.977937334095505e-07,5.650668287646379e-07,1.7493436170335401e-07,1.7493436170335407e-07,0.9995656883933222,-7.201045534866454e-07,-7.201045534866454e-07,-5.293955921900629e-23,33362.76808321429
0.854259069500791,5.234503152651106e-07,6.984378374802508e-07,0.999561706275894,-3.518049343233299e-06,-3.518049343233299e-06,7.981307992675232e-07,6.98605632568614e-07,6.98605632568614e-07,5.63267828111593e-07,1.7498752221514025e-07,1.749875222151402e-07,0.9995638015894065,-7.242979933122958e-07,-7.242979933122958e-07,5.2939559187818736e-23,33214.14925856931
0.8565616545937851,5.242190676538366e-07,6.992583704860548e-07,0.9995598178759797,-3.5251679600765933e-06,-3.5251679600765933e-06,7.993441120625014e-07,6.994114404767742e-07,6.994114404767742e-07,5.614724428396269e-07,1.7503930283221823e-07,1.750393028322182e-07,0.9995619156510912,-7.281344781323741e-07,-7.281344781323741e-07,2.646977958615943e-23,33066.14539759187
0.858864239686779,5.249853369768347e-07,7.000750449126745e-07,0.9995579303817872,-3.5318641458457563e-06,-3.5318641458457563e-06,8.005537115238719e-07,7.002113793241845e-07,7.002113793241845e-07,5.596806661240108e-07,1.750897079358398e-07,1.7508970793583976e-07,0.9995600306069219,-7.315639661950584e-07,-7.315639661950584e-07,5.293955918789397e-23,32918.75444473135
0.8611668247797731,5.25749128710287e-07,7.008878706063738e-07,0.9995560438216373,-3.5380942284793477e-06,-3.5380942284793477e-06,8.017596044047118e-07,7.010056987904846e-07,7.010056987904846e-07,5.578924911463712e-07,1.7513874189608675e-07,1.751387418960868e-07,0.9995581464852491,-7.345427460538524e-07,-7.345427460538524e-07,-5.293955921885584e-23,32771.97434567627
0.8634694098727672,5.265104483142058e-07,7.016968573861362e-07,0.9995541582236557,-3.543821398982271e-06,-3.543821398982271e-06,8.029617974388322e-07,7.017946722995323e-07,7.017946722995323e-07,5.561079110947777e-07,1.7518640907193048e-07,1.7518640907193043e-07,0.9995562633142279,-7.370339694377261e-07,-7.370339694377261e-07,5.293955918796952e-23,32625.80304743206
0.8657719949657612,5.272693012325148e-07,7.025020150438038e-07,0.9995522736157733,-3.549016135061446e-06,-3.549016135061446e-06,8.041602973409024e-07,7.025785929902182e-07,7.025785929902182e-07,5.543269191638677e-07,1.7523271381128907e-07,1.75232713811289e-07,0.9995543811218184,-7.390080748862306e-07,-7.390080748862306e-07,5.293955918800742e-23,32480.238498398572
0.8680745800587553,5.280256928931295e-07,7.033033533442127e-07,0.9995503900257263,-3.553656511977509e-06,-3.553656511977509e-06,8.053551108065706e-07,7.033577694666103e-07,7.033577694666103e-07,5.525495085548973e-07,1.7527766045108324e-07,1.7527766045108316e-07,0.9995524999357863,-7.404430986006582e-07,-7.404430986006582e-07,7.940933878974227e-23,32335.27864844437
0.8703771651517493,5.287796287080379e-07,7.04100882025326e-07,0.999548507481057,-3.5577283988546877e-06,-3.5577283988546877e-06,8.065462445125823e-07,7.041325213926039e-07,7.041325213926039e-07,5.507756724758733e-07,1.7532125331728806e-07,1.75321253317288e-07,0.9995506197837031,-7.413248707533839e-07,-7.413248707533839e-07,5.293955918808343e-23,32190.921448982866
0.8726797502447434,5.295311140733797e-07,7.048946107983649e-07,0.9995466260091133,-3.561225540358842e-06,-3.561225540358842e-06,8.077337051168963e-07,7.049031749967912e-07,7.049031749967912e-07,5.490054041416132e-07,1.753634967249853e-07,1.7536349672498522e-07,0.9995487406929456,-7.416470971653822e-07,-7.416470971653822e-07,7.940933878981843e-23,32047.164853045007
0.8749823353377374,5.302801543695265e-07,7.056845493479365e-07,0.9995447456370493,-3.5641495253051147e-06,-3.5641495253051147e-06,8.08917499258797e-07,7.05670058553025e-07,7.05670058553025e-07,5.472386967738401e-07,1.7540439497840998e-07,1.7540439497840998e-07,0.9995468626906974,-7.414113279133687e-07,-7.414113279133687e-07,-1.5234049293690895e-32,31904.006815352335
0.8772849204307315,5.310267549611603e-07,7.064707073321589e-07,0.9995428663918263,-3.5665096453524807e-06,-3.5665096453524807e-06,8.100976335590056e-07,7.064334979009417e-07,7.064334979009417e-07,5.454755436012611e-07,1.754439523709985e-07,1.7544395237099856e-07,0.9995449858039483,-7.406268160238453e-07,-7.406268160238453e-07,-5.293955921858957e-23,31761.445292388406
0.8795875055237256,5.317709211973529e-07,7.072530943827841e-07,0.9995409883002118,-3.568322648372613e-06,-3.568322648372613e-06,8.112741146197866e-07,7.071938120685947e-07,7.071938120685947e-07,5.43715937859657e-07,1.7548217318543118e-07,1.7548217318543126e-07,0.9995431100594949,-7.393102708414765e-07,-7.393102708414765e-07,-7.940933882024815e-23,31619.478242470042
0.8818900906167195,5.325126584116435e-07,7.08031720105318e-07,0.9995391113887807,-3.5696123925057085e-06,-3.5696123925057085e-06,8.124469490250526e-07,7.079513090564237e-07,7.079513090564237e-07,5.419598727919726e-07,1.755190616936746e-07,1.7551906169367452e-07,0.999541235483941,-7.374855120844366e-07,-7.374855120844366e-07,7.940933878997154e-23,31478.10362581747
0.8841926757097136,5.33251971922117e-07,7.088065940791376e-07,0.9995372356839155,-3.570409408073771e-06,-3.570409408073771e-06,8.136161433404665e-07,7.087062818381639e-07,7.087062818381639e-07,5.40207341648359e-07,1.755546221570206e-07,1.7555462215702063e-07,0.9995393621036978,-7.351830317572205e-07,-7.351830317572205e-07,-2.6469779616777573e-23,31337.31940462201
0.8864952608027077,5.339888670314818e-07,7.09577725857606e-07,0.9995353612118065,-3.570750375702472e-06,-3.570750375702472e-06,8.147817041135397e-07,7.094590046298287e-07,7.094590046298287e-07,5.384583376862825e-07,1.7558885882612416e-07,1.7558885882612414e-07,0.9995374899449841,-7.324394722720479e-07,-7.324394722720479e-07,2.6469779586654687e-23,31197.123543115278
0.8887978458957017,5.347233490271464e-07,7.103451249681831e-07,0.9995334879984522,-3.57067752984322e-06,-3.57067752984322e-06,8.15943637873728e-07,7.102097294731375e-07,7.102097294731375e-07,5.367128541705772e-07,1.7562177594103678e-07,1.7562177594103673e-07,0.9995356190338271,-7.292970299704877e-07,-7.292970299704877e-07,5.293955918839012e-23,31057.514007635593
0.8911004309886957,5.354554231812963e-07,7.111088009125358e-07,0.9995316160696596,-3.5702379977677123e-06,-3.5702379977677123e-06,8.171019511325249e-07,7.109586831740561e-07,7.109586831740561e-07,5.349708843735335e-07,1.7565337773123956e-07,1.7565337773123956e-07,0.9995337493960623,-7.258027941175691e-07,-7.258027941175691e-07,-1.4965048058381954e-32,30918.488766694747
0.8934030160816898,5.3618509475097e-07,7.118687631666431e-07,0.9995297454510443,-3.569483084626399e-06,-3.569483084626399e-06,8.182566503835501e-07,7.11706064631536e-07,7.11706064631536e-07,5.332324215749622e-07,1.7568366841567323e-07,1.7568366841567317e-07,0.9995318810573338,-7.220080319598264e-07,-7.220080319598264e-07,5.293955918846738e-23,30780.045791043205
0.8957056011746838,5.36912368978135e-07,7.126250211809002e-07,0.9995278761680318,-3.5684675156872366e-06,-3.5684675156872366e-06,8.194077421026373e-07,7.124520425850662e-07,7.124520425850662e-07,5.314974590622419e-07,1.757126522027653e-07,1.757126522027652e-07,0.9995300140430954,-7.179674309636359e-07,-7.179674309636359e-07,1.0587911839189985e-22,30642.18305373394
0.8980081862676779,5.376372510897631e-07,7.133775843802177e-07,0.9995260082458568,-3.567248647090393e-06,-3.567248647090393e-06,8.205552327479167e-07,7.131967538034862e-07,7.131967538034862e-07,5.297659901304096e-07,1.7574033329045459e-07,1.7574033329045453e-07,0.9995281483786099,-7.137383095695225e-07,-7.137383095695225e-07,5.293955918854483e-23,30504.898530186954
0.900310771360672,5.383597462979049e-07,7.141264621641194e-07,0.9995241417095638,-3.565885656602545e-06,-3.565885656602545e-06,8.21699128759895e-07,7.139403017308065e-07,7.139403017308065e-07,5.280380080822122e-07,1.757667158662146e-07,1.7576671586621458e-07,0.9995262840889503,-7.093798079460673e-07,-7.093798079460673e-07,2.6469779586886744e-23,30368.19019825157
0.902613356453666,5.390798597997641e-07,7.148716639068368e-07,0.9995222765840082,-3.5644387257870964e-06,-3.5644387257870964e-06,8.228394365615321e-07,7.146827555982883e-07,7.146827555982883e-07,5.263135062281545e-07,1.7579180410707266e-07,1.757918041070727e-07,0.9995244211989999,-7.049520701597492e-07,-7.049520701597492e-07,-2.646977961646818e-23,30232.05603826829
0.90491594154666,5.397975967777719e-07,7.15613198957399e-07,0.9995204128938557,-3.5629682248068454e-06,-3.5629682248068454e-06,8.239761625583145e-07,7.154241500055569e-07,7.154241500055569e-07,5.245924778865933e-07,1.758156021796271e-07,1.7581560217962713e-07,0.9995225597334526,-7.005154289772494e-07,-7.005154289772494e-07,-2.646977961642929e-23,30096.494033130748
0.9072185266396541,5.405129623996595e-07,7.16351076639722e-07,0.9995185506635837,-3.561533910725424e-06,-3.561533910725424e-06,8.251093131383242e-07,7.161644849670346e-07,7.161644849670346e-07,5.228749163837632e-07,1.758381142400625e-07,1.7583811424006243e-07,0.9995206997168137,-6.961296041665362e-07,-6.961296041665362e-07,7.940933879039718e-23,29961.502168345265
0.9095211117326482,5.412259618185314e-07,7.17085306252692e-07,0.9995166899174809,-3.5601941496859943e-06,-3.5601941496859943e-06,8.262388946723055e-07,7.169037264140524e-07,7.169037264140524e-07,5.211608150538187e-07,1.7585934443416057e-07,1.758593444341606e-07,0.9995188411733996,-6.918529246752263e-07,-6.918529246752263e-07,-2.64697796163514e-23,29827.078432090282
0.9118236968256421,5.419366001729373e-07,7.178158970702474e-07,0.9995148306796479,-3.5590051727294227e-06,-3.5590051727294227e-06,8.273649135137262e-07,7.176418071369008e-07,7.176418071369008e-07,5.194501672389316e-07,1.7587929689731017e-07,1.7587929689731012e-07,0.999516984127339,-6.877415844484331e-07,-6.877415844484331e-07,5.293955918877826e-23,29693.22081527622
0.9141262819186362,5.426448825869439e-07,7.185428583414562e-07,0.9995129729739981,-3.5580203743026505e-06,-3.5580203743026505e-06,8.284873759988367e-07,7.183786281459496e-07,7.183786281459496e-07,5.177429662893047e-07,1.7589797575451217e-07,1.7589797575451222e-07,0.9995151286025731,-6.838489409368258e-07,-6.838489409368258e-07,-5.293955921797023e-23,29559.927311602743
0.9164288670116303,5.433508141702064e-07,7.192661992905909e-07,0.9995111168242576,-3.5572896616640055e-06,-3.5572896616640055e-06,8.296062884467237e-07,7.191140604255544e-07,7.191140604255544e-07,5.160392055632093e-07,1.7591538512038452e-07,1.7591538512038444e-07,0.9995132746228556,-6.80224864501642e-07,-6.80224864501642e-07,7.940933879055326e-23,29427.195917615754
0.9187314521046243,5.440544000180387e-07,7.199859291171982e-07,0.9995092622539659,-3.5568588625205727e-06,-3.5568588625205727e-06,8.307216571593605e-07,7.198479470503692e-07,7.198479470503692e-07,5.143388784270696e-07,1.7593152909915948e-07,1.759315290991595e-07,0.9995114222117533,-6.769151460517799e-07,-6.769151460517799e-07,-2.646977961619516e-23,29295.0246327651
0.9210340371976183,5.447556452114836e-07,7.207020569961673e-07,0.9995074092864762,-3.5567691972173486e-06,-3.5567691972173486e-06,8.318334884216538e-07,7.205801056292265e-07,7.205801056292265e-07,5.126419782554777e-07,1.7594641178468371e-07,1.759464117846837e-07,0.9995095713926472,-6.739609692326795e-07,-6.739609692326795e-07,2.6469779587237747e-23,29163.411459459734
0.9233366222906124,5.454545548173822e-07,7.214145920777918e-07,0.999505557944956,-3.557056820819778e-06,-3.557056820819778e-06,8.329417885014841e-07,7.213103310387272e-07,7.213103310387272e-07,5.109484984312265e-07,1.7596003726040953e-07,1.7596003726040956e-07,0.9995077221887322,-6.713984525086106e-07,-6.713984525086106e-07,-2.6469779616116857e-23,29032.354403122874
0.9256392073836064,5.461511338884435e-07,7.221235434878297e-07,0.9995037082523875,-3.5577524393235175e-06,-3.5577524393235175e-06,8.340465636497431e-07,7.220383984054967e-07,7.220383984054967e-07,5.092584323453703e-07,1.7597240959938617e-07,1.759724095993862e-07,0.999505874623018,-6.692582653721988e-07,-6.692582653721988e-07,-2.646977961607766e-23,28901.851472247025
0.9279417924766005,5.46845387463312e-07,7.228289203275585e-07,0.9995018602315682,-3.5588810031782676e-06,-3.5588810031782676e-06,8.351478201003668e-07,7.227640662940765e-07,7.227640662940765e-07,5.075717733972398e-07,1.7598353286424653e-07,1.7598353286424653e-07,0.9995040287183291,-6.675653218680335e-07,-6.675653218680335e-07,-1.434155604638815e-32,28771.90067844743
0.9302443775695945,5.475373205666359e-07,7.235307316738264e-07,0.9995000139051108,-3.5604614801993645e-06,-3.5604614801993645e-06,8.362455640703619e-07,7.234870800556676e-07,7.234870800556676e-07,5.05888514994493e-07,1.7599341110719055e-07,1.7599341110719045e-07,0.9995021844973058,-6.66338553504059e-07,-6.66338553504059e-07,1.0587911839248524e-22,28642.500036515892
0.9325469626625885,5.482269382091351e-07,7.24228986579098e-07,0.9994981692954447,-3.5625067088647444e-06,-3.5625067088647444e-06,8.373398017598287e-07,7.242071752920164e-07,7.242071752920164e-07,5.042086505531213e-07,1.7600204836996293e-07,1.7600204836996293e-07,0.9995003419824044,-6.655907625483524e-07,-6.655907625483524e-07,-1.4263042019149012e-32,28513.647564472754
0.9348495477555826,5.489142453876669e-07,7.249236940714979e-07,0.9994963264248153,-3.5650233319464477e-06,-3.5650233319464477e-06,8.384305393519785e-07,7.249240813883631e-07,7.249240813883631e-07,5.025321734974941e-07,1.7600944868383104e-07,1.7600944868383094e-07,0.9994985011958976,-6.653285556604563e-07,-6.653285556604563e-07,1.0587911839256378e-22,28385.34128361943
0.9371521328485767,5.495992470852934e-07,7.25614863154847e-07,0.9994944853152858,-3.5680118093742686e-06,-3.5680118093742686e-06,8.395177830131449e-07,7.256375250695685e-07,7.256375250695685e-07,5.008590772603676e-07,1.760156160695536e-07,1.7601561606955357e-07,0.9994966621598753,-6.655523567548808e-07,-6.655523567548808e-07,2.6469779587512442e-23,28257.579218589595
0.9394547179415706,5.502819482713464e-07,7.263025028086954e-07,0.9994926459887364,-3.571466508289925e-06,-3.571466508289925e-06,8.406015388927897e-07,7.263472339343858e-07,7.263472339343858e-07,4.991893552829268e-07,1.7602055453734908e-07,1.7602055453734903e-07,0.9994948248962449,-6.662564970551435e-07,-6.662564970551435e-07,5.293955918924865e-23,28130.359397400603
0.9417573030345647,5.509623539014931e-07,7.269866219883508e-07,0.9994908084668658,-3.575375867283164e-06,-3.575375867283164e-06,8.416818131235032e-07,7.270529399241689e-07,7.270529399241689e-07,4.975230010147749e-07,1.760242680868577e-07,1.7602426808685776e-07,0.9994929894267317,-6.674293793297606e-07,-6.674293793297606e-07,-5.293955921749954e-23,28003.67985150313
0.9440598881275588,5.51640468917801e-07,7.276672296248999e-07,0.999488972771191,-3.5797226310052447e-06,-3.5797226310052447e-06,8.42758611820998e-07,7.277543826841842e-07,7.277543826841842e-07,4.958600079139859e-07,1.7602676070709892e-07,1.7602676070709894e-07,0.9994911557728798,-6.690537125056451e-07,-6.690537125056451e-07,-2.6469779615763304e-23,27877.53861583207
0.9463624732205529,5.523162982488018e-07,7.283443346252258e-07,0.9994871389230482,-3.5844841505152565e-06,-3.5844841505152565e-06,8.438319410840962e-07,7.284513127780659e-07,7.284513127780659e-07,4.942003694470661e-07,1.7602803637642397e-07,1.7602803637642403e-07,0.9994893239560521,-6.711068120143534e-07,-6.711068120143534e-07,-5.293955921742082e-23,27751.933728854867
0.9486650583135469,5.529898468095554e-07,7.290179458720188e-07,0.9994853069435935,-3.5896327440931936e-06,-3.5896327440931936e-06,8.449018069947093e-07,7.291434947186571e-07,7.291434947186571e-07,4.92544079089013e-07,1.7602809906246353e-07,1.7602809906246345e-07,0.9994874939974311,-6.735609606051183e-07,-6.735609606051183e-07,7.9409338791103e-23,27626.863232621366
0.9509676434065409,5.536611195017132e-07,7.296880722237824e-07,0.9994834768538029,-3.595136112580206e-06,-3.595136112580206e-06,8.459682156178128e-07,7.298307097817367e-07,7.298307097817367e-07,4.908911303232884e-07,1.760269527220692e-07,1.7602695272206925e-07,0.9994856659180196,-6.763838236850763e-07,-6.763838236850763e-07,-5.293955921734203e-23,27502.325172811896
0.953270228499535,5.543301212135809e-07,7.303547225148315e-07,0.9994816486744732,-3.6009578028599777e-06,-3.6009578028599777e-06,8.470311730014112e-07,7.305127585724818e-07,7.305127585724818e-07,4.892415166418158e-07,1.7602460130125073e-07,1.7602460130125063e-07,0.9994838397386407,-6.795389128006517e-07,-6.795389128006517e-07,1.0587911839287867e-22,27378.31759878526
0.955572813592529,5.549968568201807e-07,7.310179055552852e-07,0.9994798224262224,-3.6070577126327765e-06,-3.6070577126327765e-06,8.480906851764961e-07,7.311894633183949e-07,7.311894633183949e-07,4.87595231545013e-07,1.760210487351044e-07,1.7602104873510443e-07,0.999482015479939,-6.829860904116358e-07,-6.829860904116358e-07,-2.646977961556634e-23,27254.838563627152
0.9578753986855231,5.556613311833138e-07,7.316776301310524e-07,0.9994779981294905,-3.613392629352156e-06,-3.613392629352156e-06,8.491467581569965e-07,7.318606698662945e-07,7.318606698662945e-07,4.859522685417505e-07,1.7601629894773865e-07,1.7601629894773863e-07,0.9994801931623808,-6.866821088279464e-07,-6.866821088279464e-07,2.646977958786685e-23,27131.886124196873
0.9601779837785172,5.563235491516212e-07,7.323339050038103e-07,0.9994761758045393,-3.6199167959608944e-06,-3.6199167959608944e-06,8.501993979397196e-07,7.325262493651545e-07,7.325262493651545e-07,4.84312621149355e-07,1.7601035585218904e-07,1.7601035585218912e-07,0.9994783728062543,-6.905811759456532e-07,-6.905811759456532e-07,-7.940933881888126e-23,27009.45834117478
0.9624805688715111,5.569835155606449e-07,7.32986738910975e-07,0.9994743554714541,-3.626582495948445e-06,-3.626582495948445e-06,8.512486105042823e-07,7.331860996208188e-07,7.331860996208188e-07,4.826762828935862e-07,1.7600322335033019e-07,1.760032233503301e-07,0.9994765544316708,-6.94635540304545e-07,-6.94635540304545e-07,7.940933879133948e-23,26887.553279108903
0.9647831539645052,5.576412352328892e-07,7.336361405656647e-07,0.9994725371501434,-3.633340650233522e-06,-3.633340650233522e-06,8.522944018130346e-07,7.338401461128415e-07,7.338401461128415e-07,4.810432473086367e-07,1.7599490533277535e-07,1.7599490533277546e-07,0.9994747380585651,-6.987960879708635e-07,-6.987960879708635e-07,-1.058791184204993e-22,26766.16900646185
0.9670857390574993,5.582967129778802e-07,7.342821186566538e-07,0.9994707208603393,-3.640141418436531e-06,-3.640141418436531e-06,8.533367778109709e-07,7.344883426681041e-07,7.344883426681041e-07,4.794135079370846e-07,1.7598540567877352e-07,1.7598540567877354e-07,0.9994729237066953,-7.030129438099159e-07,-7.030129438099159e-07,-2.6469779615369213e-23,26645.303595656893
0.9693883241504933,5.589499535922257e-07,7.349246818483187e-07,0.999468906621599,-3.646934797272428e-06,-3.646934797272428e-06,8.543757444256314e-07,7.351306717899258e-07,7.351306717899258e-07,4.777870583298864e-07,1.7597472825609306e-07,1.75974728256093e-07,0.9994711113956446,-7.072360698791529e-07,-7.072360698791529e-07,5.293955918976087e-23,26524.95512312439
0.9716909092434873,5.596009618596753e-07,7.355638387805743e-07,0.9994670944533047,-3.6536712090284954e-06,-3.6536712090284954e-06,8.55411307566993e-07,7.357671446457109e-07,7.357671446457109e-07,4.761638920463246e-07,1.75962876920899e-07,1.7596287692089898e-07,0.999469301144821,-7.114158539061981e-07,-7.114158539061981e-07,2.646977958810341e-23,26405.12166934777
0.9739934943364814,5.602497425511788e-07,7.361995980687999e-07,0.9994652843746641,-3.660302073411671e-06,-3.660302073411671e-06,8.564434731273457e-07,7.363978007198972e-07,7.363978007198972e-07,4.745440026539773e-07,1.7594985551762103e-07,1.7594985551762108e-07,0.9994674929734583,-7.155036811364713e-07,-7.155036811364713e-07,-5.293955921694782e-23,26285.801318909602
0.9762960794294755,5.60896300424945e-07,7.368319683037552e-07,0.9994634764047111,-3.6667803564396204e-06,-3.6667803564396204e-06,8.574722469811593e-07,7.37022707143039e-07,7.37022707143039e-07,4.729273837286689e-07,1.7593566787881032e-07,1.759356678788102e-07,0.999465686900616,-7.194524832245994e-07,-7.194524832245994e-07,1.0587911839327291e-22,26166.992160537702
0.9785986645224695,5.615406402265002e-07,7.374609580514854e-07,0.9994616705623068,-3.6730610904935328e-06,-3.6730610904935328e-06,8.584976349849337e-07,7.376419577110808e-07,7.376419577110808e-07,4.7131402885443507e-07,1.7592031782498525e-07,1.759203178249852e-07,0.999463882945181,-7.232172582875912e-07,-7.232172582875912e-07,5.2939559189918545e-23,26048.69228715115
0.9809012496154635,5.62182766688746e-07,7.380865758532134e-07,0.9994598668661395,-3.6791018601674843e-06,-3.6791018601674843e-06,8.595196429770371e-07,7.38255671612468e-07,7.38255671612468e-07,4.6970393162343033e-07,1.7590380916446741e-07,1.7590380916446736e-07,0.9994620811258671,-7.267555567546307e-07,-7.267555567546307e-07,5.2939559189957953e-23,25930.89979590626
0.9832038347084576,5.628226845320173e-07,7.387088302252213e-07,0.9994580653347256,-3.6848632490888487e-06,-3.6848632490888487e-06,8.605382767775269e-07,7.3886399188344e-07,7.3886399188344e-07,4.680970856359088e-07,1.7588614569320394e-07,1.7588614569320394e-07,0.9994602814612162,-7.300279281879637e-07,-7.300279281879637e-07,-1.3396416917342257e-32,25813.6127882433
0.9855064198014516,5.634603984641388e-07,7.393277296587161e-07,0.9994562659864099,-3.6903092434901774e-06,-3.6903092434901774e-06,8.615535421879555e-07,7.394670836147155e-07,7.394670836147155e-07,4.664934845001007e-07,1.7586733119457724e-07,1.758673311945773e-07,0.9994584839695989,-7.32998324855313e-07,-7.32998324855313e-07,-5.29395592167508e-23,25696.8293699325
0.9878090048944457,5.640959131804823e-07,7.39943282619684e-07,0.9994544688393665,-3.695407588924146e-06,-3.695407588924146e-06,8.625654449911586e-07,7.400651319349557e-07,7.400651319349557e-07,4.648931218321858e-07,1.758473694392017e-07,1.7584736943920169e-07,0.9994566886692143,-7.356344584454102e-07,-7.356344584454102e-07,2.646977958837923e-23,25580.54765112121
0.9901115899874398,5.647292333640234e-07,7.405554975487267e-07,0.9994526739115996,-3.700130097162858e-06,-3.700130097162858e-06,8.635739909510242e-07,7.406583397983946e-07,7.406583397983946e-07,4.6329599125616557e-07,1.7582626418470322e-07,1.7582626418470322e-07,0.9994548955780923,-7.379081069679513e-07,-7.379081069679513e-07,-1.3278284733652779e-32,25464.765746380952
0.9924141750804337,5.653603636853973e-07,7.411643828608839e-07,0.9994508812209433,-3.7044529009833156e-06,-3.7044529009833156e-06,8.645791858122422e-07,7.412469256056121e-07,7.412469256056121e-07,4.6170208640377437e-07,1.758040191754867e-07,1.7580401917548664e-07,0.9994531047140919,-7.397953695397799e-07,-7.397953695397799e-07,5.293955919015484e-23,25349.481774754928
0.9947167601734278,5.659893088029549e-07,7.417699469454371e-07,0.999449090785063,-3.7083566551928e-06,-3.7083566551928e-06,8.655810353000332e-07,7.418311206875697e-07,7.418311206875697e-07,4.6011140091439076e-07,1.7578063814248218e-07,1.757806381424822e-07,0.9994513160949039,-7.412768674110516e-07,-7.412768674110516e-07,-2.6469779614896476e-23,25234.693859806335
0.9970193452664219,5.666160733628179e-07,7.423721981656953e-07,0.9994473026214556,-3.711826682927526e-06,-3.711826682927526e-06,8.665795451198532e-07,7.424111666839314e-07,7.424111666839314e-07,4.5852392843489447e-07,1.757561248028774e-07,1.757561248028775e-07,0.9994495297380501,-7.423378902647445e-07,-7.423378902647445e-07,-7.940933881825093e-23,25120.40012966697
0.9993219303594159,5.672406619989342e-07,7.429711448587612e-07,0.9994455167474504,-3.714853066881976e-06,-3.714853066881976e-06,8.675747209570757e-07,7.429873128470454e-07,7.429873128470454e-07,4.5693966261956617e-07,1.7573048285982704e-07,1.7573048285982706e-07,0.999447745660885,-7.429684874469311e-07,-7.429684874469311e-07,-2.646977961481785e-23,25006.598717086858
1.00162451545241,5.678630793331327e-07,7.435667953352751e-07,0.9994437331802091,-3.717430685792084e-06,-3.717430685792084e-06,8.685665684766464e-07,7.435598133031288e-07,7.435598133031288e-07,4.553585971299187e-07,1.7570371600214254e-07,1.7570371600214246e-07,0.999445963880595,-7.431635044509833e-07,-7.431635044509833e-07,7.940933879200899e-23,24893.287759484443
1.003927100545404,5.684833299751775e-07,7.441591578791376e-07,0.9994419519367271,-3.719559197064443e-06,-3.719559197064443e-06,8.695550933227098e-07,7.441289243018313e-07,7.441289243018313e-07,4.5378072563457137e-07,1.7567582790396012e-07,1.7567582790396007e-07,0.9994441844142008,-7.429225655478928e-07,-7.429225655478928e-07,5.2939559190351373e-23,24780.465398998043
1.006229685638398,5.69101418522822e-07,7.447482407472058e-07,0.999440173033834,-3.7212429670680233e-06,-3.7212429670680233e-06,8.705403011182062e-07,7.446949014848005e-07,7.446949014848005e-07,4.5220604180905716e-07,1.756468222243838e-07,1.7564682222438377e-07,0.9994424072785563,-7.422500040792001e-07,-7.422500040792001e-07,2.6469779588693738e-23,24668.129782538057
1.0085322707313922,5.697173495618626e-07,7.453340521689648e-07,0.9994383964881939,-3.7224909510990536e-06,-3.7224909510990536e-06,8.715221974644361e-07,7.452579972028695e-07,7.452579972028695e-07,4.506345393356742e-07,1.756167026071021e-07,1.7561670260710216e-07,0.9994406324903504,-7.411547424231943e-07,-7.411547424231943e-07,-5.293955921635769e-23,24556.279061840836
1.010834855824386,5.703311276661918e-07,7.459166003461696e-07,0.999436622316306,-3.7233165255784758e-06,-3.7233165255784758e-06,8.725007879405887e-07,7.45818457910262e-07,7.45818457910262e-07,4.4906621190325926e-07,1.7558547267997776e-07,1.755854726799777e-07,0.999438860066107,-7.396501241937975e-07,-7.396501241937975e-07,5.293955919046906e-23,24444.911393523515
1.0131374409173801,5.709427573978512e-07,7.464958934524569e-07,0.9994348505345058,-3.7237372754594216e-06,-3.7237372754594216e-06,8.734760781032339e-07,7.46376521662675e-07,7.46376521662675e-07,4.475010532069854e-07,1.7555313605460583e-07,1.7555313605460578e-07,0.9994370900221862,-7.377537016495938e-07,-7.377537016495938e-07,5.2939559190508243e-23,24334.024939140698
1.0154400260103742,5.715522433070841e-07,7.470719396329232e-07,0.9994330811589649,-3.723774740260178e-06,-3.723774740260178e-06,8.74448073485772e-07,7.469324157442979e-07,7.469324157442979e-07,4.459390569481286e-07,1.7551969632583918e-07,1.755196963258391e-07,0.9994353223747838,-7.354869817284853e-07,-7.354869817284853e-07,7.94093387922443e-23,24223.6178652428
1.0177426111033683,5.721595899323873e-07,7.47644747003667e-07,0.9994313142056925,-3.7234541224790177e-06,-3.7234541224790177e-06,8.754167795978401e-07,7.474863544468357e-07,7.474863544468357e-07,4.4438021683382686e-07,1.7548515707127968e-07,1.7548515707127962e-07,0.9994335571399335,-7.328751344643498e-07,-7.328751344643498e-07,5.293955919058654e-23,24113.68834343654
1.0200451961963624,5.727648018005633e-07,7.482143236512925e-07,0.9994295496905354,-3.72280396245762e-06,-3.72280396245762e-06,8.763822019246704e-07,7.480385370213906e-07,7.480385370213906e-07,4.428245265767743e-07,1.754495218507292e-07,1.754495218507292e-07,0.9994317943335064,-7.299466678524501e-07,-7.299466678524501e-07,-1.276811770567084e-32,24004.234550447167
1.0223477812893564,5.73367883426771e-07,7.48780677632371e-07,0.9994277876291786,-3.7218557840131722e-06,-3.7218557840131722e-06,8.773443459263962e-07,7.485891458216661e-07,7.485891458216661e-07,4.4127197989494845e-07,1.7541279420560002e-07,1.7541279420559997e-07,0.9994300339712116,-7.267330734836882e-07,-7.267330734836882e-07,5.2939559190664737e-23,23895.25466818366
1.0246503663823503,5.739688393145768e-07,7.49343816972856e-07,0.9994260280371464,-3.7206437153440477e-06,-3.7206437153440477e-06,8.783032170373017e-07,7.491383446545052e-07,7.491383446545052e-07,4.3972257051127843e-07,1.7537497765827916e-07,1.753749776582792e-07,0.9994282760685973,-7.232684474526238e-07,-7.232684474526238e-07,-2.6469779614386864e-23,23786.746883806438
1.0269529514753444,5.745676739560051e-07,7.499037496674493e-07,0.9994242709298029,-3.7192040898656416e-06,-3.7192040898656416e-06,8.792588206650112e-07,7.496862773510835e-07,7.496862773510835e-07,4.381762921532796e-07,1.7533607571144413e-07,1.7533607571144418e-07,0.9994265206410519,-7.195890911958444e-07,-7.195890911958444e-07,-5.293955921604472e-23,23678.709389797852
1.0292555365683385,5.751643918315881e-07,7.504604836789116e-07,0.999422516322352,-3.7175750317020967e-06,-3.7175750317020967e-06,8.802111621896097e-07,7.502330665695159e-07,7.502330665695159e-07,4.366331385526817e-07,1.7529609184732358e-07,1.7529609184732353e-07,0.9994247677038031,-7.157330969864503e-07,-7.157330969864503e-07,5.293955919078182e-23,23571.140384036546
1.0315581216613325,5.757589974104153e-07,7.510140269373157e-07,0.9994207642298392,-3.715796030604699e-06,-3.715796030604699e-06,8.81160246962693e-07,7.507788128367811e-07,7.507788128367811e-07,4.3509310344499685e-07,1.752550295269004e-07,1.752550295269004e-07,0.99942301727192,-7.11739922855436e-07,-7.11739922855436e-07,-1.2572991032965485e-32,23464.038069875
1.0338607067543266,5.763514951501823e-07,7.515643873392332e-07,0.999419014667151,-3.713907511029451e-06,-3.713907511029451e-06,8.821060803063366e-07,7.513235938353109e-07,7.513235938353109e-07,4.335561805690683e-07,1.7521289218905085e-07,1.7521289218905087e-07,0.9994212693603131,-7.07649961672518e-07,-7.07649961672518e-07,-2.6469779614230947e-23,23357.400656221736
1.0361632918473207,5.769418894972398e-07,7.521115727468525e-07,0.9994172676490165,-3.7119504000481194e-06,-3.7119504000481194e-06,8.830486675119783e-07,7.51867463936701e-07,7.51867463936701e-07,4.320223636665687e-07,1.7516968324961274e-07,1.7516968324961263e-07,0.9994195239837348,-7.035041090607095e-07,-7.035041090607095e-07,1.0587911839429238e-22,23251.22635762767
1.0384658769403148,5.775301848866409e-07,7.52655590987018e-07,0.9994155231900075,-3.709965698634496e-06,-3.709965698634496e-06,8.839880138392066e-07,7.524104539825504e-07,7.524104539825504e-07,4.30491646481452e-07,1.7512540610037702e-07,1.7512540610037708e-07,0.9994177811567805,-6.993433346864237e-07,-6.993433346864237e-07,-5.293955921585006e-23,23145.51339437785
1.0407684620333086,5.78116385742189e-07,7.531964498501857e-07,0.9994137813045392,-3.7079940607112196e-06,-3.7079940607112196e-06,8.849241245144437e-07,7.529525713096663e-07,7.529525713096663e-07,4.289640227593645e-07,1.7508006410799675e-07,1.7508006410799672e-07,0.9994160408938887,-6.952082613104769e-07,-6.952082613104769e-07,2.646977958927943e-23,23040.259992588835
1.0430710471263027,5.787004964764844e-07,7.537341570892849e-07,0.9994120420068711,-3.7060753841319847e-06,-3.7060753841319847e-06,8.858570047295147e-07,7.534938000145635e-07,7.534938000145635e-07,4.27439486246982e-07,1.7503366061280045e-07,1.7503366061280053e-07,0.9994143032093423,-6.911387557748451e-07,-6.911387557748451e-07,-7.940933881746932e-23,22935.464384312247
1.0453736322192968,5.792825214909707e-07,7.54268720418478e-07,0.9994103053111073,-3.7042484175321745e-06,-3.7042484175321745e-06,8.867866596400911e-07,7.54034101449716e-07,7.54034101449716e-07,4.259180306913116e-07,1.7498619892750736e-07,1.7498619892750725e-07,0.9994125681172685,-6.871735358582627e-07,-6.871735358582627e-07,1.0587911839444764e-22,22831.124807645578
1.0476762173122909,5.798624651759804e-07,7.548001475118075e-07,0.9994085712311973,-3.702550386704027e-06,-3.702550386704027e-06,8.877130943639955e-07,7.545734149418812e-07,7.545734149418812e-07,4.243996498389025e-07,1.7493768233582724e-07,1.749376823358272e-07,0.9994108356316398,-6.833497966567966e-07,-6.833497966567966e-07,5.2939559191092593e-23,22727.23950685058
1.049978802405285,5.804403319107799e-07,7.55328446001719e-07,0.9994068397809367,-3.701016643847132e-06,-3.701016643847132e-06,8.886363139793541e-07,7.551116587207575e-07,7.551116587207575e-07,4.228843374349907e-07,1.7488811409093917e-07,1.7488811409093914e-07,0.9994091057662747,-6.797028598402562e-07,-6.797028598402562e-07,2.6469779589434393e-23,22623.806732480443
1.052281387498279,5.810161260636136e-07,7.558536234774455e-07,0.9994051109739677,-3.6996803427115847e-06,-3.6996803427115847e-06,8.895563235225793e-07,7.556487310443459e-07,7.556487310443459e-07,4.213720872225631e-07,1.74837497413832e-07,1.748374974138319e-07,0.9994073785348381,-6.762658488018026e-07,-6.762658488018026e-07,1.058791183945637e-22,22520.824741516815
1.054583972591273,5.815898519917482e-07,7.563756874832413e-07,0.9994033848237798,-3.6985721423050682e-06,-3.6985721423050682e-06,8.904731279861671e-07,7.561845115057736e-07,7.561845115057736e-07,4.1986289294132546e-07,1.7478583549149306e-07,1.7478583549149306e-07,0.9994056539508422,-6.730693923721032e-07,-6.730693923721032e-07,-1.2185240402021505e-32,22418.291797517348
1.056886557684267,5.821615140415148e-07,7.568946455164453e-07,0.9994016613437102,-3.69771994145888e-06,-3.69771994145888e-06,8.913867323162858e-07,7.567188625047888e-07,7.567188625047888e-07,4.183567483265592e-07,1.7473313147493037e-07,1.7473313147493043e-07,0.9994039320276468,-6.70141359393099e-07,-6.70141359393099e-07,-5.293955921554045e-23,22316.20617077568
1.059189142777261,5.827311165483514e-07,7.57410505025358e-07,0.9993999405469449,-3.6971486461812682e-06,-3.6971486461812682e-06,8.922971414101352e-07,7.572516308659751e-07,7.572516308659751e-07,4.168536471078777e-07,1.7467938847700666e-07,1.7467938847700658e-07,0.99940221277846,-6.675066260798363e-07,-6.675066260798363e-07,7.94093387929825e-23,22214.566138494803
1.0614917278702551,5.832986638368437e-07,7.579232734069086e-07,0.9993982224465191,-3.6968799713232223e-06,-3.6968799713232223e-06,8.932043601130496e-07,7.577826495845889e-07,7.577826495845889e-07,4.153535830078414e-07,1.7462460957006482e-07,1.7462460957006493e-07,0.9994004962163393,-6.651868776955878e-07,-6.651868776955878e-07,-1.0587911841885721e-22,22113.369984975583
1.0637943129632492,5.838641602207657e-07,7.584329580040904e-07,0.9993965070553175,-3.696932277713319e-06,-3.696932277713319e-06,8.941083932153158e-07,7.583117396802187e-07,7.583117396802187e-07,4.138565497404286e-07,1.7456879778332454e-07,1.7456879778332462e-07,0.9993987823541914,-6.632004456969574e-07,-6.632004456969574e-07,-7.940933881712188e-23,22012.616001822487
1.0660968980562433,5.844276100031193e-07,7.589395661031339e-07,0.9993947943860753,-3.697320445505306e-06,-3.697320445505306e-06,8.950092454486709e-07,7.588387121377554e-07,7.588387121377554e-07,4.1236254100934693e-07,1.7451195610001463e-07,1.7451195610001463e-07,0.9993970712047736,-6.615621810927705e-07,-6.615621810927705e-07,-1.1992835905222785e-32,21912.302488168236
1.0683994831492374,5.849890174761716e-07,7.594431049303905e-07,0.9993930844513785,-3.698055784124878e-06,-3.698055784124878e-06,8.959069214824433e-07,7.593633699148932e-07,7.593633699148932e-07,4.1087155050615463e-07,1.7445408745421883e-07,1.7445408745421886e-07,0.9993953627806933,-6.602833644033161e-07,-6.602833644033161e-07,-2.646977961365137e-23,21812.427750920346
1.0707020682422312,5.85548386921493e-07,7.599435816488868e-07,0.9993913772636653,-3.6991459788023774e-06,-3.6991459788023774e-06,8.968014259192933e-07,7.598855099951364e-07,7.598855099951364e-07,4.0938357190818334e-07,1.743951947273937e-07,1.743951947273938e-07,0.9993936570944103,-6.593716522068303e-07,-6.593716522068303e-07,-7.940933881700683e-23,21712.990105031793
1.0730046533352253,5.861057226099925e-07,7.604410033545116e-07,0.9993896728352255,-3.7005950733370395e-06,-3.7005950733370395e-06,8.976927632905022e-07,7.604049254654013e-07,7.604049254654013e-07,4.078985988762122e-07,1.7433528074451908e-07,1.7433528074451913e-07,0.9993919541582356,-6.588310599189931e-07,-6.588310599189931e-07,-5.29395592152717e-23,21613.98787379926
1.0753072384282194,5.866610288019522e-07,7.609353770717872e-07,0.9993879711782019,-3.702403488376347e-06,-3.702403488376347e-06,8.985809380507528e-07,7.609214075975225e-07,7.609214075975225e-07,4.064166250518883e-07,1.7427434826983509e-07,1.7427434826983503e-07,0.9993902539843331,-6.586619800891984e-07,-6.586619800891984e-07,5.293955919155406e-23,21515.419389192644
1.0776098235212135,5.872143097470603e-07,7.614267097491711e-07,0.9993862723045907,-3.7045680741734208e-06,-3.7045680741734208e-06,8.994659545723361e-07,7.614347479134445e-07,7.614347479134445e-07,4.0493764405483496e-07,1.7421240000211085e-07,1.7421240000211085e-07,0.9993885565847199,-6.588612351767362e-07,-6.588612351767362e-07,-1.180154664156548e-32,21417.282992220025
1.0799124086142076,5.877655696844429e-07,7.619150082538258e-07,0.9993845762262419,-3.707082196477435e-06,-3.707082196477435e-06,9.00347817138708e-07,7.619447402145033e-07,7.619447402145033e-07,4.0346164947942286e-07,1.7414943856938289e-07,1.7414943856938289e-07,0.9993868619712667,-6.594221634621319e-07,-6.594221634621319e-07,-1.176343089333361e-32,21319.577033332665
1.0822149937072016,5.883148128426928e-07,7.624002793657838e-07,0.9993828829548604,-3.7099358539222387e-06,-3.7099358539222387e-06,9.012265299373055e-07,7.624511825560128e-07,7.624511825560128e-07,4.0198863489113386e-07,1.7408546652309098e-07,1.7408546652309098e-07,0.9993851701556985,-6.603347364591034e-07,-6.603347364591034e-07,-1.1725364197766164e-32,21222.299872876443
1.0845175788001955,5.888620434398975e-07,7.628825297714239e-07,0.999381192502006,-3.7131158250296214e-06,-3.7131158250296214e-06,9.021020970515231e-07,7.629538791493255e-07,7.629538791493255e-07,4.005185938224957e-07,1.7402048633152643e-07,1.740204863315264e-07,0.9993834811495953,-6.615857059439258e-07,-6.615857059439258e-07,2.6469779590009542e-23,21125.449881595367
1.0868201638931896,5.894072656836643e-07,7.633617660561612e-07,0.9993795048790939,-3.716605842698652e-06,-3.716605842698652e-06,9.029745224517271e-07,7.634526421746538e-07,7.634526421746538e-07,3.9905151976846267e-07,1.7395450037249694e-07,1.7395450037249688e-07,0.9993817949643921,-6.631587784740073e-07,-6.631587784740073e-07,5.2939559191744393e-23,21029.02544119577
1.0891227489861837,5.899504837711432e-07,7.638379946962343e-07,0.999377820097396,-3.7203867938644956e-06,-3.7203867938644956e-06,9.038438099851693e-07,7.639472934891372e-07,7.639472934891372e-07,3.975874061812302e-07,1.7388751092509105e-07,1.738875109250911e-07,0.9993801116113801,-6.650348150795586e-07,-6.650348150795586e-07,-5.293955921500523e-23,20933.02494497972
1.0914253340791777,5.904917018890461e-07,7.643112220494569e-07,0.9993761381680402,-3.72443694181763e-06,-3.72443694181763e-06,9.047099633646365e-07,7.644376662160234e-07,7.644376662160234e-07,3.9612624646434725e-07,1.7381952016041074e-07,1.738195201604108e-07,0.9993784311017063,-6.671920536198024e-07,-6.671920536198024e-07,-5.293955921496737e-23,20837.44679855828
1.0937279191721718,5.910309242136643e-07,7.647814543447749e-07,0.9993744591020122,-3.7287321685492557e-06,-3.7287321685492557e-06,9.055729861556419e-07,7.649236062021952e-07,7.649236062021952e-07,3.946680339660168e-07,1.7375053013111074e-07,1.737505301311107e-07,0.9993767534463752,-6.69606351170156e-07,-6.69606351170156e-07,5.293955919185798e-23,20742.2894206575
1.096030504265166,5.915681549108807e-07,7.652486976704408e-07,0.9993727829101551,-3.7332462343550304e-06,-3.7332462343550304e-06,9.064328817619313e-07,7.654049733328494e-07,7.654049733328494e-07,3.932127619714791e-07,1.7368054275956024e-07,1.7368054275956013e-07,0.9993750786562481,-6.722514436732672e-07,-6.722514436732672e-07,1.0587911839528951e-22,20647.551244031598
1.0983330893581598,5.921033981361792e-07,7.657129579605818e-07,0.9993711096031703,-3.7379510518613627e-06,-3.7379510518613627e-06,9.072896534090317e-07,7.658816426936092e-07,7.658816426936092e-07,3.917604236942911e-07,1.7360955982440247e-07,1.7360955982440252e-07,0.9993734067420442,-6.750992200190356e-07,-6.750992200190356e-07,-5.29395592148541e-23,20553.230716501424
1.1006356744511538,5.926366580346482e-07,7.661742409798998e-07,0.9993694391916175,-3.742816971571556e-06,-3.742816971571556e-06,9.081433041255228e-07,7.663535055720174e-07,7.663535055720174e-07,3.903110122663424e-07,1.7353758294525168e-07,1.7353758294525157e-07,0.9993717377143404,-6.781200076519568e-07,-6.781200076519568e-07,1.0587911839536485e-22,20459.326302138932
1.102938259544148,5.931679387409794e-07,7.666325523061824e-07,0.9993677716859156,-3.7478130760122006e-06,-3.7478130760122006e-06,9.089938367216419e-07,7.668204702919013e-07,7.668204702919013e-07,3.888645207263617e-07,1.734646135652031e-07,1.7346461356520303e-07,0.9993700715835725,-6.812828667874709e-07,-6.812828667874709e-07,5.293955919200869e-23,20365.836482623337
1.105240844637142,5.936972443794591e-07,7.670878973102443e-07,0.9993661070963428,-3.7529074795580577e-06,-3.7529074795580577e-06,9.098412537647612e-07,7.672824628757465e-07,7.672824628757465e-07,3.87420942006648e-07,1.7339065293078526e-07,1.733906529307852e-07,0.9993684083600347,-6.845558903170805e-07,-6.845558903170805e-07,5.2939559192046225e-23,20272.759758799413
1.107543429730136,5.942245790639538e-07,7.675402811328383e-07,0.9993644454330367,-3.7580676310467868e-06,-3.7580676310467868e-06,9.106855575511767e-07,7.67739427531787e-07,7.67739427531787e-07,3.859802689177046e-07,1.7331570206888455e-07,1.7331570206888452e-07,0.9993667480538801,-6.879065065154334e-07,-6.879065065154334e-07,2.646977959038682e-23,20180.094652474756
1.1098460148231302,5.947499468978854e-07,7.67989708657976e-07,0.9993627867059953,-3.763260616351068e-06,-3.763260616351068e-06,9.115267500735281e-07,7.681913269640452e-07,7.681913269640452e-07,3.845424941303606e-07,1.7323976176009054e-07,1.7323976176009054e-07,0.9993650906751212,-6.913017817191641e-07,-6.913017817191641e-07,-1.1272636020735461e-32,20087.839708501295
1.1121485999161242,5.952733519741973e-07,7.684361844819721e-07,0.9993611309250766,-3.76845345815557e-06,-3.76845345815557e-06,9.123648329830193e-07,7.68638142505075e-07,7.68638142505075e-07,3.8310761015489083e-07,1.7316283250777478e-07,1.731628325077748e-07,0.9993634362336301,-6.947087202276814e-07,-6.947087202276814e-07,-2.6469779612932155e-23,19995.993497196007
1.114451185009118,5.95794798375308e-07,7.688797128773769e-07,0.9993594780999989,-3.7736134102913445e-06,-3.7736134102913445e-06,9.131998075454226e-07,7.690798740725038e-07,7.690798740725038e-07,3.8167560931652183e-07,1.7308491450206888e-07,1.7308491450206893e-07,0.9993617847391375,-6.980945587818369e-07,-6.980945587818369e-07,-5.293955921459173e-23,19904.55461716868
1.1167537701021122,5.963142901730511e-07,7.693202977507568e-07,0.9993578282403408,-3.7787082441047337e-06,-3.7787082441047337e-06,9.140316745896084e-07,7.695165399518363e-07,7.695165399518363e-07,3.802464837265765e-07,1.730060075777056e-07,1.7300600757770565e-07,0.9993601362012341,-7.014270531017066e-07,-7.014270531017066e-07,-5.293955921455448e-23,19813.52169864047
1.1190563551951063,5.968318314285975e-07,7.697579425930388e-07,0.9993561813555417,-3.7837065244809345e-06,-3.7837065244809345e-06,9.148604344470416e-07,7.699481764090543e-07,7.699481764090543e-07,3.788202252482882e-07,1.7292611116444134e-07,1.729261111644413e-07,0.9993584906293695,-7.046747541087793e-07,-7.046747541087793e-07,2.6469779590573374e-23,19722.893407358188
1.1213589402881003,5.973474261923582e-07,7.701926504208052e-07,0.9993545374549012,-3.7885778733058557e-06,-3.7885778733058557e-06,9.156860868802869e-07,7.70374837137664e-07,7.70374837137664e-07,3.7739682545612227e-07,1.72845224228447e-07,1.72845224228447e-07,0.9993568480328525,-7.078072716226349e-07,-7.078072716226349e-07,-1.1086379377317015e-32,19632.668449234745
1.1236615253810944,5.978610785038626e-07,7.706244237065135e-07,0.9993528965475791,-3.7932932183214832e-06,-3.7932932183214832e-06,9.16508630998073e-07,7.707965925455376e-07,7.707965925455376e-07,3.7597627558708483e-07,1.727633452026509e-07,1.7276334520265092e-07,0.9993552084208502,-7.107955234954291e-07,-7.107955234954291e-07,-2.646977961274619e-23,19542.84557588159
1.1259641104740885,5.983727923916074e-07,7.7105326429507e-07,0.9993512586425949,-3.7978250255242807e-06,-3.7978250255242807e-06,9.173280651537954e-07,7.712135288876062e-07,7.712135288876062e-07,3.745585664820944e-07,1.7268047190346252e-07,1.7268047190346254e-07,0.9993535718023878,-7.136119683440009e-07,-7.136119683440009e-07,-2.646977961270918e-23,19453.42359124346
1.1282666955670824,5.988825718728693e-07,7.7147917330346e-07,0.9993496237488276,-3.802147513448564e-06,-3.802147513448564e-06,9.181443868234698e-07,7.716257472506363e-07,7.716257472506363e-07,3.7314368851497036e-07,1.7259660143059074e-07,1.7259660143059068e-07,0.9993519381863475,-7.162308202347239e-07,-7.162308202347239e-07,5.293955919241843e-23,19364.401359604686
1.1305692806600764,5.993904209534742e-07,7.719021509992028e-07,0.9993479918750147,-3.8062368478899233e-06,-3.8062368478899233e-06,9.18957592458007e-07,7.720333623963802e-07,7.720333623963802e-07,3.717316315058014e-07,1.7251173004572864e-07,1.7251173004572859e-07,0.9993503075814677,-7.186282438931122e-07,-7.186282438931122e-07,5.293955919245532e-23,19275.777815316298
1.1328718657530705,5.99896343627512e-07,7.723221966521154e-07,0.9993463630297512,-3.8100713158321586e-06,-3.8100713158321586e-06,9.197676773031377e-07,7.72436501468819e-07,7.72436501468819e-07,3.7032238461456366e-07,1.724258530246034e-07,1.7242585302460335e-07,0.9993486799963411,-7.207825292236972e-07,-7.207825292236972e-07,5.293955919249214e-23,19187.55197469783
1.1351744508460646,6.004003438769837e-07,7.727393083521315e-07,0.9993447372214884,-3.813631477560444e-06,-3.813631477560444e-06,9.205746351782053e-07,7.728353025701548e-07,7.728353025701548e-07,3.68915936209402e-07,1.7233896447514776e-07,1.723389644751478e-07,0.9993470554394135,-7.226742441519179e-07,-7.226742441519179e-07,-5.293955921425864e-23,19099.722950712727
1.1374770359390587,6.00902425671364e-07,7.731534827835743e-07,0.9993431144585325,-3.816900296161411e-06,-3.816900296161411e-06,9.213784582022155e-07,7.732299132083705e-07,7.732299132083705e-07,3.675122737022564e-07,1.7225105711221034e-07,1.722510571122103e-07,0.9993454339189809,-7.242863650271135e-07,-7.242863650271135e-07,2.6469779590868717e-23,19012.28997121289
1.1397796210320528,6.014025929670567e-07,7.73564714943005e-07,0.999341494749042,-3.819863243825691e-06,-3.819863243825691e-06,9.221791364515663e-07,7.736204886162633e-07,7.736204886162633e-07,3.661113833418597e-07,1.7216212197594834e-07,1.7216212197594823e-07,0.9993438154431868,-7.256043840536715e-07,-7.256043840536715e-07,1.0587911839599601e-22,18925.25240182281
1.1420822061250466,6.019008497067127e-07,7.739729977831729e-07,0.999339878101025,-3.822508384588151e-06,-3.822508384588151e-06,9.229766575283312e-07,7.740071899375154e-07,7.740071899375154e-07,3.647132499505665e-07,1.7207214807646014e-07,1.7207214807646017e-07,0.9993422000200183,-7.266163934554594e-07,-7.266163934554594e-07,-2.646977961245185e-23,18838.609774918088
1.1443847912180407,6.023971998183722e-07,7.7437832175908e-07,0.9993382645223359,-3.824826433343048e-06,-3.824826433343048e-06,9.237710060101026e-07,7.743901822689209e-07,7.743901822689209e-07,3.633178565862676e-07,1.7198112194070785e-07,1.7198112194070783e-07,0.9993405876573012,-7.273131463067283e-07,-7.273131463067283e-07,2.646977959097843e-23,18752.361826702152
1.1466873763110348,6.028916472143749e-07,7.747806742427896e-07,0.9993366540206711,-3.826810791183109e-06,-3.826810791183109e-06,9.245621627410713e-07,7.74769632538462e-07,7.74769632538462e-07,3.619251841031617e-07,1.7188902702841473e-07,1.7188902702841468e-07,0.9993389783626938,-7.27688094211951e-07,-7.27688094211951e-07,5.2939559192711754e-23,18666.508545176992
1.1489899614040289,6.03384195789968e-07,7.751800387599366e-07,0.9993350466035625,-3.828457557293384e-06,-3.828457557293384e-06,9.253501039075095e-07,7.751457071850027e-07,7.751457071850027e-07,3.6053521057416484e-07,1.7179584296996858e-07,1.717958429699686e-07,0.9993373721436788,-7.277374022536379e-07,-7.277374022536379e-07,-2.646977961234252e-23,18581.05023296288
1.151292546497023,6.038748494215053e-07,7.75576393980526e-07,0.9993334422783711,-3.8297655178249215e-06,-3.8297655178249215e-06,9.261347998162347e-07,7.755185695846103e-07,7.755185695846103e-07,3.5914791052124044e-07,1.7170154455902078e-07,1.7170154455902075e-07,0.999335769007553,-7.274599419028173e-07,-7.274599419028173e-07,2.6469779591087558e-23,18495.987590649405
1.153595131590017,6.043636119640958e-07,7.759697123659205e-07,0.9993318410522763,-3.8307361123267135e-06,-3.8307361123267135e-06,9.269162132576025e-07,7.758883771371799e-07,7.758883771371799e-07,3.5776325387494304e-07,1.7160610040182473e-07,1.7160610040182467e-07,0.9993341689614135,-7.268572628630317e-07,-7.268572628630317e-07,5.293955919282069e-23,18411.321828968874
1.1558977166830111,6.048504872484929e-07,7.7635995832718e-07,0.999330242932264,-3.831373378477837e-06,-3.831373378477837e-06,9.276942972781671e-07,7.762552778794313e-07,7.762552778794313e-07,3.5638120454600204e-07,1.7150947107868718e-07,1.7150947107868716e-07,0.999332572012139,-7.259335451691166e-07,-7.259335451691166e-07,2.6469779591159972e-23,18327.054822094764
1.158200301776005,6.053354790769197e-07,7.767470856767543e-07,0.9993286479251091,-3.831683875978378e-06,-3.831683875978378e-06,9.284689920998811e-07,7.766194064159476e-07,7.766194064159476e-07,3.5500171843113074e-07,1.714116065998346e-07,1.7141160659983456e-07,0.9993309781663662,-7.246955332713612e-07,-7.246955332713612e-07,2.6469779591196077e-23,18243.189320635167
1.160502886868999,6.058185912173812e-07,7.771310340399867e-07,0.9993270560373535,-3.831676590569407e-06,-3.831676590569407e-06,9.292402207833086e-07,7.76980878842677e-07,7.76980878842677e-07,3.5362474057851466e-07,1.7131244282260537e-07,1.7131244282260545e-07,0.9993293874304556,-7.231524544094602e-07,-7.231524544094602e-07,-7.940933881555544e-23,18159.729252831134
1.1628054719619931,6.062998273957758e-07,7.775117237090942e-07,0.9993254672752746,-3.831362819213584e-06,-3.831362819213584e-06,9.300078830105798e-07,7.773397861511203e-07,7.773397861511203e-07,3.522502010824849e-07,1.712118963133185e-07,1.7121189631331844e-07,0.9993277998104457,-7.21315924377207e-07,-7.21315924377207e-07,5.293955919296497e-23,18076.6801584296
1.1651080570549872,6.067791912847502e-07,7.778890481263086e-07,0.9993238816448425,-3.830756037492419e-06,-3.830756037492419e-06,9.307718460067238e-07,7.776961853019804e-07,7.776961853019804e-07,3.5087800902224473e-07,1.7110985684155832e-07,1.7110985684155837e-07,0.999326215311987,-7.191998449871844e-07,-7.191998449871844e-07,-5.293955921378667e-23,17994.049825453512
1.1674106421479813,6.072566864876319e-07,7.782628627146472e-07,0.9993222991516597,-3.8298717502310585e-06,-3.8298717502310585e-06,9.315319310529279e-07,7.780500866836831e-07,7.780500866836831e-07,3.49508043348139e-07,1.710061762270153e-07,1.710061762270153e-07,0.9993246339402478,-7.168202993724697e-07,-7.168202993724697e-07,-1.0357073718353821e-32,17911.849241208107
1.1697132272409754,6.077323165147855e-07,7.786329680722883e-07,0.9993207198008733,-3.828727326224336e-06,-3.828727326224336e-06,9.322878931968936e-07,7.784014359610701e-07,7.784014359610701e-07,3.481401389806366e-07,1.7090065155750288e-07,1.7090065155750285e-07,0.9993230556997775,-7.14195453935183e-07,-7.14195453935183e-07,2.6469779591375566e-23,17830.094031403212
1.1720158123339692,6.082060847481663e-07,7.789990846618695e-07,0.9993191435970483,-3.8273418176598185e-06,-3.8273418176598185e-06,9.330393906947451e-07,7.787500874236783e-07,7.787500874236783e-07,3.467740655225898e-07,1.7079299991370305e-07,1.7079299991370316e-07,0.9993214805943023,-7.113454790123406e-07,-7.113454790123406e-07,-1.0587911841707316e-22,17748.80664220451
1.1743183974269633,6.08677994387534e-07,7.79360815742882e-07,0.9993175705439806,-3.8257357643886155e-06,-3.8257357643886155e-06,9.337859402445659e-07,7.790957655453307e-07,7.790957655453307e-07,3.454094953676022e-07,1.7068282135534806e-07,1.7068282135534806e-07,0.9993199086264278,-7.082925014170874e-07,-7.082925014170874e-07,-1.025001733382324e-32,17668.019563990114
1.1766209825199574,6.091480483693491e-07,7.797175986092365e-07,0.9993160006444276,-3.823930982555205e-06,-3.823930982555205e-06,9.345268580291405e-07,7.794380147695713e-07,7.794380147695713e-07,3.440459601059513e-07,1.7056955023988744e-07,1.7056955023988744e-07,0.9993183397972234,-7.050605881182594e-07,-7.050605881182594e-07,-1.0214478766501451e-32,17587.779631665602
1.1789235676129515,6.096162492506731e-07,7.800686626046134e-07,0.999314433899748,-3.8219503366590825e-06,-3.8219503366590825e-06,9.35261208673618e-07,7.797761559714046e-07,7.797761559714046e-07,3.4268280838033946e-07,1.7045241335394038e-07,1.704524133539403e-07,0.9993167741057357,-7.01675686240629e-07,-7.01675686240629e-07,7.940933879491164e-23,17508.151883152706
1.1812261527059456,6.100825990711429e-07,7.804130731808058e-07,0.9993128703095279,-3.819817495381597e-06,-3.819817495381597e-06,9.359878572836442e-07,7.801093290168508e-07,7.801093290168508e-07,3.413192287179345e-07,1.7033047410966283e-07,1.703304741096629e-07,0.9993152115487474,-6.981652026583734e-07,-6.981652026583734e-07,-7.940933881523429e-23,17429.216203182667
1.1835287377989396,6.105470992788133e-07,7.807500450967517e-07,0.9993113098715372,-3.817556678423678e-06,-3.817556678423678e-06,9.36705844816388e-07,7.804368052288779e-07,7.804368052288779e-07,3.3995449435066287e-07,1.702029458179383e-07,1.702029458179384e-07,0.9993136521216724,-6.945564980366711e-07,-6.945564980366711e-07,-7.940933881519899e-23,17351.040733167476
1.1858313228919337,6.11009750920819e-07,7.810795909262638e-07,0.9993097525826713,-3.815192419404096e-06,-3.815192419404096e-06,9.374151676154234e-07,7.807586374381608e-07,7.807586374381608e-07,3.3858851046656625e-07,1.7006984000544474e-07,1.7006984000544477e-07,0.9993120958214441,-6.908740556990407e-07,-6.908740556990407e-07,-2.646977961176999e-23,17273.625431207412
1.1881339079849276,6.114705552024019e-07,7.814028537270689e-07,0.9993081984410146,-3.8127493834455025e-06,-3.8127493834455025e-06,9.381171804567315e-07,7.810759970917525e-07,7.810759970917525e-07,3.3722214193098136e-07,1.6993229852466686e-07,1.6993229852466694e-07,0.9993105426495758,-6.871379685372271e-07,-6.871379685372271e-07,-7.940933881512861e-23,17196.871569135947
1.1904364930779217,6.119295140343486e-07,7.817214302095959e-07,0.9993066474475245,-3.8102522499686814e-06,-3.8102522499686814e-06,9.388137876623315e-07,7.81390501592812e-07,7.81390501592812e-07,3.3585669023371725e-07,1.6979191617524725e-07,1.6979191617524725e-07,0.9993089926118152,-6.833665291302979e-07,-6.833665291302979e-07,-1.0002887868706112e-32,17120.63926001259
1.1927390781709157,6.123866301138442e-07,7.820365220604946e-07,0.9993050996059533,-3.8077256175318127e-06,-3.8077256175318127e-06,9.395064243967255e-07,7.817033659374534e-07,7.817033659374534e-07,3.3449316751351936e-07,1.6964989194665023e-07,1.6964989194665034e-07,0.9993074457155194,-6.795795292898343e-07,-6.795795292898343e-07,-1.0587911841675543e-22,17044.821944139167
1.1950416632639098,6.128419066673101e-07,7.823487704506716e-07,0.999303554921752,-3.805193886354006e-06,-3.805193886354006e-06,9.401958559268432e-07,7.820152349243179e-07,7.820152349243179e-07,3.33132124133796e-07,1.6950686378336163e-07,1.6950686378336152e-07,0.9993059019680633,-6.757988045513196e-07,-6.757988045513196e-07,1.0587911839685457e-22,16969.361919109757
1.197344248356904,6.132953471898322e-07,7.826584613473474e-07,0.999302013401126,-3.802681112708702e-06,-3.802681112708702e-06,9.408824223917015e-07,7.823263863752499e-07,7.823263863752499e-07,3.3177380599181083e-07,1.6936311415751522e-07,1.6936311415751514e-07,0.99930436137651,-6.720472673193125e-07,-6.720472673193125e-07,7.940933879519254e-23,16894.232864599697
1.199646833449898,6.137469552925346e-07,7.829657129352747e-07,0.9993004750505238,-3.800210848743787e-06,-3.800210848743787e-06,9.415662629766861e-07,7.826369175294372e-07,7.826369175294372e-07,3.304183108962254e-07,1.692187576427401e-07,1.692187576427401e-07,0.9993028239476626,-6.68347997002688e-07,-6.68347997002688e-07,-9.863342539314058e-33,16819.423448126345
1.2019494185428918,6.141967346308049e-07,7.832705737954377e-07,0.9992989398764124,-3.797805979846347e-06,-3.797805979846347e-06,9.422474334626439e-07,7.829468429718238e-07,7.829468429718238e-07,3.290656735832758e-07,1.690738391646329e-07,1.6907383916463279e-07,0.9993012896881338,-6.647236846645961e-07,-6.647236846645961e-07,1.058791183969589e-22,16744.928620110673
1.204252003635886,6.146446888738013e-07,7.835730653755733e-07,0.9992974078851883,-3.7954885663888836e-06,-3.7954885663888836e-06,9.429259571058426e-07,7.832561372779222e-07,7.832561372779222e-07,3.2771590357542695e-07,1.6892837650177208e-07,1.6892837650177194e-07,0.9992997586043844,-6.611963048865905e-07,-6.611963048865905e-07,1.3234889799869042e-22,16670.7458063728
1.20655458872888,6.150908216921776e-07,7.838731989077333e-07,0.9992958790831431,-3.7932796932520445e-06,-3.7932796932520445e-06,9.436018449148993e-07,7.835647523346359e-07,7.835647523346359e-07,3.2636900067054633e-07,1.6878237721555572e-07,1.687823772155557e-07,0.9992982307027398,-6.577868976211111e-07,-6.577868976211111e-07,2.6469779591937435e-23,16596.87337517141
1.208857173821874,6.15535136753263e-07,7.841709818688661e-07,0.9992943534764518,-3.7911993290762357e-06,-3.7911993290762357e-06,9.442751033974845e-07,7.838726243434812e-07,7.838726243434812e-07,3.2502496101314074e-07,1.686358451156032e-07,1.6863584511560313e-07,0.9992967059893973,-6.545154016007714e-07,-6.545154016007714e-07,7.940933879536569e-23,16523.310045470094
1.2111597589148682,6.15977637719238e-07,7.844664203812728e-07,0.9992928310711691,-3.7892661963814203e-06,-3.7892661963814203e-06,9.449457374398661e-07,7.841796768636894e-07,7.841796768636894e-07,3.2368377940946017e-07,1.684887826620348e-07,1.6848878266203483e-07,0.9992951844704302,-6.514005148563289e-07,-6.514005148563289e-07,-2.646977961138745e-23,16450.054664619085
1.2134623440078622,6.164183282464526e-07,7.847595200858141e-07,0.9992913118732281,-3.7874976534230138e-06,-3.7874976534230138e-06,9.45613751354804e-07,7.844858224085581e-07,7.844858224085581e-07,3.223454501915621e-07,1.6834119183936144e-07,1.6834119183936144e-07,0.9992936661517883,-6.484595730797575e-07,-6.484595730797575e-07,-9.656226282302598e-33,16377.106126627365
1.2157649291008563,6.168572119851835e-07,7.850502864529583e-07,0.9992897958884411,-3.7859095884224205e-06,-3.7859095884224205e-06,9.462791492549909e-07,7.847909635485469e-07,7.847909635485469e-07,3.2100996753320404e-07,1.681930744677748e-07,1.681930744677748e-07,0.9992921510393005,-6.457084426105874e-07,-6.457084426105874e-07,-9.621967215031063e-33,16304.463342724323
1.2180675141938502,6.172942925795516e-07,7.8533872489144e-07,0.9992882831225003,-3.7845163266848262e-06,-3.7845163266848262e-06,9.469419351835643e-07,7.850949938719612e-07,7.850949938719612e-07,3.1967732556307357e-07,1.680444323118885e-07,1.6804443231188838e-07,0.999290639138675,-6.431614271190661e-07,-6.431614271190661e-07,1.0587911839719976e-22,16232.1252309751
1.2203700992868443,6.177295736675e-07,7.856248407854558e-07,0.9992867735809777,-3.7833305509875696e-06,-3.7833305509875696e-06,9.476021131588094e-07,7.853977989261032e-07,7.853977989261032e-07,3.1834751840454266e-07,1.6789526711795577e-07,1.678952671179558e-07,0.9992891304555,-6.408311878457463e-07,-6.408311878457463e-07,-2.6469779611250563e-23,16160.090712702344
1.2226726843798383,6.1816305888079e-07,7.859086395071458e-07,0.9992852672693271,-3.7823632355115864e-06,-3.7823632355115864e-06,9.48259687189177e-07,7.856992571778102e-07,7.856992571778102e-07,3.1702054018933237e-07,1.6774558062635583e-07,1.6774558062635583e-07,0.9992876249952456,-6.387286774830032e-07,-6.387286774830032e-07,-9.519641841609572e-33,16088.358711291341
1.2249752694728324,6.18594751845007e-07,7.861901264206953e-07,0.9992837641928838,-3.781623593478105e-06,-3.781623593478105e-06,9.489146612782269e-07,7.859992410018785e-07,7.859992410018785e-07,3.156963850620867e-07,1.6759537457568832e-07,1.6759537457568832e-07,0.999286122763263,-6.368630877953239e-07,-6.368630877953239e-07,-9.485684874064234e-33,16016.928151812095
1.2272778545658265,6.190246561795675e-07,7.864693068836571e-07,0.9992822643568665,-3.781119038544352e-06,-3.781119038544352e-06,9.495670394262332e-07,7.862976176951126e-07,7.862976176951126e-07,3.143750471818576e-07,1.6744465070408963e-07,1.6744465070408963e-07,0.9992846237647872,-6.352418110097235e-07,-6.352418110097235e-07,-9.451804078180479e-33,15945.797960916112
1.2295804396588206,6.194527754977274e-07,7.867461862473715e-07,0.9992807677663771,-3.7808551599115436e-06,-3.7808551599115436e-06,9.50216825630702e-07,7.865942505100188e-07,7.865942505100188e-07,3.130565207225493e-07,1.6729341074964408e-07,1.6729341074964406e-07,0.9992831280049358,-6.338704149220576e-07,-6.338704149220576e-07,2.6469779592278887e-23,15874.967066822905
1.2318830247518144,6.198791134065902e-07,7.870207698570988e-07,0.9992792744264024,-3.7808357109950143e-06,-3.7808357109950143e-06,9.50864023886545e-07,7.868889997009356e-07,7.868889997009356e-07,3.117407998730355e-07,1.6714165645050863e-07,1.6714165645050853e-07,0.999281635488712,-6.327526315666192e-07,-6.327526315666192e-07,1.0587911839740328e-22,15804.434399335203
1.2341856098448085,6.203036735071154e-07,7.872930630520633e-07,0.9992777843418142,-3.7810626114157844e-06,-3.7810626114157844e-06,9.515086381861451e-07,7.871817235750843e-07,7.871817235750843e-07,3.1042787883716166e-07,1.6698938954494775e-07,1.6698938954494785e-07,0.9992801462210034,-6.318903592075312e-07,-6.318903592075312e-07,-1.0587911841613818e-22,15734.1988898627
1.2364881949378026,6.207264593941275e-07,7.87563071165469e-07,0.9992762975173709,-3.781535961976586e-06,-3.781535961976586e-06,9.521506725193886e-07,7.874722795410277e-07,7.874722795410277e-07,3.091177518337194e-07,1.668366117713416e-07,1.6683661177134152e-07,0.9992786602065844,-6.312836773147098e-07,-6.312836773147098e-07,7.940933879577361e-23,15664.259471448326
1.2387907800307967,6.211474746563238e-07,7.878307995245081e-07,0.9992748139577173,-3.7822540722072038e-06,-3.7822540722072038e-06,9.527901308736876e-07,7.877605251471881e-07,7.877605251471881e-07,3.0781041309640534e-07,1.666833248681843e-07,1.666833248681843e-07,0.9992771774501159,-6.309308741091713e-07,-6.309308741091713e-07,-9.283551155646218e-33,15594.615078794799
1.2410933651237908,6.215667228762836e-07,7.880962534503655e-07,0.9992733336673864,-3.783213499977632e-06,-3.783213499977632e-06,9.534270172339995e-07,7.880463191033091e-07,7.880463191033091e-07,3.0650585687378083e-07,1.6652953057408186e-07,1.6652953057408186e-07,0.9992756979561467,-6.308284861761699e-07,-6.308284861761699e-07,-9.250132404541063e-33,15525.264648290853
1.2433959502167848,6.219842076304764e-07,7.883594382582234e-07,0.9992718566507993,-3.7844091026113485e-06,-3.7844091026113485e-06,9.540613355828446e-07,7.883295222780312e-07,7.883295222780312e-07,3.0520407742923e-07,1.6637523062774707e-07,1.6637523062774696e-07,0.9992742217291141,-6.30971349578455e-07,-6.30971349578455e-07,1.0587911839757076e-22,15456.207118037337
1.2456985353097787,6.223999324892705e-07,7.886203592572649e-07,0.9992703829122672,-3.7858340988587225e-06,-3.7858340988587225e-06,9.546930899003234e-07,7.886099986660882e-07,7.886099986660882e-07,3.039050690409171e-07,1.6622042676799432e-07,1.6622042676799437e-07,0.999272748773345,-6.31352661829663e-07,-6.31352661829663e-07,-5.29395592125773e-23,15387.441427872664
1.2480011204027728,6.228139010169418e-07,7.888790217506772e-07,0.9992689124559907,-3.7874801410355305e-06,-3.7874801410355305e-06,9.553222841641325e-07,7.888876163189952e-07,7.888876163189952e-07,3.0260882600174236e-07,1.660651207337353e-07,1.660651207337354e-07,0.9992712790930559,-6.319640540328216e-07,-6.319640540328216e-07,-7.9409338814241e-23,15318.96651939783
1.2503037054957669,6.232261167716818e-07,7.891354310356546e-07,0.9992674452860618,-3.7893373965755678e-06,-3.7893373965755678e-06,9.559489223495815e-07,7.89162248233508e-07,7.89162248233508e-07,3.01315342619302e-07,1.6590931426397285e-07,1.6590931426397272e-07,0.9992698126923549,-6.327956724329495e-07,-6.327956724329495e-07,1.3234889799936718e-22,15250.781336001171
1.252606290588761,6.236365833056068e-07,7.893895924034007e-07,0.999265981406464,-3.7913946382025748e-06,-3.7913946382025748e-06,9.565730084296081e-07,7.894337731925629e-07,7.894337731925629e-07,3.0002461321584286e-07,1.657530090977938e-07,1.6575300909779384e-07,0.9992683495752412,-6.338362685889721e-07,-6.338362685889721e-07,-5.293955921247798e-23,15182.884822882479
1.254908875681755,6.24045304164766e-07,7.896415111391309e-07,0.9992645208210738,-3.79363934188798e-06,-3.79363934188798e-06,9.571945463747926e-07,7.89702076553862e-07,7.89702076553862e-07,2.9873663212822093e-07,1.6559620697436503e-07,1.6559620697436492e-07,0.9992668897456072,-6.350732973314564e-07,-6.350732973314564e-07,1.0587911839773628e-22,15115.275927076807
1.257211460774749,6.244522828891501e-07,7.898911925220746e-07,0.9992630635336605,-3.796057791728813e-06,-3.796057791728813e-06,9.578135401533735e-07,7.899670509817542e-07,7.899670509817542e-07,2.9745139370785954e-07,1.6543890963292437e-07,1.6543890963292445e-07,0.999265433207238,-6.364930216405146e-07,-6.364930216405146e-07,-7.940933881410905e-23,15047.95359747775
1.2595140458677432,6.248575230127003e-07,7.901386418254758e-07,0.9992616095478876,-3.7986351908578855e-06,-3.7986351908578855e-06,9.584299937312603e-07,7.902285971185498e-07,7.902285971185498e-07,2.961688923207048e-07,1.6528111881277545e-07,1.6528111881277548e-07,0.999263979963813,-6.380806235559823e-07,-6.380806235559823e-07,-2.646977961068249e-23,14980.916784860397
1.261816630960737,6.252610280633165e-07,7.903838643165956e-07,0.9992601588673138,-3.8013557774791214e-06,-3.8013557774791214e-06,9.590439110720488e-07,7.904866241919233e-07,7.904866241919233e-07,2.9488912234718436e-07,1.6512283625327913e-07,1.651228362532791e-07,0.9992625300189067,-6.398203202127389e-07,-6.398203202127389e-07,2.6469779592743994e-23,14914.164441903846
1.2641192160537311,6.256628015628659e-07,7.906268652567121e-07,0.9992587114953932,-3.8042029451135477e-06,-3.8042029451135477e-06,9.596552961370323e-07,7.907410505555655e-07,7.907410505555655e-07,2.9361207818216424e-07,1.6496406369384626e-07,1.6496406369384618e-07,0.9992610833759891,-6.416954840866992e-07,-6.416954840866992e-07,7.94093387961704e-23,14847.695523213202
1.2664218011467252,6.260628470271919e-07,7.908676499011216e-07,0.9992572674354764,-3.807159366135224e-06,-3.807159366135224e-06,9.602641528852158e-07,7.909918041607871e-07,7.909918041607871e-07,2.9233775423490525e-07,1.6480480287392963e-07,1.6480480287392968e-07,0.999259640038426,-6.436887665307377e-07,-6.436887665307377e-07,-5.293955921228147e-23,14781.508985341356
1.2687243862397193,6.264611679661222e-07,7.91106223499139e-07,0.9992558266908113,-3.81020711768287e-06,-3.81020711768287e-06,9.608704852733273e-07,7.912388229572732e-07,7.912388229572732e-07,2.9106614492902326e-07,1.6464505553301675e-07,1.646450555330168e-07,0.9992582000094817,-6.457822236863142e-07,-6.457822236863142e-07,-5.2939559212249e-23,14715.603786810165
1.2710269713327134,6.268577678834777e-07,7.913425912940976e-07,0.9992543892645435,-3.813327809039602e-06,-3.813327809039602e-06,9.614742972558305e-07,7.914820552217382e-07,7.914820552217382e-07,2.897972447024437e-07,1.6448482341061995e-07,1.6448482341061995e-07,0.9992567632923174,-6.479574438632116e-07,-6.479574438632116e-07,-8.822839794437295e-33,14649.978888131349
1.2733295564257074,6.272526502770815e-07,7.915767585233492e-07,0.9992529551597177,-3.816502709590914e-06,-3.816502709590914e-06,9.620755927849353e-07,7.917214598137195e-07,7.917214598137195e-07,2.8853104800736023e-07,1.6432410824626774e-07,1.643241082462677e-07,0.9992553298899932,-6.501956754975173e-07,-6.501956754975173e-07,5.293955919460325e-23,14584.633251826963
1.2756321415187013,6.276458186387668e-07,7.918087304182633e-07,0.9992515243792778,-3.81971287649107e-06,-3.81971287649107e-06,9.626743758106095e-07,7.919570063582752e-07,7.919570063582752e-07,2.8726754931019136e-07,1.641629117794965e-07,1.6416291177949645e-07,0.9992538998054691,-6.524779548180165e-07,-6.524779548180165e-07,5.2939559194635474e-23,14519.56584244947
1.2779347266116954,6.28037276454386e-07,7.920385122042268e-07,0.999250096926068,-3.8229392811952385e-06,-3.8229392811952385e-06,9.632706502805886e-07,7.921886753558273e-07,7.921886753558273e-07,2.860067430915389e-07,1.6400123574984075e-07,1.6400123574984075e-07,0.9992524730416047,-6.547852323783314e-07,-6.547852323783314e-07,-8.726144243679821e-33,14454.775626601424
1.2802373117046895,6.284270272038193e-07,7.922661091006426e-07,0.9992486728028337,-3.8261629340455334e-06,-3.8261629340455334e-06,9.638644201403865e-07,7.924164582198798e-07,7.924164582198798e-07,2.8474862384614577e-07,1.6383908189682318e-07,1.6383908189682326e-07,0.999251049601161,-6.570984976429632e-07,-6.570984976429632e-07,-7.940933881378473e-23,14390.26157295477
1.2825398967976835,6.288150743609832e-07,7.924915263209285e-07,0.9992472520122218,-3.8293650061357765e-06,-3.8293650061357765e-06,9.644556893333053e-07,7.926403572437975e-07,7.926403572437975e-07,2.834931860828518e-07,1.636764519599453e-07,1.6367645195994534e-07,0.9992496294868007,-6.593989008520624e-07,-6.593989008520624e-07,-2.646977961035897e-23,14326.022652269834
1.2848424818906776,6.292014213938392e-07,7.92714769072516e-07,0.9992458345567817,-3.832526947719416e-06,-3.832526947719416e-06,9.650444618004437e-07,7.928603854982628e-07,7.928603854982628e-07,2.822404243245531e-07,1.635133476786767e-07,1.6351334767867682e-07,0.999248212701089,-6.616678714293521e-07,-6.616678714293521e-07,-1.0587911841541772e-22,14262.057837413795
1.2871450669836717,6.295860717644025e-07,7.929358425568479e-07,0.9992444204389664,-3.83563060246904e-06,-3.83563060246904e-06,9.656307414807072e-07,7.930765666614568e-07,7.930765666614568e-07,2.809903331081589e-07,1.6334977079244538e-07,1.6334977079244538e-07,0.9992467992464941,-6.638872322416487e-07,-6.638872322416487e-07,-8.598345764994353e-33,14198.366103378969
1.2894476520766656,6.299690289287509e-07,7.931547519693771e-07,0.9992430096611324,-3.838658316942686e-06,-3.838658316942686e-06,9.66214532310816e-07,7.932889347843809e-07,7.932889347843809e-07,2.797429069845489e-07,1.6318572304062618e-07,1.631857230406262e-07,0.9992453891253883,-6.660393090651777e-07,-6.660393090651777e-07,-2.646977961026348e-23,14134.94642730052
1.2917502371696596,6.30350296337033e-07,7.933715024995637e-07,0.9992416022255411,-3.841593044662636e-06,-3.841593044662636e-06,9.667958382253126e-07,7.934975339941208e-07,7.934975339941208e-07,2.784981405185306e-07,1.6302120616253066e-07,1.6302120616253071e-07,0.9992439823400486,-6.681070346643812e-07,-6.681070346643812e-07,-5.293955921192871e-23,14071.797788474007
1.2940528222626537,6.307298774334773e-07,7.93586099330873e-07,0.9992401981343595,-3.844418444263277e-06,-3.844418444263277e-06,9.673746631565712e-07,7.937024181381628e-07,7.937024181381628e-07,2.7725602828879967e-07,1.6285622189739561e-07,1.628562218973957e-07,0.9992425788926574,-6.70074046939785e-07,-6.70074046939785e-07,-7.940933881359401e-23,14008.919168372488
1.2963554073556478,6.311077756564008e-07,7.937985476407729e-07,0.9992387973896605,-3.847118971220719e-06,-3.847118971220719e-06,9.679510110348035e-07,7.939036503732047e-07,7.939036503732047e-07,2.7601656488789375e-07,1.626907719843721e-07,1.6269077198437206e-07,0.9992411787853034,-6.719247806576279e-07,-6.719247806576279e-07,2.6469779593225042e-23,13946.30955066324
1.2986579924486419,6.314839944382177e-07,7.940088526007306e-07,0.9992373999934241,-3.849679962730101e-06,-3.849679962730101e-06,9.68524885788066e-07,7.941013027021467e-07,7.941013027021467e-07,2.747797449221527e-07,1.625248581625128e-07,1.625248581625129e-07,0.9992397820199819,-6.736445523271784e-07,-6.736445523271784e-07,-1.0587911841522797e-22,13883.96792122416
1.300960577541636,6.318585372054478e-07,7.942170193762097e-07,0.9992360059475378,-3.8520877153555255e-06,-3.8520877153555255e-06,9.690962913422678e-07,7.942954554632187e-07,7.942954554632187e-07,2.7354556301167646e-07,1.6235848217076187e-07,1.6235848217076193e-07,0.9992383885985959,-6.752196378506865e-07,-6.752196378506865e-07,-5.293955921180286e-23,13821.89326815988
1.30326316263463,6.322314073787261e-07,7.944230531266675e-07,0.9992346152537975,-3.854329555132851e-06,-3.854329555132851e-06,9.696652316211756e-07,7.94486196775383e-07,7.94486196775383e-07,2.723140137902817e-07,1.621916457479414e-07,1.621916457479414e-07,0.9992369985229569,-6.766373426261807e-07,-6.766373426261807e-07,-8.377825612327077e-33,13760.084581817444
1.305565747727624,6.326026083728104e-07,7.946269590055504e-07,0.9992332279139082,-3.856393899864685e-06,-3.856393899864685e-06,9.702317105464213e-07,7.946736219443479e-07,7.946736219443479e-07,2.7108509190546145e-07,1.6202435063274012e-07,1.620243506327401e-07,0.9992356117947853,-6.778860638424834e-07,-6.778860638424834e-07,2.6469779593350235e-23,13698.540854801673
1.307868332820618,6.329721435965908e-07,7.948287421602913e-07,0.9992318439294846,-3.858270313403387e-06,-3.858270313403387e-06,9.707957320375054e-07,7.948578328336586e-07,7.948578328336586e-07,2.6985879201834077e-07,1.6185659856370052e-07,1.6185659856370052e-07,0.9992342284157111,-6.789553447622216e-07,-6.789553447622216e-07,-8.31555516409554e-33,13637.261081990317
1.310170917913612,6.333400164530985e-07,7.950284077323049e-07,0.999230463302052,-3.859949551774818e-06,-3.859949551774818e-06,9.713573000118047e-07,7.950389372054497e-07,7.950389372054497e-07,2.686351088036365e-07,1.6168839127920647e-07,1.616883912792064e-07,0.9992328483872752,-6.798359208455986e-07,-6.798359208455986e-07,5.2939559195109234e-23,13576.244260548645
1.3124735030066061,6.337062303395138e-07,7.952259608569844e-07,0.9992290860330465,-3.8614236010523114e-06,-3.8614236010523114e-06,9.719164183845754e-07,7.952170480355198e-07,7.952170480355198e-07,2.674140369496154e-07,1.6151973051747049e-07,1.615197305174706e-07,0.9992314717109291,-6.805197576243739e-07,-6.805197576243739e-07,-1.0587911841504116e-22,13515.489389943985
1.3147760880996002,6.340707886471759e-07,7.954214066636966e-07,0.9992277121238167,-3.862685706943632e-06,-3.862685706943632e-06,9.724730910689594e-07,7.953922828074361e-07,7.953922828074361e-07,2.661955711580522e-07,1.613506180165207e-07,1.613506180165207e-07,0.9992300983880367,-6.810000802888456e-07,-6.810000802888456e-07,-8.222765071243957e-33,13454.995471959699
1.3170786731925943,6.344336947615906e-07,7.956147502757776e-07,0.9992263415756232,-3.863730396108776e-06,-3.863730396108776e-06,9.730273219759869e-07,7.955647627903926e-07,7.955647627903926e-07,2.6497970614418653e-07,1.6118105551418704e-07,1.6118105551418704e-07,0.999228728419874,-6.812713950056652e-07,-6.812713950056652e-07,-8.191999521893355e-33,13394.761510708984
1.3193812582855882,6.3479495206244e-07,7.95805996810529e-07,0.9992249743896403,-3.864553489275638e-06,-3.864553489275638e-06,9.735791150145823e-07,7.957346123055333e-07,7.957346123055333e-07,2.6376643663668214e-07,1.6101104474808898e-07,1.6101104474808898e-07,0.9992273618076307,-6.813295020335216e-07,-6.813295020335216e-07,-8.161316338930697e-33,13334.786512648383
1.3216838433785822,6.351545639235909e-07,7.959951513792121e-07,0.999223610566956,-3.865152106272322e-06,-3.865152106272322e-06,9.741284740915667e-07,7.959019579854065e-07,7.959019579854065e-07,2.6255575737758527e-07,1.6084058745562115e-07,1.608405874556212e-07,0.9992259985524101,-6.811715007554741e-07,-6.811715007554741e-07,-5.293955921152449e-23,13275.069486590804
1.3239864284715763,6.355125337131032e-07,7.961822190870434e-07,0.999222250108573,-3.86552466313889e-06,-3.86552466313889e-06,9.746754031116612e-07,7.96066928031147e-07,7.96066928031147e-07,2.6134766312228306e-07,1.6066968537394031e-07,1.606696853739402e-07,0.9992246386552303,-6.807957867907168e-07,-6.807957867907168e-07,1.0587911839868734e-22,13215.609443718484
1.3262890135645704,6.358688647932395e-07,7.963672050331899e-07,0.9992208930154097,-3.865670861529006e-06,-3.865670861529006e-06,9.752199059774914e-07,7.962296514718853e-07,7.962296514718853e-07,2.6014214863946213e-07,1.6049834023995046e-07,1.6049834023995035e-07,0.9992232821170248,-6.802020413962466e-07,-6.802020413962466e-07,1.058791183987178e-22,13156.405397595454
1.3285915986575645,6.362235605204732e-07,7.965501143107635e-07,0.9992195392883001,-3.8655916706503125e-06,-3.8655916706503125e-06,9.757619865895885e-07,7.96390257430761e-07,7.96390257430761e-07,2.589392087110666e-07,1.6032655379029015e-07,1.6032655379029026e-07,0.999221928938643,-6.793912134072585e-07,-6.793912134072585e-07,-1.0587911841482696e-22,13097.45636417981
1.3308941837505586,6.365766242454978e-07,7.967309520068153e-07,0.999218188927995,-3.865289302033598e-06,-3.865289302033598e-06,9.763016488463936e-07,7.965488744017697e-07,7.965488744017697e-07,2.577388381322552e-07,1.601543277613176e-07,1.6015432776131754e-07,0.9992205791208509,-6.783654940063368e-07,-6.783654940063368e-07,5.293955919538463e-23,13038.761361835635
1.3331967688435526,6.369280593132349e-07,7.969097232023312e-07,0.9992168419351628,-3.864767177454946e-06,-3.864767177454946e-06,9.76838896644258e-07,7.967056295415109e-07,7.967056295415109e-07,2.56541031711364e-07,1.5998166388909645e-07,1.5998166388909632e-07,0.9992192326643324,-6.771282846456212e-07,-6.771282846456212e-07,1.3234889800050548e-22,12980.319411344672
1.3354993539365465,6.372778690628443e-07,7.97086432972225e-07,0.9992154983103898,-3.864029890368115e-06,-3.864029890368115e-06,9.773737338774474e-07,7.968606479797086e-07,7.968606479797086e-07,2.5534578426986144e-07,1.5980856390938066e-07,1.598085639093807e-07,0.9992178895696887,-6.756841584792149e-07,-6.756841584792149e-07,-2.646977960964573e-23,12922.129535917713
1.3378019390295406,6.376260568277315e-07,7.972610863853336e-07,0.9992141580541809,-3.863083161233688e-06,-3.863083161233688e-06,9.779061644381417e-07,7.970140521521791e-07,7.970140521521791e-07,2.5415309064230823e-07,1.5963502955760201e-07,1.5963502955760204e-07,0.99921654983744,-6.740388156923534e-07,-6.740388156923534e-07,-2.646977960961571e-23,12864.1907612056
1.3401045241225347,6.379726259355574e-07,7.974336885044103e-07,0.9992128211669608,-3.8619337871568935e-06,-3.8619337871568935e-06,9.784361922164375e-07,7.971659611596929e-07,7.971659611596929e-07,2.5296294567631584e-07,1.5946106256885305e-07,1.5946106256885294e-07,0.9992152134680262,-6.721990331392521e-07,-6.721990331392521e-07,1.0587911839889866e-22,12806.502115310164
1.3424071092155287,6.383175797082465e-07,7.976042443861195e-07,0.9992114876490737,-3.860589586269262e-06,-3.860589586269262e-06,9.78963821100349e-07,7.973164901559435e-07,7.973164901559435e-07,2.517753442325061e-07,1.5928666467787296e-07,1.5928666467787296e-07,0.9992138804618069,-6.701726087247838e-07,-6.701726087247838e-07,-7.859028324335098e-33,12749.062628794587
1.3447096943085228,6.386609214619964e-07,7.9777275908103e-07,0.9992101575007852,-3.859059337307523e-06,-3.859059337307523e-06,9.794890549758093e-07,7.974657497675882e-07,7.974657497675882e-07,2.5059028118447015e-07,1.5911183761903375e-07,1.5911183761903364e-07,0.9992125508190625,-6.679683009834031e-07,-6.679683009834031e-07,1.0587911839895829e-22,12691.871334693833
1.347012279401517,6.390026545072858e-07,7.979392376336089e-07,0.9992088307222817,-3.857352714859959e-06,-3.857352714859959e-06,9.800118977266704e-07,7.97613845549061e-07,7.97613845549061e-07,2.4940775141872677e-07,1.5893658312632306e-07,1.58936583126323e-07,0.9992112245399947,-6.65595764325524e-07,-6.65595764325524e-07,5.29395591955942e-23,12634.927268524521
1.3493148644945108,6.39342782148884e-07,7.981036850822151e-07,0.9992075073136718,-3.855480220761486e-06,-3.855480220761486e-06,9.80532353234704e-07,7.977608774745995e-07,7.977608774745995e-07,2.482277498346828e-07,1.587609029333311e-07,1.5876090293333112e-07,0.999209901624727,-6.630654804326252e-07,-6.630654804326252e-07,-2.6469779609466844e-23,12578.229468294649
1.3516174495875048,6.396813076858594e-07,7.982661064590934e-07,0.9992061872749869,-3.853453112129439e-06,-3.853453112129439e-06,9.810504253796023e-07,7.979069394696405e-07,7.979069394696405e-07,2.470502713445888e-07,1.585847987732341e-07,1.58584798773234e-07,0.9992085820733063,-6.603886862930657e-07,-6.603886862930657e-07,1.0587911839904711e-22,12521.776974513112
1.353920034680499,6.400182344115881e-07,7.984265067903668e-07,0.9992048706061817,-3.85128332653611e-06,-3.85128332653611e-06,9.815661180389762e-07,7.980521189834713e-07,7.980521189834713e-07,2.458753108735047e-07,1.5840827237877877e-07,1.5840827237877871e-07,0.9992072658857021,-6.575772993746424e-07,-6.575772993746424e-07,5.293955919568278e-23,12465.568830198821
1.356222619773493,6.403535656137634e-07,7.985848910960309e-07,0.9992035573071347,-3.8489834048184035e-06,-3.8489834048184035e-06,9.82079435088357e-07,7.981964966047286e-07,7.981964966047286e-07,2.4470286335925184e-07,1.5823132548226747e-07,1.5823132548226747e-07,0.999205953061808,-6.5464384043428e-07,-6.5464384043428e-07,-7.681633791904423e-33,12409.604080889714
1.358525204866487,6.406873045744038e-07,7.987412643899462e-07,0.9992022473776493,-3.8465664120233665e-06,-3.8465664120233665e-06,9.825903804011946e-07,7.983401457210665e-07,7.983401457210665e-07,2.4353292375237815e-07,1.5805395981554246e-07,1.5805395981554236e-07,0.9992046436014425,-6.516013544635818e-07,-6.516013544635818e-07,1.0587911839913518e-22,12353.881774651403
1.3608277899594812,6.410194545698623e-07,7.988956316798317e-07,0.9992009408174538,-3.844045856985709e-06,-3.844045856985709e-06,9.830989578488573e-07,7.984831322240154e-07,7.984831322240154e-07,2.4236548701611597e-07,1.5787617710996942e-07,1.5787617710996942e-07,0.9992033375043489,-6.484633302663817e-07,-6.484633302663817e-07,-7.623166844271524e-33,12298.40096208563
1.3631303750524753,6.413500188708353e-07,7.990479979672578e-07,0.9991996376262027,-3.841435611026893e-06,-3.841435611026893e-06,9.836051713006306e-07,7.986255142597876e-07,7.986255142597876e-07,2.412005481263378e-07,1.5769797909642252e-07,1.576979790964225e-07,0.9992020347701965,-6.452436191578621e-07,-6.452436191578621e-07,2.646977959410283e-23,12243.160696338453
1.365432960145469,6.416790007423707e-07,7.991983682476392e-07,0.9991983378034767,-3.8387498262569215e-06,-3.8387498262569215e-06,9.841090246237163e-07,7.987673420264956e-07,7.987673420264956e-07,2.400381020715229e-07,1.5751936750526863e-07,1.5751936750526852e-07,0.9992007353985815,-6.419563532663647e-07,-6.419563532663647e-07,1.058791183992225e-22,12188.160033108146
1.3677355452384632,6.420064034438777e-07,7.993467475102276e-07,0.999197041348784,-3.836002853948133e-06,-3.836002853948133e-06,9.846105216832301e-07,7.989086576179818e-07,7.989086576179818e-07,2.388781438527114e-07,1.5734034406634995e-07,1.5734034406634998e-07,0.9991994393890264,-6.386158639072229e-07,-6.386158639072229e-07,-2.6469779609232974e-23,12133.398030653005
1.3700381303314573,6.423322302291348e-07,7.994931407381045e-07,0.9991957482615602,-3.833209163436932e-06,-3.833209163436932e-06,9.851096663422018e-07,7.990494949141922e-07,7.990494949141922e-07,2.3772066848346648e-07,1.571609105089698e-07,1.5716091050896974e-07,0.9991981467409824,-6.352366004845139e-07,-6.352366004845139e-07,5.2939559195886547e-23,12078.873749798713
1.3723407154244514,6.426564843462991e-07,7.996375529081741e-07,0.9991944585411695,-3.830383261993275e-06,-3.830383261993275e-06,9.856064624615714e-07,7.991898795177654e-07,7.991898795177654e-07,2.3656567098983497e-07,1.5698106856187505e-07,1.5698106856187505e-07,0.9991968574538282,-6.318330503605784e-07,-6.318330503605784e-07,-7.478454271398996e-33,12024.586253945683
1.3746433005174454,6.429791690379145e-07,7.997799889911554e-07,0.9991931721869052,-3.827539616079807e-06,-3.827539616079807e-06,9.861009139001883e-07,7.993298287362641e-07,7.993298287362641e-07,2.3541314641030458e-07,1.568008199532409e-07,1.5680081995324085e-07,0.9991955715268721,-6.284196601151858e-07,-6.284196601151858e-07,5.2939559195944017e-23,11970.534609075912
1.3769458856104395,6.433002875409213e-07,7.999204539515752e-07,0.99919188919799,-3.824692574402706e-06,-3.824692574402706e-06,9.865930245148094e-07,7.994693516092294e-07,7.994693516092294e-07,2.3426308979576717e-07,1.566201664106539e-07,1.5662016641065386e-07,0.9991942889593518,-6.250107585964054e-07,-6.250107585964054e-07,5.2939559195972617e-23,11916.717883759935
1.3792484707034334,6.436198430866644e-07,8.0005895274776e-07,0.9991906095735769,-3.821856293134896e-06,-3.821856293134896e-06,9.87082798160095e-07,7.996084489790237e-07,7.996084489790237e-07,2.331154962094766e-07,1.5643910966109554e-07,1.5643910966109554e-07,0.9991930097504351,-6.216204821438563e-07,-6.216204821438563e-07,-7.392624402936424e-33,11863.135149163229
1.3815510557964275,6.43937838900902e-07,8.001954903318291e-07,0.9991893333127496,-3.8190446636691705e-06,-3.8190446636691705e-06,9.875702386886085e-07,7.997471136041966e-07,7.997471136041966e-07,2.3197036072701064e-07,1.562576514309271e-07,1.5625765143092706e-07,0.9991917338992206,-6.182627023418541e-07,-6.182627023418541e-07,5.293955919602959e-23,11809.785479052589
1.3838536408894215,6.442542782038148e-07,8.003300716496865e-07,0.9991880604145235,-3.816271243234745e-06,-3.816271243234745e-06,9.880553499508112e-07,7.998853303139235e-07,7.998853303139235e-07,2.308276784362305e-07,1.5607579344587178e-07,1.5607579344587162e-07,0.9991904614047384,-6.149509566359994e-07,-6.149509566359994e-07,1.588186776028455e-22,11756.66794980227
1.3861562259824156,6.445691642100146e-07,8.004627016410128e-07,0.999186790877846,-3.813549188685163e-06,-3.813549188685163e-06,9.885381357950608e-07,8.000230762018626e-07,8.000230762018626e-07,2.2968744443724027e-07,1.5589353743099812e-07,1.5589353743099823e-07,0.9991891922659509,-6.116983821211116e-07,-6.116983821211116e-07,-1.058791184140951e-22,11703.781640399828
1.3884588110754097,6.448825001285529e-07,8.005933852392581e-07,0.9991855247015969,-3.810891193739489e-06,-3.810891193739489e-06,9.890186000676084e-07,8.001603208576155e-07,8.001603208576155e-07,2.2854965384234941e-07,1.557108851107052e-07,1.5571088511070513e-07,0.9991879264817527,-6.085176527824567e-07,-6.085176527824567e-07,7.94093387978113e-23,11651.125632451807
1.3907613961684038,6.451942891629299e-07,8.007221273716336e-07,0.9991842618845895,-3.8083094299314434e-06,-3.8083094299314434e-06,9.894967466125934e-07,8.002970266338082e-07,8.002970266338082e-07,2.274143017760335e-07,1.5552783820870377e-07,1.5552783820870374e-07,0.9991866640509717,-6.05420920444909e-07,-6.05420920444909e-07,2.6469779594445652e-23,11598.69901018924
1.3930639812613976,6.455045345111028e-07,8.00848932959104e-07,0.9991830024255708,-3.8058154914938194e-06,-3.8058154914938194e-06,9.89972579272042e-07,8.00433148946673e-07,8.00433148946673e-07,2.2628138337489125e-07,1.553443984480012e-07,1.5534439844800116e-07,0.9991854049723696,-6.024197596574036e-07,-6.024197596574036e-07,5.2939559196170564e-23,11546.500860472886
1.3953665663543917,6.458132393654954e-07,8.009738069163794e-07,0.9991817463232221,-3.8034203443775653e-06,-3.8034203443775653e-06,9.904461018858628e-07,8.005686366078788e-07,8.005686366078788e-07,2.2515089378761106e-07,1.5516056755088398e-07,1.5516056755088398e-07,0.9991841492446428,-5.995251167120476e-07,-5.995251167120476e-07,-7.195263006387262e-33,11494.530272798194
1.3976691514473858,6.461204069130059e-07,8.010967541519074e-07,0.99918049357616,-3.8011342795765582e-06,-3.8011342795765582e-06,9.909173182918423e-07,8.007034321852485e-07,8.007034321852485e-07,2.240228281749266e-07,1.549763472389016e-07,1.5497634723890158e-07,0.9991828968664225,-5.967472629689285e-07,-5.967472629689285e-07,2.6469779594529485e-23,11442.786339300312
1.3999717365403799,6.464260403350162e-07,8.012177795678649e-07,0.9991792441829365,-3.798966870901479e-06,-3.798966870901479e-06,9.913862323256412e-07,8.008374723899073e-07,8.008374723899073e-07,2.228971817095811e-07,1.547917392328488e-07,1.547917392328487e-07,0.9991816478362752,-5.940957526300191e-07,-5.940957526300191e-07,1.0587911839964792e-22,11391.268154758634
1.402274321633374,6.467301428074005e-07,8.0133688806015e-07,0.9991779981420397,-3.7969269373174817e-06,-3.7969269373174817e-06,9.918528478207905e-07,8.009706884873203e-07,8.009706884873203e-07,2.2177394957628772e-07,1.5460674525274937e-07,1.5460674525274942e-07,0.9991804021527039,-5.915793850768818e-07,-5.915793850768818e-07,-5.29395592105057e-23,11339.974816601267
1.404576906726368,6.470327175005339e-07,8.014540845183742e-07,0.9991767554518944,-3.7950225099333785e-06,-3.7950225099333785e-06,9.923171686086876e-07,8.011030067296223e-07,8.011030067296223e-07,2.2065312697168943e-07,1.5442136701784033e-07,1.5442136701784027e-07,0.999179159814148,-5.892061718598819e-07,-5.892061718598819e-07,5.2939559196309455e-23,11288.905424909271
1.4068794918193621,6.473337675793011e-07,8.015693738258537e-07,0.9991755161108632,-3.793260803701875e-06,-3.793260803701875e-06,9.927791985185902e-07,8.012343488065858e-07,8.012343488065858e-07,2.1953470910432176e-07,1.5423560624655253e-07,1.5423560624655258e-07,0.9991779208189847,-5.869833083984605e-07,-5.869833083984605e-07,-5.293955921045056e-23,11238.059082420776
1.409182076912356,6.476332962031055e-07,8.016827608596017e-07,0.999174280117246,-3.791648193864673e-06,-3.791648193864673e-06,9.932389413776132e-07,8.013646323125471e-07,8.013646323125471e-07,2.184186911945738e-07,1.5404946465649632e-07,1.5404946465649616e-07,0.9991766851655285,-5.849171504262662e-07,-5.849171504262662e-07,1.58818677603152e-22,11187.4348945348
1.41148466200535,6.479313065258774e-07,8.0179425049032e-07,0.9991730474692813,-3.790190197149037e-06,-3.790190197149037e-06,9.936964010107229e-07,8.014937712265878e-07,8.014937712265878e-07,2.173050684746505e-07,1.5386294396444282e-07,1.5386294396444268e-07,0.9991754528520327,-5.83013195187757e-07,-5.83013195187757e-07,1.3234889800148245e-22,11137.031969314956
1.4137872470983441,6.482278016960828e-07,8.019038475823908e-07,0.9991718181651467,-3.7888914576983563e-06,-3.7888914576983563e-06,9.941515812407329e-07,8.016216764032704e-07,8.016216764032704e-07,2.1619383618853217e-07,1.5367604588630792e-07,1.53676045886308e-07,0.9991742238766894,-5.81276067368793e-07,-5.81276067368793e-07,-7.940933881206535e-23,11086.84941749299
1.4160898321913382,6.485227848567324e-07,8.020115569938681e-07,0.9991705922029595,-3.787755737693666e-06,-3.787755737693666e-06,9.946044858882985e-07,8.017482560712336e-07,8.017482560712336e-07,2.150849895919372e-07,1.534887721371357e-07,1.5348877213713572e-07,0.9991729982376304,-5.797095097181935e-07,-5.797095097181935e-07,-2.646977960864437e-23,11036.886352472024
1.4183924172843323,6.488162591453901e-07,8.0211738357647e-07,0.9991693695807768,-3.786785912601169e-06,-3.786785912601169e-06,9.950551187719113e-07,8.018734163369823e-07,8.018734163369823e-07,2.1397852395228495e-07,1.5330112443107993e-07,1.5330112443107998e-07,0.9991717759329276,-5.783163782952888e-07,-5.783163782952888e-07,-5.293955921031414e-23,10987.141890329773
1.4206950023773264,6.491082276941811e-07,8.022213321755696e-07,0.9991681502965968,-3.785983970956951e-06,-3.785983970956951e-06,9.955034837078943e-07,8.019970616912423e-07,8.019970616912423e-07,2.128744345486559e-07,1.5311310448138855e-07,1.5311310448138847e-07,0.9991705569605933,-5.770986422546726e-07,-5.770986422546726e-07,7.940933879819732e-23,10937.61514982146
1.4229975874703202,6.493986936298019e-07,8.023234076301876e-07,0.9991669343483585,-3.785351018580776e-06,-3.785351018580776e-06,9.95949584510396e-07,8.021190955153031e-07,8.021190955153031e-07,2.117727166717553e-07,1.5292471400038566e-07,1.5292471400038563e-07,0.9991693413185814,-5.760573880600257e-07,-5.760573880600257e-07,2.646977959483051e-23,10888.305252382632
1.4253001725633143,6.496876600735277e-07,8.024236147729829e-07,0.9991657217339429,-3.784887287089662e-06,-3.784887287089662e-06,9.96393424991385e-07,8.022394205848312e-07,8.022394205848312e-07,2.1067336562387335e-07,1.5273595469945526e-07,1.5273595469945526e-07,0.9991681290047872,-5.751928279977302e-07,-5.751928279977302e-07,-6.839510133653397e-33,10839.211322131761
1.4276027576563084,6.499751301412213e-07,8.025219584302453e-07,0.9991645124511734,-3.784592146564249e-06,-3.784592146564249e-06,9.968350089606445e-07,8.023579395687157e-07,8.023579395687157e-07,2.095763767188485e-07,1.5254682828902411e-07,1.52546828289024e-07,0.9991669200170488,-5.74504312843268e-07,-5.74504312843268e-07,1.0587911839997482e-22,10790.332485872703
1.4299053427493025,6.502611069433423e-07,8.026184434218864e-07,0.9991633064978164,-3.784464122203946e-06,-3.784464122203946e-06,9.972743402257659e-07,8.024745555205867e-07,8.024745555205867e-07,2.0848174528203045e-07,1.5235733647854415e-07,1.5235733647854412e-07,0.9991657143531466,-5.739903485164005e-07,-5.739903485164005e-07,2.6469779594910865e-23,10741.667873096978
1.4322079278422966,6.505455935849553e-07,8.027130745614314e-07,0.9991621038715811,-3.784500914790542e-06,-3.784500914790542e-06,9.977114225921429e-07,8.025891723607446e-07,8.025891723607446e-07,2.0738946665024078e-07,1.521674809764762e-07,1.5216748097647608e-07,0.9991645120108048,-5.736486165448163e-07,-5.736486165448163e-07,1.0587911840002816e-22,10693.21661598586
1.4345105129352906,6.508285931657386e-07,8.028058566560106e-07,0.9991609045701214,-3.784699424766629e-06,-3.784699424766629e-06,9.981462598629659e-07,8.027016953463382e-07,8.027016953463382e-07,2.0629953617173736e-07,1.5197726349027197e-07,1.5197726349027208e-07,0.9991633129876913,-5.734759981425866e-07,-5.734759981425866e-07,-1.058791184135204e-22,10644.977849412375
1.4368130980282845,6.511101087799928e-07,8.028967945063516e-07,0.9991597085910351,-3.785055779721518e-06,-3.785055779721518e-06,9.985788558392154e-07,8.02812031527744e-07,8.02812031527744e-07,2.0521194920617507e-07,1.517866857263587e-07,1.5178668572635887e-07,0.9991621172814186,-5.734686016961116e-07,-5.734686016961116e-07,-1.5881867761688772e-22,10596.950710943027
1.4391156831212786,6.513901435166495e-07,8.029858929067699e-07,0.9991585159318654,-3.7855653650670556e-06,-3.7855653650670556e-06,9.990092143196555e-07,8.029200901892121e-07,8.029200901892121e-07,2.0412670112456894e-07,1.5159574939012034e-07,1.515957493901204e-07,0.9991609248895441,-5.736217934399761e-07,-5.736217934399761e-07,-5.293955921007379e-23,10549.134340839495
1.4414182682142727,6.516687004592797e-07,8.030731566451613e-07,0.999157326590101,-3.7862228576748003e-06,-3.7862228576748003e-06,9.994373391008274e-07,8.030257832719732e-07,8.030257832719732e-07,2.0304378730925853e-07,1.5140445618588163e-07,1.514044561858816e-07,0.999159735809571,-5.739302310941551e-07,-5.739302310941551e-07,2.6469779595043164e-23,10501.527882060069
1.4437208533072667,6.519457826861028e-07,8.031585905029932e-07,0.9991561405631765,-3.787022262239003e-06,-3.787022262239003e-06,9.998632339770437e-07,8.03129025778126e-07,8.03129025778126e-07,2.0196320315386914e-07,1.512128078168903e-07,1.5121280781689033e-07,0.9991585500389479,-5.743879002270303e-07,-5.743879002270303e-07,-2.64697796083244e-23,10454.130480261007
1.4460234384002608,6.522213932699948e-07,8.032421992552961e-07,0.999154957848473,-3.7879569501217253e-06,-3.7879569501217253e-06,1.0002869027403808e-06,8.032297361537638e-07,8.032297361537638e-07,2.0088494406327603e-07,1.5102080598530125e-07,1.5102080598530133e-07,0.9991573675750708,-5.749881531005408e-07,-5.749881531005408e-07,-7.940933881169203e-23,10406.941283797658
1.448326023493255,6.524955352784971e-07,8.033239876706558e-07,0.9991537784433189,-3.7890197004323594e-06,-3.7890197004323594e-06,1.0007083491806725e-06,8.033278366499315e-07,8.033278366499315e-07,1.9980900545356595e-07,1.5082845239215866e-07,1.5082845239215866e-07,0.9991561884152819,-5.757237497497363e-07,-5.757237497497363e-07,-6.575333208855078e-33,10359.959443725511
1.450628608586249,6.52768211773825e-07,8.034039605112037e-07,0.9991526023449903,-3.7902027430884608e-06,-3.7902027430884608e-06,1.001127577085503e-06,8.034232536601518e-07,8.034232536601518e-07,1.987353827520013e-07,1.5063574873737883e-07,1.5063574873737877e-07,0.9991550125568718,-5.765869010436458e-07,-5.765869010436458e-07,5.2939559196844404e-23,10313.184113801093
1.4529311936792428,6.530394258128762e-07,8.034821225326103e-07,0.9991514295507111,-3.791497803603693e-06,-3.791497803603693e-06,1.0015445902402002e-06,8.035159180333957e-07,8.035159180333957e-07,1.976640713969844e-07,1.5044269671973403e-07,1.50442696719734e-07,0.9991538399970787,-5.775693134732519e-07,-5.775693134732519e-07,2.6469779595173403e-23,10266.614450482666
1.455233778772237,6.533091804472397e-07,8.03558478484075e-07,0.9991502600576543,-3.792896149346301e-06,-3.792896149346301e-06,1.001959392427829e-06,8.036057653615231e-07,8.036057653615231e-07,1.965950668380189e-07,1.502492980368353e-07,1.502492980368353e-07,0.9991526707330898,-5.786622354100012e-07,-5.786622354100012e-07,-6.497676709921865e-33,10220.2496129308
1.457536363865231,6.535774787232038e-07,8.03633033108319e-07,0.9991490938629416,-3.7943886370123703e-06,-3.7943886370123703e-06,1.0023719874291825e-06,8.036927362403614e-07,8.036927362403614e-07,1.955283645356752e-07,1.5005555438511504e-07,1.5005555438511515e-07,0.999151504762041,-5.798565045790943e-07,-5.798565045790943e-07,-1.0587911841325949e-22,10174.088763008833
1.459838948958225,6.538443236817654e-07,8.037057911415764e-07,0.9991479309636446,-3.7959657610593244e-06,-3.7959657610593244e-06,1.0027823790227774e-06,8.037767765037361e-07,8.037767765037361e-07,1.944639599615534e-07,1.498614674598109e-07,1.49861467459811e-07,0.999150342081018,-5.811425964930187e-07,-5.811425964930187e-07,-1.0587911841323386e-22,10128.131065283224
1.4621415340512192,6.541097183586377e-07,8.037767573135862e-07,0.999146771356785,-3.7976177028476122e-06,-3.7976177028476122e-06,1.0031905709848444e-06,8.03857837429911e-07,8.03857837429911e-07,1.934018485982461e-07,1.4966703895494846e-07,1.4966703895494854e-07,0.9991491826870569,-5.825106735932674e-07,-5.825106735932674e-07,-7.940933881151142e-23,10082.375687023634
1.4644441191442132,6.543736657842593e-07,8.038459363475836e-07,0.9991456150393351,-3.7993343802425216e-06,-3.7993343802425216e-06,1.0035965670893217e-06,8.039358759200401e-07,8.039358759200401e-07,1.9234202593930371e-07,1.4947227056332424e-07,1.4947227056332424e-07,0.9991480265771441,-5.839506348521873e-07,-5.839506348521873e-07,-6.395274773042839e-33,10036.821798203015
1.466746704237207,6.546361689838029e-07,8.039133329602919e-07,0.9991444620082184,-3.801105497432655e-06,-3.801105497432655e-06,1.0040003711078476e-06,8.040108546483736e-07,8.040108546483736e-07,1.912844874891984e-07,1.4927716397648894e-07,1.4927716397648897e-07,0.9991468737482173,-5.854521655914875e-07,-5.854521655914875e-07,-2.6469779608066766e-23,9991.468571497526
1.4690492893302012,6.548972309771828e-07,8.039789518619143e-07,0.9991433122603101,-3.802920594727742e-06,-3.802920594727742e-06,1.0044019868097534e-06,8.040827421840948e-07,8.040827421840948e-07,1.9022922876328668e-07,1.4908172088473147e-07,1.4908172088473147e-07,0.9991457241971656,-5.870047872800847e-07,-5.870047872800847e-07,-6.344560843509865e-33,9946.315182286227
1.4713518744231953,6.551568547790651e-07,8.040427977561257e-07,0.9991421657924372,-3.80476909810519e-06,-3.80476909810519e-06,1.0048014179620541e-06,8.041515130848075e-07,8.041515130848075e-07,1.8917624528777533e-07,1.4888594297706055e-07,1.4888594297706066e-07,0.9991445779208304,-5.88597907080687e-07,-5.88597907080687e-07,-1.0587911841310686e-22,9901.36080865079
1.4736544595161893,6.554150433988743e-07,8.041048753400645e-07,0.9991410226013797,-3.806640368282524e-06,-3.806640368282524e-06,1.0051986683294428e-06,8.042171479618133e-07,8.042171479618133e-07,1.8812553259968458e-07,1.4868983194119028e-07,1.486898319411902e-07,0.9991434349160058,-5.90220866922266e-07,-5.90220866922266e-07,7.940933879879648e-23,9856.604631374992
1.4759570446091834,6.556717998408035e-07,8.04165189304324e-07,0.9991398826838706,-3.808523749101503e-06,-3.808523749101503e-06,1.0055937416742814e-06,8.042796335174545e-07,8.042796335174545e-07,1.8707708624681293e-07,1.4849338946352053e-07,1.4849338946352056e-07,0.9991422951794384,-5.91862991884207e-07,-5.91862991884207e-07,-2.6469779607965985e-23,9812.045833944112
1.4782596297021775,6.559271271038214e-07,8.042237443329448e-07,0.9991387460365962,-3.810408615018892e-06,-3.810408615018892e-06,1.0059866417565935e-06,8.043389625549129e-07,8.043389625549129e-07,1.860309017877019e-07,1.4829661722912337e-07,1.482966172291234e-07,0.9991411587078293,-5.935136376871124e-07,-5.935136376871124e-07,-2.646977960794099e-23,9767.683602544139
1.4805622147951716,6.561810281816825e-07,8.042805451034064e-07,0.9991376126561973,-3.812284417509119e-06,-3.812284417509119e-06,1.006377372334056e-06,8.043951339609743e-07,8.043951339609743e-07,1.8498697479160001e-07,1.4809951692172386e-07,1.4809951692172394e-07,0.9991400254978325,-5.951622370954932e-07,-5.951622370954932e-07,-7.940933881130984e-23,9723.517126061002
1.4828647998881654,6.564335060629338e-07,8.043355962866188e-07,0.9991364825392689,-3.814140730194337e-06,-3.814140730194337e-06,1.0067659371619913e-06,8.044481526623778e-07,8.044481526623778e-07,1.839453008384285e-07,1.47902090223685e-07,1.4790209022368505e-07,0.9991388955460577,-5.967983450478618e-07,-5.967983450478618e-07,-5.293955920958813e-23,9679.545596079528
1.4851673849811595,6.566845637309244e-07,8.043889025469152e-07,0.999135355682361,-3.8159672925288195e-06,-3.8159672925288195e-06,1.0071523399933599e-06,8.04498029556473e-07,8.04498029556473e-07,1.829058755187446e-07,1.4770433881599082e-07,1.4770433881599072e-07,0.9991377688490687,-5.984116823411589e-07,-5.984116823411589e-07,1.0587911840061793e-22,9635.76820688236
1.4874699700741536,6.569342041638136e-07,8.044404685420432e-07,0.9991342320819792,-3.817754051876031e-06,-3.817754051876031e-06,1.0075365845787512e-06,8.045447814170082e-07,8.045447814170082e-07,1.818686944337096e-07,1.475062643782296e-07,1.4750626437822957e-07,0.9991366454033848,-5.999921777078579e-07,-5.999921777078579e-07,2.646977959555195e-23,9592.184155448767
1.4897725551671477,6.571824303345797e-07,8.04490298923157e-07,0.9991331117345849,-3.819491203828768e-06,-3.819491203828768e-06,1.007918674666376e-06,8.045884307759604e-07,8.045884307759604e-07,1.808337531950493e-07,1.4730786858857718e-07,1.4730786858857726e-07,0.9991355252054817,-6.015300081361403e-07,-6.015300081361403e-07,-7.940933881121101e-23,9548.792641453294
1.4920751402601418,6.574292452110279e-07,8.045383983348099e-07,0.9991319946365961,-3.821169230635109e-06,-3.821169230635109e-06,1.008298614002058e-06,8.046290057824084e-07,8.046290057824084e-07,1.798010474250235e-07,1.4710915312378198e-07,1.47109153123782e-07,0.9991344082517911,-6.030156372958693e-07,-6.030156372958693e-07,-2.646977960779272e-23,9505.59286726434
1.4943777253531358,6.57674651755799e-07,8.045847714149456e-07,0.9991308807843875,-3.822778937605237e-06,-3.822778937605237e-06,1.008676406329226e-06,8.046665400395216e-07,8.046665400395216e-07,1.7877057275638863e-07,1.4691011965914645e-07,1.4691011965914653e-07,0.9991332945387017,-6.044398519454543e-07,-6.044398519454543e-07,-7.940933881116205e-23,9462.584037942599
1.4966803104461297,6.579186529263781e-07,8.046294227948909e-07,0.999129770174291,-3.824311487387268e-06,-3.824311487387268e-06,1.0090520553889044e-06,8.047010724208129e-07,8.047010724208129e-07,1.7774232483236513e-07,1.467107698685127e-07,1.4671076986851275e-07,0.9991321840625594,-6.057937962077049e-07,-6.057937962077049e-07,-5.293955920944082e-23,9419.765361239415
1.4989828955391238,6.581612516751026e-07,8.046723570993474e-07,0.9991286628025965,-3.825758432012399e-06,-3.825758432012399e-06,1.0094255649197065e-06,8.047326468668645e-07,8.047326468668645e-07,1.767162993066009e-07,1.4651110542424486e-07,1.4651110542424486e-07,0.9991310768196678,-6.07069003615009e-07,-6.07069003615009e-07,-6.0227756467056294e-33,9377.136047594977
1.5012854806321179,6.584024509491709e-07,8.047135789463843e-07,0.999127558665552,-3.82711174262354e-06,-3.82711174262354e-06,1.0097969386578248e-06,8.047613121637942e-07,8.047613121637942e-07,1.7569249184313852e-07,1.4631112799721345e-07,1.4631112799721337e-07,0.9991299728062889,-6.082574268380024e-07,-6.082574268380024e-07,7.940933879909207e-23,9334.695310136507
1.503588065725112,6.58642253690651e-07,8.047530929474301e-07,0.9991264577593643,-3.828363836813169e-06,-3.828363836813169e-06,1.0101661803370226e-06,8.04787121704775e-07,8.04787121704775e-07,1.746708981163805e-07,1.46110839256779e-07,1.461108392567791e-07,0.9991288720186431,-6.093514650234485e-07,-6.093514650234485e-07,-1.0587911841276202e-22,9292.442364676239
1.505890650818106,6.588806628364881e-07,8.047909037072645e-07,0.999125360080199,-3.829507603510048e-06,-3.829507603510048e-06,1.0105332936886258e-06,8.048101332359683e-07,8.048101332359683e-07,1.736515138110543e-07,1.4591024087077638e-07,1.4591024087077638e-07,0.9991277744529101,-6.103439886809897e-07,-6.103439886809897e-07,-5.9504361700130455e-33,9250.376429709351
1.5081932359111,6.591176813185142e-07,8.04827015824012e-07,0.9991242656241816,-3.830536425366369e-06,-3.830536425366369e-06,1.0108982824415147e-06,8.048304085882574e-07,8.048304085882574e-07,1.7263433462218035e-07,1.457093345054979e-07,1.4570933450549785e-07,0.999126680105229,-6.11228362070321e-07,-6.11228362070321e-07,5.293955919746729e-23,9208.496726411799
1.5104958210040942,6.593533120634553e-07,8.04861433889133e-07,0.9991231743873973,-3.831444198609396e-06,-3.831444198609396e-06,1.0112611503221146e-06,8.048480133962049e-07,8.048480133962049e-07,1.7161935625503618e-07,1.4550812182567774e-07,1.455081218256777e-07,0.9991255889716989,-6.11998463052864e-07,-6.11998463052864e-07,2.6469779595794282e-23,9166.802478638028
1.512798406097088,6.595875579929405e-07,8.048941624874169e-07,0.9991220863658921,-3.832225350334212e-06,-3.832225350334212e-06,1.0116219010543873e-06,8.04863016805669e-07,8.04863016805669e-07,1.706065744251244e-07,1.4530660449447643e-07,1.4530660449447638e-07,0.9991245010483796,-6.126487003845448e-07,-6.126487003845448e-07,5.293955919751496e-23,9125.292912918592
1.5151009911900821,6.598204220235105e-07,8.049252061969741e-07,0.9991210015556724,-3.832874853225572e-06,-3.832874853225572e-06,1.0119805383598225e-06,8.048754911715348e-07,8.048754911715348e-07,1.6959598485813564e-07,1.4510478417346352e-07,1.4510478417346355e-07,0.999123416331291,-6.131740284376756e-07,-6.131740284376756e-07,-2.6469779607551976e-23,9083.96725845769
1.5174035762830762,6.600519070666256e-07,8.049545695892291e-07,0.9991199199527063,-3.833388237708824e-06,-3.833388237708824e-06,1.0123370659574298e-06,8.048855117470155e-07,8.048855117470155e-07,1.6858758328991905e-07,1.4490266252260342e-07,1.4490266252260355e-07,0.9991223348164151,-6.135699593519078e-07,-6.135699593519078e-07,-1.323488980143159e-22,9042.82474713059
1.5197061613760703,6.602820160286736e-07,8.049822572289123e-07,0.9991188415529236,-3.833761601540754e-06,-3.833761601540754e-06,1.0126914875637286e-06,8.048931563659874e-07,8.048931563659874e-07,1.6758136546644717e-07,1.4470024120023871e-07,1.447002412002387e-07,0.9991212564996953,-6.138325726251048e-07,-6.138325726251048e-07,2.646977959588899e-23,9001.864613480986
1.5220087464690644,6.605107518109795e-07,8.050082736740531e-07,0.9991177663522162,-3.8339916168622526e-06,-3.8339916168622526e-06,1.01304380689274e-06,8.04898505119809e-07,8.04898505119809e-07,1.6657732714378196e-07,1.4449752186307356e-07,1.444975218630736e-07,0.9991201813770372,-6.139585221660401e-07,-6.139585221660401e-07,-2.64697796074813e-23,8961.086094718228
1.5243113315620584,6.607381173098125e-07,8.050326234759728e-07,0.9991166943464383,-3.834075534744654e-06,-3.834075534744654e-06,1.013394027655978e-06,8.049016400300661e-07,8.049016400300661e-07,1.655754640880422e-07,1.4429450616616033e-07,1.4429450616616025e-07,0.9991191094443088,-6.139450408407624e-07,-6.139450408407624e-07,7.940933879932965e-23,8920.488430714486
1.5266139166550523,6.609641154163953e-07,8.050553111792765e-07,0.9991156255314075,-3.834011187271901e-06,-3.834011187271901e-06,1.0137421535624405e-06,8.049026447186662e-07,8.049026447186662e-07,1.6457577207537037e-07,1.4409119576288108e-07,1.4409119576288113e-07,0.9991180406973411,-6.137899425547952e-07,-6.137899425547952e-07,-5.293955920913145e-23,8880.070864001831
1.5289165017480464,6.611887490169117e-07,8.050763413218464e-07,0.9991145599029049,-3.833796987209541e-06,-3.833796987209541e-06,1.0140881883186003e-06,8.049016040766814e-07,8.049016040766814e-07,1.6357824689189843e-07,1.4388759230493477e-07,1.4388759230493472e-07,0.9991169751319289,-6.134916219221556e-07,-6.134916219221556e-07,5.293955919767933e-23,8839.832639769202
1.5312190868410405,6.614120209925153e-07,8.050957184348349e-07,0.9991134974566749,-3.83343192532087e-06,-3.83343192532087e-06,1.0144321356283964e-06,8.048986039333093e-07,8.048986039333093e-07,1.6258288433371806e-07,1.4368369744231964e-07,1.436836974423196e-07,0.9991159127438302,-6.130490515815301e-07,-6.130490515815301e-07,5.2939559197702504e-23,8799.773005859306
1.5335216719340345,6.616339342193377e-07,8.051134470426565e-07,0.9991124381884268,-3.832915565398229e-06,-3.832915565398229e-06,1.0147739991932243e-06,8.048937307262908e-07,8.048937307262908e-07,1.6158968020684413e-07,1.4347951282331869e-07,1.4347951282331877e-07,0.9991148535287679,-6.124617772276031e-07,-6.124617772276031e-07,-7.940933881075883e-23,8759.891212765442
1.5358242570270286,6.618544915684971e-07,8.051295316629817e-07,0.999111382093834,-3.832248037085883e-06,-3.832248037085883e-06,1.015113782711929e-06,8.0488707117508e-07,8.0488707117508e-07,1.6059863032718503e-07,1.4327504009448454e-07,1.4327504009448457e-07,0.999113797482429,-6.117299104339564e-07,-6.117299104339564e-07,-2.646977960734205e-23,8720.186513628227
1.5381268421200227,6.620736959061061e-07,8.051439768067295e-07,0.9991103291685355,-3.8314300265771536e-06,-3.8314300265771536e-06,1.0154514898807927e-06,8.048787119580235e-07,8.048787119580235e-07,1.596097305205075e-07,1.430702809006233e-07,1.4307028090062338e-07,0.999112744600466,-6.108541193502355e-07,-6.108541193502355e-07,-7.940933881071288e-23,8680.65816423224
1.5404294272130166,6.622915500932803e-07,8.051567869780607e-07,0.9991092794081353,-3.830462765275884e-06,-3.830462765275884e-06,1.0157871243935291e-06,8.048687393947552e-07,8.048687393947552e-07,1.5862297662240656e-07,1.4286523688478045e-07,1.4286523688478037e-07,0.9991116948784963,-6.098356173636414e-07,-6.098356173636414e-07,7.940933879949128e-23,8641.305423002586
1.5427320123060106,6.625080569861466e-07,8.051679666743705e-07,0.9991082328082038,-3.829348016517628e-06,-3.829348016517628e-06,1.0161206899412726e-06,8.048572391349667e-07,8.048572391349667e-07,1.5763836447827156e-07,1.426599096882239e-07,1.4265990968822387e-07,0.9991106483121038,-6.086761498201464e-07,-6.086761498201464e-07,2.6469779596120296e-23,8602.1275510014
1.5450345973990047,6.627232194358512e-07,8.051775203862822e-07,0.9991071893642772,-3.828088060451489e-06,-3.828088060451489e-06,1.0164521902125692e-06,8.04844295854654e-07,8.04844295854654e-07,1.5665588994325472e-07,1.424543009504311e-07,1.4245430095043104e-07,0.9991096048968384,-6.073779789063602e-07,-6.073779789063602e-07,5.293955919783989e-23,8563.123811924257
1.5473371824919988,6.629370402885681e-07,8.051854525976403e-07,0.9991061490718589,-3.826685677188381e-06,-3.826685677188381e-06,1.016781628893368e-06,8.048299929608887e-07,8.048299929608887e-07,1.5567554888223873e-07,1.422484123090721e-07,1.4224841230907221e-07,0.9991085646282167,-6.059438667978196e-07,-6.059438667978196e-07,-1.058791184123188e-22,8524.293472096499
1.5496397675849929,6.631495223855074e-07,8.051917677855034e-07,0.9991051119264189,-3.825144128325379e-06,-3.825144128325379e-06,1.0171090096670117e-06,8.048144123061003e-07,8.048144123061003e-07,1.5469733716980465e-07,1.4204224539999597e-07,1.4204224539999607e-07,0.9991075275017223,-6.043770571833655e-07,-6.043770571833655e-07,-1.0587911841229626e-22,8485.635800469507
1.551942352677987,6.633606685629232e-07,8.051964704201383e-07,0.999104077923395,-3.823467136959625e-06,-3.823467136959625e-06,1.0174343362142278e-06,8.047976339127922e-07,8.047976339127922e-07,1.5372125069020113e-07,1.4183580185721512e-07,1.4183580185721515e-07,0.9991064935128062,-6.026812552790716e-07,-6.026812552790716e-07,-2.6469779607183123e-23,8447.150068616875
1.554244937770981,6.63570481652122e-07,8.051995649650124e-07,0.9991030470581925,-3.8216588663078565e-06,-3.8216588663078565e-06,1.0177576122131188e-06,8.047797357095565e-07,8.047797357095565e-07,1.5274728533731056e-07,1.416290833128903e-07,1.4162908331289036e-07,0.9991054626568874,-6.008606064478069e-07,-6.008606064478069e-07,-5.293955920885761e-23,8408.83555073055
1.556547522863975,6.637789644794714e-07,8.052010558767881e-07,0.9991020193261856,-3.819723897050381e-06,-3.819723897050381e-06,1.0180788413391544e-06,8.047607932791769e-07,8.047607932791769e-07,1.5177543701461914e-07,1.4142209139731676e-07,1.414220913973167e-07,0.9991044349293532,-5.989196735432289e-07,-5.989196735432289e-07,5.293955919795225e-23,8370.69152361686
1.558850107956969,6.639861198664074e-07,8.052009476053158e-07,0.9991009947227165,-3.817667203519755e-06,-3.817667203519755e-06,1.0183980272651607e-06,8.047408796195522e-07,8.047408796195522e-07,1.508057016351851e-07,1.4121482773890847e-07,1.4121482773890836e-07,0.9991034103255594,-5.96863413098492e-07,-5.96863413098492e-07,1.0587911840136825e-22,8332.717266692507
1.561152693049963,6.641919506294432e-07,8.051992445936274e-07,0.999099973243097,-3.8154941288558675e-06,-3.8154941288558675e-06,1.018715173661312e-06,8.047200649180971e-07,8.047200649180971e-07,1.4983807512160646e-07,1.4100729396418424e-07,1.4100729396418427e-07,0.9991023888408307,-5.946971504813578e-07,-5.946971504813578e-07,-2.6469779607094e-23,8294.91206198044
1.5634552781429571,6.643964595801773e-07,8.051959512779305e-07,0.9990989548826076,-3.813210359249711e-06,-3.813210359249711e-06,1.019030284195122e-06,8.046984163402135e-07,8.046984163402135e-07,1.4887255340598986e-07,1.4079949169775323e-07,1.4079949169775318e-07,0.9991013704704614,-5.924265541379889e-07,-5.924265541379889e-07,5.2939559198018747e-23,8257.275194105747
1.5657578632359512,6.645996495253016e-07,8.05191072087602e-07,0.9990979396364993,-3.810821897398333e-06,-3.810821897398333e-06,1.019343362531433e-06,8.046759978323514e-07,8.046759978323514e-07,1.4790913242992148e-07,1.405914225623004e-07,1.4059142256230037e-07,0.9991003552097155,-5.900576090479251e-07,-5.900576090479251e-07,2.646977959634388e-23,8219.805950291371
1.5680604483289453,6.648015232666098e-07,8.05184611445181e-07,0.9990969274999929,-3.8083350352931765e-06,-3.8083350352931765e-06,1.0196544123324085e-06,8.046528699401151e-07,8.046528699401151e-07,1.4694780814443174e-07,1.403830881785714e-07,1.403830881785713e-07,0.9990993430538272,-5.875965895124523e-07,-5.875965895124523e-07,1.0587911840145646e-22,8182.5036203538875
1.5703630334219392,6.650020836010048e-07,8.051765737663641e-07,0.9990959184682798,-3.8057563264629465e-06,-3.8057563264629465e-06,1.0199634372575232e-06,8.04629089641795e-07,8.04629089641795e-07,1.4598857650996873e-07,1.4017449016535939e-07,1.401744901653593e-07,0.9990983339980011,-5.850500313974899e-07,-5.850500313974899e-07,7.940933879978145e-23,8145.367496699115
1.5726656185149333,6.652013333205082e-07,8.051669634599981e-07,0.9990949125365223,-3.803092557791123e-06,-3.803092557791123e-06,1.0202704409635537e-06,8.046047101976417e-07,8.046047101976417e-07,1.4503143349636412e-07,1.399656301394899e-07,1.399656301394899e-07,0.9990973280374127,-5.824247039511304e-07,-5.824247039511304e-07,-5.2874160038187166e-33,8108.396874317656
1.5749682036079273,6.653992752122669e-07,8.051557849280747e-07,0.999093909699854,-3.800350721026375e-06,-3.800350721026375e-06,1.0205754271045693e-06,8.045797810151281e-07,8.045797810151281e-07,1.4407637508280436e-07,1.397565097158079e-07,1.3975650971580776e-07,0.9990963251672088,-5.797275813140761e-07,-5.797275813140761e-07,1.3234889800321873e-22,8071.591050780489
1.5772707887009214,6.655959120585624e-07,8.051430425657242e-07,0.9990929099533801,-3.7975379841018864e-06,-3.7975379841018864e-06,1.0208783993319231e-06,8.045543475303801e-07,8.045543475303801e-07,1.4312339725779955e-07,1.395471305071618e-07,1.395471305071618e-07,0.9990953253825078,-5.769658138389896e-07,-5.769658138389896e-07,-5.2440663619136064e-33,8034.949326234439
1.5795733737939155,6.657912466368184e-07,8.051287407612101e-07,0.9990919132921778,-3.7946616623771824e-06,-3.7946616623771824e-06,1.021179361294243e-06,8.045284511058889e-07,8.045284511058889e-07,1.4217249601915164e-07,1.3933749412439165e-07,1.393374941243917e-07,0.9990943286784001,-5.741466993323421e-07,-5.741466993323421e-07,-5.293955920861628e-23,7998.471003397511
1.5818759588869096,6.659852817196089e-07,8.051128838959225e-07,0.9990909197112969,-3.7917291899130545e-06,-3.7917291899130545e-06,1.0214783166374215e-06,8.045021289445552e-07,8.045021289445552e-07,1.4122366737392595e-07,1.3912760217631344e-07,1.3912760217631355e-07,0.9990933350499486,-5.712776543293645e-07,-5.712776543293645e-07,-1.0587911841198856e-22,7962.155387554293
1.5841785439799034,6.661780200746666e-07,8.050954763443733e-07,0.9990899292057596,-3.788748090886835e-06,-3.788748090886835e-06,1.0217752690046075e-06,8.044754140200533e-07,8.044754140200533e-07,1.4027690733842017e-07,1.3891745626970684e-07,1.389174562697068e-07,0.9990923444921886,-5.683661855093416e-07,-5.683661855093416e-07,5.293955919821416e-23,7926.001786551216
1.5864811290728975,6.663694644648904e-07,8.050765224741899e-07,0.9990889417705613,-3.785725951251873e-06,-3.785725951251873e-06,1.022070222036197e-06,8.044483350234393e-07,8.044483350234393e-07,1.3933221193813318e-07,1.3870705800929957e-07,1.387070580092995e-07,0.9990913570001287,-5.654198613551135e-07,-5.654198613551135e-07,7.940933879993239e-23,7890.009510791819
1.5887837141658916,6.665596176483542e-07,8.050560266461098e-07,0.999087957400671,-3.7826703907408436e-06,-3.7826703907408436e-06,1.0223631793698227e-06,8.044209163258724e-07,8.044209163258724e-07,1.3838957720773656e-07,1.3849640899775568e-07,1.384964089977556e-07,0.999090372568751,-5.624462841564043e-07,-5.624462841564043e-07,7.940933879995365e-23,7854.177873231885
1.5910862992588857,6.667484823783145e-07,8.05033993213975e-07,0.9990869760910313,-3.7795890353088205e-06,-3.7795890353088205e-06,1.022654144640347e-06,8.043931779572593e-07,8.043931779572593e-07,1.3744899919104299e-07,1.3828551083566062e-07,1.3828551083566054e-07,0.9990893911930109,-5.594530624529205e-07,-5.594530624529205e-07,7.940933879997483e-23,7818.506189374624
1.5933888843518798,6.669360614032185e-07,8.050104265247269e-07,0.9990859978365588,-3.7764894901071335e-06,-3.7764894901071335e-06,1.0229431214798507e-06,8.043651356005788e-07,8.043651356005788e-07,1.3651047394097805e-07,1.3807436512150851e-07,1.3807436512150843e-07,0.9990884128678384,-5.56447784008226e-07,-5.56447784008226e-07,7.940933879999596e-23,7782.993777265694
1.5956914694448738,6.671223574667122e-07,8.049853309184005e-07,0.9990850226321452,-3.773379313074874e-06,-3.773379313074874e-06,1.023230113517625e-06,8.043368006015906e-07,8.043368006015906e-07,1.3557399751954924e-07,1.3786297345168832e-07,1.378629734516883e-07,0.9990874375881379,-5.534379894012718e-07,-5.534379894012718e-07,2.6469779596623226e-23,7747.639957488241
1.597994054537868,6.673073733076485e-07,8.049587107281192e-07,0.9990840504726561,-3.7702659892298156e-06,-3.7702659892298156e-06,1.023515124380162e-06,8.04308179993584e-07,8.04308179993584e-07,1.3463956599781667e-07,1.3765133742047078e-07,1.376513374204707e-07,0.9990864653487883,-5.504311463173387e-07,-5.504311463173387e-07,7.940933880003796e-23,7712.44405315789
1.6002966396308618,6.674911116600951e-07,8.049305702800899e-07,0.9990830813529332,-3.767156905735706e-06,-3.767156905735706e-06,1.0237981576911452e-06,8.042792765367759e-07,8.042792765367759e-07,1.3370717545586407e-07,1.3743945861999472e-07,1.374394586199948e-07,0.999085496144644,-5.474346246153464e-07,-5.474346246153464e-07,-7.940933881012247e-23,7677.405389917641
1.6025992247238559,6.676735752533426e-07,8.049009138935974e-07,0.9990821152677931,-3.764059327817692e-06,-3.764059327817692e-06,1.0240792170714417e-06,8.042500887719215e-07,8.042500887719215e-07,1.3277682198276803e-07,1.3722733864025468e-07,1.3722733864025473e-07,0.9990845299705348,-5.444556722433028e-07,-5.444556722433028e-07,-5.293955920840475e-23,7642.5232959327595
1.60490180981685,6.678547668119123e-07,8.048697458809996e-07,0.9990811522120284,-3.7609803755925607e-06,-3.7609803755925607e-06,1.024358306139091e-06,8.042206110876657e-07,8.042206110876657e-07,1.3184850167657095e-07,1.3701497906908728e-07,1.3701497906908723e-07,0.9990835668212661,-5.415013920685624e-07,-5.415013920685624e-07,5.2939559198403533e-23,7607.797101885588
1.607204394909844,6.680346890555646e-07,8.048370705477223e-07,0.9990801921804082,-3.7579270018750766e-06,-3.7579270018750766e-06,1.0246354285092973e-06,8.041908338011161e-07,8.041908338011161e-07,1.3092221064424924e-07,1.3680238149215776e-07,1.3680238149215776e-07,0.9990826066916199,-5.385787196841873e-07,-5.385787196841873e-07,-4.969560012841203e-33,7573.226140970361
1.609506980002838,6.682133446993063e-07,8.048028921922548e-07,0.9990792351676776,-3.754905971016389e-06,-3.754905971016389e-06,1.0249105877944202e-06,8.041607432510946e-07,8.041607432510946e-07,1.299979450016861e-07,1.365895474929485e-07,1.3658954749294848e-07,0.9990816495763541,-5.356944022473697e-07,-5.356944022473697e-07,2.6469779596747928e-23,7538.809748887873
1.6118095650958322,6.683907364533994e-07,8.047672151061441e-07,0.9990782811685589,-3.7519238388250528e-06,-3.7519238388250528e-06,1.0251837876039655e-06,8.041303219034831e-07,8.041303219034831e-07,1.2907570087364228e-07,1.3637647865274486e-07,1.3637647865274475e-07,0.9990806954702042,-5.328549784004763e-07,-5.328549784004763e-07,1.0587911840185912e-22,7504.547263840245
1.614112150188826,6.685668670233683e-07,8.04730043573991e-07,0.9990773301777514,-3.7489869336159212e-06,-3.7489869336159212e-06,1.0254550315445757e-06,8.040995484680555e-07,8.040995484680555e-07,1.281554743937259e-07,1.3616317655062253e-07,1.3616317655062266e-07,0.999079744367882,-5.300667593199574e-07,-5.300667593199574e-07,-1.323488980133924e-22,7470.438026525535
1.6164147352818201,6.687417391100084e-07,8.046913818734449e-07,0.9990763821899321,-3.7461013384265463e-06,-3.7461013384265463e-06,1.0257243232200215e-06,8.04068398026161e-07,8.04068398026161e-07,1.2723726170436476e-07,1.3594964276343661e-07,1.3594964276343653e-07,0.9990787962640777,-5.273358109327668e-07,-5.273358109327668e-07,7.940933880020307e-23,7436.481380132309
1.6187173203748142,6.689153554093932e-07,8.046512342751994e-07,0.9990754371997557,-3.7432728744356107e-06,-3.7432728744356107e-06,1.0259916662311922e-06,8.040368421685993e-07,8.040368421685993e-07,1.2632105895677896e-07,1.3573587886580624e-07,1.3573587886580621e-07,0.9990778511534585,-5.246679373348129e-07,-5.246679373348129e-07,2.6469779596829598e-23,7402.676670334272
1.6210199054678083,6.690877186128832e-07,8.046096050429877e-07,0.999074495201855,-3.7405070856122953e-06,-3.7405070856122953e-06,1.0262570641760875e-06,8.040048491430111e-07,8.040048491430111e-07,1.254068623109492e-07,1.3552188643010443e-07,1.3552188643010448e-07,0.9990769090306701,-5.220686654403447e-07,-5.220686654403447e-07,-5.293955920824082e-23,7369.023245284748
1.6233224905608024,6.69258831407133e-07,8.04566498433578e-07,0.9990735561908414,-3.7378092246206033e-06,-3.7378092246206033e-06,1.0265205206498076e-06,8.039723840100881e-07,8.039723840100881e-07,1.2449466793559192e-07,1.3530766702644505e-07,1.3530766702644497e-07,0.9990759698903366,-5.195432308862914e-07,-5.195432308862914e-07,7.940933880026377e-23,7335.520455611164
1.6256250756537964,6.694286964740997e-07,8.045219186967691e-07,0.9990726201613049,-3.7351842399969852e-06,-3.7351842399969852e-06,1.0267820392445446e-06,8.03939408807896e-07,8.03939408807896e-07,1.2358447200812722e-07,1.350932222226693e-07,1.3509322222266936e-07,0.9990750337270611,-5.17096565209909e-07,-5.17096565209909e-07,-5.293955920820057e-23,7302.16765440949
1.6279276607467905,6.695973164910503e-07,8.044758700753866e-07,0.9990716871078149,-3.7326367646149726e-06,-3.7326367646149726e-06,1.0270416235495734e-06,8.039058827235878e-07,8.039058827235878e-07,1.226762707146549e-07,1.3487855358433637e-07,1.3487855358433626e-07,0.9990741005354251,-5.147332843134263e-07,-5.147332843134263e-07,1.0587911840200076e-22,7268.964197238661
1.6302302458397844,6.697646941305703e-07,8.044283568052776e-07,0.99907075702492,-3.7301711054453432e-06,-3.7301711054453432e-06,1.027299277151243e-06,8.038717622717848e-07,8.038717622717848e-07,1.2177006024992206e-07,1.346636626747074e-07,1.3466366267470734e-07,0.9990731703099904,-5.124576782242327e-07,-5.124576782242327e-07,5.293955919862695e-23,7235.909442114926
1.6325328309327785,6.699308320605705e-07,8.043793831153078e-07,0.9990698299071484,-3.727791234615529e-06,-3.727791234615529e-06,1.027555003632967e-06,8.038370014788873e-07,8.038370014788873e-07,1.208658368172986e-07,1.3444855105473723e-07,1.3444855105473726e-07,0.9990722430452977,-5.102737021542978e-07,-5.102737021542978e-07,-2.646977960644383e-23,7203.002749506185
1.6348354160257725,6.700957329442961e-07,8.043289532273563e-07,0.9990689057490086,-3.7255007817672983e-06,-3.7255007817672983e-06,1.0278088065752155e-06,8.038015520725858e-07,8.038015520725858e-07,1.1996359662874752e-07,1.3423322028306026e-07,1.3423322028306024e-07,0.9990713187358683,-5.08184968857873e-07,-5.08184968857873e-07,2.6469779596969744e-23,7170.243482326278
1.6371380011187666,6.702593994403335e-07,8.042770713563123e-07,0.9990679845449895,-3.7233030277071832e-06,-3.7233030277071832e-06,1.0280606895555053e-06,8.037653636758324e-07,8.037653636758324e-07,1.1906333590479688e-07,1.3401767191597862e-07,1.3401767191597873e-07,0.9990703973762035,-5.061947422819342e-07,-5.061947422819342e-07,-1.0587911841149495e-22,7137.631005929259
1.6394405862117607,6.704218342026188e-07,8.042237417100707e-07,0.9990670662895602,-3.7212008993398326e-06,-3.7212008993398326e-06,1.0283106561483918e-06,8.037283840045454e-07,8.037283840045454e-07,1.1816505087451374e-07,1.3380190750745183e-07,1.3380190750745186e-07,0.9990694789607854,-5.043059324995499e-07,-5.043059324995499e-07,-2.646977960638463e-23,7105.16468810361
1.6417431713047548,6.705830398804449e-07,8.041689684895287e-07,0.9990661509771712,-3.719196965870129e-06,-3.719196965870129e-06,1.0285587099254597e-06,8.036905590683164e-07,8.036905590683164e-07,1.1726873777547549e-07,1.3358592860908365e-07,1.3358592860908378e-07,0.9990685634840767,-5.025210919120142e-07,-5.025210919120142e-07,-1.3234889801315257e-22,7072.843899066424
1.6440457563977486,6.707430191184702e-07,8.041127558885815e-07,0.999065238602254,-3.7172934362561244e-06,-3.7172934362561244e-06,1.028804854455314e-06,8.036518333734033e-07,8.036518333734033e-07,1.1637439285374142e-07,1.3336973677011122e-07,1.3336973677011122e-07,0.9990676509405217,-5.008424127017986e-07,-5.008424127017986e-07,-4.648623001603578e-33,7040.6680114575975
1.6463483414907427,6.709017745567257e-07,8.04055108094119e-07,0.9990643291592217,-3.715492157890714e-06,-3.715492157890714e-06,1.0290490933035716e-06,8.036121501272985e-07,8.036121501272985e-07,1.1548201236382858e-07,1.3315333353739316e-07,1.3315333353739324e-07,0.999066741324546,-4.992717255142382e-07,-4.992717255142382e-07,-7.940933880971982e-23,7008.636400333918
1.6486509265837368,6.710593088306232e-07,8.039960292860223e-07,0.9990634226424694,-3.7137946164867414e-06,-3.7137946164867414e-06,1.029291430032853e-06,8.035714514441765e-07,8.035714514441765e-07,1.145915925686802e-07,1.3293672045539907e-07,1.3293672045539915e-07,0.9990658346305572,-4.978104993426521e-07,-4.978104993426521e-07,-7.940933880970045e-23,6976.74844316318
1.6509535116767309,6.712156245709625e-07,8.039355236371594e-07,0.999062519046374,-3.7122019371364764e-06,-3.7122019371364764e-06,1.029531868202772e-06,8.035296785505354e-07,8.035296785505354e-07,1.1370312973964243e-07,1.3271989906619697e-07,1.3271989906619689e-07,0.9990649308529449,-4.964598425878388e-07,-4.964598425878388e-07,7.940933880050018e-23,6945.003519818266
1.653256096769725,6.713707244039399e-07,8.038735953133827e-07,0.9990616183652952,-3.710714886513482e-06,-3.710714886513482e-06,1.0297704113699287e-06,8.034867719903687e-07,8.034867719903687e-07,1.1281662015643594e-07,1.3250287090944282e-07,1.325028709094428e-07,0.9990640299860811,-4.952205052599511e-07,-4.952205052599511e-07,2.646977959712565e-23,6913.40101257117
1.655558681862719,6.715246109511555e-07,8.038102484735247e-07,0.999060720593575,-3.709333876181663e-06,-3.709333876181663e-06,1.0300070630878993e-06,8.034426718292144e-07,8.034426718292144e-07,1.1193206010712705e-07,1.3228563752236922e-07,1.3228563752236922e-07,0.9990631320243204,-4.940928822875642e-07,-4.940928822875642e-07,-4.55206258784518e-33,6881.940306086997
1.6578612669557131,6.716772868296207e-07,8.037454872693956e-07,0.9990598257255388,-3.7080589669739055e-06,-3.7080589669739055e-06,1.0302418269072288e-06,8.033973178564545e-07,8.033973178564545e-07,1.1104944588810453e-07,1.320682004397749e-07,1.3206820043977487e-07,0.9990622369620006,-4.93077017896323e-07,-4.93077017896323e-07,2.6469779597163924e-23,6850.62078741796
1.660163852048707,6.718287546517668e-07,8.036793158457792e-07,0.9990589337554949,-3.7068898743996487e-06,-3.7068898743996487e-06,1.0304747063754212e-06,8.033506497852548e-07,8.033506497852548e-07,1.1016877380405022e-07,1.3185056119401234e-07,1.3185056119401234e-07,0.9990613447934424,-4.92172611016532e-07,-4.92172611016532e-07,-4.5139271933086055e-33,6819.441845997334
1.662466437141701,6.719790170254517e-07,8.036117383404302e-07,0.9990580446777356,-3.7058259750389496e-06,-3.7058259750389496e-06,1.0307057050369319e-06,8.033026074495597e-07,8.033026074495597e-07,1.0929004016791236e-07,1.316327213149784e-07,1.3163272131497846e-07,0.9990604555129506,-4.913790216772288e-07,-4.913790216772288e-07,-5.293955920788873e-23,6788.402873633366
1.6647690222346951,6.721280765539681e-07,8.035427588840712e-07,0.9990571584865368,-3.7048663138782054e-06,-3.7048663138782054e-06,1.0309348264331581e-06,8.032531309975786e-07,8.032531309975786e-07,1.0841324130088212e-07,1.3141468233010303e-07,1.3141468233010306e-07,0.9990595691148134,-4.906952783419208e-07,-4.906952783419208e-07,-2.6469779606172956e-23,6757.503264503203
1.6670716073276892,6.722759358360512e-07,8.034723816003895e-07,0.9990562751761585,-3.704009612540879e-06,-3.704009612540879e-06,1.031162074102431e-06,8.032021610812284e-07,8.032021610812284e-07,1.0753837353236296e-07,1.3119644576433837e-07,1.3119644576433832e-07,0.9990586855933032,-4.901200861393208e-07,-4.901200861393208e-07,5.293955919893652e-23,6726.742415146748
1.6693741924206833,6.724225974658864e-07,8.034006106060345e-07,0.999055394740845,-3.703254278365031e-06,-3.703254278365031e-06,1.0313874515800074e-06,8.031496390410195e-07,8.031496390410195e-07,1.0666543319994789e-07,1.3097801314014805e-07,1.3097801314014813e-07,0.9990578049426768,-4.896518359408931e-07,-4.896518359408931e-07,-7.940933880952915e-23,6696.11972446052
1.6716767775136774,6.725680640331166e-07,8.033274500106141e-07,0.9990545171748256,-3.702598414277859e-06,-3.702598414277859e-06,1.0316109623980601e-06,8.030955070859024e-07,8.030955070859024e-07,1.0579441664939058e-07,1.307593859774976e-07,1.3075938597749755e-07,0.9990569271571756,-4.892886142354024e-07,-4.892886142354024e-07,5.293955919897397e-23,6665.634593691488
1.6739793626066712,6.727123381228502e-07,8.032529039166928e-07,0.9990536424723144,-3.702039829416498e-06,-3.702039829416498e-06,1.031832610085671e-06,8.030397084676173e-07,8.030397084676173e-07,1.0492532023458239e-07,1.3054056579384273e-07,1.305405657938426e-07,0.9990560522310262,-4.890282137497267e-07,-4.890282137497267e-07,1.3234889800408324e-22,6635.286426430862
1.6762819476996653,6.728554223156688e-07,8.031769764197887e-07,0.9990527706275107,-3.7015760504429644e-06,-3.7015760504429644e-06,1.0320523981688212e-06,8.029821876491216e-07,8.029821876491216e-07,1.0405814031752298e-07,1.303215541041199e-07,1.3032155410411993e-07,0.99905518015844,-4.888681447638096e-07,-4.888681447638096e-07,-2.646977960607951e-23,6605.074628607885
1.6785845327926594,6.729973191876344e-07,8.030996716083708e-07,0.9990519016345992,-3.7012043335007453e-06,-3.7012043335007453e-06,1.032270330170384e-06,8.029228904666944e-07,8.029228904666944e-07,1.0319287326829622e-07,1.301023524207364e-07,1.301023524207364e-07,0.9990543109336141,-4.888056470672622e-07,-4.888056470672622e-07,-4.364144857667758e-33,6574.998608483613
1.6808871178856535,6.731380313102978e-07,8.030209935638564e-07,0.9990510354877505,-3.7009216767596326e-06,-3.7009216767596326e-06,1.0324864096101153e-06,8.028617642853503e-07,8.028617642853503e-07,1.0232951546504482e-07,1.298829622535587e-07,1.2988296225355862e-07,0.9990534445507312,-4.88837702504207e-07,-4.88837702504207e-07,7.940933880074492e-23,6545.057776644602
1.6831897029786476,6.73277561250705e-07,8.02940946360609e-07,0.9990501721811214,-3.7007248334951278e-06,-3.7007248334951278e-06,1.0327006400046456e-06,8.027987581472248e-07,8.027987581472248e-07,1.0146806329394367e-07,1.2966338510990386e-07,1.2966338510990396e-07,0.9990525810039604,-4.889610480526919e-07,-4.889610480526919e-07,-1.0587911841111494e-22,6515.251545996694
1.6854922880716416,6.734159115714062e-07,8.028595340659356e-07,0.9990493117088544,-3.700610325648605e-06,-3.700610325648605e-06,1.0329130248674728e-06,8.027338229126204e-07,8.027338229126204e-07,1.0060851314917544e-07,1.2944362249452948e-07,1.2944362249452942e-07,0.9990517202874566,-4.891721893848627e-07,-4.891721893848627e-07,5.293955919908467e-23,6485.579331758679
1.6877948731646355,6.735530848304622e-07,8.027767607400848e-07,0.999048454065079,-3.700574457814316e-06,-3.700574457814316e-06,1.0331235677089523e-06,8.026669113934376e-07,8.026669113934376e-07,9.975086143290348e-08,1.2922367590962276e-07,1.2922367590962263e-07,0.9990508623953612,-4.894674148539768e-07,-4.894674148539768e-07,1.3234889800419352e-22,6456.040551455972
1.6900974582576296,6.736890835814525e-07,8.026926304362442e-07,0.9990475992439116,-3.7006133315994714e-06,-3.7006133315994714e-06,1.03333227203629e-06,8.025979784787409e-07,8.025979784787409e-07,9.889510455524741e-08,1.2900354685479172e-07,1.2900354685479167e-07,0.9990500073218029,-4.898428098544946e-07,-4.898428098544946e-07,5.293955919912102e-23,6426.634624914308
1.6924000433506237,6.738239103734832e-07,8.026071472005382e-07,0.9990467472394555,-3.700722860304084e-06,-3.700722860304084e-06,1.0335391413535333e-06,8.025269812522445e-07,8.025269812522445e-07,9.804123893425864e-08,1.2878323682705489e-07,1.2878323682705494e-07,0.9990491550608971,-4.902942715019313e-07,-4.902942715019313e-07,-5.293955920764844e-23,6397.360974253333
1.6947026284436177,6.739575677511937e-07,8.025203150720265e-07,0.9990458980458011,-3.7008987838676556e-06,-3.7008987838676556e-06,1.0337441791615635e-06,8.024538791015276e-07,8.024538791015276e-07,9.718926099589362e-08,1.2856274732083289e-07,1.2856274732083289e-07,0.9990483056067463,-4.908175235795494e-07,-4.908175235795494e-07,-4.236656097098845e-33,6368.219023880292
1.6970052135366118,6.740900582547646e-07,8.024321380827018e-07,0.9990450516570267,-3.701136684030489e-06,-3.701136684030489e-06,1.0339473889580876e-06,8.023786338188243e-07,8.023786338188243e-07,9.633916717399028e-08,1.2834207982793722e-07,1.283420798279372e-07,0.9990474589534409,-4.914081316996819e-07,-4.914081316996819e-07,2.6469779597478174e-23,6339.208200483593
1.699307798629606,6.742213844199259e-07,8.023426202574878e-07,0.9990442080671983,-3.7014319996582416e-06,-3.7014319996582416e-06,1.0341487742376299e-06,8.023012096932586e-07,8.023012096932586e-07,9.549095391024232e-08,1.281212358375618e-07,1.281212358375619e-07,0.9990466150950591,-4.920615186282904e-07,-4.920615186282904e-07,-1.0587911841098838e-22,6310.327933026436
1.7016103837226,6.743515487779636e-07,8.022517656142372e-07,0.9990433672703699,-3.7017800421792174e-06,-3.7017800421792174e-06,1.034348338491525e-06,8.022215735944252e-07,8.022215735944252e-07,9.464461765417355e-08,1.2790021683627363e-07,1.2790021683627363e-07,0.9990457740256667,-4.927729797222685e-07,-4.927729797222685e-07,-4.1830228075311575e-33,6281.577652740357
1.7039129688155938,6.744805538557274e-07,8.02159578163731e-07,0.9990425292605839,-3.702176011085047e-06,-3.702176011085047e-06,1.0345460852079076e-06,8.021396950472473e-07,8.021396950472473e-07,9.380015486311521e-08,1.2767902430800367e-07,1.2767902430800362e-07,0.9990449357393184,-4.935376984301231e-07,-4.935376984301231e-07,5.2939559199228495e-23,6252.956793118809
1.706215553908588,6.746084021756385e-07,8.020660619096753e-07,0.9990416940318714,-3.7026150094465393e-06,-3.7026150094465393e-06,1.0347420178717075e-06,8.02055546298067e-07,8.02055546298067e-07,9.295756200217938e-08,1.274576597340368e-07,1.2745765973403683e-07,0.9990441002300571,-4.943507618078381e-07,-4.943507618078381e-07,-2.646977960584448e-23,6224.46478991071
1.708518139001582,6.747350962556968e-07,8.019712208487012e-07,0.9990408615782519,-3.7030920593980088e-06,-3.7030920593980088e-06,1.0349361399646392e-06,8.019691023719542e-07,8.019691023719542e-07,9.211683554423549e-08,1.272361245930043e-07,1.2723612459300437e-07,0.9990432674919144,-4.95207176003204e-07,-4.95207176003204e-07,-7.940933880922064e-23,6196.101081113979
1.710820724094576,6.748606386094886e-07,8.018750589703621e-07,0.9990400318937345,-3.703602117544327e-06,-3.703602117544327e-06,1.035128454965195e-06,8.018803411212451e-07,8.018803411212451e-07,9.127797196988617e-08,1.2701442036087348e-07,1.2701442036087343e-07,0.9990424375189114,-4.961018816628788e-07,-4.961018816628788e-07,5.293955919928134e-23,6167.865106969057
1.7131233091875702,6.749850317461939e-07,8.017775802571332e-07,0.9990392049723171,-3.704140090247254e-06,-3.704140090247254e-06,1.035318966348638e-06,8.017892432653471e-07,8.017892432653471e-07,9.044096776744139e-08,1.2679254851093932e-07,1.2679254851093934e-07,0.9990416103050579,-4.970297692187212e-07,-4.970297692187212e-07,-2.6469779605791844e-23,6139.756309952407
1.7154258942805642,6.751082781705937e-07,8.016787886844096e-07,0.9990383808079875,-3.7047008487483307e-06,-3.7047008487483307e-06,1.035507677586992e-06,8.016957924218721e-07,8.016957924218721e-07,8.960581943289589e-08,1.2657051051381593e-07,1.2657051051381595e-07,0.9990407858443535,-4.979856940106922e-07,-4.979856940106922e-07,-2.646977960577442e-23,6111.774134770019
1.717728479373558,6.752303803830777e-07,8.015786882205053e-07,0.9990375593947228,-3.705279244088063e-06,-3.705279244088063e-06,1.035694592149036e-06,8.015999751291854e-07,8.015999751291854e-07,8.877252346990406e-08,1.2634830783742742e-07,1.2634830783742756e-07,0.9990399641307874,-4.989644912060419e-07,-4.989644912060419e-07,-1.323488980125446e-22,6083.918028350902
1.7200310644665522,6.753513408796518e-07,8.014772828266518e-07,0.9990367407264907,-3.7058701217824423e-06,-3.7058701217824423e-06,1.035879713500296e-06,8.015017808604766e-07,8.015017808604766e-07,8.794107638975589e-08,1.2612594194699988e-07,1.26125941947e-07,0.9990391451583392,-4.999609904758352e-07,-4.999609904758352e-07,-1.3234889801252733e-22,6056.187439840503
1.7223336495595463,6.75471162151945e-07,8.013745764569972e-07,0.9990359247972488,-3.7064683362198837e-06,-3.7064683362198837e-06,1.0360630451030367e-06,8.014012020294865e-07,8.014012020294865e-07,8.711147471135458e-08,1.2590341430505222e-07,1.2590341430505217e-07,0.9990383289209781,-5.009700303918949e-07,-5.009700303918949e-07,5.293955919936809e-23,6028.581820594258
1.7246362346525403,6.755898466872174e-07,8.012705730586051e-07,0.999035111600945,-3.7070687647434788e-06,-3.7070687647434788e-06,1.0362445904162535e-06,8.012982339880404e-07,8.012982339880404e-07,8.62837149611896e-08,1.2568072637138764e-07,1.2568072637138772e-07,0.9990375154126642,-5.019864725090584e-07,-5.019864725090584e-07,-7.940933880909919e-23,6001.100624170976
1.7269388197455344,6.757073969683671e-07,8.011652765714534e-07,0.9990343011315184,-3.7076663213854345e-06,-3.7076663213854345e-06,1.0364243528956664e-06,8.011928750155617e-07,8.011928750155617e-07,8.545779367331582e-08,1.2545787960308637e-07,1.254578796030863e-07,0.9990367046273481,-5.030052150996209e-07,-5.030052150996209e-07,7.940933880109922e-23,5973.743306326299
1.7292414048385285,6.758238154739382e-07,8.01058690928434e-07,0.9990334933828985,-3.708255970222533e-06,-3.708255970222533e-06,1.036602335993711e-06,8.010851263007537e-07,8.010851263007537e-07,8.463370738932861e-08,1.2523487545449582e-07,1.2523487545449582e-07,0.9990358965589713,-5.040212065087968e-07,-5.040212065087968e-07,-3.974403546862772e-33,5946.509325006125
1.7315439899315224,6.75939104678127e-07,8.009508200553515e-07,0.9990326883490062,-3.708832738323457e-06,-3.708832738323457e-06,1.0367785431595316e-06,8.009749919156631e-07,8.009749919156631e-07,8.381145265834036e-08,1.250117153772244e-07,1.2501171537722454e-07,0.9990350912014663,-5.050294581020507e-07,-5.050294581020507e-07,-1.3234889801244187e-22,5919.3981403400585
1.7338465750245164,6.760532670507909e-07,8.008416678709225e-07,0.9990318860237536,-3.709391728260912e-06,-3.709391728260912e-06,1.0369529778389745e-06,8.008624787823462e-07,8.008624787823462e-07,8.299102603695772e-08,1.247884008201316e-07,1.2478840082013162e-07,0.9990342885487572,-5.060250567772219e-07,-5.060250567772219e-07,-2.6469779605637425e-23,5892.409214634787
1.7361491601175105,6.761663050574546e-07,8.007312382867753e-07,0.9990310864010447,-3.709928130163417e-06,-3.709928130163417e-06,1.0371256434745787e-06,8.007475966323831e-07,8.007475966323831e-07,8.217242408925679e-08,1.2456493322932078e-07,1.2456493322932072e-07,0.9990334885947595,-5.070031770163155e-07,-5.070031770163155e-07,5.293955919947007e-23,5865.542012367519
1.7384517452105046,6.762782211593178e-07,8.006195352074491e-07,0.999030289474775,-3.710437233283811e-06,-3.710437233283811e-06,1.0372965435055705e-06,8.006303579594923e-07,8.006303579594923e-07,8.135564338676142e-08,1.243413140481314e-07,1.2434131404813134e-07,0.9990326913333807,-5.079590924540146e-07,-5.079590924540146e-07,5.293955919948684e-23,5838.796000179384
1.7407543303034987,6.763890178132623e-07,8.005065625303932e-07,0.9990294952388323,-3.710914437063539e-06,-3.710914437063539e-06,1.0374656813678545e-06,8.005107779655156e-07,8.005107779655156e-07,8.054068050841895e-08,1.2411754471713077e-07,1.2411754471713082e-07,0.9990318967585199,-5.088881869419663e-07,-5.088881869419663e-07,-5.293955920728399e-23,5812.170646868769
1.7430569153964928,6.7649869747186e-07,8.003923241459673e-07,0.9990287036870965,-3.711355261673906e-06,-3.711355261673906e-06,1.0376330604940075e-06,8.003888745000553e-07,8.003888745000553e-07,7.972753204057752e-08,1.2389362667410736e-07,1.238936266741073e-07,0.999031104864069,-5.09785965090037e-07,-5.09785965090037e-07,5.2939559199520194e-23,5785.665423384774
1.7453595004894868,6.766072625833792e-07,8.002768239374407e-07,0.9990279148134399,-3.7117553580173445e-06,-3.7117553580173445e-06,1.0377986843132708e-06,8.00264667994054e-07,8.00264667994054e-07,7.891619457696301e-08,1.2366956135406148e-07,1.2366956135406146e-07,0.9990303156439116,-5.106480622675818e-07,-5.106480622675818e-07,2.6469779597839892e-23,5759.27980282057
1.7476620855824807,6.767147155917925e-07,8.00160065780992e-07,0.9990271286117276,-3.7121105171741148e-06,-3.7121105171741148e-06,1.0379625562515427e-06,8.001381813876181e-07,8.001381813876181e-07,7.810666471865728e-08,1.234453501891995e-07,1.2344535018919945e-07,0.999029529091925,-5.114702540501469e-07,-5.114702540501469e-07,5.29395591995533e-23,5733.013260406732
1.7499646706754748,6.768210589367843e-07,8.00042053545709e-07,0.9990263450758174,-3.712416679281492e-06,-3.712416679281492e-06,1.038124679731372e-06,8.000094400523983e-07,8.000094400523983e-07,7.729893907407275e-08,1.2322099460892462e-07,1.2322099460892465e-07,0.999028745201978,-5.122484650986564e-07,-5.122484650986564e-07,-2.6469779605520904e-23,5706.865273504658
1.7522672557684689,6.769262950537573e-07,7.999227910935886e-07,0.9990255641995606,-3.71266994183484e-06,-3.71266994183484e-06,1.0382850581719503e-06,7.998784717088399e-07,7.998784717088399e-07,7.649301425893237e-08,1.2299649603983138e-07,1.2299649603983132e-07,0.9990279639679338,-5.129787774604856e-07,-5.129787774604856e-07,5.293955919958615e-23,5680.835321599908
1.754569840861463,6.770304263738403e-07,7.99802282279537e-07,0.9990247859768012,-3.71286656740163e-06,-3.71286656740163e-06,1.0384436949891053e-06,7.997453063386324e-07,7.997453063386324e-07,7.568888689624589e-08,1.2277185590569677e-07,1.2277185590569674e-07,0.9990271853836481,-5.136574382834818e-07,-5.136574382834818e-07,2.6469779597905596e-23,5654.92288629556
1.756872425954457,6.771334553238953e-07,7.996805309513694e-07,0.9990240104013773,-3.713002990741588e-06,-3.713002990741588e-06,1.0386005935952933e-06,7.996099760926822e-07,7.996099760926822e-07,7.488655361628712e-08,1.2254707562747412e-07,1.2254707562747415e-07,0.9990264094429702,-5.1428086693611e-07,-5.1428086693611e-07,-2.6469779605471903e-23,5629.127451305576
1.759175011047451,6.772353843265248e-07,7.995575409498102e-07,0.9990232374671205,-3.7130758253279143e-06,-3.7130758253279143e-06,1.0387557573995925e-06,7.994725151949468e-07,7.994725151949468e-07,7.408601105657163e-08,1.2232215662328531e-07,1.2232215662328537e-07,0.9990256361397434,-5.148456615286736e-07,-5.148456615286736e-07,-5.293955920715259e-23,5603.448502448131
1.761477596140445,6.773362158000789e-07,7.994333161084931e-07,0.9990224671678561,-3.713081869266434e-06,-3.713081869266434e-06,1.0389091898076966e-06,7.993329598424639e-07,7.993329598424639e-07,7.328725586183618e-08,1.2209710030841426e-07,1.2209710030841426e-07,0.9990248654678044,-5.153486048324615e-07,-5.153486048324615e-07,-3.742665600402821e-33,5577.885527638984
1.763780181233439,6.774359521586623e-07,7.993078602539616e-07,0.9990216994974039,-3.7130181106112343e-06,-3.7130181106112343e-06,1.0390608942219067e-06,7.991913481019148e-07,7.991913481019148e-07,7.249028468401287e-08,1.218719080952993e-07,1.2187190809529926e-07,0.9990240974209847,-5.15786669595388e-07,-5.15786669595388e-07,5.293955919966719e-23,5552.438016884798
1.7660827663264331,6.775345958121423e-07,7.991811772056693e-07,0.9990209344495777,-3.7128817320771366e-06,-3.7128817320771366e-06,1.0392108740411258e-06,7.990477198030627e-07,7.990477198030627e-07,7.169509418221e-08,1.2164658139352692e-07,1.2164658139352697e-07,0.9990233319931093,-5.161570232544596e-07,-5.161570232544596e-07,-5.293955920710432e-23,5527.105462276511
1.7683853514194272,6.776321491661549e-07,7.990532707759801e-07,0.9990201720181862,-3.712670115151022e-06,-3.712670115151022e-06,1.0393591326608506e-06,7.989021164294051e-07,7.989021164294051e-07,7.090168102268922e-08,1.2142112160982516e-07,1.2142112160982526e-07,0.9990225691779985,-5.164570320471014e-07,-5.164570320471014e-07,-1.0587911841048214e-22,5501.887357982633
1.7706879365124213,6.777286146221126e-07,7.98924144770169e-07,0.9990194121970323,-3.7123808436055963e-06,-3.7123808436055963e-06,1.039505673473166e-06,7.987545810063787e-07,7.987545810063787e-07,7.011004187884365e-08,1.2119553014805634e-07,1.2119553014805637e-07,0.9990218089694666,-5.166842645249205e-07,-5.166842645249205e-07,-2.6469779605375583e-23,5476.783200242625
1.7729905216054154,6.778239945772116e-07,7.987938029864222e-07,0.9990186549799142,-3.7120117064207176e-06,-3.7120117064207176e-06,1.0396504998667378e-06,7.986051579874563e-07,7.986051579874563e-07,6.932017343117556e-08,1.2096980840921074e-07,1.2096980840921067e-07,0.9990210513613231,-5.168364944750287e-07,-5.168364944750287e-07,7.94093388014278e-23,5451.792487360207
1.7752931066984095,6.779182914244386e-07,7.986622492158382e-07,0.9990179003606252,-3.7115607001190483e-06,-3.7115607001190483e-06,1.0397936152268058e-06,7.984538931384674e-07,7.984538931384674e-07,6.853207236727534e-08,1.207439577913995e-07,1.2074395779139957e-07,0.9990202963473729,-5.169117032556954e-07,-5.169117032556954e-07,-7.940933880873773e-23,5426.914719696705
1.7775956917914033,6.780115075525784e-07,7.985294872424284e-07,0.9990171483329536,-3.7110260305239643e-06,-3.7110260305239643e-06,1.0399350229351775e-06,7.983008334204756e-07,7.983008334204756e-07,6.774573538179856e-08,1.2051797968984997e-07,1.2051797968985005e-07,0.9990195439214153,-5.169080815542506e-07,-5.169080815542506e-07,-7.940933880872202e-23,5402.149399664373
1.7798982768843974,6.781036453462205e-07,7.983955208431176e-07,0.9990163988906837,-3.71040611394923e-06,-3.71040611394923e-06,1.0400747263702216e-06,7.981460268715392e-07,7.981460268715392e-07,6.696115917644598e-08,1.2029187549689727e-07,1.2029187549689716e-07,0.9990187940772463,-5.168240305767596e-07,-5.168240305767596e-07,1.0587911840317184e-22,5377.496031719739
1.7822008619773915,6.781947071857664e-07,7.982603537877453e-07,0.9990156520275949,-3.7096995778310663e-06,-3.7096995778310663e-06,1.0402127289068617e-06,7.979895224876773e-07,7.979895224876773e-07,6.617834045994101e-08,1.2006564660197895e-07,1.2006564660197893e-07,0.9990180468086562,-5.16658162680085e-07,-5.16658162680085e-07,2.6469779598096784e-23,5352.954122356923
1.7845034470703856,6.782846954474369e-07,7.981239898390662e-07,0.9990149077374629,-3.7089052608145486e-06,-3.7089052608145486e-06,1.0403490339165687e-06,7.978313701033561e-07,7.978313701033561e-07,6.539727594800901e-08,1.198392943916293e-07,1.198392943916293e-07,0.9990173021094324,-5.164093014582838e-07,-5.164093014582838e-07,-3.584567184837728e-33,5328.523180100987
1.7868060321633796,6.783736125032792e-07,7.979864327527514e-07,0.9990141660140593,-3.708022212307379e-06,-3.708022212307379e-06,1.040483644767356e-06,7.976716202718063e-07,7.976716202718063e-07,6.461796236335506e-08,1.1961282024947226e-07,1.1961282024947228e-07,0.9990165599733576,-5.160764812963732e-07,-5.160764812963732e-07,-2.6469779605265974e-23,5304.202715501251
1.7891086172563737,6.784614607211733e-07,7.978476862773895e-07,0.9990134268511519,-3.7070496915150623e-06,-3.7070496915150623e-06,1.0406165648237715e-06,7.97510324145474e-07,7.97510324145474e-07,6.38403964356437e-08,1.193862255562162e-07,1.1938622555621623e-07,0.9990158203942108,-5.156589464055043e-07,-5.156589464055043e-07,-2.646977960525056e-23,5279.992241124656
1.7914112023493676,6.785482424648402e-07,7.977077541544877e-07,0.9990126902425048,-3.705987165972681e-06,-3.705987165972681e-06,1.0407477974468921e-06,7.973475333568991e-07,7.973475333568991e-07,6.306457490147694e-08,1.1915951168964754e-07,1.1915951168964749e-07,0.9990150833657673,-5.151561493547304e-07,-5.151561493547304e-07,5.2939559199855457e-23,5255.891271549056
1.7937137874423617,6.786339600938479e-07,7.975666401184729e-07,0.9990119561818791,-3.7048343095891435e-06,-3.7048343095891435e-06,1.0408773459943182e-06,7.971832999003083e-07,7.971832999003083e-07,6.229049450437403e-08,1.1893268002462514e-07,1.1893268002462505e-07,0.9990143488817994,-5.145677491152519e-07,-5.145677491152519e-07,9.264422860241608e-23,5231.899323356588
1.7960163725353557,6.787186159636192e-07,7.974243478966933e-07,0.9990112246630323,-3.7035910002208833e-06,-3.7035910002208833e-06,1.0410052138201653e-06,7.970176760142005e-07,7.970176760142005e-07,6.151815199474986e-08,1.1870573193307403e-07,1.1870573193307409e-07,0.9990136169360759,-5.1389360863411e-07,-5.1389360863411e-07,-5.293955920690155e-23,5208.015915127005
1.7983189576283498,6.788022124254381e-07,7.972808812094194e-07,0.9990104956797189,-3.7022573167924606e-06,-3.7022573167924606e-06,1.0411314042750603e-06,7.968507140651921e-07,7.968507140651921e-07,6.074754412989496e-08,1.1847866878398135e-07,1.1847866878398132e-07,0.9990128875223625,-5.131337919547828e-07,-5.131337919547828e-07,2.6469779598204292e-23,5184.240567431013
1.800621542721344,6.788847518264575e-07,7.971362437698456e-07,0.9990097692256908,-3.7008335359825235e-06,-3.7008335359825235e-06,1.041255920706133e-06,7.966824664333818e-07,7.966824664333818e-07,5.997866767395306e-08,1.1825149194338801e-07,1.1825149194338813e-07,0.9990121606344221,-5.12288560903141e-07,-5.12288560903141e-07,-1.1911400821111345e-22,5160.572802823621
1.802924127814338,6.789662365097054e-07,7.969904392840919e-07,0.9990090452946969,-3.6993201284939736e-06,-3.6993201284939736e-06,1.0413787664570117e-06,7.965129853994838e-07,7.965129853994838e-07,5.921151939790252e-08,1.180242027743866e-07,1.1802420277438652e-07,0.9990114362660147,-5.11358371357606e-07,-5.11358371357606e-07,7.940933880162824e-23,5137.01214583747
1.805226712907332,6.790466688140926e-07,7.968434714512047e-07,0.9990083238804839,-3.6977177549277798e-06,-3.6977177549277798e-06,1.041499944867817e-06,7.963423230339652e-07,7.963423230339652e-07,5.844609607953397e-08,1.177968026371121e-07,1.1779680263711203e-07,0.9990107144108983,-5.10343869122961e-07,-5.10343869122961e-07,6.617444900079482e-23,5113.558122976212
1.807529298000326,6.791260510744196e-07,7.966953439631594e-07,0.9990076049767959,-3.696027261280512e-06,-3.696027261280512e-06,1.0416194592751545e-06,7.961705310884175e-07,7.961705310884175e-07,5.7682394503430624e-08,1.1756929288873972e-07,1.1756929288873983e-07,0.9990099950628277,-5.092458854278741e-07,-5.092458854278741e-07,-1.0587911841022e-22,5090.210262707832
1.80983188309332,6.79204385621383e-07,7.965460605048617e-07,0.9990068885773747,-3.6942496740858135e-06,-3.6942496740858135e-06,1.0417373130121103e-06,7.959976608893767e-07,7.959976608893767e-07,5.692041146094823e-08,1.1734167488347887e-07,1.1734167488347876e-07,0.9990092782155563,-5.080654320663665e-07,-5.080654320663665e-07,1.0587911840336997e-22,5066.968095458027
1.812134468186314,6.792816747815829e-07,7.963956247541493e-07,0.9990061746759606,-3.6923861952206576e-06,-3.6923861952206576e-06,1.0418535094082444e-06,7.958237632347977e-07,7.958237632347977e-07,5.616014375019373e-08,1.171139499725665e-07,1.171139499725664e-07,0.9990085638628349,-5.068036962040602e-07,-5.068036962040602e-07,9.264422860253636e-23,5043.831153603548
1.8144370532793082,6.793579208775303e-07,7.962440403817936e-07,0.9990054632662916,-3.690438196397281e-06,-3.690438196397281e-06,1.0419680517895848e-06,7.956488882933748e-07,7.956488882933748e-07,5.5401588176005164e-08,1.1688611950426326e-07,1.1688611950426332e-07,0.9990078519984127,-5.054620348701063e-07,-5.054620348701063e-07,-5.293955920678173e-23,5020.798971465583
1.8167396383723022,6.794331262276529e-07,7.960913110515023e-07,0.9990047543421042,-3.6884072133620222e-06,-3.6884072133620222e-06,1.0420809434786218e-06,7.954730855068911e-07,7.954730855068911e-07,5.464474154993318e-08,1.1665818482384949e-07,1.1665818482384935e-07,0.9990071426160374,-5.040419691560131e-07,-5.040419691560131e-07,1.3234889800511116e-22,4997.8710853031225
1.8190422234652963,6.795072931463031e-07,7.959374404199202e-07,0.9990040478971335,-3.686294939822412e-06,-3.686294939822412e-06,1.0421921877943023e-06,7.952964034957667e-07,7.952964034957667e-07,5.3889600690217807e-08,1.1643014727361703e-07,1.164301472736171e-07,0.9990064357094548,-5.02545178142731e-07,-5.02545178142731e-07,-6.617444900760081e-23,4975.047033306314
1.8213448085582902,6.795804239437644e-07,7.957824321366327e-07,0.9990033439251129,-3.6841032211239393e-06,-3.6841032211239393e-06,1.042301788052024e-06,7.951188899679619e-07,7.951188899679619e-07,5.313616242177194e-08,1.162020081928684e-07,1.1620200819286837e-07,0.9990057312724093,-5.009734925774083e-07,-5.009734925774083e-07,2.646977959835289e-23,4952.326355589866
1.8236473936512843,6.796525209262582e-07,7.956262898441668e-07,0.999002642419775,-3.68183404769794e-06,-3.68183404769794e-06,1.04240974756363e-06,7.949405916313826e-07,7.949405916313826e-07,5.2384423576158395e-08,1.1597376891790854e-07,1.159737689179086e-07,0.9990050292986445,-4.993288883212726e-07,-4.993288883212726e-07,-5.293955920672323e-23,4929.7085941864025
1.8259499787442783,6.797235863959511e-07,7.954690171779937e-07,0.9990019433748513,-3.6794895483020544e-06,-3.6794895483020544e-06,1.0425160696374026e-06,7.94761554109921e-07,7.94761554109921e-07,5.163438099157249e-08,1.1574543078204267e-07,1.157454307820426e-07,0.9990043297819028,-4.976134795900796e-07,-4.976134795900796e-07,6.617444900092724e-23,4907.193293039898
1.8282525638372724,6.797936226509616e-07,7.953106177665309e-07,0.9990012467840723,-3.6770719830745847e-06,-3.6770719830745847e-06,1.0426207575780585e-06,7.945818218632535e-07,7.945818218632535e-07,5.088603151282048e-08,1.1551699511556944e-07,1.155169951155693e-07,0.9990036327159256,-4.958295120084609e-07,-4.958295120084609e-07,1.323488980051839e-22,4884.779997999023
1.8305551489302665,6.798626319853667e-07,7.95151095231145e-07,0.999000552641168,-3.674583736423926e-06,-3.674583736423926e-06,1.0427238146867423e-06,7.944014381105045e-07,7.944014381105045e-07,5.013937199130079e-08,1.152884632457782e-07,1.1528846324577831e-07,0.9990029380944537,-4.939793554993459e-07,-4.939793554993459e-07,-1.1911400821092215e-22,4862.468256810578
1.8328577340232606,6.799306166892093e-07,7.949904531861533e-07,0.9989998609398677,-3.672027309774156e-06,-3.672027309774156e-06,1.042825244261022e-06,7.942204447578765e-07,7.942204447578765e-07,4.9394399284984616e-08,1.150598364969441e-07,1.1505983649694403e-07,0.9990022459112272,-4.920654970295428e-07,-4.920654970295428e-07,7.940933880181881e-23,4840.257619112892
1.8351603191162544,6.799975790485044e-07,7.948286952388271e-07,0.9989991716739002,-3.6694053141874856e-06,-3.6694053141874856e-06,1.0429250495948828e-06,7.940388823303289e-07,7.940388823303289e-07,4.86511102583963e-08,1.1483111619032264e-07,1.1483111619032264e-07,0.9990015561599859,-4.900905332321773e-07,-4.900905332321773e-07,-3.257590520369159e-33,4818.14763642922
1.8374629042092485,6.800635213452466e-07,7.946658249893935e-07,0.9989984848369944,-3.666720462884074e-06,-3.666720462884074e-06,1.0430232339787225e-06,7.938567899073831e-07,7.938567899073831e-07,4.790950178259273e-08,1.1460230364414689e-07,1.1460230364414687e-07,0.9990008688344694,-4.880571629265002e-07,-4.880571629265002e-07,1.3234889797605056e-23,4796.137862161186
1.8397654893022426,6.801284458574164e-07,7.945018460310384e-07,0.9989978004228789,-3.6639755636794326e-06,-3.6639755636794326e-06,1.0431198006993454e-06,7.936742050631146e-07,7.936742050631146e-07,4.716957073514624e-08,1.143734001736219e-07,1.1437340017362194e-07,0.9990001839284169,-4.859681795552792e-07,-4.859681795552792e-07,-3.9704669405774564e-23,4774.227851582213
1.8420680743952367,6.801923548589874e-07,7.943367619499091e-07,0.9989971184252822,-3.6611735113591398e-06,-3.6611735113591398e-06,1.0432147530399572e-06,7.934911638103841e-07,7.934911638103841e-07,4.643131400012331e-08,1.141444070909217e-07,1.1414440709092172e-07,0.998999501435568,-4.838264635595033e-07,-4.838264635595033e-07,-2.6469779604912033e-23,4752.417161830931
1.8443706594882308,6.802552506199327e-07,7.941705763251169e-07,0.9989964388379334,-3.6583172800102904e-06,-3.6583172800102904e-06,1.0433080942801603e-06,7.93307700549348e-07,7.93307700549348e-07,4.5694728468066296e-08,1.1391532570518419e-07,1.1391532570518424e-07,0.9989988213496624,-4.816349747098227e-07,-4.816349747098227e-07,-5.293955920659488e-23,4730.705351904642
1.8466732445812248,6.803171354062321e-07,7.9400329272874e-07,0.9989957616545617,-3.6554099153286596e-06,-3.6554099153286596e-06,1.0433998276959483e-06,7.931238480202776e-07,7.931238480202776e-07,4.4959811035974756e-08,1.1368615732250794e-07,1.1368615732250794e-07,0.99899814366444,-4.793967444136994e-07,-4.793967444136994e-07,-3.187127839728882e-33,4709.091982652756
1.848975829674219,6.803780114798786e-07,7.938349147258262e-07,0.9989950868688969,-3.652454526919945e-06,-3.652454526919945e-06,1.0434899565597003e-06,7.929396372607047e-07,7.929396372607047e-07,4.42265586072854e-08,1.134569032459477e-07,1.1345690324594756e-07,0.9989974683736411,-4.771148680166402e-07,-4.771148680166402e-07,1.4558378780615967e-22,4687.576616770269
1.8512784147672128,6.804378810988853e-07,7.936654458743961e-07,0.9989944144746695,-3.6494542806132096e-06,-3.6494542806132096e-06,1.0435784841401765e-06,7.927550975669031e-07,7.927550975669031e-07,4.349496809185464e-08,1.132275647755107e-07,1.1322756477551072e-07,0.9989967954710072,-4.747924971156254e-07,-4.747924971156254e-07,-2.6469779604856215e-23,4666.158818791201
1.8535809998602069,6.804967465172921e-07,7.934948897254455e-07,0.9989937444656107,-3.6464123908037913e-06,-3.6464123908037913e-06,1.0436654137025129e-06,7.925702564597022e-07,7.925702564597022e-07,4.276503640593763e-08,1.1299814320815342e-07,1.1299814320815343e-07,0.9989961249502799,-4.724328319020093e-07,-4.724328319020093e-07,-1.3234889803993957e-23,4644.83815508208
1.855883584953201,6.805546099851724e-07,7.933232498229492e-07,0.9989930768354527,-3.6433321128426364e-06,-3.6433321128426364e-06,1.0437507485082167e-06,7.923851396546226e-07,7.923851396546226e-07,4.203676047217119e-08,1.1276863983777686e-07,1.1276863983777685e-07,0.9989954568052022,-4.7003911355083956e-07,-4.7003911355083956e-07,1.3234889797716691e-23,4623.614193835443
1.858186170046195,6.806114737486398e-07,7.931505297038636e-07,0.9989924115779287,-3.640216735488331e-06,-3.640216735488331e-06,1.043834491815161e-06,7.921997710363113e-07,7.921997710363113e-07,4.1310137219555166e-08,1.1253905595522384e-07,1.1253905595522382e-07,0.9989947910295178,-4.676146166728767e-07,-4.676146166728767e-07,2.6469779598578843e-23,4602.486505063289
1.860488755139189,6.806673400498554e-07,7.9297673289813e-07,0.9989917486867733,-3.637069573437439e-06,-3.637069573437439e-06,1.0439166468775794e-06,7.920141726372436e-07,7.920141726372436e-07,4.058516358343285e-08,1.123093928482746e-07,1.1230939284827464e-07,0.998994127616972,-4.651626418449189e-07,-4.651626418449189e-07,-3.970466940564972e-23,4581.454660590621
1.8627913402321832,6.807222111270334e-07,7.928018629286779e-07,0.9989910881557222,-3.6338939599482244e-06,-3.6338939599482244e-06,1.0439972169460618e-06,7.918283646206573e-07,7.918283646206573e-07,3.986183650547341e-08,1.1207965180164441e-07,1.1207965180164441e-07,0.998993466561311,-4.62686508233513e-07,-4.62686508233513e-07,-3.09079283455609e-33,4560.518234048916
1.865093925325177,6.807760892144489e-07,7.926259233114279e-07,0.9989904299785131,-3.6306932395721673e-06,-3.6306932395721673e-06,1.0440762052675502e-06,7.916423652676647e-07,7.916423652676647e-07,3.914015293365199e-08,1.1184983409697898e-07,1.1184983409697899e-07,0.998992807856283,-4.6018954632645564e-07,-4.6018954632645564e-07,-1.323488980392569e-23,4539.676800869669
1.8673965104181711,6.808289765424438e-07,7.924489175552958e-07,0.9989897741488846,-3.6274707610069674e-06,-3.6274707610069674e-06,1.0441536150853323e-06,7.914561909684902e-07,7.914561909684902e-07,3.8420109822233385e-08,1.1161994101285187e-07,1.1161994101285197e-07,0.9989921514956372,-4.5767509078578435e-07,-4.5767509078578435e-07,-9.264422860900285e-23,4518.929938277909
1.8696990955111652,6.80880875337434e-07,7.92270849162195e-07,0.9989891206605777,-3.6242298700841206e-06,-3.6242298700841206e-06,1.0442294496390386e-06,7.91269856217768e-07,7.91269856217768e-07,3.770170413175165e-08,1.1138997382476097e-07,1.1138997382476101e-07,0.9989914974731251,-4.5514647343534064e-07,-4.5514647343534064e-07,-3.970466940559565e-23,4498.277225285731
1.8720016806041593,6.809317878219158e-07,7.920917216270413e-07,0.998988469507335,-3.620973902903447e-06,-3.620973902903447e-06,1.044303712164636e-06,7.910833736138267e-07,7.910833736138267e-07,3.6984932828993926e-08,1.1115993380512546e-07,1.1115993380512548e-07,0.9989908457824999,-4.5260701639528206e-07,-4.5260701639528206e-07,-2.646977960473382e-23,4477.7182426858535
1.8743042656971534,6.809817162144724e-07,7.919115384377549e-07,0.9989878206829014,-3.6177061791262644e-06,-3.6177061791262644e-06,1.0443764058944248e-06,7.908967538618845e-07,7.908967538618845e-07,3.6269792886981344e-08,1.1092982222328248e-07,1.1092982222328248e-07,0.9989901964175167,-4.500600253752448e-07,-4.500600253752448e-07,-3.023604718914818e-33,4457.252573045183
1.8766068507901474,6.810306627297811e-07,7.917303030752655e-07,0.9989871741810237,-3.614429995438182e-06,-3.614429995438182e-06,1.044447534057033e-06,7.90710005781066e-07,7.90710005781066e-07,3.555628128494965e-08,1.1069964034548446e-07,1.1069964034548443e-07,0.9989895493719329,-4.4750878313711996e-07,-4.4750878313711996e-07,2.6469779598686562e-23,4436.879800698349
1.8789094358831413,6.810786295786195e-07,7.915480190135148e-07,0.9989865299954511,-3.611148619191819e-06,-3.611148619191819e-06,1.0445170998774126e-06,7.905231363151529e-07,7.905231363151529e-07,3.4844395008334613e-08,1.1046938943489537e-07,1.1046938943489527e-07,0.9989889046395082,-4.4495654313775973e-07,-4.4495654313775973e-07,1.0587911840379045e-22,4416.5995117413
1.8812120209761354,6.81125618967872e-07,7.913646897194609e-07,0.9989858881199353,-3.6078652822390313e-06,-3.6078652822390313e-06,1.0445851065768342e-06,7.903361505469657e-07,7.903361505469657e-07,3.413413104875002e-08,1.1023907075158887e-07,1.1023907075158883e-07,0.9989882622140044,-4.424065233611878e-07,-4.424065233611878e-07,3.9704669399561395e-23,4396.411294024902
1.8835146060691295,6.811716331005368e-07,7.911803186530814e-07,0.9989852485482303,-3.604583174961576e-06,-3.604583174961576e-06,1.0446515573728837e-06,7.901490517162782e-07,7.901490517162782e-07,3.342548640397281e-08,1.100086855525446e-07,1.1000868555254454e-07,0.9989876220891863,-4.398619003492504e-07,-4.398619003492504e-07,6.617444900127141e-23,4376.314737148519
1.8858171911621235,6.812166741757323e-07,7.909949092673783e-07,0.9989846112740933,-3.6013054405083125e-06,-3.6013054405083125e-06,1.0447164554794569e-06,7.899618412411507e-07,7.899618412411507e-07,3.271845807792518e-08,1.0977823509164597e-07,1.0977823509164602e-07,0.9989869842588212,-4.373258034387992e-07,-4.373258034387992e-07,-5.293955920635151e-23,4356.309432453621
1.8881197762551176,6.812607443887037e-07,7.908084650083809e-07,0.9989839762912839,-3.5980351692464918e-06,-3.5980351692464918e-06,1.0447798041067562e-06,7.897745187425741e-07,7.897745187425741e-07,3.201304308065426e-08,1.0954772061967726e-07,1.095477206196772e-07,0.9989863487166789,-4.3480130921296826e-07,-4.3480130921296826e-07,6.617444900129748e-23,4336.3949730174145
1.8904223613481117,6.813038459308294e-07,7.906209893151503e-07,0.9989833435935647,-3.5947753934339306e-06,-3.5947753934339306e-06,1.0448416064612851e-06,7.895870820723026e-07,7.895870820723026e-07,3.1309238428318e-08,1.0931714338432093e-07,1.0931714338432086e-07,0.9989857154565326,-4.3229143617332955e-07,-4.3229143617332955e-07,6.617444900131045e-23,4316.570953646466
1.8927249464411058,6.813459809896282e-07,7.90432485619783e-07,0.9989827131747013,-3.5915290821181108e-06,-3.5915290821181108e-06,1.0449018657458454e-06,7.893995273437557e-07,7.893995273437557e-07,3.060704114316606e-08,1.0908650463015498e-07,1.0908650463015482e-07,0.9989850844721582,-4.2979913963897884e-07,-4.2979913963897884e-07,1.5881867760726244e-22,4296.836970870349
1.8950275315340996,6.813871517487649e-07,7.902429573474156e-07,0.9989820850284629,-3.5882991362677105e-06,-3.5882991362677105e-06,1.0449605851595317e-06,7.892118489658636e-07,7.892118489658636e-07,2.990644825352086e-08,1.0885580559865078e-07,1.0885580559865071e-07,0.9989844557573349,-4.273273068780482e-07,-4.273273068780482e-07,6.617444900133622e-23,4277.192622935293
1.8973301166270937,6.814273603880575e-07,7.90052407916228e-07,0.9989814591486214,-3.5850883841412457e-06,-3.5850883841412457e-06,1.0450177678977284e-06,7.890240396797272e-07,7.890240396797272e-07,2.9207456793763334e-08,1.0862504752817042e-07,1.0862504752817048e-07,0.9989838293058451,-4.248787524763336e-07,-4.248787524763336e-07,-6.61744490071354e-23,4257.637509797834
1.8996327017200878,6.814666090834837e-07,7.898608407374489e-07,0.9989808355289526,-3.5818995768969678e-06,-3.5818995768969678e-06,1.0450734171521047e-06,7.888360905979619e-07,7.888360905979619e-07,2.851006380431332e-08,1.0839423165396517e-07,1.0839423165396516e-07,0.9989832051114748,-4.224562139471722e-07,-4.224562139471722e-07,1.3234889797968009e-23,4238.171233118522
1.9019352868130819,6.815049000071873e-07,7.896682592153585e-07,0.9989802141632355,-3.578735384447428e-06,-3.578735384447428e-06,1.045127536110611e-06,7.886479912465905e-07,7.886479912465905e-07,2.7814266331612776e-08,1.0816335920817114e-07,1.081633592081712e-07,0.9989825831680131,-4.200623475859938e-07,-4.200623475859938e-07,-6.617444900710994e-23,4218.793396255588
1.904237871906076,6.815422353274845e-07,7.894746667472942e-07,0.9989795950452529,-3.5755983915615315e-06,-3.5755983915615315e-06,1.0451801279574752e-06,7.884597296093501e-07,7.884597296093501e-07,2.71200614281101e-08,1.0793243141980973e-07,1.0793243141980972e-07,0.9989819634692532,-4.1769972457235466e-07,-4.1769972457235466e-07,1.3234889797993367e-23,4199.503604258649
1.90654045699907,6.815786172088708e-07,7.892800667236538e-07,0.9989789781687914,-3.5724910942162752e-06,-3.5724910942162752e-06,1.0452311958731984e-06,7.882712921742745e-07,7.882712921742745e-07,2.642744615223988e-08,1.0770144951478298e-07,1.0770144951478301e-07,0.9989813460089916,-4.1537082732165994e-07,-4.1537082732165994e-07,-2.646977960453936e-23,4180.301463862416
1.908843042092064,6.816140478120271e-07,7.890844625279011e-07,0.9989783635276418,-3.5694158961996932e-06,-3.5694158961996932e-06,1.0452807430345508e-06,7.880826639824136e-07,7.880826639824136e-07,2.5736417568410125e-08,1.0747041471587396e-07,1.0747041471587399e-07,0.9989807307810293,-4.13078046088089e-07,-4.13078046088089e-07,-2.6469779604526806e-23,4161.186583480423
1.911145627185058,6.816485292938265e-07,7.88887857536569e-07,0.9989777511155982,-3.5663751059660746e-06,-3.5663751059660746e-06,1.045328772614568e-06,7.878938286785494e-07,7.878938286785494e-07,2.5046972746981422e-08,1.0723932824274251e-07,1.0723932824274243e-07,0.9989801177791707,-4.108236758197987e-07,-4.108236758197987e-07,7.940933880227323e-23,4142.15857319876
1.913448212278052,6.816820638073408e-07,7.886902551192652e-07,0.9989771409264593,-3.563370933743818e-06,-3.563370933743818e-06,1.0453752877825481e-06,7.877047685637673e-07,7.877047685637673e-07,2.4359108764252114e-08,1.070081913119243e-07,1.0700819131192439e-07,0.9989795069972246,-4.086099132667574e-07,-4.086099132667574e-07,-9.264422860874406e-23,4123.217044769832
1.9157507973710461,6.817146535018463e-07,7.884916586386763e-07,0.998976532954028,-3.5604054888957943e-06,-3.5604054888957943e-06,1.0454202917040464e-06,7.875154646497427e-07,7.875154646497427e-07,2.3672822702442113e-08,1.067770051368299e-07,1.0677700513682991e-07,0.9989788984290039,-4.064388543410893e-07,-4.064388543410893e-07,-1.3234889803641012e-23,4104.361611606104
1.9180533824640402,6.817463005228313e-07,7.882920714505724e-07,0.9989759271921114,-3.5574807775314656e-06,-3.5574807775314656e-06,1.0454637875408731e-06,7.873258967145993e-07,7.873258967145993e-07,2.2988111649673456e-08,1.0654577092774112e-07,1.0654577092774107e-07,0.9989782920683257,-4.0431249172917613e-07,-4.0431249172917613e-07,5.293955920061355e-23,4085.591888773891
1.9203559675570343,6.817770070120015e-07,7.880914969038118e-07,0.9989753236345211,-3.5545987003696907e-06,-3.5545987003696907e-06,1.0455057784510884e-06,7.871360433602004e-07,7.871360433602004e-07,2.230497269995731e-08,1.0631448989181028e-07,1.0631448989181027e-07,0.9989776879090119,-4.022327127544436e-07,-4.022327127544436e-07,1.3234889798080525e-23,4066.9074929871385
1.9226585526500284,6.818067751072872e-07,7.878899383403458e-07,0.9989747222750733,-3.5517610508503834e-06,-3.5517610508503834e-06,1.0455462675890002e-06,7.869458820707307e-07,7.869458820707307e-07,2.1623402953174276e-08,1.0608316323305877e-07,1.0608316323305862e-07,0.9989770859448883,-4.002012974890001e-07,-4.002012974890001e-07,1.455837878065772e-22,4048.3080426012207
1.9249611377430222,6.818356069428492e-07,7.876873990952238e-07,0.9989741231075889,-3.548969513492895e-06,-3.548969513492895e-06,1.0455852581051599e-06,7.867553892724299e-07,7.867553892724299e-07,2.0943399515059846e-08,1.0585179215237466e-07,1.0585179215237461e-07,0.9989764861697862,-3.9821991711199977e-07,-3.9821991711199977e-07,5.293955920065031e-23,4029.793157606759
1.9272637228360163,6.818635046490854e-07,7.874838824965973e-07,0.9989735261258934,-3.5462256624984558e-06,-3.5462256624984558e-06,1.045622753146358e-06,7.865645403943388e-07,7.865645403943388e-07,2.026495949718701e-08,1.0562037784751182e-07,1.0562037784751185e-07,0.9989758885775409,-3.962901325120667e-07,-3.962901325120667e-07,-2.64697796044282e-23,4011.3624596234363
1.9295663079290104,6.818904703526373e-07,7.872793918657258e-07,0.9989729313238174,-3.5435309605935945e-06,-3.5435309605935945e-06,1.0456587558556225e-06,7.863733099299198e-07,7.863733099299198e-07,1.958808001694986e-08,1.0538892151308855e-07,1.0538892151308843e-07,0.998975293161993,-3.9441339313069144e-07,-3.9441339313069144e-07,1.1911400820491678e-22,3993.0155718938586
1.9318688930220045,6.819165061763962e-07,7.87073930516981e-07,0.9989723386951962,-3.540886758111011e-06,-3.540886758111011e-06,1.045693269372214e-06,7.861816714994185e-07,7.861816714994185e-07,1.8912758197548224e-08,1.0515742434058477e-07,1.0515742434058474e-07,0.9989746999169877,-3.9259103604308724e-07,-3.9259103604308724e-07,2.6469779598989725e-23,3974.7521192773856
1.9341714781149986,6.819416142395097e-07,7.868675017578524e-07,0.9989717482338704,-3.538294292304027e-06,-3.538294292304027e-06,1.0457262968316232e-06,7.859895979128285e-07,7.859895979128285e-07,1.8238991167970623e-08,1.0492588751834272e-07,1.049258875183427e-07,0.9989741088363756,-3.9082428527261716e-07,-3.9082428527261716e-07,2.6469779599001733e-23,3956.5717282440232
1.9364740632079926,6.819657966573879e-07,7.86660108888952e-07,0.9989711599336857,-3.535754686890289e-06,-3.535754686890289e-06,1.0457578413655668e-06,7.857970612333312e-07,7.857970612333312e-07,1.756677606297816e-08,1.046943122315641e-07,1.0469431223156413e-07,0.9989735199140124,-3.8911425133448096e-07,-3.8911425133448096e-07,-3.9704669405228524e-23,3938.4740268682626
1.9387766483009865,6.819890555417098e-07,7.864517552040193e-07,0.9989705737884931,-3.533268951820097e-06,-3.533268951820097e-06,1.0457879061019849e-06,7.856040328410784e-07,7.856040328410784e-07,1.68961100230896e-08,1.0446269966230956e-07,1.0446269966230959e-07,0.9989729331437587,-3.874619310040198e-07,-3.874619310040198e-07,-2.6469779604368173e-23,3920.4586448230193
1.9410792333939806,6.820113930004297e-07,7.862424439899269e-07,0.9989699897921491,-3.5308379832643907e-06,-3.5308379832643907e-06,1.0458164941650373e-06,7.854104834971911e-07,7.854104834971911e-07,1.6226990194562367e-08,1.0423105098949722e-07,1.0423105098949719e-07,0.9989723485194811,-3.858682073046832e-07,-3.858682073046832e-07,2.6469779599037456e-23,3902.5252133735116
1.9433818184869747,6.820328111377835e-07,7.860321785266852e-07,0.9989694079385155,-3.528462563817146e-06,-3.528462563817146e-06,1.0458436086751007e-06,7.852163834078512e-07,7.852163834078512e-07,1.5559413729380855e-08,1.0399936738890174e-07,1.0399936738890174e-07,0.9989717660350511,-3.84333849710405e-07,-3.84333849710405e-07,-2.6476199236415322e-33,3884.673365371199
1.9456844035799687,6.820533120542951e-07,7.858209620874481e-07,0.9989688282214597,-3.5261433629064802e-06,-3.5261433629064802e-06,1.0458692527487656e-06,7.850217022883622e-07,7.850217022883622e-07,1.4893377785237095e-08,1.0376765003315296e-07,1.0376765003315301e-07,0.998971185684346,-3.828595145566879e-07,-3.828595145566879e-07,-5.293955920602963e-23,3866.9027352476946
1.9479869886729628,6.820728978467825e-07,7.856087979385183e-07,0.998968250634855,-3.5238809374087718e-06,-3.5238809374087718e-06,1.045893429498832e-06,7.848264094270621e-07,7.848264094270621e-07,1.4228879525516197e-08,1.0353590009173581e-07,1.0353590009173583e-07,0.9989706074612488,-3.8144574565469854e-07,-3.8144574565469854e-07,-1.3234889803472587e-23,3849.2129590087516
1.950289573765957,6.820915706083642e-07,7.853956893393522e-07,0.99896767517258,-3.5216757324595727e-06,-3.5216757324595727e-06,1.0459161420343088e-06,7.84630473748972e-07,7.84630473748972e-07,1.3565916119282004e-08,1.0330411873098799e-07,1.0330411873098799e-07,0.998970031359648,-3.8009297510216403e-07,-3.8009297510216403e-07,-2.6124756210541468e-33,3831.603674228187
1.952592158858951,6.821093324284654e-07,7.851816395425658e-07,0.9989671018285198,-3.5195280824550523e-06,-3.5195280824550523e-06,1.0459373934604082e-06,7.844338638790683e-07,7.844338638790683e-07,1.2904484741257711e-08,1.0307230711410045e-07,1.0307230711410035e-07,0.9989694573734385,-3.788015242847891e-07,-3.788015242847891e-07,9.264422860333824e-23,3814.0745200418887
1.9548947439519448,6.821261853928246e-07,7.8496665179394e-07,0.9989665305965648,-3.5174382122374234e-06,-3.5174382122374234e-06,1.0459571868785442e-06,7.842365482050701e-07,7.842365482050701e-07,1.224458257181491e-08,1.0284046640111547e-07,1.0284046640111545e-07,0.9989688854965202,-3.775716050616634e-07,-3.775716050616634e-07,1.3234889798259156e-23,3796.6251371417993
1.957197329044939,6.821421315834992e-07,7.847507293324261e-07,0.9989659614706122,-3.5154062384576187e-06,-3.5154062384576187e-06,1.0459755253863297e-06,7.840384949396357e-07,7.840384949396357e-07,1.1586206796954273e-08,1.0260859774892674e-07,1.0260859774892687e-07,0.9989683157228002,-3.7640332112791424e-07,-3.7640332112791424e-07,-1.323488980110622e-22,3779.2551677699084
1.959499914137933,6.821571730788728e-07,7.845338753901514e-07,0.9989653944445647,-3.5134321711083504e-06,-3.5134321711083504e-06,1.0459924120775728e-06,7.838396721818686e-07,7.838396721818686e-07,1.0929354608291869e-08,1.0237670231127865e-07,1.0237670231127862e-07,0.9989677480461908,-3.7529666954774457e-07,-3.7529666954774457e-07,2.6469779599130602e-23,3761.9642557123007
1.961802499230927,6.821713119536601e-07,7.843160931924247e-07,0.9989648295123313,-3.511515915220492e-06,-3.511515915220492e-06,1.0460078500422747e-06,7.83640047978033e-07,7.83640047978033e-07,1.0274023203044449e-08,1.0214478123876467e-07,1.0214478123876458e-07,0.9989671824606109,-3.742515424507932e-07,-3.742515424507932e-07,9.264422860338424e-23,3744.75204629317
1.9641050843239212,6.821845502789143e-07,7.840973859577421e-07,0.9989642666678279,-3.5096572727156523e-06,-3.5096572727156523e-06,1.0460218423666268e-06,7.834395903813856e-07,7.834395903813856e-07,9.620209784011415e-09,1.01912835678828e-07,1.0191283567882788e-07,0.9989666189599857,-3.732677288846837e-07,-3.732677288846837e-07,1.1911400820509252e-22,3727.61818636888
1.9664076694169152,6.821968901220324e-07,7.838777568977927e-07,0.9989637059049762,-3.50785594440765e-06,-3.50785594440765e-06,1.0460343921330077e-06,7.83238267511036e-07,7.83238267511036e-07,8.967911559562896e-09,1.0168086677576029e-07,1.0168086677576027e-07,0.9989660575382469,-3.723449168164793e-07,-3.723449168164793e-07,1.3234889798316312e-23,3710.562324322029
1.968710254509909,6.822083335467624e-07,7.836572092174643e-07,0.9989631472177045,-3.506111532145516e-06,-3.506111532145516e-06,1.046045502419981e-06,7.830360476097454e-07,7.830360476097454e-07,8.317125743621212e-09,1.0144887567070203e-07,1.0144887567070191e-07,0.9989654981893322,-3.71482695275659e-07,-3.71482695275659e-07,1.1911400820511516e-22,3693.584110055527
1.9710128396029032,6.822188826132087e-07,7.834357461148489e-07,0.998962590599948,-3.5044235410906215e-06,-3.5044235410906215e-06,1.046055176302292e-06,7.82832899100586e-07,7.82832899100586e-07,7.667849555649047e-09,1.0121686350164033e-07,1.0121686350164029e-07,0.9989649409071863,-3.706805566312258e-07,-3.706805566312258e-07,3.9704669400035736e-23,3676.6831949866846
1.9733154246958973,6.822285393778382e-07,7.832133707812494e-07,0.9989620360456484,-3.502791382120452e-06,-3.502791382120452e-06,1.0460634168508654e-06,7.826287906423814e-07,7.826287906423814e-07,7.020080220632581e-09,1.0098483140341119e-07,1.0098483140341119e-07,0.9989643856857607,-3.699378989954544e-07,-3.699378989954544e-07,-2.498397397494104e-33,3659.8592320413404
1.9756180097888913,6.822373058934874e-07,7.829900864011845e-07,0.9989614835487539,-3.5012143743514538e-06,-3.5012143743514538e-06,1.0460702271328035e-06,7.824236911838536e-07,7.824236911838536e-07,6.373814969064921e-09,1.007527805076971e-07,1.0075278050769712e-07,0.9989638325190131,-3.6925402874671555e-07,-3.6925402874671555e-07,-2.646977960418413e-23,3643.1118756479723
1.9779205948818854,6.822451842093676e-07,7.827658961523954e-07,0.9989609331032201,-3.4996917477734334e-06,-3.4996917477734334e-06,1.0460756102113818e-06,7.822175700164097e-07,7.822175700164097e-07,5.729051036935203e-09,1.0052071194302783e-07,1.0052071194302781e-07,0.9989632814009085,-3.686281631638517e-07,-3.686281631638517e-07,1.3234889798372304e-23,3626.440781731842
1.9802231799748795,6.822521763710715e-07,7.825408032058514e-07,0.9989603847030091,-3.4982226459880064e-06,-3.4982226459880064e-06,1.0460795691460487e-06,7.820103968255001e-07,7.820103968255001e-07,5.085785665710321e-09,1.0028862683477973e-07,1.0028862683477982e-07,0.9989627323254187,-3.68059433164601e-07,-3.68059433164601e-07,-9.264422860840417e-23,3609.8456077091446
1.9825257650678734,6.822582844205793e-07,7.823148107257557e-07,0.9989598383420901,-3.4968061290434806e-06,-3.4968061290434806e-06,1.046082106992422e-06,7.818021417404899e-07,7.818021417404899e-07,4.444016102320723e-09,1.0005652630517637e-07,1.000565263051764e-07,0.9989621852865223,-3.675468861404579e-07,-3.675468861404579e-07,-2.646977960415095e-23,3593.326012481188
1.9848283501608674,6.822635103962648e-07,7.820879218695522e-07,0.9989592940144394,-3.4954411763587213e-06,-3.4954411763587213e-06,1.0460832268022863e-06,7.815927753829842e-07,7.815927753829842e-07,3.8037395991470645e-09,9.982441147328746e-08,9.98244114732874e-08,0.998961640278205,-3.670894888805126e-07,-3.670894888805126e-07,5.2939559200950677e-23,3576.8816564285685
1.9871309352538615,6.822678563329014e-07,7.818601397879309e-07,0.9989587517140406,-3.494126689728498e-06,-3.494126689728498e-06,1.0460829316235908e-06,7.813822689135571e-07,7.813822689135571e-07,3.1649534140040534e-09,9.959228345502942e-08,9.959228345502952e-08,0.9989610972944599,-3.666861305767745e-07,-3.666861305767745e-07,-9.264422860837127e-23,3560.512201405382
1.9894335203468556,6.822713242616687e-07,7.816314676248347e-07,0.9989582114348844,-3.4928614964029113e-06,-3.4928614964029113e-06,1.046081224500448e-06,7.811705940768337e-07,7.811705940768337e-07,2.52765481012673e-09,9.936014336316612e-08,9.936014336316601e-08,0.9989605563292873,-3.6633562590357255e-07,-3.6633562590357255e-07,1.0587911840436626e-22,3544.2173107334334
1.9917361054398497,6.822739162101577e-07,7.814019085174649e-07,0.9989576731709688,-3.4916443522335347e-06,-3.4916443522335347e-06,1.0460781084731295e-06,7.809577232448819e-07,7.809577232448819e-07,1.8918410561550504e-09,9.912799230730711e-08,9.912799230730719e-08,0.9989600173766944,-3.660367181636751e-07,-3.660367181636751e-07,-7.940933880750111e-23,3527.996649196472
1.9940386905328438,6.822756342023779e-07,7.811714655962881e-07,0.9989571369162995,-3.4904739448790214e-06,-3.4904739448790214e-06,1.0460735865780665e-06,7.807436294588739e-07,7.807436294588739e-07,1.2575094261203321e-09,9.88958313939102e-08,9.889583139391017e-08,0.9989594804306963,-3.6578808249386904e-07,-3.6578808249386904e-07,2.6469779599297223e-23,3511.8498830344342
1.9963412756258379,6.822764802587628e-07,7.809401419850422e-07,0.9989566026648893,-3.4893488970629596e-06,-3.4893488970629596e-06,1.0460676618478448e-06,7.805282864689809e-07,7.805282864689809e-07,6.246571994300253e-10,9.866366172627947e-08,9.86636617262794e-08,0.9989589454853153,-3.655883291227908e-07,-3.655883291227908e-07,6.617444900185329e-23,3495.7766799377137
1.9986438607188317,6.822764563961759e-07,7.807079408007425e-07,0.9989560704107587,-3.4882677698769857e-06,-3.4882677698769857e-06,1.0460603373112042e-06,7.803116687724685e-07,7.803116687724685e-07,-6.718339145982358e-12,9.843148440456652e-08,9.84314844045666e-08,0.9989584125345812,-3.6543600667401576e-07,-3.6543600667401576e-07,-7.940933880746887e-23,3479.776709041433
2.000946445811826,6.822755646279172e-07,7.804748651536887e-07,0.998955540147936,-3.4872290661220422e-06,-3.4872290661220422e-06,1.0460516159930368e-06,7.800937516499654e-07,7.800937516499654e-07,-6.36619899490733e-10,9.81993005257715e-08,9.819930052577153e-08,0.9989578815725314,-3.6532960550728745e-07,-3.6532960550728745e-07,-2.646977960406445e-23,3463.849640919731
2.00324903090482,6.822738069637289e-07,7.802409181474708e-07,0.998955011870457,-3.486231233681145e-06,-3.486231233681145e-06,1.0460415009143837e-06,7.798745111998806e-07,7.798745111998806e-07,-1.2650501861527454e-09,9.796711118374187e-08,9.796711118374196e-08,0.9989573525932114,-3.6526756109126153e-07,-3.6526756109126153e-07,-9.264422860829604e-23,3447.9951475801
2.0055516159978137,6.822711854098013e-07,7.800061028789758e-07,0.9989544855723654,-3.485272668916763e-06,-3.485272668916763e-06,1.0460299950924345e-06,7.796539243709494e-07,7.796539243709494e-07,-1.8920118983624696e-09,9.773491746917454e-08,9.773491746917447e-08,0.9989568255906741,-3.6524825740086e-07,-3.6524825740086e-07,6.617444900189583e-23,3432.2129024576802
2.007854201090808,6.822677019687796e-07,7.79770422438394e-07,0.9989539612477127,-3.484351720086351e-06,-3.484351720086351e-06,1.0460171015405234e-06,7.794319689928895e-07,7.794319689928895e-07,-2.517507730043759e-09,9.75027204696144e-08,9.750272046961438e-08,0.9989563005589801,-3.6527003033277515e-07,-3.6527003033277515e-07,2.6469779599361034e-23,3416.5025804096067
2.010156786183802,6.82263358639769e-07,7.795338799092259e-07,0.9989534388905584,-3.4834666907696364e-06,-3.4834666907696364e-06,1.0460028232681293e-06,7.792086238051584e-07,7.792086238051584e-07,-3.1415403698304926e-09,9.727052126945688e-08,9.727052126945686e-08,0.9989557774921981,-3.6533117113273283e-07,-3.6533117113273283e-07,2.6469779599371514e-23,3400.8638577093925
2.012459371276796,6.822581574183412e-07,7.792964783682885e-07,0.9989529184949699,-3.4826158433013213e-06,-3.4826158433013213e-06,1.045987163280873e-06,7.789838684837974e-07,7.789838684837974e-07,-3.7641125010795965e-09,9.703832094994731e-08,9.703832094994731e-08,0.9989552563844051,-3.6542992982816737e-07,-3.6542992982816737e-07,-2.3149346957036534e-33,3385.296412041263
2.01476195636979,6.822521002965402e-07,7.79058220885722e-07,0.9989524000550228,-3.4817974022032006e-06,-3.4817974022032006e-06,1.0459701245805154e-06,7.78757683666361e-07,7.78757683666361e-07,-4.3852268018828306e-09,9.680612058918174e-08,9.680612058918176e-08,0.9989547372296855,-3.6556451866031277e-07,-3.6556451866031277e-07,-1.3234889803152985e-23,3369.799922494582
2.0170645414627844,6.822451892628887e-07,7.788191105249964e-07,0.9989518835648007,-3.481009557609723e-06,-3.481009557609723e-06,1.0459517101649554e-06,7.785300509749276e-07,7.785300509749276e-07,-5.004885945085811e-09,9.657392126210767e-08,9.657392126210768e-08,0.9989542200221323,-3.6573311550973776e-07,-3.6573311550973776e-07,-1.3234889803142632e-23,3354.374069558218
2.019367126555778,6.822374263023933e-07,7.785791503429184e-07,0.9989513690183954,-3.4802504686812727e-06,-3.4802504686812727e-06,1.045931923028229e-06,7.783009530371913e-07,7.783009530371913e-07,-5.623092598296427e-09,9.634172404052519e-08,9.634172404052511e-08,0.9989537047558464,-3.659338673095989e-07,-3.659338673095989e-07,7.940933880280678e-23,3339.0185351150026
2.021669711648772,6.822288133965515e-07,7.783383433896382e-07,0.9989508564099071,-3.47951826699962e-06,-3.47951826699962e-06,1.0459107661605067e-06,7.780703735056414e-07,7.780703735056414e-07,-6.239849423901771e-09,9.610952999308678e-08,9.61095299930867e-08,0.9989531914249373,-3.66164893441067e-07,-3.66164893441067e-07,7.940933880281704e-23,3323.733002436144
2.0239722967417664,6.822193525233567e-07,7.780966927086559e-07,0.9989503457334442,-3.47881105994015e-06,-3.47881105994015e-06,1.0458882425480931e-06,7.778382970748354e-07,7.778382970748354e-07,-6.855159079081169e-09,9.587734018529932e-08,9.587734018529923e-08,0.9989526800235223,-3.6642428910552624e-07,-3.6642428910552624e-07,9.26442286036757e-23,3308.5171561756783
2.0262748818347602,6.822090456573044e-07,7.778542013368287e-07,0.9989498369831237,-3.478126934015723e-06,-3.478126934015723e-06,1.0458643551734236e-06,7.776047094967771e-07,7.776047094967771e-07,-7.469024215818713e-09,9.564515567952427e-08,9.564515567952423e-08,0.9989521705457277,-3.667101286684082e-07,-3.667101286684082e-07,3.970466940029212e-23,3293.370682364962
2.0285774669277545,6.82197894769399e-07,7.776108723043773e-07,0.998949330153071,-3.477463958187157e-06,-3.477463958187157e-06,1.0458391070150642e-06,7.773695975944117e-07,7.773695975944117e-07,-8.081447480919666e-09,9.54129775349784e-08,9.541297753497831e-08,0.9989516629856878,-3.670204689696479e-07,-3.670204689696479e-07,9.264422860369603e-23,3278.2932684071247
2.0308800520207484,6.821859018271582e-07,7.773667086348939e-07,0.9989488252374197,-3.4768201871355714e-06,-3.4768201871355714e-06,1.0458125010477093e-06,7.771329492732565e-07,7.771329492732565e-07,-8.692431516020276e-09,9.518080680773571e-08,9.51808068077357e-08,0.9989511573375456,-3.6735335259599594e-07,-3.6735335259599594e-07,1.3234889798615463e-23,3263.284603071597
2.0331826371137427,6.821730687946203e-07,7.771217133453474e-07,0.9989483222303126,-3.476193664491969e-06,-3.476193664491969e-06,1.0457845402421805e-06,7.768947535311831e-07,7.768947535311831e-07,-9.301978957604336e-09,9.494864455072721e-08,9.494864455072716e-08,0.9989506535954527,-3.6770681111057944e-07,-3.6770681111057944e-07,5.293955920117084e-23,3248.3443764886097
2.0354852222067366,6.821593976323494e-07,7.768758894460925e-07,0.9989478211259006,-3.4755824260197374e-06,-3.4755824260197374e-06,1.045755227565425e-06,7.766550004663767e-07,7.766550004663767e-07,-9.910092437015147e-09,9.471649181374305e-08,9.471649181374309e-08,0.9989501517535689,-3.680788682353675e-07,-3.680788682353675e-07,-3.970466940475824e-23,3233.4722801437424
2.0377878072997304,6.821448902974412e-07,7.766292399408745e-07,0.9989473219183438,-3.474984502745854e-06,-3.474984502745854e-06,1.0457245659805144e-06,7.764136812834926e-07,7.764136812834926e-07,-1.0516774580468929e-08,9.448434964343333e-08,9.448434964343331e-08,0.9989496518060637,-3.6846754298235593e-07,-3.6846754298235593e-07,1.3234889798645499e-23,3218.668006872464
2.0400903923927247,6.821295487435297e-07,7.763817678268381e-07,0.9989468246018106,-3.474397924036839e-06,-3.474397924036839e-06,1.045692558446643e-06,7.761707882980395e-07,7.761707882980395e-07,-1.1122028009069148e-08,9.425221908330834e-08,9.425221908330843e-08,0.9989491537471141,-3.688708527294865e-07,-3.688708527294865e-07,-9.264422860813211e-23,3203.931250854687
2.0423929774857186,6.821133749207918e-07,7.761334760945337e-07,0.9989463291704788,-3.4738207206156903e-06,-3.4738207206156903e-06,1.0456592079191264e-06,7.759263149390172e-07,7.759263149390172e-07,-1.1725855338817914e-08,9.402010117374202e-08,9.402010117374196e-08,0.998948657570907,-3.692868162375555e-07,-3.692868162375555e-07,6.617444900205909e-23,3189.261707609388
2.044695562578713,6.820963707759544e-07,7.758843677279247e-07,0.9989458356185345,-3.4732509275162672e-06,-3.4732509275162672e-06,1.0456245173494012e-06,7.756802557498389e-07,7.756802557498389e-07,-1.2328259180631013e-08,9.37879969519703e-08,9.37879969519703e-08,0.9989481632716376,-3.6971345660456864e-07,-3.6971345660456864e-07,-2.173283677752807e-33,3174.6590739891562
2.0469981476717067,6.820785382522996e-07,7.756344457043946e-07,0.9989453439401732,-3.472686586971763e-06,-3.472686586971763e-06,1.045588489685022e-06,7.754326063875737e-07,7.754326063875737e-07,-1.2929242140350513e-08,9.355590745209492e-08,9.355590745209492e-08,0.9989476708435103,-3.7014880415418463e-07,-3.7014880415418463e-07,-2.1634796355258258e-33,3160.1230481748544
2.0493007327647006,6.820598792896707e-07,7.75383712994754e-07,0.9989448541295992,-3.4721257512341276e-06,-3.4721257512341276e-06,1.0455511278696621e-06,7.751833636205415e-07,7.751833636205415e-07,-1.3528806818756657e-08,9.332383370508329e-08,9.332383370508333e-08,0.9989471802807381,-3.705908992551115e-07,-3.705908992551115e-07,-3.9704669404699046e-23,3145.6533296702123
2.051603317857695,6.82040395824478e-07,7.751321725632486e-07,0.9989443661810262,-3.471566485321539e-06,-3.471566485321539e-06,1.0455124348431112e-06,7.74932525324299e-07,7.74932525324299e-07,-1.4126955811583437e-08,9.309177673877047e-08,9.309177673877052e-08,0.9989466915775439,-3.710377950685448e-07,-3.710377950685448e-07,-5.293955920553777e-23,3131.2496192965027
2.0539059029506888,6.820200897897048e-07,7.748798273675656e-07,0.9989438800886765,-3.4710068696911337e-06,-3.4710068696911337e-06,1.045472413541274e-06,7.746800904760543e-07,7.746800904760543e-07,-1.4723691709528787e-08,9.285973757786083e-08,9.285973757786075e-08,0.9989462047281586,-3.714875602208714e-07,-3.714875602208714e-07,7.940933880295634e-23,3116.91161918719
2.056208488043683,6.81998963114913e-07,7.746266803588415e-07,0.998943395846782,-3.470445002834558e-06,-3.470445002834558e-06,1.0454310668961704e-06,7.744260591475516e-07,7.744260591475516e-07,-1.5319017098268787e-08,9.262771724392844e-08,9.262771724392848e-08,0.9989457197268231,-3.7193828139919227e-07,-3.7193828139919227e-07,-3.970466940467e-23,3102.6390327826116
2.058511073136677,6.819770177262488e-07,7.743727344816691e-07,0.998942913449584,-3.4698790037939665e-06,-3.4698790037939665e-06,1.045388397835933e-06,7.741704324964656e-07,7.741704324964656e-07,-1.5912934558471828e-08,9.239571675542036e-08,9.239571675542038e-08,0.9989452365677874,-3.7238806586729e-07,-3.7238806586729e-07,-2.646977960381196e-23,3088.431564824683
2.060813658229671,6.81954255546449e-07,7.741179926741053e-07,0.9989424328913323,-3.469307014596338e-06,-3.469307014596338e-06,1.045344409284807e-06,7.739132127563515e-07,7.739132127563515e-07,-1.6505446665808056e-08,9.216373712765639e-08,9.216373712765634e-08,0.9989447552453103,-3.7283504389991683e-07,-3.7283504389991683e-07,5.2939559201288255e-23,3074.2889213516014
2.063116243322665,6.819306784948464e-07,7.738624578676784e-07,0.9989419541662871,-3.468727202604246e-06,-3.468727202604246e-06,1.0452991041631495e-06,7.73654403225191e-07,7.73654403225191e-07,-1.7096555990965975e-08,9.193177937283199e-08,9.193177937283203e-08,0.9989442757536606,-3.7327737113353227e-07,-3.7327737113353227e-07,-3.9704669404641323e-23,3060.210809692583
2.065418828415659,6.819062884873757e-07,7.736061329873951e-07,0.9989414772687171,-3.4681377627812776e-06,-3.4681377627812776e-06,1.045252485387427e-06,7.73394008252584e-07,7.73394008252584e-07,-1.7686265099662534e-08,9.169984450001945e-08,9.16998445000194e-08,0.9989437980871161,-3.7371323083169725e-07,-3.7371323083169725e-07,5.2939559201307257e-23,3046.1969384626022
2.0677214135086532,6.81881087436579e-07,7.733490209517486e-07,0.998941002192901,-3.4675369198706262e-06,-3.4675369198706262e-06,1.0452045558702163e-06,7.731320332256296e-07,7.731320332256296e-07,-1.827457655265688e-08,9.14679335151697e-08,9.14679335151696e-08,0.998943322239964,-3.741408360636319e-07,-3.741408360636319e-07,1.0587911840471047e-22,3032.247017557162
2.070023998601647,6.818550772516123e-07,7.730911246727257e-07,0.9989405289331269,-3.4669229304854763e-06,-3.4669229304854763e-06,1.0451553185202028e-06,7.728684845535443e-07,7.728684845535443e-07,-1.886149290576222e-08,9.123604742111346e-08,9.123604742111341e-08,0.9989428482065009,-3.745584317945735e-07,-3.745584317945735e-07,5.29395592013261e-23,3018.3607581470637
2.0723265836946414,6.818282598382502e-07,7.728324470558145e-07,0.9989400574836924,-3.4662940851100137e-06,-3.4662940851100137e-06,1.0451047762421796e-06,7.726033696510669e-07,7.726033696510669e-07,-1.9447016709859496e-08,9.100418721756436e-08,9.100418721756433e-08,0.9989423759810335,-3.749642968867557e-07,-3.749642968867557e-07,2.6469779599638574e-23,3004.5378726732038
2.0746291687876353,6.818006370988926e-07,7.725729910000121e-07,0.9989395878389047,-3.465648710010092e-06,-3.465648710010092e-06,1.045052931937047e-06,7.72336696920698e-07,7.72336696920698e-07,-2.003115051090836e-08,9.07723539011195e-08,9.077235390111941e-08,0.9989419055578777,-3.7535674601004395e-07,-3.7535674601004395e-07,9.264422860389011e-23,2990.7780748414043
2.0769317538806296,6.817722109325699e-07,7.723127593978317e-07,0.9989391199930806,-3.4649851690527343e-06,-3.4649851690527343e-06,1.0449997885018116e-06,7.720684757338236e-07,7.720684757338236e-07,-2.0613896849961797e-08,9.054054846526173e-08,9.05405484652618e-08,0.9989414369313588,-3.7573413146140753e-07,-3.7573413146140753e-07,-6.617444900628192e-23,2977.0810796172104
2.0792343389736234,6.817429832349489e-07,7.720517551353112e-07,0.9989386539405469,-3.464301865433844e-06,-3.464301865433844e-06,1.0449453488295855e-06,7.717987164107731e-07,7.717987164107731e-07,-2.1195258263175137e-08,9.03087719003623e-08,9.030877190036231e-08,0.9989409700958123,-3.760948448925991e-07,-3.760948448925991e-07,-1.323488980287891e-23,2963.4466032207683
2.0815369240666173,6.817129558983383e-07,7.717899810920197e-07,0.9989381896756399,-3.4635972433136377e-06,-3.4635972433136377e-06,1.0448896158095863e-06,7.715274301998642e-07,7.715274301998642e-07,-2.1775237281822987e-08,9.007702519368145e-08,9.007702519368137e-08,0.9989405050455832,-3.7643731894555893e-07,-3.7643731894555893e-07,7.94093388030694e-23,2949.874363121654
2.0838395091596116,6.816821308116948e-07,7.71527440141066e-07,0.9989377271927055,-3.462869789359518e-06,-3.462869789359518e-06,1.0448325923271353e-06,7.712546292554816e-07,7.712546292554816e-07,-2.2353836432306485e-08,8.984530932937108e-08,8.98453093293712e-08,0.9989400417750259,-3.76760028795254e-07,-3.76760028795254e-07,-1.1911400820964808e-22,2936.364078033772
2.0861420942526054,6.816505098606285e-07,7.712641351491063e-07,0.9989372664860999,-3.4621180341962383e-06,-3.4621180341962383e-06,1.0447742812636578e-06,7.709803266152447e-07,7.709803266152447e-07,-2.2931058236169525e-08,8.961362528847784e-08,8.961362528847786e-08,0.9989395802785054,-3.7706149359981297e-07,-3.7706149359981297e-07,-2.646977960369986e-23,2922.9154679102535
2.0884446793455997,6.816180949274086e-07,7.710000689763516e-07,0.9989368075501891,-3.4613405537633345e-06,-3.4613405537633345e-06,1.0447146854966825e-06,7.707045361763133e-07,7.707045361763133e-07,-2.350690521010911e-08,8.938197404894302e-08,8.938197404894303e-08,0.998939120550396,-3.77340277857928e-07,-3.77340277857928e-07,-1.3234889802842325e-23,2909.5282539383516
2.0907472644385936,6.815848878909692e-07,7.707352444765758e-07,0.9989363503793488,-3.4605359705800337e-06,-3.4605359705800337e-06,1.0446538078998405e-06,7.704272726708838e-07,7.704272726708838e-07,-2.4081379865987408e-08,8.915035658560665e-08,8.915035658560665e-08,0.9989386625850822,-3.7759499267373047e-07,-3.7759499267373047e-07,-1.984834790305473e-33,2896.2021585343755
2.0930498495315875,6.815508906269148e-07,7.704696644971231e-07,0.9989358949679649,-3.4597029549179152e-06,-3.4597029549179152e-06,1.0445916513428652e-06,7.70148551640926e-07,7.70148551640926e-07,-2.465448471084455e-08,8.891877387020839e-08,8.891877387020833e-08,0.9989382063769584,-3.778242969294226e-07,-3.778242969294226e-07,6.617444900226638e-23,2882.9369053386436
2.0953524346245818,6.815161050075262e-07,7.702033318789166e-07,0.9989354413104331,-3.4588402258817506e-06,-3.4588402258817506e-06,1.0445282186915916e-06,7.698683894122132e-07,7.698683894122132e-07,-2.522622224691044e-08,8.868722687139044e-08,8.868722687139036e-08,0.9989377519204288,-3.7802689836608423e-07,-3.7802689836608423e-07,7.94093388031238e-23,2869.732219210427
2.0976550197175756,6.81480532901766e-07,7.699362494564657e-07,0.9989349894011595,-3.4579465523991315e-06,-3.4579465523991315e-06,1.044463512807956e-06,7.695868030676966e-07,7.695868030676966e-07,-2.5796594971615584e-08,8.845571655469973e-08,8.84557165546997e-08,0.9989372992099079,-3.782015545732689e-07,-3.782015545732689e-07,2.6469779599738968e-23,2856.5878262229494
2.09995760481057,6.81444176175284e-07,7.696684200578737e-07,0.9989345392345601,-3.457020754119566e-06,-3.457020754119566e-06,1.0443975365499961e-06,7.693038104202731e-07,7.693038104202731e-07,-2.636560537760605e-08,8.822424388258962e-08,8.822424388258961e-08,0.9989368482398203,-3.783470738880715e-07,-3.783470738880715e-07,1.3234889798899423e-23,2843.503453658353
2.102260189903564,6.814070366904235e-07,7.693998465048463e-07,0.9989340908050611,-3.4560617022238844e-06,-3.4560617022238844e-06,1.04433029277185e-06,7.690194299849998e-07,7.690194299849998e-07,-2.693325595275057e-08,8.799280981442281e-08,8.799280981442282e-08,0.9989363990046006,-3.784623162044991e-07,-3.784623162044991e-07,-1.3234889802788605e-23,2830.478830002736
2.104562774996558,6.81369116306226e-07,7.691305316126997e-07,0.998933644107099,-3.455068320144898e-06,-3.455068320144898e-06,1.0442617843237554e-06,7.687336809508026e-07,7.687336809508026e-07,-2.7499549180157836e-08,8.776141530647367e-08,8.776141530647371e-08,0.9989359514986937,-3.7854619369409947e-07,-3.7854619369409947e-07,-3.9704669404476666e-23,2817.513684941154
2.106865360089552,6.813304168784377e-07,7.68860478190368e-07,0.9989331991351201,-3.454039584200375e-06,-3.454039584200375e-06,1.0441920140520512e-06,7.684465831517306e-07,7.684465831517306e-07,-2.806448753818356e-08,8.753006131193031e-08,8.753006131193026e-08,0.9989355057165547,-3.78597671438903e-07,-3.78597671438903e-07,5.2939559201471215e-23,2804.6077493526923
2.109167945182546,6.812909402595145e-07,7.685896890404114e-07,0.9989327558835818,-3.452974524139474e-06,-3.452974524139474e-06,1.0441209847991751e-06,7.681581570378048e-07,7.681581570378048e-07,-2.8628073500445568e-08,8.7298748780897e-08,8.729874878089694e-08,0.9989350616526489,-3.7861576797782816e-07,-3.7861576797782816e-07,6.61744490023284e-23,2791.760755305499
2.11147053027554,6.812506882986277e-07,7.683181669590247e-07,0.998932314346951,-3.45187222360399e-06,-3.45187222360399e-06,1.0440486994036652e-06,7.678684236455088e-07,7.678684236455088e-07,-2.9190309535833087e-08,8.706747866039711e-08,8.706747866039703e-08,0.9989346193014519,-3.785995557678911e-07,-3.785995557678911e-07,7.940933880318557e-23,2778.9724360518694
2.113773115368534,6.8120966284167e-07,7.68045914736045e-07,0.9989318745197054,-3.4507318205056267e-06,-3.4507318205056267e-06,1.0439751607001587e-06,7.675774045679706e-07,7.675774045679706e-07,-2.9751198108519353e-08,8.6836251894375e-08,8.683625189437495e-08,0.9989341786574496,-3.7854816156144685e-07,-3.7854816156144685e-07,5.2939559201497346e-23,2766.24252602335
2.1160757004615283,6.811678657312604e-07,7.677729351549595e-07,0.998931436396333,-3.4495525073209515e-06,-3.4495525073209515e-06,1.0439003715193918e-06,7.672851219248828e-07,7.672851219248828e-07,-3.031074167797453e-08,8.660506942369914e-08,8.660506942369913e-08,0.9989337397151384,-3.7846076670111335e-07,-3.7846076670111335e-07,1.3234889798960652e-23,2753.570760825838
2.118378285554522,6.811252988067505e-07,7.674992309929146e-07,0.9989309999713323,-3.4483335313054014e-06,-3.4483335313054014e-06,1.0438243346882003e-06,7.66991598332206e-07,7.66991598332206e-07,-3.0868942698974604e-08,8.63739321861641e-08,8.63739321861641e-08,0.9989333024690252,-3.78336607333743e-07,-3.78336607333743e-07,-1.8791912296559396e-33,2740.956877234705
2.1206808706475164,6.810819639042292e-07,7.672248050207231e-07,0.998930565239212,-3.447074194628089e-06,-3.447074194628089e-06,1.0437470530295195e-06,7.666968568717032e-07,7.666968568717032e-07,-3.142580362161438e-08,8.614284111649391e-08,8.614284111649391e-08,0.998932866913627,-3.7817497454519667e-07,-3.7817497454519667e-07,-1.8706288758801455e-33,2728.4006131899396
2.1229834557405103,6.81037862856529e-07,7.669496600028729e-07,0.9989301321944918,-3.4457738544290403e-06,-3.4457738544290403e-06,1.0436685293623829e-06,7.664009210603484e-07,7.664009210603484e-07,-3.198132689131967e-08,8.591179714634392e-08,8.591179714634391e-08,0.9989324330434718,-3.779752144175488e-07,-3.779752144175488e-07,1.323488979898634e-23,2715.901707791325
2.125286040833504,6.809929974932311e-07,7.666737986975351e-07,0.9989297008317014,-3.444431922800685e-06,-3.444431922800685e-06,1.0435887665019242e-06,7.661038148196532e-07,7.661038148196532e-07,-3.253551494885608e-08,8.568080120430407e-08,8.568080120430393e-08,0.9989320008530975,-3.7773672801054475e-07,-3.7773672801054475e-07,1.4558378780747926e-22,2703.4599012935814
2.1275886259264984,6.809473696406714e-07,7.66397223856572e-07,0.9989292711453814,-3.443047866695412e-06,-3.443047866695412e-06,1.0435077672593754e-06,7.658055624449565e-07,7.658055624449565e-07,-3.30883702303438e-08,8.544985421590064e-08,8.544985421590061e-08,0.998931570337053,-3.774589712691241e-07,-3.774589712691241e-07,2.6469779599851724e-23,2691.0749351015816
2.1298912110194923,6.809009811219451e-07,7.661199382255462e-07,0.998928843130083,-3.441621207761114e-06,-3.441621207761114e-06,1.0434255344420685e-06,7.655061885747166e-07,7.655061885747166e-07,-3.3639895167265626e-08,8.521895710360103e-08,8.521895710360112e-08,0.9989311414898977,-3.771414548589291e-07,-3.771414548589291e-07,-9.264422860777584e-23,2678.746551765559
2.1321937961124866,6.808538337569133e-07,7.658419445437278e-07,0.998928416780368,-3.4401515221066514e-06,-3.4401515221066514e-06,1.0433420708534346e-06,7.652057181598481e-07,7.652057181598481e-07,-3.419009218648072e-08,8.498811078681448e-08,8.49881107868144e-08,0.9989307143062016,-3.767837439317404e-07,-3.767837439317404e-07,7.940933880326229e-23,2666.4744949763103
2.1344963812054805,6.808059293622079e-07,7.655632455441034e-07,0.998927992090809,-3.438638439999276e-06,-3.438638439999276e-06,1.043257379293004e-06,7.649041764331428e-07,7.649041764331428e-07,-3.473896371023388e-08,8.475731618189545e-08,8.475731618189543e-08,0.9989302887805456,-3.763854578228624e-07,-3.763854578228624e-07,1.3234889799028428e-23,2654.2585095604722
2.1367989662984748,6.807572697512371e-07,7.65283843953384e-07,0.9989275690559888,-3.437081645496043e-06,-3.437081645496043e-06,1.0431714625564075e-06,7.64601588878814e-07,7.64601588878814e-07,-3.5286512156168696e-08,8.452657420214685e-08,8.452657420214689e-08,0.9989298649075207,-3.7594626968250706e-07,-3.7594626968250706e-07,-3.970466940435703e-23,2642.098341475737
2.1391015513914686,6.80707856734191e-07,7.650037424920144e-07,0.9989271476705016,-3.4354808760113304e-06,-3.4354808760113304e-06,1.0430843234353752e-06,7.642979812022025e-07,7.642979812022025e-07,-3.583273993733617e-08,8.429588575782345e-08,8.429588575782342e-08,0.9989294426817291,-3.754659060432726e-07,-3.754659060432726e-07,2.6469779599893454e-23,2629.9937378061713
2.1414041364844625,6.80657692118047e-07,7.6472294387418e-07,0.9989267279289522,-3.4338359218225785e-06,-3.4338359218225785e-06,1.0429959647177374e-06,7.639933792996784e-07,7.639933792996784e-07,-3.6377649462208397e-08,8.406525175613296e-08,8.406525175613299e-08,0.9989290220977838,-3.749441463258585e-07,-3.749441463258585e-07,-2.6469779603492077e-23,2617.9444467574617
2.143706721577457,6.806067777065752e-07,7.644414508078164e-07,0.9989263098259559,-3.4321466255164264e-06,-3.4321466255164264e-06,1.042906389187425e-06,7.636878092287772e-07,7.636878092287772e-07,-3.692124313468737e-08,8.383467310124128e-08,8.383467310124123e-08,0.9989286031503083,-3.743808222851607e-07,-3.743808222851607e-07,5.293955920160678e-23,2605.950217652253
2.1460093066704506,6.805551153003441e-07,7.641592659946178e-07,0.9989258933561392,-3.4304128813774614e-06,-3.4304128813774614e-06,1.04281559962447e-06,7.633812971786029e-07,7.633812971786029e-07,-3.746352335411736e-08,8.360415069427365e-08,8.360415069427368e-08,0.9989281858339373,-3.737758173989902e-07,-3.737758173989902e-07,-2.64697796034757e-23,2594.0108009254604
2.148311891763445,6.805027066967261e-07,7.638763921300445e-07,0.9989254785141394,-3.428634634721725e-06,-3.428634634721725e-06,1.0427235988050053e-06,7.630738694405302e-07,7.630738694405302e-07,-3.800449251529503e-08,8.337368543331834e-08,8.33736854333184e-08,0.9989277701433158,-3.731290662015473e-07,-3.731290662015473e-07,-6.61744490060129e-23,2582.125948119609
2.150614476856439,6.804495536899021e-07,7.635928319033327e-07,0.9989250652946045,-3.426811881177318e-06,-3.426811881177318e-06,1.0426303895012648e-06,7.627655523792401e-07,7.627655523792401e-07,-3.854415300848071e-08,8.314327821343053e-08,8.314327821343057e-08,0.9989273560731001,-3.724405535639872e-07,-3.724405535639872e-07,-3.970466940430791e-23,2570.295411880186
2.1529170619494327,6.803956580708684e-07,7.63308587997502e-07,0.9989246536921936,-3.4249446659142757e-06,-3.4249446659142757e-06,1.042535974481585e-06,7.624563724041171e-07,7.624563724041171e-07,-3.908250721940991e-08,8.29129299266337e-08,8.291292992663359e-08,0.9989269436179576,-3.7171031392426775e-07,-3.7171031392426775e-07,1.1911400820588147e-22,2558.5189459510148
2.155219647042427,6.803410216274406e-07,7.630236630893644e-07,0.9989242437015768,-3.423033082825998e-06,-3.423033082825998e-06,1.0424403565104043e-06,7.621463559410398e-07,7.621463559410398e-07,-3.961955752930202e-08,8.26826414619238e-08,8.26826414619238e-08,0.9989265327725662,-3.709384304685405e-07,-3.709384304685405e-07,-1.7464943848619828e-33,2546.796305169651
2.157522232135421,6.802856461442601e-07,7.627380598495328e-07,0.998923835317435,-3.4210772736645395e-06,-3.4210772736645395e-06,1.042343538348264e-06,7.618355294045899e-07,7.618355294045899e-07,-4.015530631487384e-08,8.24524137052728e-08,8.245241370527268e-08,0.9989261235316146,-3.701250342664084e-07,-3.701250342664084e-07,1.1911400820589748e-22,2535.1272454627715
2.159824817228415,6.802295334027988e-07,7.624517809424295e-07,0.9989234285344603,-3.41907742713197e-06,-3.41907742713197e-06,1.042245522751809e-06,7.6152391917071e-07,7.6152391917071e-07,-4.0689755948347306e-08,8.222224753963066e-08,8.222224753963066e-08,0.9989257158898031,-3.692703033622518e-07,-3.692703033622518e-07,-1.7305387054921904e-33,2523.511523841609
2.162127402321409,6.801726851813649e-07,7.62164829026295e-07,0.9989230233473557,-3.4170337779301477e-06,-3.4170337779301477e-06,1.0421463124737879e-06,7.612115515498335e-07,7.612115515498335e-07,-4.122290879746257e-08,8.199214384492996e-08,8.199214384493008e-08,0.9989253098418428,-3.683744618249679e-07,-3.683744618249679e-07,-1.191140082093586e-22,2511.9488983973806
2.1644299874144033,6.801151032551081e-07,7.61877206753196e-07,0.9989226197508354,-3.4149466057711385e-06,-3.4149466057711385e-06,1.0420459102630533e-06,7.608984527605115e-07,7.608984527605115e-07,-4.1754767225487854e-08,8.176210349808796e-08,8.176210349808784e-08,0.9989249053824557,-3.6743777875835463e-07,-3.6743777875835463e-07,1.1911400820592127e-22,2500.439128296742
2.166732572507397,6.800567893960254e-07,7.61588916769035e-07,0.9989222177396246,-3.412816234350549e-06,-3.412816234350549e-06,1.041944318864564e-06,7.605846489035604e-07,7.605846489035604e-07,-4.2285333591228946e-08,8.153212737300957e-08,8.153212737300965e-08,0.998924502506375,-3.664605672744086e-07,-3.664605672744086e-07,-7.940933880679752e-23,2488.9819737772614
2.169035157600391,6.799977453729655e-07,7.612999617135584e-07,0.9989218173084597,-3.410643030286035e-06,-3.410643030286035e-06,1.0418415410193828e-06,7.602701659367523e-07,7.602701659367523e-07,-4.281461024904145e-08,8.130221634059286e-08,8.130221634059297e-08,0.9989241012083449,-3.654431834318013e-07,-3.654431834318013e-07,-1.0587911840848658e-22,2477.5771961429004
2.1713377426933853,6.799379729516351e-07,7.61010344220365e-07,0.998921418452088,-3.4084274020232434e-06,-3.4084274020232434e-06,1.0417375794646803e-06,7.599550296500669e-07,7.599550296500669e-07,-4.3342599548839817e-08,8.107237126872987e-08,8.107237126872988e-08,0.9989237014831207,-3.6438602514178344e-07,-3.6438602514178344e-07,-1.3234889802539688e-23,2466.22455775951
2.173640327786379,6.798774738946039e-07,7.607200669169151e-07,0.9989210211652685,-3.406169798711379e-06,-3.406169798711379e-06,1.0416324369337334e-06,7.596392656415279e-07,7.596392656415279e-07,-4.386930383610895e-08,8.084259302231115e-08,8.084259302231123e-08,0.9989233033254692,-3.6328953104371856e-07,-3.6328953104371856e-07,-7.940933880677414e-23,2454.9238220503667
2.1759429128793735,6.798162499613099e-07,7.604291324245392e-07,0.9989206254427706,-3.4038707090506383e-06,-3.4038707090506383e-06,1.0415261161559269e-06,7.593228992936373e-07,7.593228992936373e-07,-4.439472545191369e-08,8.061288246322933e-08,8.061288246322935e-08,0.9989229067301679,-3.6215417935248134e-07,-3.6215417935248134e-07,-2.646977960337265e-23,2443.6747534916835
2.1782454979723673,6.797543029080647e-07,7.601375433584466e-07,0.9989202312793757,-3.4015306601136775e-06,-3.4015306601136775e-06,1.041418619856754e-06,7.590059557504304e-07,7.590059557504304e-07,-4.4918866732909224e-08,8.038324045038189e-08,8.03832404503819e-08,0.9989225116920057,-3.6098048667989107e-07,-3.6098048667989107e-07,-1.3234889802516516e-23,2432.477117608172
2.1805480830653616,6.79691634488059e-07,7.59845302327734e-07,0.9989198386698759,-3.3991502161432712e-06,-3.3991502161432712e-06,1.0413099507578168e-06,7.58688459895161e-07,7.58688459895161e-07,-4.544173001135221e-08,8.015366783967502e-08,8.015366783967504e-08,0.9989221182057829,-3.5976900683233517e-07,-3.5976900683233517e-07,-1.323488980250886e-23,2421.330680968614
2.1828506681583555,6.796282464513678e-07,7.595524119353947e-07,0.9989194476090748,-3.3967299773283348e-06,-3.3967299773283348e-06,1.0412001115768288e-06,7.583704363286373e-07,7.583704363286373e-07,-4.5963317615109944e-08,7.9924165484027e-08,7.992416548402698e-08,0.9989217262663106,-3.585203295867558e-07,-3.585203295867558e-07,1.3234889799195652e-23,2410.2352111814303
2.1851532532513493,6.795641405449555e-07,7.592588747783273e-07,0.9989190580917873,-3.394270578560358e-06,-3.394270578560358e-06,1.041089105027613e-06,7.58051909348216e-07,7.58051909348216e-07,-4.648363186767195e-08,7.969473423337179e-08,7.969473423337178e-08,0.9989213358684116,-3.572350794470488e-07,-3.572350794470488e-07,1.3234889799203243e-23,2399.190476890276
2.1874558383443437,6.794993185126817e-07,7.58964693447344e-07,0.9989186701128394,-3.3917726881723775e-06,-3.3917726881723775e-06,1.0409769338201046e-06,7.577329029274732e-07,7.577329029274732e-07,-4.7002675088158276e-08,7.946537493466234e-08,7.946537493466233e-08,0.9989209470069198,-3.559139143830013e-07,-3.559139143830013e-07,1.3234889799210803e-23,2388.1962477696743
2.1897584234373375,6.794337820953059e-07,7.586698705271803e-07,0.9989182836670688,-3.389237006662509e-06,-3.389237006662509e-06,1.0408636006603523e-06,7.574134406965568e-07,7.574134406965568e-07,-4.752044959133086e-08,7.923608843187449e-08,7.923608843187442e-08,0.9989205596766804,-3.5455752455378764e-07,-3.5455752455378764e-07,6.61744490026121e-23,2377.252294520632
2.192061008530332,6.793675330304933e-07,7.583744085965032e-07,0.9989178987493242,-3.3866642654040355e-06,-3.3866642654040355e-06,1.0407491082505175e-06,7.570935459232347e-07,7.570935459232347e-07,-4.8036957687604483e-08,7.900687556600974e-08,7.900687556600993e-08,0.99892017387255,-3.531666310180228e-07,-3.531666310180228e-07,-1.8528845721350083e-22,2366.358388866279
2.1943635936233257,6.793005730528198e-07,7.580783102279203e-07,0.9989175153544658,-3.3840552253440517e-06,-3.3840552253440517e-06,1.0406334592888765e-06,7.567732414946465e-07,7.567732414946465e-07,-4.8552201683054745e-08,7.877773717510071e-08,7.877773717510057e-08,0.9989197895893965,-3.517419844323703e-07,-3.517419844323703e-07,1.3234889800686928e-22,2355.514303547549
2.1966661787163195,6.792329038937769e-07,7.57781577987989e-07,0.998917133477365,-3.38141067569256e-06,-3.38141067569256e-06,1.0405166564698215e-06,7.564525498997644e-07,7.564525498997644e-07,-4.906618387942901e-08,7.854867409421222e-08,7.854867409421212e-08,0.998919406822099,-3.502843637406041e-07,-3.502843637406041e-07,1.0587911840517981e-22,2344.719812318837
2.198968763809314,6.79164527281778e-07,7.574842144372248e-07,0.998916753112905,-3.3787314326039472e-06,-3.3787314326039472e-06,1.040398702483861e-06,7.561314932125726e-07,7.561314932125726e-07,-4.9578906574157214e-08,7.831968715544688e-08,7.831968715544686e-08,0.9989190255655482,-3.4879457485504795e-07,-3.4879457485504795e-07,2.6469779600096553e-23,2333.974689943706
2.2012713489023077,6.790954449421625e-07,7.571862221301106e-07,0.9989163742559799,-3.376018337852652e-06,-3.376018337852652e-06,1.040279600017621e-06,7.558100930759702e-07,7.558100930759702e-07,-5.009037206035997e-08,7.809077718794821e-08,7.809077718794819e-08,0.9989186458146463,-3.472734493322095e-07,-3.472734493322095e-07,2.6469779600103917e-23,2323.2787121905903
2.203573933995302,6.790256585972015e-07,7.568876036151056e-07,0.9989159969014958,-3.3732722575048685e-06,-3.3732722575048685e-06,1.0401593517538469e-06,7.55488370686399e-07,7.55488370686399e-07,-5.060058262686128e-08,7.786194501790413e-08,7.78619450179041e-08,0.9989182675643067,-3.45721843044446e-07,-3.45721843044446e-07,2.646977960011125e-23,2312.6316558285216
2.205876519088296,6.789551699661035e-07,7.565883614346547e-07,0.9989156210443698,-3.370494080588008e-06,-3.370494080588008e-06,1.0400379603714032e-06,7.551663467792055e-07,7.551663467792055e-07,-5.110954055819457e-08,7.763319146855125e-08,7.763319146855112e-08,0.9989178908094541,-3.441406348493894e-07,-3.441406348493894e-07,1.323488980069061e-22,2302.033298622872
2.20817910418129,6.788839807650188e-07,7.562884981251963e-07,0.9989152466795309,-3.3676847177596796e-06,-3.3676847177596796e-06,1.0399154285452762e-06,7.548440416147323e-07,7.548440416147323e-07,-5.161724813461605e-08,7.740451736017755e-08,7.740451736017754e-08,0.9989175155450253,-3.425307252588944e-07,-3.425307252588944e-07,1.3234889799277378e-23,2291.4834193311012
2.210481689274284,6.78812092707045e-07,7.559880162171729e-07,0.998914873801919,-3.3648450999778125e-06,-3.3648450999778125e-06,1.0397917589465737e-06,7.545214749651483e-07,7.545214749651483e-07,-5.212370763211215e-08,7.717592351012784e-08,7.717592351012791e-08,0.9989171417659677,-3.4089303510912095e-07,-3.4089303510912095e-07,-6.617444900580604e-23,2280.9817976985455
2.212784274367278,6.787395075022323e-07,7.556869182350385e-07,0.9989145024064862,-3.36197617717358e-06,-3.36197617717358e-06,1.039666954242527e-06,7.541986661020106e-07,7.541986661020106e-07,-5.2628921322410114e-08,7.694741073280616e-08,7.69474107328062e-08,0.9989167694672408,-3.392285042334259e-07,-3.392285042334259e-07,-3.970466940410195e-23,2270.5282144541848
2.215086859460272,6.78666226857589e-07,7.553852066972691e-07,0.9989141324881955,-3.359078916928676e-06,-3.359078916928676e-06,1.0395410170964923e-06,7.538756337845639e-07,7.538756337845639e-07,-5.3132891472988384e-08,7.671897983967999e-08,7.671897983968003e-08,0.9989163986438155,-3.3753809013959955e-07,-3.3753809013959955e-07,-3.9704669404094777e-23,2260.1224513064617
2.217389444553266,6.785922524770861e-07,7.550828841163707e-07,0.9989137640420219,-3.356154303158486e-06,-3.356154303158486e-06,1.0394139501679513e-06,7.53552396248772e-07,7.53552396248772e-07,-5.3635620347084644e-08,7.649063163928444e-08,7.64906316392846e-08,0.9989160292906742,-3.35822766693003e-07,-3.35822766693003e-07,-1.588186776117236e-22,2249.7642909390966
2.2196920296462603,6.785175860616627e-07,7.547799529988888e-07,0.9989133970629518,-3.353203334802608e-06,-3.353203334802608e-06,1.0392857561125128e-06,7.532289711970819e-07,7.532289711970819e-07,-5.4137110203706976e-08,7.626236693722609e-08,7.626236693722605e-08,0.9989156614028107,-3.3408352280705305e-07,-3.3408352280705305e-07,3.9704669401010145e-23,2239.453517006913
2.221994614739254,6.784422293092312e-07,7.544764158454175e-07,0.998913031545983,-3.350227024524171e-06,-3.350227024524171e-06,1.0391564375819142e-06,7.52905375788916e-07,7.52905375788916e-07,-5.463736329764225e-08,7.603418653618619e-08,7.603418653618627e-08,0.9989152949752306,-3.323213611425011e-07,-3.323213611425011e-07,-7.940933880661876e-23,2229.1899141317062
2.2242971998322485,6.783661839146824e-07,7.541722751506084e-07,0.9989126674861252,-3.3472263974193e-06,-3.3472263974193e-06,1.039025997224022e-06,7.525816266318884e-07,7.525816266318884e-07,-5.513638187946605e-08,7.5806091235926e-08,7.580609123592604e-08,0.9989149300029506,-3.3053729681686654e-07,-3.3053729681686654e-07,-3.970466940406638e-23,2218.973267898089
2.2265997849252424,6.782894515698908e-07,7.5386753340318e-07,0.9989123048783993,-3.34420248973807e-06,-3.34420248973807e-06,1.0388944376828354e-06,7.522577397737431e-07,7.522577397737431e-07,-5.563416819555251e-08,7.557808183328913e-08,7.557808183328917e-08,0.9989145664809995,-3.2873235612534984e-07,-3.2873235612534984e-07,-3.970466940405936e-23,2208.803364849387
2.228902370018236,6.782120339637197e-07,7.535621930859268e-07,0.9989119437178383,-3.34115634761823e-06,-3.34115634761823e-06,1.038761761598484e-06,7.519337306950054e-07,7.519337306950054e-07,-5.613072448808395e-08,7.535015912220699e-08,7.535015912220705e-08,0.9989142044044176,-3.269075752745228e-07,-3.269075752745228e-07,-5.293955920490081e-23,2198.679992483529
2.2312049551112305,6.78133932782026e-07,7.532562566757277e-07,0.9989115839994864,-3.338089025832877e-06,-3.338089025832877e-06,1.0386279716072327e-06,7.516096143023428e-07,7.516096143023428e-07,-5.662605299505852e-08,7.512232389370169e-08,7.512232389370172e-08,0.9989138437682564,-3.250639991299662e-07,-3.250639991299662e-07,-2.646977960319697e-23,2188.6029392489572
2.2335075402042244,6.78055149707666e-07,7.529497266435565e-07,0.9989112257183997,-3.335001586553293e-06,-3.335001586553293e-06,1.0384930703414809e-06,7.512854049226285e-07,7.512854049226285e-07,-5.712015595030285e-08,7.489457693589048e-08,7.489457693589044e-08,0.9989134845675797,-3.2320267997906697e-07,-3.2320267997906697e-07,3.9704669401052174e-23,2178.571994540563
2.2358101252972187,6.779756864204997e-07,7.526426054544897e-07,0.9989108688696459,-3.331895098128049e-06,-3.331895098128049e-06,1.0383570604297654e-06,7.509611162976988e-07,7.509611162976988e-07,-5.7613035583477636e-08,7.466691903398994e-08,7.466691903399002e-08,0.9989131267974622,-3.2132467631009023e-07,-3.2132467631009023e-07,-7.940933880657692e-23,2168.586948695615
2.2381127103902125,6.778955445973965e-07,7.52334895567717e-07,0.9989105134483041,-3.3287706338794153e-06,-3.3287706338794153e-06,1.038219944496761e-06,7.506367615797968e-07,7.506367615797968e-07,-5.810469412008942e-08,7.443935097032047e-08,7.443935097032049e-08,0.9989127704529908,-3.194310516085474e-07,-3.194310516085474e-07,-2.646977960317627e-23,2158.6475929897374
2.2404152954832064,6.778147259122402e-07,7.520265994365493e-07,0.9989101594494654,-3.325629270918145e-06,-3.325629270918145e-06,1.0380817251632827e-06,7.503123533276951e-07,7.503123533276951e-07,-5.8595133781499334e-08,7.421187352430924e-08,7.42118735243091e-08,0.9989124155292637,-3.1752287317194747e-07,-3.1752287317194747e-07,1.455837878078603e-22,2148.7537196328644
2.2427178805762007,6.777332320359339e-07,7.517177195084286e-07,0.9989098068682325,-3.3224720889775484e-06,-3.3224720889775484e-06,1.0379424050462857e-06,7.499879035034856e-07,7.499879035034856e-07,-5.908435678493201e-08,7.398448747249463e-08,7.398448747249467e-08,0.998912062021391,-3.156012109438339e-07,-3.156012109438339e-07,-3.9704669404011064e-23,2138.905121765234
2.2450204656691946,6.776510646364053e-07,7.514082582249371e-07,0.9989094556997197,-3.3193001692677943e-06,-3.3193001692677943e-06,1.0378019867588691e-06,7.496634234700296e-07,7.496634234700296e-07,-5.957236534348505e-08,7.375719358853177e-08,7.375719358853181e-08,0.9989117099244943,-3.1366713636804584e-07,-3.1366713636804584e-07,-3.970466940400429e-23,2129.101593453408
2.247323050762189,6.775682253786116e-07,7.510982180218064e-07,0.998909105939053,-3.316114593351297e-06,-3.316114593351297e-06,1.0376604729102765e-06,7.493389239890545e-07,7.493389239890545e-07,-6.005916166613752e-08,7.352999264319494e-08,7.352999264319486e-08,0.9989113592337071,-3.1172172126407124e-07,-3.1172172126407124e-07,7.940933880363845e-23,2119.34292968626
2.2496256358551827,6.774847159245445e-07,7.507876013289268e-07,0.9989087575813704,-3.3129164420399992e-06,-3.3129164420399992e-06,1.0375178661058971e-06,7.490144152198894e-07,7.490144152198894e-07,-6.054474795776006e-08,7.33028854043824e-08,7.33028854043823e-08,0.9989110099441744,-3.0976603672429196e-07,-3.0976603672429196e-07,9.264422860449362e-23,2109.628926371039
2.251928220948177,6.774005379332357e-07,7.504764105703562e-07,0.9989084106218213,-3.309706794315315e-06,-3.309706794315315e-06,1.0373741689472682e-06,7.486899067188257e-07,7.486899067188257e-07,-6.102912641912343e-08,7.307587263712063e-08,7.307587263712053e-08,0.998910662051053,-3.0780115203389e-07,-3.0780115203389e-07,1.0587911840534875e-22,2099.9593803294038
2.254230806041171,6.773156930607615e-07,7.501646481643303e-07,0.998908065055567,-3.306486726271446e-06,-3.306486726271446e-06,1.0372293840320762e-06,7.483654074390925e-07,7.483654074390925e-07,-6.151229924690722e-08,7.28489551035688e-08,7.284895510356882e-08,0.9989103155495115,-3.058281336141247e-07,-3.058281336141247e-07,-2.646977960312902e-23,2090.33408929349
2.2565333911341647,6.77230182960248e-07,7.49852316523271e-07,0.9989077208777803,-3.303257310082737e-06,-3.303257310082737e-06,1.0370835139541593e-06,7.48040925731434e-07,7.48040925731434e-07,-6.199426863370979e-08,7.262213356302303e-08,7.262213356302299e-08,0.99890997043473,-3.0384804398965324e-07,-3.0384804398965324e-07,3.9704669401119824e-23,2080.752851901986
2.258835976227159,6.771440092818761e-07,7.495394180537955e-07,0.998907378083646,-3.300019612995694e-06,-3.300019612995694e-06,1.036936561303508e-06,7.477164693452755e-07,7.477164693452755e-07,-6.24750367680562e-08,7.23954087719195e-08,7.239540877191945e-08,0.9989096267019002,-3.018619407805121e-07,-3.018619407805121e-07,5.2939559201974873e-23,2071.215467696239
2.261138561320153,6.770571736728866e-07,7.492259551567271e-07,0.9989070366683607,-3.2967746963462235e-06,-3.2967746963462235e-06,1.036788528666267e-06,7.473920454304666e-07,7.473920454304666e-07,-6.295460583440761e-08,7.216878148384057e-08,7.216878148384053e-08,0.9989092843462262,-2.99870875719315e-07,-2.99870875719315e-07,3.9704669401133e-23,2061.7217371163542
2.263441146413147,6.769696777775852e-07,7.489119302271027e-07,0.9989066966271325,-3.2935236146026222e-06,-3.2935236146026222e-06,1.0366394186247385e-06,7.470676605395869e-07,7.470676605395869e-07,-6.343297801317078e-08,7.194225244951747e-08,7.194225244951748e-08,0.9989089433629231,-2.978758936942115e-07,-2.978758936942115e-07,-1.3234889802254222e-23,2052.2714614973174
2.265743731506141,6.768815232373473e-07,7.485973456541835e-07,0.9989063579551815,-3.2902674144347945e-06,-3.2902674144347945e-06,1.0364892337573819e-06,7.467433206308012e-07,7.467433206308012e-07,-6.391015548070474e-08,7.171582241683614e-08,7.171582241683613e-08,0.9989086037472185,-2.9587803181806064e-07,-2.9587803181806064e-07,1.3234889799449181e-23,2042.8644430651452
2.2680463165991354,6.767927116906237e-07,7.482822038214634e-07,0.9989060206477394,-3.287007133810146e-06,-3.287007133810146e-06,1.0363379766388168e-06,7.46419031071249e-07,7.46419031071249e-07,-6.43861404093336e-08,7.148949213083972e-08,7.148949213083967e-08,0.9989082654943509,-2.938783185242924e-07,-2.938783185242924e-07,5.2939559202001e-23,2033.5004849330303
2.270348901692129,6.767032447729444e-07,7.479665071066792e-07,0.9989056847000499,-3.2837438011165047e-06,-3.2837438011165047e-06,1.036185649839825e-06,7.460947966409569e-07,7.460947966409569e-07,-6.486093496735042e-08,7.126326233373492e-08,7.126326233373478e-08,0.9989079285995712,-2.91877772689788e-07,-2.91877772689788e-07,1.3234889800709812e-22,2024.179391097512
2.272651486785123,6.766131241169248e-07,7.476502578818191e-07,0.9989053501073684,-3.2804784343124536e-06,-3.2804784343124536e-06,1.0360322559273515e-06,7.457706215372559e-07,7.457706215372559e-07,-6.533454131902998e-08,7.103713376489433e-08,7.103713376489432e-08,0.998907593058142,-2.8987740278517704e-07,-2.8987740278517704e-07,1.3234889799468562e-23,2014.9009664346647
2.2749540718781174,6.765223513522699e-07,7.47333458513133e-07,0.9989050168649618,-3.2772120401053584e-06,-3.2772120401053584e-06,1.035877797464507e-06,7.454465093796908e-07,7.454465093796908e-07,-6.580696162463598e-08,7.081110716086313e-08,7.081110716086318e-08,0.9989072588653374,-2.8787820605282623e-07,-2.8787820605282623e-07,-5.293955920476725e-23,2005.6650166962893
2.2772566569711112,6.764309281057797e-07,7.470161113611413e-07,0.9989046849681095,-3.273945613157353e-06,-3.273945613157353e-06,1.03572227701057e-06,7.451224632154076e-07,7.451224632154076e-07,-6.627819804042855e-08,7.058518325536171e-08,7.058518325536164e-08,0.9989069260164436,-2.8588116771278803e-07,-2.8588116771278803e-07,7.940933880372356e-23,1996.471348506135
2.2795592420641055,6.763388560013536e-07,7.466982187806442e-07,0.9989043544121019,-3.270680135319506e-06,-3.270680135319506e-06,1.0355656971209881e-06,7.447984855250011e-07,7.447984855250011e-07,-6.674825271867515e-08,7.035936277929062e-08,7.03593627792906e-08,0.9989065945067582,-2.838872601969291e-07,-2.838872601969291e-07,1.3234889799487689e-23,1987.3197693561212
2.2818618271570994,6.762461366599964e-07,7.463797831207315e-07,0.9989040251922418,-3.26741657489435e-06,-3.26741657489435e-06,1.0354080603473804e-06,7.44474578228811e-07,7.44474578228811e-07,-6.721712780765764e-08,7.013364646073511e-08,7.013364646073515e-08,0.9989062643315911,-2.8189744241142385e-07,-2.8189744241142385e-07,-3.970466940389976e-23,1978.210087602583
2.2841644122500933,6.761527716998219e-07,7.46060806724792e-07,0.9989036973038435,-3.2641558859269204e-06,-3.2641558859269204e-06,1.035249369237539e-06,7.441507426936473e-07,7.441507426936473e-07,-6.76848254516812e-08,6.990803502497e-08,6.99080350249701e-08,0.9989059354862637,-2.7991265902775254e-07,-2.7991265902775254e-07,-9.264422860728724e-23,1969.1421124625242
2.2864669973430876,6.76058762736059e-07,7.457412919305224e-07,0.9989033707422335,-3.2608990075243903e-06,-3.2608990075243903e-06,1.0350896263354321e-06,7.438269797399328e-07,7.438269797399328e-07,-6.815134779108305e-08,6.968252919446349e-08,6.96825291944634e-08,0.9989056079661093,-2.7793383980230066e-07,-2.7793383980230066e-07,9.264422860459721e-23,1960.115654009896
2.2887695824360814,6.759641113810561e-07,7.454212410699378e-07,0.9989030455027496,-3.257646863204408e-06,-3.257646863204408e-06,1.034928834181205e-06,7.435032896492462e-07,7.435032896492462e-07,-6.861669696224106e-08,6.945712968888163e-08,6.945712968888168e-08,0.9989052817664728,-2.759618989246568e-07,-2.759618989246568e-07,-5.293955920472941e-23,1951.130523171883
2.2910721675290757,6.758688192442858e-07,7.451006564693798e-07,0.9989027215807417,-3.2544003602720964e-06,-3.2544003602720964e-06,1.034766995311182e-06,7.431796721722475e-07,7.431796721722475e-07,-6.908087509758172e-08,6.923183722509392e-08,6.923183722509401e-08,0.9989049568827111,-2.7399773439457704e-07,-2.7399773439457704e-07,-9.264422860726854e-23,1942.1865317251952
2.2933747526220696,6.757728879323505e-07,7.447795404495271e-07,0.9989023989715716,-3.251160389225842e-06,-3.251160389225842e-06,1.0346041122578695e-06,7.428561265369759e-07,7.428561265369759e-07,-6.954388432558927e-08,6.90066525171765e-08,6.90066525171766e-08,0.998904633310193,-2.720422274277335e-07,-2.720422274277335e-07,-9.264422860726235e-23,1933.2834922923964
2.295677337715064,6.756763190489866e-07,7.444578953254044e-07,0.9989020776706129,-3.247927823191666e-06,-3.247927823191666e-06,1.0344401875499577e-06,7.425326514574974e-07,7.425326514574974e-07,-7.000572677081317e-08,6.878157627641786e-08,6.878157627641783e-08,0.9989043110442989,-2.7009624189004823e-07,-2.7009624189004823e-07,2.6469779600379788e-23,1924.4212183382256
2.2979799228080577,6.755791141950699e-07,7.441357234063919e-07,0.998901757673251,-3.2447035173862703e-06,-3.2447035173862703e-06,1.0342752237123223e-06,7.422092451428929e-07,7.422092451428929e-07,-7.046640455387745e-08,6.855660921132213e-08,6.855660921132202e-08,0.9989039900804212,-2.6816062376070274e-07,-2.6816062376070274e-07,1.0587911840547657e-22,1915.599524165941
2.3002825079010516,6.754812749686203e-07,7.438130269962352e-07,0.9989014389748829,-3.241488308608559e-06,-3.241488308608559e-06,1.0341092232660262e-06,7.418859053065665e-07,7.418859053065665e-07,-7.092591979148819e-08,6.833175202761495e-08,6.83317520276149e-08,0.9989036704139639,-2.662362006236184e-07,-2.662362006236184e-07,5.29395592020889e-23,1906.818224913686
2.302585092994046,6.753828029648065e-07,7.434898083930539e-07,0.9989011215709178,-3.2382830147595416e-06,-3.2382830147595416e-06,1.0339421887283237e-06,7.415626291758603e-07,7.415626291758603e-07,-7.138427459644328e-08,6.810700542824745e-08,6.81070054282474e-08,0.998903352040343,-2.643237811873259e-07,-2.643237811873259e-07,5.293955920209498e-23,1898.0771365508506
