ln_a,zeta,u,delta_b,delta_gamma,delta_nu,theta_b,theta_gamma,theta_nu,alpha,Phi_N,Psi_N,delta_b_N,delta_gamma_N,delta_nu_N,slip_residual,canonical_denominator
0.0,0.0,0.0,1.0,0.0,0.0,0.0,0.0,0.0,1.3566827895538685e-05,0.0,0.0,1.0,0.0,0.0,2.538269748449102e-32,15622.107605044861
0.002302585092994046,2.0512510100245422e-08,3.118890344805673e-08,0.999999938437553,-8.211650758698993e-08,-8.211650758698993e-08,3.1201201857703746e-08,3.1213509587794943e-08,3.1213509587794943e-08,1.3547387941384048e-05,1.0676393347811088e-08,1.0676393347811311e-08,1.0000000320042632,4.2639106205237e-08,4.2639106205237e-08,-2.2333876536439323e-22,15567.124524446233
0.004605170185988092,4.0981419572352106e-08,6.227837761761535e-08,0.999999876857114,-1.6445546701431247e-07,-1.6445546701431247e-07,6.232746960566647e-08,6.237655977235221e-08,6.237655977235221e-08,1.352792481774201e-05,2.1296958045263368e-08,2.129695804526324e-08,1.0000000636922468,8.465804345614891e-08,8.465804345614891e-08,1.2904017558274242e-22,15512.210699072215
0.0069077552789821375,6.140681171671118e-08,9.326889278357629e-08,0.9999998151115735,-2.474079007246382e-07,-2.474079007246382e-07,9.337912208810553e-08,9.348908901242119e-08,9.348908901242119e-08,1.3508438893058475e-05,3.186208106686669e-08,3.186208106686511e-08,1.000000094918252,1.2566767040966696e-07,1.2566767040966696e-07,1.5749518863249848e-21,15457.36711725738
0.009210340371976183,8.178876989876865e-08,1.2416091593246051e-07,0.9999997530559178,-3.31356507382229e-07,-3.31356507382229e-07,1.2435647624304023e-07,1.2455081150262987e-07,1.2455081150262987e-07,1.3488930534063248e-05,4.237214603369239e-08,4.2372146033691864e-08,1.0000001255386657,1.6528715634761303e-07,1.6528715634761303e-07,5.22778147157088e-22,15402.594759706495
0.01151292546497023,1.021273775445863e-07,1.5495491078101307e-07,0.9999996905472123,-4.166739591701031e-07,-4.166739591701031e-07,1.5525984710684405e-07,1.5556122215042022e-07,1.5556122215042022e-07,1.3469400105766871e-05,5.282753323642638e-08,5.2827533236426776e-08,1.0000001554119446,2.0314568395394918e-07,2.0314568395394918e-07,-3.970466940023203e-22,15347.894599454008
0.013815510557964275,1.2242271813653183e-07,1.8565133779495022e-07,0.9999996274445864,-5.037212667029963e-07,-5.037212667029963e-07,1.8608954781904943e-07,1.8651960251657743e-07,1.8651960251657743e-07,1.3449847971436891e-05,6.32286196584189e-08,6.322861965841839e-08,1.0000001843985997,2.388840844768046e-07,2.388840844768046e-07,5.161607022557849e-22,15293.267601832797
0.01611809565095832,1.4267487520896279e-07,2.1625065420759773e-07,0.9999995636092168,-5.928462184159468e-07,-5.928462184159468e-07,2.1684588962715574e-07,2.1742502767947212e-07,2.1742502767947212e-07,1.3430274492607748e-05,7.357577899863412e-08,7.357577899863494e-08,1.0000002123611795,2.7215639841444415e-07,2.7215639841444415e-07,-8.205631676303411e-22,15238.71472443128
0.018420680743952367,1.628839323440233e-07,2.4675331403864155e-07,0.9999994989043126,-6.84381900828691e-07,-6.84381900828691e-07,2.4752918189165765e-07,2.482763739801422e-07,2.482763739801422e-07,1.3410680029078445e-05,8.386938169461828e-08,8.386938169461826e-08,1.0000002391642546,3.0263135532587517e-07,3.0263135532587517e-07,1.3234889822681663e-23,15184.236917056518
0.020723265836946413,1.8304997316732243e-07,2.7715976811256674e-07,0.9999994331950983,-7.786453055637096e-07,-7.786453055637096e-07,2.7813973209087034e-07,2.7907232760078823e-07,2.7907232760078823e-07,1.3391064938901115e-05,9.410979494524493e-08,9.410979494524431e-08,1.0000002646744026,3.2999376688655737e-07,3.2999376688655737e-07,6.220398206612849e-22,15129.835121702074
0.02302585092994046,2.0317308134385288e-07,3.0747046407743975e-07,0.9999993663487994,-8.759360284937936e-07,-8.759360284937936e-07,3.08677845826208e-07,3.098113939273247e-07,3.098113939273247e-07,1.3371429578374747e-05,1.0429738273358718e-07,1.0429738273358687e-07,1.0000002887601915,3.539458278159654e-07,3.539458278159654e-07,3.1763735524134967e-22,15075.510272515327
0.025328436022934504,2.232533405737396e-07,3.3768584642328525e-07,0.9999992982346253,-9.765350658421758e-07,-9.765350658421758e-07,3.391438268271631e-07,3.404919076420613e-07,3.404919076420613e-07,1.3351774302066547e-05,1.1443250584954544e-07,1.1443250584954565e-07,1.0000003112921645,3.7420831985096525e-07,3.7420831985096525e-07,-2.1175823679300513e-22,15021.263295754996
0.02763102111592855,2.4329083458818583e-07,3.6780635650072615e-07,0.9999992287237549,-1.0807037115163726e-06,-1.0807037115163726e-06,3.6953797695665815e-07,3.711120434914224e-07,3.711120434914224e-07,1.3332099462768493e-05,1.2451552191254095e-07,1.2451552191254032e-07,1.0000003321428244,3.90521714486532e-07,3.90521714486532e-07,6.352747104608821e-22,14967.095109775655
0.029933606208922596,2.632856471453744e-07,3.9783243253944695e-07,0.9999991576893205,-1.1886825593948646e-06,-1.1886825593948646e-06,3.9986059621632684e-07,4.0166982767013253e-07,4.0166982767013253e-07,1.3312405411532914e-05,1.3454678539407314e-07,1.3454678539407253e-07,1.000000351186618,4.026471707629232e-07,4.026471707629232e-07,6.08804930858776e-22,14913.00662498218
0.03223619130191664,2.8323786202639573e-07,4.2776450966660864e-07,0.9999990850063919,-1.3006906137104415e-06,-1.3006906137104415e-06,4.3011198275185283e-07,4.3216314976176946e-07,4.3216314976176946e-07,1.3292692497641162e-05,1.445266476402128e-07,1.445266476402129e-07,1.000000368299921,4.1036742495599306e-07,4.1036742495599306e-07,-1.0587911838744522e-22,14858.998743812022
0.03453877639491069,3.0314756303124033e-07,4.576030199252829e-07,0.9999990105519614,-1.416924510116062e-06,-1.416924510116062e-06,4.602924328584358e-07,4.62589775173907e-07,4.62589775173907e-07,1.3272961068618459e-05,1.5445545689404158e-07,1.544554568940426e-07,1.0000003833610212,4.1348756958506964e-07,4.1348756958506964e-07,-1.0058516248455408e-21,14805.072360700411
0.036841361487904734,3.2301483397484523e-07,4.873483922928888e-07,0.9999989342049284,-1.537557849425796e-06,-1.537557849425796e-06,4.904022409863635e-07,4.929473580044651e-07,4.929473580044651e-07,1.3253211470225721e-05,1.643335583180438e-07,1.643335583180436e-07,1.0000003962501052,4.1183571974575925e-07,4.1183571974575925e-07,2.117582368321184e-22,14751.228362055917
0.03914394658089878,3.428397586831057e-07,5.170010526994656e-07,0.9999988558460834,-1.6627406454760873e-06,-1.6627406454760873e-06,5.204416997465264e-07,5.232334542748133e-07,5.232334542748133e-07,1.3233444046451944e-05,1.7416129401636018e-07,1.7416129401635991e-07,1.0000004068492414,4.0526356532177514e-07,4.0526356532177514e-07,2.6469779603511835e-22,14697.467626237169
0.041446531673892825,3.626224209890626e-07,5.465614240461672e-07,0.9999987753580935,-1.792598887955771e-06,-1.792598887955771e-06,5.504110999162591e-07,5.534455354648251e-07,5.534455354648251e-07,1.3213659139517598e-05,1.8393900305710596e-07,1.8393900305710466e-07,1.0000004150423656,3.9364680822889784e-07,3.9364680822889784e-07,1.297019200500907e-21,14643.791023526299
0.04374911676688687,3.823629047288709e-07,5.760299262232557e-07,0.9999986926254864,-1.9272342205266978e-06,-1.9272342205266978e-06,5.803107304447836e-07,5.835810022837128e-07,5.835810022837128e-07,1.319385708987635e-05,1.9366702149438513e-07,1.9366702149438476e-07,1.000000420715265,3.768854843663248e-07,3.768854843663248e-07,3.7057691444112964e-22,14590.199416104277
0.04605170185988092,4.020612937381315e-07,6.054069761286579e-07,0.9999986075346354,-2.0667237339716485e-06,-2.0667237339716485e-06,6.10140878459321e-07,6.136371986119996e-07,6.136371986119996e-07,1.3174038236200492e-05,2.0334568239052675e-07,2.0334568239052643e-07,1.0000004237555637,3.5490417054298313e-07,3.5490417054298313e-07,3.1763735523735336e-22,14536.693658034204
0.04835428695287496,4.2171767184797767e-07,6.34692987685972e-07,0.9999985199737448,-2.2111198736011226e-06,-2.2111198736011226e-06,6.399018292707545e-07,6.436114255481484e-07,6.436114255481484e-07,1.3154202915398756e-05,2.1297531583799367e-07,2.129753158379943e-07,1.0000004240527078,3.2765207714276525e-07,3.2765207714276525e-07,-6.352747104241134e-22,14483.27459523252
0.05065687204586901,4.413321228813477e-07,6.638883718627081e-07,0.9999984298328337,-2.360450459598482e-06,-2.360450459598482e-06,6.695938663796317e-07,6.735009554956722e-07,6.735009554956722e-07,1.3134351462577212e-05,2.2255624898135966e-07,2.225562489813604e-07,1.0000004214979492,2.951030278523502e-07,2.951030278523502e-07,-7.411538288312761e-22,14429.94306546486
0.052959457138863054,4.6090473064927787e-07,6.929935366884634e-07,0.9999983370037218,-2.51471881849929e-06,-2.51471881849929e-06,6.992172714822022e-07,7.033030462263369e-07,7.033030462263369e-07,1.3114484211102548e-05,2.3208880603918646e-07,2.3208880603918556e-07,1.0000004159843319,2.572553282545637e-07,2.572553282545637e-07,8.999725064735593e-22,14376.699898300845
0.0552620422318571,4.804355789471986e-07,7.220088872729972e-07,0.9999982413800137,-2.6739040234979756e-06,-2.6739040234979756e-06,7.287723244764561e-07,7.330149548563873e-07,7.330149548563873e-07,1.3094601492524466e-05,2.4157330832580036e-07,2.415733083257986e-07,1.0000004074066755,2.141315255940133e-07,2.141315255940133e-07,1.7470054537274918e-21,14323.545915128414
0.057564627324851146,4.99924751551274e-07,7.509348258242774e-07,0.999998142857085,-2.837961240814379e-06,-2.837961240814379e-06,7.582593034682385e-07,7.626339516742128e-07,7.626339516742128e-07,1.3074703636630263e-05,2.510100742730034e-07,2.510100742730034e-07,1.0000003956615624,1.6577806248273043e-07,1.6577806248273043e-07,1.5132849660911013e-32,14270.481929114543
0.05986721241784519,5.193723322147975e-07,7.79771751666522e-07,0.9999980413320662,-3.0068221789126614e-06,-3.0068221789126614e-06,7.876784847774564e-07,7.921573337594412e-07,7.921573337594412e-07,1.3054790971417508e-05,2.6039941945172366e-07,2.6039941945172456e-07,1.0000003806473212,1.1226482775342666e-07,1.1226482775342666e-07,-8.99972506442922e-22,14217.508745201176
0.06216979751083924,5.387784046645979e-07,8.085200612581492e-07,0.9999979367038283,-3.180395636933744e-06,-3.180395636933744e-06,8.170301429442965e-07,8.215824383352189e-07,8.215824383352189e-07,1.3034863823107861e-05,2.6974165659355146e-07,2.697416565935513e-07,1.0000003622640121,5.368460809885264e-08,5.368460809885264e-08,1.5881867762459605e-22,14164.627160085121
0.06447238260383328,5.58143052597525e-07,8.371801482097636e-07,0.9999978288729685,-3.3585681483266337e-06,-3.3585681483266337e-06,8.463145507355787e-07,8.50906655797747e-07,8.50906655797747e-07,1.3014922516130992e-05,2.790370956122378e-07,2.790370956122386e-07,1.0000003404134132,-9.847555487579399e-09,-9.847555487579399e-09,-7.940933880368456e-22,14111.837962211821
0.06677496769682734,5.774663596770489e-07,8.657524033022383e-07,0.9999977177417948,-3.541204715276375e-06,-3.541204715276375e-06,8.755319791513043e-07,8.801274423694347e-07,8.801274423694347e-07,1.2994967373136788e-05,2.882860436251895e-07,2.8828604362518934e-07,1.0000003149990047,-7.819510206742188e-08,-7.819510206742188e-08,1.5881867762389193e-22,14059.141931758235
0.06907755278982138,5.967484095295593e-07,8.942372145041314e-07,0.9999976032143119,-3.7281496292093762e-06,-3.7281496292093762e-06,9.046826974306393e-07,9.092423323236893e-07,9.092423323236893e-07,1.2974998714984155e-05,2.974888049745718e-07,2.9748880497457213e-07,1.0000002859259554,-1.5120077119285063e-07,-1.5120077119285063e-07,-3.176373552069989e-22,14006.53984062685
0.07138013788281541,6.159892857410861e-07,9.226349669897661e-07,0.9999974851962056,-3.919227372328135e-06,-3.919227372328135e-06,9.337669730586565e-07,9.382489497342613e-07,9.382489497342613e-07,1.2955016860752681e-05,3.066456812486802e-07,3.0664568124868004e-07,1.0000002531011065,-2.2868750436907048e-07,-2.2868750436907048e-07,1.5881867762320151e-22,13954.032452431094
0.07368272297580947,6.351890718540375e-07,9.509460431572177e-07,0.9999973635948296,-4.114243594871417e-06,-4.114243594871417e-06,9.627850717730858e-07,9.671450197027588e-07,9.671450197027588e-07,1.2935022127743106e-05,3.1575697130318114e-07,3.157569713031802e-07,1.000000216432959,-3.104594222425464e-07,-3.104594222425464e-07,9.52912065673768e-22,13901.620522486672
0.07598530806880352,6.543478513636802e-07,9.791708226457181e-07,0.99999723831919,-4.312986162516799e-06,-4.312986162516799e-06,9.91737257570577e-07,9.959283790213946e-07,9.959283790213946e-07,1.2915014831429793e-05,3.248229712820377e-07,3.248229712820379e-07,1.000000175831658,-3.963028719339265e-07,-3.963028719339265e-07,-1.5881867759783794e-22,13849.304797824712
0.07828789316179756,6.734657077148211e-07,1.007309682353309e-06,0.9999971092799314,-4.51522626815999e-06,-4.51522626815999e-06,1.0206237927133107e-06,1.0245969862323977e-06,1.0245969862323977e-06,1.2894995285540596e-05,3.338439746384887e-07,3.3384397463848787e-07,1.0000001312089783,-4.85987538746754e-07,-4.85987538746754e-07,8.470329472663103e-22,13797.086017151214
0.0805904782547916,6.925427242989475e-07,1.0353629964552121e-06,0.999996976389322,-4.720719602095549e-06,-4.720719602095549e-06,1.04944493773642e-06,1.053148931048593e-06,1.053148931048593e-06,1.2874963802022196e-05,3.4282027215626427e-07,3.4282027215626464e-07,1.0000000824783113,-5.792676162747004e-07,-5.792676162747004e-07,-3.7057691441207655e-22,13744.96491085681
0.08289306334778565,7.115789844503995e-07,1.0633311364203114e-06,0.9999968395612397,-4.929207574471065e-06,-4.929207574471065e-06,1.0782009514536203e-06,1.0815824430998865e-06,1.0815824430998865e-06,1.2854920691023918e-05,3.51752151969913e-07,3.5175215196991194e-07,1.000000029554649,-6.758830287898197e-07,-6.758830287898197e-07,1.0587911840792284e-21,13692.9422010198
0.0851956484407797,7.305745714436312e-07,1.0912144710295014e-06,0.9999966987111579,-5.140418583785007e-06,-5.140418583785007e-06,1.1068920909648032e-06,1.1098958999803036e-06,1.1098958999803036e-06,1.2834866260874745e-05,3.606398995858717e-07,3.606398995858702e-07,0.999999972354571,-7.755606996670017e-07,-7.755606996670017e-07,1.4823076577060551e-21,13641.018601413416
0.08749823353377374,7.495295684899566e-07,1.1190133663929712e-06,0.999996553756131,-5.354069325079082e-06,-5.354069325079082e-06,1.1355186116626593e-06,1.1380878345670908e-06,1.1380878345670908e-06,1.28148008181716e-05,3.6948379790301447e-07,3.6948379790301463e-07,0.9999999107962301,-8.780158595071973e-07,-8.780158595071973e-07,-1.5881867759947223e-22,13589.19481746558
0.08980081862676778,7.684440587344785e-07,1.1467281859677009e-06,0.9999964046147802,-5.56986613143783e-06,-5.56986613143783e-06,1.1640807672396064e-06,1.166156941591163e-06,1.166156941591163e-06,1.2794724667699786e-05,3.782841272332225e-07,3.7828412723322233e-07,0.9999998447993381,-9.829533875670269e-07,-9.829533875670269e-07,1.5881867762057325e-22,13537.471546292849
0.09210340371976183,7.873181252530409e-07,1.1743592905748703e-06,0.99999625120728,-5.787506342365656e-06,-5.787506342365656e-06,1.1925788096947268e-06,1.1941020834403305e-06,1.1941020834403305e-06,1.2774638112465078e-05,3.8704116532182863e-07,3.870411653218294e-07,0.9999997742851517,-1.0900691800661748e-06,-1.0900691800661748e-06,-7.940933880408286e-22,13485.849476686813
0.09440598881275589,8.061518510492111e-07,1.2019070384172008e-06,0.9999960934553435,-6.006679692621233e-06,-6.006679692621233e-06,1.2210129893407282e-06,1.2219222951805703e-06,1.2219222951805703e-06,1.275454145370125e-05,3.957551873679887e-07,3.957551873679897e-07,0.9999996991764587,-1.1990515389524295e-06,-1.1990515389524295e-06,-1.0058516248547145e-21,13434.329289112182
0.09670857390574993,8.249453190514207e-07,1.2293717850964555e-06,0.9999959312822088,-6.227069715112019e-06,-6.227069715112019e-06,1.249383554811159e-06,1.2496167887846394e-06,1.2496167887846394e-06,1.2734434990839412e-05,4.0442646604503634e-07,4.044264660450348e-07,0.9999996193975641,-1.3095825747261967e-06,-1.3095825747261967e-06,1.5352472169078788e-21,13382.91165572284
0.09901115899874396,8.436986121098793e-07,1.2567538836303995e-06,0.999995764612625,-6.448355151513597e-06,-6.448355151513597e-06,1.2776907530671717e-06,1.2771849565598137e-06,1.2771849565598137e-06,1.2714319021550077e-05,4.130552715205187e-07,4.1305527152052013e-07,0.9999995348742758,-1.4213396169919992e-06,-1.4213396169919992e-06,-1.4293680984824769e-21,13331.597240346764
0.10131374409173802,8.624118129939142e-07,1.2840536844704053e-06,0.9999955933728385,-6.670211364365785e-06,-6.670211364365785e-06,1.3059348294050277e-06,1.3046263737722537e-06,1.3046263737722537e-06,1.2694193841719518e-05,4.216418714764904e-07,4.2164187147649105e-07,0.9999994455338919,-1.5339966264841635e-06,-1.5339966264841635e-06,-6.35274710431872e-22,13280.386698501035
0.10361632918473207,8.81085004388998e-07,1.3112715355183603e-06,0.9999954174905793,-6.892311744504262e-06,-6.892311744504262e-06,1.334116027462993e-06,1.3319408004662502e-06,1.3319408004662502e-06,1.2674059745450806e-05,4.301865311293628e-07,4.3018653112936224e-07,0.9999993513051858,-1.6472256024308209e-06,-1.6472256024308209e-06,5.823351512458864e-22,13229.280677397004
0.10591891427772611,8.997182688940003e-07,1.338407782143851e-06,0.9999952368950468,-7.114329107830129e-06,-7.114329107830129e-06,1.3622345892286016e-06,1.3591281824826487e-06,1.3591281824826487e-06,1.2653917025076863e-05,4.3868951324984926e-07,4.386895132498507e-07,0.9999992521183932,-1.7606979792547252e-06,-1.7606979792547252e-06,-1.4293680984833725e-21,13178.27981594103
0.10822149937072015,9.1831168901855e-07,1.365462767201419e-06,0.9999950515168967,-7.335937075579132e-06,-7.335937075579132e-06,1.3902907550460808e-06,1.386188651682731e-06,1.386188651682731e-06,1.2633765971153317e-05,4.471510781828685e-07,4.4715107818286893e-07,0.9999991479051983,-1.874086006773456e-06,-1.874086006773456e-06,-4.2351647361918323e-22,13127.384744745304
0.1105240844637142,9.368653471802315e-07,1.3924368310473774e-06,0.9999948612882272,-7.556811432432479e-06,-7.556811432432479e-06,1.4182847636234283e-06,1.4131225253870182e-06,1.4131225253870182e-06,1.2613606872464846e-05,4.55571483867145e-07,4.555714838671459e-07,0.9999990385987204,-1.9870641082429695e-06,-1.9870641082429695e-06,-8.999725064500165e-22,13076.596086133537
0.11282666955670825,9.553793257020267e-07,1.419330311556949e-06,0.9999946661425656,-7.77663145702479e-06,-7.77663145702479e-06,1.4462168520398973e-06,1.439930305042783e-06,1.439930305042783e-06,1.2593440016027112e-05,4.6395098585492205e-07,4.639509858549223e-07,0.9999989241335002,-2.0993102107969936e-06,-2.0993102107969936e-06,-2.646977960095779e-22,13025.914454149713
0.11512925464970229,9.738537068096753e-07,1.446143544141114e-06,0.9999944660148545,-7.995081219621883e-06,-7.995081219621883e-06,1.4740872557532834e-06,1.4666126741358373e-06,1.4666126741358373e-06,1.257326568708441e-05,4.722898373314381e-07,4.722898373314387e-07,0.9999988044454869,-2.210507043057427e-06,-2.210507043057427e-06,-5.823351512302241e-22,12975.340454569598
0.11743183974269633,9.922885726291367e-07,1.4728768617635142e-06,0.999994260841439,-8.211850841990784e-06,-8.211850841990784e-06,1.5018962086073535e-06,1.4931704953660457e-06,1.4931704953660457e-06,1.2553084169114095e-05,4.805882891343764e-07,4.805882891343774e-07,0.9999986794720244,-2.320343394936727e-06,-2.320343394936727e-06,-1.0587911840610487e-21,12924.874684910294
0.11973442483569038,1.0106840051840988e-06,1.499530594957306e-06,0.9999940505600529,-8.426637714740298e-06,-8.426637714740298e-06,1.5296439428393108e-06,1.5196048071083304e-06,1.5196048071083304e-06,1.253289574383479e-05,4.888465897732077e-07,4.888465897732073e-07,0.9999985491518377,-2.428515334911074e-06,-2.428515334911074e-06,4.235164736336991e-22,12874.517734438883
0.12203700992868444,1.029040086393526e-06,1.52610507184195e-06,0.9999938351098053,-8.639147667690028e-06,-8.639147667690028e-06,1.557330689087287e-06,1.5459168191837625e-06,1.5459168191837625e-06,1.2512700691194251e-05,4.970649854484242e-07,4.970649854484241e-07,0.9999984134250208,-2.5347273803222277e-06,-2.5347273803222277e-06,1.0587911841306148e-22,12824.270184191346
0.12433959502167848,1.0473568980691918e-06,1.5526006181398376e-06,0.9999936144311683,-8.849096089108678e-06,-8.849096089108678e-06,1.5849566763977523e-06,1.5721079079676275e-06,1.5721079079676275e-06,1.2492499289396233e-05,5.052437200706467e-07,5.052437200706458e-07,0.9999982722330227,-2.6386936165493275e-06,-2.6386936165493275e-06,9.529120656670897e-22,12774.132606974581
0.12664218011467251,1.065634521913352e-06,1.5790175571930353e-06,0.9999933884659628,-9.056208989973164e-06,-9.056208989973164e-06,1.6125221322331365e-06,1.5981796108642166e-06,1.5981796108642166e-06,1.2472291814865803e-05,5.133830352796839e-07,5.133830352796833e-07,0.9999981255186343,-2.7401387612010227e-06,-2.7401387612010227e-06,6.352747104464578e-22,12724.105567397428
0.12894476520766657,1.0838730395164295e-06,1.605356209979919e-06,0.9999931571573458,-9.26022400969778e-06,-9.26022400969778e-06,1.6400272824794196e-06,1.6241336201795644e-06,1.6241336201795644e-06,1.245207854229702e-05,5.214831704634895e-07,5.214831704634896e-07,0.9999979732259757,-2.8387991697781045e-06,-2.8387991697781045e-06,-1.0587911840132146e-22,12674.18962186497
0.13124735030066062,1.1020725323547172e-06,1.6316168951317009e-06,0.9999929204497982,-9.460891360117174e-06,-9.460891360117174e-06,1.667472351453701e-06,1.6499717764257772e-06,1.6499717764257772e-06,1.2431859744610225e-05,5.295443627769836e-07,5.295443627769837e-07,0.9999978153004836,-2.9344237795903703e-06,-2.9344237795903703e-06,-1.0587911840158517e-22,12624.385318615086
0.13354993539365467,1.120233081788116e-06,1.6577999289488857e-06,0.9999926782891101,-9.657974704817662e-06,-9.657974704817662e-06,1.694857561911785e-06,1.675696061092218e-06,1.675696061092218e-06,1.2411635693001543e-05,5.375668471607691e-07,5.375668471607697e-07,0.999997651688897,-3.0267749890221196e-06,-3.0267749890221196e-06,-5.293955920289963e-22,12574.693197713541
0.1358525204866487,1.138354769058079e-06,1.6839056254179668e-06,0.9999924306223701,-9.851251971261089e-06,-9.851251971261089e-06,1.7221831350560896e-06,1.7013085889209007e-06,1.7013085889209007e-06,1.2391406656900547e-05,5.455508563598881e-07,5.455508563598877e-07,0.9999974823392463,-3.115629469589222e-06,-3.115629469589222e-06,4.235164736318333e-22,12525.113791092208
0.13815510557964275,1.1564376752852066e-06,1.7099342962273481e-06,0.9999921773979507,-1.004051609345898e-05,-1.004051609345898e-05,1.7494492905428613e-06,1.726811599723386e-06,1.726811599723386e-06,1.2371172904007249e-05,5.534966209421418e-07,5.534966209421415e-07,0.9999973072008393,-3.2007789085495872e-06,-3.2007789085495872e-06,3.176373552247902e-22,12475.647622551576
0.1404576906726368,1.1744818814674476e-06,1.7358862507842367e-06,0.9999919185654963,-1.0225575683318422e-05,-1.0225575683318422e-05,1.7766562464904481e-06,1.752207449780595e-06,1.752207449780595e-06,1.235093470027697e-05,5.614043693167894e-07,5.614043693167892e-07,0.9999971262242486,-3.2820306801814747e-06,-3.2820306801814747e-06,2.1175823681774983e-22,12426.295207788162
0.14276027576563083,1.1924874684777917e-06,1.761761796230471e-06,0.9999916540759108,-1.040625562909249e-05,-1.040625562909249e-05,1.8038042194865856e-06,1.7774986028641406e-06,1.7774986028641406e-06,1.2330692309932686e-05,5.692743277526778e-07,5.692743277526793e-07,0.9999969393612995,-3.3592084441706065e-06,-3.3592084441706065e-06,-1.5881867760978885e-21,12377.05705441
0.14506286085862488,1.210454517062401e-06,1.787561237459011e-06,0.9999913838813447,-1.0582397619726308e-05,-1.0582397619726308e-05,1.8308934245964327e-06,1.8026876209224283e-06,1.8026876209224283e-06,1.2310445995467702e-05,5.77106720396609e-07,5.771067203966098e-07,0.9999967465650571,-3.4321526698902647e-06,-3.4321526698902647e-06,-8.470329472506234e-22,12327.933661957488
0.14736544595161893,1.2283831078385721e-06,1.8132848771299873e-06,0.9999911079351821,-1.0753860594213148e-05,-1.0753860594213148e-05,1.857924075370242e-06,1.8277771544726234e-06,1.8277771544726234e-06,1.2290196017632895e-05,5.849017692914158e-07,5.849017692914152e-07,0.9999965477898135,-3.5007210856931986e-06,-3.5007210856931986e-06,6.352747104441572e-22,12278.925521932188
0.149668031044613,1.2462733212928495e-06,1.8389330156868898e-06,0.9999908261920291,-1.0920521115407186e-05,-1.0920521115407186e-05,1.884896383851253e-06,1.8527699327416962e-06,1.8527699327416962e-06,1.2269942635470987e-05,5.926596943940398e-07,5.926596943940403e-07,0.9999963429910761,-3.5647890526596267e-06,-3.5647890526596267e-06,-5.293955920307481e-22,12230.033117804476
0.15197061613760704,1.2641252377791154e-06,1.864505951372576e-06,0.9999905386077007,-1.1082273668071059e-05,-1.1082273668071059e-05,1.911810560583486e-06,1.8776687535992128e-06,1.8776687535992128e-06,1.2249686106293632e-05,6.003807135934605e-07,6.003807135934605e-07,0.9999961321255548,-3.6242498625807552e-06,-3.6242498625807552e-06,2.9498490819611366e-33,12181.256925048694
0.15427320123060106,1.2819389375167238e-06,1.8900039802452272e-06,0.9999902451392092,-1.1239030881244275e-05,-1.1239030881244275e-05,1.9386668146195634e-06,1.9024764733250113e-06,1.9024764733250113e-06,1.2229426685698378e-05,6.080650427285032e-07,6.080650427285034e-07,0.9999959151511499,-3.679014960263366e-06,-3.679014960263366e-06,-2.1175823681086247e-22,12132.59741116042
0.15657578632359512,1.2997145005887168e-06,1.915427396194318e-06,0.9999899457447509,-1.1390723675346019e-05,-1.1390723675346019e-05,1.96546535352862e-06,1.927195996254847e-06,1.927195996254847e-06,1.2209164627563415e-05,6.157128956056014e-07,6.157128956056012e-07,0.9999956920269395,-3.7290140905687465e-06,-3.7290140905687465e-06,2.11758236816053e-22,12084.055035684898
0.15887837141658917,1.3174520069401027e-06,1.940776490956569e-06,0.9999896403836948,-1.1537301334708222e-05,-1.1537301334708222e-05,1.992206383404282e-06,1.951830264346668e-06,1.951830264346668e-06,1.2188900184064528e-05,6.233244840164657e-07,6.233244840164662e-07,0.9999954627131676,-3.774195370881946e-06,-3.774195370881946e-06,-5.2939559203169205e-22,12035.630250235788
0.1611809565095832,1.335151536376002e-06,1.9660515541315183e-06,0.99998932901657,-1.1678731506548925e-05,-1.1678731506548925e-05,2.018890108872336e-06,1.976382246709493e-06,1.976382246709493e-06,1.2168633605670187e-05,6.309000177555161e-07,6.309000177555163e-07,0.9999952271712323,-3.814525290022852e-06,-3.814525290022852e-06,-1.0587911840477153e-22,11987.323498524851
0.16348354160257725,1.352813168560202e-06,1.991252873197708e-06,0.999989011605054,-1.1815000127658183e-05,-1.1815000127658183e-05,2.045516733099095e-06,2.000854929137582e-06,2.000854929137582e-06,1.2148365141140466e-05,6.384397046375053e-07,6.384397046375059e-07,0.9999949853636736,-3.849988634867351e-06,-3.849988634867351e-06,-6.352747104389364e-22,11939.135216390729
0.1657861266955713,1.370436983013154e-06,2.016380733527727e-06,0.9999886881119602,-1.1946111280351811e-05,-1.1946111280351811e-05,2.0720864577986965e-06,2.0252513036891307e-06,2.0252513036891307e-06,1.2128095037544103e-05,6.459437505145718e-07,6.459437505145731e-07,0.9999947372541608,-3.8805883462409026e-06,-3.8805883462409026e-06,-1.2705494208798864e-21,11891.065831819677
0.16808871178856535,1.3880230591107612e-06,2.041435418404553e-06,0.9999883585012264,-1.2072086979500675e-05,-1.2072086979500675e-05,2.0985994832417767e-06,2.049574358352005e-06,2.049574358352005e-06,1.210782354025527e-05,6.534123592937923e-07,6.534123592937919e-07,0.9999944828074816,-3.906345305882462e-06,-3.906345305882462e-06,4.235164736284918e-22,11843.115764976694
0.1703912968815594,1.4055714760825842e-06,2.0664172090367086e-06,0.9999880227379024,-1.2192966892683004e-05,-1.2192966892683004e-05,2.125056008263035e-06,2.0738270668330625e-06,2.0738270668330625e-06,1.2087550892959257e-05,6.608457329541236e-07,6.608457329541243e-07,0.9999942219895296,-3.9272980565361695e-06,-3.9272980565361695e-06,-7.411538288463911e-22,11795.285428233048
0.17269388197455343,1.4230823130103142e-06,2.0913263845737727e-06,0.9999876807881394,-1.2308807995742994e-05,-1.2308807995742994e-05,2.1514562302692276e-06,2.0980123785104672e-06,2.0980123785104672e-06,1.2067277337660595e-05,6.682440715634574e-07,6.682440715634585e-07,0.9999939547672931,-3.943502457447903e-06,-3.943502457447903e-06,-1.0587911840669713e-21,11747.575226193361
0.17499646706754748,1.4405556488263703e-06,2.1161632221219896e-06,0.9999873326191766,-1.2419684166248844e-05,-1.2419684166248844e-05,2.1778003452473374e-06,2.122133208585289e-06,2.122133208585289e-06,1.2047003114669579e-05,6.756075732956191e-07,6.756075732956194e-07,0.999993681108843,-3.9550312777608856e-06,-3.9550312777608856e-06,-2.1175823681288613e-22,11699.985555733652
0.17729905216054154,1.4579915623123628e-06,2.1409279967594985e-06,0.9999869781993306,-1.2525685717544864e-05,-1.2525685717544864e-05,2.2040885477724363e-06,2.146192428467035e-06,2.146192428467035e-06,1.2026728462647212e-05,6.829364344471342e-07,6.829364344471357e-07,0.9999934009833209,-3.96197373050687e-06,-3.96197373050687e-06,-1.4823076576945496e-21,11652.516806012014
0.17960163725353556,1.4753901320977451e-06,2.165620981551784e-06,0.9999866174979839,-1.2626918876272084e-05,-1.2626918876272084e-05,2.230321031015843e-06,2.1701928564273043e-06,2.1701928564273043e-06,1.2006453618562633e-05,6.902308494540398e-07,6.902308494540391e-07,0.9999931143609285,-3.9644349500649476e-06,-3.9644349500649476e-06,7.411538288477785e-22,11605.169358521942
0.18190422234652961,1.492751436658416e-06,2.190242447566908e-06,0.9999862504855727,-1.2723505206405222e-05,-1.2723505206405222e-05,2.2564979867531343e-06,2.1941372485530633e-06,2.1941372485530633e-06,1.1986178817724805e-05,6.974910109084917e-07,6.974910109084918e-07,0.9999928212129153,-3.962535416137591e-06,-3.962535416137591e-06,-1.0587911840673011e-22,11557.943587110634
0.18420680743952367,1.5100755543152966e-06,2.2147926638905587e-06,0.999985877133576,-1.2815580982994517e-05,-1.2815580982994517e-05,2.282619605372053e-06,2.2180282900298114e-06,2.2180282900298114e-06,1.1965904293782335e-05,7.047171095752619e-07,7.047171095752621e-07,0.9999925215115677,-3.956410327432282e-06,-3.956410327432282e-06,-2.1175823681372357e-22,11510.839858013156
0.18650939253251772,1.527362563233134e-06,2.239271897641401e-06,0.9999854974145039,-1.2903296518949666e-05,-1.2903296518949666e-05,2.3086860758807796e-06,2.2418685867834744e-06,2.2418685867834744e-06,1.194563027872612e-05,7.119093344082663e-07,7.119093344082672e-07,0.9999922152301969,-3.9462089283840615e-06,-3.9462089283840615e-06,-9.5291206566144e-22,11463.858529885927
0.18881197762551177,1.544612541419127e-06,2.2636804139859625e-06,0.9999851113018866,-1.2986815448301767e-05,-1.2986815448301767e-05,2.33469758591582e-06,2.265660657506813e-06,2.265660657506813e-06,1.1925357002902447e-05,7.190678725668369e-07,7.190678725668355e-07,0.9999919023431285,-3.9320937923579175e-06,-3.9320937923579175e-06,1.4823076576944723e-21,11416.99995383564
0.1911145627185058,1.5618255667217267e-06,2.28801847615372e-06,0.9999847187702625,-1.306631396949939e-05,-1.306631396949939e-05,2.3606543217501607e-06,2.2894069260954996e-06,2.2894069260954996e-06,1.1905084695012199e-05,7.26192909431995e-07,7.261929094319933e-07,0.999991582825691,-3.914240064884509e-06,-3.914240064884509e-06,1.6940658945078482e-21,11370.264473455554
0.19341714781149985,1.5790017168294489e-06,2.312286345452079e-06,0.999984319795168,-1.3141980052361687e-05,-1.3141980052361687e-05,2.3865564683013923e-06,2.3131097145161258e-06,2.3131097145161258e-06,1.1884813582104913e-05,7.332846286226305e-07,7.332846286226302e-07,0.9999912566542044,-3.892834670553371e-06,-3.892834670553371e-06,3.176373552194131e-22,11323.652424864835
0.1957197329044939,1.5961410692696032e-06,2.3364842812810854e-06,0.9999839143531255,-1.3214012612389954e-05,-1.3214012612389954e-05,2.4124042091396295e-06,2.336771236126413e-06,2.336771236126413e-06,1.1864543889593506e-05,7.403432120114828e-07,7.403432120114821e-07,0.9999909238059693,-3.868075487265613e-06,-3.868075487265613e-06,6.352747104395811e-22,11277.164136738402
0.19802231799748793,1.6132437014072834e-06,2.3606125411484747e-06,0.9999835024216327,-1.3282620656184725e-05,-1.3282620656184725e-05,2.4381977264958436e-06,2.3603935894666273e-06,2.3603935894666273e-06,1.1844275841282789e-05,7.473688397411919e-07,7.473688397411913e-07,0.9999905842592561,-3.8401704915908265e-06,-3.8401704915908265e-06,6.352747104393885e-22,11230.79993033058
0.20032490309048198,1.6303096904440721e-06,2.384671380684096e-06,0.9999830839791516,-1.3348022401749245e-05,-1.3348022401749245e-05,2.46393720126964e-06,2.3839787525374568e-06,2.3839787525374568e-06,1.1824009659329118e-05,7.543616902400231e-07,7.54361690240024e-07,0.9999902379932937,-3.8093368790128602e-06,-3.8093368790128602e-06,-9.52912065662615e-22,11184.560119532838
0.20262748818347603,1.6473391134171258e-06,2.408661053654893e-06,0.9999826590050979,-1.3410444377482644e-05,-1.3410444377482644e-05,2.4896228130376543e-06,2.407528577579643e-06,2.407528577579643e-06,1.18037455642838e-05,7.613219402377674e-07,7.61321940237767e-07,0.9999898849882588,-3.7758001628630722e-06,-3.7758001628630722e-06,4.2351647362543484e-22,11138.445010891191
0.2049300732764701,1.664332047198051e-06,2.4325818119793873e-06,0.9999822274798292,-1.3470120503663264e-05,-1.3470120503663264e-05,2.515254740061532e-06,2.4310447863662674e-06,2.4310447863662674e-06,1.178348377507623e-05,7.682497647813359e-07,7.682497647813364e-07,0.9999895252252652,-3.739793255745715e-06,-3.739793255745715e-06,-5.293955920358391e-22,11092.454903653537
0.20723265836946414,1.681288568491844e-06,2.4564339057421643e-06,0.9999817893846357,-1.3527291160215356e-05,-1.3527291160215356e-05,2.5408331592959635e-06,2.4545289660179514e-06,2.4545289660179514e-06,1.176322450902299e-05,7.751453372503209e-07,7.751453372503203e-07,0.9999891586863529,-3.7015555372466986e-06,-3.7015555372466986e-06,6.352747104386397e-22,11046.590089804813
0.20953524346245817,1.6982087538359292e-06,2.4802175832084035e-06,0.9999813447017281,-1.358220224452117e-05,-1.358220224452117e-05,2.5663582463968464e-06,2.4779825653487103e-06,2.4779825653487103e-06,1.1742967981847147e-05,7.820088293724726e-07,7.820088293724743e-07,0.9999887853544777,-3.6613319116875564e-06,-3.6613319116875564e-06,-1.694065894510868e-21,11000.850854097567
0.21183782855545222,1.715092679599195e-06,2.503933090838303e-06,0.9999808934142275,-1.363510422300216e-05,-1.363510422300216e-05,2.591830175729396e-06,2.5014068917477594e-06,2.5014068917477594e-06,1.172271440767964e-05,7.888404112391065e-07,7.888404112391078e-07,0.9999884052135,-3.6193718596489493e-06,-3.6193718596489493e-06,-1.2705494208838976e-21,10955.237474091831
0.21414041364844627,1.7319404219810584e-06,2.52758067330142e-06,0.999980435506155,-1.3686251180134505e-05,-1.3686251180134505e-05,2.6172491203762474e-06,2.5248031086007837e-06,2.5248031086007837e-06,1.1702463999046536e-05,7.956402513203601e-07,7.956402513203615e-07,0.999988018248175,-3.575928486928825e-06,-3.575928486928825e-06,-1.376428539290863e-21,10909.750220202362
0.2164429987414403,1.7487520570104494e-06,2.551160573490765e-06,0.9999799709624214,-1.3735899868499297e-05,-1.3735899868499297e-05,2.642615252145372e-06,2.5481722332517488e-06,2.5481722332517488e-06,1.1682216966888602e-05,8.02408516480315e-07,8.024085164803154e-07,0.9999876244441419,-3.531257574536238e-06,-3.531257574536238e-06,-4.235164736299508e-22,10864.389355730491
0.21874558383443435,1.765527660545138e-06,2.5746730325373853e-06,0.9999794997688158,-1.378430876338547e-05,-1.378430876338547e-05,2.667928741578554e-06,2.5715151355053973e-06,2.5715151355053973e-06,1.1661973520576767e-05,8.09145371992247e-07,8.091453719922474e-07,0.9999872237879135,-3.485616633235929e-06,-3.485616633235929e-06,-4.235164736301245e-22,10819.155136898364
0.2210481689274284,1.7822673082706722e-06,2.598118289824137e-06,0.9999790219119963,-1.3831737125369282e-05,-1.3831737125369282e-05,2.693189757959112e-06,2.5948325366663324e-06,2.5948325366663324e-06,1.1641733867903125e-05,8.158509815534648e-07,8.158509815534649e-07,0.9999868162668657,-3.4392639660727332e-06,-3.4392639660727332e-06,-1.058791184099336e-22,10774.047812895662
0.22335075402042245,1.7989710756996643e-06,2.6214965829999668e-06,0.999978537379479,-1.3878444074194607e-05,-1.3878444074194607e-05,2.718398469320208e-06,2.6181250091114843e-06,2.6181250091114843e-06,1.1621498215085741e-05,8.225255073003016e-07,8.225255073003025e-07,0.9999864018692279,-3.39245774219474e-06,-3.39245774219474e-06,-8.47032947257616e-22,10729.067625919968
0.2256533391134165,1.8156390381709056e-06,2.644808147993771e-06,0.999978046159628,-1.39246876771606e-05,-1.39246876771606e-05,2.743555042452785e-06,2.641392976388449e-06,2.641392976388449e-06,1.1601266766789819e-05,8.291691098228637e-07,8.291691098228653e-07,0.9999859805840721,-3.3454550851855163e-06,-3.3454550851855163e-06,-1.5881867761052967e-21,10684.21481120942
0.22795592420641053,1.8322712708486664e-06,2.668053219028472e-06,0.9999775482416455,-1.3970724055101545e-05,-1.3970724055101545e-05,2.7686596429137925e-06,2.664636713832078e-06,2.664636713832078e-06,1.1581039726118445e-05,8.357819481798053e-07,8.357819481798055e-07,0.9999855524013026,-3.2985111789876577e-06,-3.2985111789876577e-06,-2.1175823681722434e-22,10639.489597090753
0.23025850929940458,1.8488678487218676e-06,2.6912320286347516e-06,0.9999770436155614,-1.4016806508910899e-05,-1.4016806508910899e-05,2.793712435034132e-06,2.6878563496886794e-06,2.6878563496886794e-06,1.1560817294626165e-05,8.423641799128839e-07,8.42364179912884e-07,0.9999851173116473,-3.2518783943718927e-06,-3.2518783943718927e-06,-1.0587911841060066e-22,10594.892205016537
0.23256109439239864,1.8654288466034047e-06,2.714344807664944e-06,0.999976532272223,-1.4063184669420412e-05,-1.4063184669420412e-05,2.8187135819268216e-06,2.7110518667366157e-06,2.7110518667366157e-06,1.1540599672317275e-05,8.489159610615392e-07,8.489159610615395e-07,0.999984675306646,-3.205805438760635e-06,-3.205805438760635e-06,-3.1763735522433763e-22,10550.422849610204
0.23486367948539266,1.8819543391293851e-06,2.7373917853066602e-06,0.999976014203286,-1.4110103673297923e-05,-1.4110103673297923e-05,2.8436632454949577e-06,2.7342231043895754e-06,2.7342231043895754e-06,1.152038705767295e-05,8.554374461772741e-07,8.554374461772751e-07,0.9999842263786419,-3.1605365320712825e-06,-3.1605365320712825e-06,-9.52912065665223e-22,10506.081738697198
0.23716626457838672,1.898444400758486e-06,2.7603731890965176e-06,0.9999754894012032,-1.4157803367472222e-05,-1.4157803367472222e-05,2.8685615864398428e-06,2.757369761268058e-06,2.757369761268058e-06,1.1500179647625318e-05,8.619287883380309e-07,8.619287883380316e-07,0.9999837705207705,-3.1163106110861515e-06,-3.1163106110861515e-06,-6.352747104450184e-22,10461.869073362866
0.23946884967138077,1.914899105771296e-06,2.7832892449337255e-06,0.9999749578592161,-1.4206517544434296e-05,-1.4206517544434296e-05,2.8934087642690292e-06,2.780491398222631e-06,2.780491398222631e-06,1.1479977637592964e-05,8.683901391624291e-07,8.683901391624295e-07,0.9999833077269509,-3.073360564699394e-06,-3.073360564699394e-06,-4.235164736315996e-22,10417.785047980014
0.24177143476437482,1.9313185282696524e-06,2.806140177093559e-06,0.9999744195713441,-1.4256473210596437e-05,-1.4256473210596437e-05,2.9182049373043126e-06,2.803587441791395e-06,2.803587441791395e-06,1.1459781221473921e-05,8.748216488239074e-07,8.748216488239067e-07,0.9999828379918754,-3.031912502222201e-06,-3.031912502222201e-06,7.411538288429091e-22,10373.829850258047
0.24407401985736887,1.9477027421760422e-06,2.828926208240824e-06,0.9999738745323757,-1.4307889889725489e-05,-1.4307889889725489e-05,2.9429502626897786e-06,2.8266571880730414e-06,2.8266571880730414e-06,1.1439590591647058e-05,8.812234660647816e-07,8.812234660647818e-07,0.9999823613110005,-2.9921850567621923e-06,-2.9921850567621923e-06,-2.117582368183314e-22,10330.00366128821
0.2463766049503629,1.9640518212330065e-06,2.851647559443232e-06,0.9999733227378578,-1.4360978963288355e-05,-1.4360978963288355e-05,2.9676448963998165e-06,2.8496998069954292e-06,2.8496998069954292e-06,1.1419405938990354e-05,8.875957382102259e-07,8.875957382102257e-07,0.9999818776805361,-2.954388725515426e-06,-2.954388725515426e-06,2.1175823680866803e-22,10286.30665558067
0.24867919004335695,1.9803658390025716e-06,2.8743044501847015e-06,0.999972764184087,-1.4415943049378417e-05,-1.4415943049378417e-05,2.9922889932471213e-06,2.8727143469588216e-06,2.8727143469588216e-06,1.1399227452873778e-05,8.939386111821306e-07,8.939386111821299e-07,0.9999813870974376,-2.9187252486396113e-06,-2.9187252486396113e-06,7.411538288424569e-22,10242.739001114647
0.250981775136351,1.9966448688656992e-06,2.896897098378592e-06,0.9999721988681,-1.4472975421707323e-05,-1.4472975421707323e-05,3.0168827068906878e-06,2.8956997398318275e-06,2.8956997398318275e-06,1.1379055321186e-05,9.002522295128936e-07,9.002522295128928e-07,0.9999808895593951,-2.8853870281929553e-06,-2.8853870281929553e-06,8.470329472490972e-22,10199.300859371795
0.25328436022934503,2.0128889840217595e-06,2.9194257203808604e-06,0.9999716267876636,-1.4532259469975566e-05,-1.4532259469975566e-05,3.0414261898437806e-06,2.918654806277361e-06,2.918654806277361e-06,1.1358889730323707e-05,9.065367363591002e-07,9.065367363591009e-07,0.9999803850648248,-2.8545565884521244e-06,-2.8545565884521244e-06,-6.352747104460737e-22,10155.992385388663
0.2555869453223391,2.029098257488036e-06,2.941890531003179e-06,0.9999710479412663,-1.4593968202749124e-05,-1.4593968202749124e-05,3.0659195934819317e-06,2.9415782613851494e-06,2.9415782613851494e-06,1.133873086519465e-05,9.127922735151427e-07,9.127922735151432e-07,0.9999798736128593,-2.826406078736407e-06,-2.826406078736407e-06,-5.293955920394297e-22,10112.813727802504
0.25788953041533313,2.0452727620992187e-06,2.964291743525911e-06,0.9999704623281082,-1.4658263793796187e-05,-1.4658263793796187e-05,3.090363068050846e-06,2.964468720586615e-06,2.964468720586615e-06,1.1318578909243812e-05,9.19018981426693e-07,9.190189814266921e-07,0.9999793552033387,-2.801096819692543e-06,-2.801096819692543e-06,8.470329472486665e-22,10069.76502888575
0.26019211550832716,2.0614125705069763e-06,2.9866295697111277e-06,0.9999698699480919,-1.4725297172657835e-05,-1.4725297172657835e-05,3.114756762674411e-06,2.98732470582765e-06,2.98732470582765e-06,1.1298434044441323e-05,9.252169992041509e-07,9.252169992041514e-07,0.999978829836801,-2.7787788938133244e-06,-2.7787788938133244e-06,-5.2939559203971155e-22,10026.846424599891
0.26249470060132124,2.077517755179477e-06,3.008904219815421e-06,0.999969270801814,-1.4795207660049605e-05,-1.4795207660049605e-05,3.1391008253625543e-06,3.0101446519739757e-06,3.0101446519739757e-06,1.1278296451298655e-05,9.313864646359444e-07,9.31386464635944e-07,0.9999782975144734,-2.759590780787921e-06,-2.759590780787921e-06,4.2351647362123795e-22,9984.058044635403
0.26479728569431527,2.093588388400977e-06,3.0311159026027325e-06,0.9999686648905548,-1.4868122648520277e-05,-1.4868122648520277e-05,3.1633954030191773e-06,3.0329269134238984e-06,3.0329269134238984e-06,1.1258166308869497e-05,9.375275142017554e-07,9.375275142017556e-07,0.9999777582382626,-2.7436590381093472e-06,-2.7436590381093472e-06,-2.1175823681962394e-22,9941.400012459617
0.26709987078730935,2.1096245422713982e-06,3.053264825357058e-06,0.9999680522162707,-1.4944157328618327e-05,-1.4944157328618327e-05,3.187640641450019e-06,3.0556697709026636e-06,3.0556697709026636e-06,1.1238043794772396e-05,9.436402830856603e-07,9.436402830856599e-07,0.9999772120107467,-2.7310980271900942e-06,-2.7310980271900942e-06,4.2351647362096636e-22,9898.872445353743
0.26940245588030337,2.1256262887059385e-06,3.0753511938950996e-06,0.9999674327815843,-1.5023414460654695e-05,-1.5023414460654695e-05,3.2118366853705213e-06,3.0783714384127007e-06,3.0783714384127007e-06,1.1217929085162096e-05,9.497249051891606e-07,9.497249051891611e-07,0.999976658835166,-2.7220096850742965e-06,-2.7220096850742965e-06,-5.293955920402548e-22,9856.475454476136
0.2717050409732974,2.1415936994350027e-06,3.097375212579384e-06,0.9999668065897755,-1.510598419198113e-05,-1.510598419198113e-05,3.235983678414218e-06,3.101030070314439e-06,3.101030070314439e-06,1.1197822354788027e-05,9.55781513144381e-07,9.557815131443814e-07,0.9999760987154133,-2.716483341663594e-06,-2.716483341663594e-06,-4.235164736335989e-22,9814.209144881554
0.2740076260662915,2.1575268460032033e-06,3.119337084329618e-06,0.9999661736447735,-1.519194391954554e-05,-1.519194391954554e-05,3.2600817631394127e-06,3.1236437685096673e-06,3.1236437685096673e-06,1.117772377694918e-05,9.618102383264147e-07,9.618102383264147e-07,0.9999755316560265,-2.714595582227069e-06,-2.714595582227069e-06,-6.578712878427086e-33,9772.073615593079
0.2763102111592855,2.173425799769659e-06,3.14123701063625e-06,0.9999655339511466,-1.5281358197336997e-05,-1.5281358197336997e-05,3.28413108103812e-06,3.146210589705763e-06,3.146210589705763e-06,1.1157633523532889e-05,9.67811210866591e-07,9.67811210866591e-07,0.9999749576621786,-2.716410154791997e-06,-2.716410154791997e-06,-6.707051969917767e-33,9730.068959631757
0.2786127962522795,2.189290631907388e-06,3.163075191572315e-06,0.9999648875140953,-1.5374278688174865e-05,-1.5374278688174865e-05,3.3081317725433405e-06,3.168728552731433e-06,3.168728552731433e-06,1.1137551765010414e-05,9.737845596649275e-07,9.737845596649271e-07,0.99997437673967,-2.7219779218856053e-06,-2.7219779218856053e-06,4.2351647362031646e-22,9688.19526406828
0.2809153813452736,2.2051214134030627e-06,3.184851825805815e-06,0.9999642343394423,-1.5470744159158593e-05,-1.5470744159158593e-05,3.3320839770369264e-06,3.1911956458810843e-06,3.1911956458810843e-06,1.1117478670452439e-05,9.797304124027535e-07,9.797304124027522e-07,0.9999737888949197,-2.7313368559353336e-06,-2.7313368559353336e-06,1.2705494208744916e-21,9646.452610064605
0.28321796643826763,2.2209182150567977e-06,3.206567110612057e-06,0.9999635744336243,-1.5570780519959064e-05,-1.5570780519959064e-05,3.355987832857457e-06,3.213609834262521e-06,3.213609834262521e-06,1.109741440751217e-05,9.85648895555258e-07,9.856488955552593e-07,0.9999731941349561,-2.7445120775108365e-06,-2.7445120775108365e-06,-1.2705494208885328e-21,9604.841072932359
0.28552055153126166,2.2366811074818956e-06,3.2282212418858107e-06,0.9999629078036838,-1.5674400902995954e-05,-1.5674400902995954e-05,3.3798434773079853e-06,3.235969067123544e-06,3.235969067123544e-06,1.1077359142475561e-05,9.915401344039156e-07,9.915401344039151e-07,0.9999725924674094,-2.7615159354527108e-06,-2.7615159354527108e-06,4.2351647361994585e-22,9563.3607221571
0.28782313662425574,2.252410161104522e-06,3.249814414153231e-06,0.9999622344572604,-1.5781605784426603e-05,-1.5781605784426603e-05,3.4036510466636035e-06,3.258271285133679e-06,3.258271285133679e-06,1.1057313040220662e-05,9.97404253048709e-07,9.97404253048709e-07,0.9999719839005029,-2.7823481278136787e-06,-2.7823481278136787e-06,-7.324727904441655e-33,9522.011621469024
0.29012572171724976,2.2681054461635638e-06,3.2713468205840118e-06,0.9999615544025826,-1.589238314475356e-05,-1.589238314475356e-05,3.427410676179288e-06,3.280514427598346e-06,3.280514427598346e-06,1.1037276264248253e-05,1.0032413744204468e-06,1.003241374420448e-06,0.9999713684430444,-2.8069958624175136e-06,-2.8069958624175136e-06,-1.2705494208888941e-21,9480.793828877431
0.29242830681024384,2.2837670327104352e-06,3.2928186530033338e-06,0.9999608676484593,-1.600670866774662e-05,-1.600670866774662e-05,3.4511225000975915e-06,3.3026964395826147e-06,3.3026964395826147e-06,1.1017248976703047e-05,1.0090516202928973e-06,1.0090516202928985e-06,0.9999707461044183,-2.8354340557332836e-06,-2.8354340557332836e-06,-1.2705494208890113e-21,9439.707396710193
0.29473089190323787,2.299394990608886e-06,3.3142301019037187e-06,0.9999601742042714,-1.6124545976275536e-05,-1.6124545976275536e-05,3.474786651656292e-06,3.324815278922907e-06,3.324815278922907e-06,1.0997231338344221e-05,1.0148351112948327e-06,1.0148351112948327e-06,0.9999701168945772,-2.867625568660661e-06,-2.867625568660661e-06,-7.676612039055972e-33,9398.752371679026
0.2970334769962319,2.3149893895348223e-06,3.3355813564567985e-06,0.9999594740799644,-1.62458469035515e-05,-1.62458469035515e-05,3.4984032630960064e-06,3.3468689231057556e-06,3.3468689231057556e-06,1.0977223508585062e-05,1.0205919669219758e-06,1.0205919669219762e-06,0.9999694808240338,-2.9035214777243065e-06,-2.9035214777243065e-06,-4.235164736349411e-22,9357.92879490973
0.299336062089226,2.330550298976185e-06,3.356872604525089e-06,0.9999587672860395,-1.6370551798193693e-05,-1.6370551798193693e-05,3.5219724656678587e-06,3.3688553759936163e-06,3.3688553759936163e-06,1.0957225645480926e-05,1.0263223055489042e-06,1.0263223055489042e-06,0.999968837903853,-2.943061380093337e-06,-2.943061380093337e-06,-7.903624971748432e-33,9317.236701998794
0.30163864718222,2.346077788232851e-06,3.3781040326736962e-06,0.9999580538335457,-1.6498589861451194e-05,-1.6498589861451194e-05,3.5454943896411278e-06,3.3907726743784933e-06,3.3907726743784933e-06,1.0937237905746634e-05,1.0320262444408446e-06,1.0320262444408454e-06,0.9999681881456438,-2.9861737307564094e-06,-2.9861737307564094e-06,-8.470329472623153e-22,9276.676123055104
0.3039412322752141,2.361571926416441e-06,3.3992758261817584e-06,0.9999573337340723,-1.6629879514846748e-05,-1.6629879514846748e-05,3.5689691643106832e-06,3.412618894344924e-06,3.412618894344924e-06,1.0917260444752113e-05,1.0377038997653168e-06,1.0377038997653172e-06,0.9999675315615508,-3.0327762101197144e-06,-3.0327762101197144e-06,-4.235164736352749e-22,9236.247082752796
0.3062438173682081,2.377032782450274e-06,3.420388169054038e-06,0.9999566069997401,-1.676432879643802e-05,-1.676432879643802e-05,3.5923969180046186e-06,3.434392157425499e-06,3.434392157425499e-06,1.0897293416550348e-05,1.043355386603764e-06,1.043355386603764e-06,0.9999668681642473,-3.0827761202218694e-06,-3.0827761202218694e-06,-8.23304203687169e-33,9195.949600367641
0.30854640246120213,2.3924604250693503e-06,3.4414412440324806e-06,0.9999558736431946,-1.6901835783845066e-05,-1.6901835783845066e-05,3.6157777780918974e-06,3.456090636532464e-06,3.456090636532464e-06,1.0877336973851395e-05,1.0489808189631295e-06,1.0489808189631304e-06,0.9999661979669267,-3.136070807715143e-06,-3.136070807715143e-06,-8.470329472626403e-22,9155.78368984113
0.3108489875541962,2.4078549228201253e-06,3.462435232607277e-06,0.9999551336775974,-1.7042289042134052e-05,-1.7042289042134052e-05,3.639111870989551e-06,3.477712561649771e-06,3.477712561649771e-06,1.085739126806844e-05,1.0545803097871514e-06,1.0545803097871516e-06,0.9999655209832952,-3.192548111704945e-06,-3.192548111704945e-06,-2.117582368220205e-22,9115.74935980766
0.31315157264719023,2.4232163440607055e-06,3.4833703150285933e-06,0.9999543871166188,-1.7185568094621704e-05,-1.7185568094621704e-05,3.662399322170595e-06,3.4992562252726002e-06,3.4992562252726002e-06,1.0837456449293376e-05,1.0601539709678873e-06,1.0601539709678877e-06,0.9999648372275639,-3.2520868345073313e-06,-3.2520868345073313e-06,-4.235164736356996e-22,9075.846613657865
0.31545415774018426,2.4385447569605995e-06,3.5042466703174014e-06,0.99995363397443,-1.7331543914617028e-05,-1.7331543914617028e-05,3.6856402561710857e-06,3.5207199875797676e-06,3.5207199875797676e-06,1.0817532666316398e-05,1.065701913356802e-06,1.065701913356802e-06,0.999964146714441,-3.314557233347422e-06,-3.314557233347422e-06,-8.652079125606034e-33,9036.075449579452
0.31775674283317834,2.4538402295008432e-06,3.52506447627687e-06,0.9999528742656958,-1.7480079436107024e-05,-1.7480079436107024e-05,3.70883479659779e-06,3.5421022813285773e-06,3.5421022813285773e-06,1.0797620066638097e-05,1.0712242467760263e-06,1.0712242467760267e-06,0.9999634494591246,-3.379821530999544e-06,-3.379821530999544e-06,-4.235164736359035e-22,8996.435860601861
0.32005932792617237,2.46910282947395e-06,3.5458239095033542e-06,0.9999521080055666,-1.7631030081366052e-05,-1.7631030081366052e-05,3.7319830661354963e-06,3.5634016164603565e-06,3.5634016164603565e-06,1.0777718796467804e-05,1.0767210800294035e-06,1.0767210800294043e-06,0.999962745477295,-3.4477344433526356e-06,-3.4477344433526356e-06,-8.470329472631536e-22,8956.927834648028
0.3223619130191664,2.48433262448396e-06,3.5665251453974525e-06,0.9999513352096712,-1.778424430346367e-05,-1.778424430346367e-05,3.7550851865544386e-06,3.584616584407517e-06,3.584616584407517e-06,1.0757829000729004e-05,1.0821925209134922e-06,1.0821925209134924e-06,0.9999620347851074,-3.51814372187386e-06,-3.51814372187386e-06,-2.1175823682252676e-22,8917.551354582465
0.32466449811216047,2.499529681946448e-06,3.5871683581748915e-06,0.9999505558941093,-1.7939564141642345e-05,-1.7939564141642345e-05,3.778141278717596e-06,3.6057458620933902e-06,3.6057458620933902e-06,1.0737950823075878e-05,1.087638676228444e-06,1.0876386762284436e-06,0.9999613173991838,-3.5908907089427794e-06,-3.5908907089427794e-06,4.2351647361810145e-22,8878.306398253702
0.3269670832051545,2.514694069088561e-06,3.60775372087737e-06,0.9999497700754444,-1.8096825787540007e-05,-1.8096825787540007e-05,3.801151462587992e-06,3.6267882156176305e-06,3.6267882156176305e-06,1.0718084405902853e-05,1.0930596517888092e-06,1.0930596517888092e-06,0.999960593336607,-3.6658109040305265e-06,-3.6658109040305265e-06,-9.144558415956e-33,8839.192938540245
0.3292696682981486,2.5298258529491805e-06,3.62828140538352e-06,0.999948977770696,-1.8255860160246365e-05,-1.8255860160246365e-05,3.8241158572361585e-06,3.647742503621105e-06,3.647742503621105e-06,1.069822989032802e-05,1.0984555524343401e-06,1.0984555524343393e-06,0.9999598626149122,-3.7427345387122856e-06,-3.7427345387122856e-06,8.470329472450614e-22,8800.21094340998
0.3315722533911426,2.544925100378932e-06,3.648751582419498e-06,0.9999481789973328,-1.841649348819433e-05,-1.841649348819433e-05,3.847034580847271e-06,3.6686076803247476e-06,3.6686076803247476e-06,1.067838741622801e-05,1.1038264820405657e-06,1.1038264820405662e-06,0.9999591252520801,-3.821487158516338e-06,-3.821487158516338e-06,-4.235164736364823e-22,8761.360375953078
0.3338748384841366,2.5599918780402853e-06,3.6691644215696423e-06,0.9999473737732651,-1.8578547895918367e-05,-1.8578547895918367e-05,3.869907750728397e-06,3.6893827982388216e-06,3.6893827982388216e-06,1.0658557122235769e-05,1.109172543529357e-06,1.109172543529357e-06,0.9999583812665298,-3.901890209639797e-06,-3.901890209639797e-06,-9.423926277672827e-33,8722.641194433983
0.3361774235771307,2.575026252407633e-06,3.6895200912869897e-06,0.9999465621168385,-1.874184199373586e-05,-1.874184199373586e-05,3.892735483315644e-06,3.7100670105395945e-06,3.7100670105395945e-06,1.0638739145733828e-05,1.1144938388793561e-06,1.1144938388793565e-06,0.9999576306771124,-3.983761628587903e-06,-3.983761628587903e-06,-4.235164736366646e-22,8684.053352345616
0.33848000867012473,2.5900282897675137e-06,3.7098187589039545e-06,0.9999457440468258,-1.890619146844816e-05,-1.890619146844816e-05,3.9155178941815115e-06,3.730659573111947e-06,3.730659573111947e-06,1.0618933622888778e-05,1.1197904691364406e-06,1.1197904691364408e-06,0.9999568735031025,-4.066916432832342e-06,-4.066916432832342e-06,-2.1175823682317873e-22,8645.596798442444
0.3407825937631188,2.6049980562187808e-06,3.730060590642816e-06,0.9999449195824207,-1.9071409673193848e-05,-1.9071409673193848e-05,3.938255098042098e-06,3.7511598462569386e-06,3.7511598462569386e-06,1.0599140688628244e-05,1.1250625344240345e-06,1.1250625344240351e-06,0.9999561097641927,-4.151167310622584e-06,-4.151167310622584e-06,-6.352747104504169e-22,8607.27147680295
0.34308517885611284,2.6199356176725565e-06,3.750245751625717e-06,0.9999440887432306,-1.9237308214635277e-05,-1.9237308214635277e-05,3.960947208763855e-06,3.771567296064396e-06,3.771567296064396e-06,1.057936047667619e-05,1.13031013395316e-06,1.1303101339531605e-06,0.9999553394804854,-4.236325208132409e-06,-4.236325208132409e-06,-4.235164736369285e-22,8569.077326862134
0.34538776394910686,2.6348410398526e-06,3.770374405885318e-06,0.9999432515492699,-1.9403697535713936e-05,-1.9403697535713936e-05,3.983594339371047e-06,3.79188149545311e-06,3.79188149545311e-06,1.055959311953448e-05,1.1355333660327174e-06,1.135533366032718e-06,0.9999545626724875,-4.322199912172664e-06,-4.322199912172664e-06,-6.35274710450589e-22,8531.014283471573
0.34769034904210094,2.6497143882954234e-06,3.7904467163748936e-06,0.9999424080209529,-1.957038749225778e-05,-1.957038749225778e-05,4.00619660205268e-06,3.8121021248798326e-06,3.8121021248798326e-06,1.0539838748507592e-05,1.14073232807947e-06,1.1407323280794702e-06,0.9999537793611021,-4.408600626758206e-06,-4.408600626758206e-06,-2.1175823682352296e-22,8493.082276937197
0.34999293413509497,2.6645557283505046e-06,3.81046284497851e-06,0.9999415581790875,-1.9737187921789916e-05,-1.9737187921789916e-05,4.028754108169573e-06,3.832228972721114e-06,3.832228972721114e-06,1.0520097493709824e-05,1.1459071166280054e-06,1.1459071166280054e-06,0.9999529895676225,-4.495336541875876e-06,-4.495336541875876e-06,-1.0030817899676811e-32,8455.281233065994
0.352295519228089,2.6793651251805003e-06,3.830422952521114e-06,0.9999407020448681,-1.9903909202947982e-05,-1.9903909202947982e-05,4.051266968261358e-06,3.852261935332119e-06,3.852261935332119e-06,1.050036948405812e-05,1.1510578273406136e-06,1.1510578273406139e-06,0.9999521933137256,-4.582217392863525e-06,-4.582217392863525e-06,-2.1175823682368763e-22,8417.61107322008
0.3545981043210831,2.694142643761458e-06,3.850327198778513e-06,0.999939839639869,-2.007036280399122e-05,-2.007036280399122e-05,4.073735292053429e-06,3.872201016787639e-06,3.872201016787639e-06,1.0480654847287777e-05,1.156184555017056e-06,1.156184555017055e-06,0.9999513906214653,-4.6690540088771695e-06,-4.6690540088771695e-06,1.0587911840576825e-21,8380.07171435884
0.3569006894140771,2.7088883488830493e-06,3.870175742487308e-06,0.999938970986038,-2.0236361818942687e-05,-2.0236361818942687e-05,4.0961591884638755e-06,3.892046328311438e-06,3.892046328311438e-06,1.046095370996911e-05,1.1612873936042594e-06,1.161287393604259e-06,0.9999505815132654,-4.7556588489934535e-06,-4.7556588489934535e-06,4.2351647361687776e-22,8342.663069080543
0.3592032745070711,2.7236023051489036e-06,3.8899687413549145e-06,0.9999380961056898,-2.0401721489986736e-05,-2.0401721489986736e-05,4.118538765610542e-06,3.911798087400958e-06,3.911798087400958e-06,1.044126619749178e-05,1.1663664362060117e-06,1.1663664362060109e-06,0.9999497660119139,-4.841846524567078e-06,-4.841846524567078e-06,8.470329472439498e-22,8305.385045680465
0.3615058596000652,2.7382845769767455e-06,3.909706352069126e-06,0.9999372150214997,-2.0566259714815174e-05,-2.0566259714815174e-05,4.140874130817674e-06,3.931456616654587e-06,3.931456616654587e-06,1.04215924340993e-05,1.1714217750923802e-06,1.1714217750923802e-06,0.9999489441405559,-4.927434306538672e-06,-4.927434306538672e-06,-1.0427459580465269e-32,8268.237548183077
0.36380844469305923,2.75293522859882e-06,3.929388730308114e-06,0.9999363277564968,-2.0729797537697702e-05,-2.0729797537697702e-05,4.163165390623037e-06,3.951022342310711e-06,3.951022342310711e-06,1.040193254287048e-05,1.176453501709293e-06,1.1764535017092938e-06,0.9999481159226877,-5.012242616465247e-06,-5.012242616465247e-06,-8.470329472648036e-22,8231.22047640149
0.3661110297860533,2.767554324062052e-06,3.949016030749856e-06,0.9999354343340577,-2.0892159623126e-05,-2.0892159623126e-05,4.185412650784493e-06,3.970495792506768e-06,3.970495792506768e-06,1.0382286645743855e-05,1.1814617066878046e-06,1.1814617066878041e-06,0.9999472813821499,-5.096095500126575e-06,-5.096095500126575e-06,4.2351647361657227e-22,8194.33372597459
0.36841361487904734,2.7821419272284445e-06,3.968588407081889e-06,0.9999345347779008,-2.1053174710966377e-05,-2.1053174710966377e-05,4.2076160162869585e-06,3.98987759526891e-06,3.98987759526891e-06,1.0362654863515564e-05,1.1864464798534453e-06,1.1864464798534445e-06,0.9999464405431221,-5.178821082638821e-06,-5.178821082638821e-06,8.4703294724364895e-22,8157.577188417747
0.37071619997204136,2.7966981017753647e-06,3.988106012010788e-06,0.9999336291120797,-2.121267605213567e-05,-2.121267605213567e-05,4.229775591349106e-06,4.009168476242075e-06,4.009168476242075e-06,1.0343037315857672e-05,1.191407910235423e-06,1.1914079102354233e-06,0.9999455934301158,-5.260252004092517e-06,-5.260252004092517e-06,-4.235164736378739e-22,8120.950751162921
0.37301878506503544,2.8112229111958735e-06,4.007568997271617e-06,0.9999327173609764,-2.137050182389827e-05,-2.137050182389827e-05,4.251891479430088e-06,4.028369256171661e-06,4.028369256171661e-06,1.0323434121306348e-05,1.1963460860757425e-06,1.1963460860757434e-06,0.9999447400679683,-5.340225834811802e-06,-5.340225834811802e-06,-8.470329472650953e-22,8084.454297614051
0.37532137015802947,2.8257164187990366e-06,4.0269775136372625e-06,0.9999317995492963,-2.1526495523966745e-05,-2.1526495523966745e-05,4.273963783236169e-06,4.047480848148151e-06,4.047480848148151e-06,1.030384539728689e-05,1.2012610948382259e-06,1.2012610948382259e-06,0.9999438804818372,-5.4185854694176955e-06,-5.4185854694176955e-06,-1.0865035623377897e-32,8048.087707183473
0.37762395525102355,2.84017868771034e-06,4.0463317109278684e-06,0.9999308757020615,-2.1680506342672535e-05,-2.1680506342672535e-05,4.295992604727511e-06,4.066504254626838e-06,4.066504254626838e-06,1.0284271260112236e-05,1.2061530232175292e-06,1.2061530232175286e-06,0.9999430146971943,-5.495179498961062e-06,-5.495179498961062e-06,6.352747104297912e-22,8011.850855341715
0.37992654034401757,2.854609780872026e-06,4.065631738020034e-06,0.9999299458446047,-2.183238951255567e-05,-2.183238951255567e-05,4.317978045124736e-06,4.0854405642346434e-06,4.0854405642346434e-06,1.0264711824991358e-05,1.2110219571480091e-06,1.2110219571480083e-06,0.9999421427398187,-5.569862560475533e-06,-5.569862560475533e-06,8.470329472432984e-22,7975.743613662186
0.3822291254370116,2.8690097610434546e-06,4.0848777428559645e-06,0.9999290100025636,-2.198200663480854e-05,-2.198200663480854e-05,4.339920204915497e-06,4.1042909483769335e-06,4.1042909483769335e-06,1.0245167206035738e-05,1.2158679818125086e-06,1.2158679818125099e-06,0.9999412646357921,-5.642495663384683e-06,-5.642495663384683e-06,-1.2705494208925193e-21,7939.765849866582
0.3845317105300057,2.8833786908015026e-06,4.104069872452613e-06,0.9999280682018749,-2.212922598209029e-05,-2.212922598209029e-05,4.361819183861066e-06,4.123056657657387e-06,4.123056657657387e-06,1.0225637516266185e-05,1.2206911816511105e-06,1.2206911816511105e-06,0.9999403804114922,-5.712946492279838e-06,-5.712946492279838e-06,-1.1134521597485249e-32,7903.917427870062
0.3868342956229997,2.897716632540964e-06,4.123208272910732e-06,0.9999271204687679,-2.227392277731269e-05,-2.227392277731269e-05,4.383675081002862e-06,4.141739018124166e-06,4.141739018124166e-06,1.0206122867626884e-05,1.2254916403697681e-06,1.2254916403697677e-06,0.9999394900935866,-5.7810896856697635e-06,-5.7810896856697635e-06,4.2351647361595095e-22,7868.198207822497
0.3891368807159937,2.9120236484749196e-06,4.142293089423774e-06,0.9999261668297599,-2.2415979448076932e-05,-2.2415979448076932e-05,4.405487994668876e-06,4.160339427355859e-06,4.160339427355859e-06,1.0186623370980915e-05,1.2302694409488548e-06,1.2302694409488544e-06,0.9999385937090282,-5.846807090381836e-06,-5.846807090381836e-06,4.235164736158873e-22,7832.60804615909
0.3914394658089878,2.9262998006353234e-06,4.161324466287112e-06,0.9999252073116494,-2.2555285856527458e-05,-2.2555285856527458e-05,4.4272580224804374e-06,4.178859350401379e-06,4.178859350401379e-06,1.0167139136116514e-05,1.2350246656517885e-06,1.2350246656517885e-06,0.9999376912850482,-5.90998799137901e-06,-5.90998799137901e-06,-1.1325420597696147e-32,7797.146795645323
0.39374205090198183,2.9405451508731408e-06,4.180302546906353e-06,0.9999242419415109,-2.269173950445581e-05,-2.269173950445581e-05,4.448985261358109e-06,4.197300315586481e-06,4.197300315586481e-06,1.0147670271776554e-05,1.239757396033213e-06,1.2397573960332126e-06,0.9999367828491516,-5.970529316830396e-06,-5.970529316830396e-06,4.2351647361576325e-22,7761.814305409776
0.39604463599497586,2.9547597608589945e-06,4.199227473806494e-06,0.9999232707466889,-2.2825245713582706e-05,-2.2825245713582706e-05,4.470669807528465e-06,4.215663910202585e-06,4.215663910202585e-06,1.0128216885633888e-05,1.2444677129474998e-06,1.2444677129474998e-06,0.9999358684291103,-6.028335818356728e-06,-6.028335818356728e-06,-1.1447491908935542e-32,7726.610421004608
0.39834722108796994,2.96894369208363e-06,4.218099388640651e-06,0.9999222937547929,-2.2955717781003118e-05,-2.2955717781003118e-05,4.492311756530468e-06,4.2339517760906605e-06,4.2339517760906605e-06,1.010877908431783e-05,1.2491556965570216e-06,1.2491556965570212e-06,0.9999349480529588,-6.083320226440514e-06,-6.083320226440514e-06,4.235164736156432e-22,7691.534984439592
0.40064980618096396,2.9830970058581963e-06,4.236918432198393e-06,0.9999213109936916,-2.3083077109864794e-05,-2.3083077109864794e-05,4.5139112032214874e-06,4.252165605134223e-06,4.252165605134223e-06,1.0089356973421068e-05,1.2538214263401978e-06,1.2538214263401966e-06,0.9999340217489883,-6.135403381071223e-06,-6.135403381071223e-06,1.270549420869885e-21,7656.587834225999
0.40295239127395804,2.9972197633149278e-06,4.25568474441469e-06,0.9999203224915074,-2.320725331541962e-05,-2.320725331541962e-05,4.535468241783965e-06,4.270307134676433e-06,4.270307134676433e-06,1.0069950657495319e-05,1.258464981099762e-06,1.258464981099762e-06,0.9999330895457407,-6.184514337760862e-06,-6.184514337760862e-06,-1.1622997045686754e-32,7621.768805426095
0.40525497636695207,3.0113120254074624e-06,4.274398464378151e-06,0.9999193282766106,-2.332818430665027e-05,-2.332818430665027e-05,4.556982965731392e-06,4.288378142873893e-06,4.288378142873893e-06,1.0050560240072118e-05,1.2630864389706887e-06,1.2630864389706883e-06,0.9999321514720036,-6.230590449137669e-06,-6.230590449137669e-06,4.235164736154707e-22,7587.077729689532
0.4075575614599461,3.0253738529113997e-06,4.293059730339588e-06,0.999918328377615,-2.3445816343749777e-05,-2.3445816343749777e-05,4.578455467914662e-06,4.3063804440019945e-06,4.3063804440019945e-06,1.0031185823655895e-05,1.2676858774281884e-06,1.2676858774281884e-06,0.999931207556806,-6.273577422391425e-06,-6.273577422391425e-06,-1.1735041398051063e-32,7552.514435303776
0.4098601465529402,3.0394053064247667e-06,4.311668679720349e-06,0.9999173228233716,-2.356010407178726e-05,-2.356010407178726e-05,4.599885840528211e-06,4.3243158837248946e-06,4.3243158837248946e-06,1.0011827509738992e-05,1.2722633732955824e-06,1.2722633732955824e-06,0.9999302578294108,-6.313429352905865e-06,-6.313429352905865e-06,-1.1789603400637037e-32,7518.078747233092
0.4121627316459342,3.053406446368533e-06,4.330225449120647e-06,0.9999163116429641,-2.367101053095981e-05,-2.367101053095981e-05,4.621274175116183e-06,4.3421863343438415e-06,4.3421863343438415e-06,9.992485398809878e-06,1.2768190027521148e-06,1.276819002752114e-06,0.9999293023193115,-6.350108734477221e-06,-6.350108734477221e-06,8.470329472424572e-22,7483.770487160773
0.4144653167389283,3.0673773329871208e-06,4.348730174327805e-06,0.9999152948657033,-2.377850714388427e-05,-2.377850714388427e-05,4.642620562578558e-06,4.359993690037005e-06,4.359993690037005e-06,9.973159590357276e-06,1.281352841340684e-06,1.2813528413406843e-06,0.9999283410562263,-6.383586446573049e-06,-6.383586446573049e-06,-4.235164736390461e-22,7449.5894735333295
0.4167679018319223,3.081318026348906e-06,4.367182990324414e-06,0.9999142725211219,-2.388257368044119e-05,-2.388257368044119e-05,4.6639250931772025e-06,4.377739862103821e-06,4.377739862103821e-06,9.953850182868099e-06,1.2858649639755083e-06,1.2858649639755083e-06,0.9999273740700928,-6.413841719143534e-06,-6.413841719143534e-06,-1.1947556988511996e-32,7415.535521607595
0.41907048692491633,3.095228586346768e-06,4.38558403129648e-06,0.9999132446389696,-2.3983198200732862e-05,-2.3983198200732862e-05,4.685187856541951e-06,4.395426774226644e-06,4.395426774226644e-06,9.93455727385922e-06,1.2903554449497125e-06,1.2903554449497125e-06,0.9999264013910635,-6.44086207554694e-06,-6.44086207554694e-06,-1.1998327045636117e-32,7381.608443480305
0.4213730720179104,3.1091090726986056e-06,4.4039334306414485e-06,0.9999122112492079,-2.4080376976767395e-05,-2.4080376976767395e-05,4.7064089416765986e-06,4.413056357762003e-06,4.413056357762003e-06,9.915280959847953e-06,1.2948243579428426e-06,1.294824357942843e-06,0.9999254230494998,-6.464643254201601e-06,-6.464643254201601e-06,-4.235164736391983e-22,7347.808048148845
0.42367565711090444,3.1229595449478834e-06,4.4222313209762e-06,0.9999111723820053,-2.4174114393526037e-05,-2.4174114393526037e-05,4.727588436964883e-06,4.430630547073609e-06,4.430630547073609e-06,9.896021336393777e-06,1.2992717760283183e-06,1.2992717760283168e-06,0.9999244390759683,-6.4851891096212355e-06,-6.4851891096212355e-06,1.4823076576829285e-21,7314.134141535318
0.42597824220389846,3.136780062464178e-06,4.44047783414497e-06,0.9999101280677324,-2.426442283011488e-05,-2.426442283011488e-05,4.748726430176423e-06,4.44815127491879e-06,4.44815127491879e-06,9.876778498086291e-06,1.3036977716807906e-06,1.3036977716807917e-06,0.9999234495012348,-6.502511493535003e-06,-6.502511493535003e-06,-1.0587911840800204e-21,7280.586526537909
0.42828082729689254,3.150570684443723e-06,4.458673101227181e-06,0.9999090783369564,-2.4351322521738785e-05,-2.4351322521738785e-05,4.769823008472612e-06,4.465620467899639e-06,4.465620467899639e-06,9.857552538548304e-06,1.3081024167834565e-06,1.3081024167834577e-06,0.9999224543562601,-6.516630116830062e-06,-6.516630116830062e-06,-1.2705494208936427e-21,7247.16500307427
0.43058341238988657,3.164331469910016e-06,4.47681725254533e-06,0.9999080232204369,-2.4434841403274955e-05,-2.4434841403274955e-05,4.790878258412569e-06,4.483040041989903e-06,4.483040041989903e-06,9.83834355046259e-06,1.3124857826353145e-06,1.3124857826353145e-06,0.9999214536721945,-6.527572393093634e-06,-6.527572393093634e-06,-1.223846156117518e-32,7213.869368112604
0.4328859974828806,3.1780624777142837e-06,4.4949104176725305e-06,0.9999069627491209,-2.4515014935252797e-05,-2.4515014935252797e-05,4.811892265958793e-06,4.500411898147714e-06,4.500411898147714e-06,9.819151625554372e-06,1.3168479399582469e-06,1.3168479399582469e-06,0.999920447480374,-6.535373264562675e-06,-6.535373264562675e-06,-1.228380522209213e-32,7180.6994157251465
0.43518858257587467,3.1917637665361974e-06,4.512952725440426e-06,0.9999058969541381,-2.4591885913080046e-05,-2.4591885913080046e-05,4.832865116483214e-06,4.517737918024863e-06,4.517737918024863e-06,9.799976854611634e-06,1.3211889589042294e-06,1.3211889589042285e-06,0.9999194358123145,-6.5400750113183425e-06,-6.5400750113183425e-06,8.470329472419721e-22,7147.654937122076
0.4374911676688687,3.2054353948843275e-06,4.5309443039465775e-06,0.999904825866796,-2.4665504260377302e-05,-2.4665504260377302e-05,4.853796894772736e-06,4.535019959781264e-06,4.535019959781264e-06,9.780819327496686e-06,1.3255089090622496e-06,1.32550890906225e-06,0.9999184186997078,-6.541727044590992e-06,-6.541727044590992e-06,-4.23516473639522e-22,7114.735720689661
0.4397937527618628,3.2190774210967802e-06,4.548885280562093e-06,0.9999037495185753,-2.473592680731039e-05,-2.473592680731039e-05,4.874687685035062e-06,4.552259854014464e-06,4.552259854014464e-06,9.761679133133868e-06,1.3298078594653122e-06,1.329807859465313e-06,0.999917396174417,-6.540385685062018e-06,-6.540385685062018e-06,-8.470329472667149e-22,7081.941552040369
0.4420963378548568,3.2326899033417823e-06,4.566775781939094e-06,0.9999026679411256,-2.4803217054827182e-05,-2.4803217054827182e-05,4.895537570904369e-06,4.569459399812326e-06,4.569459399812326e-06,9.742556359535752e-06,1.3340858785973114e-06,1.3340858785973114e-06,0.9999163682684714,-6.536113927070807e-06,-6.536113927070807e-06,-1.2456514930543897e-32,7049.2722140430715
0.4443989229478508,3.2462728996182957e-06,4.584615934018159e-06,0.9999015811662605,-2.4867444925722713e-05,-2.4867444925722713e-05,4.916346635447003e-06,4.5866203609371196e-06,4.5866203609371196e-06,9.723451093802223e-06,1.3383430343998648e-06,1.3383430343998635e-06,0.9999153350140625,-6.5289811896500765e-06,-6.5289811896500765e-06,1.270549420868953e-21,7016.727486866893
0.4467015080408449,3.2598264677566135e-06,4.602405862035676e-06,0.9999004892259531,-2.4928686503471284e-05,-2.4928686503471284e-05,4.937114961167089e-06,4.603744462148441e-06,4.603744462148441e-06,9.704363422120904e-06,1.3425793942790631e-06,1.3425793942790623e-06,0.9999142964435392,-6.5190630553285805e-06,-6.5190630553285805e-06,8.470329472417625e-22,6984.30714802406
0.44900409313383893,3.2733506654189374e-06,4.620145690531073e-06,0.9998993921523319,-2.4987023759772775e-05,-2.4987023759772775e-05,4.957842630012067e-06,4.620833385671997e-06,4.620833385671997e-06,9.685293429780195e-06,1.3467950251121368e-06,1.3467950251121357e-06,0.9999132525894036,-6.506440997648482e-06,-6.506440997648482e-06,1.0587911840552982e-21,6952.010972406144
0.451306678226833,3.2868455500999858e-06,4.637835543354049e-06,0.9998982899776759,-2.504254427177042e-05,-2.504254427177042e-05,4.978529723378238e-06,4.637888767820823e-06,4.637888767820823e-06,9.666241201180001e-06,1.3509899932540625e-06,1.3509899932540636e-06,0.999912203484306,-6.491202098354222e-06,-6.491202098354222e-06,-1.0587911840804912e-21,6919.838732321197
0.45360926331982704,3.3003111791276733e-06,4.655475543671852e-06,0.9998971827344106,-2.5095340929900494e-05,-2.5095340929900494e-05,4.999176322116389e-06,4.654912195774928e-06,4.654912195774928e-06,9.647206819824165e-06,1.355164364544178e-06,1.3551643645441785e-06,0.9999111491610416,-6.473438755213087e-06,-6.473438755213087e-06,-4.235164736398037e-22,6887.790197539974
0.45591184841282106,3.313747609663689e-06,4.67306581397631e-06,0.9998960704551036,-2.514551163733578e-05,-2.514551163733578e-05,5.0197825065372e-06,4.671905204524503e-06,4.671905204524503e-06,9.62819036834588e-06,1.3593182043126215e-06,1.3593182043126215e-06,0.9999100896525456,-6.45324838143054e-06,-6.45324838143054e-06,-1.269047753873549e-32,6855.8651353251225
0.45821443350581514,3.327154898704117e-06,4.690606476090879e-06,0.99989495317246,-2.5193159001984967e-05,-2.5193159001984967e-05,5.040348356416677e-06,4.688869273981775e-06,4.688869273981775e-06,9.609191928490237e-06,1.3634515773867622e-06,1.3634515773867618e-06,0.9999090249918883,-6.430733097621451e-06,-6.430733097621451e-06,4.235164736144235e-22,6824.06331048192
0.46051701859880917,3.3405331030800204e-06,4.708097651177536e-06,0.9998938309193188,-2.5238390022006338e-05,-2.5238390022006338e-05,5.0608739510014825e-06,4.705805826265721e-06,4.705805826265721e-06,9.590211581148612e-06,1.3675645480975163e-06,1.367564548097516e-06,0.9999079552122724,-6.405999417296192e-06,-6.405999417296192e-06,4.235164736143882e-22,6792.384485382387
0.4628196036918032,3.3538822794582075e-06,4.725539459743963e-06,0.9998927037286479,-2.5281315765787904e-05,-2.5281315765787904e-05,5.0813593690145474e-06,4.7227162231637965e-06,4.7227162231637965e-06,9.571249406344226e-06,1.3716571802857555e-06,1.371657180285755e-06,0.9999068803470271,-6.379157926812054e-06,-6.379157926812054e-06,4.2351647361435355e-22,6760.828420014012
0.4651221887847973,3.367202484341721e-06,4.7429320216501265e-06,0.9998915716335408,-2.532205104733576e-05,-2.532205104733576e-05,5.101804688660138e-06,4.739601763773117e-06,4.739601763773117e-06,9.552305483236723e-06,1.3757295373084057e-06,1.3757295373084057e-06,0.9999058004296058,-6.3503229607352545e-06,-6.3503229607352545e-06,-1.2830453494208536e-32,6729.394872018494
0.4674247738777913,3.3804937740705758e-06,4.760275456115283e-06,0.9998904346672121,-2.5360714098005294e-05,-2.5360714098005294e-05,5.122209987629335e-06,4.756463682324753e-06,4.756463682324753e-06,9.533379890150433e-06,1.3797816820447068e-06,1.379781682044707e-06,0.9999047154935804,-6.319612273544163e-06,-6.319612273544163e-06,-2.117582368264386e-22,6698.08359671825
0.4697273589707853,3.393756204822365e-06,4.7775698817246444e-06,0.9998892928629933,-2.5397426235492235e-05,-2.5397426235492235e-05,5.142575343105234e-06,4.773303146192643e-06,4.773303146192643e-06,9.51447270455834e-06,1.3838136769022788e-06,1.3838136769022792e-06,0.9999036255726385,-6.287146708593657e-06,-6.287146708593657e-06,-4.23516473640046e-22,6666.894347165132
0.4720299440637794,3.4069898326128966e-06,4.794815416436057e-06,0.9998881462543292,-2.5432311530988377e-05,-2.5432311530988377e-05,5.162900831768152e-06,4.790121254089099e-06,4.790121254089099e-06,9.49558400309975e-06,1.3878255838231608e-06,1.3878255838231604e-06,0.9999025307005786,-6.253049865244149e-06,-6.253049865244149e-06,4.235164736142228e-22,6635.826874171773
0.47433252915677343,3.420194713296864e-06,4.812012177586664e-06,0.9998869948747735,-2.546549647538762e-05,-2.546549647538762e-05,5.183186529800859e-06,4.80691903444807e-06,4.80691903444807e-06,9.476713861579724e-06,1.3918174642897988e-06,1.3918174642897998e-06,0.9999014309113062,-6.217447765040965e-06,-6.217447765040965e-06,-1.0587911840808337e-21,6604.880926351938
0.4766351142497675,3.4333709025685464e-06,4.829160281899562e-06,0.9998858387579853,-2.549710964540937e-05,-2.549710964540937e-05,5.203432512893822e-06,4.823697443996824e-06,4.823697443996824e-06,9.457862354982659e-06,1.395789379331017e-06,1.3957893793310158e-06,0.999900326238831,-6.180468517811121e-06,-6.180468517811121e-06,1.2705494208684621e-21,6574.056250153437
0.47893769934276154,3.4465184559623223e-06,4.84625984549007e-06,0.9998846779377247,-2.5527281370483714e-05,-2.5527281370483714e-05,5.223638856250076e-06,4.8404573665158424e-06,4.8404573665158424e-06,9.43902955747019e-06,1.3997413895277481e-06,1.3997413895277477e-06,0.9998992167172612,-6.142241988523434e-06,-6.142241988523434e-06,4.2351647361413256e-22,6543.352589898713
0.48124028443575556,3.4596374288534815e-06,4.8633109838724476e-06,0.9998835124478499,-2.5556143401222904e-05,-2.5556143401222904e-05,5.243805634590577e-06,4.857199611787482e-06,4.857199611787482e-06,9.42021554239958e-06,1.4036735550189656e-06,1.403673555018966e-06,0.9998981023808016,-6.1028994657331135e-06,-6.1028994657331135e-06,-4.235164736401965e-22,6512.769687814796
0.48354286952874964,3.472727876458775e-06,4.880313811966104e-06,0.9998823423223122,-2.558382858027467e-05,-2.558382858027467e-05,5.263932922159062e-06,4.87392491473165e-06,4.87392491473165e-06,9.401420382313448e-06,1.4075859355073289e-06,1.4075859355073285e-06,0.9998969832637481,-6.062573332410255e-06,-6.062573332410255e-06,4.23516473614076e-22,6482.3072840775
0.48584545462174367,3.485789853837201e-06,4.897268444102155e-06,0.9998811675951532,-2.5610470516332084e-05,-2.5610470516332084e-05,5.284020792727284e-06,4.890633934728158e-06,4.890633934728158e-06,9.382644148962827e-06,1.411478590264954e-06,1.4114785902649536e-06,0.9998958594004855,-6.021396739923465e-06,-6.021396739923465e-06,4.235164736140488e-22,6451.965116838487
0.48814803971473775,3.498823415890504e-06,4.9141749940294116e-06,0.999879988300501,-2.5636203262041296e-05,-2.5636203262041296e-05,5.304069319599692e-06,4.907327255123161e-06,4.907327255123161e-06,9.363886913295515e-06,1.4153515781389068e-06,1.4153515781389074e-06,0.9998947308254831,-5.97950328592365e-06,-5.97950328592365e-06,-6.352747104538531e-22,6421.742922269595
0.49045062480773177,3.5118286173640115e-06,4.931033574920913e-06,0.9998788044725656,-2.566116099652738e-05,-2.566116099652738e-05,5.324078575618677e-06,4.924005382918737e-06,4.924005382918737e-06,9.345148745479532e-06,1.4192049575569017e-06,1.4192049575569013e-06,0.9998935975732903,-5.937026696843728e-06,-5.937026696843728e-06,4.235164736139964e-22,6391.640434589209
0.4927532099007258,3.5248055128471903e-06,4.9478442993798885e-06,0.9998776161456369,-2.5685477713220753e-05,-2.5685477713220753e-05,5.344048633169287e-06,4.940668748641997e-06,4.940668748641997e-06,9.326429714896331e-06,1.4230387865326987e-06,1.4230387865326982e-06,0.999892459678535,-5.894100515701199e-06,-5.894100515701199e-06,4.2351647361397133e-22,6361.657386103589
0.4950557949937199,3.5377541567743405e-06,4.964607279445921e-06,0.9998764233540794,-2.5709286913642856e-05,-2.5709286913642856e-05,5.36397956418413e-06,4.957317706391632e-06,4.957317706391632e-06,9.307729890153541e-06,1.4268531226715805e-06,1.4268531226715805e-06,0.9998913171759178,-5.850857795859171e-06,-5.850857795859171e-06,-1.3203310239584627e-32,6331.79350723808
0.4973583800867139,3.5506746034253067e-06,4.981322626601072e-06,0.9998752261323304,-2.5732721307774008e-05,-2.5732721307774008e-05,5.3838714401482926e-06,4.9739525340584e-06,4.9739525340584e-06,9.289049339086758e-06,1.4306480231757658e-06,1.4306480231757654e-06,0.9998901701002102,-5.80743080136972e-06,-5.80743080136972e-06,4.235164736139231e-22,6302.048526573587
0.4996609651797079,3.563566906926129e-06,4.997990451775842e-06,0.9998740245148947,-2.5755912521595707e-05,-2.5755912521595707e-05,5.40372433210409e-06,4.990573433715848e-06,4.990573433715848e-06,9.27038812877243e-06,1.4344235448497124e-06,1.434423544849713e-06,0.99988901848625,-5.7639507144923395e-06,-5.7639507144923395e-06,-6.352747104539755e-22,6272.422170877209
0.501963550272702,3.576431121249726e-06,5.014610865355136e-06,0.9998728185363428,-2.5778990812366468e-05,-2.5778990812366468e-05,5.423538310655859e-06,5.007180532177487e-06,5.007180532177487e-06,9.251746325524503e-06,1.4381797441054101e-06,1.4381797441054097e-06,0.9998878623689389,-5.7205473509459255e-06,-5.7205473509459255e-06,4.2351647361387757e-22,6242.914165140699
0.5042661353656961,3.5892673002165487e-06,5.03118397718411e-06,0.9998716082313064,-2.580208479215698e-05,-2.580208479215698e-05,5.443313445974638e-06,5.023773881716039e-06,5.023773881716039e-06,9.233123994902627e-06,1.441916676967562e-06,1.4419166769675615e-06,0.9998867017832379,-5.677348883420539e-06,-5.677348883420539e-06,4.2351647361385575e-22,6213.524232612945
0.5065687204586901,3.602075497495296e-06,5.047709896574086e-06,0.9998703936344754,-2.582532116013587e-05,-2.582532116013587e-05,5.463049807802938e-06,5.040353460940395e-06,5.040353460940395e-06,9.214521201725318e-06,1.4456343990787905e-06,1.4456343990787903e-06,0.9998855367641651,-5.634481573839526e-06,-5.634481573839526e-06,2.1175823680025948e-22,6184.252094829585
0.5088713055516841,3.6148557666035687e-06,5.064188732308282e-06,0.9998691747805946,-2.5848824444063875e-05,-2.5848824444063875e-05,5.482747465459358e-06,5.056919175825199e-06,5.056919175825199e-06,9.195938010068732e-06,1.4493329657047135e-06,1.449332965704713e-06,0.9998843673467915,-5.592069514830747e-06,-5.592069514830747e-06,4.2351647361381405e-22,6155.097471649648
0.5111738906446782,3.6276081609085485e-06,5.080620592647544e-06,0.9998679517044603,-2.5872716751419412e-05,-2.5872716751419412e-05,5.502406487843208e-06,5.073470860888131e-06,5.073470860888131e-06,9.177374483269593e-06,1.4530124317389954e-06,1.4530124317389958e-06,0.9998831935662382,-5.550234380829235e-06,-5.550234380829235e-06,-4.235164736405062e-22,6126.06008128981
0.5134764757376722,3.64033273362772e-06,5.097005585336099e-06,0.9998667244409173,-2.589711753054398e-05,-2.589711753054398e-05,5.522026943439178e-06,5.090008280509582e-06,5.090008280509582e-06,9.158830683941447e-06,1.4566728517083803e-06,1.456672851708379e-06,0.9998820154576733,-5.509095189199582e-06,-5.509095189199582e-06,1.2705494208680753e-21,6097.139640351672
0.5157790608306663,3.6530295378294984e-06,5.113343817607077e-06,0.9998654930248555,-2.5922143342161075e-05,-2.5922143342161075e-05,5.541608900321796e-06,5.106531130388889e-06,5.106531130388889e-06,9.14030667397243e-06,1.4603142797775784e-06,1.4603142797775784e-06,0.9998808330563084,-5.468768071732767e-06,-5.468768071732767e-06,-1.3393933830696336e-32,6068.335863858083
0.5180816459236603,3.6656986264339623e-06,5.129635396188173e-06,0.9998642574912066,-2.5947907641588835e-05,-2.5947907641588835e-05,5.561152426160044e-06,5.123039039131764e-06,5.123039039131764e-06,9.121802514535605e-06,1.4639367697542097e-06,1.4639367697542104e-06,0.9998796463973951,-5.429366056836144e-06,-5.429366056836144e-06,-6.352747104541372e-22,6039.648465282846
0.5203842310166543,3.6783400522135053e-06,5.145880427307109e-06,0.999863017874941,-2.5974520571930346e-05,-2.5974520571930346e-05,5.5806575882217825e-06,5.139531569962575e-06,5.139531569962575e-06,9.103318266080922e-06,1.4675403750936043e-06,1.4675403750936039e-06,0.9998784555162229,-5.390998862701909e-06,-5.390998862701909e-06,4.235164736137208e-22,6011.0771565893165
0.5226868161096484,3.6909538677935406e-06,5.162079016697137e-06,0.9998617742110651,-2.60020887684935e-05,-2.60020887684935e-05,5.6001244533782515e-06,5.156008222555647e-06,5.156008222555647e-06,9.084853988364433e-06,1.4711251489035965e-06,1.4711251489035965e-06,0.9998772604481152,-5.353772701704953e-06,-5.353772701704953e-06,-1.3446193237194604e-32,5982.621648250224
0.5249894012026425,3.703540125653175e-06,5.1782312696024315e-06,0.9998605265346178,-2.6030715174657298e-05,-2.6030715174657298e-05,5.619553088108464e-06,5.172468434979139e-06,5.172468434979139e-06,9.066409740435453e-06,1.4746911439492565e-06,1.4746911439492565e-06,0.9998760612284265,-5.317790096247572e-06,-5.317790096247572e-06,-1.3462413898566276e-32,5954.281649288078
0.5272919862956365,3.7160988781259015e-06,5.194337290783469e-06,0.9998592748806675,-2.6060498869368454e-05,-2.6060498869368454e-05,5.638943558503608e-06,5.1889115857452174e-06,5.1889115857452174e-06,9.047985580647293e-06,1.4782384126575679e-06,1.4782384126575674e-06,0.9998748578925398,-5.283149706234578e-06,-5.283149706234578e-06,4.2351647361367214e-22,5926.056867303641
0.5295945713886305,3.728630177400287e-06,5.210397184522339e-06,0.9998580192843096,-2.609153490641956e-05,-2.609153490641956e-05,5.658295930271402e-06,5.205336995959957e-06,5.205336995959957e-06,9.029581566668488e-06,1.4817670071220528e-06,1.4817670071220522e-06,0.9998736504758632,-5.249946168330205e-06,-5.249946168330205e-06,6.352747104272322e-22,5897.94700850383
0.5318971564816246,3.7411340755206556e-06,5.226411054628005e-06,0.9998567597806628,-2.612391416562718e-05,-2.612391416562718e-05,5.677610268740411e-06,5.221743931566403e-06,5.221743931566403e-06,9.011197755476253e-06,1.4852769791073496e-06,1.4852769791073492e-06,0.9998724390138267,-5.218269947115161e-06,-5.218269947115161e-06,4.2351647361364256e-22,5869.951777738199
0.5341997415746187,3.7536106243877754e-06,5.2423790044415105e-06,0.999855496404867,-2.6157723215997523e-05,-2.6157723215997523e-05,5.6968866388643265e-06,5.2381316056741265e-06,5.2381316056741265e-06,8.992834203371958e-06,1.4887683800537355e-06,1.488768380053735e-06,0.9998712235418804,-5.188207198231481e-06,-5.188207198231481e-06,4.2351647361362865e-22,5842.070878524204
0.5365023266676127,3.7660598757595553e-06,5.258301136841158e-06,0.9998542291920797,-2.6193044190934933e-05,-2.6193044190934933e-05,5.716125105226242e-06,5.25449918096858e-06,5.25449918096858e-06,8.9744909659851e-06,1.4922412610816027e-06,1.4922412610816027e-06,0.9998700040954902,-5.159839643570301e-06,-5.159839643570301e-06,-1.353479594425577e-32,5814.304013077908
0.5388049117606067,3.778481881251721e-06,5.274177554247605e-06,0.9998529581774734,-2.622995467552031e-05,-2.622995467552031e-05,5.735325732042845e-06,5.270845772193435e-06,5.270845772193435e-06,8.956168098275732e-06,1.4956956729958836e-06,1.4956956729958836e-06,0.9998687807101362,-5.133244458529892e-06,-5.133244458529892e-06,-1.3547569607336273e-32,5786.650882345176
0.5411074968536008,3.7908766923384864e-06,5.29000835862889e-06,0.9998516833962334,-2.626852760585416e-05,-2.626852760585416e-05,5.754488583168582e-06,5.287170448699166e-06,5.287170448699166e-06,8.937865654540482e-06,1.4991316662904036e-06,1.4991316662904036e-06,0.9998675534213093,-5.108494171338601e-06,-5.108494171338601e-06,-1.3559789300533814e-32,5759.111186030814
0.5434100819465948,3.803244360353295e-06,5.305793651505548e-06,0.9998504048835541,-2.6308831180434267e-05,-2.6308831180434267e-05,5.773613722099898e-06,5.303472237051216e-06,5.303472237051216e-06,8.919583688419313e-06,1.5025492911522533e-06,1.502549291152253e-06,0.9998663222645087,-5.0856565744120736e-06,-5.0856565744120736e-06,2.1175823680000363e-22,5731.684622627068
0.5457126670395889,3.815584936489437e-06,5.321533533955441e-06,0.9998491226746369,-2.6350928783505756e-05,-2.6350928783505756e-05,5.792701211979235e-06,5.319750123690653e-06,5.319750123690653e-06,8.90132225290159e-06,1.5059485974660048e-06,1.505948597466004e-06,0.9998650872752387,-5.0647946476839934e-06,-5.0647946476839934e-06,8.470329472407178e-22,5704.370889442177
0.548015252132583,3.82789847180079e-06,5.337228106618776e-06,0.999847836804687,-2.6394878920299353e-05,-2.6394878920299353e-05,5.811751115599214e-06,5.336003057641018e-06,5.336003057641018e-06,8.883081400323979e-06,1.509329634817985e-06,1.5093296348179855e-06,0.9998638484890069,-5.045966493824249e-06,-5.045966493824249e-06,-4.235164736407434e-22,5677.169682632738
0.5503178372255769,3.840185017202489e-06,5.352877469702932e-06,0.9998465473089114,-2.6440735164043653e-05,-2.6440735164043653e-05,5.830763495406648e-06,5.3522299532543105e-06,5.3522299532543105e-06,8.864861182389552e-06,1.5126924525004439e-06,1.5126924525004432e-06,0.9998626059413205,-5.0292252852319254e-06,-5.0292252852319254e-06,6.352747104271221e-22,5650.080697225261
0.552620422318571,3.852444623471601e-06,5.368481722987269e-06,0.9998452542225158,-2.6488546114615275e-05,-2.6488546114615275e-05,5.849738413506557e-06,5.368429692989628e-06,5.368429692989628e-06,8.846661650161783e-06,1.5160370995156681e-06,1.5160370995156681e-06,0.9998613596676847,-5.014619222666198e-06,-5.014619222666198e-06,-1.3612777471615526e-32,5623.103627149894
0.5549230074115651,3.864677341247809e-06,5.384040965827882e-06,0.9998439575807021,-2.6538355368666045e-05,-2.6538355368666045e-05,5.868675931666132e-06,5.38460113021789e-06,5.38460113021789e-06,8.828482854070823e-06,1.5193636245800733e-06,1.5193636245800731e-06,0.9998601097035996,-5.0021915053545165e-06,-5.0021915053545165e-06,2.1175823679995327e-22,5596.2381652678
0.557225592504559,3.876883221034117e-06,5.399555297162363e-06,0.999842657418666,-2.659020150104363e-05,-2.659020150104363e-05,5.8875761113187356e-06,5.400743092046195e-06,5.400743092046195e-06,8.810324843926186e-06,1.5226720761282465e-06,1.5226720761282465e-06,0.9998588560845575,-4.991980312394175e-06,-4.991980312394175e-06,-1.3630292272768103e-32,5569.484003395094
0.5595281775975531,3.889062313197526e-06,5.415024815514461e-06,0.999841353771594,-2.6644118057300976e-05,-2.6644118057300976e-05,5.906439013567801e-06,5.416854382155356e-06,5.416854382155356e-06,8.792187668909435e-06,1.5259625023169354e-06,1.5259625023169352e-06,0.9998575988460405,-4.984018795243131e-06,-4.984018795243131e-06,2.1175823679993679e-22,5542.8408323363665
0.5618307626905472,3.901214667969705e-06,5.430449618998687e-06,0.9998400466746619,-2.6700133557068893e-05,-2.6700133557068893e-05,5.925264699190699e-06,5.432933783644348e-06,5.432933783644348e-06,8.774071377591706e-06,1.5292349510289812e-06,1.529234951028982e-06,0.9998563380235188,-4.978335081074143e-06,-4.978335081074143e-06,-8.47032947267946e-22,5516.30834190574
0.5641333477835412,3.913340335447667e-06,5.445829805324876e-06,0.999838736163031,-2.6758271508047568e-05,-2.6758271508047568e-05,5.944053228642577e-06,5.448980061875582e-06,5.448980061875582e-06,8.755976017935123e-06,1.5324894698772095e-06,1.5324894698772093e-06,0.999855073652447,-4.974952286748064e-06,-4.974952286748064e-06,2.117582367999223e-22,5489.88622095553
0.5664359328765353,3.925439365594563e-06,5.4611654718029255e-06,0.999837422271847,-2.6818550430354504e-05,-2.6818550430354504e-05,5.962804662060382e-06,5.464991967315169e-06,5.464991967315169e-06,8.737901637289774e-06,1.5357261062083627e-06,1.5357261062083625e-06,0.9998538057682624,-4.973888543142802e-06,-4.973888543142802e-06,2.1175823679991584e-22,5463.574157406856
0.5687385179695293,3.93751180824015e-06,5.4764567153469e-06,0.9998361050362367,-2.688098389094779e-05,-2.688098389094779e-05,5.9815190592662665e-06,5.480968238361503e-06,5.480968238361503e-06,8.719848282410597e-06,1.5389449071067496e-06,1.5389449071067492e-06,0.9998525344063827,-4.975157029560191e-06,-4.975157029560191e-06,4.2351647361348486e-22,5437.371838270158
0.5710411030625233,3.9495577130816325e-06,5.491703632479757e-06,0.9998347844913059,-2.6945580547831397e-05,-2.6945580547831397e-05,6.000196479771637e-06,5.496907604157722e-06,5.496907604157722e-06,8.701815999453502e-06,1.5421459193981246e-06,1.5421459193981244e-06,0.9998512596022033,-4.978766017912369e-06,-4.978766017912369e-06,2.1175823679990432e-22,5411.2789496757305
0.5733436881555174,3.961577129684315e-06,5.506906319337701e-06,0.9998334606721374,-2.701234420373068e-05,-2.701234420373068e-05,6.018836982780827e-06,5.5128087873814475e-06,5.5128087873814475e-06,8.683804833986103e-06,1.5453291896533861e-06,1.5453291896533861e-06,0.9998499813910954,-4.984718926379876e-06,-4.984718926379876e-06,-1.367582886433313e-32,5385.295176896696
0.5756462732485115,3.973570107482277e-06,5.522064871674524e-06,0.9998321336137882,-2.708127386891479e-05,-2.708127386891479e-05,6.037440627194786e-06,5.528670507006836e-06,5.528670507006836e-06,8.665814830992243e-06,1.5484947641922463e-06,1.5484947641922466e-06,0.9998486998084032,-4.993014382216695e-06,-4.993014382216695e-06,-2.117582368272555e-22,5359.420204374887
0.5779488583415056,3.985536695778999e-06,5.537179384865815e-06,0.9998308033512876,-2.7152363832829844e-05,-2.7152363832829844e-05,6.056007471614646e-06,5.544491481033563e-06,5.544491481033563e-06,8.647846034866713e-06,1.5516426890868148e-06,1.5516426890868156e-06,0.9998474148894422,-5.003646293366585e-06,-5.003646293366585e-06,-8.470329472679848e-22,5333.653715751107
0.5802514434344995,3.997476943748123e-06,5.55224995391338e-06,0.9998294699196348,-2.722560374419654e-05,-2.722560374419654e-05,6.0745375743455015e-06,5.560270429178087e-06,5.560270429178087e-06,8.629898489438374e-06,1.5547730101652562e-06,1.554773010165257e-06,0.9998461266694966,-5.0166039285430195e-06,-5.0166039285430195e-06,-8.470329472679884e-22,5307.995393881431
0.5825540285274936,4.009390900434055e-06,5.567276673449321e-06,0.9998281333537968,-2.730097869921306e-05,-2.730097869921306e-05,6.093030993399878e-06,5.576006075521806e-06,5.576006075521806e-06,8.611972237957112e-06,1.5578857730152653e-06,1.557885773015266e-06,0.9998448351838172,-5.031872005415775e-06,-5.031872005415775e-06,-6.352747104544166e-22,5282.444920870716
0.5848566136204877,4.021278614752695e-06,5.582259637740312e-06,0.9998267936887061,-2.7378469337499018e-05,-2.7378469337499018e-05,6.1114877865014e-06,5.591697151112002e-06,5.591697151112002e-06,8.594067323112813e-06,1.5609810229876166e-06,1.5609810229876166e-06,0.9998435404676193,-5.049430786537771e-06,-5.049430786537771e-06,-1.369407044603205e-32,5257.001978090359
0.5871591987134817,4.0331401354920795e-06,5.597198940691675e-06,0.9998254509592588,-2.745805194540482e-05,-2.745805194540482e-05,6.129908011088263e-06,5.607342396510757e-06,5.607342396510757e-06,8.576183787029741e-06,1.5640588051995952e-06,1.5640588051995952e-06,0.9998422425560809,-5.06925618263812e-06,-5.06925618263812e-06,-1.3696356021450874e-32,5231.666246207736
0.5894617838064757,4.0449755113130575e-06,5.612094675851466e-06,0.9998241052003121,-2.7539698566306477e-05,-2.7539698566306477e-05,6.148291724316756e-06,5.622940564287818e-06,5.622940564287818e-06,8.55832167127417e-06,1.5671191645384074e-06,1.5671191645384083e-06,0.9998409414843397,-5.091319862900614e-06,-5.091319862900614e-06,-8.470329472679985e-22,5206.4374052088715
0.5917643688994698,4.056784790749958e-06,5.626946936414519e-06,0.9998227564466827,-2.7623377117498938e-05,-2.7623377117498938e-05,6.166638983064717e-06,5.638490421453349e-06,5.638490421453349e-06,8.540481016864838e-06,1.570162145664561e-06,1.570162145664561e-06,0.9998396372874919,-5.115589371840863e-06,-5.115589371840863e-06,-1.3699603631930302e-32,5181.315134419599
0.5940669539924638,4.068568022211281e-06,5.641755815226487e-06,0.9998214047331445,-2.7709051513297163e-05,-2.7709051513297163e-05,6.184949843935026e-06,5.653990751826819e-06,5.653990751826819e-06,8.52266186426923e-06,1.5731877930152052e-06,1.5731877930152056e-06,0.9998383300005902,-5.142028252391216e-06,-5.142028252391216e-06,-4.235164736408508e-22,5156.299112533232
0.5963695390854579,4.080325253980357e-06,5.656521404787773e-06,0.9998200500944265,-2.779668179394985e-05,-2.779668179394985e-05,6.2032243632589885e-06,5.66944035833832e-06,5.66944035833832e-06,8.504864253413798e-06,1.576196150807416e-06,1.5761961508074156e-06,0.9998370196586409,-5.170596174798757e-06,-5.170596174798757e-06,4.2351647361344903e-22,5131.389017631259
0.598672124178452,4.092056534216002e-06,5.671243797257436e-06,0.9998186925652112,-2.7886224259969248e-05,-2.7886224259969248e-05,6.221462597099704e-06,5.684838065259064e-06,5.684838065259064e-06,8.487088223685385e-06,1.5791872630414336e-06,1.5791872630414336e-06,0.9998357062966029,-5.201249070939505e-06,-5.201249070939505e-06,-1.3701238038758483e-32,5106.584527208054
0.6009747092714459,4.103761910953178e-06,5.6859230844570526e-06,0.9998173321801318,-2.7977631611476926e-05,-2.7977631611476926e-05,6.239664601255406e-06,5.700182720357885e-06,5.700182720357885e-06,8.469333813939845e-06,1.582161173503874e-06,1.5821611735038749e-06,0.9998343899493852,-5.233939273648716e-06,-5.233939273648716e-06,-8.470329472680013e-22,5081.885318191835
0.60327729436444,4.115441432103705e-06,5.7005593578746335e-06,0.9998159689737715,-2.8070853092168353e-05,-2.8070853092168353e-05,6.257830431262865e-06,5.715473196980925e-06,5.715473196980925e-06,8.451601062499593e-06,1.585117925770928e-06,1.5851179257709287e-06,0.9998330706518451,-5.268615660669819e-06,-5.268615660669819e-06,-6.352747104544255e-22,5057.291066970689
0.6055798794574341,4.127095145456846e-06,5.715152708668276e-06,0.9998146029806605,-2.816583463749384e-05,-2.816583463749384e-05,6.2759601424005434e-06,5.730708396051505e-06,5.730708396051505e-06,8.433890007164569e-06,1.5880575632114296e-06,1.58805756321143e-06,0.9998317484387865,-5.305223802820735e-06,-5.305223802820735e-06,-4.235164736408493e-22,5032.8014494119225
0.6078824645504282,4.1387230986800485e-06,5.729703227670064e-06,0.9998132342352749,-2.8262519026661234e-05,-2.8262519026661234e-05,6.294053789691997e-06,5.745887247988219e-06,5.745887247988219e-06,8.41620068521965e-06,1.5909801289900155e-06,1.590980128990016e-06,0.9998304233449579,-5.343706115980976e-06,-5.343706115980976e-06,-4.235164736408477e-22,5008.416140882866
0.6101850496434221,4.15032533931956e-06,5.74421100538969e-06,0.9998118627720343,-2.8360846038061802e-05,-2.8360846038061802e-05,6.312111427909023e-06,5.761008714538459e-06,5.761008714538459e-06,8.398533133424875e-06,1.59388566607013e-06,1.5938856660701305e-06,0.9998290954050504,-5.384002016503041e-06,-5.384002016503041e-06,-4.235164736408458e-22,4984.134816279617
0.6124876347364162,4.161901914801089e-06,5.758676132018142e-06,0.9998104886253002,-2.84607526077275e-05,-2.84607526077275e-05,6.330133111574879e-06,5.776071790525717e-06,5.776071790525717e-06,8.380887388034805e-06,1.5967742172170531e-06,1.5967742172170527e-06,0.9998277646536963,-5.426048079654934e-06,-5.426048079654934e-06,4.2351647361345684e-22,4959.957150041619
0.6147902198294103,4.1734528724304715e-06,5.7730986974313326e-06,0.9998091118293745,-2.856217299042994e-05,-2.856217299042994e-05,6.348118894967452e-06,5.791075505508717e-06,5.791075505508717e-06,8.36326348479578e-06,1.5996458250008616e-06,1.599645825000861e-06,0.9998264311254668,-5.469778200704609e-06,-5.469778200704609e-06,6.352747104270347e-22,4935.882816176563
0.6170928049224043,4.1849782593943215e-06,5.787478791193704e-06,0.999807732418497,-2.8665038923035833e-05,-2.8665038923035833e-05,6.366068832122409e-06,5.806018925350815e-06,5.806018925350815e-06,8.345661458952446e-06,1.6025005317993825e-06,1.602500531799382e-06,0.9998250948548706,-5.515123758261018e-06,-5.515123758261018e-06,4.2351647361346267e-22,4911.911488280619
0.6193953900153983,4.196478122760686e-06,5.801816502561766e-06,0.9998063504268446,-2.8769279789739285e-05,-2.8769279789739285e-05,6.383982976836306e-06,5.820901153698276e-06,5.820901153698276e-06,8.328081345252351e-06,1.6053383798010802e-06,1.6053383798010798e-06,0.9998237558763523,-5.562013779492221e-06,-5.562013779492221e-06,4.235164736134662e-22,4888.042839559305
0.6216979751083924,4.207952509479704e-06,5.816111920487629e-06,0.9998049658885291,-2.887482278879653e-05,-2.887482278879653e-05,6.401861382669687e-06,5.835721333366313e-06,5.835721333366313e-06,8.310523177945687e-06,1.6081594110079252e-06,1.6081594110079252e-06,0.9998224142242905,-5.610375106846011e-06,-5.610375106846011e-06,-1.368013787270405e-32,4864.276542850455
0.6240005602013864,4.219401466384239e-06,5.830365133622441e-06,0.9998035788375951,-2.8981593100396116e-05,-2.8981593100396116e-05,6.419704102950101e-06,5.850478647631853e-06,5.850478647631853e-06,8.29298699079337e-06,1.6109636672382017e-06,1.6109636672382017e-06,0.9998210699329959,-5.660132565906352e-06,-5.660132565906352e-06,-1.367589649385596e-32,4840.612270642929
0.6263031452943805,4.230825040190536e-06,5.844576230319838e-06,0.9998021893080192,-2.908951405530325e-05,-2.908951405530325e-05,6.437511190775148e-06,5.865172321432399e-06,5.865172321432399e-06,8.275472817078812e-06,1.613751190129302e-06,1.613751190129302e-06,0.9998197230367102,-5.711209134023897e-06,-5.711209134023897e-06,-1.367128496416329e-32,4817.049695093423
0.6286057303873746,4.242223277498888e-06,5.858745298639384e-06,0.9998007973337082,-2.919850730392666e-05,-2.919850730392666e-05,6.455282699015517e-06,5.879801622470428e-06,5.879801622470428e-06,8.257980689592477e-06,1.616522021140495e-06,1.6165220211404955e-06,0.9998183735696041,-5.763526109369126e-06,-5.763526109369126e-06,-4.235164736408165e-22,4793.588488055817
0.6309083154803685,4.25359622479423e-06,5.872872426349829e-06,0.9997994029484967,-2.930849298546198e-05,-2.930849298546198e-05,6.4730186803178505e-06,5.894365862222805e-06,5.894365862222805e-06,8.240510640655281e-06,1.6192762015555988e-06,1.6192762015555988e-06,0.9998170215657757,-5.817003280062666e-06,-5.817003280062666e-06,-1.366096831580045e-32,4770.228321091983
0.6332109005733626,4.264943928446857e-06,5.886957700932571e-06,0.9997980061861463,-2.941938989677748e-05,-2.941938989677748e-05,6.4907191871078356e-06,5.908864396855472e-06,5.908864396855472e-06,8.223062702116703e-06,1.6220137724857148e-06,1.6220137724857144e-06,0.9998156670592492,-5.871559093047194e-06,-5.871559093047194e-06,4.235164736134949e-22,4746.968865494278
0.6355134856663567,4.27626643471298e-06,5.901001209584786e-06,0.9997966070803443,-2.9531115660713875e-05,-2.9531115660713875e-05,6.5083842715929455e-06,5.923296628042888e-06,5.923296628042888e-06,8.205636905352912e-06,1.6247347748718061e-06,1.6247347748718061e-06,0.9998143100839731,-5.927110822374731e-06,-5.927110822374731e-06,-1.3649221301815766e-32,4723.8097923077685
0.6378160707593507,4.287563789735435e-06,5.915003039222799e-06,0.9997952056647013,-2.9643586893482784e-05,-2.9643586893482784e-05,6.526013985765468e-06,5.9376620036930655e-06,5.9376620036930655e-06,8.18823328127741e-06,1.627439249487365e-06,1.6274392494873644e-06,0.9998129506738189,-5.983574736591588e-06,-5.983574736591588e-06,6.352747104270824e-22,4700.750772346351
0.6401186558523447,4.2988360395442875e-06,5.928963276485239e-06,0.9997938019727499,-2.9756719370855725e-05,-2.9756719370855725e-05,6.543608381405288e-06,5.951960018578108e-06,5.951960018578108e-06,8.170851860343917e-06,1.630127236940951e-06,1.630127236940951e-06,0.9998115888625794,-6.040866264914771e-06,-6.040866264914771e-06,-1.3636076737646508e-32,4677.791476212256
0.6424212409453388,4.31008323005747e-06,5.942882007736206e-06,0.9997923960379441,-2.9870428192847763e-05,-2.9870428192847763e-05,6.561167510082719e-06,5.966190214871101e-06,5.966190214871101e-06,8.153492672550139e-06,1.632798777678736e-06,1.632798777678736e-06,0.9998102246839673,-6.098900161902938e-06,-6.098900161902938e-06,-1.3628990478318994e-32,4654.931574314959
0.6447238260383328,4.321305407081419e-06,5.9567593190684324e-06,0.999790987893657,-2.9984627946609905e-05,-2.9984627946609905e-05,6.578691423161325e-06,5.980352182590054e-06,5.980352182590054e-06,8.13615574744056e-06,1.6354539119870143e-06,1.6354539119870137e-06,0.9998088581716141,-6.157590670336175e-06,-6.157590670336175e-06,6.352747104271037e-22,4632.170736890223
0.6470264111313269,4.3325026163117104e-06,5.970595296306376e-06,0.999789577573179,-3.0099232867255383e-05,-3.0099232867255383e-05,6.596180171800688e-06,5.9944455599497725e-06,5.9944455599497725e-06,8.11884111411058e-06,1.6380926799946656e-06,1.6380926799946656e-06,0.9998074893590679,-6.2168516820298795e-06,-6.2168516820298795e-06,-1.3613809915869558e-32,4609.508634018372
0.6493289962243209,4.343674903333678e-06,5.984390025009276e-06,0.9997881651097179,-3.021415699635631e-05,-3.021415699635631e-05,6.613633806959136e-06,6.008470033622737e-06,6.008470033622737e-06,8.101548801215532e-06,1.640715121675598e-06,1.640715121675598e-06,0.9998061182797929,-6.276596896319205e-06,-6.276596896319205e-06,-1.3605723476249716e-32,4586.944935639991
0.651631581317315,4.3548223136230395e-06,5.998143590474177e-06,0.9997867505363961,-3.0329314337859002e-05,-3.0329314337859002e-05,6.63105237939646e-06,6.022425338910226e-06,6.022425338910226e-06,8.084278836959413e-06,1.6433212768511376e-06,1.6433212768511373e-06,0.9998047449671675,-6.336739975962295e-06,-6.336739975962295e-06,2.117582367999778e-22,4564.479311580859
0.653934166410309,4.365944892546543e-06,6.011856077738965e-06,0.9997853338862499,-3.044461901117743e-05,-3.044461901117743e-05,6.648435939676647e-06,6.036311259825092e-06,6.036311259825092e-06,8.067031249120681e-06,1.6459111851924218e-06,1.6459111851924222e-06,0.9998033694544831,-6.397194700221569e-06,-6.397194700221569e-06,-4.235164736407387e-22,4542.111431559459
0.6562367515033031,4.377042685362564e-06,6.025527571585282e-06,0.999783915192228,-3.055998540123648e-05,-3.055998540123648e-05,6.665784538170498e-06,6.050127629087541e-06,6.050127629087541e-06,8.049806065043028e-06,1.6484848862227186e-06,1.648484886222718e-06,0.9998019917749428,-6.457875114895353e-06,-6.457875114895353e-06,6.352747104271458e-22,4519.84096521046
0.6585393365962972,4.388115737221752e-06,6.03915815654149e-06,0.9997824944871903,-3.067532830524873e-05,-3.067532830524873e-05,6.683098225058297e-06,6.0638743280357335e-06,6.0638743280357335e-06,8.032603311638444e-06,1.6510424193197378e-06,1.6510424193197386e-06,0.9998006119616599,-6.518695679082769e-06,-6.518695679082769e-06,-8.470329472678704e-22,4497.667582102332
0.6608419216892911,4.3991640931676035e-06,6.052747916885504e-06,0.9997810718039063,-3.079056307602005e-05,-3.079056307602005e-05,6.70037705033237e-06,6.077551286452774e-06,6.077551286452774e-06,8.015423015394904e-06,1.6535838237179009e-06,1.6535838237179002e-06,0.9997992300476569,-6.579571408478035e-06,-6.579571408478035e-06,6.3527471042716475e-22,4475.5909517525515
0.6631445067822852,4.410187798137126e-06,6.0662969366477e-06,0.9997796471750544,-3.090560576159249e-05,-3.090560576159249e-05,6.717621063799719e-06,6.091158482312174e-06,6.091158482312174e-06,7.998265202377193e-06,1.656109138510575e-06,1.6561091385105745e-06,0.9997978460658643,-6.640418015001686e-06,-6.640418015001686e-06,4.235164736135997e-22,4453.610743645763
0.6654470918752793,4.42118689696147e-06,6.079805299613806e-06,0.9997782206332203,-3.102037324104421e-05,-3.102037324104421e-05,6.73483031508464e-06,6.1046959414436485e-06,6.1046959414436485e-06,7.981129898236919e-06,1.6586184026523364e-06,1.6586184026523366e-06,0.9997964600491192,-6.701152042588984e-06,-6.701152042588984e-06,-2.117582368271153e-22,4431.726627247517
0.6677496769682733,4.432161434366456e-06,6.093273089327518e-06,0.9997767922108957,-3.113478335627775e-05,-3.113478335627775e-05,6.752004853631089e-06,6.118163737121139e-06,6.118163737121139e-06,7.964017128205728e-06,1.6611116549610618e-06,1.6611116549610616e-06,0.9997950720301636,-6.761690998967679e-06,-6.761690998967679e-06,2.1175823680004545e-22,4409.938272025477
0.6700522620612673,4.443111454973244e-06,6.106700389093369e-06,0.9997753619404773,-3.124875503964311e-05,-3.124875503964311e-05,6.769144728705294e-06,6.131561989575693e-06,6.131561989575693e-06,7.946926917109829e-06,1.6635889341201257e-06,1.6635889341201249e-06,0.9997936820416446,-6.821953483269632e-06,-6.821953483269632e-06,8.470329472407817e-22,4388.245347460634
0.6723548471542614,4.45403700329894e-06,6.12008728197946e-06,0.9997739298542656,-3.1362208437250426e-05,-3.1362208437250426e-05,6.786249989398239e-06,6.144890865435152e-06,6.144890865435152e-06,7.929859289369334e-06,1.666050278680521e-06,1.6660502786805201e-06,0.9997922901161116,-6.881859309332587e-06,-6.881859309332587e-06,8.470329472407927e-22,4366.647523065271
0.6746574322472554,4.464938123757185e-06,6.133433850820117e-06,0.9997724959844637,-3.147506502784177e-05,-3.147506502784177e-05,6.80332068462809e-06,6.15815057709303e-06,6.15815057709303e-06,7.912814268997342e-06,1.6684957270629316e-06,1.6684957270629316e-06,0.9997908962860161,-6.941329624561299e-06,-6.941329624561299e-06,-1.349611482475586e-32,4345.144468400843
0.6769600173402495,4.475814860658774e-06,6.146740178218576e-06,0.9997710603631763,-3.158724773710259e-05,-3.158724773710259e-05,6.820356863142644e-06,6.171341382009131e-06,6.171341382009131e-06,7.89579187960971e-06,1.6709253175598026e-06,1.6709253175598022e-06,0.999789500583711,-7.000287024228286e-06,-7.000287024228286e-06,4.2351647361366574e-22,4323.735853090701
0.6792626024332435,4.486667258212234e-06,6.160006346549581e-06,0.9997696230224083,-3.1698681047305425e-05,-3.1698681047305425e-05,6.837358573521698e-06,6.184463581944293e-06,6.184463581944293e-06,7.878792144427743e-06,1.6733390883373477e-06,1.673339088337347e-06,0.999788103041448,-7.058655661107102e-06,-7.058655661107102e-06,6.352747104272529e-22,4302.42134683591
0.6815651875262376,4.497495360524432e-06,6.173232437961987e-06,0.9997681839940643,-3.1809291102190164e-05,-3.1809291102190164e-05,6.854325864179446e-06,6.1975175221319264e-06,6.1975175221319264e-06,7.861815086278389e-06,1.6757370774375552e-06,1.6757370774375548e-06,0.9997867036913782,-7.116361350342217e-06,-7.116361350342217e-06,4.235164736136902e-22,4281.200619431937
0.6838677726192316,4.508299211601177e-06,6.186418534381342e-06,0.9997667433099466,-3.1919005806996814e-05,-3.1919005806996814e-05,6.871258783366838e-06,6.210503590388927e-06,6.210503590388927e-06,7.844860727603308e-06,1.6781193227801644e-06,1.6781193227801653e-06,0.9997853025655498,-7.173331669471446e-06,-7.173331669471446e-06,-8.470329472677478e-22,4260.073340781117
0.6861703577122257,4.519078855347814e-06,6.199564717512419e-06,0.9997653010017551,-3.2027754923578216e-05,-3.2027754923578216e-05,6.8881573791739095e-06,6.2234222161686245e-06,6.2234222161686245e-06,7.8279290904536e-06,1.6804858621646046e-06,1.6804858621646048e-06,0.9997838996959076,-7.22949605352854e-06,-7.22949605352854e-06,-2.1175823682700967e-22,4239.039180911415
0.6884729428052198,4.529834335569794e-06,6.212671068841679e-06,0.9997638571010858,-3.213547016053121e-05,-3.213547016053121e-05,6.905021699532049e-06,6.236273869558474e-06,6.236273869558474e-06,7.811020196504646e-06,1.6828367332718855e-06,1.6828367332718852e-06,0.9997824951142924,-7.284785885164494e-06,-7.284785885164494e-06,2.1175823680015362e-22,4218.0978099858585
0.6907755278982137,4.5405656959732815e-06,6.225737669639777e-06,0.9997624116394298,-3.2242085258296083e-05,-3.2242085258296083e-05,6.9218517922163096e-06,6.249059060225334e-06,6.249059060225334e-06,7.794134067049009e-06,1.6851719736664962e-06,1.6851719736664958e-06,0.9997810888524388,-7.3391345797369745e-06,-7.3391345797369745e-06,4.235164736137421e-22,4197.248898321712
0.6930781129912078,4.5512729801657345e-06,6.238764600963998e-06,0.9997609646481724,-3.234753606918431e-05,-3.234753606918431e-05,6.93864770484765e-06,6.261778336311024e-06,6.261778336311024e-06,7.777270723004622e-06,1.6874916207982625e-06,1.6874916207982634e-06,0.9997796809419753,-7.392477665328318e-06,-7.392477665328318e-06,-8.470329472676948e-22,4176.4921164025145
0.6953806980842019,4.5619562316564826e-06,6.251751943660643e-06,0.9997595161585924,-3.2451760632306135e-05,-3.2451760632306135e-05,6.955409484895152e-06,6.274432283281005e-06,6.274432283281005e-06,7.760430184919986e-06,1.6897957120041604e-06,1.6897957120041606e-06,0.9997782714144233,-7.444752857663562e-06,-7.444752857663562e-06,-2.1175823682695564e-22,4155.827134891278
0.6976832831771959,4.572615493857311e-06,6.264699778367432e-06,0.9997580662018604,-3.2554699243378965e-05,-3.2554699243378965e-05,6.972137179678237e-06,6.287021522729055e-06,6.287021522729055e-06,7.74361247297857e-06,1.692084284510121e-06,1.692084284510121e-06,0.9997768603011955,-7.495900129909237e-06,-7.495900129909237e-06,-1.3366393009511234e-32,4135.2536246438485
0.6999858682701899,4.583250810083049e-06,6.277608185515856e-06,0.9997566148090388,-3.265629451940789e-05,-3.265629451940789e-05,6.988830836368854e-06,6.299546711140747e-06,6.299546711140747e-06,7.72681760698879e-06,1.6943573754328075e-06,1.694357375432807e-06,0.9997754476335953,-7.545861777344469e-06,-7.545861777344469e-06,4.235164736137982e-22,4114.771256728547
0.702288453363184,4.593862223552123e-06,6.2904772453334715e-06,0.9997551620110803,-3.275649145823961e-05,-3.275649145823961e-05,7.005490501993609e-06,6.312008538618565e-06,6.312008538618565e-06,7.710045606409478e-06,1.6966150217813472e-06,1.6966150217813482e-06,0.9997740334428162,-7.594582476905727e-06,-7.594582476905727e-06,-1.0587911840812127e-21,4094.379702429665
0.704591038456178,4.6044497773871414e-06,6.303307037846201e-06,0.9997537078388272,-3.285523749300015e-05,-3.285523749300015e-05,7.0221162234358986e-06,6.3244077275715776e-06,6.3244077275715776e-06,7.693296490330374e-06,1.6988572604590585e-06,1.6988572604590592e-06,0.9997726177599408,-7.642009341615347e-06,-7.642009341615347e-06,-6.3527471045404765e-22,4074.078633270941
0.7068936235491721,4.615013514615463e-06,6.316097642880596e-06,0.9997522523230106,-3.295248254143629e-05,-3.295248254143629e-05,7.038708047438036e-06,6.336745031372497e-06,6.336745031372497e-06,7.676570277494114e-06,1.7010841282651325e-06,1.7010841282651329e-06,0.9997712006159392,-7.688091969913908e-06,-7.688091969913908e-06,-4.235164736404574e-22,4053.867721020258
0.7091962086421661,4.625553478169768e-06,6.328849140066076e-06,0.9997507954942494,-3.30481790501891e-05,-3.30481790501891e-05,7.0552660206033196e-06,6.349021232984959e-06,6.349021232984959e-06,7.659866986287493e-06,1.703295661896308e-06,1.703295661896308e-06,0.9997697820416696,-7.732782489924801e-06,-7.732782489924801e-06,-1.3291900221052572e-32,4033.7466377078954
0.7114987937351601,4.6360697108886155e-06,6.341561608837117e-06,0.9997493373830494,-3.314228203403686e-05,-3.314228203403686e-05,7.071790189398098e-06,6.361237143563867e-06,6.361237143563867e-06,7.643186634750158e-06,1.7054918979485017e-06,1.7054918979485013e-06,0.9997683620678759,-7.776035598688393e-06,-7.776035598688393e-06,4.235164736138739e-22,4013.7150556367988
0.7138013788281542,4.64656225551698e-06,6.354235128435383e-06,0.999747878019803,-3.3234749110152355e-05,-3.3234749110152355e-05,7.088280600153752e-06,6.37339360103157e-06,6.37339360103157e-06,7.626529240574867e-06,1.707672872918403e-06,1.7076728729184027e-06,0.9997669407251883,-7.817808596410823e-06,-7.817808596410823e-06,2.1175823680031466e-22,3993.7726473964
0.7161039639211483,4.657031154706939e-06,6.366869777912093e-06,0.9997464174347878,-3.332554052742905e-05,-3.332554052742905e-05,7.104737299068928e-06,6.385491468633002e-06,6.385491468633002e-06,7.6098948211139254e-06,1.7098386232051537e-06,1.7098386232051532e-06,0.9997655180441215,-7.858061415780683e-06,-7.858061415780683e-06,4.2351647361390587e-22,3973.919085873532
0.7184065490141422,4.667476451018014e-06,6.379465636129768e-06,0.9997449556581659,-3.3414619190933975e-05,-3.3414619190933975e-05,7.12116033221116e-06,6.397531633471671e-06,6.397531633471671e-06,7.593283393377172e-06,1.7119891851117545e-06,1.711989185111754e-06,0.9997640940550743,-7.896756646414903e-06,-7.896756646414903e-06,4.2351647361392214e-22,3954.15404426689
0.7207091341071363,4.677898186917873e-06,6.392022781764583e-06,0.9997434927199838,-3.350195068155926e-05,-3.350195068155926e-05,7.137549745519098e-06,6.409515005030462e-06,6.409515005030462e-06,7.576694974042008e-06,1.71412459484671e-06,1.7141245948467097e-06,0.9997626687883291,-7.93385955450093e-06,-7.93385955450093e-06,2.1175823680036359e-22,3934.4771960959547
0.7230117192001304,4.688296404782896e-06,6.404541293308442e-06,0.9997420286501707,-3.3587503270944255e-05,-3.3587503270944255e-05,7.15390558480446e-06,6.421442513679088e-06,6.421442513679088e-06,7.560129579449726e-06,1.7162448885255466e-06,1.7162448885255458e-06,0.9997612422740506,-7.969338097710488e-06,-7.969338097710488e-06,8.470329472411056e-22,3914.888215215837
0.7253143042931245,4.698671146898586e-06,6.417021249070789e-06,0.9997405634785385,-3.3671247931749976e-05,-3.3671247931749976e-05,7.170227895753729e-06,6.433315109170849e-06,6.433315109170849e-06,7.543587225613317e-06,1.7183501021722039e-06,1.7183501021722035e-06,0.9997598145422857,-8.00316293546682e-06,-8.00316293546682e-06,4.235164736139724e-22,3895.3867758268184
0.7276168893861185,4.709022455460278e-06,6.429462727180894e-06,0.9997390972347808,-3.375315834337519e-05,-3.375315834337519e-05,7.1865167239303305e-06,6.445133759132066e-06,6.445133759132066e-06,7.52706792821602e-06,1.7204402717206168e-06,1.7204402717206164e-06,0.9997583856229624,-8.035307434651613e-06,-8.035307434651613e-06,4.235164736139895e-22,3875.9725524878104
0.7299194744791125,4.719350372573582e-06,6.44186580558966e-06,0.9997376299484724,-3.3833210893205154e-05,-3.3833210893205154e-05,7.202772114776332e-06,6.4568994475458155e-06,6.4568994475458155e-06,7.510571702619482e-06,1.7225154330160777e-06,1.722515433016078e-06,0.9997569555458892,-8.065747670846515e-06,-8.065747670846515e-06,-2.117582368267183e-22,3856.6452201254137
0.7322220595721066,4.729654940254949e-06,6.454230562071627e-06,0.9997361616490682,-3.391138467349339e-05,-3.391138467349339e-05,7.218994113614343e-06,6.468613173233146e-06,6.468613173233146e-06,7.494098563862067e-06,1.724575621816679e-06,1.7245756218166786e-06,0.9997555243407544,-8.094462425206882e-06,-8.094462425206882e-06,4.2351647361402455e-22,3837.404454047119
0.7345246446651006,4.739936200432201e-06,6.466557074226883e-06,0.9997346923659031,-3.3987661473979945e-05,-3.3987661473979945e-05,7.235182765649332e-06,6.480275948333985e-06,6.480275948333985e-06,7.47764852666653e-06,1.7266208737946824e-06,1.7266208737946816e-06,0.9997540920371257,-8.121433177072414e-06,-8.121433177072414e-06,8.4703294724119245e-22,3818.2499299502215
0.7368272297580947,4.750194194945065e-06,6.478845419482968e-06,0.9997332221281908,-3.406202577035503e-05,-3.406202577035503e-05,7.251338115970435e-06,6.491888796790209e-06,6.491888796790209e-06,7.46122160543717e-06,1.7286512245379034e-06,1.7286512245379034e-06,0.9997526586644493,-8.146644092423154e-06,-8.146644092423154e-06,-1.3089806038812734e-32,3799.181323935168
0.7391298148510888,4.760428965545723e-06,6.4910956750967854e-06,0.9997317509650241,-3.413446470868111e-05,-3.413446470868111e-05,7.267460209552775e-06,6.503452752833274e-06,6.503452752833274e-06,7.444817814264261e-06,1.7306667095510623e-06,1.7306667095510623e-06,0.9997512242520494,-8.17008200829397e-06,-8.17008200829397e-06,-1.3071594652844273e-32,3780.198312515529
0.7414323999440827,4.770640553899307e-06,6.5033079181563845e-06,0.9997302789053729,-3.420496808589077e-05,-3.420496808589077e-05,7.28354909125916e-06,6.514968859478549e-06,6.514968859478549e-06,7.428437166932603e-06,1.7326673642570768e-06,1.7326673642570772e-06,0.9997497888291274,-8.19173641326523e-06,-8.19173641326523e-06,-4.235164736402033e-22,3761.3005726260317
0.7437349850370768,4.780829001584462e-06,6.515482225582853e-06,0.9997288059780851,-3.4273528326481565e-05,-3.4273528326481565e-05,7.299604805841897e-06,6.526438167028834e-06,6.526438167028834e-06,7.412079676915972e-06,1.7346532239983909e-06,1.7346532239983909e-06,0.9997483524247619,-8.211599424150154e-06,-8.211599424150154e-06,-1.3034581914613693e-32,3742.4877816365497
0.7460375701300709,4.790994350093839e-06,6.527618674132072e-06,0.9997273322118848,-3.434014045553213e-05,-3.434014045553213e-05,7.315627397944461e-06,6.5378617315889665e-06,6.5378617315889665e-06,7.395745357386463e-06,1.7366243240382325e-06,1.7366243240382327e-06,0.9997469150679072,-8.229665759003847e-06,-8.229665759003847e-06,-2.1175823682659086e-22,3723.759617359436
0.7483401552230649,4.801136640834621e-06,6.539717340396486e-06,0.9997258576353726,-3.4404802068167136e-05,-3.4404802068167136e-05,7.3316169121031955e-06,6.5492406135937995e-06,6.5492406135937995e-06,7.379434221212231e-06,1.7385806995618648e-06,1.738580699561865e-06,0.9997454767873938,-8.245932706581192e-06,-8.245932706581192e-06,-2.1175823682657187e-22,3705.1157580617382
0.7506427403160589,4.811255915129056e-06,6.551778300806888e-06,0.9997243822770244,-3.4467513295601756e-05,-3.4467513295601756e-05,7.347573392749024e-06,6.560575876351538e-06,6.560575876351538e-06,7.36314628096529e-06,1.7405223856778327e-06,1.740522385677832e-06,0.9997440376119269,-8.260400092374204e-06,-8.260400092374204e-06,6.352747104277477e-22,3686.5558824728732
0.752945325409053,4.821352214214944e-06,6.563801631634092e-06,0.9997229061651915,-3.452827676789797e-05,-3.452827676789797e-05,7.3634968842090545e-06,6.571868584604303e-06,6.571868584604303e-06,7.346881548917122e-06,1.7424494174191473e-06,1.742449417419148e-06,0.9997425975700864,-8.273070241361606e-06,-8.273070241361606e-06,-6.352747104536835e-22,3668.079669797431
0.7552479105020471,4.831425579246169e-06,6.575787408990663e-06,0.9997214293280998,-3.4587097573568094e-05,-3.4587097573568094e-05,7.379387430708248e-06,6.583119803107963e-06,6.583119803107963e-06,7.3306400370510134e-06,1.7443618297444946e-06,1.7443618297444946e-06,0.9997411566903268,-8.28394793760544e-06,-8.28394793760544e-06,-1.293873486327344e-32,3649.686799720569
0.7575504955950411,4.841476051293198e-06,6.58773570883259e-06,0.999719951793849,-3.4643983216162e-05,-3.4643983216162e-05,7.395245076371021e-06,6.594330595232915e-06,6.594330595232915e-06,7.314421757055741e-06,1.7462596575393927e-06,1.7462596575393925e-06,0.9997397150009755,-8.293040380831637e-06,-8.293040380831637e-06,2.1175823680065605e-22,3631.3769524212903
0.7598530806880351,4.85150367134358e-06,6.599646606960903e-06,0.9997184735904127,-3.469894356797648e-05,-3.469894356797648e-05,7.411069865222817e-06,6.605502021587591e-06,6.605502021587591e-06,7.298226720333213e-06,1.7481429356173234e-06,1.7481429356173234e-06,0.9997382725302335,-8.300357140132865e-06,-8.300357140132865e-06,-1.2899125526968445e-32,3613.1498085795583
0.7621556657810292,4.861508480302455e-06,6.611520179023324e-06,0.9997169947456374,-3.475199082102628e-05,-3.475199082102628e-05,7.426861841191689e-06,6.616635138666401e-06,6.616635138666401e-06,7.282054937993941e-06,1.7500116987208683e-06,1.7500116987208683e-06,0.9997368293061745,-8.305910104932985e-06,-8.305910104932985e-06,-1.287905895498231e-32,3595.005049388466
0.7644582508740232,4.871490518993054e-06,6.623356500515863e-06,0.9997155152872426,-3.4803139435417285e-05,-3.4803139435417285e-05,7.442621048109852e-06,6.627730997523638e-06,6.627730997523638e-06,7.265906420873638e-06,1.7518659815228083e-06,1.7518659815228085e-06,0.9997353853567441,-8.309713433353835e-06,-8.309713433353835e-06,-2.117582368264339e-22,3576.942356557205
0.7667608359670173,4.881449828157207e-06,6.635155646784418e-06,0.9997140352428197,-3.485240608526322e-05,-3.485240608526322e-05,7.458347529715235e-06,6.638790642474887e-06,6.638790642474887e-06,7.2497811795223805e-06,1.75370581862721e-06,1.7537058186272105e-06,0.99973394070976,-8.311783498125549e-06,-8.311783498125549e-06,-4.235164736399885e-22,3558.9614123256083
0.7690634210600114,4.891386448455796e-06,6.646917693026256e-06,0.9997125546398321,-3.48998096022866e-05,-3.48998096022866e-05,7.474041329652904e-06,6.6498151098272606e-06,6.6498151098272606e-06,7.23367922421419e-06,1.7555312445704595e-06,1.7555312445704595e-06,0.9997324953929112,-8.312138830181574e-06,-8.312138830181574e-06,-1.2817841913585594e-32,3541.061899469836
0.7713660061530053,4.901300420469272e-06,6.658642714291586e-06,0.9997110735056148,-3.494537091724709e-05,-3.494537091724709e-05,7.489702491476604e-06,6.6608054266400204e-06,6.6608054266400204e-06,7.21760056494469e-06,1.757342293822314e-06,1.757342293822314e-06,0.9997310494337577,-8.310800060080747e-06,-8.310800060080747e-06,-1.2797105406840206e-32,3523.243501312949
0.7736685912459994,4.911191784698151e-06,6.6703307854850895e-06,0.9997095918673736,-3.498911299933766e-05,-3.498911299933766e-05,7.505331058650239e-06,6.671762609516709e-06,6.671762609516709e-06,7.201545211436301e-06,1.7591390007869392e-06,1.7591390007869383e-06,0.9997296028597301,-8.307789857397305e-06,-8.307789857397305e-06,8.470329472415242e-22,3505.50590173215
0.7759711763389935,4.921060581563475e-06,6.681981981367348e-06,0.9997081097521849,-3.503106079369015e-05,-3.503106079369015e-05,7.520927074549266e-06,6.682687663429945e-06,6.682687663429945e-06,7.185513173143061e-06,1.7609213998038732e-06,1.760921399803873e-06,0.999728155698129,-8.303132868220754e-06,-8.303132868220754e-06,2.1175823680081994e-22,3487.8487851660307
0.7782737614319875,4.93090685140731e-06,6.693596376556342e-06,0.9997066271869955,-3.507124115713093e-05,-3.507124115713093e-05,7.536490582462156e-06,6.6935815805801535e-06,6.6935815805801535e-06,7.169504459249258e-06,1.7626895251490324e-06,1.7626895251490322e-06,0.9997267079761252,-8.29685565090556e-06,-8.29685565090556e-06,2.1175823680084112e-22,3470.2718366243025
0.7805763465249815,4.940730634493196e-06,6.705174045528836e-06,0.9997051441986222,-3.510968279232654e-05,-3.510968279232654e-05,7.552021625591744e-06,6.704445339289096e-06,6.704445339289096e-06,7.153519078668168e-06,1.764443411035641e-06,1.7644434110356402e-06,0.9997252597207588,-8.288986610211198e-06,-8.288986610211198e-06,8.470329472415877e-22,3452.7747416972843
0.7828789316179756,4.950531971006664e-06,6.716715062621864e-06,0.9997036608137512,-3.5146416180457954e-05,-3.5146416180457954e-05,7.5675202470566845e-06,6.715279902929373e-06,6.715279902929373e-06,7.13755704005625e-06,1.7661830916152008e-06,1.7661830916152e-06,0.999723810958939,-8.279555929970498e-06,-8.279555929970498e-06,8.470329472416092e-22,3435.3571865587774
0.7851815167109696,4.960310901055658e-06,6.728219502034027e-06,0.9997021770589379,-3.5181473512560786e-05,-3.5181473512560786e-05,7.58298648989272e-06,6.726086218890484e-06,6.726086218890484e-06,7.121618351802511e-06,1.7679086009783695e-06,1.7679086009783691e-06,0.999722361717444,-8.268595504424678e-06,-8.268595504424678e-06,4.2351647361448074e-22,3418.0188579792207
0.7874841018039637,4.970067464671049e-06,6.739687437826952e-06,0.9997006929606069,-3.5214888619668184e-05,-3.5214888619668184e-05,7.5984203970541095e-06,6.736865217582601e-06,6.736865217582601e-06,7.105703022040212e-06,1.7696199731559024e-06,1.7696199731559027e-06,0.9997209120229205,-8.256138868360377e-06,-8.256138868360377e-06,-2.1175823682622265e-22,3400.759443329323
0.7897866868969577,4.979801701807061e-06,6.751118943926553e-06,0.9996992085450512,-3.524669690188985e-05,-3.524669690188985e-05,7.61382201141487e-06,6.747617811478456e-06,6.747617811478456e-06,7.089811058640854e-06,1.7713172421194926e-06,1.7713172421194917e-06,0.999719461901883,-8.242221126183638e-06,-8.242221126183638e-06,8.470329472416748e-22,3383.578630590972
0.7920892719899517,4.989513652341752e-06,6.762514094124396e-06,0.9996977238384324,-3.5276935256560686e-05,-3.5276935256560686e-05,7.6291913757701125e-06,6.758344894194238e-06,6.758344894194238e-06,7.073942469226846e-06,1.773000441782644e-06,1.773000441782644e-06,0.9997180113807147,-8.226878880063103e-06,-8.226878880063103e-06,-1.2603502732959295e-32,3366.4761083601925
0.7943918570829458,4.9992033560774775e-06,6.773872962079001e-06,0.9996962388667797,-3.530564200558916e-05,-3.530564200558916e-05,7.644528532837327e-06,6.769047339609982e-06,6.769047339609982e-06,7.058097261160853e-06,1.7746696060015232e-06,1.7746696060015232e-06,0.9997165604856659,-8.210150157273159e-06,-8.210150157273159e-06,-1.2581259181424296e-32,3349.4515658597047
0.7966944421759399,5.008870852741327e-06,6.7851956213170825e-06,0.9996947536559906,-3.5332856822133785e-05,-3.5332856822133785e-05,7.659833525257598e-06,6.779726001029913e-06,6.779726001029913e-06,7.04227544156058e-06,1.7763247685757555e-06,1.7763247685757557e-06,0.9997151092428546,-8.192074336865455e-06,-8.192074336865455e-06,-2.1175823682613397e-22,3332.5046929407267
0.798997027268934,5.018516181985595e-06,6.796482145234847e-06,0.9996932682318297,-3.5358620656734384e-05,-3.5358620656734384e-05,7.675106395596894e-06,6.790381710383314e-06,6.790381710383314e-06,7.026477017289e-06,1.7779659632492507e-06,1.7779659632492514e-06,0.9997136576782654,-8.172692075794997e-06,-8.172692075794997e-06,-6.352747104532617e-22,3315.6351800948755
0.8012996123619279,5.02813938338821e-06,6.807732607099171e-06,0.9996917826199292,-3.538297566302091e-05,-3.538297566302091e-05,7.690347186347216e-06,6.80101527746611e-06,6.80101527746611e-06,7.010701994967928e-06,1.7795932237109609e-06,1.7795932237109609e-06,0.9997122058177504,-8.152045234624226e-06,-8.152045234624226e-06,-1.2513708686183238e-32,3298.842718456219
0.803602197454922,5.037740496453194e-06,6.818947080048857e-06,0.9996902968457883,-3.540596512312181e-05,-3.540596512312181e-05,7.705555939927853e-06,6.811627489223654e-06,6.811627489223654e-06,6.994950380971059e-06,1.7812065835956624e-06,1.7812065835956622e-06,0.9997107536870284,-8.130176802926386e-06,-8.130176802926386e-06,2.1175823680108416e-22,3282.1269998117077
0.8059047825479161,5.047319560611114e-06,6.830125637095813e-06,0.999688810934773,-3.542763337288968e-05,-3.542763337288968e-05,7.720732698686537e-06,6.822219109074798e-06,6.822219109074798e-06,6.979222181427485e-06,1.7828060764846993e-06,1.782806076484699e-06,0.9997093013116843,-8.107130824506432e-06,-8.107130824506432e-06,2.1175823680110709e-22,3265.4877166071556
0.8082073676409101,5.0568766152194775e-06,6.841268351126165e-06,0.9996873249121159,-3.544802572705976e-05,-3.544802572705976e-05,7.735877504900548e-06,6.832790876277402e-06,6.832790876277402e-06,6.963517402228887e-06,1.7843917359066878e-06,1.7843917359066874e-06,0.9997078487171692,-8.082952322555102e-06,-8.082952322555102e-06,4.2351647361470526e-22,3248.924561951526
0.8105099527339041,5.066411699563238e-06,6.852375294901497e-06,0.9996858388029162,-3.5467188404454335e-05,-3.5467188404454335e-05,7.750990400777949e-06,6.843343505335597e-06,6.843343505335597e-06,6.947836049027988e-06,1.7859635953382593e-06,1.7859635953382598e-06,0.9997063959288008,-8.057687224848345e-06,-8.057687224848345e-06,-4.2351647363957195e-22,3232.4372296247525
0.8128125378268982,5.0759248528551474e-06,6.863446541059855e-06,0.9996843526321392,-3.5485168453341706e-05,-3.5485168453341706e-05,7.766071428458571e-06,6.853877685448443e-06,6.853877685448443e-06,6.932178127238659e-06,1.7875216882047066e-06,1.7875216882047077e-06,0.9997049429717624,-8.031382289102285e-06,-8.031382289102285e-06,-1.058791184080274e-21,3216.0254140846982
0.8151151229198922,5.085416114236258e-06,6.874482162116957e-06,0.9996828664246163,-3.550201367705711e-05,-3.550201367705711e-05,7.78112063001522e-06,6.864394080000416e-06,6.864394080000416e-06,6.916543642038485e-06,1.7890660478806988e-06,1.7890660478806988e-06,0.9997034898711027,-8.004085028589286e-06,-8.004085028589286e-06,-1.237511302609984e-32,3199.6888104729856
0.8174177080128863,5.094885522776297e-06,6.885482230467188e-06,0.999681380205045,-3.551777255998779e-05,-3.551777255998779e-05,7.796138047454669e-06,6.874893326093207e-06,6.874893326093207e-06,6.900932598373989e-06,1.7905967076908912e-06,1.7905967076908912e-06,0.9997020366517364,-7.975843638119037e-06,-7.975843638119037e-06,-1.2351585332345502e-32,3183.4271146196293
0.8197202931058803,5.1043331174741124e-06,6.896446818384693e-06,0.9996798939979885,-3.5532494194022765e-05,-3.5532494194022765e-05,7.811123722718731e-06,6.885376034118986e-06,6.885376034118986e-06,6.885345000960015e-06,1.7921137009105798e-06,1.7921137009105802e-06,0.9997005833384437,-7.946706920483995e-06,-7.946706920483995e-06,-4.235164736394781e-22,3167.240023049905
0.8220228781988743,5.113758937258084e-06,6.907375998024402e-06,0.9996784078278753,-3.554622820556359e-05,-3.554622820556359e-05,7.826077697685302e-06,6.895842787374782e-06,6.895842787374782e-06,6.869780854278287e-06,1.7936170607663174e-06,1.793617060766318e-06,0.9996991299558694,-7.916724213465985e-06,-7.916724213465985e-06,-6.352747104530295e-22,3151.1272329914605
0.8243254632918684,5.123163020986558e-06,6.918269841423071e-06,0.9996769217189999,-3.555902468318907e-05,-3.555902468318907e-05,7.841000014169375e-06,6.90629414171778e-06,6.90629414171778e-06,6.8542401625841785e-06,1.795106820436513e-06,1.7951068204365122e-06,0.9996976765285241,-7.885945317496787e-06,-7.885945317496787e-06,8.4703294724202e-22,3135.0884423779194
0.8266280483848625,5.132545407448188e-06,6.929128420500138e-06,0.9996754356955219,-3.5570934106063495e-05,-3.5570934106063495e-05,7.855890713923901e-06,6.916730625261052e-06,6.916730625261052e-06,6.838722929907764e-06,1.79658301305195e-06,1.7965830130519502e-06,0.9996962230807833,-7.854420424062944e-06,-7.854420424062944e-06,-2.117582368258314e-22,3119.1233498547194
0.8289306334778566,5.141906135362468e-06,6.939951807058932e-06,0.9996739497814663,-3.5582007273175496e-05,-3.5582007273175496e-05,7.870749838641004e-06,6.92715273810985e-06,6.92715273810985e-06,6.823229160052235e-06,1.7980456716964652e-06,1.7980456716964641e-06,0.9996947696368874,-7.822200044939768e-06,-7.822200044939768e-06,1.0587911840556431e-21,3103.2316547858954
0.8312332185708505,5.151245243380034e-06,6.950740072787411e-06,0.9996724640007231,-3.5592295233488224e-05,-3.5592295233488224e-05,7.885577429952694e-06,6.937560952137274e-06,6.937560952137274e-06,6.807758856597952e-06,1.799494829407378e-06,1.7994948294073772e-06,0.9996933162209415,-7.78933494233858e-06,-7.78933494233858e-06,8.470329472420924e-22,3087.4130572584318
0.8335358036638446,5.16056277008311e-06,6.961493289259181e-06,0.9996709783770477,-3.5601849217081686e-05,-3.5601849217081686e-05,7.900373529431912e-06,6.947955710799578e-06,6.947955710799578e-06,6.792312022902925e-06,1.8009305191760709e-06,1.8009305191760713e-06,0.9996918628569155,-7.755876060044962e-06,-7.755876060044962e-06,-4.235164736393338e-22,3071.6672580879817
0.8358383887568387,5.169858753985881e-06,6.9722115279343476e-06,0.99966949293406,-3.561072056736155e-05,-3.561072056736155e-05,7.915138178593357e-06,6.958337428990158e-06,6.958337428990158e-06,6.776888662102969e-06,1.8023527739484656e-06,1.8023527739484664e-06,0.9996904095686439,-7.721874455624159e-06,-7.721874455624159e-06,-8.470329472664597e-22,3055.9939588245525
0.8381409738498327,5.179133233534931e-06,6.982894860160471e-06,0.9996680076952454,-3.561896067440695e-05,-3.561896067440695e-05,7.929871418894451e-06,6.968706492931966e-06,6.968706492931966e-06,6.761488777120201e-06,1.803761626625541e-06,1.8037616266255405e-06,0.9996889563798259,-7.687381233765066e-06,-7.687381233765066e-06,4.235164736150154e-22,3040.39286175477
0.8404435589428267,5.188386247109566e-06,6.9935433571733085e-06,0.9996665226839538,-3.562662090952466e-05,-3.562662090952466e-05,7.944573291736078e-06,6.9790632601074105e-06,6.9790632601074105e-06,6.7461123706517904e-06,1.805157110063742e-06,1.8051571100637424e-06,0.9996875033140253,-7.652447480831429e-06,-7.652447480831429e-06,-4.235164736392604e-22,3024.8636699118965
0.8427461440358208,5.1976178330222835e-06,7.0041570900977855e-06,0.9996650379234001,-3.5633752561075274e-05,-3.5633752561075274e-05,7.959243838463553e-06,6.9894080592256e-06,6.9894080592256e-06,6.73075944518477e-06,1.8065392570755015e-06,1.806539257075502e-06,0.9996860503946704,-7.617124200684132e-06,-7.617124200684132e-06,-4.235164736392357e-22,3009.4060870753547
0.8450487291288148,5.206828029519091e-06,7.014736129948707e-06,0.999663553436664,-3.5640406771631255e-05,-3.5640406771631255e-05,7.973883100367328e-06,6.999741190225722e-06,6.999741190225722e-06,6.715430002986759e-06,1.807908100429616e-06,1.8079081004296162e-06,0.9996845976450539,-7.581462251836425e-06,-7.581462251836425e-06,-2.117582368256358e-22,2994.0198177797306
0.8473513142218089,5.216016874779924e-06,7.0252805476316004e-06,0.9996620692466899,-3.56466344765253e-05,-3.56466344765253e-05,7.988491118683838e-06,7.0100629243162895e-06,7.0100629243162895e-06,6.700124046113446e-06,1.8092636728516759e-06,1.8092636728516765e-06,0.9996831450883328,-7.545512285998896e-06,-7.545512285998896e-06,-6.352747104527611e-22,2978.704567316972
0.849653899314803,5.225184406919002e-06,7.035790413943458e-06,0.9996605853762868,-3.565248634384202e-05,-3.565248634384202e-05,8.00306793459625e-06,7.02037350404927e-06,7.02037350404927e-06,6.6848415764093405e-06,1.8106060070244555e-06,1.810606007024456e-06,0.9996816927475286,-7.509324688068189e-06,-7.509324688068189e-06,-4.23516473639161e-22,2963.4600417411907
0.8519564844077969,5.234330663985215e-06,7.0462657995735064e-06,0.9996591018481286,-3.565801271590366e-05,-3.565801271590366e-05,8.017613589235209e-06,7.030673143428442e-06,7.030673143428442e-06,6.669582595503077e-06,1.8119351355882907e-06,1.8119351355882911e-06,0.9996802406455273,-7.472949517609632e-06,-7.472949517609632e-06,-4.235164736391359e-22,2948.285947875489
0.854259069500791,5.2434556839624845e-06,7.056706775103903e-06,0.9996576186847538,-3.566326355229638e-05,-3.566326355229638e-05,8.032128123679552e-06,7.040962028051117e-06,7.040962028051117e-06,6.654347104818591e-06,1.8132510911414194e-06,1.8132510911414187e-06,0.9996787888050791,-7.436436451880768e-06,-7.436436451880768e-06,6.352747104287646e-22,2933.1819933124007
0.8565616545937851,5.252559504770136e-06,7.067113411010466e-06,0.9996561359085657,-3.566828837448054e-05,-3.566828837448054e-05,8.046611578957021e-06,7.051240315282474e-06,7.051240315282474e-06,6.639135105564385e-06,1.81455390624033e-06,1.8145539062403302e-06,0.9996773372487987,-7.399834730438679e-06,-7.399834730438679e-06,-2.117582368255104e-22,2918.147886422886
0.858864239686779,5.2616421642632475e-06,7.077485777663316e-06,0.9996546535418325,-3.567313621202432e-05,-3.567313621202432e-05,8.061063996044913e-06,7.06150813446156e-06,7.06150813446156e-06,6.623946598744927e-06,1.8158436134000689e-06,1.8158436134000682e-06,0.9996758859991655,-7.363193101371058e-06,-7.363193101371058e-06,6.352747104288153e-22,2903.18333635648
0.8611668247797731,5.2707037002330345e-06,7.087823945327577e-06,0.9996531716066868,-3.567785555049769e-05,-3.567785555049769e-05,8.075485415870764e-06,7.071765587138219e-06,7.071765587138219e-06,6.608781585156008e-06,1.817120245094542e-06,1.8171202450945429e-06,0.9996744350785227,-7.3265597691873835e-06,-7.3265597691873835e-06,-8.470329472661849e-22,2888.288053047669
0.8634694098727672,5.279744150407177e-06,7.098127984163965e-06,0.9996516901251262,-3.568249428105912e-05,-3.568249428105912e-05,8.089875879312941e-06,7.08201274733987e-06,7.08201274733987e-06,6.593640065385008e-06,1.8183838337567887e-06,1.8183838337567879e-06,0.9996729845090787,-7.289982344403258e-06,-7.289982344403258e-06,8.470329472424413e-22,2873.46174722021
0.8657719949657612,5.2887635524501675e-06,7.108397964229389e-06,0.9996502091190131,-3.568709965176496e-05,-3.568709965176496e-05,8.104235427201228e-06,7.092249661867382e-06,7.092249661867382e-06,6.57852203981666e-06,1.8196344117792213e-06,1.819634411779221e-06,0.9996715343129058,-7.253507794847407e-06,-7.253507794847407e-06,2.1175823680174164e-22,2858.704130389224
0.8680745800587553,5.297761943963695e-06,7.118633955477591e-06,0.9996487286100747,-3.569171822062812e-05,-3.569171822062812e-05,8.11856410031747e-06,7.102476350619089e-06,7.102476350619089e-06,6.563427508626336e-06,1.8208720115138964e-06,1.8208720115138958e-06,0.9996700845119412,-7.217182398717758e-06,-7.217182398717758e-06,6.352747104289175e-22,2844.014914868027
0.8703771651517493,5.306739362486936e-06,7.1288360277596265e-06,0.9996472486199033,-3.569639581044857e-05,-3.569639581044857e-05,8.132861939396033e-06,7.112692806941837e-06,7.112692806941837e-06,6.548356471788443e-06,1.8220966652726904e-06,1.8220966652726904e-06,0.9996686351279865,-7.181051699410064e-06,-7.181051699410064e-06,-1.178205765623243e-32,2829.3938137690066
0.8726797502447434,5.315695845496938e-06,7.139004250824465e-06,0.9996457691699561,-3.570117746543654e-05,-3.570117746543654e-05,8.147128985124397e-06,7.122898998008354e-06,7.122898998008354e-06,6.533308929071866e-06,1.8233084053275276e-06,1.8233084053275272e-06,0.9996671861827086,-7.14516046213868e-06,-7.14516046213868e-06,4.2351647361539386e-22,2814.840541009403
0.8749823353377374,5.324631430408917e-06,7.149138694319443e-06,0.9996442902815551,-3.570610740964466e-05,-3.570610740964466e-05,8.161365278143599e-06,7.133094865219716e-06,7.133094865219716e-06,6.518284880042092e-06,1.8245072639105264e-06,1.8245072639105264e-06,0.9996657376976381,-7.1095526323668896e-06,-7.1095526323668896e-06,-1.1730354576367692e-32,2800.354811314427
0.8772849204307315,5.333546154576612e-06,7.159239427790781e-06,0.9996428119758879,-3.571122900722348e-05,-3.571122900722348e-05,8.175570859048733e-06,7.143280324632111e-06,7.143280324632111e-06,6.503284324060026e-06,1.8256932732141685e-06,1.8256932732141687e-06,0.9996642896941713,-7.074271296060358e-06,-7.074271296060358e-06,-2.117582368252795e-22,2785.9363402215436
0.8795875055237256,5.3424400552926e-06,7.169306520684023e-06,0.999641334274007,-3.571658472451108e-05,-3.571658472451108e-05,8.189745768389377e-06,7.153455267406791e-06,7.153455267406791e-06,6.488307260284946e-06,1.8268664653914222e-06,1.8268664653914233e-06,0.999662842193569,-7.039358641774988e-06,-7.039358641774988e-06,-1.0587911840795538e-21,2771.5848440830464
0.8818900906167195,5.351313169788611e-06,7.1793400423444606e-06,0.9996398571968305,-3.572221609396492e-05,-3.572221609396492e-05,8.203890046669996e-06,7.16361956028223e-06,7.16361956028223e-06,6.473353687675945e-06,1.8280268725558497e-06,1.8280268725558495e-06,0.9996613952169575,-7.004855924587079e-06,-7.004855924587079e-06,2.1175823680192283e-22,2757.3000400691717
0.8841926757097136,5.360165535235856e-06,7.189340062017544e-06,0.9996383807651414,-3.5728163679941394e-05,-3.5728163679941394e-05,8.218003734350333e-06,7.173773046067528e-06,7.173773046067528e-06,6.458423604985665e-06,1.8291745267816885e-06,1.829174526781688e-06,0.9996599487853275,-6.970803431871216e-06,-6.970803431871216e-06,4.235164736155241e-22,2743.081646174015
0.8864952608027077,5.3689971887453485e-06,7.1993066488492854e-06,0.999636904999589,-3.5734467046325524e-05,-3.5734467046325524e-05,8.232086871845788e-06,7.183915544156002e-06,7.183915544156002e-06,6.443517010766657e-06,1.8303094601039374e-06,1.830309460103937e-06,0.9996585029195356,-6.937240450928382e-06,-6.937240450928382e-06,4.2351647361555034e-22,2728.929381216561
0.8887978458957017,5.377808167368164e-06,7.2092398718865104e-06,0.9996354299206877,-3.5741164726010625e-05,-3.5741164726010625e-05,8.246139499527656e-06,7.194046851057841e-06,7.194046851057841e-06,6.42863390336721e-06,1.8314317045183467e-06,1.8314317045183467e-06,0.9996570576403033,-6.904205238464584e-06,-6.904205238464584e-06,-1.157356996270715e-32,2714.8429648456236
0.8911004309886957,5.386598508095803e-06,7.21913980007729e-06,0.9996339555488175,-3.574829419222563e-05,-3.574829419222563e-05,8.260161657723512e-06,7.2041667409511075e-06,7.2041667409511075e-06,6.413774280935251e-06,1.832541291981486e-06,1.8325412919814865e-06,0.9996556129682177,-6.871734991916473e-06,-6.871734991916473e-06,-4.235164736386974e-22,2700.822117541603
0.8934030160816898,5.395368247860434e-06,7.22900650227112e-06,0.999632481904225,-3.575589183170463e-05,-3.575589183170463e-05,8.274153386717374e-06,7.2142749662496525e-06,7.2142749662496525e-06,6.398938141416325e-06,1.8336382544106862e-06,1.8336382544106862e-06,0.9996541689237318,-6.8398658226201495e-06,-6.8398658226201495e-06,-1.152079126637249e-32,2686.866560620458
0.8957056011746838,5.404117423535258e-06,7.23884004721932e-06,0.9996310090070223,-3.576399291969143e-05,-3.576399291969143e-05,8.288114726750065e-06,7.2243712581873895e-06,7.2243712581873895e-06,6.384125482549752e-06,1.834722623684063e-06,1.8347226236840621e-06,0.999652725527164,-6.8086327308141506e-06,-6.8086327308141506e-06,8.47032947242806e-22,2672.97601623822
0.8980081862676779,5.412846071934701e-06,7.248640503575082e-06,0.9996295368771878,-3.577263159676849e-05,-3.577263159676849e-05,8.302045718019219e-06,7.234455327417339e-06,7.234455327417339e-06,6.369336301873381e-06,1.8357944316403811e-06,1.8357944316403807e-06,0.9996512827986985,-6.7780695824681665e-06,-6.7780695824681665e-06,4.2351647361568238e-22,2659.150207392183
0.900310771360672,5.4215542298147675e-06,7.258407939893791e-06,0.9996280655345663,-3.578184084749944e-05,-3.578184084749944e-05,8.31594640067957e-06,7.244526864625068e-06,7.244526864625068e-06,6.3545705967204165e-06,1.8368537100790232e-06,1.8368537100790232e-06,0.9996498407583859,-6.748209087924275e-06,-6.748209087924275e-06,-1.1441179643630171e-32,2645.3888579250165
0.902613356453666,5.430241933873293e-06,7.2681424246331475e-06,0.999626594998869,-3.5791652480869556e-05,-3.5791652480869556e-05,8.32981681484302e-06,7.254585541155018e-06,7.254585541155018e-06,6.339828364216548e-06,1.8379004907598543e-06,1.8379004907598543e-06,0.9996483994261429,-6.719082782336966e-06,-6.719082782336966e-06,-1.1414529974721801e-32,2631.691692528649
0.90491594154666,5.438909220750219e-06,7.277844026153298e-06,0.9996251252896738,-3.58020971125089e-05,-3.58020971125089e-05,8.343657000578729e-06,7.264631009648973e-06,7.264631009648973e-06,6.325109601286391e-06,1.8389348054030782e-06,1.8389348054030787e-06,0.9996469588217523,-6.690721007895707e-06,-6.690721007895707e-06,-4.23516473638538e-22,2618.0584367445704
0.9072185266396541,5.4475561270278555e-06,7.287512812716924e-06,0.9996236564264255,-3.581320414867911e-05,-3.581320414867911e-05,8.357466997913147e-06,7.274662904695581e-06,7.274662904695581e-06,6.310414304645831e-06,1.8399566856890694e-06,1.8399566856890686e-06,0.9996455189648636,-6.663152897811417e-06,-6.663152897811417e-06,8.470329472429393e-22,2604.488816969363
0.9095211117326482,5.456182689231141e-06,7.297148852489301e-06,0.9996221884284358,-3.5825001772004096e-05,-3.5825001772004096e-05,8.371246846830018e-06,7.2846808434899865e-06,7.2846808434899865e-06,6.295742470798929e-06,1.84096616325816e-06,1.8409661632581604e-06,0.9996440798749933,-6.636406362046892e-06,-6.636406362046892e-06,-4.235164736384845e-22,2590.9825604584166
0.9118236968256421,5.464788943827901e-06,7.306752213538329e-06,0.9996207213148836,-3.583751692892232e-05,-3.583751692892232e-05,8.384996587270347e-06,7.294684426502586e-06,7.294684426502586e-06,6.281094096045869e-06,1.8419632697104285e-06,1.8419632697104277e-06,0.9996426415715242,-6.610508074769003e-06,-6.610508074769003e-06,8.470329472429929e-22,2577.5393953254065
0.9141262819186362,5.473374927229089e-06,7.3163229638344885e-06,0.9996192551048151,-3.5850775318837056e-05,-3.5850775318837056e-05,8.39871625913229e-06,7.304673238155919e-06,7.304673238155919e-06,6.26646917647441e-06,1.8429480366053994e-06,1.8429480366053998e-06,0.9996412040737066,-6.585483463499102e-06,-6.585483463499102e-06,-4.235164736384307e-22,2564.1590505479003
0.9164288670116303,5.481940675789047e-06,7.325861171250841e-06,0.9996177898171443,-3.586480138493923e-05,-3.586480138493923e-05,8.412405902271082e-06,7.314646847508827e-06,7.314646847508827e-06,6.251867707955869e-06,1.8439204954617936e-06,1.8439204954617936e-06,0.9996397674006581,-6.561356699935868e-06,-6.561356699935868e-06,-1.1253550101570293e-32,2550.8412559711433
0.9187314521046243,5.4904862258057025e-06,7.335366903562845e-06,0.9996163254706528,-3.5879618306675736e-05,-3.5879618306675736e-05,8.426065556498772e-06,7.324604808946757e-06,7.324604808946757e-06,6.23728968615177e-06,1.8448806777571424e-06,1.8448806777571424e-06,0.9996383315713635,-6.5381506924243565e-06,-6.5381506924243565e-06,-1.1226552654646724e-32,2537.585742307819
0.9210340371976183,5.499011613520844e-06,7.344840228448306e-06,0.9996148620839902,-3.589524799383515e-05,-3.589524799383515e-05,8.439695261584097e-06,7.334546662877583e-06,7.334546662877583e-06,6.222735106506162e-06,1.8458286149274625e-06,1.8458286149274621e-06,0.9996368966046756,-6.515887080041928e-06,-6.515887080041928e-06,4.2351647361595062e-22,2524.392241143036
0.9233366222906124,5.50751687512031e-06,7.354281213487142e-06,0.9996133996756742,-3.5911711082220506e-05,-3.5911711082220506e-05,8.453295057252147e-06,7.344471936431695e-06,7.344471936431695e-06,6.208203964242059e-06,1.8467643383668322e-06,1.846764338366832e-06,0.9996354625193147,-6.494586228271939e-06,-6.494586228271939e-06,2.1175823680240265e-22,2511.260484937725
0.9256392073836064,5.516002046734187e-06,7.36368992616112e-06,0.999611938264091,-3.592902693087843e-05,-3.592902693087843e-05,8.46686498318401e-06,7.35438014416568e-06,7.35438014416568e-06,6.19369625436371e-06,1.8476878794269324e-06,1.8476878794269324e-06,0.9996340293338695,-6.474267226233948e-06,-6.474267226233948e-06,-1.1145299998210973e-32,2498.190207029759
0.9279417924766005,5.524467164437087e-06,7.373066433853695e-06,0.9996104778674957,-3.594721362085243e-05,-3.594721362085243e-05,8.480405079016513e-06,7.364270788768782e-06,7.364270788768782e-06,6.179211971649866e-06,1.8485992694166076e-06,1.8485992694166082e-06,0.9996325970667972,-6.4549478854376515e-06,-6.4549478854376515e-06,-6.352747104518434e-22,2485.181141638362
0.9302443775695945,5.532912264248264e-06,7.382410803849567e-06,0.9996090185040116,-3.596628795542625e-05,-3.596628795542625e-05,8.49391538434165e-06,7.374143361770936e-06,7.374143361770936e-06,6.164751110654738e-06,1.849498539601303e-06,1.8494985396013025e-06,0.9996311657364232,-6.436644740027982e-06,-6.436644740027982e-06,4.2351647361605924e-22,2472.2330238655777
0.9325469626625885,5.541337382131863e-06,7.391723103334371e-06,0.9996075601916318,-3.598626546182328e-05,-3.598626546182328e-05,8.507395938706172e-06,7.383997344251946e-06,7.383997344251946e-06,6.1503136657001305e-06,1.8503857212025083e-06,1.850385721202508e-06,0.9996297353609418,-6.419373048485793e-06,-6.419373048485793e-06,2.1175823680251138e-22,2459.34558970091
0.9348495477555826,5.549742553997072e-06,7.401003399394225e-06,0.9996061029482183,-3.600716039432642e-05,-3.600716039432642e-05,8.520846781610994e-06,7.393832207550689e-06,7.393832207550689e-06,6.1358996308756285e-06,1.851260845397153e-06,1.8512608453971531e-06,0.9996283059584165,-6.403146796749516e-06,-6.403146796749516e-06,-2.117582368246115e-22,2446.5185760229133
0.9371521328485767,5.558127815698311e-06,7.410251759015247e-06,0.9996046467915028,-3.6028985738781854e-05,-3.6028985738781854e-05,8.534267952510579e-06,7.4036474139736666e-06,7.4036474139736666e-06,6.121509000031487e-06,1.852123943316936e-06,1.8521239433169357e-06,0.9996268775467799,-6.387978702720868e-06,-6.387978702720868e-06,2.11758236802566e-22,2433.75172060341
0.9394547179415706,5.56649320303539e-06,7.41946824908301e-06,0.9996031917390868,-3.605175321844958e-05,-3.605175321844958e-05,8.547659490812253e-06,7.4134424175020915e-06,7.4134424175020915e-06,6.107141766779563e-06,1.8529750460476198e-06,1.8529750460476204e-06,0.9996254501438341,-6.3738802221175365e-06,-6.3738802221175365e-06,-6.35274710451707e-22,2421.0447621086546
0.9417573030345647,5.574838751753661e-06,7.4286529363819315e-06,0.9996017378084421,-3.6075473301162676e-05,-3.6075473301162676e-05,8.561021435875424e-06,7.423216664496713e-06,7.423216664496713e-06,6.09279792448211e-06,1.8538141846282697e-06,1.8538141846282703e-06,0.9996240237672512,-6.36086155563495e-06,-6.36086155563495e-06,-6.352747104516795e-22,2408.397440104861
0.9440598881275588,5.583164497544167e-06,7.437805887594598e-06,0.9996002850169103,-3.610015520775677e-05,-3.610015520775677e-05,8.574353827010756e-06,7.43296959439967e-06,7.43296959439967e-06,6.078477466255896e-06,1.8546413900504302e-06,1.854641390050431e-06,0.9996225984345731,-6.348931657378382e-06,-6.348931657378382e-06,-8.470329472652274e-22,2395.8094950580894
0.9463624732205529,5.59147047604382e-06,7.446927169301114e-06,0.9995988333817043,-3.6125806921730454e-05,-3.6125806921730454e-05,8.587656703479327e-06,7.442700640432715e-06,7.442700640432715e-06,6.064180384955753e-06,1.855456693257293e-06,1.8554566932572937e-06,0.9996211741632122,-6.3380982445259985e-06,-6.3380982445259985e-06,-6.352747104516247e-22,2383.2806683415
0.9486650583135469,5.59975672283543e-06,7.456016847978121e-06,0.9995973829199075,-3.615243520009633e-05,-3.615243520009633e-05,8.600930104491466e-06,7.452409230290748e-06,7.452409230290748e-06,6.0499066731801565e-06,1.8562601251426912e-06,1.8562601251426908e-06,0.9996197509704514,-6.3283678081838506e-06,-6.3283678081838506e-06,4.2351647361627816e-22,2370.8107022345494
0.9509676434065409,5.608023273447902e-06,7.465074989998063e-06,0.9995959336484744,-3.618004558538352e-05,-3.618004558538352e-05,8.61417406920582e-06,7.462094786830577e-06,7.462094786830577e-06,6.03565632325865e-06,1.8570517165501614e-06,1.8570517165501608e-06,0.9996183288734444,-6.319745625391269e-06,-6.319745625391269e-06,6.352747104298808e-22,2358.399339928695
0.953270228499535,5.616270163356314e-06,7.474101661628186e-06,0.9995944855842311,-3.620864241875005e-05,-3.620864241875005e-05,8.62738863672812e-06,7.471756728753695e-06,7.471756728753695e-06,6.021429327244219e-06,1.8578314982718732e-06,1.857831498271872e-06,0.999616907889216,-6.312235772237305e-06,-6.312235772237305e-06,1.0587911840570584e-21,2346.0463255312106
0.955572813592529,5.624497427981991e-06,7.483096929029469e-06,0.9995930387438755,-3.6238228854164556e-05,-3.6238228854164556e-05,8.640573846109904e-06,7.481394471282676e-06,7.481394471282676e-06,6.0072256769144816e-06,1.858599501047477e-06,1.858599501047478e-06,0.9996154880346626,-6.305841138046681e-06,-6.305841138046681e-06,-1.0587911840786648e-21,2333.751404065763
0.9578753986855231,5.632705102692604e-06,7.492060858255536e-06,0.9995915931439773,-3.6268806873616104e-05,-3.6268806873616104e-05,8.653729736347177e-06,7.491007426830586e-06,7.491007426830586e-06,5.993045363756072e-06,1.8593557555629335e-06,1.8593557555629322e-06,0.9996140693265521,-6.30056344059396e-06,-6.30056344059396e-06,1.2705494208706886e-21,2321.5143214789628
0.9601779837785172,5.640893222802225e-06,7.5009935152514165e-06,0.9995901488009784,-3.63003773033107e-05,-3.63003773033107e-05,8.6668563463789e-06,7.500595005662692e-06,7.500595005662692e-06,5.978888378960486e-06,1.860100292449191e-06,1.8601002924491917e-06,0.9996126517815241,-6.2964032423050344e-06,-6.2964032423050344e-06,-6.352747104514595e-22,2309.3348246426885
0.9624805688715111,5.64906182357137e-06,7.509894965852229e-06,0.9995887057311936,-3.6332939830812855e-05,-3.6332939830812855e-05,8.679953715085417e-06,7.510156616549994e-06,7.510156616549994e-06,5.964754713413014e-06,1.8608331422808585e-06,1.8608331422808585e-06,0.9996112354160912,-6.29335996740394e-06,-6.29335996740394e-06,-1.070662877428632e-32,2297.21266135885
0.9647831539645052,5.657210940207042e-06,7.5187652757817736e-06,0.9995872639508104,-3.6366493023090795e-05,-3.6366493023090795e-05,8.693021881286735e-06,7.519691667413978e-06,7.519691667413978e-06,5.950644357688236e-06,1.861554335574731e-06,1.8615543355747315e-06,0.9996098202466378,-6.291431919963701e-06,-6.291431919963701e-06,-4.235164736378291e-22,2285.1475803616977
0.9670857390574993,5.665340607862743e-06,7.527604510650995e-06,0.9995858234758898,-3.6401034345423437e-05,-3.6401034345423437e-05,8.70606088374068e-06,7.5291995659620565e-06,7.5291995659620565e-06,5.936557302034982e-06,1.8622639027882527e-06,1.862263902788252e-06,0.9996084062894217,-6.2906163028194565e-06,-6.2906163028194565e-06,8.47032947243649e-22,2273.1393313238314
0.9693883241504933,5.6734508616384785e-06,7.536412735956354e-06,0.9995843843223657,-3.643656018112779e-05,-3.643656018112779e-05,8.719070761140939e-06,7.538679720313214e-06,7.538679720313214e-06,5.922493536370262e-06,1.8629618743178758e-06,1.8629618743178756e-06,0.9996069935605736,-6.290909237302374e-06,-6.290909237302374e-06,2.1175823680295148e-22,2261.1876648589223
0.9716909092434873,5.681541736580751e-06,7.545190017078079e-06,0.9995829465060465,-3.647306585206526e-05,-3.647306585206526e-05,8.732051552114947e-06,7.548131539613358e-06,7.548131539613358e-06,5.908453050264368e-06,1.8636482804973285e-06,1.8636482804973287e-06,0.9996055820760977,-6.29230578375294e-06,-6.29230578375294e-06,-2.1175823682417104e-22,2249.292332527503
0.9739934943364814,5.689613267682505e-06,7.5539364192782485e-06,0.9995815100426143,-3.651054563988505e-05,-3.651054563988505e-05,8.745003295221594e-06,7.557554434639849e-06,7.557554434639849e-06,5.894435832930515e-06,1.864323151595743e-06,1.8643231515957436e-06,0.9996041718518721,-6.294799962772054e-06,-6.294799962772054e-06,-6.352747104512935e-22,2237.4530868410516
0.9762960794294755,5.697665489883081e-06,7.562652007698769e-06,0.9995800749476259,-3.65489928079643e-05,-3.65489928079643e-05,8.75792602894881e-06,7.56694781839487e-06,7.56694781839487e-06,5.880441873211009e-06,1.864986517815688e-06,1.8649865178156877e-06,0.999602762903649,-6.298384777169226e-06,-6.298384777169226e-06,2.1175823680303464e-22,2225.6696812672476
0.9785986645224695,5.70569843806816e-06,7.5713368473592514e-06,0.9995786412365126,-3.6588399624003535e-05,-3.6588399624003535e-05,8.770819791710999e-06,7.576311106687191e-06,7.576311106687191e-06,5.8664711595667885e-06,1.8656384092910916e-06,1.8656384092910916e-06,0.9996013552470547,-6.3030522345665295e-06,-6.3030522345665295e-06,-1.0512707706834541e-32,2213.941870233929
0.9809012496154635,5.7137121470696364e-06,7.579991003154633e-06,0.9995772089245811,-3.662875738323665e-05,-3.662875738323665e-05,8.783684621846207e-06,7.585643718701806e-06,7.585643718701806e-06,5.8525236800552086e-06,1.8662788560849974e-06,1.866278856084997e-06,0.9995999488975906,-6.308793370618115e-06,-6.308793370618115e-06,4.235164736166653e-22,2202.2694091371263
0.9832038347084576,5.721706651665516e-06,7.588614539852714e-06,0.9995757780270135,-3.6670056432215623e-05,-3.6670056432215623e-05,8.79652055761318e-06,7.594945077557233e-06,7.594945077557233e-06,5.838599422323768e-06,1.866907888187198e-06,1.8669078881871982e-06,0.9995985438706331,-6.3155982728047675e-06,-6.3155982728047675e-06,-2.1175823682403224e-22,2190.652054343409
0.9855064198014516,5.729681986579784e-06,7.597207522091523e-06,0.9995743485588675,-3.671228619312981e-05,-3.671228619312981e-05,8.80932763718821e-06,7.60421461085006e-06,7.60421461085006e-06,5.824698373581757e-06,1.8675255355117376e-06,1.8675255355117387e-06,0.9995971401814338,-6.323456104763723e-06,-6.323456104763723e-06,-1.0587911840783048e-21,2179.0895631998765
0.9878090048944457,5.7376381864821965e-06,7.605770014376402e-06,0.9995729205350772,-3.6755435188620054e-05,-3.6755435188620054e-05,8.822105898661662e-06,7.613451751186274e-06,7.613451751186274e-06,5.810820520593062e-06,1.8681318278942054e-06,1.8681318278942054e-06,0.9995957378451203,-6.3323551311144465e-06,-6.3323551311144465e-06,-1.0401562941887316e-32,2167.58169403667
0.9901115899874398,5.74557528598811e-06,7.6143020810770075e-06,0.9995714939704526,-3.679949106704902e-05,-3.679949106704902e-05,8.834855380034399e-06,7.622655936699296e-06,7.622655936699296e-06,5.7969658496485314e-06,1.868726795088897e-06,1.8687267950888973e-06,0.9995943368766959,-6.342282742740992e-06,-6.342282742740992e-06,-2.117582368239488e-22,2156.1282061765382
0.9924141750804337,5.753493319658249e-06,7.62280378642404e-06,0.9995700688796814,-3.6844440628188994e-05,-3.6844440628188994e-05,8.847576119213873e-06,7.631826611554247e-06,7.631826611554247e-06,5.783134346545746e-06,1.8693104667657907e-06,1.8693104667657912e-06,0.9995929372910406,-6.353225482492834e-06,-6.353225482492834e-06,-4.235164736374961e-22,2144.7288599417166
0.9947167601734278,5.76139232199844e-06,7.631275194505745e-06,0.9995686452773275,-3.689026984928897e-05,-3.689026984928897e-05,8.860268154009973e-06,7.640963226438201e-06,7.640963226438201e-06,5.769325996570481e-06,1.8698828725073058e-06,1.8698828725073052e-06,0.999591539102911,-6.365169071265991e-06,-6.365169071265991e-06,6.352747104304071e-22,2133.3834166601473
0.9970193452664219,5.7692723274593155e-06,7.639716369264174e-06,0.9995672231778329,-3.6936963911483767e-05,-3.6936963911483767e-05,8.872931522130562e-06,7.650065239036227e-06,7.650065239036227e-06,5.755540784466165e-06,1.8704440418048574e-06,1.8704440418048582e-06,0.9995901423269407,-6.3780984344270715e-06,-6.3780984344270715e-06,-8.470329472645905e-22,2122.0916386757553
0.9993219303594159,5.777133370435996e-06,7.648127374491209e-06,0.9995658025955173,-3.6984507226508134e-05,-3.6984507226508134e-05,8.885566261176753e-06,7.659132114492946e-06,7.659132114492946e-06,5.741778694413894e-06,1.8709940040552128e-06,1.8709940040552132e-06,0.9995887469776408,-6.391997728543298e-06,-6.391997728543298e-06,-4.235164736374126e-22,2110.853289354989
1.00162451545241,5.784975485267707e-06,7.656508273824255e-06,0.9995643835445785,-3.703288346367963e-05,-3.703288346367963e-05,8.898172408637787e-06,7.66816332585936e-06,7.66816332585936e-06,5.728039709997206e-06,1.871532788556548e-06,1.8715327885565478e-06,0.9995873530694,-6.406850368382609e-06,-6.406850368382609e-06,2.1175823680334053e-22,2099.668133098515
1.003927100545404,5.792798706237379e-06,7.66485913074168e-06,0.9995629660390931,-3.7082075577114745e-05,-3.7082075577114745e-05,8.910750001885603e-06,7.677158354524822e-06,7.677158354524822e-06,5.714323814177706e-06,1.872060424504301e-06,1.8720604245043004e-06,0.9995859606164853,-6.422639054148026e-06,-6.422639054148026e-06,6.352747104305186e-22,2088.5359353490844
1.006229685638398,5.8006030675711876e-06,7.673180008557889e-06,0.9995615500930164,-3.713206583314301e-05,-3.713206583314301e-05,8.923299078169005e-06,7.686116690633897e-06,7.686116690633897e-06,5.700630989256022e-06,1.8725769409867011e-06,1.8725769409867013e-06,0.9995845696330421,-6.439345798911455e-06,-6.439345798911455e-06,-2.1175823682375393e-22,2077.4564626043248
1.0085322707313922,5.808388603438054e-06,7.681470970418082e-06,0.9995601357201831,-3.718283583788522e-05,-3.718283583788522e-05,8.93581967460741e-06,7.695037833488004e-06,7.695037833488004e-06,5.6869612168434244e-06,1.8730823669800289e-06,1.8730823669800287e-06,0.9995831801330943,-6.456951956212887e-06,-6.456951956212887e-06,2.1175823680342408e-22,2066.4294824258036
1.010834855824386,5.816155347949096e-06,7.68973207929261e-06,0.9995587229343075,-3.723436656496177e-05,-3.723436656496177e-05,8.94831182818417e-06,7.70392129193166e-06,7.70392129193166e-06,5.6733144778173015e-06,1.8735767313435146e-06,1.873576731343514e-06,0.9995817921305453,-6.47543824779133e-06,-6.47543824779133e-06,6.352747104306021e-22,2055.4547634534624
1.0131374409173801,5.823903335157021e-06,7.697963397970933e-06,0.999557311748984,-3.72866383832988e-05,-3.72866383832988e-05,8.96077557573938e-06,7.712766584723209e-06,7.712766584723209e-06,5.6596907522820625e-06,1.874060062813913e-06,1.874060062813912e-06,0.9995804056391779,-6.49478479141507e-06,-6.49478479141507e-06,1.0587911840577803e-21,2044.5320754181214
1.0154400260103742,5.831632599055445e-06,7.706164989055106e-06,0.9995559021776875,-3.7339631084999616e-05,-3.7339631084999616e-05,8.973210953962181e-06,7.721573240889885e-06,7.721573240889885e-06,5.6460900195250464e-06,1.874532389999663e-06,1.8745323899996616e-06,0.9995790206726547,-6.514971128779191e-06,-6.514971128779191e-06,1.4823076576849583e-21,2033.6611891555474
1.0177426111033683,5.839343173578196e-06,7.714336914952875e-06,0.9995544942337734,-3.739332391325024e-05,-3.739332391325024e-05,8.985617999382527e-06,7.730340800067229e-06,7.730340800067229e-06,5.632512257970327e-06,1.8749937413746813e-06,1.8749937413746798e-06,0.9995776372445183,-6.535976253438737e-06,-6.535976253438737e-06,1.482307657684986e-21,2022.8418766211594
1.0200451961963624,5.847035092598493e-06,7.722479237870152e-06,0.9995530879304784,-3.7447695590228804e-05,-3.7447695590228804e-05,8.997996748362296e-06,7.739068812822583e-06,7.739068812822583e-06,5.61895744512064e-06,1.87544414527166e-06,1.875444145271659e-06,0.999576255368192,-6.557778638748196e-06,-6.557778638748196e-06,1.0587911840578636e-21,2012.073910908573
1.0223477812893564,5.854708389928091e-06,7.73059201980299e-06,0.9995516832809207,-3.750272434498872e-05,-3.750272434498872e-05,9.010347237085773e-06,7.747756840962757e-06,7.747756840962757e-06,5.605425557506621e-06,1.8758836298749e-06,1.8758836298748986e-06,0.9995748750569801,-6.580356265776762e-06,-6.580356265776762e-06,1.4823076576850418e-21,2001.3570662655936
1.0246503663823503,5.862363099316325e-06,7.738675322528944e-06,0.9995502802981007,-3.755838794128702e-05,-3.755838794128702e-05,9.022669501549395e-06,7.756404457825711e-06,7.756404457825711e-06,5.591916570624764e-06,1.876312223212619e-06,1.876312223212619e-06,0.9995734963240682,-6.603686651171243e-06,-6.603686651171243e-06,-9.95595646623738e-33,1990.6911181138848
1.0269529514753444,5.869999254449086e-06,7.746729207597758e-06,0.9995488789949005,-3.761466370532951e-05,-3.761466370532951e-05,9.034963577550733e-06,7.765011248556244e-06,7.765011248556244e-06,5.578430458868601e-06,1.8767299531486715e-06,1.876729953148672e-06,0.9995721191825233,-6.627746874938478e-06,-6.627746874938478e-06,-4.235164736370783e-22,1980.075843070742
1.0292555365683385,5.877616888947688e-06,7.754753736321344e-06,0.9995474793840855,-3.7671528553405815e-05,-3.7671528553405815e-05,9.047229500676616e-06,7.773576810365647e-06,7.773576810365647e-06,5.564967195460664e-06,1.8771368473736558e-06,1.8771368473736556e-06,0.9995707436452944,-6.65251360812044e-06,-6.65251360812044e-06,2.1175823680367486e-22,1969.5110189705094
1.0315581216613325,5.885216036367657e-06,7.762748969762984e-06,0.9995460814783036,-3.772895901938767e-05,-3.772895901938767e-05,9.059467306290348e-06,7.782100752775254e-06,7.782100752775254e-06,5.551526752371179e-06,1.8775329333953274e-06,1.8775329333953265e-06,0.9995693697252129,-6.6779631403357325e-06,-6.6779631403357325e-06,8.47032947244428e-22,1958.9964248902543
1.0338607067543266,5.8927967301973895e-06,7.77071496872567e-06,0.9995446852900864,-3.778693128206478e-05,-3.778693128206478e-05,9.07167702951789e-06,7.790582697843937e-06,7.790582697843937e-06,5.538109100236309e-06,1.8779182385282802e-06,1.8779182385282798e-06,0.9995679974349926,-6.7040714071621e-06,-6.7040714071621e-06,4.235164736173056e-22,1948.5318411754658
1.0361632918473207,5.900359003856692e-06,7.77865179373948e-06,0.9995432908318497,-3.784542119229391e-05,-3.784542119229391e-05,9.083858705232952e-06,7.79902228037941e-06,7.79902228037941e-06,5.524714208264713e-06,1.8782927898827897e-06,1.878292789882789e-06,0.9995666267872308,-6.7308140173359844e-06,-6.7308140173359844e-06,6.352747104309086e-22,1938.1170494694722
1.0384658769403148,5.907902890695243e-06,7.78655950504805e-06,0.9995418981158928,-3.7904404299937206e-05,-3.7904404299937206e-05,9.096012368040928e-06,7.807419148133543e-06,7.807419148133543e-06,5.511342044136619e-06,1.8786566143528075e-06,1.8786566143528077e-06,0.999565257794408,-6.758166279745004e-06,-6.758166279745004e-06,-2.1175823682336404e-22,1927.751832745183
1.0407684620333086,5.915428423990832e-06,7.794438162593756e-06,0.9995405071544001,-3.7963855880566366e-05,-3.7963855880566366e-05,9.10813805226142e-06,7.815772961981377e-06,7.815772961981377e-06,5.4979925738967264e-06,1.8790097386029256e-06,1.8790097386029245e-06,0.9995638904688879,-6.7861032301913416e-06,-6.7861032301913416e-06,1.0587911840581143e-21,1917.4359753387141
1.0430710471263027,5.922935636947532e-06,7.802287826001835e-06,0.9995391179594411,-3.802375096191111e-05,-3.802375096191111e-05,9.120235791909426e-06,7.824083396084148e-06,7.824083396084148e-06,5.484665761831853e-06,1.879352189054303e-06,1.8793521890543027e-06,0.9995625248229191,-6.81459965790377e-06,-6.81459965790377e-06,2.1175823680384173e-22,1907.1692629878505
1.0453736322192968,5.930424562693648e-06,7.81010855456306e-06,0.9995377305429701,-3.8084064350030014e-05,-3.8084064350030014e-05,9.132305620674848e-06,7.83235013803606e-06,7.83235013803606e-06,5.471361570343982e-06,1.8796839918694122e-06,1.8796839918694124e-06,0.9995611608686338,-6.843630131777773e-06,-6.843630131777773e-06,-2.1175823682328062e-22,1896.9514828718834
1.0476762173122909,5.937895234279513e-06,7.817900407214972e-06,0.9995363449168277,-3.814477065518413e-05,-3.814477065518413e-05,9.144347571900315e-06,7.840572888994967e-06,7.840572888994967e-06,5.4580799598058495e-06,1.8800051729354603e-06,1.8800051729354593e-06,0.9995597986180494,-6.8731690263242414e-06,-6.8731690263242414e-06,1.0587911840581976e-21,1886.7824236569547
1.049978802405285,5.94534768467509e-06,7.825663442521493e-06,0.9995349610927408,-3.8205844317392664e-05,-3.8205844317392664e-05,9.156361678557068e-06,7.84875136379687e-06,7.84875136379687e-06,5.4448208884043264e-06,1.8803157578464037e-06,1.8803157578464035e-06,0.9995584380830683,-6.903190547306691e-06,-6.903190547306691e-06,2.1175823680392512e-22,1876.6618755452253
1.052281387498279,5.95278194676734e-06,7.833397718650708e-06,0.9995335790823223,-3.826725963165302e-05,-3.826725963165302e-05,9.16834797321871e-06,7.856885291054215e-06,7.856885291054215e-06,5.431584311970625e-06,1.8806157718833685e-06,1.880615771883368e-06,0.9995570792754783,-6.933668757050188e-06,-6.933668757050188e-06,4.2351647361752795e-22,1866.5896303281463
1.054583972591273,5.960198053357374e-06,7.841103293350691e-06,0.9995321988970727,-3.8328990772806635e-05,-3.8328990772806635e-05,9.180306488032622e-06,7.86497441323798e-06,7.86497441323798e-06,5.418370183791993e-06,1.8809052399933171e-06,1.8809052399933174e-06,0.9995557222069528,-6.9645775994038695e-06,-6.9645775994038695e-06,-2.1175823682316956e-22,1856.5654814455459
1.056886557684267,5.967596037157335e-06,7.84878022392312e-06,0.9995308205483793,-3.8391011820033856e-05,-3.8391011820033856e-05,9.1922372546888e-06,7.873018486743504e-06,7.873018486743504e-06,5.405178454403599e-06,1.8811841867657833e-06,1.8811841867657846e-06,0.9995543668890511,-6.995890924341378e-06,-6.995890924341378e-06,-1.2705494208910173e-21,1846.5892240509427
1.059189142777261,5.974975930787e-06,7.856428567194437e-06,0.9995294440475175,-3.8453296780961405e-05,-3.8453296780961405e-05,9.204140304385779e-06,7.881017281939974e-06,7.881017281939974e-06,5.3920090713623156e-06,1.881452636407438e-06,1.8814526364074375e-06,0.9995530133332191,-7.027582512183657e-06,-7.027582512183657e-06,4.235164736176111e-22,1836.6606550825131
1.0614917278702551,5.982337766770067e-06,7.864048379484327e-06,0.9995280694056509,-3.851581961536733e-05,-3.851581961536733e-05,9.216015667793395e-06,7.888970583203509e-06,7.888970583203509e-06,5.378861978994997e-06,1.88171061271426e-06,1.8817106127142606e-06,0.9995516615507893,-7.059626097430019e-06,-7.059626097430019e-06,-6.352747104502366e-22,1826.7795733420714
1.0637943129632492,5.989681577530093e-06,7.871639716571136e-06,0.9995266966338314,-3.8578554258468266e-05,-3.8578554258468266e-05,9.227863375011944e-06,7.89687818893368e-06,7.89687818893368e-06,5.365737118120526e-06,1.8819581390410439e-06,1.8819581390410436e-06,0.9995503115529811,-7.091995392183721e-06,-7.091995392183721e-06,2.1175823680409143e-22,1816.9457795822882
1.0660968980562433,5.997007395386061e-06,7.879202633653963e-06,0.999525325743,-3.864147464377583e-05,-3.864147464377583e-05,9.239683455527423e-06,7.904739911553403e-06,7.904739911553403e-06,5.352634425743698e-06,1.8821952382679026e-06,1.8821952382679024e-06,0.9995489633509009,-7.12466410915998e-06,-7.12466410915998e-06,2.1175823680411908e-22,1807.159076602708
1.0683994831492374,6.004315252547502e-06,7.886737185310939e-06,0.999523956743987,-3.87045547255088e-05,-3.87045547255088e-05,9.251475938162259e-06,7.912555577491877e-06,7.912555577491877e-06,5.33955383471341e-06,1.882421932763438e-06,1.882421932763437e-06,0.999547616955543,-7.1576059842650455e-06,-7.1576059842650455e-06,8.470329472448719e-22,1797.4192693570192
1.0707020682422312,6.011605181109178e-06,7.894243425453342e-06,0.9995225896475124,-3.8767768500548514e-05,-3.8767768500548514e-05,9.263240851021148e-06,7.920325027150512e-06,7.920325027150512e-06,5.326495273346403e-06,1.8826382443441637e-06,1.8826382443441645e-06,0.9995462723777887,-7.190794798735145e-06,-7.190794798735145e-06,-8.470329472637011e-22,1787.7261650710889
1.0730046533352253,6.018877213045207e-06,7.901721407274918e-06,0.9995212244641862,-3.8831090029926746e-05,-3.8831090029926746e-05,9.274978221431234e-06,7.928048114851327e-06,7.928048114851327e-06,5.313458665004991e-06,1.8828441942297105e-06,1.8828441942297111e-06,0.999544929628408,-7.224204400827072e-06,-7.224204400827072e-06,-6.352747104500984e-22,1778.079573375448
1.0753072384282194,6.026131380202647e-06,7.909171183195924e-06,0.999519861204509,-3.889449345983436e-05,-3.889449345983436e-05,9.28668807587605e-06,7.935724708767658e-06,7.935724708767658e-06,5.300443927629331e-06,1.8830398029932778e-06,1.8830398029932772e-06,0.9995435887180586,-7.257808727050661e-06,-7.257808727050661e-06,6.352747104313797e-22,1768.479306452045
1.0776098235212135,6.033367714294392e-06,7.916592804801127e-06,0.9995184998788723,-3.895795304214155e-05,-3.895795304214155e-05,9.298370439922367e-06,7.943354690836557e-06,7.943354690836557e-06,5.2874509732137036e-06,1.8832250905067358e-06,1.8832250905067351e-06,0.9995422496572867,-7.29158182293704e-06,-7.29158182293704e-06,6.352747104314073e-22,1758.9251791985496
1.0799124086142076,6.0405862468913765e-06,7.923986322771016e-06,0.9995171404975588,-3.9021443154419646e-05,-3.9021443154419646e-05,9.310025338139009e-06,7.950937956652414e-06,7.950937956652414e-06,5.274479707221076e-06,1.8834000758796382e-06,1.8834000758796395e-06,0.9995409124565271,-7.325497863335582e-06,-7.325497863335582e-06,-1.2705494208907409e-21,1749.417009412017
1.0822149937072016,6.047787009413949e-06,7.931351786805331e-06,0.9995157830707425,-3.9084938319456246e-05,-3.9084938319456246e-05,9.321652794006635e-06,7.958474415341104e-06,7.958474415341104e-06,5.261530027924363e-06,1.8835647773913816e-06,1.8835647773913822e-06,0.999539577126103,-7.359531172234922e-06,-7.359531172234922e-06,-6.3527471044998815e-22,1739.9546179955514
1.0845175788001955,6.054970033122341e-06,7.938689245537815e-06,0.99951442760849,-3.9148413224255396e-05,-3.9148413224255396e-05,9.333252829817153e-06,7.965963989413816e-06,7.965963989413816e-06,5.248601825671033e-06,1.8837192124154742e-06,1.883719212415474e-06,0.9995382436762266,-7.393656242104137e-06,-7.393656242104137e-06,2.117582368043397e-22,1730.5378291890038
1.0868201638931896,6.062135349106112e-06,7.945998746441004e-06,0.9995130741207597,-3.921184273851569e-05,-3.921184273851569e-05,9.34482546656141e-06,7.973406614599599e-06,7.973406614599599e-06,5.2356949820461806e-06,1.8838633973348929e-06,1.8838633973348922e-06,0.999536912116999,-7.427847752751674e-06,-7.427847752751674e-06,6.352747104315174e-22,1721.1664708314775
1.0891227489861837,6.06928298827243e-06,7.95328033571961e-06,0.999511722617403,-3.9275201932579096e-05,-3.9275201932579096e-05,9.356370723803423e-06,7.980802239655406e-06,7.980802239655406e-06,5.2228093689345495e-06,1.8839973474471795e-06,1.8839973474471808e-06,0.9995355824584101,-7.4620805897006545e-06,-7.4620805897006545e-06,-1.270549420890631e-21,1711.8403746555578
1.0914253340791777,6.076412981333047e-06,7.960534058190834e-06,0.9995103731081642,-3.933846609484469e-05,-3.933846609484469e-05,9.367888619539204e-06,7.988150826152204e-06,7.988150826152204e-06,5.209944847456039e-06,1.8841210768577876e-06,1.884121076857787e-06,0.9995342547103387,-7.496329862081352e-06,-7.496329862081352e-06,6.352747104315723e-22,1702.5593766211698
1.0937279191721718,6.08352535878979e-06,7.967759957149661e-06,0.9995090256026808,-3.940161074864162e-05,-3.940161074864162e-05,9.379379170037881e-06,7.995452348235406e-06,7.995452348235406e-06,5.197101266753579e-06,1.8842345983598715e-06,1.8842345983598713e-06,0.9995329288825523,-7.530570920042976e-06,-7.530570920042976e-06,2.1175823680444953e-22,1693.3233172956982
1.096030504265166,6.090620150918365e-06,7.974958074216807e-06,0.9995076801104846,-3.946461166855555e-05,-3.946461166855555e-05,9.390842389662362e-06,8.002706792357542e-06,8.002706792357542e-06,5.184278462617255e-06,1.884337923298443e-06,1.8843379232984422e-06,0.9995316049847073,-7.564779371688318e-06,-7.564779371688318e-06,8.470329472452022e-22,1684.1320422854396
1.0983330893581598,6.097697387750219e-06,7.982128449166574e-06,0.9995063366410009,-3.9527444896204556e-05,-3.9527444896204556e-05,9.402278290666315e-06,8.009914156980587e-06,8.009914156980587e-06,5.171476255908381e-06,1.8844310614163544e-06,1.8844310614163548e-06,0.9995302830263484,-7.598931099538261e-06,-7.598931099538261e-06,-4.235164736362209e-22,1674.98540272971
1.1006356744511538,6.104757099052217e-06,7.989271119731392e-06,0.9995049952035494,-3.9590086755459755e-05,-3.9590086755459755e-05,9.413686882963668e-06,8.017074452244964e-06,8.017074452244964e-06,5.158694450756639e-06,1.884514020679176e-06,1.8845140206791755e-06,0.9995289630169086,-7.633002276534185e-06,-7.633002276534185e-06,4.235164736181067e-22,1665.8832558660547
1.102938259544148,6.111799314303766e-06,7.99638612137915e-06,0.9995036558073447,-3.965251386710629e-05,-3.965251386710629e-05,9.425068173865992e-06,8.024187699601452e-06,8.024187699601452e-06,5.145932832485899e-06,1.884586807075385e-06,1.884586807075385e-06,0.9995276449657088,-7.666969381589686e-06,-7.666969381589686e-06,-9.016173175632483e-33,1656.825465680433
1.105240844637142,6.1188240626710415e-06,8.003473487058647e-06,0.999502318461496,-3.971470316294189e-05,-3.971470316294189e-05,9.436422167782341e-06,8.031253931401563e-06,8.031253931401563e-06,5.133191165219341e-06,1.8846494243876066e-06,1.884649424387606e-06,0.9995263288819571,-7.700809214707298e-06,-7.700809214707298e-06,6.352747104317364e-22,1647.811903657821
1.107543429730136,6.1258313729778146e-06,8.01053324690756e-06,0.9995009831750078,-3.977663189930823e-05,-3.977663189930823e-05,9.447748865874845e-06,8.038273190440847e-06,8.038273190440847e-06,5.12046918910891e-06,1.8847018739297466e-06,1.884701873929746e-06,0.9995250147747485,-7.734498911677987e-06,-7.734498911677987e-06,6.352747104317637e-22,1638.8424496504508
1.1098460148231302,6.132821273672384e-06,8.01756542791617e-06,0.9994996499567801,-3.983827767005257e-05,-3.983827767005257e-05,9.459048265662136e-06,8.045245529448535e-06,8.045245529448535e-06,5.107766617112989e-06,1.884744154243787e-06,1.884744154243786e-06,0.9995237026530638,-7.768015958387888e-06,-7.768015958387888e-06,1.058791184058941e-21,1629.9169928874799
1.1121485999161242,6.1397937927899366e-06,8.024570053538514e-06,0.999498318815608,-3.989961841891543e-05,-3.989961841891543e-05,9.47032036056078e-06,8.052171010515261e-06,8.052171010515261e-06,5.095083131234025e-06,1.884776260748576e-06,1.8847762607485772e-06,0.9995223925257687,-7.801338204761372e-06,-7.801338204761372e-06,-1.2705494208903577e-21,1621.0354331536917
1.114451185009118,6.146748957909568e-06,8.031547143240904e-06,0.9994969897601831,-3.99606324513409e-05,-3.99606324513409e-05,9.481565139352803e-06,8.059049704448814e-06,8.059049704448814e-06,5.082418378108768e-06,1.8847981853313362e-06,1.8847981853313362e-06,0.9995210844016128,-7.834443878377285e-06,-7.834443878377285e-06,-8.880042693407103e-33,1612.1976821708226
1.1167537701021122,6.153686796105027e-06,8.038496711975324e-06,0.9994956627990922,-4.002129844570541e-05,-4.002129844570541e-05,9.492782585564606e-06,8.065881690045451e-06,8.065881690045451e-06,5.069771963815135e-06,1.8848099158702978e-06,1.8848099158702974e-06,0.9995197782892281,-7.86731159780411e-06,-7.86731159780411e-06,4.235164736182973e-22,1603.4036652240165
1.1190563551951063,6.160607333888047e-06,8.045418769562282e-06,0.9994943379408183,-4.008159546396013e-05,-4.008159546396013e-05,9.50397267673904e-06,8.07266705326126e-06,8.07266705326126e-06,5.057143447722921e-06,1.8848114356742357e-06,1.884811435674235e-06,0.999518474197127,-7.899920385710998e-06,-7.899920385710998e-06,6.352747104318995e-22,1594.6533230874288
1.1213589402881003,6.167510597142877e-06,8.052313319963853e-06,0.9994930151937407,-4.014150296168147e-05,-4.014150296168147e-05,9.515135383577903e-06,8.079405886264135e-06,8.079405886264135e-06,5.04453233518195e-06,1.8848027228209751e-06,1.8848027228209762e-06,0.9995171721337006,-7.932249681826061e-06,-7.932249681826061e-06,-1.0587911840766741e-21,1585.9466143135232
1.1236615253810944,6.174396611050315e-06,8.059180360422784e-06,0.9994916945661342,-4.020100079752301e-05,-4.020100079752301e-05,9.52627066892639e-06,8.086098286342012e-06,8.086098286342012e-06,5.031938068774445e-06,1.8847837493724691e-06,1.8847837493724696e-06,0.9995158721072155,-7.96427935583187e-06,-7.96427935583187e-06,-4.235164736359218e-22,1577.2835179714875
1.1259641104740885,6.18126539999914e-06,8.066019880437114e-06,0.9994903760661698,-4.026006924205996e-05,-4.026006924205996e-05,9.537378486563327e-06,8.092744354636376e-06,8.092744354636376e-06,5.019360017787944e-06,1.8847544804379745e-06,1.8847544804379738e-06,0.999514574125811,-7.995989720311505e-06,-7.995989720311505e-06,6.352747104319806e-22,1568.6640369421243
1.1282666955670824,6.188116987482328e-06,8.072831860531239e-06,0.9994890597019139,-4.0318688986015826e-05,-4.0318688986015826e-05,9.548458779751191e-06,8.099344194661493e-06,8.099344194661493e-06,5.006797465473402e-06,1.8847148730489117e-06,1.884714873048911e-06,0.9995132781974955,-8.02736154389087e-06,-8.02736154389087e-06,6.352747104320076e-22,1560.0882019053668
1.1305692806600764,6.19495139597478e-06,8.079616270773518e-06,0.9994877454813286,-4.0376841147857056e-05,-4.0376841147857056e-05,9.559511479486766e-06,8.10589791055861e-06,8.10589791055861e-06,4.994249593510561e-06,1.8846648747987379e-06,1.8846648747987379e-06,0.9995119843301409,-8.058376064762985e-06,-8.058376064762985e-06,-8.69074270492569e-33,1551.556076200925
1.1328718657530705,6.201768646788427e-06,8.086373068975449e-06,0.9994864334122706,-4.0434507280738153e-05,-4.0434507280738153e-05,9.570536502375827e-06,8.11240560501921e-06,8.11240560501921e-06,4.981715462942365e-06,1.8846044221870218e-06,1.8846044221870214e-06,0.9995106925314775,-8.08901500483636e-06,-8.08901500483636e-06,4.235164736184863e-22,1543.0677617928604
1.1351744508460646,6.208568759899441e-06,8.093102198487334e-06,0.9994851235024914,-4.049166937877359e-05,-4.049166937877359e-05,9.581533748031159e-06,8.118867376790761e-06,8.118867376790761e-06,4.969193990584701e-06,1.8845334385878933e-06,1.8845334385878933e-06,0.9995094028090868,-8.119260584824255e-06,-8.119260584824255e-06,-8.636956356922084e-33,1534.6234066483287
1.1374770359390587,6.215351753740786e-06,8.099803585478174e-06,0.9994838157596357,-4.0548309882606126e-05,-4.0548309882606126e-05,9.592503095861287e-06,8.125283317650906e-06,8.125283317650906e-06,4.9566839196074795e-06,1.8844518317373868e-06,1.8844518317373877e-06,0.9995081151703922,-8.149095540693432e-06,-8.149095540693432e-06,-8.470329472629104e-22,1526.223213938047
1.1397796210320528,6.2221176449513325e-06,8.106477135549624e-06,0.9994825101912409,-4.060441168423125e-05,-4.060441168423125e-05,9.603444401072292e-06,8.13165350869737e-06,8.13165350869737e-06,4.944183782509978e-06,1.884359490598292e-06,1.884359490598291e-06,0.9995068296226476,-8.178503142032753e-06,-8.178503142032753e-06,8.470329472457171e-22,1517.8674536133349
1.1420822061250466,6.228866448070014e-06,8.113122729480982e-06,0.9994812068047354,-4.065995813102397e-05,-4.065995813102397e-05,9.614357489642604e-06,8.137978015747227e-06,8.137978015747227e-06,4.931691854081244e-06,1.8842562814109677e-06,1.8842562814109677e-06,0.9995055461729239,-8.20746721310004e-06,-8.20746721310004e-06,-8.556545130650052e-33,1509.5564771121212
1.1443847912180407,6.235598175159765e-06,8.119740217827335e-06,0.9994799056074372,-4.071493302889629e-05,-4.071493302889629e-05,9.625242151942075e-06,8.144256883563136e-06,8.144256883563136e-06,4.919206091010804e-06,1.884142042667571e-06,1.8841420426675705e-06,0.9995042648280906,-8.235972157586947e-06,-8.235972157586947e-06,4.2351647361862036e-22,1501.2907362350081
1.1466873763110348,6.24231283534076e-06,8.126329413985564e-06,0.9994786066065514,-4.076932064448816e-05,-4.076932064448816e-05,9.636098134539397e-06,8.150490128515083e-06,8.150490128515083e-06,4.906724053486624e-06,1.8840165786448035e-06,1.8840165786448037e-06,0.9995029855947933,-8.264002988545908e-06,-8.264002988545908e-06,-2.1175823682207823e-22,1493.07080764691
1.1489899614040289,6.24901043420513e-06,8.132890085186728e-06,0.9994773098091673,-4.082310570626014e-05,-4.082310570626014e-05,9.646925129557022e-06,8.156677729127736e-06,8.156677729127736e-06,4.894242802162198e-06,1.8838796509815978e-06,1.8838796509815972e-06,0.9995017084794229,-8.291545365513233e-06,-8.291545365513233e-06,6.352747104322488e-22,1484.8974250695483
1.151292546497023,6.2556909730748085e-06,8.139421940641346e-06,0.9994760152222548,-4.087627340430458e-05,-4.087627340430458e-05,9.657722760657936e-06,8.162819613728275e-06,8.162819613728275e-06,4.881758760951559e-06,1.8837309675665372e-06,1.8837309675665376e-06,0.9995004334880767,-8.318585641739196e-06,-8.318585641739196e-06,-4.235164736356e-22,1476.7715221412934
1.153595131590017,6.262354448048756e-06,8.145924615715397e-06,0.9994747228526594,-4.092880938862121e-05,-4.092880938862121e-05,9.668490564335491e-06,8.168915644056111e-06,8.168915644056111e-06,4.869267531682545e-06,1.8835701676666413e-06,1.8835701676666403e-06,0.9994991606265066,-8.345110925759621e-06,-8.345110925759621e-06,1.0587911840594523e-21,1468.694290300818
1.1558977166830111,6.269000848763418e-06,8.152397650485313e-06,0.9994734327070954,-4.098069976549547e-05,-4.098069976549547e-05,9.679227964550001e-06,8.17496559315951e-06,8.17496559315951e-06,4.856763639796803e-06,1.8833968017218955e-06,1.883396801721895e-06,0.9994978899000468,-8.371109163554218e-06,-8.371109163554218e-06,4.235164736187534e-22,1460.6672581822936
1.158200301776005,6.275630156756023e-06,8.15884046019284e-06,0.9994721447921382,-4.103193109146111e-05,-4.103193109146111e-05,9.689934237775045e-06,8.180969115066323e-06,8.180969115066323e-06,4.84424017954713e-06,1.8832103034368164e-06,1.8832103034368164e-06,0.9994966213135188,-8.39656925068975e-06,-8.39656925068975e-06,-8.370283615427607e-33,1452.692402351957
1.160502886868999,6.282242343268247e-06,8.165252293816868e-06,0.9994708591142116,-4.108249036408572e-05,-4.108249036408572e-05,9.700608463970752e-06,8.186925702396476e-06,8.186925702396476e-06,4.831688310012419e-06,1.8830099505486204e-06,1.883009950548621e-06,0.9994953548710931,-8.421481188818249e-06,-8.421481188818249e-06,-6.352747104490691e-22,1444.7723045430018
1.1628054719619931,6.2888373662468144e-06,8.171632174908523e-06,0.999469575679573,-4.1132365008448595e-05,-4.1132365008448595e-05,9.711249456545597e-06,8.19283462598879e-06,8.19283462598879e-06,4.819096525560136e-06,1.8827948086617087e-06,1.8827948086617087e-06,0.9994940905760977,-8.445836308814502e-06,-8.445836308814502e-06,-8.31745946185026e-33,1436.910379148848
1.1651080570549872,6.295415166169055e-06,8.17797881550342e-06,0.9994682944942909,-4.1181542857594866e-05,-4.1181542857594866e-05,9.721855660415837e-06,8.198694847244218e-06,8.198694847244218e-06,4.8064495792918865e-06,1.8825636493343645e-06,1.8825636493343647e-06,0.9994928284307374,-8.469627595581186e-06,-8.469627595581186e-06,-2.117582368218662e-22,1429.1112087208328
1.1674106421479813,6.301975660116122e-06,8.184290488649224e-06,0.999467015564215,-4.12300121243203e-05,-4.12300121243203e-05,9.73242500101331e-06,8.204504888552187e-06,8.204504888552187e-06,4.793726865082104e-06,1.8823148285331024e-06,1.8823148285331028e-06,0.999491568435681,-8.492850169723405e-06,-8.492850169723405e-06,-4.23516473635415e-22,1421.381047781128
1.1697132272409754,6.3085187331894465e-06,8.190564837136816e-06,0.9994657388949317,-4.1277761360170294e-05,-4.1277761360170294e-05,9.742954657661589e-06,8.210262639125305e-06,8.210262639125305e-06,4.780899950510969e-06,1.8820461039473703e-06,1.88204610394737e-06,0.9994903105894432,-8.515502011623029e-06,-8.515502011623029e-06,4.235164736189116e-22,1413.7285901761843
1.1720158123339692,6.315044225858923e-06,8.196798585847809e-06,0.9994644644917011,-4.1324779395241894e-05,-4.1324779395241894e-05,9.7534407226743e-06,8.215965063259053e-06,8.215965063259053e-06,4.767928799211263e-06,1.881754359988885e-06,1.881754359988886e-06,0.9994890548874587,-8.537585051850658e-06,-8.537585051850658e-06,-1.0587911840760879e-21,1406.1661421235117
1.1743183974269633,6.321551915126765e-06,8.202987119893492e-06,0.9994631923593637,-4.1371055249171375e-05,-4.1371055249171375e-05,9.763877701354195e-06,8.221607772642662e-06,8.221607772642662e-06,4.754756109303098e-06,1.8814352047667271e-06,1.8814352047667271e-06,0.9994878013207233,-8.559106769597406e-06,-8.559106769597406e-06,-8.186388588752062e-33,1398.7113754450215
1.1766209825199574,6.328041486761121e-06,8.20912392452569e-06,0.9994619225022091,-4.141657800055068e-05,-4.141657800055068e-05,9.774257848366275e-06,8.227184458136183e-06,8.227184458136183e-06,4.741299562912608e-06,1.8810824377645696e-06,1.8810824377645686e-06,0.9994865498739827,-8.58008230244792e-06,-8.58008230244792e-06,1.0587911840597149e-21,1391.3897144513132
1.1789235676129515,6.334512496806225e-06,8.215200078270387e-06,0.9994606549238039,-4.146133660507538e-05,-4.146133660507538e-05,9.784570568616938e-06,8.232686372654498e-06,8.232686372654498e-06,4.727444281720119e-06,1.880687581464161e-06,1.8806875814641616e-06,0.9994853005240387,-8.600536291993831e-06,-8.600536291993831e-06,-6.352747104488598e-22,1384.2366170997461
1.1812261527059456,6.340964328423193e-06,8.221204644374154e-06,0.999459389626822,-4.150531968373762e-05,-4.150531968373762e-05,9.794802888582092e-06,8.238102713836497e-06,8.238102713836497e-06,4.7130466501999574e-06,1.8802403159509614e-06,1.8802403159509614e-06,0.9994840532407552,-8.620501106241004e-06,-8.620501106241004e-06,-8.108784351778002e-33,1377.2962286488523
1.1835287377989396,6.3473961756032075e-06,8.22712794306857e-06,0.9994581266130586,-4.154851540648483e-05,-4.154851540648483e-05,9.804943356861397e-06,8.24342390079889e-06,8.24342390079889e-06,4.6979771824942354e-06,1.8797317674653617e-06,1.879731767465363e-06,0.9994828079968877,-8.640003634210546e-06,-8.640003634210546e-06,-1.2705494208895336e-21,1370.6077676758632
1.1858313228919337,6.353807121150324e-06,8.232968516965602e-06,0.9994568658839477,-4.159091175159745e-05,-4.159091175159745e-05,9.814990335790585e-06,8.248648573968486e-06,8.248648573968486e-06,4.682216848217993e-06,1.8791613958152777e-06,1.879161395815278e-06,0.9994815647894986,-8.659037683735045e-06,-8.659037683735045e-06,-4.2351647363520795e-22,1364.17535986344
1.1881339079849276,6.360196334099722e-06,8.238736971383645e-06,0.9994556074416187,-4.1632497273033776e-05,-4.1632497273033776e-05,9.824956556446124e-06,8.253787489686327e-06,8.253787489686327e-06,4.665915396366891e-06,1.8785406372839223e-06,1.8785406372839227e-06,0.9994803236525328,-8.677549387499196e-06,-8.677549387499196e-06,-4.2351647363518265e-22,1357.950260520415
1.1904364930779217,6.3665632480112425e-06,8.244449141647139e-06,0.9994543512897083,-4.167326185274083e-05,-4.167326185274083e-05,9.834860952390444e-06,8.25885671362584e-06,8.25885671362584e-06,4.64930025086194e-06,1.8778858936358958e-06,1.8778858936358962e-06,0.9994790846371332,-8.695465286152276e-06,-8.695465286152276e-06,-4.235164736351574e-22,1351.8599956276692
1.1927390781709157,6.37290757308186e-06,8.250117164637713e-06,0.9994530974332638,-4.171319683090038e-05,-4.171319683090038e-05,9.844718010926354e-06,8.263868675675007e-06,8.263868675675007e-06,4.632549055103404e-06,1.8772095915558537e-06,1.8772095915558537e-06,0.9994778477847578,-8.712728172349526e-06,-8.712728172349526e-06,-7.982076090837736e-33,1345.8483398390147
1.1950416632639098,6.379229199732454e-06,8.255747569637944e-06,0.9994518458781589,-4.1752294693711216e-05,-4.1752294693711216e-05,9.854535506239621e-06,8.268830233854675e-06,8.268830233854675e-06,4.615758997068617e-06,1.8765183699054899e-06,1.8765183699054899e-06,0.9994766131208679,-8.729304415159439e-06,-8.729304415159439e-06,-7.956949106157472e-33,1339.8846188266632
1.197344248356904,6.38552810824218e-06,8.261343290004389e-06,0.9994505966306098,-4.179054875412691e-05,-4.179054875412691e-05,9.864316909475798e-06,8.273744668702666e-06,8.273744668702666e-06,4.598974082413164e-06,1.8758151817622088e-06,1.8758151817622083e-06,0.9994753806604798,-8.745175594109354e-06,-8.745175594109354e-06,4.2351647361921836e-22,1333.9549326144102
1.199646833449898,6.391804317785179e-06,8.266905553846829e-06,0.9994493496969198,-4.1827952965916585e-05,-4.1827952965916585e-05,9.874063650966763e-06,8.278613565658043e-06,8.278613565658043e-06,4.582212418472729e-06,1.8751012360616495e-06,1.8751012360616495e-06,0.9994741504135813,-8.76033075052927e-06,-8.76033075052927e-06,-7.906783995382388e-33,1328.0535160470324
1.2019494185428918,6.398057863182224e-06,8.272434880871109e-06,0.9994481050833699,-4.1864501836012644e-05,-4.1864501836012644e-05,9.88377631302621e-06,8.283437808265666e-06,8.283437808265666e-06,4.565481073354871e-06,1.8743770176888866e-06,1.8743770176888853e-06,0.9994729223880126,-8.774762312528207e-06,-8.774762312528207e-06,1.2705494208735687e-21,1322.1780599125975
1.204252003635886,6.4042887852771484e-06,8.277931514422225e-06,0.999446862796176,-4.190019038578034e-05,-4.190019038578034e-05,9.893455147077882e-06,8.2882180086068e-06,8.2882180086068e-06,4.548782698039456e-06,1.8736427291450784e-06,1.8736427291450769e-06,0.9994716965907193,-8.788464328091436e-06,-8.788464328091436e-06,1.4823076576871688e-21,1316.3276336971237
1.20655458872888,6.410497127144146e-06,8.283395593703857e-06,0.9994456228414723,-4.1935014133278434e-05,-4.1935014133278434e-05,9.903100279870026e-06,8.292954678727197e-06,8.292954678727197e-06,4.5321182373654085e-06,1.872898466559711e-06,1.8728984665597114e-06,0.9994704730282534,-8.801431758463006e-06,-8.801431758463006e-06,-4.235164736349819e-22,1310.501837958993
1.208857173821874,6.4166829326369165e-06,8.288827219576585e-06,0.9994443852253067,-4.19689690838177e-05,-4.19689690838177e-05,9.912711792294874e-06,8.29764829596881e-06,8.29764829596881e-06,4.515487993250617e-06,1.8721442869396687e-06,1.872144286939668e-06,0.9994692517069654,-8.81366020551136e-06,-8.81366020551136e-06,6.352747104329185e-22,1304.7004729091218
1.2111597589148682,6.422846245846125e-06,8.294226479012355e-06,0.999443149953638,-4.2002051723605334e-05,-4.2002051723605334e-05,9.922289748694638e-06,8.302299327081819e-06,8.302299327081819e-06,4.498892030404086e-06,1.8713802331662302e-06,1.8713802331662304e-06,0.999468032633075,-8.825145807555914e-06,-8.825145807555914e-06,-2.1175823682135695e-22,1298.9234123144427
1.2134623440078622,6.428987110900711e-06,8.299593453985667e-06,0.9994419170323371,-4.2034259014395426e-05,-4.2034259014395426e-05,9.931834207521256e-06,8.306908236822025e-06,8.306908236822025e-06,4.482330327789661e-06,1.8706063430849563e-06,1.8706063430849559e-06,0.999466815812699,-8.835885198452759e-06,-8.835885198452759e-06,4.235164736193932e-22,1293.1705565572263
1.2157649291008563,6.4351055718964976e-06,8.304928224643747e-06,0.9994406864671859,-4.206558838836007e-05,-4.206558838836007e-05,9.941345225138575e-06,8.31147549084617e-06,8.31147549084617e-06,4.465802834044759e-06,1.8698226527472477e-06,1.869822652747249e-06,0.9994656012518598,-8.845875489785087e-06,-8.845875489785087e-06,-1.2705494208891826e-21,1287.4418155095298
1.2180675141938502,6.441201672871102e-06,8.310230870413812e-06,0.9994394582638781,-4.2096037742887617e-05,-4.2096037742887617e-05,9.950822857150849e-06,8.31600155655285e-06,8.31600155655285e-06,4.449309487358256e-06,1.86902919754271e-06,1.8690291975427103e-06,0.9994643889564894,-8.855114261232368e-06,-8.855114261232368e-06,-2.1175823682128233e-22,1281.7371024086115
1.2203700992868443,6.447275457795321e-06,8.315501470382693e-06,0.9994382324280203,-4.212560543520612e-05,-4.212560543520612e-05,9.960267158858254e-06,8.320486903200335e-06,8.320486903200335e-06,4.432850222458885e-06,1.8682260125873706e-06,1.8682260125873717e-06,0.9994631789324314,-8.86359955367535e-06,-8.86359955367535e-06,-1.0587911840755577e-21,1276.0563317109963
1.2226726843798383,6.453326970570268e-06,8.320740103424533e-06,0.9994370089651311,-4.215429027680209e-05,-4.215429027680209e-05,9.969678185410074e-06,8.324932001775838e-06,8.324932001775838e-06,4.416424973022203e-06,1.8674131328542644e-06,1.8674131328542648e-06,0.9994619711854413,-8.871329863103958e-06,-8.871329863103958e-06,-4.235164736348078e-22,1270.3994183568202
1.2249752694728324,6.459356255026475e-06,8.325946848243205e-06,0.9994357878806427,-4.2182091527629026e-05,-4.2182091527629026e-05,9.979055991855457e-06,8.3293373247824e-06,8.3293373247824e-06,4.40003367248228e-06,1.8665905932167307e-06,1.8665905932167304e-06,0.9994607657211875,-8.878304134656206e-06,-8.878304134656206e-06,2.117582368059422e-22,1264.766277523853
1.2272778545658265,6.465363354923648e-06,8.331121783386363e-06,0.9994345691799008,-4.220900889011034e-05,-4.220900889011034e-05,9.988400633160112e-06,8.333703346000346e-06,8.333703346000346e-06,4.3836762542995215e-06,1.8657584284627148e-06,1.865758428462715e-06,0.9994595625452509,-8.884521756564892e-06,-8.884521756564892e-06,-2.1175823682118326e-22,1259.156824548057
1.2295804396588206,6.471348313950651e-06,8.336264987250317e-06,0.9994333528681651,-4.223504250294429e-05,-4.223504250294429e-05,9.997712164211989e-06,8.338030540242519e-06,8.338030540242519e-06,4.367352652046933e-06,1.8649166732996656e-06,1.8649166732996662e-06,0.9994583616631268,-8.889982553943022e-06,-8.889982553943022e-06,-6.352747104483087e-22,1253.5709748995162
1.2318830247518144,6.477311175725543e-06,8.341376538081965e-06,0.9994321389506101,-4.226019293471959e-05,-4.226019293471959e-05,1.0006990639823405e-05,8.342319383109648e-06,8.342319383109648e-06,4.351062799437243e-06,1.8640653623564217e-06,1.8640653623564213e-06,0.9994571630802244,-8.894686782391733e-06,-8.894686782391733e-06,4.235164736195913e-22,1248.008644176378
1.2341856098448085,6.483251983795652e-06,8.346456513979823e-06,0.9994309274323249,-4.228446117735062e-05,-4.228446117735062e-05,1.0016236114732096e-05,8.346570350747984e-06,8.346570350747984e-06,4.334806630331052e-06,1.8632045301841707e-06,1.8632045301841707e-06,0.9994559668018668,-8.898635121431327e-06,-8.898635121431327e-06,-7.534220414619996e-33,1242.469748104492
1.2364881949378026,6.489170781637645e-06,8.351504992894759e-06,0.9994297183183141,-4.2307848639341275e-05,-4.2307848639341275e-05,1.002544864360192e-05,8.350783919609927e-06,8.350783919609927e-06,4.318584078739155e-06,1.8623342112571144e-06,1.862334211257114e-06,0.9994547728332928,-8.901828667762239e-06,-8.901828667762239e-06,4.2351647361964055e-22,1236.9542025388077
1.2387907800307967,6.495067612657606e-06,8.356522052630643e-06,0.9994285116134983,-4.233035713888632e-05,-4.233035713888632e-05,1.0034628281023455e-05,8.35496056621794e-06,8.35496056621794e-06,4.302395078823014e-06,1.8614544399730383e-06,1.8614544399730379e-06,0.9994535811796562,-8.904268928363744e-06,-8.904268928363744e-06,4.2351647361966514e-22,1231.4619234652705
1.2410933651237908,6.500942520191113e-06,8.36150777084497e-06,0.9994273073227143,-4.235198889681926e-05,-4.235198889681926e-05,1.0043775081514558e-05,8.359100766931934e-06,8.359100766931934e-06,4.286239564894729e-06,1.8605652506538569e-06,1.8605652506538573e-06,0.9994523918460269,-8.905957813439378e-06,-8.905957813439378e-06,-4.235164736346108e-22,1225.9928270028336
1.2433959502167848,6.506795547503316e-06,8.366462225049445e-06,0.9994261054507158,-4.237274652941533e-05,-4.237274652941533e-05,1.0052889099520906e-05,8.363204997720177e-06,8.363204997720177e-06,4.270117471416839e-06,1.8596666775461307e-06,1.8596666775461299e-06,0.9994512048373909,-8.90689762921755e-06,-8.90689762921755e-06,8.470329472468643e-22,1220.546829405501
1.2456985353097787,6.512626737789017e-06,8.371385492610594e-06,0.9994249060021734,-4.239263304105842e-05,-4.239263304105842e-05,1.0061970389416536e-05,8.367273733933894e-06,8.367273733933894e-06,4.254028733002102e-06,1.8587587548215762e-06,1.858758754821577e-06,0.9994500201586513,-8.907091070616043e-06,-8.907091070616043e-06,-8.47032947261712e-22,1215.1238470643286
1.2480011204027728,6.518436134172749e-06,8.376277650750331e-06,0.9994237089816757,-4.2411651816780344e-05,-4.2411651816780344e-05,1.0071019005504365e-05,8.371307450085571e-06,8.371307450085571e-06,4.2379732844132165e-06,1.857841516577582e-06,1.857841516577582e-06,0.9994488378146279,-8.90654121377902e-06,-8.90654121377902e-06,-7.387223514895089e-33,1209.723796509398
1.2503037054957669,6.524223779708852e-06,8.381138776546532e-06,0.9994225143937291,-4.242980661468108e-05,-4.242980661468108e-05,1.0080035002016707e-05,8.375306619631088e-06,8.375306619631088e-06,4.221951060562588e-06,1.8569149968376797e-06,1.8569149968376797e-06,0.9994476578100587,-8.90525150849495e-06,-8.90525150849495e-06,-7.362847868405359e-33,1204.3465944117654
1.252606290588761,6.529989717381556e-06,8.385968946933607e-06,0.9994213222427589,-4.2447101558238106e-05,-4.2447101558238106e-05,1.0089018433115775e-05,8.379271714755754e-06,8.379271714755754e-06,4.205961996512042e-06,1.8559792295520504e-06,1.8559792295520508e-06,0.9994464801495997,-8.903225770503678e-06,-8.903225770503678e-06,-4.235164736344886e-22,1198.9921575853666
1.254908875681755,6.53573399010506e-06,8.390768238703046e-06,0.999420132533109,-4.2463541128513224e-05,-4.2463541128513224e-05,1.009796935289419e-05,8.383203206164283e-06,8.383203206164283e-06,4.19000602747258e-06,1.8550342485979864e-06,1.8550342485979864e-06,0.9994453048378251,-8.90046817370104e-06,-8.90046817370104e-06,-7.314206307195949e-33,1193.6604029888915
1.257211460774749,6.5414566407236095e-06,8.395536728503974e-06,0.9994189452690431,-4.2479130156264745e-05,-4.2479130156264745e-05,1.010688781537546e-05,8.387101562874809e-06,8.387101562874809e-06,4.174083088804113e-06,1.8540800877803647e-06,1.8540800877803647e-06,0.9994441318792285,-8.896983242248848e-06,-8.896983242248848e-06,-7.289941160580149e-33,1188.3512477276208
1.2595140458677432,6.547157712011582e-06,8.400274492843685e-06,0.9994177604547446,-4.2493873813973207e-05,-4.2493873813973207e-05,1.011577387451447e-05,8.390967252016986e-06,8.390967252016986e-06,4.158193116015181e-06,1.8531167808321025e-06,1.8531167808321027e-06,0.9994429612782232,-8.892775842598468e-06,-8.892775842598468e-06,-2.117582368208408e-22,1183.0646090552366
1.261816630960737,6.552837246673566e-06,8.404981608088176e-06,0.9994165780943173,-4.250777760778826e-05,-4.250777760778826e-05,1.0124627584197961e-05,8.394800738634224e-06,8.394800738634224e-06,4.142336044762692e-06,1.8521443614146107e-06,1.8521443614146107e-06,0.9994417930391415,-8.887851175435552e-06,-8.887851175435552e-06,-7.241524013381993e-33,1177.800404375596
1.2641192160537311,6.558495287344441e-06,8.409658150462672e-06,0.9994153981917857,-4.25208473694044e-05,-4.25208473694044e-05,1.0133448998244988e-05,8.398602485490134e-06,8.398602485490134e-06,4.126511810851649e-06,1.8511628631182308e-06,1.8511628631182312e-06,0.999440627166237,-8.88221476755371e-06,-8.88221476755371e-06,-4.235164736343675e-22,1172.5585512444686
1.2664218011467252,6.564131876589462e-06,8.414304196052138e-06,0.9994142207510956,-4.253308924787331e-05,-4.253308924787331e-05,1.0142238170407382e-05,8.402372952879207e-06,8.402372952879207e-06,4.110720350234873e-06,1.8501723194626752e-06,1.8501723194626762e-06,0.9994394636636839,-8.875872463664755e-06,-8.875872463664755e-06,-1.0587911840750687e-21,1167.3389673712497
1.2687243862397193,6.569747056904334e-06,8.418919820801794e-06,0.9994130457761146,-4.254450970135984e-05,-4.254450970135984e-05,1.0150995154370207e-05,8.406112598441786e-06,8.406112598441786e-06,4.094961599012749e-06,1.8491727638974585e-06,1.8491727638974598e-06,0.999438302535577,-8.868830418152662e-06,-8.868830418152662e-06,-1.2705494208886197e-21,1162.1415706206349
1.2710269713327134,6.575340870715306e-06,8.423505100517605e-06,0.9994118732706321,-4.2555115488849205e-05,-4.2555115488849205e-05,1.0159720003752204e-05,8.409821876983357e-06,8.409821876983357e-06,4.0792354934329174e-06,1.8481642298022978e-06,1.8481642298022987e-06,0.9994371437859336,-8.861095086778785e-06,-8.861095086778785e-06,-8.470329472614455e-22,1156.9662790142647
1.2733295564257074,6.580913360379245e-06,8.428060110866788e-06,0.9994107032383606,-4.25649136618123e-05,-4.25649136618123e-05,1.0168412772106217e-05,8.413501240298213e-06,8.413501240298213e-06,4.063541969890021e-06,1.8471467504875437e-06,1.8471467504875429e-06,0.9994359874186932,-8.852673218345148e-06,-8.852673218345148e-06,8.470329472471792e-22,1151.8130107323407
1.2756321415187013,6.586464568183719e-06,8.432584927378284e-06,0.9994095356829351,-4.257391155583624e-05,-4.257391155583624e-05,1.0177073512919638e-05,8.41715113699751e-06,8.41715113699751e-06,4.047880964925407e-06,1.8461203591945642e-06,1.846120359194565e-06,0.9994348334377172,-8.843571846323105e-06,-8.843571846323105e-06,-8.470329472613975e-22,1146.6816841152067
1.2779347266116954,6.5919945363470855e-06,8.43707962544325e-06,0.9994083706079143,-4.258211678222667e-05,-4.258211678222667e-05,1.0185702279614826e-05,8.420772012341738e-06,8.420772012341738e-06,4.032252415226854e-06,1.8450850890961646e-06,1.8450850890961644e-06,0.9994336818467906,-8.83379828045367e-06,-8.83379828045367e-06,2.1175823680650183e-22,1141.5722176649022
1.2802373117046895,6.597503307018572e-06,8.44154428031552e-06,0.999407208016781,-4.258953721958896e-05,-4.258953721958896e-05,1.0194299125549513e-05,8.424364308077653e-06,8.424364308077653e-06,4.01665625762829e-06,1.8440409732969485e-06,1.8440409732969485e-06,0.999432532649622,-8.823360098326876e-06,-8.823360098326876e-06,-7.049416514624131e-33,1136.4845300466848
1.2825398967976835,6.602990922278358e-06,8.445978967112078e-06,0.9994060479129419,-4.259618100539422e-05,-4.259618100539422e-05,1.0202864104017221e-05,8.427928462279662e-06,8.427928462279662e-06,4.0010924291095155e-06,1.8429880448337212e-06,1.8429880448337204e-06,0.9994313858498431,-8.81226513694591e-06,-8.81226513694591e-06,8.470329472472747e-22,1131.4185400905246
1.2848424818906776,6.608457424137659e-06,8.450383760813509e-06,0.9994048902997288,-4.260205652753689e-05,-4.260205652753689e-05,1.0211397268247669e-05,8.431464909195698e-06,8.431464909195698e-06,3.985560866795895e-06,1.8419263366758496e-06,1.84192633667585e-06,0.9994302414510112,-8.800521484282857e-06,-8.800521484282857e-06,-4.23516473634152e-22,1126.3741667925642
1.2871450669836717,6.613902854538815e-06,8.454758736264457e-06,0.9994037351803988,-4.2607172415889956e-05,-4.2607172415889956e-05,1.0219898671407152e-05,8.434974079097594e-06,8.434974079097594e-06,3.970061507958086e-06,1.840855881725643e-06,1.840855881725642e-06,0.9994290994566076,-8.788137470832126e-06,-8.788137470832126e-06,8.470329472473223e-22,1121.351329316559
1.2894476520766656,6.6193272553553724e-06,8.459103968174066e-06,0.9994025825581346,-4.261153753386382e-05,-4.261153753386382e-05,1.0228368366598942e-05,8.438456398135957e-06,8.438456398135957e-06,3.954594290011758e-06,1.8397767128186941e-06,1.8397767128186937e-06,0.9994279598700392,-8.775121661167553e-06,-8.775121661167553e-06,4.235164736201958e-22,1116.3499469952726
1.2917502371696596,6.624730668392168e-06,8.463419531116415e-06,0.999401432436045,-4.261516096997468e-05,-4.261516096997468e-05,1.0236806406863672e-05,8.441912288199564e-06,8.441912288199564e-06,3.939159150517267e-06,1.838688862724248e-06,1.8386888627242474e-06,0.9994268226946383,-8.761482845509018e-06,-8.761482845509018e-06,6.352747104337946e-22,1111.3699393318634
1.2940528222626537,6.6301131353854146e-06,8.467705499530958e-06,0.9994002848171653,-4.2618052029428215e-05,-4.2618052029428215e-05,1.0245212845179693e-05,8.445342166779266e-06,8.445342166779266e-06,3.9237560271794146e-06,1.8375923641455425e-06,1.837592364145543e-06,0.9994256879336638,-8.747230031304385e-06,-8.747230031304385e-06,-4.235164736340572e-22,1106.4112260012303
1.2963554073556478,6.635474698002788e-06,8.471961947722936e-06,0.9993991397044578,-4.2620220225724066e-05,-4.2620220225724066e-05,1.0253587734463462e-05,8.448746446836405e-06,8.448746446836405e-06,3.908384857847105e-06,1.8364872497201482e-06,1.8364872497201482e-06,0.999424555590301,-8.73237243483232e-06,-8.73237243483232e-06,-6.88347075632067e-33,1101.4737268513331
1.2986579924486419,6.640815397843511e-06,8.476188949863815e-06,0.9993979971008126,-4.262167527228654e-05,-4.262167527228654e-05,1.0261931127569898e-05,8.452125536675757e-06,8.452125536675757e-06,3.893045580513084e-06,1.8353735520203034e-06,1.8353735520203043e-06,0.9994234256676622,-8.716919472831277e-06,-8.716919472831277e-06,-8.470329472611603e-22,1096.5573619044842
1.300960577541636,6.646135276438438e-06,8.480386579991676e-06,0.9993968570090472,-4.262242707412671e-05,-4.262242707412671e-05,1.027024307729273e-05,8.455479839822967e-06,8.455479839822967e-06,3.877738133313637e-06,1.834251303553239e-06,1.8342513035532383e-06,0.9994222981687872,-8.700880754160001e-06,-8.700880754160001e-06,6.352747104338888e-22,1091.6620513586206
1.30326316263463,6.651434375250145e-06,8.484554912011642e-06,0.9993957194319079,-4.262248571954125e-05,-4.262248571954125e-05,1.0278523636364857e-05,8.458809754906487e-06,8.458809754906487e-06,3.862462454528292e-06,1.8331205367614973e-06,1.8331205367614973e-06,0.9994211730966439,-8.684266071494678e-06,-8.684266071494678e-06,-6.812992724062622e-33,1086.7877155885387
1.305565747727624,6.656712735673013e-06,8.488694019696266e-06,0.9993945843720693,-4.262186147185246e-05,-4.262186147185246e-05,1.0286772857458684e-05,8.462115675543993e-06,8.462115675543993e-06,3.847218482579501e-06,1.8319812840232539e-06,1.8319812840232535e-06,0.9994200504541284,-8.667085393067397e-06,-8.667085393067397e-06,4.2351647362036056e-22,1081.934275147109
1.307868332820618,6.661970399033316e-06,8.492803976685928e-06,0.9993934518321356,-4.2620564761194796e-05,-4.2620564761194796e-05,1.0294990793186468e-05,8.46539799023328e-06,8.46539799023328e-06,3.832006156032373e-06,1.8308335776526123e-06,1.8308335776526123e-06,0.9994189302440656,-8.649348854451082e-06,-8.649348854451082e-06,-6.766226914570347e-33,1077.101650766466
1.310170917913612,6.667207406589306e-06,8.49688485648923e-06,0.9993923218146404,-4.261860617635216e-05,-4.261860617635216e-05,1.0303177496100638e-05,8.468657082247602e-06,8.468657082247602e-06,3.816825413594356e-06,1.829677449899923e-06,1.8296774498999237e-06,0.9994178124692099,-8.631066750395243e-06,-8.631066750395243e-06,-6.352747104474681e-22,1072.289763359163
1.3124735030066061,6.672423799531301e-06,8.500936732483366e-06,0.9993911943220476,-4.261599645665045e-05,-4.261599645665045e-05,1.031133301869413e-05,8.471893329535432e-06,8.471893329535432e-06,3.8016761941149354e-06,1.8285129329520645e-06,1.8285129329520653e-06,0.999416697132245,-8.612249526716989e-06,-8.612249526716989e-06,-8.4703294726102e-22,1067.4985340193157
1.3147760880996002,6.677619618981774e-06,8.504959677914519e-06,0.9993900693567515,-4.261274648390983e-05,-4.261274648390983e-05,1.0319457413400704e-05,8.475107104624658e-06,8.475107104624658e-06,3.786558436585359e-06,1.8273400589327447e-06,1.8273400589327447e-06,0.9994155842357852,-8.592907772251759e-06,-8.592907772251759e-06,-6.696412854782971e-33,1062.7278840237057
1.3170786731925943,6.682794905995438e-06,8.508953765898213e-06,0.9993889469210772,-4.260886727446068e-05,-4.260886727446068e-05,1.0327550732595251e-05,8.478298774531128e-06,8.478298774531128e-06,3.7714720801382796e-06,1.8261588599027753e-06,1.8261588599027757e-06,0.9994144737823748,-8.573052210867825e-06,-8.573052210867825e-06,-4.235164736338234e-22,1057.977734832869
1.3193812582855882,6.687949701559333e-06,8.512919069419691e-06,0.9993878270172812,-4.2604369971227354e-05,-4.2604369971227354e-05,1.0335613028594115e-05,8.48146870067157e-06,8.48146870067157e-06,3.756417064047508e-06,1.8249693678603577e-06,1.8249693678603583e-06,0.9994133657744895,-8.55269369354859e-06,-8.55269369354859e-06,-6.352747104473754e-22,1053.248008092159
1.3216838433785822,6.693084046592921e-06,8.516855661334279e-06,0.9993867096475523,-4.259926583588353e-05,-4.259926583588353e-05,1.0343644353655384e-05,8.484617238780837e-06,8.484617238780837e-06,3.7413933277276664e-06,1.8237716147413583e-06,1.823771614741358e-06,0.9994122602145363,-8.531843190546414e-06,-8.531843190546414e-06,4.2351647362052316e-22,1048.5386256327765
1.3239864284715763,6.698197981948163e-06,8.52076361436773e-06,0.9993855948140109,-4.2593566241082794e-05,-4.2593566241082794e-05,1.0351644759979192e-05,8.48774473883343e-06,8.48774473883343e-06,3.726400810733911e-06,1.8225656324195676e-06,1.8225656324195676e-06,0.999411157104854,-8.510511783611873e-06,-8.510511783611873e-06,-6.603962770588317e-33,1043.8495094727896
1.3262890135645704,6.703291548409615e-06,8.524643001116583e-06,0.9993844825187106,-4.258728266276819e-05,-4.258728266276819e-05,1.0359614299708012e-05,8.49085154496928e-06,8.49085154496928e-06,3.711439452761622e-06,1.8213514527069683e-06,1.8213514527069681e-06,0.999410056447714,-8.488710658301856e-06,-8.488710658301856e-06,2.1175823680699413e-22,1039.180581818116
1.3285915986575645,6.708364786694518e-06,8.528493894048508e-06,0.9993833727636376,-4.258042667256378e-05,-4.258042667256378e-05,1.0367553024926936e-05,8.493937995423766e-06,8.493937995423766e-06,3.696509193646071e-06,1.8201291073539892e-06,1.8201291073539899e-06,0.9994089582453198,-8.466451096369747e-06,-8.466451096369747e-06,-6.352747104472832e-22,1034.5317650634936
1.3308941837505586,6.713417737452878e-06,8.532316365502642e-06,0.9993822655507123,-4.257300993025185e-05,-4.257300993025185e-05,1.0375460987663964e-05,8.497004422461902e-06,8.497004422461902e-06,3.6816099733621325e-06,1.818898628049764e-06,1.8188986280497634e-06,0.9994078624998088,-8.443744468241286e-06,-8.443744468241286e-06,6.352747104341901e-22,1029.902981793417
1.3331967688435526,6.7184504412675636e-06,8.536110487689931e-06,0.9993811608817885,-4.256504417633864e-05,-4.256504417633864e-05,1.0383338239890276e-05,8.500051152316657e-06,8.500051152316657e-06,3.6667417320239907e-06,1.817660046422368e-06,1.8176600464223676e-06,0.9994067692132516,-8.420602225578918e-06,-8.420602225578918e-06,4.235164736206379e-22,1025.2941547830605
1.3354993539365465,6.723462938654391e-06,8.539876332693458e-06,0.9993800587586547,-4.255654122471145e-05,-4.255654122471145e-05,1.0391184833520503e-05,8.503078505131398e-06,8.503078505131398e-06,3.6519044098848063e-06,1.8164133940390679e-06,1.816413394039067e-06,0.9994056783876527,-8.397035893937617e-06,-8.397035893937617e-06,8.470329472478109e-22,1020.7052069991746
1.3378019390295406,6.728455270062215e-06,8.543613972468765e-06,0.9993789591830339,-4.254751295539027e-05,-4.254751295539027e-05,1.0399000820412995e-05,8.506086794906362e-06,8.506086794906362e-06,3.637097947336404e-06,1.815158702406549e-06,1.8151587024065499e-06,0.9994045900249513,-8.373057065515212e-06,-8.373057065515212e-06,-8.47032947260767e-22,1016.1360616009543
1.3401045241225347,6.733427475873016e-06,8.547323478844178e-06,0.9993778621565848,-4.25379713073763e-05,-4.25379713073763e-05,1.0406786252370075e-05,8.50907632944915e-06,8.50907632944915e-06,3.622322284908974e-06,1.8138960029711618e-06,1.8138960029711616e-06,0.9994035041270213,-8.348677391999591e-06,-8.348677391999591e-06,2.1175823680713112e-22,1011.5866419409012
1.3424071092155287,6.738379596401993e-06,8.551004923521123e-06,0.9993767676809014,-4.252792827159999e-05,-4.252792827159999e-05,1.0414541181138305e-05,8.51204741032919e-06,8.51204741032919e-06,3.607577363270755e-06,1.8126253271191293e-06,1.8126253271191296e-06,0.999402420695672,-8.323908577515498e-06,-8.323908577515498e-06,-2.117582368199964e-22,1007.0568715656408
1.3447096943085228,6.743311671897651e-06,8.554658378074436e-06,0.9993756757575142,-4.2517395883971065e-05,-4.2517395883971065e-05,1.0422265658408725e-05,8.51500033283609e-06,8.51500033283609e-06,3.5928631232277342e-06,1.8113467061767852e-06,1.8113467061767857e-06,0.9994013397326484,-8.29876237167332e-06,-8.29876237167332e-06,-4.235164736335488e-22,1002.5466742167447
1.347012279401517,6.748223742541891e-06,8.558283913952676e-06,0.9993745863878898,-4.250638621853273e-05,-4.250638621853273e-05,1.042995973581711e-05,8.517935385941878e-06,8.517935385941878e-06,3.578179505723321e-06,1.8100601714107854e-06,1.810060171410785e-06,0.9994002612396317,-8.273250562722026e-06,-8.273250562722026e-06,4.2351647362077405e-22,998.0559738315092
1.3493148644945108,6.753115848450102e-06,8.56188160247842e-06,0.999373499573432,-4.249491138072217e-05,-4.249491138072217e-05,1.0437623464944202e-05,8.52085285226703e-06,8.52085285226703e-06,3.5635264518380398e-06,1.8087657540283168e-06,1.8087657540283176e-06,0.9993991852182394,-8.24738497080849e-06,-8.24738497080849e-06,-8.47032947260654e-22,993.584694543722
1.3516174495875048,6.757988029671251e-06,8.565451514848562e-06,0.9993724153154819,-4.248298350073935e-05,-4.248298350073935e-05,1.0445256897315961e-05,8.523753008050284e-06,8.523753008050284e-06,3.5489039027891937e-06,1.8074634851773129e-06,1.8074634851773116e-06,0.9993981116700265,-8.2211774413451e-06,-8.2211774413451e-06,1.2705494208751194e-21,989.1327606844129
1.353920034680499,6.76284032618797e-06,8.568993722134618e-06,0.9993713336153184,-4.2470614727026056e-05,-4.2470614727026056e-05,1.0452860084403777e-05,8.526636123122115e-06,8.526636123122115e-06,3.534311799930595e-06,1.8061533959466489e-06,1.8061533959466485e-06,0.9993970405964848,-8.194639838487582e-06,-8.194639838487582e-06,4.2351647362084153e-22,984.7000967825724
1.356222619773493,6.767672777916652e-06,8.572508295283002e-06,0.9993702544741586,-4.245781721985689e-05,-4.245781721985689e-05,1.0460433077624712e-05,8.52950246088191e-06,8.52950246088191e-06,3.5197500847522156e-06,1.8048355173663496e-06,1.8048355173663503e-06,0.9993959719990445,-8.167784038724879e-06,-8.167784038724879e-06,-6.352747104470115e-22,980.2866275658619
1.358525204866487,6.772485424707538e-06,8.57599530511532e-06,0.9993691778931583,-4.244460314504372e-05,-4.244460314504372e-05,1.0467975928341722e-05,8.53235227827869e-06,8.53235227827869e-06,3.505218698879884e-06,1.8035098804077824e-06,1.803509880407782e-06,0.9993949058790736,-8.140621924582438e-06,-8.140621924582438e-06,4.2351647362088615e-22,975.8922779612967
1.3608277899594812,6.7772783063448095e-06,8.579454822328653e-06,0.9993681038734121,-4.243098466775527e-05,-4.243098466775527e-05,1.0475488687863868e-05,8.535185825795393e-06,8.535185825795393e-06,3.490717584074974e-06,1.8021765159838422e-06,1.802176515983843e-06,0.9993938422378791,-8.11316537844066e-06,-8.11316537844066e-06,-8.470329472605421e-22,971.5169730959121
1.3631303750524753,6.782051462546679e-06,8.582886917495825e-06,0.9993670324159544,-4.241697394645316e-05,-4.241697394645316e-05,1.0482971407446536e-05,8.538003347436613e-06,8.538003347436613e-06,3.476246682234064e-06,1.8008354549491464e-06,1.800835454949146e-06,0.9993927810767068,-8.08542627646986e-06,-8.08542627646986e-06,4.235164736209307e-22,967.1606382974082
1.365432960145469,6.786804932965481e-06,8.58629166106569e-06,0.9993659635217591,-4.240258312694551e-05,-4.240258312694551e-05,1.049042413829165e-05,8.540805080719775e-06,8.540805080719775e-06,3.4618059353886616e-06,1.7994867281002089e-06,1.7994867281002087e-06,0.9993917223967423,-8.057416482682754e-06,-8.057416482682754e-06,2.1175823680737778e-22,962.8231990947735
1.3677355452384632,6.791538757187766e-06,8.58966912336339e-06,0.9993648971917408,-4.238782433655954e-05,-4.238782433655954e-05,1.0497846931547869e-05,8.543591256669658e-06,8.543591256669658e-06,3.4473952857048428e-06,1.7981303661756224e-06,1.7981303661756238e-06,0.9993906661991109,-8.029147843105983e-06,-8.029147843105983e-06,-1.4823076577012008e-21,958.5045812188998
1.3700381303314573,6.796252974734387e-06,8.59301937459063e-06,0.9993638334267545,-4.237270967843398e-05,-4.237270967843398e-05,1.0505239838310799e-05,8.5463620998162e-06,8.5463620998162e-06,3.433014675482973e-06,1.7967663998562432e-06,1.7967663998562428e-06,0.9993896124848782,-8.00063218007146e-06,-8.00063218007146e-06,4.235164736209971e-22,954.2047106031646
1.3723407154244514,6.8009476250605966e-06,8.596342484825937e-06,0.9993627722275964,-4.235725122593227e-05,-4.235725122593227e-05,1.051260290962318e-05,8.54911782819556e-06,8.54911782819556e-06,3.41866404715738e-06,1.7953948597653399e-06,1.7953948597653407e-06,0.9993885612550508,-7.971881286628521e-06,-7.971881286628521e-06,-8.470329472604313e-22,949.9235133840067
1.3746433005174454,6.805622747556133e-06,8.599638524024917e-06,0.9993617135950043,-4.234146101717742e-05,-4.234146101717742e-05,1.0519936196475088e-05,8.551858653354334e-06,8.551858653354334e-06,3.404343343296004e-06,1.7940157764687855e-06,1.7940157764687842e-06,0.9993875125105763,-7.942906921077753e-06,-7.942906921077753e-06,1.2705494208753413e-21,945.6609159014708
1.3769458856104395,6.810278381545319e-06,8.602907562020509e-06,0.9993606575296575,-4.2325351049709164e-05,-4.2325351049709164e-05,1.052723974980412e-05,8.554584780356884e-06,8.554584780356884e-06,3.3900525066001214e-06,1.7926291804751897e-06,1.7926291804751897e-06,0.9993864662523436,-7.91372080162713e-06,-7.91372080162713e-06,-6.0871477780035364e-33,941.4168446997519
1.3792484707034334,6.814914566287147e-06,8.606149668523243e-06,0.9993596040321784,-4.230893327526409e-05,-4.230893327526409e-05,1.0534513620495584e-05,8.55729640779572e-06,8.55729640779572e-06,3.3757914799040184e-06,1.7912351022360954e-06,1.7912351022360964e-06,0.999385422481184,-7.884334601171119e-06,-7.884334601171119e-06,-1.0587911840739406e-21,937.1912265277024
1.3815510557964275,6.8195313409753765e-06,8.609364913121483e-06,0.9993585531031315,-4.2292219594679206e-05,-4.2292219594679206e-05,1.0541757859382673e-05,8.559993727804842e-06,8.559993727804842e-06,3.361560206174646e-06,1.7898335721461058e-06,1.789833572146106e-06,0.9993843811978709,-7.854759942193276e-06,-7.854759942193276e-06,-2.1175823681961854e-22,932.9839883393353
1.3838536408894215,6.8241287447386226e-06,8.612553365281669e-06,0.9993575047430248,-4.22752218529194e-05,-4.22752218529194e-05,1.054897251724665e-05,8.562676926076032e-06,8.562676926076032e-06,3.34735862851134e-06,1.7884246205430458e-06,1.788424620543046e-06,0.9993833424031207,-7.825008391792727e-06,-7.825008391792727e-06,-2.117582368195967e-22,928.7950572943062
1.3861562259824156,6.828706816640451e-06,8.615715094348563e-06,0.9993564589523095,-4.2257951834229015e-05,-4.2257951834229015e-05,1.055615764481702e-05,8.56534618187796e-06,8.56534618187796e-06,3.3331866901454664e-06,1.7870082777081116e-06,1.7870082777081122e-06,0.9993823060975926,-7.795091456834763e-06,-7.795091456834763e-06,-6.352747104467252e-22,924.6243607583756
1.3884588110754097,6.833265595679467e-06,8.618850169545489e-06,0.9993554157313812,-4.22404212574079e-05,-4.22404212574079e-05,1.0563313292771703e-05,8.568001668078119e-06,8.568001668078119e-06,3.319044334440128e-06,1.7855845738660225e-06,1.7855845738660219e-06,0.9993812722818899,-7.765020579225943e-06,-7.765020579225943e-06,6.35274710434747e-22,920.4718263038567
1.3907613961684038,6.837805120789414e-06,8.621958659974557e-06,0.9993543750805797,-4.222264177121197e-05,-4.222264177121197e-05,1.0570439511737193e-05,8.570643551167437e-06,8.570643551167437e-06,3.304931504889846e-06,1.7841535391851427e-06,1.7841535391851427e-06,0.9993802409565596,-7.73480713131374e-06,-7.73480713131374e-06,-5.956642464724492e-33,916.3373817100492
1.3930639812613976,6.842325430839261e-06,8.625040634616907e-06,0.9993533370001892,-4.2204624949878364e-05,-4.2204624949878364e-05,1.057753635228873e-05,8.573271991287587e-06,8.573271991287587e-06,3.290848145120203e-06,1.7827152037776466e-06,1.7827152037776458e-06,0.9993792121220931,-7.704462411410736e-06,-7.704462411410736e-06,8.470329472483652e-22,912.2209549636519
1.3953665663543917,6.846826564633298e-06,8.628096162332926e-06,0.9993523014904396,-4.2186382288775105e-05,-4.2186382288775105e-05,1.0584603864950452e-05,8.575887142260865e-06,8.575887142260865e-06,3.276794198887592e-06,1.7812695976996278e-06,1.781269597699628e-06,0.9993781857789267,-7.6739976394434e-06,-7.6739976394434e-06,-2.117582368194886e-22,908.1224742591551
1.3976691514473858,6.851308560911226e-06,8.631125311862484e-06,0.9993512685515061,-4.216792520017523e-05,-4.216792520017523e-05,1.0591642100195565e-05,8.578489151622603e-06,8.578489151622603e-06,3.2627696100788228e-06,1.7798167509512583e-06,1.779816750951258e-06,0.9993771619274417,-7.643423952725297e-06,-7.643423952725297e-06,2.1175823680768301e-22,904.0418679992337
1.3999717365403799,6.8557714583482534e-06,8.634128151825142e-06,0.9993502381835098,-4.214926500915512e-05,-4.214926500915512e-05,1.0598651108446475e-05,8.581078160656037e-06,8.581078160656037e-06,3.248774322710854e-06,1.7783566934768888e-06,1.778356693476889e-06,0.9993761405679652,-7.612752401854553e-06,-7.612752401854553e-06,-2.1175823681944574e-22,899.9790647951073
1.402274321633374,6.860215295555188e-06,8.637104750720388e-06,0.9993492103865181,-4.213041294961674e-05,-4.213041294961674e-05,1.0605630940074954e-05,8.583654304429574e-06,8.583654304429574e-06,3.2348082809304626e-06,1.7768894551652011e-06,1.7768894551652005e-06,0.9993751217007703,-7.581993946735187e-06,-7.581993946735187e-06,6.35274710434876e-22,895.9339934668911
1.404576906726368,6.864640111078529e-06,8.640055176927838e-06,0.9993481851605454,-4.211138016043351e-05,-4.211138016043351e-05,1.0612581645402282e-05,8.586217711836383e-06,8.586217711836383e-06,3.2208714290139036e-06,1.7754150658493086e-06,1.7754150658493088e-06,0.9993741053260762,-7.5511594527221605e-06,-7.5511594527221605e-06,-2.1175823681940304e-22,891.9065830439316
1.4068794918193621,6.869045943400564e-06,8.642979498707456e-06,0.999347162505553,-4.209217768171926e-05,-4.209217768171926e-05,1.0619503274699385e-05,8.588768505636263e-06,8.588768505636263e-06,3.2069637113666235e-06,1.7739335553068914e-06,1.7739335553068918e-06,0.9993730914440491,-7.52025968688944e-06,-7.52025968688944e-06,-4.235164736329569e-22,887.8967627651298
1.409182076912356,6.8734328309394536e-06,8.645877784199765e-06,0.9993461424214499,-4.207281645121988e-05,-4.207281645121988e-05,1.062639587818698e-05,8.591306802499692e-06,8.591306802499692e-06,3.1930850725229124e-06,1.7724449532603134e-06,1.772444953260312e-06,0.9993720800548025,-7.489305314420815e-06,-7.489305314420815e-06,1.48230765768924e-21,883.9044620792428
1.41148466200535,6.877800812049338e-06,8.648750101426057e-06,0.9993451249080928,-4.205330730082698e-05,-4.205330730082698e-05,1.063325950603571e-05,8.593832713054019e-06,8.593832713054019e-06,3.1792354571456047e-06,1.7709492893767177e-06,1.7709492893767186e-06,0.9993710711583971,-7.458306895122754e-06,-7.458306895122754e-06,-8.470329472600648e-22,879.9296106451764
1.4137872470983441,6.882149925020419e-06,8.651596518288584e-06,0.999344109965287,-4.203366095321311e-05,-4.203366095321311e-05,1.0640094208366277e-05,8.596346341931722e-06,8.596346341931722e-06,3.1654148100257527e-06,1.7694465932681642e-06,1.769446593268165e-06,0.9993700647548419,-7.4272748800587735e-06,-7.4272748800587735e-06,-8.470329472600437e-22,875.9721383322628
1.4160898321913382,6.886480208079058e-06,8.65441710257078e-06,0.9993430975927862,-4.201388801858754e-05,-4.201388801858754e-05,1.0646900035249569e-05,8.598847787820672e-06,8.598847787820672e-06,3.1516230760822968e-06,1.7679368944917228e-06,1.767936894491722e-06,0.9993690608440938,-7.396219608304423e-06,-7.396219608304423e-06,8.470329472485781e-22,872.0319752205176
1.4183924172843323,6.890791699387872e-06,8.657211921937445e-06,0.9993420877902933,-4.1993998991572167e-05,-4.1993998991572167e-05,1.0653677036706793e-05,8.601337143516324e-06,8.601337143516324e-06,3.1378602003617675e-06,1.7664202225495732e-06,1.7664202225495732e-06,0.9993680594260591,-7.365151303822385e-06,-7.365151303822385e-06,-5.701203235764842e-33,868.1090516008929
1.4206950023773264,6.895084437045823e-06,8.659981043934952e-06,0.9993410805574607,-4.197400424819645e-05,-4.197400424819645e-05,1.0660425262709595e-05,8.603814495975806e-06,8.603814495975806e-06,3.1241261280379502e-06,1.7648966068891294e-06,1.7648966068891284e-06,0.9993670605005925,-7.334080072456642e-06,-7.334080072456642e-06,1.058791184062195e-21,864.2032979755064
1.4229975874703202,6.899358459088314e-06,8.662724535991432e-06,0.9993400758938907,-4.1953914043010825e-05,-4.1953914043010825e-05,1.066714476318018e-05,8.606279926373785e-06,8.606279926373785e-06,3.11042080441158e-06,1.7633660769031185e-06,1.7633660769031185e-06,0.9993660640674987,-7.303015899045096e-06,-7.303015899045096e-06,-5.6593625220108415e-33,860.3146450578646
1.4253001725633143,6.903613803487284e-06,8.665442465416976e-06,0.9993390737991357,-4.193373850631713e-05,-4.193373850631713e-05,1.0673835587991441e-05,8.60873351016012e-06,8.60873351016012e-06,3.096744174910011e-06,1.7618286619296929e-06,1.7618286619296918e-06,0.999365070126532,-7.271968644649224e-06,-7.271968644649224e-06,1.058791184062237e-21,856.4430237730664
1.4276027576563084,6.9078505081512996e-06,8.668134899403814e-06,0.9993380742726986,-4.191348764151566e-05,-4.191348764151566e-05,1.0680497786967058e-05,8.611175317119162e-06,8.611175317119162e-06,3.083096185086896e-06,1.7602843912525153e-06,1.7602843912525146e-06,0.9993640786773968,-7.240948043900401e-06,-7.240948043900401e-06,6.352747104351075e-22,852.5883652579985
1.4299053427493025,6.912068610925651e-06,8.670801905026511e-06,0.9993370773140337,-4.189317132256748e-05,-4.189317132256748e-05,1.0687131409881621e-05,8.613605411430698e-06,8.613605411430698e-06,3.0694767806218777e-06,1.7587332941008611e-06,1.75873329410086e-06,0.9993630897197487,-7.2099637024614375e-06,-7.2099637024614375e-06,1.0587911840622784e-21,848.7506008615135
1.4322079278422966,6.916268149592444e-06,8.67344354924215e-06,0.9993360829225462,-4.187279929157092e-05,-4.187279929157092e-05,1.0693736506460738e-05,8.616023851732445e-06,8.616023851732445e-06,3.0558859073202793e-06,1.7571753996497068e-06,1.7571753996497057e-06,0.9993621032531939,-7.17902509460232e-06,-7.17902509460232e-06,1.058791184062299e-21,844.9296621445959
1.4345105129352906,6.920449161870698e-06,8.676059898890508e-06,0.9993350910975933,-4.185238115645117e-05,-4.185238115645117e-05,1.0700313126381141e-05,8.618430691184046e-06,8.618430691184046e-06,3.042323511112765e-06,1.7556107370198098e-06,1.7556107370198096e-06,0.99936111927729,-7.148141560889137e-06,-7.148141560889137e-06,2.1175823680801937e-22,841.1254808805193
1.4368130980282845,6.924611685416432e-06,8.678651020694241e-06,0.9993341018384844,-4.183192638876183e-05,-4.183192638876183e-05,1.0706861319270793e-05,8.620825977532504e-06,8.620825977532504e-06,3.0287895380550394e-06,1.7540393352778083e-06,1.7540393352778087e-06,0.9993601377915464,-7.117322305984866e-06,-7.117322305984866e-06,-4.235164736326853e-22,837.3379890549812
1.4391156831212786,6.928755757822772e-06,8.681216981259068e-06,0.9993331151444811,-4.1811444321597225e-05,-4.1811444321597225e-05,1.0713381134708989e-05,8.623209753178978e-06,8.623209753178978e-06,3.0152839343275105e-06,1.7524612234362963e-06,1.7524612234362959e-06,0.9993591587954249,-7.086576396560953e-06,-7.086576396560953e-06,4.2351647362163555e-22,833.5671188662387
1.4414182682142727,6.932881416620033e-06,8.683757847073932e-06,0.9993321310147982,-4.1790944147614045e-05,-4.1790944147614045e-05,1.0719872622226451e-05,8.625582055246918e-06,8.625582055246918e-06,3.001806646234995e-06,1.7508764304538986e-06,1.7508764304538994e-06,0.9993581822883395,-7.055912759318316e-06,-7.055912759318316e-06,-8.470329472597945e-22,829.8128027252202
1.4437208533072667,6.936988699275818e-06,8.686273684511189e-06,0.9993311494486035,-4.177043491716129e-05,-4.177043491716129e-05,1.0726335831305431e-05,8.627942915651426e-06,8.627942915651426e-06,2.988357620206396e-06,1.7492849852353693e-06,1.7492849852353705e-06,0.999357208269657,-7.025340179116533e-06,-7.025340179116533e-06,-1.2705494208869244e-21,826.0749732556328
1.4460234384002608,6.941077643195114e-06,8.688764559826767e-06,0.9993301704450185,-4.174992553651692e-05,-4.174992553651692e-05,1.0732770811379802e-05,8.630292361169847e-06,8.630292361169847e-06,2.9749368027943797e-06,1.7476869166316543e-06,1.7476869166316534e-06,0.999356236738698,-6.994867297209854e-06,-6.994867297209854e-06,8.470329472488469e-22,822.3535632940506
1.448326023493255,6.945148285720386e-06,8.691230539160345e-06,0.9993291940031187,-4.1729424766230124e-05,-4.1729424766230124e-05,1.0739177611835148e-05,8.632630413513482e-06,8.632630413513482e-06,2.9615441406750624e-06,1.7460822534399584e-06,1.746082253439959e-06,0.9993552676947361,-6.964502609588744e-06,-6.964502609588744e-06,-6.352747104461583e-22,818.6485058899978
1.450628608586249,6.949200664131667e-06,8.693671688535515e-06,0.999328220121934,-4.170894121956746e-05,-4.170894121956746e-05,1.0745556282008858e-05,8.634957089400369e-06,8.634957089400369e-06,2.948179580647688e-06,1.7444710244038483e-06,1.7444710244038483e-06,0.9993543011369996,-6.9342544654254e-06,-6.9342544654254e-06,-5.412776565410648e-33,814.9597343060186
1.4529311936792428,6.95323481564666e-06,8.69608807385995e-06,0.9993272488004488,-4.168848336106181e-05,-4.168848336106181e-05,1.0751906871190211e-05,8.637272400629123e-06,8.637272400629123e-06,2.9348430696343312e-06,1.7428532582132898e-06,1.74285325821329e-06,0.9993533370646703,-6.904131065622013e-06,-6.904131065622013e-06,-2.1175823681896764e-22,811.2871820177328
1.455233778772237,6.957250777420826e-06,8.698479760925566e-06,0.9993262800376026,-4.1668059505162484e-05,-4.1668059505162484e-05,1.0758229428620456e-05,8.639576354153713e-06,8.639576354153713e-06,2.92153455467956e-06,1.7412289835047384e-06,1.7412289835047395e-06,0.9993523754768854,-6.874140461460221e-06,-6.874140461460221e-06,-1.0587911840732479e-21,807.6307827138808
1.457536363865231,6.961248586547483e-06,8.700846815408683e-06,0.9993253138322906,-4.1647677814984976e-05,-4.1647677814984976e-05,1.0764524003492902e-05,8.64186895215917e-06,8.64186895215917e-06,2.9082539829501337e-06,1.7395982288611985e-06,1.7395982288611997e-06,0.9993514163727368,-6.844290553350244e-06,-6.844290553350244e-06,-1.2705494208868029e-21,803.9904702963595
1.459838948958225,6.965228280057898e-06,8.70318930287019e-06,0.9993243501833636,-4.162734630115901e-05,-4.162734630115901e-05,1.0770790644952993e-05,8.644150192138148e-06,8.644150192138148e-06,2.8950013017346984e-06,1.737961022812291e-06,1.7379610228122914e-06,0.9993504597512722,-6.814589089678255e-06,-6.814589089678255e-06,-4.235164736324825e-22,800.3661788802498
1.4621415340512192,6.969189894921382e-06,8.705507288755694e-06,0.9993233890896287,-4.160707282077317e-05,-4.160707282077317e-05,1.0777029402098386e-05,8.646420066968285e-06,8.646420066968285e-06,2.8817764584434324e-06,1.7363173938343104e-06,1.7363173938343119e-06,0.9993495056114949,-6.785043665750395e-06,-6.785043665750395e-06,-1.482307657700338e-21,796.757842793824
1.4644441191442132,6.973133468045386e-06,8.707800838395686e-06,0.9993224305498491,-4.158686507641474e-05,-4.158686507641474e-05,1.078324032397903e-05,8.648678564990331e-06,8.648678564990331e-06,2.868579400607789e-06,1.7346673703502995e-06,1.7346673703503003e-06,0.9993485539523643,-6.755661722831998e-06,-6.755661722831998e-06,-8.470329472595927e-22,793.1653965785512
1.466746704237207,6.977059036275594e-06,8.71007001700569e-06,0.9993214745627454,-4.1566730615303075e-05,-4.1566730615303075e-05,1.0789423459597231e-05,8.65092567008695e-06,8.65092567008695e-06,2.8554100758801426e-06,1.7330109807300952e-06,1.7330109807300964e-06,0.9993476047727965,-6.726450547280314e-06,-6.726450547280314e-06,-1.2705494208867231e-21,789.5887749890916
1.4690492893302012,6.980966636396022e-06,8.712314889686416e-06,0.9993205211269952,-4.154667682851487e-05,-4.154667682851487e-05,1.079557885790774e-05,8.653161361762197e-06,8.653161361762197e-06,2.8422684320334817e-06,1.7313482532903922e-06,1.7313482532903937e-06,0.9993466580716642,-6.697417269769207e-06,-6.697417269769207e-06,-1.4823076577002783e-21,786.0279129932724
1.4713518744231953,6.9848563051291065e-06,8.714535521423913e-06,0.9993195702412336,-4.152671095029993e-05,-4.152671095029993e-05,1.0801706567817801e-05,8.655385615221564e-06,8.655385615221564e-06,2.829154416961121e-06,1.7296792162948064e-06,1.7296792162948061e-06,0.9993457138477979,-6.668568864604278e-06,-6.668568864604278e-06,2.1175823680834218e-22,782.482745772064
1.4736544595161893,6.988728079135803e-06,8.716731977089715e-06,0.9993186219040537,-4.150684005748561e-05,-4.150684005748561e-05,1.0807806638187235e-05,8.657598401452601e-06,8.657598401452601e-06,2.816067978676344e-06,1.7280038979539127e-06,1.7280038979539127e-06,0.999344772099985,-6.639912149126747e-06,-6.639912149126747e-06,-5.213182312164471e-33,778.9532087195411
1.4759570446091834,6.99258199501568e-06,8.718904321440997e-06,0.9993176761140071,-4.1487071068968274e-05,-4.1487071068968274e-05,1.0813879117828493e-05,8.659799687306008e-06,8.659799687306008e-06,2.8030090653121493e-06,1.7263223264253187e-06,1.726322326425317e-06,0.9993438328269715,-6.611453783204286e-06,-6.611453783204286e-06,1.694065894503407e-21,775.4392374428338
1.4782596297021775,6.996418089307017e-06,8.721052619120709e-06,0.9993167328696037,-4.146741074529043e-05,-4.146741074529043e-05,1.0819924055506732e-05,8.66198943557719e-06,8.66198943557719e-06,2.7899776251208835e-06,1.724634529813692e-06,1.7246345298136918e-06,0.9993428960274611,-6.583200268807595e-06,-6.583200268807595e-06,2.117582368084012e-22,771.9407677620661
1.4805622147951716,7.000236398486892e-06,8.723176934657732e-06,0.9993157921693124,-4.144786568830148e-05,-4.144786568830148e-05,1.0825941499939862e-05,8.664167605088214e-06,8.664167605088214e-06,2.776973606473961e-06,1.72294053617084e-06,1.7229405361708403e-06,0.9993419617001164,-6.555157949670549e-06,-6.555157949670549e-06,-4.235164736323046e-22,768.4577357102946
1.4828647998881654,7.004036958971286e-06,8.725277332467016e-06,0.999314854011562,-4.142844234090078e-05,-4.142844234090078e-05,1.0831931499798618e-05,8.666334150770115e-06,8.666334150770115e-06,2.763996957861564e-06,1.7212403734957294e-06,1.7212403734957306e-06,0.9993410298435593,-6.527333011032717e-06,-6.527333011032717e-06,-1.2705494208865853e-21,764.9900775334264
1.4851673849811595,7.007819807115167e-06,8.727353876849724e-06,0.9993139183947399,-4.140914698686105e-05,-4.140914698686105e-05,1.083789410370661e-05,8.66848902374551e-06,8.66848902374551e-06,2.7510476278922955e-06,1.7195340697345567e-06,1.7195340697345563e-06,0.9993401004563705,-6.499731479462152e-06,-6.499731479462152e-06,4.2351647362203475e-22,761.5377296901331
1.4874699700741536,7.011584979212598e-06,8.729406631993369e-06,0.9993129853171948,-4.138998575073063e-05,-4.138998575073063e-05,1.0843829360240379e-05,8.670632171411486e-06,8.670632171411486e-06,2.7381255652929103e-06,1.7178216527807722e-06,1.7178216527807705e-06,0.9993391735370908,-6.472359222757153e-06,-6.472359222757153e-06,1.6940658945035045e-21,758.1006288517583
1.4897725551671477,7.015332511496818e-06,8.731435661971956e-06,0.9993120547772347,-4.137096459781291e-05,-4.137096459781291e-05,1.0849737317929455e-05,8.672763537522695e-06,8.672763537522695e-06,2.7252307189079753e-06,1.7161031504751374e-06,1.7161031504751374e-06,0.9993382490842206,-6.44522194992509e-06,-6.44522194992509e-06,-5.076680220138753e-33,754.6787119022089
1.4920751402601418,7.019062440140348e-06,8.733441030746121e-06,0.9993111267731288,-4.135208933422115e-05,-4.135208933422115e-05,1.08556180252564e-05,8.674883062274629e-06,8.674883062274629e-06,2.7123630376995757e-06,1.7143785906057722e-06,1.714378590605773e-06,0.999337327096221,-6.418325211236669e-06,-6.418325211236669e-06,-8.470329472593578e-22,751.2719159378455
1.4943777253531358,7.022774801255078e-06,8.735422802163265e-06,0.9993102013031074,-4.133336560700696e-05,-4.133336560700696e-05,1.0861471530656877e-05,8.676990682387033e-06,8.676990682387033e-06,2.699522470747011e-06,1.712648000908186e-06,1.712648000908187e-06,0.9993364075715139,-6.3916743983539e-06,-6.3916743983539e-06,-1.0587911840729137e-21,747.8801782673567
1.4966803104461297,7.026469630892369e-06,8.737381039957688e-06,0.999309278365362,-4.131479890436095e-05,-4.131479890436095e-05,1.086729788251967e-05,8.67908633118741e-06,8.67908633118741e-06,2.686708967246483e-06,1.7109114090653185e-06,1.7109114090653191e-06,0.9993354905084818,-6.3652747445301975e-06,-6.3652747445301975e-06,-6.352747104457442e-22,744.5034364116312
1.4989828955391238,7.0301469650431435e-06,8.739315807750724e-06,0.9993083579580458,-4.129639455588372e-05,-4.129639455588372e-05,1.087309712918676e-05,8.681169938694576e-06,8.681169938694576e-06,2.6739224765107843e-06,1.7091688427075808e-06,1.7091688427075808e-06,0.9993345759054691,-6.339131324880822e-06,-6.339131324880822e-06,-4.99987141924548e-33,741.1416281036148
1.5012854806321179,7.03380683963798e-06,8.741227169050879e-06,0.9993074400792742,-4.127815773292542e-05,-4.127815773292542e-05,1.0878869318953352e-05,8.683241431702224e-06,8.683241431702224e-06,2.6611629479689985e-06,1.7074203294128988e-06,1.7074203294128984e-06,0.9993336637607814,-6.313249056721907e-06,-6.313249056721907e-06,4.2351647362216936e-22,737.7946912881666
1.503588065725112,7.0374492905472125e-06,8.743115187253948e-06,0.9993065247271249,-4.126009344899241e-05,-4.126009344899241e-05,1.088461450006792e-05,8.685300733862467e-06,8.685300733862467e-06,2.648430331166191e-06,1.7056658967067346e-06,1.705665896706736e-06,0.9993327540726866,-6.2876326999766145e-06,-6.2876326999766145e-06,-1.2705494208864124e-21,734.4625641219017
1.505890650818106,7.041074353581019e-06,8.744979925643162e-06,0.9993056118996382,-4.124220656021918e-05,-4.124220656021918e-05,1.0890332720732258e-05,8.68734776576931e-06,8.68734776576931e-06,2.635724575763104e-06,1.7039055720621443e-06,1.7039055720621436e-06,0.9993318468394151,-6.262286857646532e-06,-6.262286857646532e-06,6.352747104357824e-22,731.1451849730249
1.5081932359111,7.044682064489521e-06,8.746821447389308e-06,0.9993047015948178,-4.1224501765903814e-05,-4.1224501765903814e-05,1.0896024029101514e-05,8.689382445042028e-06,8.689382445042028e-06,2.6230456315358705e-06,1.7021393828997858e-06,1.7021393828997863e-06,0.99933094205916,-6.2372159763465836e-06,-6.2372159763465836e-06,-4.235164736320741e-22,727.8424924211625
1.5104958210040942,7.0482724589628805e-06,8.748639815550857e-06,0.9993037938106303,-4.120698360910551e-05,-4.120698360910551e-05,1.0901688473284226e-05,8.691404686408403e-06,8.691404686408403e-06,2.6103934483756693e-06,1.7003673565879756e-06,1.700367356587976e-06,0.999330039730077,-6.212424346902087e-06,-6.212424346902087e-06,-4.235164736320553e-22,724.5544252571812
1.512798406097088,7.051845572631386e-06,8.750435093074087e-06,0.9993028885450064,-4.1189656477302276e-05,-4.1189656477302276e-05,1.0907326101342367e-05,8.693414401787775e-06,8.693414401787775e-06,2.5977679762884806e-06,1.698589520442701e-06,1.6985895204427012e-06,0.9993291398502856,-6.187916105005928e-06,-6.187916105005928e-06,-2.117582368184614e-22,721.2809224829983
1.5151009911900821,7.0554014410655585e-06,8.752207342793224e-06,0.9993019857958407,-4.117252460310723e-05,-4.117252460310723e-05,1.0912936961291378e-05,8.695411500373912e-06,8.695411500373912e-06,2.585169165394713e-06,1.6968059017276645e-06,1.6968059017276654e-06,0.9993282424178691,-6.163695231934334e-06,-6.163695231934334e-06,-8.47032947259168e-22,718.0219233113904
1.5174035762830762,7.058940099776238e-06,8.753956627430548e-06,0.9993010855609921,-4.115559206504196e-05,-4.115559206504196e-05,1.0918521101100199e-05,8.697395888717607e-06,8.697395888717607e-06,2.5725969659289627e-06,1.6950165276543086e-06,1.6950165276543094e-06,0.9993273474308744,-6.13976555531977e-06,-6.13976555531977e-06,-8.470329472591492e-22,714.7773671657877
1.5197061613760703,7.062461584214683e-06,8.755683009596528e-06,0.9993001878382842,-4.113886278836502e-05,-4.113886278836502e-05,1.0924078568691305e-05,8.699367470809032e-06,8.699367470809032e-06,2.5600513282396852e-06,1.693221425381844e-06,1.6932214253818444e-06,0.999326454887313,-6.116130749978912e-06,-6.116130749978912e-06,-4.235164736319804e-22,711.547193680067
1.5220087464690644,7.065965929772665e-06,8.757386551789939e-06,0.9992992926255058,-4.112234054595422e-05,-4.112234054595422e-05,1.0929609411940736e-05,8.701326148159749e-06,8.701326148159749e-06,2.5475322027888955e-06,1.6914206220172736e-06,1.6914206220172736e-06,0.9993255647851611,-6.0927943387944635e-06,-6.0927943387944635e-06,-4.8116486691891536e-33,708.331342698332
1.5243113315620584,7.06945317178256e-06,8.75906731639799e-06,0.9992983999204106,-4.110602895924085e-05,-4.110602895924085e-05,1.093511367867813e-05,8.703271819884426e-06,8.703271819884426e-06,2.535039540151877e-06,1.6896141446154316e-06,1.6896141446154308e-06,0.9993246771223597,-6.069759693648889e-06,-6.069759693648889e-06,8.470329472495072e-22,705.1297542746904
1.5266139166550523,7.072923345517446e-06,8.760725365696437e-06,0.9992975097207183,-4.108993149919446e-05,-4.108993149919446e-05,1.0940591416686752e-05,8.705204382782151e-06,8.705204382782151e-06,2.5225732910168636e-06,1.6878020201789904e-06,1.687802020178991e-06,0.9993237918968154,-6.047030036408715e-06,-6.047030036408715e-06,-6.352747104454999e-22,701.9423686730244
1.5289165017480464,7.076376486191201e-06,8.762360761849708e-06,0.9992966220241144,-4.1074051487356296e-05,-4.1074051487356296e-05,1.094604267370352e-05,8.70712373141737e-06,8.70712373141737e-06,2.5101334061847563e-06,1.6859842756585078e-06,1.6859842756585074e-06,0.9993229091064,-6.024608439957463e-06,-6.024608439957463e-06,4.23516473622394e-22,698.7691263667481
1.5312190868410405,7.0798126289585915e-06,8.763973566911022e-06,0.9992957368282508,-4.1058392096920056e-05,-4.1058392096920056e-05,1.0951467497419027e-05,8.70902975820038e-06,8.70902975820038e-06,2.4977198365688353e-06,1.6841609379524311e-06,1.684160937952431e-06,0.9993220287489515,-6.002497829275966e-06,-6.002497829275966e-06,2.1175823680883723e-22,695.6099680385677
1.5335216719340345,7.08323180891537e-06,8.7655638428225e-06,0.9992948541307458,-4.1042956353858266e-05,-4.1042956353858266e-05,1.0956865935477574e-05,8.710922353467401e-06,8.710922353467401e-06,2.4853325331944376e-06,1.6823320339071304e-06,1.6823320339071304e-06,0.9993211508222742,-5.980700982568263e-06,-5.980700982568263e-06,-4.719572288996808e-33,692.464834580227
1.5358242570270286,7.086634061098373e-06,8.767131651415295e-06,0.9992939739291847,-4.10277471380927e-05,-4.10277471380927e-05,1.096223803547719e-05,8.71280140556013e-06,8.71280140556013e-06,2.4729714471986815e-06,1.6804975903169208e-06,1.6804975903169218e-06,0.999320275324139,-5.9592205324315175e-06,-5.9592205324315175e-06,-1.0587911840725768e-21,689.3336670922515
1.5381268421200227,7.090019420485612e-06,8.768677054409693e-06,0.9992930962211202,-4.101276718470742e-05,-4.101276718470742e-05,1.0967583844969653e-05,8.714666800904826e-06,8.714666800904826e-06,2.4606365298301525e-06,1.6786576339240812e-06,1.6786576339240812e-06,0.9993194022522834,-5.938058967068644e-06,-5.938058967068644e-06,-4.683121186218132e-33,686.2164068836822
1.5404294272130166,7.093387921996366e-06,8.770200113415245e-06,0.999292221004072,-4.099801908520264e-05,-4.099801908520264e-05,1.0972903411460514e-05,8.716518424090833e-06,8.716518424090833e-06,2.4483277324486214e-06,1.6768121914188803e-06,1.6768121914188786e-06,0.9993185316044122,-5.917218631541661e-06,-5.917218631541661e-06,1.6940658945039356e-21,683.1129954718062
1.5427320123060106,7.096739600491285e-06,8.771700889930864e-06,0.9992913482755282,-4.098350528878818e-05,-4.098350528878818e-05,1.0978196782409121e-05,8.718356157948569e-06,8.718356157948569e-06,2.436045006524747e-06,1.6749612894395797e-06,1.6749612894395793e-06,0.999317663378198,-5.8967017290647206e-06,-5.8967017290647206e-06,4.2351647362250325e-22,680.0233745818788
1.5450345973990047,7.100074490772476e-06,8.773179445344955e-06,0.9992904780329447,-4.096922810371487e-05,-4.096922810371487e-05,1.0983464005228627e-05,8.720179883626935e-06,8.720179883626935e-06,2.423788303639782e-06,1.6731049545724802e-06,1.6731049545724792e-06,0.9993167975712807,-5.876510322335052e-06,-5.876510322335052e-06,1.0587911840632466e-21,676.9474861468417
1.5473371824919988,7.103392627583601e-06,8.774635840935518e-06,0.999289610273746,-4.095518969864242e-05,-4.095518969864242e-05,1.0988705127286018e-05,8.721989480670109e-06,8.721989480670109e-06,2.41155757548528e-06,1.6712432133519163e-06,1.671243213351917e-06,0.9993159341812687,-5.8566463349003474e-06,-5.8566463349003474e-06,-6.352747104453361e-22,673.8852723070336
1.5496397675849929,7.106694045609972e-06,8.776070137870264e-06,0.999288744995325,-4.0941392104042153e-05,-4.0941392104042153e-05,1.0993920195902125e-05,8.723784827093738e-06,8.723784827093738e-06,2.399352773862794e-06,1.6693760922602923e-06,1.6693760922602921e-06,0.9993150732057386,-5.837111552561098e-06,-5.837111552561098e-06,2.1175823680898215e-22,670.836675409895
1.551942352677987,7.1099787794786455e-06,8.77748239720673e-06,0.9992878821950444,-4.0927837213633526e-05,-4.0927837213633526e-05,1.0999109258351646e-05,8.725565799460462e-06,8.725565799460462e-06,2.3871738506836e-06,1.667503617728084e-06,1.6675036177280845e-06,0.999314214642236,-5.817907624806606e-06,-5.817907624806606e-06,-6.352747104453004e-22,667.8016380096672
1.554244937770981,7.113246863758517e-06,8.778872679892381e-06,0.9992870218702353,-4.091452678585253e-05,-4.091452678585253e-05,1.1004272361863152e-05,8.727332272954801e-06,8.727332272954801e-06,2.375020757968401e-06,1.665625816133864e-06,1.6656258161338636e-06,0.999313358488275,-5.7990360662830065e-06,-5.7990360662830065e-06,4.2351647362259297e-22,664.7801028670872
1.556547522863975,7.116498332960417e-06,8.780241046764733e-06,0.9992861640181993,-4.09014624453509e-05,-4.09014624453509e-05,1.1009409553619106e-05,8.729084121457337e-06,8.729084121457337e-06,2.3628934478470206e-06,1.6637427138043174e-06,1.6637427138043163e-06,0.9993125047413396,-5.780498258291968e-06,-5.780498258291968e-06,1.058791184063336e-21,661.7720129490755
1.558850107956969,7.119733221537201e-06,8.781587558551452e-06,0.9992853086362071,-4.088864568452458e-05,-4.088864568452458e-05,1.1014520880755876e-05,8.730821217618199e-06,8.730821217618199e-06,2.3507918725581496e-06,1.661854337014252e-06,1.6618543370142513e-06,0.9993116533988827,-5.762295450318768e-06,-5.762295450318768e-06,6.352747104362035e-22,658.7773114284184
1.561152693049963,7.1229515638838475e-06,8.782912275870469e-06,0.9992844557215006,-4.087607786507006e-05,-4.087607786507006e-05,1.1019606390363746e-05,8.732543432929836e-06,8.732543432929836e-06,2.3387159844490123e-06,1.6599607119866213e-06,1.659960711986621e-06,0.9993108044583282,-5.744428761588182e-06,-5.744428761588182e-06,2.11758236809071e-22,655.7959416834443
1.5634552781429571,7.126153394337555e-06,8.784215259230086e-06,0.9992836052712913,-4.0863760219567295e-05,-4.0863760219567295e-05,1.1024666129486924e-05,8.734250637799047e-06,8.734250637799047e-06,2.3266657359751145e-06,1.6580618648925303e-06,1.6580618648925305e-06,0.999309957917069,-5.726899182646953e-06,-5.726899182646953e-06,-2.1175823681806157e-22,652.8278472976976
1.5657578632359512,7.129338747177831e-06,8.785496569029087e-06,0.9992827572827622,-4.08516938530878e-05,-4.08516938530878e-05,1.102970014512356e-05,8.735942701618251e-06,8.735942701618251e-06,2.3146410796999434e-06,1.6561578218512568e-06,1.656157821851256e-06,0.9993091137724692,-5.70970757697145e-06,-5.70970757697145e-06,8.470329472498314e-22,649.8729720596034
1.5680604483289453,7.13250765662659e-06,8.786756265556843e-06,0.999281911753067,-4.083987974482657e-05,-4.083987974482657e-05,1.1034708484225742e-05,8.737619492835994e-06,8.737619492835994e-06,2.302641968294668e-06,1.654248608930254e-06,1.6542486089302534e-06,0.9993082720218637,-5.692854682599195e-06,-5.692854682599195e-06,6.352747104362738e-22,646.9312599621313
1.5703630334219392,7.135660156848244e-06,8.787994408993424e-06,0.9992810686793312,-4.082831874975668e-05,-4.082831874975668e-05,1.103969119369952e-05,8.739280879026674e-06,8.739280879026674e-06,2.2906683545378864e-06,1.6523342521451802e-06,1.6523342521451802e-06,0.9993074326625582,-5.676341113782983e-06,-5.676341113782983e-06,-4.434016667194731e-33,644.0026552024522
1.5726656185149333,7.138796281949806e-06,8.789211059409695e-06,0.9992802280586516,-4.081701160030506e-05,-4.081701160030506e-05,1.10446483204049e-05,8.740926726959463e-06,8.740926726959463e-06,2.278720191315299e-06,1.6504147774598904e-06,1.6504147774598898e-06,0.9993065956918298,-5.660167362666277e-06,-5.660167362666277e-06,6.352747104363087e-22,641.0871021815841
1.5749682036079273,7.1419160659809695e-06,8.790406276767432e-06,0.9992793898880972,-4.080595890804831e-05,-4.080595890804831e-05,1.104957991115586e-05,8.742556902666406e-06,8.742556902666406e-06,2.266797431619453e-06,1.6484902107864631e-06,1.6484902107864627e-06,0.9993057611069275,-5.64433380097858e-06,-5.64433380097858e-06,4.235164736227509e-22,638.1845455040469
1.5772707887009214,7.145019542934219e-06,8.791580120919424e-06,0.9992785541647092,-4.079516116542735e-05,-4.079516116542735e-05,1.1054486012720343e-05,8.744171271509717e-06,8.744171271509717e-06,2.254900028549466e-06,1.6465605779852055e-06,1.6465605779852053e-06,0.9993049289050719,-5.628840681749652e-06,-5.628840681749652e-06,2.1175823680919305e-22,635.2949299775024
1.5795733737939155,7.148106746744911e-06,8.792732651609579e-06,0.9992777208855016,-4.078461874747957e-05,-4.078461874747957e-05,1.1059366671820279e-05,8.745769698248217e-06,8.745769698248217e-06,2.243027935310706e-06,1.644625904864668e-06,1.6446259048646676e-06,0.9993040990834564,-5.613688141041256e-06,-5.613688141041256e-06,4.235164736227854e-22,632.4182006123883
1.5818759588869096,7.151177711291377e-06,8.793863928473025e-06,0.9992768900474607,-4.077433191358734e-05,-4.077433191358734e-05,1.1064221935131576e-05,8.747352047102932e-06,8.747352047102932e-06,2.231181105214542e-06,1.6426862171816484e-06,1.6426862171816477e-06,0.9993032716392461,-5.59887619969524e-06,-5.59887619969524e-06,6.352747104363776e-22,629.5543026215549
1.5841785439799034,7.154232470395011e-06,8.79497401103622e-06,0.9992760616475466,-4.076430080924168e-05,-4.076430080924168e-05,1.1069051849284125e-05,8.748918181821822e-06,8.748918181821822e-06,2.2193594916780605e-06,1.640741540641209e-06,1.6407415406412087e-06,0.9993024465695797,-5.584404765096805e-06,-5.584404765096805e-06,2.1175823680924459e-22,626.703181419891
1.5864811290728975,7.1572710578203705e-06,8.796062958717052e-06,0.9992752356826922,-4.075452546782005e-05,-4.075452546782005e-05,1.1073856460861808e-05,8.750467965743654e-06,8.750467965743654e-06,2.207563048223766e-06,1.6387919008966823e-06,1.638791900896681e-06,0.9993016238715683,-5.570273632951844e-06,-5.570273632951844e-06,1.2705494208771371e-21,623.8647826239509
1.5887837141658916,7.160293507275263e-06,8.797130830824941e-06,0.9992744121498043,-4.074500581237684e-05,-4.074500581237684e-05,1.1078635816402498e-05,8.752001261860977e-06,8.752001261860977e-06,2.1957917284793227e-06,1.636837323549677e-06,1.636837323549678e-06,0.9993008035422968,-5.556482489077079e-06,-5.556482489077079e-06,-8.470329472585968e-22,621.0390520515701
1.5910862992588857,7.163299852410848e-06,8.798177686560948e-06,0.9992735910457639,-4.073574165744577e-05,-4.073574165744577e-05,1.1083389962398052e-05,8.753517932882218e-06,8.753517932882218e-06,2.1840454861772575e-06,1.6348778341501e-06,1.6348778341501002e-06,0.9992999855788235,-5.543030911201981e-06,-5.543030911201981e-06,-2.1175823681785454e-22,618.2259357214864
1.5933888843518798,7.166290126821722e-06,8.799203585017871e-06,0.9992727723674257,-4.0726732710852924e-05,-4.0726732710852924e-05,1.1088118945294325e-05,8.755017841292881e-06,8.755017841292881e-06,2.1723242751546958e-06,1.6329134581961501e-06,1.6329134581961487e-06,0.9992991699781808,-5.529918370781441e-06,-5.529918370781441e-06,1.4823076576907632e-21,615.425379852946
1.5956914694448738,7.169264364046021e-06,8.80020858518035e-06,0.9992719561116196,-4.071797857553926e-05,-4.071797857553926e-05,1.1092822811491157e-05,8.756500849415829e-06,8.756500849415829e-06,2.160628049353086e-06,1.6309442211343288e-06,1.6309442211343286e-06,0.9992983567373751,-5.517144234817864e-06,-5.517144234817864e-06,2.117582368093294e-22,612.6373308653133
1.597994054537868,7.17222259756551e-06,8.801192745924972e-06,0.9992711422751496,-4.0709478751391876e-05,-4.0709478751391876e-05,1.1097501607342379e-05,8.757966819470665e-06,8.757966819470665e-06,2.1489567628179007e-06,1.6289701483594623e-06,1.6289701483594618e-06,0.9992975458533874,-5.5047077676919886e-06,-5.5047077676919886e-06,4.235164736229213e-22,609.8617353776748
1.6002966396308618,7.175164860805674e-06,8.802156126020366e-06,0.9992703308547951,-4.07012326370826e-05,-4.07012326370826e-05,1.1102155379155814e-05,8.759415613632187e-06,8.759415613632187e-06,2.137310369698397e-06,1.6269912652146913e-06,1.6269912652146913e-06,0.9992967373231731,-5.492608133001138e-06,-5.492608133001138e-06,-4.2121307220489515e-33,607.0985402084377
1.6025992247238559,7.17809118713582e-06,8.803098784127308e-06,0.9992695218473109,-4.069323953191314e-05,-4.069323953191314e-05,1.1106784173193262e-05,8.760847094087921e-06,8.760847094087921e-06,2.1256888242473026e-06,1.6250075969914884e-06,1.6250075969914882e-06,0.9992959311436632,-5.480844395403908e-06,-5.480844395403908e-06,2.1175823680937965e-22,604.347692374926
1.60490180981685,7.181001609869162e-06,8.804020778798828e-06,0.999268715249427,-4.068549863766584e-05,-4.068549863766584e-05,1.1111388035670515e-05,8.762261123094713e-06,8.762261123094713e-06,2.1140920808205728e-06,1.6230191689296661e-06,1.6230191689296657e-06,0.9992951273117634,-5.469415522470528e-06,-5.469415522470528e-06,4.235164736229714e-22,601.6091390929718
1.607204394909844,7.183896162262921e-06,8.804922168480299e-06,0.9992679110578497,-4.067800906045883e-05,-4.067800906045883e-05,1.1115967012757337e-05,8.763657563034395e-06,8.763657563034395e-06,2.1025200938771053e-06,1.621026006217377e-06,1.6210260062173782e-06,0.9992943258243552,-5.458320386537634e-06,-5.458320386537634e-06,-1.2705494208856127e-21,598.8828277765055
1.609506980002838,7.186774877518414e-06,8.805803011509544e-06,0.9992671092692611,-4.06707698126049e-05,-4.06707698126049e-05,1.1120521150577473e-05,8.76503627646851e-06,8.76503627646851e-06,2.090972817978466e-06,1.619028133991131e-06,1.6190281339911306e-06,0.9992935266782956,-5.447557766566722e-06,-5.447557766566722e-06,4.2351647362300453e-22,596.1687060371365
1.6118095650958322,7.189637788781148e-06,8.806663366116939e-06,0.99926630988032,-4.0663779814473e-05,-4.0663779814473e-05,1.1125050495208632e-05,8.766397126192076e-06,8.766397126192076e-06,2.0794502077886292e-06,1.6170255773357919e-06,1.6170255773357908e-06,0.9992927298704183,-5.437126350005242e-06,-5.437126350005242e-06,1.0587911840637463e-21,593.4667216837395
1.614112150188826,7.19248492914092e-06,8.807503290425505e-06,0.9992655128876613,-4.0657037896351564e-05,-4.0657037896351564e-05,1.1129555092682494e-05,8.767739975286433e-06,8.767739975286433e-06,2.0679522180736788e-06,1.6150183612845842e-06,1.615018361284585e-06,0.9992919353975326,-5.427024734649544e-06,-5.427024734649544e-06,-8.47032947258413e-22,590.7768227220296
1.6164147352818201,7.195316331631902e-06,8.808322842451018e-06,0.9992647182878975,-4.065054280031271e-05,-4.065054280031271e-05,1.1134034988984699e-05,8.769064687171101e-06,8.769064687171101e-06,2.056478803701574e-06,1.613006510819116e-06,1.6130065108191153e-06,0.9992911432564249,-5.417251430508642e-06,-5.417251430508642e-06,6.352747104366289e-22,588.0989573541345
1.6187173203748142,7.198132029232738e-06,8.809122080102099e-06,0.9992639260776177,-4.064429318207643e-05,-4.064429318207643e-05,1.1138490230054834e-05,8.770371125654716e-06,8.770371125654716e-06,2.0450299196418635e-06,1.6109900508693616e-06,1.6109900508693603e-06,0.999290353443858,-5.407804861668034e-06,-5.407804861668034e-06,1.2705494208773705e-21,585.4330739781707
1.6210199054678083,7.200932054866638e-06,8.809901061180319e-06,0.9992631362533887,-4.063828761287413e-05,-4.063828761287413e-05,1.1142920861786441e-05,8.771659154984994e-06,8.771659154984994e-06,2.0336055209654113e-06,1.6089690063136804e-06,1.6089690063136806e-06,0.9992895659565723,-5.398683368152855e-06,-5.398683368152855e-06,-2.1175823681763886e-22,582.7791211878078
1.6233224905608024,7.203716441401468e-06,8.810659843380295e-06,0.9992623488117549,-4.063252458131042e-05,-4.063252458131042e-05,1.1147326930026996e-05,8.772928639897734e-06,8.772928639897734e-06,2.0222055628441437e-06,1.6069434019788275e-06,1.606943401978827e-06,0.999288780791285,-5.3898852077892366e-06,-5.3898852077892366e-06,4.235164736231026e-22,580.1370477718342
1.6256250756537964,7.20648522164985e-06,8.811398484289795e-06,0.9992615637492387,-4.062700249522256e-05,-4.062700249522256e-05,1.115170848057791e-05,8.774179445664883e-06,8.774179445664883e-06,2.0108300005507657e-06,1.6049132626399445e-06,1.604913262639945e-06,0.9992879979446916,-5.381408558063379e-06,-5.381408558063379e-06,-4.2351647363118155e-22,577.5068027137177
1.6279276607467905,7.209238428369246e-06,8.812117041389828e-06,0.9992607810623405,-4.0621719683536706e-05,-4.0621719683536706e-05,1.115606555919452e-05,8.775411438141628e-06,8.775411438141628e-06,1.9994787894585177e-06,1.602878613020583e-06,1.6028786130205818e-06,0.9992872174134647,-5.373251517977396e-06,-5.373251517977396e-06,1.2705494208774352e-21,574.8883351911666
1.6302302458397844,7.211976094262058e-06,8.81281557205475e-06,0.9992600007475395,-4.0616674398120274e-05,-4.0616674398120274e-05,1.1160398211586074e-05,8.776624483812521e-06,8.776624483812521e-06,1.988151885040889e-06,1.600839477792692e-06,1.6008394777926923e-06,0.9992864391942556,-5.365412109901272e-06,-5.365412109901272e-06,-4.235164736311494e-22,572.281594575683
1.6325328309327785,7.2146982519757195e-06,8.813494133552362e-06,0.9992592228012932,-4.061186481562951e-05,-4.061186481562951e-05,1.116470648341573e-05,8.777818449836669e-06,8.777818449836669e-06,1.9768492428713694e-06,1.5987958815766425e-06,1.5987958815766427e-06,0.9992856632836938,-5.3578882814200616e-06,-5.3578882814200616e-06,-2.1175823681755827e-22,569.6865304321169
1.6348354160257725,7.217404934102786e-06,8.814152783044002e-06,0.9992584472200382,-4.060728903935184e-05,-4.060728903935184e-05,1.1168990420300542e-05,8.778993204091943e-06,8.778993204091943e-06,1.9655708186231788e-06,1.5967478489412163e-06,1.5967478489412165e-06,0.9992848896783874,-5.35067790717583e-06,-5.35067790717583e-06,-2.1175823681754233e-22,567.1030925182152
1.6371380011187666,7.22009617318103e-06,8.81479157758465e-06,0.9992576740001905,-4.060294510104201e-05,-4.060294510104201e-05,1.1173250067811452e-05,8.780148615218246e-06,8.780148615218246e-06,1.9543165680690015e-06,1.594695404403619e-06,1.5946954044036197e-06,0.9992841183749233,-5.343778790703414e-06,-5.343778790703414e-06,-6.352747104446766e-22,564.5312307841704
1.6394405862117607,7.222772001693533e-06,8.815410574123026e-06,0.9992569031381452,-4.059883096275156e-05,-4.059883096275156e-05,1.117748547147328e-05,8.781284552659828e-06,8.781284552659828e-06,1.9430864470807385e-06,1.592638572429491e-06,1.5926385724294927e-06,0.9992833493698675,-5.337188666259461e-06,-5.337188666259461e-06,-1.694065894512536e-21,561.9708953721644
1.6417431713047548,7.225432452068781e-06,8.816009829501684e-06,0.9992561346302772,-4.059494451865086e-05,-4.059494451865086e-05,1.1181696676764714e-05,8.782400886706621e-06,8.782400886706621e-06,1.9318804116292373e-06,1.5905773774329031e-06,1.5905773774329034e-06,0.9992825826597657,-5.330905200644121e-06,-5.330905200644121e-06,-2.1175823681749475e-22,559.422036615909
1.6440457563977486,7.228077556680751e-06,8.816589400457114e-06,0.9992553684729413,-4.059128359684308e-05,-4.059128359684308e-05,1.1185883729118295e-05,8.783497488534667e-06,8.783497488534667e-06,1.9206984177840215e-06,1.5885118437763633e-06,1.5885118437763633e-06,0.9992818182411426,-5.3249259950146266e-06,-5.3249259950146266e-06,-3.903927427636597e-33,556.8846050401888
1.6463483414907427,7.230707347849011e-06,8.81714934361984e-06,0.9992546046624726,-4.0587845961169655e-05,-4.0587845961169655e-05,1.1190046673920415e-05,8.784574230245554e-06,8.784574230245554e-06,1.909540421713069e-06,1.5864419957708277e-06,1.5864419957708285e-06,0.9992810561105034,-5.319248586690296e-06,-5.319248586690296e-06,-8.470329472581887e-22,554.3585513603944
1.6486509265837368,7.233321857838808e-06,8.817689715514511e-06,0.9992538431951866,-4.0584629313006244e-05,-4.0584629313006244e-05,1.1194185556511293e-05,8.78563098490494e-06,8.78563098490494e-06,1.8984063796824998e-06,1.584367857675701e-06,1.584367857675703e-06,0.9992802962643331,-5.313870450948199e-06,-5.313870450948199e-06,-1.9058241313260483e-21,551.8438264820581
1.6509535116767309,7.235921118861161e-06,8.818210572560012e-06,0.9992530840673792,-4.0581631293049184e-05,-4.0581631293049184e-05,1.1198300422184978e-05,8.786667626580114e-06,8.786667626580114e-06,1.8872962480563646e-06,1.5822894536988518e-06,1.5822894536988511e-06,0.9992795386990969,-5.308789002809136e-06,-5.308789002809136e-06,6.352747104368682e-22,549.3403815003875
1.653256096769725,7.238505163072953e-06,8.81871197106955e-06,0.9992523272753275,-4.0578849483091295e-05,-4.0578849483091295e-05,1.120239131618932e-05,8.78768403037663e-06,8.78768403037663e-06,1.8762099832963858e-06,1.5802068079965967e-06,1.5802068079965965e-06,0.9992787834112408,-5.304001598813098e-06,-5.304001598813098e-06,2.1175823680973366e-22,546.8481676997941
1.655558681862719,7.241074022577025e-06,8.819193967250756e-06,0.9992515728152895,-4.0576281407786944e-05,-4.0576281407786944e-05,1.1206458283725975e-05,8.788680072474004e-06,8.788680072474004e-06,1.8651475419616612e-06,1.5781199446737303e-06,1.5781199446737305e-06,0.9992780303971913,-5.299505538783922e-06,-5.299505538783922e-06,-2.1175823681740104e-22,544.3671365534196
1.6578612669557131,7.243627729422269e-06,8.819656617205784e-06,0.9992508206835047,-4.0573924536405576e-05,-4.0573924536405576e-05,1.1210501369950376e-05,8.78965563016048e-06,8.78965563016048e-06,1.8541088807084528e-06,1.5760288877835153e-06,1.576028887783515e-06,0.9992772796533563,-5.295298067582439e-06,-5.295298067582439e-06,4.2351647362333964e-22,541.8972397226628
1.660163852048707,7.2461663156037186e-06,8.820099976931412e-06,0.999250070876194,-4.05717762845734e-05,-4.05717762845734e-05,1.1214520619971736e-05,8.790610581866867e-06,8.790610581866867e-06,1.8430939562899236e-06,1.573933661327694e-06,1.5739336613276937e-06,0.9992765311761248,-5.291376376847753e-06,-5.291376376847753e-06,4.23516473623355e-22,539.4384290567031
1.662466437141701,7.24868981306264e-06,8.820524102319129e-06,0.9992493233895604,-4.0569834016002586e-05,-4.0569834016002586e-05,1.1218516078853021e-05,8.79154480719947e-06,8.79154480719947e-06,1.832102725555866e-06,1.5718342892564893e-06,1.5718342892564893e-06,0.9992757849618674,-5.2877376067260695e-06,-5.2877376067260695e-06,-3.7797804337873784e-33,536.990656592019
1.6647690222346951,7.251198253686626e-06,8.820929049155243e-06,0.9992485782197887,-4.056809504420755e-05,-4.056809504420755e-05,1.1222487791610947e-05,8.792458186972087e-06,8.792458186972087e-06,1.821135145452476e-06,1.5697307954686172e-06,1.5697307954686172e-06,0.9992750410069362,-5.284378847586581e-06,-5.284378847586581e-06,-3.7644931987657e-33,534.5538745519108
1.6670716073276892,7.253691669309687e-06,8.821314873120977e-06,0.9992478353630462,-4.056655663420806e-05,-4.056655663420806e-05,1.1226435803215955e-05,8.793350603237112e-06,8.793350603237112e-06,1.8101911730220748e-06,1.5676232038112903e-06,1.5676232038112903e-06,0.9992742993076655,-5.281297141724148e-06,-5.281297141724148e-06,-3.749257058285142e-33,532.1280353460147
1.6693741924206833,7.256170091712345e-06,8.821681629792564e-06,0.9992470948154826,-4.056521600421835e-05,-4.056521600421835e-05,1.1230360158592216e-05,8.794221939315717e-06,8.794221939315717e-06,1.799270765402894e-06,1.565511538080219e-06,1.5655115380802198e-06,0.9992735598603719,-5.278489485048095e-06,-5.278489485048095e-06,-8.470329472580345e-22,529.7130915698195
1.6716767775136774,7.258633552621723e-06,8.822029374641347e-06,0.9992463565732302,-4.056407032732231e-05,-4.056407032732231e-05,1.1234260902617591e-05,8.79507207982716e-06,8.79507207982716e-06,1.7883738798287873e-06,1.563395822019624e-06,1.5633958220196237e-06,0.9992728226613542,-5.275952828756921e-06,-5.275952828756921e-06,4.235164736234313e-22,527.308996004179
1.6739793626066712,7.2610820837116366e-06,8.822358163033875e-06,0.9992456206324047,-4.056311673313387e-05,-4.056311673313387e-05,1.123813808012364e-05,8.795900910717177e-06,8.795900910717177e-06,1.7775004736290196e-06,1.561276079322239e-06,1.5612760793222384e-06,0.9992720877068938,-5.273684080998372e-06,-5.273684080998372e-06,6.352747104370214e-22,524.9157016148242
1.6762819476996653,7.263515716602689e-06,8.822668050232002e-06,0.9992448869891046,-4.056235230944262e-05,-4.056235230944262e-05,1.12419917358956e-05,8.796708319285505e-06,8.796708319285505e-06,1.7666505042279795e-06,1.5591523336293125e-06,1.5591523336293125e-06,0.9992713549932554,-5.271680108514615e-06,-5.271680108514615e-06,-3.6888217705811294e-33,522.5331615518719
1.6785845327926594,7.26593448286236e-06,8.822959091392991e-06,0.9992441556394118,-4.056177410384399e-05,-4.056177410384399e-05,1.1245821914672363e-05,8.797494194212519e-06,8.797494194212519e-06,1.7558239291449732e-06,1.5570246085306316e-06,1.5570246085306314e-06,0.999270624516686,-5.2699377382720225e-06,-5.2699377382720225e-06,2.1175823680990127e-22,520.1613291493351
1.6808871178856535,7.268338414005097e-06,8.823231341569599e-06,0.9992434265793922,-4.056137912535379e-05,-4.056137912535379e-05,1.1249628661146468e-05,8.798258425584994e-06,8.798258425584994e-06,1.7450207059939483e-06,1.5548929275645026e-06,1.5548929275645021e-06,0.999269896273417,-5.268453759075396e-06,-5.268453759075396e-06,4.235164736234913e-22,517.8001579246248
1.6831897029786476,7.270727541492407e-06,8.823484855710187e-06,0.9992426998050952,-4.056116434600684e-05,-4.056116434600684e-05,1.1253412019964086e-05,8.799000904921019e-06,8.799000904921019e-06,1.734240792483269e-06,1.5527573142177802e-06,1.5527573142177804e-06,0.9992691702596623,-5.267224923166093e-06,-5.267224923166093e-06,-2.117582368172191e-22,515.4496015780599
1.6854922880716416,7.273101896732951e-06,8.823719688658813e-06,0.9992419753125543,-4.056112670243917e-05,-4.056112670243917e-05,1.125717203572501e-05,8.799721525194028e-06,8.799721525194028e-06,1.7234841464154618e-06,1.550617791925863e-06,1.550617791925862e-06,0.9992684464716203,-5.266247947803917e-06,-5.266247947803917e-06,1.0587911840642462e-21,513.1096139923675
1.6877948731646355,7.275461511082632e-06,8.823935895155335e-06,0.9992412530977877,-4.056126309745364e-05,-4.056126309745364e-05,1.1260908752982626e-05,8.800420180856008e-06,8.800420180856008e-06,1.7127507256869755e-06,1.5484743840727033e-06,1.5484743840727024e-06,0.9992677249054731,-5.265519516832302e-06,-5.265519516832302e-06,8.47032947250686e-22,510.7801492321843
1.6900974582576296,7.277806415844687e-06,8.824133529835498e-06,0.9992405331567975,-4.056157040156876e-05,-4.056157040156876e-05,1.1264622216243909e-05,8.801096767859841e-06,8.801096767859841e-06,1.7020404882879282e-06,1.5463271139908114e-06,1.5463271139908112e-06,0.999267005557387,-5.2650362822267665e-06,-5.2650362822267665e-06,2.1175823680997537e-22,508.4611615435589
1.6924000433506237,7.280136642269778e-06,8.824312647231047e-06,0.999239815485571,-4.056204545455016e-05,-4.056204545455016e-05,1.1268312469969407e-05,8.801751183680835e-06,8.801751183680835e-06,1.6913533923018871e-06,1.5441760049612689e-06,1.544176004961269e-06,0.9992662884235126,-5.264794865625972e-06,-5.264794865625972e-06,-2.117582368171601e-22,506.15260535344635
1.6947026284436177,7.282452221556084e-06,8.824473301769822e-06,0.9992391000800802,-4.056268506692482e-05,-4.056268506692482e-05,1.127197955857322e-05,8.802383327337408e-06,8.802383327337408e-06,1.6806893959056222e-06,1.5420210802137365e-06,1.5420210802137378e-06,0.9992655734999856,-5.264791859845533e-06,-5.264791859845533e-06,-1.2705494208850208e-21,503.85443526921114
1.6970052135366118,7.2847531848493925e-06,8.824615547775844e-06,0.9992383869362825,-4.05634860214775e-05,-4.05634860214775e-05,1.127562352642299e-05,8.802993099410964e-06,8.802993099410964e-06,1.6700484573688481e-06,1.5398623629264507e-06,1.5398623629264515e-06,0.9992648607829259,-5.265023830374121e-06,-5.265023830374121e-06,-8.470329472578562e-22,501.56660607811847
1.699307798629606,7.2870395632431886e-06,8.824739439469435e-06,0.9992376760501204,-4.0564445074729316e-05,-4.0564445074729316e-05,1.1279244417839878e-05,8.803580402064965e-06,8.803580402064965e-06,1.6594305350540135e-06,1.5376998762262456e-06,1.5376998762262464e-06,0.9992641502684387,-5.265487316851576e-06,-5.265487316851576e-06,-8.470329472578417e-22,499.28907274683263
1.7016103837226,7.2893113877787466e-06,8.824845030967296e-06,0.9992369674175219,-4.056555895839825e-05,-4.056555895839825e-05,1.1282842277098561e-05,8.804145139063188e-06,8.804145139063188e-06,1.648835587416033e-06,1.5355336431885499e-06,1.5355336431885497e-06,0.9992634419526147,-5.2661788345290675e-06,-5.2661788345290675e-06,2.1175823681004832e-22,497.02179042090745
1.7039129688155938,7.291568689445223e-06,8.824932376282625e-06,0.9992362610344012,-4.056682438084127e-05,-4.056682438084127e-05,1.12864171484272e-05,8.8046872157872e-06,8.8046872157872e-06,1.6382635730020748e-06,1.5333636868374028e-06,1.5333636868374015e-06,0.99926273583153,-5.267094875710772e-06,-5.267094875710772e-06,1.2705494208779381e-21,494.76471442428004
1.706215553908588,7.293811499179745e-06,8.825001529325202e-06,0.9992355568966581,-4.056823802847802e-05,-4.056823802847802e-05,1.128996907600744e-05,8.805206539253048e-06,8.805206539253048e-06,1.6277144504513222e-06,1.531190030145458e-06,1.531190030145457e-06,0.9992620319012461,-5.26823191117721e-06,-5.26823191117721e-06,1.0587911840643775e-21,492.51780025876195
1.708518139001582,7.296039847867501e-06,8.825052543901495e-06,0.9992348550001788,-4.056979656719578e-05,-4.056979656719578e-05,1.1293498103974381e-05,8.805703018127172e-06,8.805703018127172e-06,1.6171881784947194e-06,1.5290126960339938e-06,1.5290126960339944e-06,0.9992613301578105,-5.269586391589799e-06,-5.269586391589799e-06,-6.352747104442089e-22,490.28100360352965
1.710820724094576,7.29825376634183e-06,8.825085473714762e-06,0.9992341553408357,-4.0571496643735646e-05,-4.0571496643735646e-05,1.1297004276416571e-05,8.806176562741553e-06,8.806176562741553e-06,1.6066847159547645e-06,1.5268317073729317e-06,1.526831707372932e-06,0.9992606305972569,-5.2711547488766e-06,-5.2711547488766e-06,-2.1175823681704444e-22,488.0542803146132
1.7131233091875702,7.300453285384317e-06,8.825100372365143e-06,0.9992334579144881,-4.057333488705968e-05,-4.057333488705968e-05,1.1300487637375986e-05,8.806627085108106e-06,8.806627085108106e-06,1.596204021745251e-06,1.524647086980825e-06,1.5246470869808257e-06,0.9992599332156052,-5.272933397599107e-06,-5.272933397599107e-06,-6.352747104441805e-22,485.83758642438374
1.7154258942805642,7.302638435724879e-06,8.825097293349766e-06,0.9992327627169818,-4.057530790969897e-05,-4.057530790969897e-05,1.1303948230848015e-05,8.80705449893232e-06,8.80705449893232e-06,1.58574605487105e-06,1.5224588576248869e-06,1.522458857624887e-06,0.9992592380088618,-5.274918736299905e-06,-5.274918736299905e-06,-2.1175823681701604e-22,483.63087814104136
1.717728479373558,7.3048092480418566e-06,8.825076290062847e-06,0.9992320697441499,-4.0577412309082426e-05,-4.0577412309082426e-05,1.1307386100781443e-05,8.807458719626166e-06,8.807458719626166e-06,1.575310774427884e-06,1.5202670420209905e-06,1.5202670420209905e-06,0.9992585449730201,-5.2771071488310375e-06,-5.2771071488310375e-06,-3.4268135323629175e-33,481.4341118481012
1.7200310644665522,7.306965752962104e-06,8.825037415795786e-06,0.9992313789918125,-4.057964466884623e-05,-4.057964466884623e-05,1.1310801291078439e-05,8.80783966432028e-06,8.80783966432028e-06,1.5648981396020689e-06,1.518071662833681e-06,1.5180716628336818e-06,0.9992578541040599,-5.279495005663088e-06,-5.279495005663088e-06,-8.47032947257713e-22,479.2472441038756
1.7223336495595463,7.309107981061082e-06,8.824980723737273e-06,0.999230690455777,-4.058200156012381e-05,-4.058200156012381e-05,1.1314193845594533e-05,8.808197251875418e-06,8.808197251875418e-06,1.5545081096703215e-06,1.5158727426761912e-06,1.5158727426761904e-06,0.9992571653979482,-5.282078665174717e-06,-5.282078665174717e-06,8.4703294725090175e-22,477.07023164096415
1.7246362346525403,7.311235962862942e-06,8.824906266973386e-06,0.9992300041318386,-4.058447954281626e-05,-4.058447954281626e-05,1.1317563808138606e-05,8.808531402893197e-06,8.808531402893197e-06,1.5441406439994988e-06,1.513670304110443e-06,1.513670304110444e-06,0.9992564788506395,-5.284854474922715e-06,-5.284854474922715e-06,-1.0587911840712601e-21,474.90303136573317
1.7269388197455344,7.3133497288406225e-06,8.82481409848769e-06,0.9992293200157802,-4.0587075166843164e-05,-4.0587075166843164e-05,1.1320911222472872e-05,8.80884203972616e-06,8.80884203972616e-06,1.533795702046388e-06,1.5114643696470685e-06,1.5114643696470668e-06,0.9992557944580757,-5.287818772892407e-06,-5.287818772892407e-06,1.6940658945052297e-21,472.74560035779876
1.7292414048385285,7.315449309415935e-06,8.824704271161338e-06,0.9992286381033729,-4.0589784973373656e-05,-4.0589784973373656e-05,1.1324236132312861e-05,8.809129086487122e-06,8.809129086487122e-06,1.5234732433574764e-06,1.5092549617454033e-06,1.509254961745403e-06,0.9992551122161865,-5.290967888728304e-06,-5.290967888728304e-06,2.117582368102182e-22,470.5978958695091
1.7315439899315224,7.317534734959655e-06,8.824576837773181e-06,0.9992279583903757,-4.059260549603779e-05,-4.059260549603779e-05,1.132753858132741e-05,8.809392469057854e-06,8.809392469057854e-06,1.513173227568717e-06,1.507042102813524e-06,1.5070421028135258e-06,0.999254432120889,-5.294298144945066e-06,-5.294298144945066e-06,-1.6940658945119436e-21,468.4598753254268
1.7338465750245164,7.3196060357916134e-06,8.824431850999853e-06,0.9992272808725362,-4.059553326211801e-05,-4.059553326211801e-05,1.1330818613138632e-05,8.809632115097094e-06,8.809632115097094e-06,1.5028956144053144e-06,1.5048258152082383e-06,1.5048258152082394e-06,0.9992537541680893,-5.297805858118598e-06,-5.297805858118598e-06,-1.0587911840712048e-21,466.33149632180795
1.7361491601175105,7.321663242180784e-06,8.824269363415891e-06,0.9992266055455903,-4.059856479372089e-05,-4.059856479372089e-05,1.1334076271321919e-05,8.809847954047888e-06,8.809847954047888e-06,1.492640363681489e-06,1.5026061212351079e-06,1.502606121235107e-06,0.9992530783536805,-5.301487340057329e-06,-5.301487340057329e-06,8.470329472509849e-22,464.21271662608314
1.7384517452105046,7.323706384345372e-06,8.824089427493823e-06,0.9992259324052627,-4.060169660892891e-05,-4.060169660892891e-05,1.1337311599405912e-05,8.810039917144289e-06,8.810039917144289e-06,1.482407435300266e-06,1.5003830431484509e-06,1.5003830431484506e-06,0.9992524046735451,-5.305338898953623e-06,-5.305338898953623e-06,2.1175823681027329e-22,462.1034941763377
1.7407543303034987,7.325735492452909e-06,8.823892095604275e-06,0.9992252614472674,-4.060492522293236e-05,-4.060492522293236e-05,1.134052464087249e-05,8.810207937417414e-06,8.810207937417414e-06,1.4721967892532446e-06,1.4981566031513662e-06,1.4981566031513662e-06,0.9992517331235542,-5.309356840515259e-06,-5.309356840515259e-06,-3.2881506764051126e-33,460.0037870807866
1.7430569153964928,7.327750596620335e-06,8.823677420016078e-06,0.999224592667307,-4.0608247149141296e-05,-4.0608247149141296e-05,1.1343715439156758e-05,8.810351949700874e-06,8.810351949700874e-06,1.4620083856203724e-06,1.4959268233957435e-06,1.495926823395743e-06,0.9992510636995671,-5.313537469076984e-06,-5.313537469076984e-06,4.2351647362387567e-22,457.91355361725687
1.7453595004894868,7.329751726914095e-06,8.823445452896361e-06,0.999223926061074,-4.06116589002777e-05,-4.06116589002777e-05,1.1346884037647027e-05,8.810471890635566e-06,8.810471890635566e-06,1.4518421845697283e-06,1.4936937259822664e-06,1.4936937259822658e-06,0.9992503963974327,-5.317877088692253e-06,-5.317877088692253e-06,6.352747104374642e-22,455.83275223266526
1.7476620855824807,7.331738913350223e-06,8.823196246310658e-06,0.9992232616242498,-4.061515698944763e-05,-4.061515698944763e-05,1.1350030479684799e-05,8.810567698673876e-06,8.810567698673876e-06,1.4416981463573163e-06,1.4914573329604357e-06,1.4914573329604353e-06,0.9992497312129888,-5.322372004204995e-06,-5.322372004204995e-06,4.2351647362390265e-22,453.7613415424919
1.7499646706754748,7.333712185894434e-06,8.822929852223015e-06,0.9992225993525058,-4.061873793119353e-05,-4.061873793119353e-05,1.1353154808564755e-05,8.81063931408327e-06,8.81063931408327e-06,1.431576231326815e-06,1.4892176663285819e-06,1.4892176663285814e-06,0.9992490681420625,-5.327018522301468e-06,-5.327018522301468e-06,4.235164736239161e-22,451.6992803302606
1.7522672557684689,7.335671574462211e-06,8.822646322496092e-06,0.9992219392415033,-4.0622398242526655e-05,-4.0622398242526655e-05,1.1356257067534736e-05,8.810686678949291e-06,8.810686678949291e-06,1.4214763999093942e-06,1.486974748033882e-06,1.486974748033881e-06,0.9992484071804707,-5.3318129525422865e-06,-5.3318129525422865e-06,8.470329472510797e-22,449.6465275470147
1.754569840861463,7.337617108918897e-06,8.822345708891257e-06,0.9992212812868936,-4.06261344439397e-05,-4.06261344439397e-05,1.1359337299795725e-05,8.81070973717799e-06,8.81070973717799e-06,1.4113986126234637e-06,1.484728599972359e-06,1.4847285999723596e-06,0.9992477483240203,-5.336751608374671e-06,-5.336751608374671e-06,-6.352747104439326e-22,447.6030423107924
1.756872425954457,7.339548819079782e-06,8.822028063068702e-06,0.999220625484318,-4.062994306039961e-05,-4.062994306039961e-05,1.1362395548501846e-05,8.810708434497763e-06,8.810708434497763e-06,1.4013428300744874e-06,1.4824792439889203e-06,1.4824792439889203e-06,0.9992470915685072,-5.3418308081247995e-06,-5.3418308081247995e-06,-3.193950024201909e-33,445.56878390610336
1.759175011047451,7.34146673471019e-06,8.821693436587542e-06,0.9992199718294085,-4.063382062232068e-05,-4.063382062232068e-05,1.1365431856760332e-05,8.810682718460658e-06,8.810682718460658e-06,1.3913090129547472e-06,1.480226701877352e-06,1.4802267018773517e-06,0.9992464369097183,-5.347046875970514e-06,-5.347046875970514e-06,4.235164736239695e-22,443.5437117834031
1.761477596140445,7.343370885525573e-06,8.821341880905915e-06,0.9992193203177876,-4.063776366651793e-05,-4.063776366651793e-05,1.1368446267631522e-05,8.810632538443097e-06,8.810632538443097e-06,1.3812971220431391e-06,1.4779709953803424e-06,1.4779709953803424e-06,0.9992457843434304,-5.352396142894271e-06,-5.352396142894271e-06,-3.167462836657526e-33,441.5277855585698
1.763780181233439,7.345261301191595e-06,8.820973447381097e-06,0.9992186709450684,-4.0641768737140844e-05,-4.0641768737140844e-05,1.1371438824128836e-05,8.810557845646089e-06,8.810557845646089e-06,1.3713071182049499e-06,1.475712146189502e-06,1.4757121461895015e-06,0.9992451338654106,-5.357874947616457e-06,-5.357874947616457e-06,4.2351647362399585e-22,439.52096501237787
1.7660827663264331,7.347138011324223e-06,8.820588187269597e-06,0.9992180237068551,-4.064583238658763e-05,-4.064583238658763e-05,1.1374409569218774e-05,8.810458593094892e-06,8.810458593094892e-06,1.3613389623916438e-06,1.4734501759453724e-06,1.4734501759453732e-06,0.9992444854714169,-5.363479637509244e-06,-5.363479637509244e-06,-8.470329472574414e-22,437.5232100899746
1.7683853514194272,7.349001045489814e-06,8.820186151727261e-06,0.9992173785987429,-4.06499511763999e-05,-4.06499511763999e-05,1.1377358545820886e-05,8.810334735638161e-06,8.810334735638161e-06,1.351392615640662e-06,1.4711851062374457e-06,1.4711851062374466e-06,0.9992438391571982,-5.369206569490858e-06,-5.369206569490858e-06,-8.470329472574285e-22,435.5344809003522
1.7706879365124213,7.350850433205205e-06,8.81976739180939e-06,0.9992167356163185,-4.0654121678138025e-05,-4.0654121678138025e-05,1.1380285796807777e-05,8.810186229946595e-06,8.810186229946595e-06,1.3414680390752076e-06,1.468916958604185e-06,1.4689169586041856e-06,0.9992431949184939,-5.375052110900463e-06,-5.375052110900463e-06,-6.352747104438403e-22,433.5547377158248
1.7729905216054154,7.352686203937799e-06,8.81933195847083e-06,0.9992160947551596,-4.065834047423711e-05,-4.065834047423711e-05,1.138319136500507e-05,8.810013034511059e-06,8.810013034511059e-06,1.331565193904023e-06,1.466645754533031e-06,1.4666457545330304e-06,0.999242552751035,-5.381012640353792e-06,-5.381012640353792e-06,6.352747104376232e-22,431.5839409715014
1.7752931066984095,7.354508387105658e-06,8.818879902566086e-06,0.9992154560108358,-4.0662604158843814e-05,-4.0662604158843814e-05,1.1386075293191414e-05,8.809815109640247e-06,8.809815109640247e-06,1.3216840414211937e-06,1.4643715154604285e-06,1.4643715154604285e-06,0.9992419126505435,-5.3870845485794695e-06,-5.3870845485794695e-06,-3.0891281402038864e-33,429.6220512647607
1.7775956917914033,7.356317012077585e-06,8.81841127484943e-06,0.9992148193789087,-4.0666909338634e-05,-4.0666909338634e-05,1.1388937624098454e-05,8.809592417457841e-06,8.809592417457841e-06,1.3118245430059306e-06,1.462094262771844e-06,1.4620942627718449e-06,0.9992412746127332,-5.39326423923628e-06,-5.39326423923628e-06,-8.470329472573766e-22,427.669029354725
1.7798982768843974,7.358112108173218e-06,8.817926125975e-06,0.9992141848549313,-4.0671252633611416e-05,-4.0671252633611416e-05,1.1391778400410827e-05,8.809344921899202e-06,8.809344921899202e-06,1.3019866601223671e-06,1.459814017801783e-06,1.459814017801783e-06,0.9992406386333093,-5.399548129711413e-06,-5.399548129711413e-06,-3.0633893664461174e-33,425.7248361617346
1.7822008619773915,7.359893704663111e-06,8.817424506496912e-06,0.9992135524344492,-4.067563067788742e-05,-4.067563067788742e-05,1.1394597664766142e-05,8.809072588707617e-06,8.809072588707617e-06,1.292170354319348e-06,1.457530801833801e-06,1.4575308018338009e-06,0.9992400047079687,-5.4059326518997745e-06,-5.4059326518997745e-06,2.1175823681052451e-22,423.78943276682116
1.7845034470703856,7.361661830768832e-06,8.816906466869368e-06,0.9992129221130001,-4.068004012044198e-05,-4.068004012044198e-05,1.1397395459754976e-05,8.808775385430074e-06,8.808775385430074e-06,1.2823755872302348e-06,1.4552446361005367e-06,1.4552446361005358e-06,0.9992393728324007,-5.412414252964507e-06,-5.412414252964507e-06,8.470329472512626e-22,421.86278041118396
1.7868060321633796,7.363416515663041e-06,8.816372057446756e-06,0.999212293886114,-4.068447762586593e-05,-4.068447762586593e-05,1.1400171827920847e-05,8.808453281412604e-06,8.808453281412604e-06,1.2726023205726805e-06,1.452955541783715e-06,1.4529555417837154e-06,0.9992387430022863,-5.418989396078908e-06,-5.418989396078908e-06,-4.235164736301752e-22,419.94484049566154
1.7891086172563737,7.365157788469582e-06,8.815821328483763e-06,0.9992116677493137,-4.0688939875084784e-05,-4.0688939875084784e-05,1.1402926811760217e-05,8.808106247795202e-06,8.808106247795202e-06,1.26285051614844e-06,1.4506635400141802e-06,1.4506635400141808e-06,0.9992381152132992,-5.425654561149731e-06,-5.425654561149731e-06,-6.352747104437377e-22,418.035574580209
1.7914112023493676,7.3668856782635734e-06,8.815254330135485e-06,0.9992110436981148,-4.069342356606403e-05,-4.069342356606403e-05,1.1405660453722465e-05,8.8077342575063e-06,8.8077342575063e-06,1.2531201358431637e-06,1.4483686518719123e-06,1.4483686518719114e-06,0.9992374894611051,-5.43240624552209e-06,-5.43240624552209e-06,8.470329472513006e-22,416.134944383369
1.7937137874423617,7.368600214071488e-06,8.814671112457526e-06,0.9992104217280257,-4.0697925414496254e-05,-4.0697925414496254e-05,1.1408372796209889e-05,8.807337285256858e-06,8.807337285256858e-06,1.2434111416261885e-06,1.4460708983860392e-06,1.4460708983860383e-06,0.9992368657413631,-5.4392409646661485e-06,-5.4392409646661485e-06,8.47032947251313e-22,414.24291178174826
1.7960163725353557,7.37030142487125e-06,8.814071725406116e-06,0.9992098018345479,-4.0702442154470044e-05,-4.0702442154470044e-05,1.1411063881577677e-05,8.806915307534027e-06,8.806915307534027e-06,1.2337234955503426e-06,1.4437703005348646e-06,1.4437703005348656e-06,0.9992362440497241,-5.4461552528455815e-06,-5.4461552528455815e-06,-1.0587911840708503e-21,412.3594388094927
1.7983189576283498,7.371989339592314e-06,8.813456218838215e-06,0.9992091840131762,-4.070697053912097e-05,-4.070697053912097e-05,1.141373375213391e-05,8.806468302594433e-06,8.806468302594433e-06,1.2240571597517447e-06,1.4414668792459006e-06,1.4414668792459008e-06,0.9992356243818327,-5.453145663768113e-06,-5.453145663768113e-06,-2.1175823681653733e-22,410.48448765776106
1.800621542721344,7.373663987115759e-06,8.81282464251162e-06,0.9992085682593989,-4.0711507341264686e-05,-4.0711507341264686e-05,1.1416382450139541e-05,8.805996250457076e-06,8.805996250457076e-06,1.2144120964495966e-06,1.4391606553958604e-06,1.4391606553958607e-06,0.9992350067333264,-5.460208771218207e-06,-5.460208771218207e-06,-2.117582368165249e-22,408.6180206742009
1.802924127814338,7.375325396274369e-06,8.812177046085076e-06,0.9992079545686976,-4.071604935401227e-05,-4.071604935401227e-05,1.1419010017808388e-05,8.80549913289584e-06,8.80549913289584e-06,1.204788267945989e-06,1.4368516498107084e-06,1.436851649810707e-06,0.9992343910998358,-5.467341169671968e-06,-5.467341169671968e-06,1.270549420878513e-21,406.76000036242266
1.805226712907332,7.376973595852727e-06,8.811513479118387e-06,0.9992073429365479,-4.072059339136821e-05,-4.072059339136821e-05,1.142161649730712e-05,8.804976933431664e-06,8.804976933431664e-06,1.195185636625703e-06,1.4345398832656606e-06,1.4345398832656604e-06,0.9992337774769853,-5.474539474894663e-06,-5.474539474894663e-06,2.1175823681064998e-22,404.9103893814768
1.807529298000326,7.378608614587297e-06,8.810833991072527e-06,0.999206733358419,-4.0725136288810804e-05,-4.0725136288810804e-05,1.1424201930755247e-05,8.804429637324326e-06,8.804429637324326e-06,1.1856041649560067e-06,1.4322253764852296e-06,1.4322253764852298e-06,0.9992331658603922,-5.481800324520696e-06,-5.481800324520696e-06,-2.1175823681648787e-22,403.06915054532794
1.80983188309332,7.380230481166514e-06,8.810138631309744e-06,0.9992061258297744,-4.0729674903855495e-05,-4.0729674903855495e-05,1.1426766360225109e-05,8.803857231563905e-06,8.803857231563905e-06,1.1760438154864756e-06,1.4299081501432303e-06,1.4299081501432297e-06,0.9992325562456683,-5.48912037861652e-06,-5.48912037861652e-06,6.352747104378247e-22,401.236246822332
1.812134468186314,7.381839224230869e-06,8.809427449093672e-06,0.9992055203460715,-4.073420611660102e-05,-4.073420611660102e-05,1.1429309827741866e-05,8.803259704861891e-06,8.803259704861891e-06,1.1665045508487628e-06,1.4275882248628042e-06,1.4275882248628023e-06,0.9992319486284188,-5.496496320226335e-06,-5.496496320226335e-06,1.9058241313192876e-21,399.4116413347117
1.8144370532793082,7.3834348723729975e-06,8.808700493589447e-06,0.9992049169027623,-4.07387268302588e-05,-4.07387268302588e-05,1.1431832375283482e-05,8.802637047641974e-06,8.802637047641974e-06,1.156986333756441e-06,1.4252656212164487e-06,1.4252656212164494e-06,0.999231343004243,-5.503924855901015e-06,-5.503924855901015e-06,-6.352747104436015e-22,397.59529735803414
1.8167396383723022,7.385017454137763e-06,8.807957813863813e-06,0.9992043154952929,-4.0743233971665534e-05,-4.0743233971665534e-05,1.1434334044780726e-05,8.8019892520305e-06,8.8019892520305e-06,1.147489127004789e-06,1.4229403597260505e-06,1.4229403597260503e-06,0.9992307393687344,-5.511402716210282e-06,-5.511402716210282e-06,2.1175823681071104e-22,395.787178320688
1.8190422234652963,7.386586998022348e-06,8.807199458885234e-06,0.9992037161191045,-4.074772449177927e-05,-4.074772449177927e-05,1.143681487811715e-05,8.801316311846628e-06,8.801316311846628e-06,1.1380128934705929e-06,1.4206124608628842e-06,1.4206124608628855e-06,0.9992301377174811,-5.518926656238332e-06,-5.518926656238332e-06,-1.2705494208843025e-21,393.9872478033593
1.8213448085582902,7.388143532476339e-06,8.806425477524005e-06,0.9992031187696327,-4.0752195366159074e-05,-4.0752195366159074e-05,1.1439274917129086e-05,8.800618222592192e-06,8.800618222592192e-06,1.1285575961119733e-06,1.4182819450476669e-06,1.4182819450476664e-06,0.9992295380460653,-5.5264934560630535e-06,-5.5264934560630535e-06,4.235164736243102e-22,392.1954695385112
1.8236473936512843,7.38968708590181e-06,8.805635918552367e-06,0.9992025234423082,-4.07566435954286e-05,-4.07566435954286e-05,1.1441714203605637e-05,8.79989498144124e-06,8.79989498144124e-06,1.1191231979681644e-06,1.4159488326505562e-06,1.4159488326505573e-06,0.9992289403500638,-5.534099921219131e-06,-5.534099921219131e-06,-1.0587911840707034e-21,390.4118074098597
1.8259499787442783,7.391217686653413e-06,8.804830830644618e-06,0.9992019301325565,-4.076106620572355e-05,-4.076106620572355e-05,1.1444132779288664e-05,8.799146587229312e-06,8.799146587229312e-06,1.109709662159359e-06,1.413613143991206e-06,1.413613143991205e-06,0.9992283446250485,-5.541742883145082e-06,-5.541742883145082e-06,1.0587911840650593e-21,388.6362254518563
1.8282525638372724,7.392735363038462e-06,8.804010262377219e-06,0.9992013388357989,-4.0765460249123305e-05,-4.0765460249123305e-05,1.1446530685872777e-05,8.798373040442442e-06,8.798373040442442e-06,1.1003169518864863e-06,1.4112748993387588e-06,1.4112748993387565e-06,0.999227750866586,-5.5494191996144306e-06,-5.5494191996144306e-06,2.3293406049465217e-21,386.8686878491628
1.8305551489302665,7.3942401433170215e-06,8.803174262228913e-06,0.9992007495474512,-4.076982280406704e-05,-4.076982280406704e-05,1.1448907965005334e-05,8.79757434320587e-06,8.79757434320587e-06,1.0909450304310331e-06,1.408934118911891e-06,1.4089341189118916e-06,0.9992271590702378,-5.55712575515139e-06,-5.55712575515139e-06,-6.352747104435175e-22,385.10915893613367
1.8328577340232606,7.395732055701988e-06,8.802322878580844e-06,0.9992001622629254,-4.077415097575426e-05,-4.077415097575426e-05,1.1451264658286417e-05,8.796750499272526e-06,8.796750499272526e-06,1.081593861154871e-06,1.4065908228788568e-06,1.4065908228788561e-06,0.9992265692315612,-5.564859461430881e-06,-5.564859461430881e-06,6.352747104379448e-22,383.3576031962951
1.8351603191162544,7.397211128359181e-06,8.801456159716656e-06,0.9991995769776287,-4.077844189653001e-05,-4.077844189653001e-05,1.1453600807268841e-05,8.795901514011222e-06,8.795901514011222e-06,1.0722634075000415e-06,1.4042450313574759e-06,1.4042450313574755e-06,0.9992259813461078,-5.572617257663385e-06,-5.572617257663385e-06,4.2351647362438146e-22,381.6139852618252
1.8374629042092485,7.398677389407427e-06,8.800574153822615e-06,0.9991989936869644,-4.0782692726255214e-05,-4.0782692726255214e-05,1.1455916453458137e-05,8.795027394394639e-06,8.795027394394639e-06,1.062953632988584e-06,1.4018967644151884e-06,1.4018967644151882e-06,0.9992253954094259,-5.580396110964752e-06,-5.580396110964752e-06,2.117582368108181e-22,379.8782699130354
1.8397654893022426,7.400130866918644e-06,8.799676908987725e-06,0.9991984123863314,-4.0786900652661906e-05,-4.0786900652661906e-05,1.1458211638312542e-05,8.79412814898706e-06,8.79412814898706e-06,1.0536645012223614e-06,1.3995460420690798e-06,1.3995460420690805e-06,0.9992248114170584,-5.588193016711007e-06,-5.588193016711007e-06,-6.3527471044347055e-22,378.1504220778538
1.8420680743952367,7.40157158891793e-06,8.798764473203837e-06,0.999197833071125,-4.079106289169387e-05,-4.079106289169387e-05,1.1460486403242999e-05,8.79320378793187e-06,8.79320378793187e-06,1.0443959758828383e-06,1.3971928842859075e-06,1.3971928842859075e-06,0.9992242293645446,-5.5960049988785206e-06,-5.5960049988785206e-06,-2.73366258839547e-33,376.4304068313046
1.8443706594882308,7.402999583383646e-06,8.797836894365768e-06,0.9991972557367361,-4.079517668783278e-05,-4.079517668783278e-05,1.1462740789613145e-05,8.792254322938844e-06,8.792254322938844e-06,1.0351480207309396e-06,1.3948373109821216e-06,1.3948373109821218e-06,0.9992236492474192,-5.603829110369709e-06,-5.603829110369709e-06,-2.1175823681629715e-22,374.718189394992
1.8466732445812248,7.404414878247504e-06,8.796894220271412e-06,0.9991966803785527,-4.079923931440994e-05,-4.079923931440994e-05,1.1464974838739304e-05,8.791279767271228e-06,8.791279767271228e-06,1.0259205996068399e-06,1.3924793420239078e-06,1.392479342023908e-06,0.9992230710612136,-5.61166243332429e-06,-5.61166243332429e-06,-2.117582368162856e-22,373.0137351365841
1.848975829674219,7.40581750139465e-06,8.795936498621855e-06,0.9991961069919586,-4.080324807390399e-05,-4.080324807390399e-05,1.1467188591890484e-05,8.790280135732606e-06,8.790280135732606e-06,1.0167136764297837e-06,1.3901189972272054e-06,1.3901189972272054e-06,0.9992224948014544,-5.6195020794165706e-06,-5.6195020794165706e-06,-2.6990128544492682e-33,371.3170095692972
1.8512784147672128,7.407207480663752e-06,8.794963777021498e-06,0.9991955355723344,-4.0807200298224686e-05,-4.0807200298224686e-05,1.1469382090288367e-05,8.789255444653572e-06,8.789255444653572e-06,1.007527215197917e-06,1.3877562963577462e-06,1.3877562963577464e-06,0.9992219204636655,-5.6273451901386925e-06,-5.6273451901386925e-06,-2.1175823681626264e-22,369.62797835137917
1.8535809998602069,7.408584843847083e-06,8.793976102978163e-06,0.9991949661150575,-4.081109334898289e-05,-4.081109334898289e-05,1.1471555375107303e-05,8.788205711878216e-06,8.788205711878216e-06,9.983611799880848e-07,1.3853912591310803e-06,1.38539125913108e-06,0.9992213480433665,-5.635188937070236e-06,-5.635188937070236e-06,2.1175823681089895e-22,367.9466072855948
1.855883584953201,7.409949618690608e-06,8.792973523903213e-06,0.9991943986155021,-4.0814924617747044e-05,-4.0814924617747044e-05,1.1473708487474309e-05,8.78713095675043e-06,8.78713095675043e-06,9.892155349556683e-07,1.3830239052126044e-06,1.3830239052126052e-06,0.9992207775360737,-5.643030522134191e-06,-5.643030522134191e-06,-8.47032947256965e-22,366.27286231871363
1.858186170046195,7.41130183289407e-06,8.791956087111675e-06,0.9991938330690394,-4.081869152628642e-05,-4.081869152628642e-05,1.147584146846906e-05,8.786031200100035e-06,8.786031200100035e-06,9.800902443343973e-07,1.3806542542176037e-06,1.380654254217605e-06,0.9992202089373008,-5.650867177839717e-06,-5.650867177839717e-06,-1.270549420884104e-21,364.606709540994
1.860488755139189,7.412641514111069e-06,8.790923839822344e-06,0.9991932694710377,-4.082239152680104e-05,-4.082239152680104e-05,1.1477954359123879e-05,8.784906464228734e-06,8.784906464228734e-06,9.709852724361794e-07,1.3782823257112745e-06,1.378282325711275e-06,0.9992196422425572,-5.6586961675116645e-06,-5.6586961675116645e-06,-4.235164736297923e-22,362.94811518567303
1.8627913402321832,7.413968689949158e-06,8.789876829157909e-06,0.9991927078168624,-4.082602210213886e-05,-4.082602210213886e-05,1.1480047200423744e-05,8.783756772895925e-06,8.783756772895925e-06,9.619005836509117e-07,1.3759081392087523e-06,1.375908139208751e-06,0.99921907744735,-5.666514785507221e-06,-5.666514785507221e-06,1.2705494208788197e-21,361.297045628452
1.865093925325177,7.415283387969915e-06,8.788815102145071e-06,0.9991921481018765,-4.082958076600007e-05,-4.082958076600007e-05,1.1482120033306273e-05,8.782582151304339e-06,8.782582151304339e-06,9.528361424462996e-07,1.373531714175154e-06,1.3735317141751555e-06,0.9992185145471829,-5.6743203574197845e-06,-5.6743203574197845e-06,-1.4823076576976453e-21,359.6534673869872
1.8673965104181711,7.41658563568904e-06,8.787738705714654e-06,0.9991915903214402,-4.083306506312893e-05,-4.083306506312893e-05,1.1484172898661727e-05,8.781382626085544e-06,8.781382626085544e-06,9.437919133677022e-07,1.3711530700256131e-06,1.3711530700256142e-06,0.9992179535375574,-5.682110240270313e-06,-5.682110240270313e-06,-1.0587911840704839e-21,358.0173471203785
1.8696990955111652,7.41787546057643e-06,8.78664768670173e-06,0.9991910344709117,-4.0836472569493255e-05,-4.0836472569493255e-05,1.1486205837333e-05,8.78015822528531e-06,8.78015822528531e-06,9.347678610379324e-07,1.3687722261252992e-06,1.3687722261253e-06,0.9992173944139718,-5.689881822686336e-06,-5.689881822686336e-06,-8.470329472568977e-22,356.38865162865915
1.8720016806041593,7.419152890056269e-06,8.785542091845731e-06,0.9991904805456466,-4.083980089245175e-05,-4.083980089245175e-05,1.1488218890115618e-05,8.778908978348833e-06,8.778908978348833e-06,9.25763950157098e-07,1.366389201789461e-06,1.366389201789462e-06,0.9992168371719222,-5.697632525068824e-06,-5.697632525068824e-06,-1.0587911840704617e-21,354.76734785228814
1.8743042656971534,7.420417951507112e-06,8.784421967790576e-06,0.9991899285409986,-4.084304767090937e-05,-4.084304767090937e-05,1.1490212097757741e-05,8.77763491610584e-06,8.77763491610584e-06,9.167801455024269e-07,1.364004016283464e-06,1.364004016283464e-06,0.999216281806902,-5.7053597997470644e-06,-5.7053597997470644e-06,-2.5752443246756884e-33,353.1534028716418
1.8766068507901474,7.421670672261968e-06,8.783287361084783e-06,0.9991893784523193,-4.0846210575461014e-05,-4.0846210575461014e-05,1.1492185500960148e-05,8.776336070755567e-06,8.776336070755567e-06,9.078164119280793e-07,1.361616688822815e-06,1.3616166888228148e-06,0.9992157283144025,-5.713061131121884e-06,-5.713061131121884e-06,2.1175823681101086e-22,351.54678390650474
1.8789094358831413,7.4229110796083846e-06,8.782138318181585e-06,0.9991888302749582,-4.08492873085236e-05,-4.08492873085236e-05,1.1494139140376247e-05,8.77501247585164e-06,8.77501247585164e-06,8.988727143649919e-07,1.3592272385732007e-06,1.3592272385732003e-06,0.9992151766899128,-5.72073403579726e-06,-5.72073403579726e-06,4.2351647362459685e-22,349.94745831556486
1.8812120209761354,7.424139200788533e-06,8.780974885439064e-06,0.9991882840042633,-4.0852275604456826e-05,-4.0852275604456826e-05,1.1496073056612065e-05,8.773664166286827e-06,8.773664166286827e-06,8.899490178206952e-07,1.3568356846505312e-06,1.3568356846505312e-06,0.9992146269289196,-5.728376062700569e-06,-5.728376062700569e-06,-2.5423703612634638e-33,348.35539359590746
1.8835146060691295,7.425355062999293e-06,8.779797109120256e-06,0.999187739635581,-4.085517322967277e-05,-4.085517322967277e-05,1.1497987290226246e-05,8.772291178277704e-06,8.772291178277704e-06,8.810452873791565e-07,1.3544420461209635e-06,1.3544420461209635e-06,0.9992140790269084,-5.735984793191742e-06,-5.735984793191742e-06,-2.5314951412777363e-33,346.77055738251016
1.8858171911621235,7.426558693392335e-06,8.778605035393281e-06,0.999187197164256,-4.085797798273454e-05,-4.085797798273454e-05,1.1499881881730056e-05,8.770893549349224e-06,8.770893549349224e-06,8.72161488200592e-07,1.352046342000946e-06,1.3520463420009467e-06,0.9992135329793621,-5.743557841161416e-06,-5.743557841161416e-06,-6.35274710443246e-22,345.19291744773795
1.8881197762551176,7.427750119074205e-06,8.777398710331453e-06,0.9991866565856315,-4.086068769444418e-05,-4.086068769444418e-05,1.1501756871587374e-05,8.769471318319195e-06,8.769471318319195e-06,8.63297585521303e-07,1.3496485912572472e-06,1.3496485912572485e-06,0.9992129887817626,-5.751092853118369e-06,-5.751092853118369e-06,-1.2705494208839602e-21,343.62244170084165
1.8904223613481117,7.428929367106409e-06,8.776178179913415e-06,0.9991861178950497,-4.086330022791996e-05,-4.086330022791996e-05,1.1503612300214696e-05,8.768024525282677e-06,8.768024525282677e-06,8.544535446535191e-07,1.3472488128070058e-06,1.3472488128070064e-06,0.9992124464295895,-5.7585875082663015e-06,-5.7585875082663015e-06,-6.352747104432244e-22,342.0590981874541
1.8927249464411058,7.4300964645054975e-06,8.774943490023248e-06,0.9991855810878514,-4.0865813478663394e-05,-4.0865813478663394e-05,1.150544820798113e-05,8.766553211596296e-06,8.766553211596296e-06,8.45629330985226e-07,1.3448470255177523e-06,1.3448470255177506e-06,0.9992119059183214,-5.766039518570401e-06,-5.766039518570401e-06,1.694065894506112e-21,340.50285508908996
1.8950275315340996,7.4312514382431464e-06,8.773694686450599e-06,0.9991850461593763,-4.0868225374615965e-05,-4.0868225374615965e-05,1.15072646352084e-05,8.765057419862507e-06,8.765057419862507e-06,8.368249099799768e-07,1.3424432482074528e-06,1.3424432482074522e-06,0.9992113672434356,-5.773446628813571e-06,-5.773446628813571e-06,6.352747104382475e-22,338.9536807226441
1.8973301166270937,7.432394315246245e-06,8.772431814890799e-06,0.9991845131049633,-4.0870533876205986e-05,-4.0870533876205986e-05,1.1509061622170843e-05,8.76353719391376e-06,8.76353719391376e-06,8.280402471767586e-07,1.3400374996445527e-06,1.3400374996445536e-06,0.9992108304004079,-5.780806616642791e-06,-5.780806616642791e-06,-8.470329472567674e-22,337.41154353989157
1.8996327017200878,7.433525122396977e-06,8.771154920944989e-06,0.9991839819199503,-4.0872736976385596e-05,-4.0872736976385596e-05,1.151083920909541e-05,8.761992578796637e-06,8.761992578796637e-06,8.192753081898011e-07,1.3376297985480134e-06,1.3376297985480121e-06,0.9992102953847131,-5.7881172926056406e-06,-5.7881172926056406e-06,1.2705494208789938e-21,335.87641212699083
1.9019352868130819,7.4346438865329e-06,8.769864050120243e-06,0.9991834525996747,-4.0874832700658184e-05,-4.0874832700658184e-05,1.1512597436161668e-05,8.760423620755913e-06,8.760423620755913e-06,8.105300587084362e-07,1.3352201635873417e-06,1.3352201635873427e-06,0.999209762191825,-5.795376500177214e-06,-5.795376500177214e-06,-1.0587911840703214e-21,334.3482552039846
1.904237871906076,7.435750634447039e-06,8.768559247829681e-06,0.999182925139473,-4.087681910709642e-05,-4.087681910709642e-05,1.1514336343501799e-05,8.758830367218582e-06,8.758830367218582e-06,8.018044644969148e-07,1.332808613382642e-06,1.332808613382642e-06,0.9992092308172166,-5.802582115777696e-06,-5.802582115777696e-06,-2.435458037411345e-33,332.82704162430304
1.90654045699907,7.436845392887961e-06,8.767240559392604e-06,0.9991823995346816,-4.0878694286351044e-05,-4.0878694286351044e-05,1.1516055971200603e-05,8.757212866777823e-06,8.757212866777823e-06,7.930984913942383e-07,1.3303951665046413e-06,1.3303951665046432e-06,0.9992087012563597,-5.809732048780628e-06,-5.809732048780628e-06,-1.905824131324601e-21,331.31274037426806
1.908843042092064,7.437928188559861e-06,8.765908030034615e-06,0.9991818757806359,-4.088045636165066e-05,-4.088045636165066e-05,1.1517756359295497e-05,8.755571169176952e-06,8.755571169176952e-06,7.84412105314023e-07,1.3279798414747514e-06,1.3279798414747534e-06,0.999208173504726,-5.816824241512201e-06,-5.816824241512201e-06,-1.9058241313245903e-21,329.80532057259825
1.911145627185058,7.438999048122647e-06,8.764561704887734e-06,0.9991813538726715,-4.0882103488792655e-05,-4.0882103488792655e-05,1.1519437547776522e-05,8.753905325293313e-06,8.753905325293313e-06,7.757452722443213e-07,1.3255626567650884e-06,1.3255626567650873e-06,0.9992076475577861,-5.8238566692417175e-06,-5.8238566692417175e-06,1.0587911840654712e-21,328.3047514699148
1.913448212278052,7.4400579981920194e-06,8.763201628990533e-06,0.9991808338061237,-4.088363385612551e-05,-4.088363385612551e-05,1.1521099576586338e-05,8.752215387122158e-06,8.752215387122158e-06,7.670979582474544e-07,1.323143630798513e-06,1.3231436307985134e-06,0.9992071234110106,-5.8308273401633755e-06,-5.8308273401633755e-06,-4.235164736295439e-22,326.8110024482495
1.9157507973710461,7.4411050653395576e-06,8.761827847288252e-06,0.9991803155763277,-4.088504568452256e-05,-4.088504568452256e-05,1.1522742485620232e-05,8.750501407760497e-06,8.750501407760497e-06,7.584701294598706e-07,1.3207227819486933e-06,1.3207227819486941e-06,0.9992066010598696,-5.83773429536955e-06,-5.83773429536955e-06,-8.470329472566839e-22,325.3240430205514
1.9180533824640402,7.442140276092802e-06,8.760440404632929e-06,0.9991797991786187,-4.088633722734757e-05,-4.088633722734757e-05,1.152436631472612e-05,8.748763441390931e-06,8.748763441390931e-06,7.49861752091961e-07,1.3183001285401283e-06,1.3183001285401268e-06,0.9992060804998325,-5.844575608815854e-06,-5.844575608815854e-06,1.4823076576926524e-21,323.8438428301965
1.9203559675570343,7.443163656935335e-06,8.759039345783522e-06,0.999179284608332,-4.0887506770412143e-05,-4.0887506770412143e-05,1.1525971103704551e-05,8.74700154326547e-06,8.74700154326547e-06,7.412727924279332e-07,1.315875688848187e-06,1.315875688848187e-06,0.9992055617263694,-5.851349387278056e-06,-5.851349387278056e-06,-2.3630156411316354e-33,322.37037165049816
1.9226585526500284,7.444175234306864e-06,8.757624715406034e-06,0.9991787718608034,-4.0888552631925226e-05,-4.0888552631925226e-05,1.1527556892308709e-05,8.74521576968934e-06,8.74521576968934e-06,7.327032168256301e-07,1.313449481099171e-06,1.31344948109917e-06,0.9992050447349496,-5.8580537703010885e-06,-5.8580537703010885e-06,1.0587911840655226e-21,320.9035993842172
1.9249611377430222,7.445175034603309e-06,8.756196558073644e-06,0.9991782609313686,-4.088947316243483e-05,-4.088947316243483e-05,1.1529123720244416e-05,8.743406178004785e-06,8.743406178004785e-06,7.241529917163768e-07,1.311021523470335e-06,1.3110215234703354e-06,0.9992045295210429,-5.864686930140256e-06,-5.864686930140256e-06,-4.235164736294929e-22,319.44349606307503
1.9272637228360163,7.446163084176877e-06,8.754754918266823e-06,0.9991777518153642,-4.089026674476227e-05,-4.089026674476227e-05,1.153067162717014e-05,8.741572826574863e-06,8.741572826574863e-06,7.156220836048298e-07,1.308591834089947e-06,1.3085918340899459e-06,0.999204016080119,-5.871247071694977e-06,-5.871247071694977e-06,1.0587911840655429e-21,317.99003184726536
1.9295663079290104,7.447139409336151e-06,8.753299840373466e-06,0.9991772445081271,-4.089093179392893e-05,-4.089093179392893e-05,1.1532200652696999e-05,8.739715774767264e-06,8.739715774767264e-06,7.071104590688124e-07,1.3061604310373146e-06,1.3061604310373148e-06,0.9992035044076482,-5.877732432435067e-06,-5.877732432435067e-06,-2.117582368158976e-22,316.54317702497013
1.9318688930220045,7.448104036346171e-06,8.75183136868902e-06,0.9991767390049948,-4.089146675707588e-05,-4.089146675707588e-05,1.153371083638876e-05,8.737835082938107e-06,8.737835082938107e-06,6.986180847591707e-07,1.303727332342849e-06,1.3037273323428488e-06,0.9992029944991009,-5.8841412823198e-06,-5.8841412823198e-06,2.117582368112626e-22,315.10290201187325
1.9341714781149986,7.449056991428514e-06,8.750349547416607e-06,0.9991762353013057,-4.089187011337638e-05,-4.089187011337638e-05,1.1535202217761855e-05,8.735930812415775e-06,8.735930812415775e-06,6.901449273996145e-07,1.3012925559880944e-06,1.3012925559880927e-06,0.999202486349948,-5.8904719237099556e-06,-5.8904719237099556e-06,1.6940658945062984e-21,313.66917735067875
1.9364740632079926,7.4499983007613784e-06,8.748854420667152e-06,0.999175733392399,-4.0892140373941604e-05,-4.0892140373941604e-05,1.1536674836285376e-05,8.734003025484748e-06,8.734003025484748e-06,6.816909537865669e-07,1.2988561199057725e-06,1.298856119905774e-06,0.999201979955661,-5.8967226912729945e-06,-5.8967226912729945e-06,-1.482307657697318e-21,312.2419737106248
1.9387766483009865,7.450927990479665e-06,8.747346032459513e-06,0.9991752332736148,-4.0892276081719586e-05,-4.0892276081719586e-05,1.153812873138109e-05,8.732051785369464e-06,8.732051785369464e-06,6.732561307890075e-07,1.2964180419798465e-06,1.2964180419798482e-06,0.9992014753117122,-5.902891951881534e-06,-5.902891951881534e-06,-1.6940658945108832e-21,310.8212618870061
1.9410792333939806,7.45184608667506e-06,8.745824426720602e-06,0.9991747349402943,-4.08922758113877e-05,-4.08922758113877e-05,1.153956394242344e-05,8.730077156218198e-06,8.730077156218198e-06,6.648404253483101e-07,1.2939783400455424e-06,1.293978340045542e-06,0.9992009724135744,-5.908978104505292e-06,-5.908978104505292e-06,4.235164736248775e-22,309.40701280069055
1.9433818184869747,7.452752615396118e-06,8.744289647285518e-06,0.9991742383877797,-4.089213816923869e-05,-4.089213816923869e-05,1.1540980508739552e-05,8.728079203086984e-06,8.728079203086984e-06,6.564438044781207e-07,1.2915370318894003e-06,1.2915370318893994e-06,0.9992004712567216,-5.914979580096622e-06,-5.914979580096622e-06,8.470329472520375e-22,307.99919749764155
1.9456844035799687,7.453647602648342e-06,8.742741737897677e-06,0.9991737436114148,-4.0891861793060625e-05,-4.0891861793060625e-05,1.1542378469609248e-05,8.726057991923535e-06,8.726057991923535e-06,6.480662352641832e-07,1.2890941352493335e-06,1.2890941352493357e-06,0.9991999718366285,-5.920894841469916e-06,-5.920894841469916e-06,-2.1175823681380037e-21,306.597787148438
1.9479869886729628,7.4545310743942636e-06,8.741180742208938e-06,0.9991732506065442,-4.089144535201071e-05,-4.089144535201071e-05,1.1543757864265043e-05,8.724013589551239e-06,8.724013589551239e-06,6.397076848641977e-07,1.2866496678146735e-06,1.2866496678146741e-06,0.9991994741487707,-5.926722383174956e-06,-5.926722383174956e-06,-6.352747104429685e-22,305.20275304779966
1.950289573765957,7.455403056553531e-06,8.739606703779726e-06,0.9991727593685142,-4.089088754648328e-05,-4.089088754648328e-05,1.1545118731892165e-05,8.721946063653155e-06,8.721946063653155e-06,6.313681205076715e-07,1.2842036472261952e-06,1.2842036472261956e-06,0.9991989781886256,-5.932460731364373e-06,-5.932460731364373e-06,-4.235164736293837e-22,303.8140666141085
1.952592158858951,7.456263575002983e-06,8.73801966607917e-06,0.9991722698926728,-4.089018710797207e-05,-4.089018710797207e-05,1.1546461111628553e-05,8.719855482756077e-06,8.719855482756077e-06,6.230475094957568e-07,1.2817560910761868e-06,1.2817560910761866e-06,0.9991984839516711,-5.938108443655392e-06,-5.938108443655392e-06,2.117582368113512e-22,302.43169938893556
1.9548947439519448,7.457112655576736e-06,8.736419672485229e-06,0.9991717821743693,-4.088934279892694e-05,-4.088934279892694e-05,1.1547785042564871e-05,8.717741916214631e-06,8.717741916214631e-06,6.147458192011368e-07,1.2793070169084947e-06,1.2793070169084926e-06,0.9991979914333867,-5.943664108986025e-06,-5.943664108986025e-06,2.1175823681335364e-21,301.0556230365665
1.957197329044939,7.457950324066265e-06,8.734806766284822e-06,0.9991712962089547,-4.0888353412605176e-05,-4.0888353412605176e-05,1.1549090563744518e-05,8.715605434195416e-06,8.715605434195416e-06,6.064630170678448e-07,1.2768564422185554e-06,1.2768564422185563e-06,0.9991975006292536,-5.94912634746589e-06,-5.94912634746589e-06,-8.47032947256505e-22,299.68580934352826
1.959499914137933,7.458776606220482e-06,8.733180990673951e-06,0.9991708119917821,-4.0887217772917575e-05,-4.0887217772917575e-05,1.1550377714163631e-05,8.713446107661216e-06,8.713446107661216e-06,5.981990706111386e-07,1.2744043844534695e-06,1.274404384453469e-06,0.9991970115347542,-5.954493810221769e-06,-5.954493810221769e-06,4.235164736249551e-22,298.3222302181193
1.961802499230927,7.459591527745819e-06,8.731542388757846e-06,0.9991703295182063,-4.088593473426946e-05,-4.088593473426946e-05,1.1551646532771104e-05,8.711264008355232e-06,8.711264008355232e-06,5.899539474173459e-07,1.271950861012028e-06,1.2719508610120264e-06,0.9991965241453725,-5.959765179238075e-06,-5.959765179238075e-06,1.6940658945064152e-21,296.96485768993773
1.9641050843239212,7.460395114306311e-06,8.72989100355108e-06,0.9991698487835837,-4.0884503181396686e-05,-4.0884503181396686e-05,1.1552897058468588e-05,8.709059208785411e-06,8.709059208785411e-06,5.817276151437168e-07,1.2694958892447683e-06,1.269495889244769e-06,0.9991960384565943,-5.964939167192365e-06,-5.964939167192365e-06,-6.352747104429012e-22,295.6136639094124
1.9664076694169152,7.461187391523675e-06,8.728226877977712e-06,0.9991693697832734,-4.088292202919695e-05,-4.088292202919695e-05,1.155412933011051e-05,8.706831782208803e-06,8.706831782208803e-06,5.735200415182966e-07,1.267039486454037e-06,1.267039486454037e-06,0.9991955544639074,-5.970014517286101e-06,-5.970014517286101e-06,-2.166528193329238e-33,294.2686211473357
1.968710254509909,7.461968384977392e-06,8.726550054871408e-06,0.9991688925126362,-4.0881190222556365e-05,-4.0881190222556365e-05,1.1555343386504078e-05,8.704581802616e-06,8.704581802616e-06,5.65331194339758e-07,1.2645816698940183e-06,1.2645816698940162e-06,0.9991950721628008,-5.974990003070734e-06,-5.974990003070734e-06,2.117582368133594e-21,292.92970179439567
1.9710128396029032,7.462738120204785e-06,8.724860576975578e-06,0.9991684169670354,-4.0879306736171645e-05,-4.0879306736171645e-05,1.1556539266409296e-05,8.702309344715629e-06,8.702309344715629e-06,5.571610414772833e-07,1.2621224567707933e-06,1.2621224567707927e-06,0.9991945915487663,-5.979864428269333e-06,-5.979864428269333e-06,6.352747104385775e-22,291.59687836071004
1.9733154246958973,7.463496622701107e-06,8.723158486943508e-06,0.9991679431418363,-4.087727057436784e-05,-4.087727057436784e-05,1.155771700853897e-05,8.700014483918923e-06,8.700014483918923e-06,5.490095508704102e-07,1.259661864242401e-06,1.259661864242401e-06,0.9991941126172972,-5.984636626593804e-06,-5.984636626593804e-06,-2.1383560212657913e-33,290.27012347536345
1.9756180097888913,7.464243917919615e-06,8.721443827338488e-06,0.999167471032407,-4.0875080770911915e-05,-4.0875080770911915e-05,1.1558876651558727e-05,8.697697296324356e-06,8.697697296324356e-06,5.408766905288802e-07,1.257199909418873e-06,1.257199909418873e-06,0.999193635363889,-5.989305461557964e-06,-5.989305461557964e-06,-2.129038887576512e-33,288.94940988594266
1.9779205948818854,7.464980031271654e-06,8.71971664063395e-06,0.9991670006341177,-4.087273638882226e-05,-4.087273638882226e-05,1.1560018234087023e-05,8.695357858702358e-06,8.695357858702358e-06,5.327624285325257e-07,1.254736609362297e-06,1.2547366093622956e-06,0.9991931597840396,-5.99386982628646e-06,-5.99386982628646e-06,1.2705494208793307e-21,287.6347104580746
1.9802231799748795,7.465704988126737e-06,8.717976969213592e-06,0.9991665319423413,-4.0870236520174275e-05,-4.0870236520174275e-05,1.1561141794695155e-05,8.6929962484801e-06,8.6929962484801e-06,5.246667330311071e-07,1.2522719810868543e-06,1.2522719810868554e-06,0.9991926858732489,-5.998328643319907e-06,-5.998328643319907e-06,-1.058791184069986e-21,286.3259981749658
1.9825257650678734,7.466418813812626e-06,8.71622485537152e-06,0.9991660649524535,-4.08675802859021e-05,-4.08675802859021e-05,1.1562247371907274e-05,8.690612543726358e-06,8.690612543726358e-06,5.165895722441721e-07,1.2498060415588928e-06,1.2498060415588932e-06,0.9991922136270196,-6.002680864416023e-06,-6.002680864416023e-06,-4.235164736292515e-22,285.0232461369421
1.9848283501608674,7.467121533615412e-06,8.714460341312373e-06,0.9991655996598326,-4.086476683559678e-05,-4.086476683559678e-05,1.1563335004200405e-05,8.688206823136461e-06,8.688206823136461e-06,5.085309144609458e-07,1.2473388076969598e-06,1.2473388076969613e-06,0.9991917430408566,-6.0069254703472855e-06,-6.0069254703472855e-06,-1.4823076576971176e-21,283.72642756099043
1.9871309352538615,7.4678131727795945e-06,8.712683469151462e-06,0.9991651360598597,-4.0861795347300824e-05,-4.0861795347300824e-05,1.1564404730004448e-05,8.685779166017328e-06,8.685779166017328e-06,5.004907280401601e-07,1.244870296371867e-06,1.2448702963718673e-06,0.9991912741102671,-6.011061470694976e-06,-6.011061470694976e-06,-4.235164736292331e-22,282.4355157803018
1.9894335203468556,7.468493756508166e-06,8.7108942809149e-06,0.9991646741479187,-4.085866502729944e-05,-4.085866502729944e-05,1.1565456587702204e-05,8.683329652272568e-06,8.683329652272568e-06,4.924689814099294e-07,1.2424005244067327e-06,1.2424005244067333e-06,0.9991908068307614,-6.015087903639841e-06,-6.015087903639841e-06,-6.352747104427992e-22,281.1504842438147
1.9917361054398497,7.469163309962686e-06,8.709092818539737e-06,0.9991642139193968,-4.0855375109908414e-05,-4.0855375109908414e-05,1.1566490615629382e-05,8.680858362387695e-06,8.680858362387695e-06,4.844656430676285e-07,1.2399295085770508e-06,1.239929508577051e-06,0.9991903411978524,-6.019003835749465e-06,-6.019003835749465e-06,-2.117582368156399e-22,279.8713065157603
1.9940386905328438,7.469821858263366e-06,8.707279123874094e-06,0.9991637553696838,-4.085192485725894e-05,-4.085192485725894e-05,1.1567506852074615e-05,8.678365377415417e-06,8.678365377415417e-06,4.7648068157972695e-07,1.2374572656107295e-06,1.2374572656107284e-06,0.9991898772070554,-6.022808361762562e-06,-6.022808361762562e-06,1.0587911840658197e-21,278.5979562752089
1.9963412756258379,7.4704694264891485e-06,8.7054532386773e-06,0.9991632984941731,-4.084831355907937e-05,-4.084831355907937e-05,1.1568505335279483e-05,8.675850778961017e-06,8.675850778961017e-06,4.6851406558168736e-07,1.2349838121881514e-06,1.2349838121881508e-06,0.9991894148538891,-6.026500604370172e-06,-6.026500604370172e-06,6.352747104386785e-22,277.3304073156171
1.9986438607188317,7.471106039677786e-06,8.703615204620018e-06,0.999162843288261,-4.0844540532474124e-05,-4.0844540532474124e-05,1.1569486103438512e-05,8.673314649167828e-06,8.673314649167828e-06,4.605657637778066e-07,1.2325091649422302e-06,1.2325091649422312e-06,0.9991889541338749,-6.030079713994054e-06,-6.030079713994054e-06,-1.0587911840699133e-21,276.0686335443774
2.000946445811826,7.4717317228259245e-06,8.70176506328439e-06,0.9991623897473471,-4.084060512169976e-05,-4.084060512169976e-05,1.1570449194699208e-05,8.670757070702808e-06,8.670757070702808e-06,4.5263574494108444e-07,1.230033340458466e-06,1.2300333404584662e-06,0.9991884950425369,-6.0335448685621966e-06,-6.0335448685621966e-06,-2.1175823681560404e-22,274.81260898236644
2.00324903090482,7.472346500889176e-06,8.69990285616417e-06,0.9991619378668344,-4.083650669793849e-05,-4.083650669793849e-05,1.157139464716206e-05,8.668178126742207e-06,8.668178126742207e-06,4.447239779131232e-07,1.227556355274994e-06,1.2275563552749944e-06,0.9991880375754029,-6.036895273281807e-06,-6.036895273281807e-06,-4.235164736291702e-22,273.562307763499
2.0055516159978137,7.472950398782206e-06,8.69802862466485e-06,0.9991614876421294,-4.0832244659069064e-05,-4.0832244659069064e-05,1.1572322498880564e-05,8.665577900957329e-06,8.665577900957329e-06,4.368304316039338e-07,1.2250782258826452e-06,1.2250782258826444e-06,0.9991875817280034,-6.040130160409662e-06,-6.040130160409662e-06,8.470329472522892e-22,272.31770413427796
2.007854201090808,7.473543441378812e-06,8.696142410103808e-06,0.9991610390686422,-4.0827818429435294e-05,-4.0827818429435294e-05,1.1573232787861232e-05,8.66295647750041e-06,8.66295647750041e-06,4.2895507499186703e-07,1.2225989687249958e-06,1.2225989687249963e-06,0.9991871274958725,-6.043248789020062e-06,-6.043248789020062e-06,-4.235164736291526e-22,271.0787724533485
2.010156786183802,7.474125653511996e-06,8.694244253710438e-06,0.9991605921417861,-4.082322745961229e-05,-4.082322745961229e-05,1.1574125552063622e-05,8.660313940990576e-06,8.660313940990576e-06,4.2109787712344437e-07,1.2201186001984426e-06,1.2201186001984421e-06,0.9991866748745473,-6.046250444770536e-06,-6.046250444770536e-06,4.2351647362515653e-22,269.84548719105504
2.012459371276796,7.474697059974054e-06,8.692334196626284e-06,0.9991601468569785,-4.0818471226170444e-05,-4.0818471226170444e-05,1.157500082940034e-05,8.657650376499921e-06,8.657650376499921e-06,4.1325880711323925e-07,1.2176371366522287e-06,1.2176371366522298e-06,0.9991862238595683,-6.049134439665308e-06,-6.049134439665308e-06,-1.0587911840698604e-21,268.6178229289943
2.01476195636979,7.47525768551665e-06,8.69041227990518e-06,0.9991597032096402,-4.0813549231437386e-05,-4.0813549231437386e-05,1.1575858657737076e-05,8.654965869539684e-06,8.654965869539684e-06,4.05437834143761e-07,1.2151545943885292e-06,1.2151545943885298e-06,0.9991857744464799,-6.051900111816666e-06,-6.051900111816666e-06,-6.352747104427015e-22,267.39575435957624
2.0170645414627844,7.475807554850897e-06,8.688478544513388e-06,0.9991592611951959,-4.080846100325792e-05,-4.080846100325792e-05,1.1576699074892604e-05,8.652260506046526e-06,8.652260506046526e-06,3.9763492746529105e-07,1.2126709896624922e-06,1.2126709896624915e-06,0.9991853266308295,-6.054546825204366e-06,-6.054546825204366e-06,6.352747104387578e-22,266.1792562855791
2.019367126555778,7.476346692647434e-06,8.68653303132973e-06,0.9991588208090744,-4.080320609475217e-05,-4.080320609475217e-05,1.1577522118638812e-05,8.649534372368932e-06,8.649534372368932e-06,3.898500563957904e-07,1.2101863386822965e-06,1.2101863386822961e-06,0.9991848804081683,-6.057073969433246e-06,-6.057073969433246e-06,4.2351647362519137e-22,264.9683036197127
2.021669711648772,7.47687512353651e-06,8.684575781145729e-06,0.999158382046708,-4.079778408407184e-05,-4.079778408407184e-05,1.1578327826700715e-05,8.646787555253698e-06,8.646787555253698e-06,3.8208319032075737e-07,1.20770065760922e-06,1.2077006576092188e-06,0.9991844357740515,-6.059480959488928e-06,-6.059480959488928e-06,1.2705494208795003e-21,263.76287138417797
2.0239722967417664,7.477392872108056e-06,8.682606834665741e-06,0.9991579449035334,-4.079219457415497e-05,-4.079219457415497e-05,1.157911623675649e-05,8.644020141832552e-06,8.644020141832552e-06,3.743342986930986e-07,1.2052139625576858e-06,1.2052139625576852e-06,0.9991839927240374,-6.061767235492005e-06,-6.061767235492005e-06,6.352747104387836e-22,262.56293471022906
2.0262748818347602,7.477899962911774e-06,8.680626232507104e-06,0.9991575093749911,-4.0786437192479e-05,-4.0786437192479e-05,1.1579887386437464e-05,8.641232219608867e-06,8.641232219608867e-06,3.6660335103301406e-07,1.2027262695953295e-06,1.2027262695953302e-06,0.9991835512536886,-6.063932262450586e-06,-6.063932262450586e-06,-6.352747104426583e-22,261.3684688377393
2.0285774669277545,7.478396420457207e-06,8.67863401520026e-06,0.9991570754565262,-4.078051159081243e-05,-4.078051159081243e-05,1.1580641313328173e-05,8.638423876444497e-06,8.638423876444497e-06,3.5889031692784316e-07,1.2002375947430543e-06,1.2002375947430535e-06,0.9991831113585719,-6.065975530011389e-06,-6.065975530011389e-06,8.470329472523757e-22,260.17944911476354
2.0308800520207484,7.478882269213821e-06,8.676630223188909e-06,0.9991566431435872,-4.077441744496514e-05,-4.077441744496514e-05,1.1581378054966349e-05,8.635595200546728e-06,8.635595200546728e-06,3.5119516603198694e-07,1.1977479539750865e-06,1.1977479539750876e-06,0.9991826730342568,-6.067896552209502e-06,-6.067896552209502e-06,-1.0587911840697916e-21,258.99585099710646
2.0331826371137427,7.4793575336110884e-06,8.674614896830134e-06,0.9991562124316278,-4.0768154454537376e-05,-4.0768154454537376e-05,1.1582097648842963e-05,8.632746280455328e-06,8.632746280455328e-06,3.435178680667363e-07,1.195257363219047e-06,1.195257363219046e-06,0.9991822362763183,-6.0696948672168385e-06,-6.0696948672168385e-06,1.0587911840659677e-21,257.8176500478891
2.0354852222067366,7.479822238038558e-06,8.67258807639455e-06,0.9991557833161053,-4.076172234266768e-05,-4.076172234266768e-05,1.1582800132402236e-05,8.62987720502974e-06,8.62987720502974e-06,3.35858392820179e-07,1.1927658383559914e-06,1.1927658383559916e-06,0.9991818010803345,-6.071370037089481e-06,-6.071370037089481e-06,-2.117582368154744e-22,256.644821937119
2.0377878072997304,7.480276406845943e-06,8.670549802066431e-06,0.9991553557924819,-4.0755120855779566e-05,-4.0755120855779566e-05,1.1583485543041663e-05,8.626988063436355e-06,8.626988063436355e-06,3.28216710147065e-07,1.1902733952204876e-06,1.1902733952204882e-06,0.9991813674418881,-6.07292164751384e-06,-6.07292164751384e-06,-6.352747104426162e-22,255.47734244125883
2.0400903923927247,7.4807200643431925e-06,8.668500113943865e-06,0.9991549298562242,-4.0748349763327395e-05,-4.0748349763327395e-05,1.1584153918112034e-05,8.624078945135943e-06,8.624078945135943e-06,3.2059278996868477e-07,1.1877800496006722e-06,1.1877800496006724e-06,0.999180935356566,-6.074349307551935e-06,-6.074349307551935e-06,-2.117582368154577e-22,254.31518744279785
2.0423929774857186,7.481153234800574e-06,8.666439052038877e-06,0.999154505502803,-4.074140885754119e-05,-4.074140885754119e-05,1.158480529491746e-05,8.621149939871167e-06,8.621149939871167e-06,3.1298660227274843e-07,1.1852858172383034e-06,1.1852858172383034e-06,0.9991805048199591,-6.0756526493856784e-06,-6.0756526493856784e-06,-1.8743075569293335e-33,253.1583329298274
2.044695562578713,7.481575942448751e-06,8.664366656277582e-06,0.9991540827276941,-4.073429795317075e-05,-4.073429795317075e-05,1.1585439710715389e-05,8.618201137654232e-06,8.618201137654232e-06,3.0539811711326865e-07,1.1827907138288302e-06,1.1827907138288306e-06,0.999180075827663,-6.0768313280604215e-06,-6.0768313280604215e-06,-4.235164736290162e-22,252.00675499561058
2.0469981476717067,7.481988211478861e-06,8.662282966500315e-06,0.9991536615263779,-4.0727016887228966e-05,-4.0727016887228966e-05,1.1586057202716638e-05,8.615232628754657e-06,8.615232628754657e-06,2.978273046104349e-07,1.1802947550214529e-06,1.1802947550214537e-06,0.9991796483752774,-6.077885021227707e-06,-6.077885021227707e-06,-8.470329472561582e-22,250.86042983816185
2.0493007327647006,7.482390066042595e-06,8.660188022461772e-06,0.9991532418943393,-4.071956551873451e-05,-4.071956551873451e-05,1.1586657808085408e-05,8.612244503687159e-06,8.612244503687159e-06,2.9027413495049636e-07,1.1777979564191754e-06,1.1777979564191769e-06,0.9991792224584067,-6.078813428887424e-06,-6.078813428887424e-06,-1.4823076576968752e-21,249.71933375981996
2.051603317857695,7.482781530252273e-06,8.65808186383116e-06,0.9991528238270682,-4.0711943728453955e-05,-4.0711943728453955e-05,1.1587241563939312e-05,8.609236853199653e-06,8.609236853199653e-06,2.827385783856401e-07,1.1753003335788859e-06,1.1753003335788867e-06,0.9991787980726596,-6.079616273129317e-06,-6.079616273129317e-06,-8.470329472561418e-22,248.58344316682857
2.0539059029506888,7.483162628180928e-06,8.655964530192324e-06,0.9991524073200593,-4.070415141864345e-05,-4.070415141864345e-05,1.15878085073494e-05,8.606209768261394e-06,8.606209768261394e-06,2.752206052338758e-07,1.1728019020113976e-06,1.1728019020113963e-06,0.9991783752136498,-6.08029329787415e-06,-6.08029329787415e-06,1.2705494208796171e-21,247.4527345689141
2.056208488043683,7.483533383862378e-06,8.653836061043896e-06,0.9991519923688121,-4.0696188512789896e-05,-4.0696188512789896e-05,1.1588358675340178e-05,8.60316334005122e-06,8.60316334005122e-06,2.6772018587891643e-07,1.1703026771815189e-06,1.1703026771815182e-06,0.9991779538769953,-6.080844268614312e-06,-6.080844268614312e-06,6.352747104389e-22,246.32718457886622
2.058511073136677,7.483893821291306e-06,8.651696495799436e-06,0.9991515789688314,-4.06880549553519e-05,-4.06880549553519e-05,1.158889210488964e-05,8.600097659945925e-06,8.600097659945925e-06,2.602372907700578e-07,1.16780267450813e-06,1.1678026745081302e-06,0.9991775340583189,-6.0812689721541585e-06,-6.0812689721541585e-06,-2.117582368153922e-22,245.20676991212014
2.060813658229671,7.4842439644233395e-06,8.649545873787564e-06,0.9991511671156268,-4.0679750711500404e-05,-4.0679750711500404e-05,1.158940883292929e-05,8.597012819508751e-06,8.597012819508751e-06,2.5277189042207914e-07,1.1653019093642256e-06,1.1653019093642247e-06,0.9991771157532482,-6.081567216350147e-06,-6.081567216350147e-06,8.470329472524913e-22,244.09146738633925
2.063116243322665,7.484583837175129e-06,8.647384234252117e-06,0.9991507568047128,-4.067127576685913e-05,-4.067127576685913e-05,1.1589908896344167e-05,8.59390891047802e-06,8.59390891047802e-06,2.453239554150959e-07,1.162800397076987e-06,1.1628003970769883e-06,0.9991766989574156,-6.081738829850657e-06,-6.081738829850657e-06,-1.2705494208832517e-21,242.98125392099985
2.065418828415659,7.484913463424422e-06,8.645211616352274e-06,0.9991503480316094,-4.0662630127244963e-05,-4.0662630127244963e-05,1.159039233197287e-05,8.590786024755864e-06,8.590786024755864e-06,2.3789345639447112e-07,1.1602981529278511e-06,1.1602981529278515e-06,0.9991762836664585,-6.081783661835868e-06,-6.081783661835868e-06,-4.235164736289433e-22,241.87610653697627
2.0677214135086532,7.4852328670101464e-06,8.643028059162707e-06,0.9991499407918416,-4.065381381840825e-05,-4.065381381840825e-05,1.1590859176607585e-05,8.587644254397092e-06,8.587644254397092e-06,2.3048036407068745e-07,1.1577951921525615e-06,1.1577951921525605e-06,0.9991758698760191,-6.081701581757423e-06,-6.081701581757423e-06,1.0587911840660904e-21,240.77600235612854
2.070023998601647,7.485542071732481e-06,8.640833601673726e-06,0.9991495350809397,-4.064482688577316e-05,-4.064482688577316e-05,1.1591309466994117e-05,8.58448369159819e-06,8.58448369159819e-06,2.230846492192395e-07,1.155291529941245e-06,1.1552915299412449e-06,0.9991754575817448,-6.081492479078261e-06,-6.081492479078261e-06,2.117582368117978e-22,239.68091860088998
2.0723265836946414,7.48584110135294e-06,8.638628282791408e-06,0.9991491308944395,-4.063566939417812e-05,-4.063566939417812e-05,1.159174323983191e-05,8.581304428686434e-06,8.581304428686434e-06,2.1570628268051678e-07,1.1527871814384662e-06,1.1527871814384676e-06,0.9991750467792878,-6.08115626301249e-06,-6.08115626301249e-06,-1.482307657696795e-21,238.5908325938564
2.0746291687876353,7.486129979594449e-06,8.636412141337754e-06,0.9991487282278818,-4.062634142761638e-05,-4.062634142761638e-05,1.1592160531774072e-05,8.578106558109118e-06,8.578106558109118e-06,2.0834523535969162e-07,1.150282161743307e-06,1.150282161743305e-06,0.9991746374643058,-6.08069286226536e-06,-6.08069286226536e-06,1.9058241313204142e-21,237.50572175737904
2.0769317538806296,7.486408730141417e-06,8.634185216050822e-06,0.9991483270768131,-4.0616843088976886e-05,-4.0616843088976886e-05,1.1592561379427414e-05,8.57489017242293e-06,8.57489017242293e-06,2.0100147822660315e-07,1.1477764859094055e-06,1.1477764859094046e-06,0.9991742296324613,-6.080102224773598e-06,-6.080102224773598e-06,8.470329472525465e-22,236.42556361315397
2.0792343389736234,7.486677376639824e-06,8.631947545584878e-06,0.9991479274367854,-4.060717449978539e-05,-4.060717449978539e-05,1.1592945819352466e-05,8.571655364283448e-06,8.571655364283448e-06,1.9367498231566195e-07,1.145270168945054e-06,1.1452701689450542e-06,0.9991738232794222,-6.079384317445876e-06,-6.079384317445876e-06,-2.11758236815321e-22,235.350335781818
2.0815369240666173,7.486935942697286e-06,8.629699168510525e-06,0.9991475293033559,-4.059733579994587e-05,-4.059733579994587e-05,1.1593313888063516e-05,8.568402226434732e-06,8.568402226434732e-06,1.8636571872570593e-07,1.1427632258132404e-06,1.142763225813239e-06,0.9991734184008615,-6.07853912590377e-06,-6.07853912590377e-06,1.2705494208797123e-21,234.28001598254107
2.0838395091596116,7.487184451883147e-06,8.627440123314866e-06,0.999147132672088,-4.058732714748245e-05,-4.058732714748245e-05,1.1593665622028631e-05,8.56513085169909e-06,8.56513085169909e-06,1.7907365861992916e-07,1.1402556714317189e-06,1.1402556714317189e-06,0.9991730149924579,-6.077566654222984e-06,-6.077566654222984e-06,-1.7304841894762135e-33,233.21458203262407
2.0861420942526054,7.487422927728539e-06,8.625170448401625e-06,0.99914673753855,-4.0577148718281696e-05,-4.0577148718281696e-05,1.1594001057669685e-05,8.561841332966924e-06,8.561841332966924e-06,1.7179877322573763e-07,1.1377475206730853e-06,1.137747520673086e-06,0.9991726130498952,-6.076466924675195e-06,-6.076466924675195e-06,-6.352747104424481e-22,232.15401184709611
2.0884446793455997,7.487651393726477e-06,8.622890182091312e-06,0.9991463438983166,-4.056680070583553e-05,-4.056680070583553e-05,1.1594320231362397e-05,8.558533763186728e-06,8.558533763186728e-06,1.6454103383466815e-07,1.1352387883648347e-06,1.1352387883648351e-06,0.9991722125688629,-6.075239977470281e-06,-6.075239977470281e-06,-4.235164736288654e-22,231.0982834383122
2.0907472644385936,7.487869873331922e-06,8.62059936262135e-06,0.9991459517469676,-4.055628332098459e-05,-4.055628332098459e-05,1.1594623179436354e-05,8.555208235355207e-06,8.555208235355207e-06,1.5730041180225627e-07,1.132729489289427e-06,1.1327294892894277e-06,0.9991718135450555,-6.073885870499191e-06,-6.073885870499191e-06,-6.352747104424327e-22,230.0473749155537
2.0930498495315875,7.488078389961865e-06,8.618298028146229e-06,0.9991455610800891,-4.0545596791662365e-05,-4.0545596791662365e-05,1.1594909938175044e-05,8.55186484250751e-06,8.55186484250751e-06,1.5007687854794327e-07,1.130219638184365e-06,1.1302196381843636e-06,0.9991714159741736,-6.072404679077451e-06,-6.072404679077451e-06,1.4823076576933257e-21,229.0012644846302
2.0953524346245818,7.488276966995403e-06,8.615986216737644e-06,0.9991451718932728,-4.0534741362639927e-05,-4.0534741362639927e-05,1.1595180543815881e-05,8.548503677707598e-06,8.548503677707598e-06,1.4287040555495904e-07,1.1277092497422425e-06,1.1277092497422408e-06,0.999171019851923,-6.070796495689351e-06,-6.070796495689351e-06,1.6940658945069083e-21,227.9599304474811
2.0976550197175756,7.488465627773815e-06,8.613663966384649e-06,0.9991447841821163,-4.0523717295271396e-05,-4.0523717295271396e-05,1.159543503255025e-05,8.54512483403874e-06,8.54512483403874e-06,1.3568096437022914e-07,1.1251983386108342e-06,1.125198338610834e-06,0.9991706251740154,-6.0690614297328e-06,-6.0690614297328e-06,2.1175823681189023e-22,226.92335120178063
2.09995760481057,7.488644395600639e-06,8.611331314993787e-06,0.9991443979422231,-4.051252486724025e-05,-4.051252486724025e-05,1.1595673440523515e-05,8.54172840459412e-06,8.54172840459412e-06,1.2850852660424694e-07,1.1226869193931494e-06,1.1226869193931486e-06,0.999170231936168,-6.0671996072650985e-06,-6.0671996072650985e-06,8.47032947252623e-22,225.89150524054145
2.102260189903564,7.4888132937417485e-06,8.608988300389246e-06,0.999144013169203,-4.0501164372306406e-05,-4.0501164372306406e-05,1.1595895803835075e-05,8.538314482467582e-06,8.538314482467582e-06,1.2135306393099194e-07,1.1201750066474977e-06,1.1201750066474975e-06,0.9991698401341041,-6.065211170749422e-06,-6.065211170749422e-06,2.1175823681190522e-22,224.8643711517231
2.104562774996558,7.488972345425431e-06,8.606634960313002e-06,0.9991436298586713,-4.0489636120054226e-05,-4.0489636120054226e-05,1.1596102158538382e-05,8.534883160744489e-06,8.534883160744489e-06,1.1421454808779748e-07,1.1176626148875696e-06,1.1176626148875707e-06,0.9991694497635523,-6.063096278802218e-06,-6.063096278802218e-06,-1.0587911840695379e-21,223.8419276178377
2.106865360089552,7.489121573842463e-06,8.604271332424959e-06,0.99914324800625,-4.0477940435641395e-05,-4.0477940435641395e-05,1.1596292540640972e-05,8.53143453249272e-06,8.53143453249272e-06,1.0709295087527838e-07,1.115149758582495e-06,1.115149758582496e-06,0.9991690608202473,-6.06085510594156e-06,-6.06085510594156e-06,-1.0587911840695303e-21,222.82415341556134
2.109167945182546,7.489261002146186e-06,8.6018974543031e-06,0.9991428676075667,-4.046607765954883e-05,-4.046607765954883e-05,1.1596466986104505e-05,8.527968690753774e-06,8.527968690753774e-06,9.998824415719265e-08,1.1126364521569148e-06,1.1126364521569144e-06,0.9991686732999295,-6.058487842336428e-06,-6.058487842336428e-06,4.235164736255025e-22,221.81102741534238
2.11147053027554,7.489390653452585e-06,8.59951336344363e-06,0.9991424886582553,-4.045404814733156e-05,-4.045404814733156e-05,1.1596625530844796e-05,8.524485728534005e-06,8.524485728534005e-06,9.290039986036267e-08,1.110122709991045e-06,1.1101227099910454e-06,0.9991682871983456,-6.055994693557043e-06,-6.055994693557043e-06,-4.235164736287905e-22,220.802528581014
2.113773115368534,7.489510550840362e-06,8.597119097261124e-06,0.9991421111539562,-4.04418522693707e-05,-4.04418522693707e-05,1.1596768210731844e-05,8.52098573879599e-06,8.52098573879599e-06,8.582938997457198e-08,1.1076085464207624e-06,1.1076085464207616e-06,0.999167902511248,-6.053375880326204e-06,-6.053375880326204e-06,8.4703294725266725e-22,219.79863596940785
2.1160757004615283,7.4896207173510155e-06,8.594714693088664e-06,0.9991417350903159,-4.0429490410626424e-05,-4.0429490410626424e-05,1.159689506158987e-05,8.517468814449999e-06,8.517468814449999e-06,7.877518655243347e-08,1.1050939757376476e-06,1.1050939757376485e-06,0.9991675192343952,-6.050631638271768e-06,-6.050631638271768e-06,-8.470329472559261e-22,218.79932872996764
2.118378285554522,7.489721175988916e-06,8.592300188177999e-06,0.9991413604629871,-4.041696297039225e-05,-4.041696297039225e-05,1.1597006119197348e-05,8.51393504834561e-06,8.51393504834561e-06,7.173776170933167e-08,1.1025790121890818e-06,1.102579012189083e-06,0.9991671373635516,-6.047762217680253e-06,-6.047762217680253e-06,-1.270549420883069e-21,217.8045861043645
2.1206808706475164,7.489811949721381e-06,8.589875619699681e-06,0.9991409872676289,-4.0404270362050274e-05,-4.0404270362050274e-05,1.159710141928704e-05,8.510384533263428e-06,8.510384533263428e-06,6.47170876232859e-08,1.1000636699782999e-06,1.1000636699783003e-06,0.999166756894488,-6.044767883251551e-06,-6.044767883251551e-06,-4.2351647362876135e-22,216.81438742611402
2.1229834557405103,7.489893061478749e-06,8.587441024743215e-06,0.999140615499907,-4.0391413012827836e-05,-4.0391413012827836e-05,1.1597180997546037e-05,8.506817361906932e-06,8.506817361906932e-06,5.7713136534867126e-08,1.097547963264468e-06,1.0975479632644662e-06,0.9991663778229812,-6.0416489138549745e-06,-6.0416489138549745e-06,1.6940658945069966e-21,215.82871212019603
2.125286040833504,7.489964534154464e-06,8.584996440317203e-06,0.9991402451554933,-4.037839136355524e-05,-4.037839136355524e-05,1.1597244889615779e-05,8.503233626894453e-06,8.503233626894453e-06,5.072588074709434e-08,1.0950319061627413e-06,1.0950319061627396e-06,0.9991660001448143,-6.0384056022864295e-06,-6.0384056022864295e-06,1.694065894507004e-21,214.84753970267133
2.1275886259264984,7.490026390605142e-06,8.582541903349495e-06,0.9991398762300662,-4.036520586842491e-05,-4.036520586842491e-05,1.1597293131092105e-05,8.499633420751256e-06,8.499633420751256e-06,4.375529262532837e-08,1.092515512744352e-06,1.0925155127443527e-06,0.9991656238557762,-6.0350382550269325e-06,-6.0350382550269325e-06,-6.35274710442315e-22,213.8708497803042
2.1298912110194923,7.490078653650652e-06,8.580077450687332e-06,0.9991395087193107,-4.035185699475172e-05,-4.035185699475172e-05,1.1597325757525285e-05,8.496016835901759e-06,8.496016835901759e-06,3.6801344597186633e-08,1.089998797036679e-06,1.0899987970366803e-06,0.9991652489516627,-6.031547192002393e-06,-6.031547192002393e-06,-1.2705494208830332e-21,212.89862205018514
2.1321937961124866,7.4901213460741906e-06,8.577603119097493e-06,0.9991391426189186,-4.03383452227348e-05,-4.03383452227348e-05,1.1597342804420048e-05,8.492383964661851e-06,8.492383964661851e-06,2.986400915242392e-08,1.0874817730233034e-06,1.0874817730233027e-06,0.9991648754282758,-6.027932746344824e-06,-6.027932746344824e-06,6.352747104391497e-22,211.93083629935182
2.1344963812054805,7.490154490622358e-06,8.575118945266446e-06,0.9991387779245877,-4.032467104522061e-05,-4.032467104522061e-05,1.1597344307235628e-05,8.48873489923136e-06,8.48873489923136e-06,2.2943258842863463e-08,1.0849644546440879e-06,1.0849644546440879e-06,0.9991645032814235,-6.02419526415483e-06,-6.02419526415483e-06,-1.568461639958918e-33,210.96747240441692
2.1367989662984748,7.490178110005235e-06,8.57262496580049e-06,0.9991384146320231,-4.0310834967467514e-05,-4.0310834967467514e-05,1.15973303013858e-05,8.4850697316866e-06,8.4850697316866e-06,1.6039066282265924e-08,1.082446855795255e-06,1.0824468557952558e-06,0.9991641325069205,-6.020335104265551e-06,-6.020335104265551e-06,-8.470329472558618e-22,210.00851033119088
2.1391015513914686,7.490192226896455e-06,8.57012121722591e-06,0.9991380527369362,-4.0296837506911704e-05,-4.0296837506911704e-05,1.1597300822238905e-05,8.481388553973082e-06,8.481388553973082e-06,9.15140414626655e-09,1.0799289903294553e-06,1.0799289903294543e-06,0.999163763100588,-6.016352638008066e-06,-6.016352638008066e-06,1.058791184066321e-21,209.05393013431248
2.1414041364844625,7.490196863933285e-06,8.567607735989113e-06,0.9991376922350452,-4.028267919293466e-05,-4.028267919293466e-05,1.1597255905117905e-05,8.477691457898297e-06,8.477691457898297e-06,2.2802451722474833e-09,1.0774108720558293e-06,1.0774108720558285e-06,0.9991633950582532,-6.012248248978207e-06,-6.012248248978207e-06,8.470329472527528e-22,208.10371195687418
2.143706721577457,7.4901920437166965e-06,8.565084558456793e-06,0.9991373331220752,-4.026836056663205e-05,-4.026836056663205e-05,1.1597195585300408e-05,8.473978535124657e-06,8.473978535124657e-06,-4.5744378407341584e-09,1.0748925147400976e-06,1.0748925147400961e-06,0.9991630283757506,-6.008022332804877e-06,-6.008022332804877e-06,1.482307657693485e-21,207.1578360300542
2.1460093066704506,7.490177788811443e-06,8.562551720916056e-06,0.9991369753937579,-4.025388218058419e-05,-4.025388218058419e-05,1.1597119898018711e-05,8.470249877162524e-06,8.470249877162524e-06,-1.1412672032061245e-08,1.0723739321046124e-06,1.0723739321046128e-06,0.9991626630489207,-6.0036752969199625e-06,-6.0036752969199625e-06,-4.235164736286838e-22,206.2162826727471
2.148311891763445,7.4901541217461376e-06,8.560009259574592e-06,0.999136619045832,-4.0239244598628e-05,-4.0239244598628e-05,1.1597028878459836e-05,8.46650557536336e-06,8.46650557536336e-06,-1.8234484479621883e-08,1.0698551378284542e-06,1.0698551378284549e-06,0.9991622990736106,-5.999207560329629e-06,-5.999207560329629e-06,-6.35274710442252e-22,205.27903229119588
2.150614476856439,7.490121065013323e-06,8.557457210560808e-06,0.9991362640740429,-4.022444839563058e-05,-4.022444839563058e-05,1.1596922561765569e-05,8.462745720913012e-06,8.462745720913012e-06,-2.5039902199942673e-08,1.067336145547485e-06,1.067336145547485e-06,0.9991619364456745,-5.99461955338735e-06,-5.99461955338735e-06,-1.519916495785417e-33,204.34606537862575
2.1529170619494327,7.490078641069551e-06,8.55489560992398e-06,0.9991359104741432,-4.020949415726434e-05,-4.020949415726434e-05,1.1596800983032502e-05,8.458970404825085e-06,8.458970404825085e-06,-3.1828952148253005e-08,1.0648169688544287e-06,1.0648169688544285e-06,0.9991615751609729,-5.9899117175684185e-06,-5.9899117175684185e-06,2.11758236812062e-22,203.41736251487933
2.155219647042427,7.490026872335458e-06,8.5523244936344e-06,0.9991355582418922,-4.0194382479783714e-05,-4.0194382479783714e-05,1.1596664177312068e-05,8.455179717934442e-06,8.455179717934442e-06,-3.8601661218585824e-08,1.0622976212989414e-06,1.0622976212989422e-06,0.999161215215373,-5.985084505246114e-06,-5.985084505246114e-06,-8.470329472558067e-22,202.49290436605318
2.157522232135421,7.489965781195837e-06,8.549743897583535e-06,0.9991352073730562,-4.017911396980361e-05,-4.017911396980361e-05,1.1596512179610585e-05,8.451373750890823e-06,8.451373750890823e-06,-4.535805624387913e-08,1.0597781163876974e-06,1.0597781163876974e-06,0.999160856604749,-5.980138379469471e-06,-5.980138379469471e-06,-1.499539487938215e-33,201.57267168413472
2.159824817228415,7.489895389999718e-06,8.547153857584157e-06,0.9991348578634087,-4.016368924407939e-05,-4.016368924407939e-05,1.1596345024889292e-05,8.447552594152566e-06,8.447552594152566e-06,-5.2098163996053674e-08,1.0572584675844388e-06,1.0572584675844394e-06,0.9991604993249815,-5.975073813742759e-06,-5.975073813742759e-06,-6.35274710442218e-22,200.65664530664168
2.162127402321409,7.4898157210604345e-06,8.544554409370512e-06,0.9991345097087302,-4.014810892928858e-05,-4.014810892928858e-05,1.1596162748064388e-05,8.44371633798044e-06,8.44371633798044e-06,-5.8822011186109354e-08,1.0547386883100765e-06,1.0547386883100776e-06,0.9991601433719584,-5.9698912918065304e-06,-5.9698912918065304e-06,-1.0587911840693616e-21,199.7448061562619
2.1644299874144033,7.489726796655708e-06,8.541945588598457e-06,0.9991341629048082,-4.01323736618143e-05,-4.01323736618143e-05,1.1595965384007082e-05,8.4398650724316e-06,8.4398650724316e-06,-6.552962446423253e-08,1.0522187919427489e-06,1.0522187919427485e-06,0.999159788741574,-5.9645913074204735e-06,-5.9645913074204735e-06,4.235164736256708e-22,198.83713524049466
2.166732572507397,7.489628639027719e-06,8.539327430845611e-06,0.9991338174474371,-4.011648408753037e-05,-4.011648408753037e-05,1.159575296754362e-05,8.435998887353645e-06,8.435998887353645e-06,-7.222103041984952e-08,1.0496987918178927e-06,1.0496987918178923e-06,0.9991594354297296,-5.959174364147925e-06,-5.959174364147925e-06,4.235164736256774e-22,197.93361365129385
2.169035157600391,7.4895212703831785e-06,8.536699971611507e-06,0.9991334733324192,-4.0100440861588086e-05,-4.0100440861588086e-05,1.1595525533455339e-05,8.432117872378782e-06,8.432117872378782e-06,-7.889625558176076e-08,1.0471787012283269e-06,1.0471787012283284e-06,0.9991590834323341,-5.953640975142059e-06,-5.953640975142059e-06,-1.4823076576964917e-21,197.03422256471157
2.1713377426933853,7.489404712893408e-06,8.534063246317737e-06,0.9991331305555632,-4.008424464820487e-05,-4.008424464820487e-05,1.15952831164787e-05,8.428222116918106e-06,8.428222116918106e-06,-8.555532641819644e-08,1.04465853342433e-06,1.0446585334243294e-06,0.9991587327453021,-5.947991662933921e-06,-5.947991662933921e-06,6.352747104392658e-22,196.13894324054283
2.173640327786379,7.489278988694413e-06,8.531417290308114e-06,0.9991327891126854,-4.006789612045454e-05,-4.006789612045454e-05,1.1595025751305332e-05,8.42431171015599e-06,8.42431171015599e-06,-9.219826933692162e-08,1.0421383016137002e-06,1.0421383016137013e-06,0.9991583833645563,-5.942226959222085e-06,-5.942226959222085e-06,-1.0587911840693283e-21,195.24775702197354
2.1759429128793735,7.489144119886956e-06,8.5287621388488e-06,0.9991324489996093,-4.005139596005945e-05,-4.005139596005945e-05,1.1594753472582078e-05,8.420386741044575e-06,8.420386741044575e-06,-9.882511068532296e-08,1.0396180189618435e-06,1.0396180189618441e-06,0.9991580352860259,-5.936347404664252e-06,-5.936347404664252e-06,-6.352747104421717e-22,194.3606453352266
2.1782454979723673,7.489000128536631e-06,8.526097827128482e-06,0.9991321102121657,-4.0034744857184344e-05,-4.0034744857184344e-05,1.1594466314911035e-05,8.416447298298365e-06,8.416447298298365e-06,-1.0543587675048119e-07,1.0370976985918506e-06,1.0370976985918513e-06,0.9991576885056471,-5.930353548670414e-06,-5.930353548670414e-06,-6.352747104421652e-22,193.47758968921187
2.1805480830653616,7.488847036673942e-06,8.523424390258499e-06,0.9991317727461928,-4.001794351023204e-05,-4.001794351023204e-05,1.1594164312849593e-05,8.412493470388946e-06,8.412493470388946e-06,-1.1203059375929309e-07,1.0345773535845558e-06,1.0345773535845566e-06,0.9991573430193635,-5.924245949198046e-06,-5.924245949198046e-06,-8.470329472557337e-22,192.5985716751767
2.1828506681583555,7.488684866294373e-06,8.520741863273007e-06,0.9991314365975359,-4.000099262564095e-05,-4.000099262564095e-05,1.1593847500910481e-05,8.408525345539789e-06,8.408525345539789e-06,-1.186092878785207e-07,1.0320569969786347e-06,1.032056996978634e-06,0.9991569988231257,-5.918025172548921e-06,-5.918025172548921e-06,6.352747104392983e-22,191.72357296635698
2.1851532532513493,7.488513639358465e-06,8.518050281129123e-06,0.9991311017620479,-3.998389291768435e-05,-3.998389291768435e-05,1.1593515913561818e-05,8.404543011721166e-06,8.404543011721166e-06,-1.2517198521489943e-07,1.0295366417706578e-06,1.029536641770658e-06,0.9991566559128913,-5.911691793167861e-06,-5.911691793167861e-06,-2.117582368149956e-22,190.85257531762917
2.1874558383443437,7.488333377791889e-06,8.515349678707077e-06,0.999130768235589,-3.996664510827152e-05,-3.996664510827152e-05,1.1593169585227142e-05,8.400546556645168e-06,8.400546556645168e-06,-1.317187118152182e-07,1.027016300915188e-06,1.0270163009151885e-06,0.9991563142846251,-5.905246393443211e-06,-5.905246393443211e-06,-4.235164736285643e-22,189.98556056516654
2.1897584234373375,7.488144103485522e-06,8.512640090810363e-06,0.999130436014027,-3.9949249926750756e-05,-3.9949249926750756e-05,1.1592808550285466e-05,8.396536067760842e-06,8.396536067760842e-06,-1.382494936663991e-07,1.0244959873248431e-06,1.0244959873248414e-06,0.9991559739342993,-5.8986895635093034e-06,-5.8986895635093034e-06,1.694065894507193e-21,189.12251062609275
2.192061008530332,7.48794583829552e-06,8.509921552165891e-06,0.999130105093237,-3.9931708109714156e-05,-3.9931708109714156e-05,1.1592432843071315e-05,8.39251163224939e-06,8.39251163224939e-06,-1.4476435669560234e-07,1.02197571387037e-06,1.0219757138703713e-06,0.9991556348578935,-5.892021901050591e-06,-5.892021901050591e-06,-1.2705494208828519e-21,188.26340749813872
2.1943635936233257,7.487738604043394e-06,8.507194097424136e-06,0.9991297754691015,-3.991402040080434e-05,-3.991402040080434e-05,1.1592042497874779e-05,8.388473337019518e-06,8.388473337019518e-06,-1.5126332677028135e-07,1.019455493380743e-06,1.0194554933807425e-06,0.9991552970513938,-5.8852440111077965e-06,-5.8852440111077965e-06,4.235164736257551e-22,187.4082332593013
2.1966661787163195,7.4875224225160795e-06,8.504457761159284e-06,0.999129447137511,-3.989618755052297e-05,-3.989618755052297e-05,1.1591637548941549e-05,8.384421268702847e-06,8.384421268702847e-06,-1.577464296982888e-07,1.0169353386432044e-06,1.0169353386432042e-06,0.9991549605107944,-5.878356505885834e-06,-5.878356505885834e-06,2.117582368121863e-22,186.5569700675013
2.198968763809314,7.487297315466019e-06,8.501712577869395e-06,0.9991291200943628,-3.9878210316041174e-05,-3.9878210316041174e-05,1.1591218030472967e-05,8.380355513649443e-06,8.380355513649443e-06,-1.6421369122795764e-07,1.0144152624033766e-06,1.0144152624033762e-06,0.9991546252320964,-5.871360004563593e-06,-5.871360004563593e-06,4.235164736257677e-22,185.70960016024466
2.2012713489023077,7.487063304611226e-06,8.498958581976542e-06,0.9991287943355627,-3.986008946101186e-05,-3.986008946101186e-05,1.159078397662607e-05,8.376276157923444e-06,8.376276157923444e-06,-1.706651370481624e-07,1.0118952773653174e-06,1.0118952773653161e-06,0.9991542912113086,-5.8642551331056925e-06,-5.8642551331056925e-06,1.2705494208800741e-21,184.86610585428363
2.203573933995302,7.486820411635368e-06,8.496195807826973e-06,0.9991284698570232,-3.984182575538388e-05,-3.984182575538388e-05,1.1590335421513641e-05,8.372183287298774e-06,8.372183287298774e-06,-1.7710079278844307e-07,1.0093753961916043e-06,1.009375396191605e-06,0.9991539584444467,-5.8570425240759845e-06,-5.8570425240759845e-06,-6.352747104420953e-22,184.0264695452797
2.205876519088296,7.486568658187836e-06,8.493424289691254e-06,0.999128146654665,-3.982341997521812e-05,-3.982341997521812e-05,1.1589872399204245e-05,8.368076987254965e-06,8.368076987254965e-06,-1.8352068401904094e-07,1.0068556315034191e-06,1.006855631503418e-06,0.9991536269275341,-5.849722816453099e-06,-5.849722816453099e-06,1.0587911840665117e-21,183.19067370746797
2.20817910418129,7.486308065883817e-06,8.490644061764423e-06,0.9991278247244163,-3.980487290250543e-05,-3.980487290250543e-05,1.1589394943722288e-05,8.363957342973072e-06,8.363957342973072e-06,-1.8992483625101463e-07,1.0043359958806058e-06,1.004335995880606e-06,0.9991532966566016,-5.842296655447741e-06,-5.842296655447741e-06,-2.1175823681493273e-22,182.35870089332187
2.210481689274284,7.4860386563043716e-06,8.487855158166146e-06,0.999127504062213,-3.978618532498654e-05,-3.978618532498654e-05,1.1588903089048052e-05,8.359824439331681e-06,8.359824439331681e-06,-1.9631327493630043e-07,1.0018165018617746e-06,1.0018165018617746e-06,0.9991529676276875,-5.8347646923219545e-06,-5.8347646923219545e-06,-1.3515209907397068e-33,181.53053373322052
2.212784274367278,7.485760450996506e-06,8.48505761294086e-06,0.9991271846639986,-3.9767358035973774e-05,-3.9767358035973774e-05,1.158839686911775e-05,8.355678360903014e-06,8.355678360903014e-06,-2.0268602546780727e-07,9.992971619443556e-07,9.992971619443546e-07,0.9991526398368374,-5.827127584210331e-06,-5.827127584210331e-06,1.0587911840665301e-21,180.70615493511582
2.215086859460272,7.485473471473246e-06,8.482251460057935e-06,0.9991268665257245,-3.9748391834174705e-05,-3.9748391834174705e-05,1.1587876317823574e-05,8.35151919194912e-06,8.35151919194912e-06,-2.09043113179486e-07,9.967779885846896e-07,9.967779885846888e-07,0.9991523132801047,-5.8193859939429646e-06,-5.8193859939429646e-06,8.47032947252961e-22,179.88554728420166
2.217389444553266,7.48517773921371e-06,8.479436733411818e-06,0.9991265496433498,-3.9729287523517804e-05,-3.9729287523517804e-05,1.1587341469013736e-05,8.347347016418174e-06,8.347347016418174e-06,-2.1538456334641183e-07,9.942589941981063e-07,9.942589941981075e-07,0.99915198795355,-5.811540589870532e-06,-5.811540589870532e-06,-1.2705494208827836e-21,179.06869364258483
2.2196920296462603,7.484873275663184e-06,8.476613466822188e-06,0.9991262340128414,-3.9710045912979816e-05,-3.9710045912979816e-05,1.158679235649252e-05,8.343161917940847e-06,8.343161917940847e-06,-2.2171040118486718e-07,9.91740191159004e-07,9.917401911590041e-07,0.9991516638532418,-5.8035920456910625e-06,-5.8035920456910625e-06,-2.1175823681490226e-22,178.25557694895514
2.221994614739254,7.484560102233193e-06,8.473781694034113e-06,0.9991259196301739,-3.969066781641522e-05,-3.969066781641522e-05,1.1586229014020335e-05,8.33896397982679e-06,8.33896397982679e-06,-2.2802065185241635e-07,9.892215918009186e-07,9.892215918009195e-07,0.999151340975256,-5.795541040278769e-06,-5.795541040278769e-06,-8.470329472556216e-22,177.44618021825994
2.2242971998322485,7.484238240301577e-06,8.470941448718187e-06,0.9991256064913299,-3.967115405238749e-05,-3.967115405238749e-05,1.1585651475313754e-05,8.334753285061181e-06,8.334753285061181e-06,-2.3431534044798636e-07,9.8670320841661e-07,9.867032084166098e-07,0.9991510193156761,-5.787388257514745e-06,-5.787388257514745e-06,2.1175823681225987e-22,176.64048654137656
2.2265997849252424,7.483907711212564e-06,8.468092764470705e-06,0.9991252945922995,-3.96515054440023e-05,-3.96515054440023e-05,1.158505977404557e-05,8.33052991630139e-06,8.33052991630139e-06,-2.405944920119371e-07,9.841850532581427e-07,9.841850532581415e-07,0.9991506988705929,-5.779134386119481e-06,-5.779134386119481e-06,1.2705494208801413e-21,175.8384790847882
2.228902370018236,7.483568536276841e-06,8.465235674813792e-06,0.9991249839290812,-3.963172281874265e-05,-3.963172281874265e-05,1.1584453943844843e-05,8.326293955873704e-06,8.326293955873704e-06,-2.468581315261575e-07,9.81667138536951e-07,9.816671385369514e-07,0.9991503796361056,-5.770780119487483e-06,-5.770780119487483e-06,-4.235164736284535e-22,175.04014109026028
2.2312049551112305,7.483220736771631e-06,8.462370213195577e-06,0.9991246744976812,-3.9611807008305875e-05,-3.9611807008305875e-05,1.1583834018296949e-05,8.32204548577016e-06,8.32204548577016e-06,-2.531062839141125e-07,9.791494764239465e-07,9.79149476423946e-07,0.9991500616083208,-5.7623261555235654e-06,-5.7623261555235654e-06,6.352747104394279e-22,174.2454558745176
2.2335075402042244,7.482864333940765e-06,8.459496412990329e-06,0.9991243662941132,-3.959175884844256e-05,-3.959175884844256e-05,1.1583200030943634e-05,8.317784587645458e-06,8.317784587645458e-06,-2.5933897404095635e-07,9.766320790495649e-07,9.766320790495642e-07,0.9991497447833522,-5.753773196481244e-06,-5.753773196481244e-06,6.352747104394338e-22,173.45440682892408
2.2358101252972187,7.482499348994753e-06,8.456614307498616e-06,0.9991240593143994,-3.9571579178797395e-05,-3.9571579178797395e-05,1.1582552015283058e-05,8.313511342813952e-06,8.313511342813952e-06,-2.655562267135677e-07,9.74114958503864e-07,9.741149585038634e-07,0.9991494291573219,-5.74512194880293e-06,-5.74512194880293e-06,6.352747104394396e-22,172.66697741916133
2.2381127103902125,7.482125803110858e-06,8.453723929947464e-06,0.9991237535545698,-3.9551268842751895e-05,-3.9551268842751895e-05,1.1581890004769849e-05,8.309225832246737e-06,8.309225832246737e-06,-2.7175806668065865e-07,9.715981268366059e-07,9.715981268366055e-07,0.9991491147263597,-5.736373122962039e-06,-5.736373122962039e-06,4.235164736258704e-22,171.88315118491175
2.2404152954832064,7.481743717433176e-06,8.450825313490496e-06,0.9991234490106622,-3.953082868726902e-05,-3.953082868726902e-05,1.1581214032815153e-05,8.304928136568808e-06,8.304928136568808e-06,-2.7794451863283334e-07,9.690815960573207e-07,9.6908159605732e-07,0.9991488014866027,-5.727527433307039e-06,-5.727527433307039e-06,8.470329472530263e-22,171.10291173953942
2.2427178805762007,7.4813531130726955e-06,8.4479184912081e-06,0.9991231456787225,-3.9510259562739716e-05,-3.9510259562739716e-05,1.1580524132786685e-05,8.300618336056313e-06,8.300618336056313e-06,-2.8411560720266855e-07,9.66565378135404e-07,9.66565378135404e-07,0.9991484894341961,-5.718585597907319e-06,-5.718585597907319e-06,-1.2681958969775856e-33,170.32624276977407
2.2450204656691946,7.4809540111073845e-06,8.445003496107568e-06,0.9991228435548046,-3.948956232283135e-05,-3.948956232283135e-05,1.157982033800878e-05,8.29629651063388e-06,8.29629651063388e-06,-2.9027135696477996e-07,9.640494850001834e-07,9.640494850001832e-07,0.9991481785652929,-5.709548338401082e-06,-5.709548338401082e-06,2.1175823681231265e-22,169.5531280353972
2.247323050762189,7.4805464325822535e-06,8.442080361123261e-06,0.9991225426349708,-3.946873782433798e-05,-3.946873782433798e-05,1.1579102681762446e-05,8.291962739872025e-06,8.291962739872025e-06,-2.964117924359045e-07,9.615339285410078e-07,9.615339285410078e-07,0.9991478688760542,-5.700416379844933e-06,-5.700416379844933e-06,-1.2566910959891645e-33,168.78355136892588
2.2496256358551827,7.480130398509435e-06,8.439149119116759e-06,0.9991222429152908,-3.944778692703258e-05,-3.944778692703258e-05,1.1578371197285417e-05,8.287617102984651e-06,8.287617102984651e-06,-3.0253693807496667e-07,9.590187206073245e-07,9.590187206073232e-07,0.9991475603626482,-5.691190450565546e-06,-5.691190450565546e-06,1.2705494208801996e-21,168.01749667530208
2.251928220948177,7.479705929868252e-06,8.436209802877006e-06,0.9991219443918429,-3.9426710493521104e-05,-3.9426710493521104e-05,1.1577625917772197e-05,8.2832596788266e-06,8.2832596788266e-06,-3.086468182831598e-07,9.565038730087554e-07,9.565038730087541e-07,0.9991472530212515,-5.681871282013079e-06,-5.681871282013079e-06,1.2705494208802052e-21,167.25494793158006
2.254230806041171,7.479273047605295e-06,8.433262445120478e-06,0.9991216470607132,-3.940550938909846e-05,-3.940550938909846e-05,1.1576866876374124e-05,8.27889054589132e-06,8.27889054589132e-06,-3.147414574040039e-07,9.539893975151848e-07,9.539893975151833e-07,0.9991469468480485,-5.672459608616549e-06,-5.672459608616549e-06,1.4823076576937862e-21,166.49588918661604
2.2565333911341647,7.478831772634488e-06,8.430307078491323e-06,0.999121350917996,-3.938418448160629e-05,-3.938418448160629e-05,1.1576094106199417e-05,8.274509782308574e-06,8.274509782308574e-06,-3.2082087972343834e-07,9.51475305856836e-07,9.514753058568355e-07,0.9991466418392315,-5.662956167640996e-06,-5.662956167640996e-06,5.293955920327037e-22,165.74030456075923
2.258835976227159,7.47838212583717e-06,8.427343735561522e-06,0.999121055959794,-3.9362736641292656e-05,-3.9362736641292656e-05,1.1575307640313221e-05,8.270117465842245e-06,8.270117465842245e-06,-3.2688510946987377e-07,9.489616097243503e-07,9.489616097243518e-07,0.9991463379910006,-5.65336169904657e-06,-5.65336169904657e-06,-1.482307657696254e-21,164.9881782455439
2.261138561320153,7.477924128062161e-06,8.424372448831041e-06,0.9991207621822175,-3.934116674067363e-05,-3.934116674067363e-05,1.1574507511737682e-05,8.26571367388822e-06,8.26571367388822e-06,-3.3293417081426827e-07,9.464483207688792e-07,9.464483207688805e-07,0.9991460352995639,-5.643676945349467e-06,-5.643676945349467e-06,-1.2705494208826732e-21,164.23949450338256
2.263441146413147,7.477457800125838e-06,8.421393250727984e-06,0.9991204695813853,-3.9319475654396615e-05,-3.9319475654396615e-05,1.157369375345198e-05,8.261298483472326e-06,8.261298483472326e-06,-3.3896808787021255e-07,9.439354506021456e-07,9.439354506021464e-07,0.9991457337611376,-5.633902651484677e-06,-5.633902651484677e-06,-8.470329472555174e-22,163.49423766725963
2.265743731506141,7.476983162812207e-06,8.418406173608749e-06,0.9991201781534247,-3.929766425910564e-05,-3.929766425910564e-05,1.1572866398392386e-05,8.25687197124837e-06,8.25687197124837e-06,-3.449868846939649e-07,9.41423010796541e-07,9.414230107965424e-07,0.9991454333719455,-5.624039564670644e-06,-5.624039564670644e-06,-1.3764285392894497e-21,162.75239214042836
2.2680463165991354,7.476500236872973e-06,8.415411249758179e-06,0.9991198878944705,-3.9275733433308396e-05,-3.9275733433308396e-05,1.157202547945233e-05,8.25243421349622e-06,8.25243421349622e-06,-3.5099058528457554e-07,9.389110128852057e-07,9.389110128852055e-07,0.9991451341282197,-5.614088434275681e-06,-5.614088434275681e-06,2.1175823681236898e-22,162.0139423961061
2.270348901692129,7.4760090430276175e-06,8.412408511389714e-06,0.999119598800666,-3.925368405724515e-05,-3.925368405724515e-05,1.1571171029482438e-05,8.24798528611999e-06,8.24798528611999e-06,-3.5697921358389773e-07,9.363994683620967e-07,9.363994683620967e-07,0.9991448360262002,-5.604050011686296e-06,-5.604050011686296e-06,-1.2006149622244765e-33,161.27887297717308
2.272651486785123,7.475509601963467e-06,8.409397990645555e-06,0.9991193108681632,-3.923151701275949e-05,-3.923151701275949e-05,1.1570303081290597e-05,8.243525264646268e-06,8.243525264646268e-06,-3.6295279347669407e-07,9.338883886820889e-07,9.33888388682088e-07,0.9991445390621351,-5.593925050177272e-06,-5.593925050177272e-06,9.529120656598928e-22,160.54716849587126
2.2749540718781174,7.4750019343357664e-06,8.406379719596807e-06,0.9991190240931216,-3.920923318317083e-05,-3.920923318317083e-05,1.1569421667642007e-05,8.239054224222426e-06,8.239054224222426e-06,-3.689113487906971e-07,9.31377785261041e-07,9.313777852610406e-07,0.9991442432322803,-5.5837143047836e-06,-5.5837143047836e-06,4.2351647362596048e-22,159.81881363350422
2.2772566569711112,7.4744860607677515e-06,8.403353730243634e-06,0.9991187384717094,-3.9186833453148775e-05,-3.9186833453148775e-05,1.1568526821259236e-05,8.234572239615012e-06,8.234572239615012e-06,-3.748549032966617e-07,9.28867669475884e-07,9.288676694758826e-07,0.9991439485329001,-5.573418532174239e-06,-5.573418532174239e-06,1.3764285392870539e-21,159.09379314013918
2.2795592420641055,7.4739620018507206e-06,8.400320054515425e-06,0.9991184540001029,-3.916431870858928e-05,-3.916431870858928e-05,1.156761857482228e-05,8.230079385208179e-06,8.230079385208179e-06,-3.80783480708458e-07,9.263580526647051e-07,9.26358052664704e-07,0.9991436549602665,-5.563038490527579e-06,-5.563038490527579e-06,1.0587911840666965e-21,158.372091834309
2.2818618271570994,7.473429778144109e-06,8.39727872427093e-06,0.9991181706744869,-3.914168983649256e-05,-3.914168983649256e-05,1.156669696096861e-05,8.225575735002216e-06,8.225575735002216e-06,-3.8669710468311605e-07,9.238489461268221e-07,9.238489461268218e-07,0.9991433625106597,-5.552574939408836e-06,-5.552574939408836e-06,2.1175823681240161e-22,157.65369460271612
2.2841644122500933,7.47288941017556e-06,8.394229771298435e-06,0.9991178884910542,-3.91189477248428e-05,-3.91189477248428e-05,1.1565762012293238e-05,8.221061362612118e-06,8.221061362612118e-06,-3.925957988209112e-07,9.21340361122874e-07,9.21340361122875e-07,0.999143071180368,-5.542028639649058e-06,-5.542028639649058e-06,-9.52912065662256e-22,156.93858639993698
2.2864669973430876,7.472340918440995e-06,8.391173227315892e-06,0.9991176074460062,-3.9096093262489656e-05,-3.9096093262489656e-05,1.1564813761348762e-05,8.216536341266237e-06,8.216536341266237e-06,-3.984795866654132e-07,9.188323088748984e-07,9.188323088748972e-07,0.9991427809656881,-5.5314003532260875e-06,-5.5314003532260875e-06,1.1646703024735003e-21,156.22675224812872
2.2887695824360814,7.471784323404688e-06,8.3881091239711e-06,0.9991173275355525,-3.907312733903152e-05,-3.907312733903152e-05,1.1563852240645435e-05,8.212000743805003e-06,8.212000743805003e-06,-4.043484917035619e-07,9.16324800566411e-07,9.16324800566412e-07,0.9991424918629244,-5.5206908431471214e-06,-5.5206908431471214e-06,-9.529120656622453e-22,155.5181772367361
2.2910721675290757,7.471219645499339e-06,8.385037492841837e-06,0.9991170487559109,-3.905005084470045e-05,-3.905005084470045e-05,1.1562877482651211e-05,8.207454642679682e-06,8.207454642679682e-06,-4.1020253736574e-07,9.13817847342499e-07,9.138178473424983e-07,0.9991422038683895,-5.509900873333103e-06,-5.509900873333103e-06,7.411538288463606e-22,154.81284652219932
2.2933747526220696,7.470646905126142e-06,8.381958365436028e-06,0.9991167711033078,-3.9026864670249005e-05,-3.9026864670249005e-05,1.1561889519791812e-05,8.20289810995123e-06,8.20289810995123e-06,-4.1604174702582026e-07,9.11311460309885e-07,9.113114603098859e-07,0.999141916978404,-5.4990312085048925e-06,-5.4990312085048925e-06,-8.470329472554472e-22,154.11074532766403
2.295677337715064,7.470066122654859e-06,8.378871773191894e-06,0.9991164945739779,-3.9003569706838616e-05,-3.9003569706838616e-05,1.1560888384450776e-05,8.198331217289186e-06,8.198331217289186e-06,-4.2186614400123465e-07,9.088056505370342e-07,9.088056505370346e-07,0.9991416311892974,-5.48808261407104e-06,-5.48808261407104e-06,-4.235164736282918e-22,153.41185894269168
2.2979799228080577,7.4694773184238946e-06,8.375777747478108e-06,0.999116219164164,-3.8980166845929857e-05,-3.8980166845929857e-05,1.1559874108969523e-05,8.193754035970642e-06,8.193754035970642e-06,-4.276757515530594e-07,9.06300429054215e-07,9.063004290542134e-07,0.9991413464974065,-5.477055856017425e-06,-5.477055856017425e-06,1.5881867761006768e-21,152.71617272297107
2.3002825079010516,7.468880512740362e-06,8.372676319593952e-06,0.9991159448701179,-3.895665697917431e-05,-3.895665697917431e-05,1.1558846725647406e-05,8.189166636879258e-06,8.189166636879258e-06,-4.3347059288604284e-07,9.037958068535905e-07,9.037958068535898e-07,0.9991410628990767,-5.4659517007985e-06,-5.4659517007985e-06,7.411538288463816e-22,152.02367209003145
2.302585092994046,7.468275725880161e-06,8.369567520769464e-06,0.9991156716880992,-3.893304099830817e-05,-3.893304099830817e-05,1.1557806266741776e-05,8.184569090504349e-06,8.184569090504349e-06,-4.392506911487139e-07,9.01291794889303e-07,9.012917948893031e-07,0.9991407803906616,-5.454770915230313e-06,-5.454770915230313e-06,-1.058791184079136e-22,151.33434253095618
