ln_a,zeta,u,delta_b,delta_gamma,delta_nu,theta_b,theta_gamma,theta_nu,alpha,Phi_N,Psi_N,delta_b_N,delta_gamma_N,delta_nu_N,slip_residual,canonical_denominator
0.0,0.0,0.0,1.0,0.0,0.0,0.0,0.0,0.0,3.41506546378282e-07,0.0,0.0,1.0,0.0,0.0,3.719498115806031e-32,620610.1976401471
0.002302585092994046,5.161255481636735e-10,7.847595169202419e-10,0.9999999984151191,-2.1605863718313626e-09,-2.1605863718313626e-09,7.850690070483486e-10,7.853650601084913e-10,7.853650601084913e-10,3.407280261496578e-07,2.686339687565892e-10,2.686339687565684e-10,1.0000000007693977,9.78451695849605e-10,9.78451695849605e-10,2.0834611715171425e-23,618950.4652900386
0.004605170185988092,1.0307173786252672e-09,1.5663529727699318e-09,0.9999999966169094,-4.85850495934239e-09,-4.85850495934239e-09,1.567588025657976e-09,1.5686108688296964e-09,1.5686108688296964e-09,3.39950199497872e-07,5.3563559414464e-10,5.356355941446646e-10,1.0000000013159682,1.4069069317373376e-09,1.4069069317373376e-09,-2.46086231876564e-23,617289.2511448008
0.0069077552789821375,1.5437800374389605e-09,2.3447962964524073e-09,0.9999999943904299,-8.487237456520235e-09,-8.487237456520235e-09,2.347568652817839e-09,2.3493106712960265e-09,2.3493106712960265e-09,3.3917307456501107e-07,8.010162590134635e-10,8.010162590134468e-10,1.0000000014248187,8.91947729289394e-10,8.91947729289394e-10,1.6750407439306134e-23,615626.6088273749
0.009210340371976183,2.055318063700145e-09,3.120105314253883e-09,0.9999999915239897,-1.3187311484617438e-08,-1.3187311484617438e-08,3.1250224219458626e-09,3.126879906887255e-09,3.126879906887255e-09,3.3839665939664686e-07,1.0647872505537771e-09,1.0647872505537378e-09,1.0000000008843055,-7.06890227601906e-10,-7.06890227601906e-10,3.9291079130694236e-23,613962.5917728445
0.01151292546497023,2.565335989442868e-09,3.892295750374678e-09,0.9999999878091217,-1.88116156684997e-08,-1.88116156684997e-08,3.8999608030267516e-09,3.900735182377755e-09,3.900735182377755e-09,3.3762096194246896e-07,1.3269597609317938e-09,1.3269597609318102e-09,0.9999999994860089,-3.242432667000987e-09,-3.242432667000987e-09,-1.6336817064171876e-23,612297.253224838
0.013815510557964275,3.0738383394285454e-09,4.661383227460476e-09,0.9999999830405563,-2.4966635893724435e-08,-2.4966635893724435e-08,4.67239520275303e-09,4.6704516546963666e-09,4.6704516546963666e-09,3.36845990056902e-07,1.5875448880319468e-09,1.5875448880319303e-09,0.999999997024706,-6.321102983882532e-09,-6.321102983882532e-09,1.6543612284142808e-23,610630.6462313845
0.01611809565095832,3.5808296308469897e-09,5.427383267133124e-09,0.9999999770161934,-3.111767398867051e-08,-3.111767398867051e-08,5.4423369646691125e-09,5.4358773747984236e-09,5.4358773747984236e-09,3.3607175149974374e-07,1.8465536362861304e-09,1.8465536362861345e-09,0.9999999932983432,-9.40814092013801e-09,-9.40814092013801e-09,-4.1359030303442695e-24,608962.8236417968
0.018420680743952367,4.086314372972104e-09,6.190311290521003e-09,0.9999999695370768,-3.672968205714706e-08,-3.672968205714706e-08,6.209797369318541e-09,6.1971752813953685e-09,6.1971752813953685e-09,3.352982539367942e-07,2.1039969175489142e-09,2.103996917548899e-09,0.9999999881080107,-1.1968436895063049e-08,-1.1968436895063049e-08,1.530284136399722e-23,607293.8381032408
0.020723265836946413,4.590297066827301e-09,6.95018261878861e-09,0.999999960407368,-4.140653477328666e-08,-4.140653477328666e-08,6.9747876343940554e-09,6.954782732662816e-09,6.954782732662816e-09,3.3452550494047737e-07,2.359885551961324e-09,2.359885551961309e-09,0.9999999812579159,-1.3605804298132218e-08,-1.3605804298132218e-08,1.4889251057072708e-23,605623.7420570956
0.02302585092994046,5.092782204910912e-09,7.707012473665706e-09,0.9999999494343188,-4.4992595491381155e-08,-4.4992595491381155e-08,7.737318914890814e-09,7.709300062498253e-09,7.709300062498253e-09,3.3375351199046703e-07,2.6142302687548187e-09,2.6142302687547935e-09,0.9999999725553562,-1.4164545596718332e-08,-1.4164545596718332e-08,2.5229008713344163e-23,603952.5877355109
0.025328436022934504,5.593774271017234e-09,8.460815977975902e-09,0.9999999364282456,-4.761080831559374e-08,-4.761080831559374e-08,8.497402303262347e-09,8.461337885923196e-09,8.461337885923196e-09,3.329822824743243e-07,2.8670417069586956e-09,2.8670417069586687e-09,0.9999999618106935,-1.3767544403690134e-08,-1.3767544403690134e-08,2.6883369937815375e-23,602280.4271587961
0.02763102111592855,6.093277740162267e-09,9.2116081561651e-09,0.999999921202503,-4.9628416673662885e-08,-4.9628416673662885e-08,9.255048829579517e-09,9.211363124180801e-09,9.211363124180801e-09,3.322118236880996e-07,3.1183304160028033e-09,3.1183304160028326e-09,0.9999999488373275,-1.2781984049002487e-08,-1.2781984049002487e-08,-2.936491171641884e-23,600607.3121310205
0.029933606208922596,6.591297078598518e-09,9.959403934829852e-09,0.9999999035734585,-5.156016891268206e-08,-5.156016891268206e-08,1.001026946169225e-08,9.95958346225436e-09,9.95958346225436e-09,3.314421428369757e-07,3.3681068562313245e-09,3.3681068562313345e-09,0.9999999334516703,-1.1722553173362648e-08,-1.1722553173362648e-08,-9.92616732204459e-24,598933.2942378977
0.03223619130191664,7.087836743879491e-09,1.0704218143245837e-08,0.9999998833604652,-5.393480382421828e-08,-5.393480382421828e-08,1.0763075105394028e-08,1.0705899506101535e-08,1.0705899506101535e-08,3.30673247035873e-07,3.6163813993663274e-09,3.6163813993663465e-09,0.9999999154731196,-1.111793125123493e-08,-1.111793125123493e-08,-1.9025154060743406e-23,597258.4248428326
0.03453877639491069,7.582901184925496e-09,1.1446065513896412e-08,0.9999998603858372,-5.715955598035575e-08,-5.715955598035575e-08,1.1513476604589152e-08,1.1449936085311719e-08,1.1449936085311719e-08,3.299051433100773e-07,3.863164328970907e-09,3.863164328970916e-09,0.9999998947240337,-1.1375293924770102e-08,-1.1375293924770102e-08,-9.098986710716252e-24,595582.7550843147
0.036841361487904734,8.076494842042167e-09,1.2184960683001202e-08,0.9999998344748229,-6.141732242202872e-08,-6.141732242202872e-08,1.2261484741462667e-08,1.219114376669405e-08,1.219114376669405e-08,3.291378385958536e-07,4.108465840959022e-09,4.108465840959035e-09,0.9999998710297049,-1.2677479690023908e-08,-1.2677479690023908e-08,-1.3234889774084292e-23,593906.335872714
0.03914394658089878,8.568622146857956e-09,1.2920918191044522e-08,0.9999998054555799,-6.662222880570983e-08,-6.662222880570983e-08,1.3007110236652944e-08,1.2928943834970081e-08,1.2928943834970081e-08,3.283713397410596e-07,4.3522960441865944e-09,4.3522960441865655e-09,0.9999998442183344,-1.4938556041531742e-08,-1.4938556041531742e-08,2.895132146552344e-23,592229.2178871456
0.041446531673892825,9.05928752216864e-09,1.3653952483303387e-08,0.9999997731591492,-7.244399074958116e-08,-7.244399074958116e-08,1.3750363749426837e-08,1.3662879332699033e-08,1.3662879332699033e-08,3.2760565350576127e-07,4.594664961134717e-09,4.594664961134747e-09,0.9999998141210067,-1.7828180816367612e-08,-1.7828180816367612e-08,-2.9778502026332026e-23,590551.4515726895
0.04374911676688687,9.548495381701104e-09,1.4384077910374863e-08,0.99999973741943,-7.839391119890651e-08,-7.839391119890651e-08,1.4491255877857412e-08,1.4392733784581773e-08,1.4392733784581773e-08,3.2684078656284876e-07,4.835582528673751e-09,4.83558252867376e-09,0.9999997805716638,-2.085759955740706e-08,-2.085759955740706e-08,-8.271806100537689e-24,588873.0871376051
0.04605170185988092,1.0036250129829367e-08,1.5111308728702628e-08,0.9999996980731541,-8.394984036149255e-08,-8.394984036149255e-08,1.522979715900419e-08,1.5118587948011936e-08,1.5118587948011936e-08,3.260767454986398e-07,5.075058598873259e-09,5.0750585988732605e-09,0.9999997434070803,-2.3504605446682038e-08,-2.3504605446682038e-08,-1.654361200691784e-24,587194.1745501601
0.04835428695287496,1.0522556161287446e-08,1.5835659101102545e-08,0.9999996549598609,-8.868803174355413e-08,-8.868803174355413e-08,1.5965998069095808e-08,1.5840801047550592e-08,1.5840801047550592e-08,3.253135368135003e-07,5.3131029398151095e-09,5.313102939815099e-09,0.9999997024668382,-2.5345395339143955e-08,-2.5345395339143955e-08,1.0753347987031328e-23,585514.7635363824
0.05065687204586901,1.1007417860923766e-08,1.6557143097287392e-08,0.9999996079218717,-9.23886626454722e-08,-9.23886626454722e-08,1.669986902371515e-08,1.6559922116954298e-08,1.6559922116954298e-08,3.245511669224345e-07,5.549725236363645e-09,5.549725236363626e-09,0.999999657593301,-2.6160090256322638e-08,-2.6160090256322638e-08,1.9025154111995265e-23,583834.9035763281
0.052959457138863054,1.1490839603530963e-08,1.7275774694390764e-08,0.9999995568042658,-9.508895099998612e-08,-9.508895099998612e-08,1.7431420377986852e-08,1.7276554553308096e-08,1.7276554553308096e-08,3.237896421557233e-07,5.784935090859814e-09,5.784935090859801e-09,0.9999996086315899,-2.5985852222423068e-08,-2.5985852222423068e-08,1.3234889823563646e-23,582154.6439031505
0.0552620422318571,1.1972825753765628e-08,1.799156777749032e-08,0.9999995014548546,-9.707141885152956e-08,-9.707141885152956e-08,1.8160662426767096e-08,1.7991208353360773e-08,1.7991208353360773e-08,3.2302896875949354e-07,6.018742023724695e-09,6.018742023724691e-09,0.999999555429558,-2.5105147741568282e-08,-2.5105147741568282e-08,4.135903084925776e-24,580474.0334984404
0.057564627324851146,1.2453380666150363e-08,1.8704536140130575e-08,0.9999994417241573,-9.879117161776913e-08,-9.879117161776913e-08,1.8887605404835714e-08,1.8704177029419268e-08,1.8704177029419268e-08,3.2226915289634793e-07,6.251155473980257e-09,6.251155473980212e-09,0.9999994978377658,-2.3973027057246832e-08,-2.3973027057246832e-08,4.4667753099475375e-23,578793.1210911567
0.05986721241784519,1.2932508685130869e-08,1.9414693484845362e-08,0.9999993774653761,-1.0076121602035844e-07,-1.0076121602035844e-07,1.9612259487090578e-08,1.9415469536875733e-08,1.9415469536875733e-08,3.215102006459554e-07,6.4821847997145275e-09,6.482184799714493e-09,0.9999994357094566,-2.310244208097699e-08,-2.310244208097699e-08,3.4741585748296053e-23,577111.9551544171
0.06216979751083924,1.3410214145148847e-08,2.0122053423679968e-08,0.9999993085343716,-1.0342486670484775e-07,-1.0342486670484775e-07,2.03346347887441e-08,2.0124813400420932e-08,2.0124813400420932e-08,3.2075211800565746e-07,6.711839278531119e-09,6.71183927853112e-09,0.9999993689005319,-2.293665301012788e-08,-2.293665301012788e-08,-1.6543612045744466e-24,575430.5839034289
0.06447238260383328,1.3886501370688088e-08,2.0826629478712958e-08,0.9999992347896384,-1.0704696194924172e-07,-1.0704696194924172e-07,2.105474136552199e-08,2.0831727394938187e-08,2.0831727394938187e-08,3.199949108910595e-07,6.940128108024897e-09,6.94012810802487e-09,0.9999992972695269,-2.374044403438989e-08,-2.374044403438989e-08,2.6469779621696876e-23,573749.0552926887
0.06677496769682734,1.4361374676261164e-08,2.15284350825775e-08,0.9999991560922806,-1.1165041768756255e-07,-1.1165041768756255e-07,2.1772589213864044e-08,2.1535644978678643e-08,2.1535644978678643e-08,3.192385851366327e-07,7.167060406316381e-09,7.167060406316335e-09,0.9999992206775858,-2.553667735725255e-08,-2.553667735725255e-08,4.6322114322443536e-23,572067.4170139674
0.06907755278982138,1.4834838366317978e-08,2.2227483578982035e-08,0.9999990723059881,-1.1701298941997213e-07,-1.1701298941997213e-07,2.2488188271127017e-08,2.2236057477035688e-08,2.2236057477035688e-08,3.184831464963038e-07,7.3926452126640324e-09,7.392645212664057e-09,0.9999991389884388,-2.8103055104043993e-08,-2.8103055104043993e-08,-2.4815418357637286e-23,570385.7164937382
0.07138013788281541,1.530689673507959e-08,2.2923788223230066e-08,0.9999989832970116,-1.227241329101532e-07,-1.227241329101532e-07,2.3201548415789587e-08,2.2932641660431786e-08,2.2932641660431786e-08,3.1772860064405244e-07,7.616891488150436e-09,7.616891488150477e-09,0.9999990520683764,-3.1028980017232925e-08,-3.1028980017232925e-08,-4.135903060921276e-23,568704.0008912443
0.07368272297580947,1.5777554066316854e-08,2.361736218273886e-08,0.9999988889341398,-1.2828711849618822e-07,-1.2828711849618822e-07,2.3912679467659216e-08,2.3625340708224358e-08,2.3625340708224358e-08,3.169749531745035e-07,7.83980811642196e-09,7.839808116422006e-09,0.9999989597862263,-3.3817669765232774e-08,-3.3817669765232774e-08,-4.632211428504038e-23,567022.3170963222
0.07598530806880352,1.624681463310989e-08,2.4308218537556978e-08,0.9999987890886741,-1.3324083995250392e-07,-1.3324083995250392e-07,2.4621591188080975e-08,2.431437940402743e-08,2.431437940402743e-08,3.1622220960349586e-07,8.061403904447107e-09,8.061403904447088e-09,0.9999988620133298,-3.600796580227601e-08,-3.600796580227601e-08,1.8197973493591746e-23,565340.7117260632
0.07828789316179756,1.671468269762666e-08,2.4996370280880618e-08,0.999998683634406,-1.3727141414965617e-07,-1.3727141414965617e-07,2.532829328014832e-08,2.5000210700409833e-08,2.5000210700409833e-08,3.1547037536870374e-07,8.281687583253964e-09,8.281687583253957e-09,0.9999987586235168,-3.7285933026133695e-08,-3.7285933026133695e-08,6.617444917350702e-24,563659.2311247616
0.0805904782547916,1.718116251095121e-08,2.5681830319568762e-08,0.999998572447593,-1.402867126757253e-07,-1.402867126757253e-07,2.603279538891566e-08,2.568340749011348e-08,2.568340749011348e-08,3.147194558302081e-07,8.500667808617539e-09,8.500667808617552e-09,0.999998649493084,-3.7559391397450254e-08,-3.7559391397450254e-08,-1.3234889784415289e-23,561977.9213609882
0.08289306334778565,1.7646258312985977e-08,2.6364611474657292e-08,0.9999984554069349,-1.424364025373875e-07,-1.424364025373875e-07,2.6735107101612758e-08,2.636452643280955e-08,2.636452643280955e-08,3.13969456271076e-07,8.71835316167132e-09,8.718353161671315e-09,0.9999985345007693,-3.697795663875833e-08,-3.697795663875833e-08,4.963083691263275e-24,560296.8282251967
0.0851956484407797,1.8109974332431318e-08,2.7044726481872227e-08,0.9999983323935507,-1.4407351733467597e-07,-1.4407351733467597e-07,2.7435237947860953e-08,2.704397703681843e-08,2.704397703681843e-08,3.1322038189793185e-07,8.934752149440925e-09,8.934752149440908e-09,0.9999984135277302,-3.5894611407187065e-08,-3.5894611407187065e-08,1.6543612266522853e-23,558615.997227224
0.08749823353377374,1.8572314786822712e-08,2.7722187992142167e-08,0.9999982032909552,-1.4566773568049653e-07,-1.4566773568049653e-07,2.8133197399891048e-08,2.772192737859568e-08,2.772192737859568e-08,3.1247223784157367e-07,9.149873205319488e-09,9.149873205319455e-09,0.9999982864575192,-3.477898371192786e-08,-3.477898371192786e-08,3.308722451710579e-23,556935.4735966031
0.08980081862676778,1.9033283882602736e-08,2.8397008572110056e-08,0.9999980679850357,-1.476918522714891e-07,-1.476918522714891e-07,2.882899487276293e-08,2.8398268592036918e-08,2.8398268592036918e-08,3.1172502915752025e-07,9.363724689507323e-09,9.36372468950732e-09,0.9999981531760613,-3.4103817983048886e-08,-3.4103817983048886e-08,3.308722464724325e-24,555255.3022787363
0.09210340371976183,1.949288581519001e-08,2.9069200704644298e-08,0.9999979263640287,-1.5050899131584809e-07,-1.5050899131584809e-07,2.9522639724586834e-08,2.907264585653719e-08,2.907264585653719e-08,3.109787608265988e-07,9.576314889454295e-09,9.57631488945429e-09,0.9999980135716309,-3.4232188497270894e-08,-3.4232188497270894e-08,4.963083689363011e-24,553575.5279339073
0.09440598881275589,1.9951124769013117e-08,2.9738776789349025e-08,0.999997778318498,-1.5428737139561572e-07,-1.5428737139561572e-07,3.0214141256746205e-08,2.974454762079054e-08,2.974454762079054e-08,3.102334377555216e-07,9.787652020335909e-09,9.787652020335907e-09,0.9999978675348283,-3.533226423821962e-08,-3.533226423821962e-08,1.654361238688588e-24,551896.1949357195
0.09670857390574993,2.0408004917486065e-08,3.040574914307356e-08,0.9999976237413103,-1.5896242171896772e-07,-1.5896242171896772e-07,3.090350871412215e-08,3.0413431140226765e-08,3.0413431140226765e-08,3.0948906477744675e-07,9.997744225587544e-09,9.997744225587498e-09,0.9999977149585577,-3.7339425146673463e-08,-3.7339425146673463e-08,4.632211431609478e-23,550217.3473686537
0.09901115899874396,2.0863530422916817e-08,3.107013000042079e-08,0.9999974625276139,-1.6425444197130985e-07,-1.6425444197130985e-07,3.159075128531937e-08,3.107885409991129e-08,3.107885409991129e-08,3.0874564665256227e-07,1.0206599577504e-08,1.0206599577503974e-08,0.9999975557380039,-3.997392196962669e-08,-3.997392196962669e-08,2.646977961436979e-23,548539.0290274499
0.10131374409173802,2.1317705436357164e-08,3.1731931514254227e-08,0.999997294574815,-1.6973675534102753e-07,-1.6973675534102753e-07,3.227587810289367e-08,3.174058117630231e-08,3.174058117630231e-08,3.0800318806864586e-07,1.0414226077897065e-08,1.0414226077897063e-08,0.9999973897706096,-4.280902928401062e-08,-4.280902928401062e-08,1.6543612373315526e-24,546861.2834149299
0.10361632918473207,2.1770534097415354e-08,3.2391165756203717e-08,0.9999971197825562,-1.7493751631462705e-07,-1.7493751631462705e-07,3.295889824358079e-08,3.239864077284118e-08,3.239864077284118e-08,3.072616936416301e-07,1.0620631658788373e-08,1.0620631658788363e-08,0.9999972169560535,-4.537285328981218e-08,-4.537285328981218e-08,9.926167362419307e-24,545184.1537404791
0.10591891427772611,2.222202053406277e-08,3.304784471716972e-08,0.9999969380526935,-1.794507562347036e-07,-1.794507562347036e-07,3.3639820728526795e-08,3.3053319266990215e-08,3.3053319266990215e-08,3.0652116791617124e-07,1.0825824183106956e-08,1.0825824183106954e-08,0.9999970371962277,-4.72593773660247e-08,-4.72593773660247e-08,1.654361236451348e-24,543507.6829188555
0.10822149937072015,2.2672168862465213e-08,3.370198030782608e-08,0.9999967492892741,-1.8303057331974091e-07,-1.8303057331974091e-07,3.431865452351967e-08,3.3705094952394065e-08,3.3705094952394065e-08,3.05781615366209e-07,1.10298114453609e-08,1.1029811445360867e-08,0.999996850395215,-4.8222652088436595e-08,-4.8222652088436595e-08,3.3087224513033515e-23,541831.9135685638
0.1105240844637142,2.31209831868641e-08,3.435358435912138e-08,0.9999965533985147,-1.8564675323275796e-07,-1.8564675323275796e-07,3.4995408539222426e-08,3.435452784456429e-08,3.435452784456429e-08,3.050430403955279e-07,1.1232601172257236e-08,1.123260117225728e-08,0.9999966564592677,-4.8232415796272435e-08,-4.8232415796272435e-08,-4.301339184227316e-23,540156.8880106003
0.11282666955670825,2.356846759952159e-08,3.500266862277902e-08,0.9999963502887789,-1.8748958205504495e-07,-1.8748958205504495e-07,3.567009163140733e-08,3.500213163627313e-08,3.500213163627313e-08,3.0430544733831645e-07,1.1434201023257436e-08,1.1434201023257433e-08,0.9999964552967847,-4.7478907563928865e-08,-4.7478907563928865e-08,3.3087224602729736e-24,538482.6482671379
0.11512925464970229,2.401462618072729e-08,3.564924477179609e-08,0.9999961398705559,-1.8892350665116151e-07,-1.8892350665116151e-07,3.634271260119151e-08,3.5648257667766956e-08,3.5648257667766956e-08,3.0356884045972135e-07,1.1634618591068797e-08,1.1634618591068797e-08,0.9999962468182902,-4.632652756397716e-08,-4.632652756397716e-08,9.642119679101968e-33,536809.2360601559
0.11743183974269633,2.4459462998852055e-08,3.6293324400941216e-08,0.9999959220564384,-1.9040121563797314e-07,-1.9040121563797314e-07,3.701328019527375e-08,3.6293017626895e-08,3.6293017626895e-08,3.0283322395640275e-07,1.1833861402089133e-08,1.1833861402089161e-08,0.9999960309364115,-4.522791803420828e-08,-4.522791803420828e-08,-2.8124140817574934e-23,535136.6928102789
0.11973442483569038,2.4902982110423277e-08,3.693491902725133e-08,0.9999956967611012,-1.9235856514814034e-07,-1.9235856514814034e-07,3.7681803106172416e-08,3.6936262254246956e-08,3.6936262254246956e-08,3.0209860195708793e-07,1.2031936916828048e-08,1.2031936916828053e-08,0.9999958075658583,-4.461888903913502e-08,-4.461888903913502e-08,-4.9630836664996794e-24,533465.0596357448
0.12203700992868444,2.534518756019276e-08,3.757404009052743e-08,0.9999954639012792,-1.9511478132821482e-07,-1.9511478132821482e-07,3.834828997246459e-08,3.7577620216681753e-08,3.7577620216681753e-08,3.013649785231158e-07,1.2228852530334683e-08,1.222885253033467e-08,0.9999955766233996,-4.4818620966105104e-08,-4.4818620966105104e-08,1.3234889809261958e-23,531794.3773509517
0.12433959502167848,2.578608338117145e-08,3.821069895382919e-08,0.9999952233957466,-1.9880069153952282e-07,-1.9880069153952282e-07,3.901274937902623e-08,3.821658741510713e-08,3.821658741510713e-08,3.006323576489914e-07,1.2424615572657773e-08,1.242461557265774e-08,0.9999953380278435,-4.595789572420606e-08,-4.595789572420606e-08,3.3087224510134164e-23,530124.6864659452
0.12664218011467251,2.622567359461275e-08,3.884490690396843e-08,0.9999949751652956,-2.03330898234912e-07,-2.03330898234912e-07,3.967518985727351e-08,3.8852645666182506e-08,3.8852645666182506e-08,2.999007432629204e-07,1.2619233309355693e-08,1.261923330935568e-08,0.9999950917000163,-4.7951270619038284e-08,-4.7951270619038284e-08,1.3234889808465508e-23,528456.0271845406
0.12894476520766657,2.6663962209940604e-08,3.9476675152001124e-08,0.9999947191327143,-2.0842549901516806e-07,-2.0842549901516806e-07,4.0335619885405094e-08,3.9485383319803145e-08,3.9485383319803145e-08,2.991701392273627e-07,1.2812712942060549e-08,1.281271294206052e-08,0.9999948375627398,-5.051879840716356e-08,-5.051879840716356e-08,2.97785020591345e-23,526788.439404375
0.13124735030066062,2.710095322462911e-08,4.010601483371789e-08,0.9999944552227672,-2.1367558952887226e-07,-2.1367558952887226e-07,4.0994047888645414e-08,4.011459041538114e-08,4.011459041538114e-08,2.984405493395623e-07,1.3005061609088797e-08,1.3005061609088775e-08,0.9999945755408117,-5.3251530194000716e-08,-5.3251530194000716e-08,2.150669593321706e-23,525121.9627149414
0.13354993539365467,2.7536650624053312e-08,4.0732937010132805e-08,0.999994183362173,-2.1863703387546092e-07,-2.1863703387546092e-07,4.165048223948893e-08,4.0740307181000904e-08,4.0740307181000904e-08,2.9771197733209765e-07,1.3196286386079543e-08,1.3196286386079493e-08,0.9999943055609841,-5.57052858349297e-08,-5.57052858349297e-08,4.963083675963719e-23,523456.63639775926
0.1358525204866487,2.7971058381337374e-08,4.1357452667970675e-08,0.9999939034795847,-2.229308815421886e-07,-2.229308815421886e-07,4.230493125794535e-08,4.1362815564218534e-08,4.1362815564218534e-08,2.9698442687340475e-07,1.3386394286633309e-08,1.33863942866333e-08,0.9999940275519428,-5.7501070870305914e-08,-5.7501070870305914e-08,8.271806131607302e-24,521792.49942451646
0.13815510557964275,2.840418045722368e-08,4.1979572720152407e-08,0.9999936155055681,-2.2632776924064044e-07,-2.2632776924064044e-07,4.295740321178566e-08,4.198257649421679e-08,4.198257649421679e-08,2.962579015683214e-07,1.357539226292875e-08,1.3575392262928728e-08,0.9999937414442862,-5.8409478360030816e-08,-5.8409478360030816e-08,2.1506695932081522e-23,520129.59045704064
0.1404576906726368,2.883602079998505e-08,4.2599308006278786e-08,0.999993319372582,-2.287976710735378e-07,-2.287976710735378e-07,4.360790631678904e-08,4.2600127662616367e-08,4.2600127662616367e-08,2.955324049586145e-07,1.3763287206293747e-08,1.3763287206293737e-08,0.999993447170506,-5.840043904842265e-08,-5.840043904842265e-08,9.92616735596915e-24,518467.9478461419
0.14276027576563083,2.9266583345390158e-08,4.3216669293112806e-08,0.9999930150149574,-2.3051446919168586e-07,-2.3051446919168586e-07,4.4256448736990615e-08,4.3215965230547314e-08,4.3215965230547314e-08,2.9480794052351144e-07,1.3950085947722665e-08,1.3950085947722649e-08,0.9999931446649653,-5.764779201923464e-08,-5.764779201923464e-08,1.6543612256027584e-23,516807.60963111394
0.14506286085862488,2.9695872016720525e-08,4.383166727506045e-08,0.9999927023688775,-2.3181510180577827e-07,-2.3181510180577827e-07,4.4903038584930004e-08,4.383043603466413e-08,4.383043603466413e-08,2.94084511680228e-07,1.4135795258339931e-08,1.4135795258339926e-08,0.9999928338638793,-5.6488432705536465e-08,-5.6488432705536465e-08,4.963083679923579e-24,515148.6135390617
0.14736544595161893,3.0123890724827246e-08,4.444431257465004e-08,0.999992381372357,-2.331231059084331e-07,-2.331231059084331e-07,4.554768392190054e-08,4.444366409504295e-08,4.444366409504295e-08,2.933621217844894e-07,1.432042184982282e-08,1.4320421849822793e-08,0.9999925147052947,-5.534585560983294e-08,-5.534585560983294e-08,2.64697796059448e-23,513490.99698393675
0.149668031044613,3.0550643368207434e-08,4.5054615743010414e-08,0.9999920519652226,-2.348540804415822e-07,-2.348540804415822e-07,4.619039275819928e-08,4.505552722206348e-08,4.505552722206348e-08,2.926407741310599e-07,1.4503972374802995e-08,1.450397237480298e-08,0.9999921871290698,-5.463561746954054e-08,-5.463561746954054e-08,1.4889251029849014e-23,511834.79706663766
0.15197061613760704,3.097613383307588e-08,4.566258726034767e-08,0.9999917140890929,-2.3732421456755966e-07,-2.3732421456755966e-07,4.683117305337771e-08,4.56656881937931e-08,4.56656881937931e-08,2.919204719542572e-07,1.4686453427271765e-08,1.4686453427271786e-08,0.9999918510768547,-5.4673865526168996e-08,-5.4673865526168996e-08,-2.1506695922833558e-23,510180.0505739082
0.15427320123060106,3.140036599341065e-08,4.6268237536420507e-08,0.9999913676873584,-2.4068193669058315e-07,-2.4068193669058315e-07,4.7470032716493e-08,4.627367288563276e-08,4.627367288563276e-08,2.912012184284722e-07,1.4867871543009894e-08,1.486787154300986e-08,0.999991506492071,-5.560898654490112e-08,-5.560898654490112e-08,3.4741585730426993e-23,508526.79397814465
0.15657578632359512,3.1823343710957766e-08,4.687157691101424e-08,0.999991012705162,-2.448772586546144e-07,-2.448772586546144e-07,4.810697960636001e-08,4.6878977556814626e-08,4.6878977556814626e-08,2.9048301666868304e-07,1.5048233200056445e-08,1.5048233200056472e-08,0.9999911533198927,-5.739095101055744e-08,-5.739095101055744e-08,-2.6469779598838407e-23,506875.0634367614
0.15887837141658917,3.2245070835188784e-08,4.7472615654412914e-08,0.9999906490893796,-2.4967486886801646e-07,-2.4967486886801646e-07,4.874202153180374e-08,4.748118143541345e-08,4.748118143541345e-08,2.8976586973097003e-07,1.522754481922415e-08,1.522754481922413e-08,0.9999907915072266,-5.97844062503648e-08,-5.97844062503648e-08,1.9852334703793735e-23,505224.89479207457
0.1611809565095832,3.266555120321737e-08,4.807136396787002e-08,0.9999902767886002,-2.547073771857349e-07,-2.547073771857349e-07,4.937516625191244e-08,4.8080039975927784e-08,4.8080039975927784e-08,2.8904978061302454e-07,1.5405812764652666e-08,1.5405812764652652e-08,0.9999904210026921,-6.242192131425481e-08,-6.242192131425481e-08,1.3234889803036017e-23,503576.3235707557
0.16348354160257725,3.3084788639688354e-08,4.866783198407712e-08,0.999989895753107,-2.595564487356729e-07,-2.595564487356729e-07,5.000642147629121e-08,4.867553881614769e-08,4.867553881614769e-08,2.8833475225465603e-07,1.5583043344388762e-08,1.5583043344388765e-08,0.999990041756603,-6.488512079936442e-08,-6.488512079936442e-08,-3.3087224483541578e-24,501929.3849834153
0.1657861266955713,3.3502786956659555e-08,4.926202976763069e-08,0.9999895059348582,-2.638438173533523e-07,-2.638438173533523e-07,5.063579486531601e-08,4.926789728352493e-08,4.926789728352493e-08,2.87620787538301e-07,1.5759242810971102e-08,1.5759242810971135e-08,0.9999896537209475,-6.679569828282952e-08,-6.679569828282952e-08,-3.308722450058893e-23,500284.113924601
0.16808871178856535,3.391954995349801e-08,4.9853967315497085e-08,0.9999891072874678,-2.6731236467014126e-07,-2.6731236467014126e-07,5.1263294030388275e-08,4.985752141267143e-08,4.985752141267143e-08,2.8690788928952426e-07,1.593441736199907e-08,1.5934417361999077e-08,0.9999892568493698,-6.789649540815292e-08,-6.789649540815292e-08,-6.6174448992140206e-24,498640.54497241013
0.1703912968815594,3.4335081416807594e-08,5.044365455747554e-08,0.9999886997661864,-2.698800249863987e-07,-2.698800249863987e-07,5.18889265341898e-08,5.044491730475611e-08,5.044491730475611e-08,2.861960602775219e-07,1.6108573140667964e-08,1.6108573140667948e-08,0.9999888510971501,-6.810540675649651e-08,-6.810540675649651e-08,1.654361225195255e-23,496998.71238832804
0.17269388197455343,3.47493851203998e-08,5.1031101356659526e-08,0.9999882833278829,-2.7165542179959804e-07,-2.7165542179959804e-07,5.251269989093813e-08,5.103058396063089e-08,5.103058396063089e-08,2.854853032156199e-07,1.628171623625972e-08,1.6281716236259726e-08,0.999988436421187,-6.753101637295994e-08,-6.753101637295994e-08,-6.617444899846684e-24,495358.65011715406
0.17499646706754748,3.516246482530852e-08,5.161631750989625e-08,0.9999878579310256,-2.729125874955442e-07,-2.729125874955442e-07,5.313462156664232e-08,5.161490880608004e-08,5.161490880608004e-08,2.8477562076176847e-07,1.6453852684587737e-08,1.6453852684587727e-08,0.9999880127799782,-6.644731745595924e-08,-6.644731745595924e-08,9.926167350903112e-24,493720.391786526
0.17729905216054154,3.557432427984192e-08,5.219931274824458e-08,0.9999874235356635,-2.740308363934295e-07,-2.740308363934295e-07,5.375469897935892e-08,5.219808812822153e-08,5.219808812822153e-08,2.8406701551904236e-07,1.6624988468402676e-08,1.6624988468402663e-08,0.9999875801336018,-6.523358540045115e-08,-6.523358540045115e-08,1.3234889800808137e-23,492083.9707076672
0.17960163725353556,3.5984967219656005e-08,5.278009673743145e-08,0.9999869801034078,-2.7541317556910215e-07,-2.7541317556910215e-07,5.4372939499448355e-08,5.2780088979542386e-08,5.2780088979542386e-08,2.833594900361249e-07,1.679512951777545e-08,1.6795129517775442e-08,0.999987138443698,-6.429278861937636e-08,-6.429278861937636e-08,6.617444900080468e-24,490449.4198743955
0.18190422234652961,3.6394397367831766e-08,5.335867907830658e-08,0.9999865275974139,-2.774008795578796e-07,-2.774008795578796e-07,5.498935044983163e-08,5.336066000658877e-08,5.336066000658877e-08,2.826530468078008e-07,1.696428171047481e-08,1.6964281710474817e-08,0.9999866876734511,-6.396616324465328e-08,-6.396616324465328e-08,-6.617444901067816e-24,488816.7719636786
0.18420680743952367,3.6802618434936165e-08,5.3935069307295664e-08,0.9999860659823631,-2.80202303904005e-07,-2.80202303904005e-07,5.5603939106247124e-08,5.3939388238198366e-08,5.3939388238198366e-08,2.8194768827544324e-07,1.7132450872359522e-08,1.71324508723595e-08,0.999986227787571,-6.446202667482233e-08,-6.446202667482233e-08,2.316105715054491e-23,487186.0593355716
0.18650939253251772,3.7209634119053905e-08,5.4509276896851915e-08,0.9999855952244441,-2.8385064209445994e-07,-2.8385064209445994e-07,5.6216712697507764e-08,5.451578920660967e-08,5.451578920660967e-08,2.81243416827495e-07,1.7299642777798007e-08,1.729964277779801e-08,0.9999857587522748,-6.581353450705228e-08,-6.581353450705228e-08,-3.308722451444703e-24,485557.3140332571
0.18881197762551177,3.761544810578079e-08,5.5081311255905804e-08,0.9999851152913356,-2.8819896416393423e-07,-2.8819896416393423e-07,5.682767840575832e-08,5.508941104031529e-08,5.508941104031529e-08,2.8054023479995263e-07,1.7465863150125024e-08,1.7465863150125014e-08,0.9999852805352694,-6.787371914031101e-08,-6.787371914031101e-08,9.926167349114521e-24,483930.5677833201
0.1911145627185058,3.802006406817999e-08,5.565118173031287e-08,0.999984626152188,-2.9295291910833614e-07,-2.9295291910833614e-07,5.7436843366732834e-08,5.565993055825277e-08,5.565993055825277e-08,2.7983814447684354e-07,1.7631117662132896e-08,1.7631117662132876e-08,0.9999847931057332,-7.034819218708467e-08,-7.034819218708467e-08,1.985233469946511e-23,482305.8519957861
0.19341714781149985,3.8423485666710074e-08,5.621889760329968e-08,0.9999841277776061,-2.9773360977888054e-07,-2.9773360977888054e-07,5.804421467001223e-08,5.6227221476408307e-08,5.6227221476408307e-08,2.791371480907013e-07,1.7795411936589582e-08,1.7795411936589605e-08,0.999984296434299,-7.285801936568182e-08,-7.285801936568182e-08,-2.3161057153574625e-23,480683.19776409667
0.1957197329044939,3.882571654913886e-08,5.6784468095907705e-08,0.9999836201396314,-3.021570885397928e-07,-3.021570885397928e-07,5.864979935928203e-08,5.679138095665564e-08,5.679138095665564e-08,2.784372478230413e-07,1.795875154676882e-08,1.7958751546768846e-08,0.9999837904930357,-7.501921615616197e-08,-7.501921615616197e-08,-2.646977960406562e-23,479062.635865524
0.19802231799748793,3.92267603504602e-08,5.734790236743515e-08,0.9999831032117241,-3.0591372996427e-07,-3.0591372996427e-07,5.925360443259017e-08,5.735270961952116e-08,5.735270961952116e-08,2.777384458048337e-07,1.8121142016974937e-08,1.812114201697495e-08,0.9999832752554312,-7.652212049452937e-08,-7.652212049452937e-08,-1.3234889803492673e-23,477444.19676187757
0.20032490309048198,3.962662069282972e-08,5.7909209515876704e-08,0.9999825769687467,-3.0883114197218286e-07,-3.0883114197218286e-07,5.985563684260473e-08,5.79116498168482e-08,5.79116498168482e-08,2.7704074411696985e-07,1.828258882304698e-08,1.8282588823046986e-08,0.9999827506963752,-7.719430390867604e-08,-7.719430390867604e-08,-6.617444903340598e-24,475827.9105989165
0.20262748818347603,4.00253011855326e-08,5.846839857836142e-08,0.9999820413869458,-3.109079750643841e-07,-3.109079750643841e-07,6.045590349687196e-08,5.846869545609305e-08,5.846869545609305e-08,2.763441447907308e-07,1.8443097392828853e-08,1.8443097392828824e-08,0.9999822167921415,-7.703438075093844e-08,-7.703438075093844e-08,2.9778502048723795e-23,474213.80720741325
0.2049300732764701,4.04228054249872e-08,5.902547853158854e-08,0.9999814964439359,-3.12312264803341e-07,-3.12312264803341e-07,6.105441125807407e-08,5.902429228816647e-08,5.902429228816647e-08,2.756486498082508e-07,1.860267310660135e-08,1.8602673106601343e-08,0.9999816735203715,-7.621035067698684e-08,-7.621035067698684e-08,6.617444896973489e-24,472601.9161030865
0.20723265836946414,4.0819136994783796e-08,5.9580458292261494e-08,0.9999809421186815,-3.133452385946339e-07,-3.133452385946339e-07,6.165116694428712e-08,5.957874914497122e-08,5.957874914497122e-08,2.7495426110297905e-07,1.8761321297477675e-08,1.8761321297477698e-08,0.9999811208600564,-7.50234054255879e-08,-7.50234054255879e-08,-2.3161057155197777e-23,470992.26648706966
0.20953524346245817,4.121429946574943e-08,6.013334671752014e-08,0.999980378391481,-3.1437861183659335e-07,-3.1437861183659335e-07,6.224617732923876e-08,6.013217803706391e-08,6.013217803706391e-08,2.7426098056014064e-07,1.8919047251770697e-08,1.8919047251770707e-08,0.9999805587915211,-7.38452249665128e-08,-7.38452249665128e-08,-9.926167354608372e-24,469384.8872465957
0.21183782855545222,4.1608296396025066e-08,6.06841526053712e-08,0.9999798052439496,-3.157785208259757e-07,-3.157785208259757e-07,6.28394491425661e-08,6.068447484471294e-08,6.068447484471294e-08,2.735688100171919e-07,1.907585620934617e-08,1.9075856209346137e-08,0.9999799872964074,-7.304191040449091e-08,-7.304191040449091e-08,3.308722449789323e-23,467779.80695537577
0.21414041364844627,4.2001131331140164e-08,6.123288469511701e-08,0.9999792226590025,-3.178317176146933e-07,-3.178317176146933e-07,6.343098907007323e-08,6.123534390697201e-08,6.123534390697201e-08,2.72877751264273e-07,1.9231753363976867e-08,1.9231753363976847e-08,0.9999794063576566,-7.290017883422526e-08,-7.290017883422526e-08,1.9852334696792126e-23,466177.05387374875
0.2164429987414403,4.239280780406955e-08,6.177955166778231e-08,0.9999786306208389,-3.206888223585949e-07,-3.206888223585949e-07,6.402080375398883e-08,6.178436088926581e-08,6.178436088926581e-08,2.721878060446603e-07,1.9386743863712764e-08,1.938674386371276e-08,0.9999788159594939,-7.357061568746565e-08,-7.357061568746565e-08,3.3087224454820566e-24,464576.6559494655
0.21874558383443435,4.278332933526366e-08,6.232416214653934e-08,0.9999780291149253,-3.243357323174873e-07,-3.243357323174873e-07,6.460889979322351e-08,6.233106076876693e-08,6.233106076876693e-08,2.71498976055216e-07,1.9540832811275692e-08,1.9540832811275672e-08,0.9999782160874118,-7.503908373132996e-08,-7.503908373132996e-08,1.985233469629621e-23,462978.640818419
0.2210481689274284,4.317269943264677e-08,6.286672469713081e-08,0.9999774181279791,-3.28598350128215e-07,-3.28598350128215e-07,6.519528374362702e-08,6.287503291580422e-08,6.287503291580422e-08,2.7081126294683275e-07,1.9694025264484012e-08,1.9694025264484035e-08,0.9999776067281533,-7.713145133969179e-08,-7.713145133969179e-08,-2.3161057156704546e-23,461383.035804954
0.22335075402042245,4.3560921591586346e-08,6.340724782829105e-08,0.9999767976479528,-3.331791279282011e-07,-3.331791279282011e-07,6.57799621182453e-08,6.341600422670825e-08,6.341600422670825e-08,2.7012466832487703e-07,1.9846326236704693e-08,1.9846326236704703e-08,0.9999769878696962,-7.955013661503688e-08,-7.955013661503688e-08,-9.92616735609636e-24,459789.8679224661
0.2256533391134165,4.3947999294841376e-08,6.394573999216484e-08,0.9999761676640175,-3.377175528002663e-07,-3.377175528002663e-07,6.636294138757726e-08,6.395389394685908e-08,6.395389394685908e-08,2.694391937496315e-07,1.9997740697323478e-08,1.999774069732347e-08,0.9999763595012375,-8.193459283160692e-08,-8.193459283160692e-08,9.92616734493908e-24,458199.16387432
0.22795592420641053,4.433393601250218e-08,6.448220958472433e-08,0.9999755281665478,-3.4186218719801143e-07,-3.4186218719801143e-07,6.694422797983135e-08,6.448882974534524e-08,6.448882974534524e-08,2.687548407367324e-07,2.014827357222214e-08,2.0148273572222147e-08,0.9999757216131765,-8.393334885911413e-08,-8.393334885911413e-08,-6.617444906355695e-24,456610.9500542458
0.23025850929940458,4.4718735201934994e-08,6.501666494618354e-08,0.999974879147105,-3.453398317195705e-07,-3.453398317195705e-07,6.752382828118195e-08,6.502112243932763e-08,6.502112243932763e-08,2.6807161075760655e-07,2.0297929744248538e-08,2.029792974424855e-08,0.9999750741970999,-8.527317193483631e-08,-8.527317193483631e-08,-1.3234889807011163e-23,455025.25254717923
0.23256109439239864,4.5102400307744524e-08,6.554911436141099e-08,0.9999742205984224,-3.4800828324362957e-07,-3.4800828324362957e-07,6.810174863602528e-08,6.555120498741359e-08,6.555120498741359e-08,2.673895052399041e-07,2.0446714053666455e-08,2.0446714053666465e-08,0.9999744172457655,-8.581182579798561e-08,-8.581182579798561e-08,-9.926167357027354e-24,453442.0971298498
0.23486367948539266,4.5484934761762735e-08,6.607956606033996e-08,0.999973552514389,-3.4988262972754e-07,-3.4988262972754e-07,6.867799534723522e-08,6.607954821457505e-08,6.607954821457505e-08,2.667085255679318e-07,2.0594631298577223e-08,2.0594631298577226e-08,0.9999737507530873,-8.556436548618017e-08,-8.556436548618017e-08,-3.308722456828511e-24,451861.5092719074
0.23716626457838672,4.5866341983067816e-08,6.660802821837706e-08,0.9999728748900343,-3.5113047704964977e-07,-3.5113047704964977e-07,6.925257467641875e-08,6.66065701325071e-08,6.66065701325071e-08,2.660286730830783e-07,2.074168623530926e-08,2.0741686235309247e-08,0.9999730747141189,-8.469836417614151e-08,-8.469836417614151e-08,1.3234889794009558e-23,450283.5141361467
0.23946884967138077,4.624662537803097e-08,6.713450895680842e-08,0.9999721877215133,-3.520375661802402e-07,-3.520375661802402e-07,6.982549284417094e-08,6.713255658873721e-08,6.713255658873721e-08,2.653499490842438e-07,2.088788357877744e-08,2.0887883578777448e-08,0.9999723891250402,-8.349953035300655e-08,-8.349953035300655e-08,-6.617444907482726e-24,448708.13657982455
0.24177143476437482,4.6625788340383726e-08,6.765901634320429e-08,0.999971491006091,-3.5295103108386746e-07,-3.5295103108386746e-07,7.039675603032974e-08,6.765760848770759e-08,6.765760848770759e-08,2.6467235482826086e-07,2.1033228002820574e-08,2.1033228002820567e-08,0.99997169398314,-8.231496571105029e-08,-8.231496571105029e-08,6.617444893148938e-24,447135.4011552682
0.24407401985736887,4.70038342512946e-08,6.818155839182149e-08,0.9999707847421272,-3.5421165547700265e-07,-3.5421165547700265e-07,7.096637037423021e-08,6.818162539138969e-08,6.818162539138969e-08,2.6399589153031653e-07,2.1177724140526876e-08,2.1177724140526886e-08,0.9999709892868024,-8.14854219097167e-08,-8.14854219097167e-08,-9.92616735812558e-24,445565.33211065223
0.2463766049503629,4.7380766479443535e-08,6.870214306400417e-08,0.999970068929062,-3.560883892251419e-07,-3.560883892251419e-07,7.15343419749586e-08,6.870432811725841e-08,6.870432811725841e-08,2.633205603643702e-07,2.132137658456063e-08,2.1321376584560635e-08,0.9999702750354912,-8.12798169691252e-08,-8.12798169691252e-08,-3.308722457912535e-24,443997.9533910921
0.24867919004335695,4.7756588381081986e-08,6.92207782685825e-08,0.9999693435674004,-3.5872763424239767e-07,-3.5872763424239767e-07,7.210067689160571e-08,6.922531537299464e-08,6.922531537299464e-08,2.62646362463568e-07,2.1464189887500506e-08,2.1464189887500512e-08,0.9999695512297352,-8.184452116806768e-08,-8.184452116806768e-08,-6.61744490833306e-24,442433.288639327
0.250981775136351,4.813130330007088e-08,6.973747186226934e-08,0.9999686086586981,-3.621267500914559e-07,-3.621267500914559e-07,7.266538114352003e-08,6.974414310844233e-08,6.974414310844233e-08,2.6197329892065754e-07,2.1606168562198444e-08,2.1606168562198454e-08,0.9999688178711137,-8.317686264237854e-08,-8.317686264237854e-08,-9.926167358750849e-24,440871.36119699903
0.25328436022934503,4.850491456789342e-08,7.025223165005498e-08,0.9999678642055464,-3.6613633100122994e-07,-3.6613633100122994e-07,7.322846071056031e-08,7.026041104974725e-08,7.026041104974725e-08,2.613013707883966e-07,2.1747317082161552e-08,2.1747317082161555e-08,0.9999680749622414,-8.512740440101004e-08,-8.512740440101004e-08,-3.308722458529594e-24,439312.19410532346
0.2555869453223391,4.8877425503643555e-08,7.076506538559977e-08,0.999967110211558,-3.7049033500285765e-07,-3.7049033500285765e-07,7.378992153334768e-08,7.077383988445781e-08,7.077383988445781e-08,2.606305790799611e-07,2.1887639881956216e-08,2.1887639881956213e-08,0.9999673225067542,-8.743007346045858e-08,-8.743007346045858e-08,3.308722441694345e-24,437755.8101060173
0.25788953041533313,4.924883941399682e-08,7.127598077162444e-08,0.9999663466813528,-3.748577947088088e-07,-3.748577947088088e-07,7.434976951351731e-08,7.128432460275336e-08,7.128432460275336e-08,2.599609247693506e-07,2.2027141357627628e-08,2.2027141357627618e-08,0.9999665605092951,-8.975387162231106e-08,-8.975387162231106e-08,9.926167341920947e-24,436202.2316426347
0.26019211550832716,4.9619159593172663e-08,7.178498546029843e-08,0.999965573620543,-3.7890598151064406e-07,-3.7890598151064406e-07,7.490801051396946e-08,7.179195428544947e-08,7.179195428544947e-08,2.592924087917911e-07,2.216582586712578e-08,2.216582586712577e-08,0.9999657889754994,-9.176603966945033e-08,-9.176603966945033e-08,1.3234889791938072e-23,434651.480861285
0.26249470060132124,4.998838932289967e-08,7.229208705362586e-08,0.9999647910357197,-3.823629189586744e-07,-3.823629189586744e-07,7.546465035912021e-08,7.229699513119755e-08,7.229699513119755e-08,2.5862503204413477e-07,2.230369773072618e-08,2.230369773072619e-08,0.9999650079119808,-9.319457074417097e-08,-9.319457074417097e-08,-9.926167359739077e-24,433103.579611844
0.26479728569431527,5.035653187239265e-08,7.279729310382922e-08,0.9999639989344383,-3.850675637368903e-07,-3.850675637368903e-07,7.601969483515114e-08,7.279984048714627e-08,7.279984048714627e-08,2.579587953852583e-07,2.2440761231436578e-08,2.2440761231436575e-08,0.9999642173263177,-9.387839132157339e-08,-9.387839132157339e-08,3.308722440919578e-24,431558.5494489344
0.26709987078730935,5.0723590498351384e-08,7.330061111373128e-08,0.999963197325205,-3.86998497040304e-07,-3.86998497040304e-07,7.65731496902593e-08,7.33009376960008e-08,7.33009376960008e-08,2.572936996364576e-07,2.2577020615379896e-08,2.2577020615379896e-08,0.9999634172270383,-9.379605258537889e-08,-9.379605258537889e-08,-9.479757149621442e-33,430016.41163327626
0.26940245588030337,5.108956844498188e-08,7.380204853713434e-08,0.9999623862174625,-3.882762416139345e-07,-3.882762416139345e-07,7.712502063490565e-08,7.38007057848122e-08,7.38007057848122e-08,2.5662974558184103e-07,2.271248009215245e-08,2.271248009215246e-08,0.9999626076236081,-9.306804746539715e-08,-9.306804746539715e-08,-9.926167360300775e-24,428477.1871322356
0.2717050409732974,5.145446894404209e-08,7.430161277919787e-08,0.9999615656215767,-3.8913921484441737e-07,-3.8913921484441737e-07,7.767531334206354e-08,7.429945937562467e-08,7.429945937562467e-08,2.5596693396871937e-07,2.2847143835155787e-08,2.284714383515578e-08,0.999961788526415,-9.193276372762589e-08,-9.193276372762589e-08,6.617444890577608e-24,426940.89662178827
0.2740076260662915,5.181829521490561e-08,7.479931119681391e-08,0.999960735548823,-3.898983240455838e-07,-3.898983240455838e-07,7.822403344746641e-08,7.479735280559682e-08,7.479735280559682e-08,2.553052655079931e-07,2.298101598190833e-08,2.29810159819083e-08,0.9999609599467566,-9.070107925832814e-08,-9.070107925832814e-08,2.97785020418827e-23,425407.56048684707
0.2763102111592855,5.218105046463578e-08,7.529515109898044e-08,0.9999598960113731,-3.9087891586504484e-07,-3.9087891586504484e-07,7.877118654985469e-08,7.529435444480073e-08,7.529435444480073e-08,2.546447408745375e-07,2.3114100634344675e-08,2.3114100634344658e-08,0.9999601218968265,-8.969831146912309e-08,-8.969831146912309e-08,1.6543612240857048e-23,423877.19882294687
0.2786127962522795,5.254273788806103e-08,7.578913974717296e-08,0.999959047022281,-3.923609954386188e-07,-3.923609954386188e-07,7.931677821122234e-08,7.579025544447603e-08,7.579025544447603e-08,2.539853607075853e-07,2.3246401859111935e-08,2.324640185911193e-08,0.9999592743897002,-8.920443644992699e-08,-8.920443644992699e-08,6.617444890045946e-24,422349.8314372622
0.2809153813452736,5.290336066784133e-08,7.628128435571383e-08,0.9999581885954703,-3.945286604673513e-07,-3.945286604673513e-07,7.986081395706245e-08,7.628471078860049e-08,7.628471078860049e-08,2.5332712561110564e-07,2.33779236878725e-08,2.3377923687872503e-08,0.9999584174393233,-8.940352304449598e-08,-8.940352304449598e-08,-3.308722460762733e-24,420825.4778499515
0.28321796643826763,5.326292197451936e-08,7.677159209213979e-08,0.9999573207457207,-3.97437788731343e-07,-3.97437788731343e-07,8.04032992766123e-08,7.677730465637425e-08,7.677730465637425e-08,2.526700361541817e-07,2.3508670117620417e-08,2.3508670117620427e-08,0.999957551060497,-9.035142036278382e-08,-9.035142036278382e-08,-9.926167361356902e-24,419304.1572950228
0.28552055153126166,5.362142496655175e-08,7.726007007756741e-08,0.9999564434886556,-4.0100748045225565e-07,-4.0100748045225565e-07,8.094423962309797e-08,7.726762783568175e-08,7.726762783568175e-08,2.5201409287138436e-07,2.3638645111015685e-08,2.363864511101566e-08,0.9999566752688659,-9.196720014198602e-08,-9.196720014198602e-08,2.6469779590808743e-23,417785.8887222503
0.28782313662425574,5.397887279031888e-08,7.774672538705606e-08,0.9999555568407286,-4.050363648214843e-07,-4.050363648214843e-07,8.148364041397762e-08,7.775535299041942e-08,7.775535299041942e-08,2.5135929626314517e-07,2.376785259673719e-08,2.3767852596737177e-08,0.9999557900809047,-9.404946327326006e-08,-9.404946327326006e-08,1.3234889789795081e-23,416270.6907977084
0.29012572171724976,5.433526858011929e-08,7.82315650499692e-08,0.9999546608192104,-4.092403308912749e-07,-4.092403308912749e-07,8.202150703118462e-08,7.824029423744125e-08,7.824029423744125e-08,2.507056467961253e-07,2.38962964698499e-08,2.3896296469849916e-08,0.9999548955139055,-9.63140706913981e-08,-9.63140706913981e-08,-1.6543612262276803e-23,414758.5819054194
0.29242830681024384,5.469061545815255e-08,7.871459605033323e-08,0.9999537554421771,-4.1330451927984964e-07,-4.1330451927984964e-07,8.255784482136983e-08,7.872244056258186e-08,7.872244056258186e-08,2.500531449035819e-07,2.4023980592180663e-08,2.4023980592180683e-08,0.9999539915859653,-9.844613507851672e-08,-9.844613507851672e-08,-1.9852334712649492e-23,413249.5801488681
0.29473089190323787,5.5044916534499946e-08,7.919582532719396e-08,0.9999528407284971,-4.169399832959788e-07,-4.169399832959788e-07,8.309265909614284e-08,7.920195751951553e-08,7.920195751951553e-08,2.49401790985734e-07,2.4150908792693987e-08,2.415090879269401e-08,0.9999530783159731,-1.0015668198720297e-07,-1.0015668198720297e-07,-2.3161057163019895e-23,411743.7033517639
0.2970334769962319,5.539817490711163e-08,7.967525977497127e-08,0.9999519166978182,-4.1993483410959774e-07,-4.1993483410959774e-07,8.362595513231294e-08,7.967915738421683e-08,7.967915738421683e-08,2.487515854101233e-07,2.4277084867859634e-08,2.4277084867859634e-08,0.9999521557235975,-1.0123379500971268e-07,-1.0123379500971268e-07,-1.1691146561471041e-32,410240.96905986714
0.299336062089226,5.575039366180643e-08,8.01529062438112e-08,0.999950983370556,-4.221909027277741e-07,-4.221909027277741e-07,8.415773817212885e-08,8.01544436065639e-08,8.01544436065639e-08,2.4810252851197426e-07,2.4402512582004792e-08,2.440251258200477e-08,0.9999512238292747,-1.0157927775252928e-07,-1.0157927775252928e-07,2.3161057139639844e-23,408741.39454204764
0.30163864718222,5.6101575872289956e-08,8.062877153993598e-08,0.9999500407678812,-4.23739690444895e-07,-4.23739690444895e-07,8.468801342351787e-08,8.062823976684937e-08,8.062823976684937e-08,2.4745462059455184e-07,2.452719566764601e-08,2.4527195667646024e-08,0.9999502826541958,-1.0122460428515108e-07,-1.0122460428515108e-07,-1.3234889812844933e-23,407244.9967918004
0.3039412322752141,5.6451724600192227e-08,8.110286242599208e-08,0.9999490889117074,-4.247352214304157e-07,-4.247352214304157e-07,8.521678606032434e-08,8.110091586424417e-08,8.110091586424417e-08,2.4680786192951537e-07,2.4651137825799847e-08,2.4651137825799857e-08,0.9999493322202947,-1.0032377172644739e-07,-1.0032377172644739e-07,-9.92616736278218e-24,405751.79252845474
0.3062438173682081,5.68008428951226e-08,8.157518562139607e-08,0.9999481278246793,-4.2542548786142727e-07,-4.2542548786142727e-07,8.574406122254713e-08,8.157272492329974e-08,8.157272492329974e-08,2.4616225275727037e-07,2.47743427262735e-08,2.4774342726273475e-08,0.9999483725502362,-9.912474537584298e-08,-9.912474537584298e-08,2.3161057139191746e-23,404261.79819886654
0.30854640246120213,5.7148933794737245e-08,8.204574780267841e-08,0.9999471575301607,-4.2610790646373944e-07,-4.2610790646373944e-07,8.626984401657634e-08,8.204376088281098e-08,8.204376088281098e-08,2.4551779328731954e-07,2.489681400794119e-08,2.4896814007941167e-08,0.9999474036674041,-9.79249152530258e-08,-9.79249152530258e-08,2.3161057139046728e-23,402775.0299783441
0.3108489875541962,5.749600032481289e-08,8.251455560382529e-08,0.9999461780522225,-4.2707687509417024e-07,-4.2707687509417024e-07,8.67941395154292e-08,8.251394476364181e-08,8.251394476364181e-08,2.44874483698608e-07,2.501855527901242e-08,2.5018555279012396e-08,0.9999464255958893,-9.70186526788691e-08,-9.70186526788691e-08,2.316105713890385e-23,401291.5037726265
0.31315157264719023,5.7842045499318664e-08,8.298161561661841e-08,0.9999451894156313,-4.2857269359869454e-07,-4.2857269359869454e-07,8.731695275898514e-08,8.298304110144008e-08,8.298304110144008e-08,2.4423232413986904e-07,2.513957011729975e-08,2.513957011729975e-08,0.9999454383604781,-9.664623113222089e-08,-9.664623113222089e-08,-1.2721689187689697e-32,399811.2352188578
0.31545415774018426,5.818707232047951e-08,8.34469343909728e-08,0.9999441916458373,-4.3074066102682735e-07,-4.3074066102682735e-07,8.783828875422e-08,8.345070126530064e-08,8.345070126530064e-08,2.435913147299653e-07,2.52598620704933e-08,2.525986207049329e-08,0.9999444419866405,-9.695292346293616e-08,-9.695292346293616e-08,9.926167337775979e-24,398334.2396872119
0.31775674283317834,5.8531083778825705e-08,8.391051843527247e-08,0.9999431847689632,-4.336072336325967e-07,-4.336072336325967e-07,8.835815247543931e-08,8.391652580834693e-08,8.391652580834693e-08,2.4295145555822825e-07,2.5379434656446763e-08,2.5379434656446767e-08,0.9999434365005184,-9.796515989150682e-08,-9.796515989150682e-08,-3.3087224632090514e-24,396860.53228241275
0.32005932792617237,5.887408285322624e-08,8.437237421670409e-08,0.9999421688117927,-4.370769673232121e-07,-4.370769673232121e-07,8.887654886451077e-08,8.438013474653672e-08,8.438013474653672e-08,2.42312746684795e-07,2.5498291363477817e-08,2.549829136347785e-08,0.9999424219289152,-9.958747045639574e-08,-9.958747045639574e-08,-3.308722451525257e-23,395390.12784507783
0.3223619130191664,5.921607251090624e-08,8.483250816158847e-08,0.9999411438017591,-4.409503989584273e-07,-4.409503989584273e-07,8.939348283109584e-08,8.484123363212435e-08,8.484123363212435e-08,2.416751881409436e-07,2.5616435650682225e-08,2.5616435650682225e-08,0.9999413982992836,-1.0162036631207344e-07,-1.0162036631207344e-07,-1.3263960834366836e-32,393923.0409531711
0.32466449811216047,5.9557055707451397e-08,8.52909266557099e-08,0.9999401097669341,-4.4495937310609335e-07,-4.4495937310609335e-07,8.99089592528804e-08,8.52996641762825e-08,8.52996641762825e-08,2.410387799294234e-07,2.5733870948258525e-08,2.5733870948258502e-08,0.9999403656397141,-1.0379566648325375e-07,-1.0379566648325375e-07,2.316105713809034e-23,392459.28592362243
0.3269670832051545,5.989703538680505e-08,8.574763604464332e-08,0.9999390667360168,-4.4881347878537776e-07,-4.4881347878537776e-07,9.042298297580454e-08,8.575543105224308e-08,8.575543105224308e-08,2.404035220247852e-07,2.5850600657838274e-08,2.5850600657838268e-08,0.9999393239789249,-1.0582293460680448e-07,-1.0582293460680448e-07,6.617444886901314e-24,390998.8768138565
0.3292696682981486,6.023601448126393e-08,8.620264263407931e-08,0.9999380147383228,-4.5224949940254423e-07,-4.5224949940254423e-07,9.09355588142914e-08,8.620870071730532e-08,8.620870071730532e-08,2.3976941437371017e-07,2.59666281528154e-08,2.5966628152815382e-08,0.9999382733462506,-1.0743892886622697e-07,-1.0743892886622697e-07,1.654361223741115e-23,389541.8274229774
0.3315722533911426,6.057399591147943e-08,8.665595269014688e-08,0.9999369538037727,-4.5507547374240846e-07,-4.5507547374240846e-07,9.144669155147516e-08,8.665977291166358e-08,8.665977291166358e-08,2.3913645689533205e-07,2.608195677866745e-08,2.6081956778667456e-08,0.9999372137716307,-1.0845166298182092e-07,-1.0845166298182092e-07,-6.617444914198159e-24,388088.1512936665
0.3338748384841366,6.091098258646946e-08,8.710757243973406e-08,0.9999358839628821,-4.5720205623668164e-07,-4.5720205623668164e-07,9.195638593942796e-08,8.710903006103675e-08,8.710903006103675e-08,2.3850464948156094e-07,2.6196589853264616e-08,2.6196589853264593e-08,0.9999361452855995,-1.0877176647774542e-07,-1.0877176647774542e-07,2.3161057137588245e-23,386637.8617135801
0.3361774235771307,6.124697740364466e-08,8.755750807080642e-08,0.9999348052467505,-4.5865618752736773e-07,-4.5865618752736773e-07,9.246464669938609e-08,8.755687345305713e-08,8.755687345305713e-08,2.3787399199740406e-07,2.6310530667161748e-08,2.631053066716176e-08,0.9999350679192747,-1.0842615524414205e-07,-1.0842615524414205e-07,-1.3234889814865643e-23,385190.9717167011
0.33848000867012473,6.158198324885001e-08,8.800576573272357e-08,0.9999337176870507,-4.5957512272493805e-07,-4.5957512272493805e-07,9.297147852197501e-08,8.800365705376557e-08,8.800365705376557e-08,2.3724448428128102e-07,2.6423782483873542e-08,2.6423782483873556e-08,0.999933981704348,-1.0755205979404377e-07,-1.0755205979404377e-07,-1.3234889814984412e-23,383747.49408525205
0.3407825937631188,6.191600299642017e-08,8.845235153655338e-08,0.9999326213160186,-4.6018222826311556e-07,-4.6018222826311556e-07,9.347688606743357e-08,8.844963003623559e-08,8.844963003623559e-08,2.3661612614534224e-07,2.6536348540133225e-08,2.6536348540133216e-08,0.9999328866730732,-1.0637282211690202e-07,-1.0637282211690202e-07,9.926167336383482e-24,382307.4413508444
0.34308517885611284,6.22490395092452e-08,8.88972715553844e-08,0.9999315161664423,-4.607488983289253e-07,-4.607488983289253e-07,9.398087396583725e-08,8.889489742001792e-08,8.889489742001792e-08,2.359889173757785e-07,2.664823204613919e-08,2.6648232046139204e-08,0.9999317828582569,-1.0515981210738771e-07,-1.0515981210738771e-07,-1.3234889815216307e-23,380870.82579641516
0.34538776394910686,6.258109563884111e-08,8.93405318246361e-08,0.9999304022716521,-4.6154917485040575e-07,-4.6154917485040575e-07,9.448344681732029e-08,8.933940502329494e-08,8.933940502329494e-08,2.3536285773313354e-07,2.675943618579498e-08,2.6759436185794985e-08,0.9999306702932476,-1.0418704755186136e-07,-1.0418704755186136e-07,-3.308722464693142e-24,379437.65945746074
0.34769034904210094,6.291217422542008e-08,8.978213834236734e-08,0.9999292796655105,-4.628146728675578e-07,-4.628146728675578e-07,9.498460919229711e-08,8.978295082153714e-08,8.978295082153714e-08,2.347379469526109e-07,2.6869964116947268e-08,2.6869964116947262e-08,0.9999295490119255,-1.0368611949808841e-07,-1.0368611949808841e-07,6.617444885831854e-24,378007.9541238439
0.34999293413509497,6.324227809795391e-08,9.022209706958249e-08,0.9999281483824016,-4.646972001449326e-07,-4.646972001449326e-07,9.548436563168236e-08,9.02252204100289e-08,9.02252204100289e-08,2.3411418474437868e-07,2.6979818971628594e-08,2.6979818971628578e-08,0.9999284190486928,-1.0380881186660264e-07,-1.0380881186660264e-07,1.6543612236358663e-23,376581.7213413768
0.352295519228089,6.35714100742279e-08,9.066041393053594e-08,0.9999270084572217,-4.6724501264130264e-07,-4.6724501264130264e-07,9.598272064711046e-08,9.066584037290631e-08,9.066584037290631e-08,2.3349157079387407e-07,2.7089003856308027e-08,2.7089003856308034e-08,0.9999272804384635,-1.0460335691915888e-07,-1.0460335691915888e-07,-6.61744491523384e-24,375158.9724132292
0.3545981043210831,6.389957296088121e-08,9.109709481303424e-08,0.9999258599253689,-4.703963119492299e-07,-4.703963119492299e-07,9.64796787211537e-08,9.110444058193353e-08,9.110444058193353e-08,2.3287010476210323e-07,2.7197521852153036e-08,2.7197521852153036e-08,0.9999261332166534,-1.0600793269709292e-07,-1.0600793269709292e-07,-1.491556933752632e-32,373739.7184016373
0.3569006894140771,6.422676955343463e-08,9.15321455687362e-08,0.9999247028227335,-4.7399066372713035e-07,-4.7399066372713035e-07,9.697524430753946e-08,9.154071515403946e-08,9.154071515403946e-08,2.3224978628593857e-07,2.730537601530156e-08,2.7305376015301564e-08,0.9999249774191702,-1.0786208145218557e-07,-1.0786208145218557e-07,-3.3087224652318715e-24,372323.9701296267
0.3592032745070711,6.4553002636308e-08,9.196557201345124e-08,0.9999235371856884,-4.777961682417497e-07,-4.777961682417497e-07,9.746942183136673e-08,9.197447223587042e-08,9.197447223587042e-08,2.3163061497841672e-07,2.7412569377143266e-08,2.741256937714324e-08,0.9999238130824044,-1.0993388018794478e-07,-1.0993388018794478e-07,2.646977958657468e-23,370911.738182335
0.3615058596000652,6.487827498282944e-08,9.23973799274352e-08,0.999922363051079,-4.815476563958104e-07,-4.815476563958104e-07,9.796221568932116e-08,9.24056647904959e-08,9.24056647904959e-08,2.3101259042902936e-07,2.7519104944605736e-08,2.751910494460576e-08,0.9999226402432188,-1.119581366860696e-07,-1.119581366860696e-07,-2.316105716670771e-23,369503.0329089697
0.36380844469305923,6.52025893552425e-08,9.282757505568421e-08,0.9999211804562145,-4.849895948466065e-07,-4.849895948466065e-07,9.845363024988926e-08,9.283439773438219e-08,9.283439773438219e-08,2.303957122040176e-07,2.762498570044171e-08,2.7624985700441702e-08,0.9999214589389397,-1.136792946238697e-07,-1.136792946238697e-07,6.617444885102274e-24,368097.8644241091
0.3661110297860533,6.552594850471603e-08,9.32561631082265e-08,0.9999199894388575,-4.879167373612817e-07,-4.879167373612817e-07,9.894366985357174e-08,9.326091070439691e-08,9.326091070439691e-08,2.297799798466585e-07,2.7730214603510465e-08,2.7730214603510478e-08,0.9999202692073469,-1.1489208492837573e-07,-1.1489208492837573e-07,-1.3234889816267714e-23,366696.2426095425
0.36841361487904734,6.58483551713607e-08,9.368314976041205e-08,0.9999187900372157,-4.902060988723331e-07,-4.902060988723331e-07,9.943233881309555e-08,9.36855395707408e-08,9.36855395707408e-08,2.2916539287755381e-07,2.7834794589051376e-08,2.783479458905136e-08,0.999919071086665,-1.1547349983068484e-07,-1.1547349983068484e-07,1.6543612235545633e-23,365298.17711578513
0.37071619997204136,6.616981208425615e-08,9.410854065320015e-08,0.9999175822899318,-4.918353829252701e-07,-4.918353829252701e-07,9.991964141362503e-08,9.410866319377528e-08,9.410866319377528e-08,2.2855195079491226e-07,2.7938728568944e-08,2.7938728568944e-08,0.9999178646155538,-1.1540122031246952e-07,-1.1540122031246952e-07,-1.5608910580143107e-32,363903.67736385064
0.37301878506503544,6.649032196148979e-08,9.453234139344497e-08,0.9999163662360747,-4.928851824887704e-07,-4.928851824887704e-07,1.0040558191297203e-07,9.453064404693541e-08,9.453064404693541e-08,2.2793965307483433e-07,2.804201943195519e-08,2.804201943195518e-08,0.9999166498330989,-1.1475581691499053e-07,-1.1475581691499053e-07,9.926167334935073e-24,362512.7525466578
0.37532137015802947,6.680988751020732e-08,9.49545575541791e-08,0.9999151419151305,-4.93524995862159e-07,-4.93524995862159e-07,1.0089016454180486e-07,9.495177219737442e-08,9.495177219737442e-08,2.2732849917159007e-07,2.8144670043971775e-08,2.8144670043971782e-08,0.9999154267788032,-1.137067656454426e-07,-1.137067656454426e-07,-6.617444916216205e-24,361125.4116308917
0.37762395525102355,6.712851142667262e-08,9.537519467489511e-08,0.9999139093669936,-4.93985526209507e-07,-4.93985526209507e-07,1.0137339350385632e-07,9.537222136206927e-08,9.537222136206927e-08,2.2671848851789778e-07,2.824668324822248e-08,2.8246683248222492e-08,0.9999141954925777,-1.1248474750992657e-07,-1.1248474750992657e-07,-1.3234889816729542e-23,359741.6633585431
0.37992654034401757,6.744619639633373e-08,9.57942582618251e-08,0.9999126686319574,-4.945219070258762e-07,-4.945219070258762e-07,1.0185527297613056e-07,9.579202370447474e-08,9.579202370447474e-08,2.2610962052519905e-07,2.8348061865491367e-08,2.8348061865491363e-08,0.9999129560147322,-1.1134487397857577e-07,-1.1134487397857577e-07,3.3087224342434912e-24,358361.51624857605
0.3822291254370116,6.776294509389075e-08,9.621175378821848e-08,0.999911419750706,-4.953737382127884e-07,-4.953737382127884e-07,1.0233580710910908e-07,9.621106700200738e-08,9.621106700200738e-08,2.2550189458393148e-07,2.844880869432772e-08,2.8448808694327727e-08,0.9999117083859673,-1.105267230599145e-07,-1.105267230599145e-07,-6.617444916478785e-24,356984.97859856876
0.3845317105300057,6.80787601833607e-08,9.662768669461758e-08,0.9999101627643053,-4.967281997546918e-07,-4.967281997546918e-07,1.0281500002695527e-07,9.662911422911647e-08,9.662911422911647e-08,2.2489531006379968e-07,2.854892651125688e-08,2.854892651125688e-08,0.9999104526473654,-1.1021745297622147e-07,-1.1021745297622147e-07,-1.6138946376634031e-32,355612.0584863684
0.3868342956229997,6.839364431813659e-08,9.704206238913149e-08,0.9999088977141947,-4.986918769012368e-07,-4.986918769012368e-07,1.032928558277184e-07,9.704584217564267e-08,9.704584217564267e-08,2.2428986631404283e-07,2.8648418070994878e-08,2.86484180709949e-08,0.9999091888403818,-1.1052362734471079e-07,-1.1052362734471079e-07,-2.3161057167706556e-23,354242.7637718264
0.3891368807159937,6.87076001410369e-08,9.745488624770788e-08,0.9999076246421775,-5.012754365629408e-07,-5.012754365629408e-07,1.0376937858353601e-07,9.746089281000814e-08,9.746089281000814e-08,2.23685562663702e-07,2.8747286106671003e-08,2.874728610667098e-08,0.9999079170068362,-1.1145589157210923e-07,-1.1145589157210923e-07,2.3161057135181685e-23,352877.1020983242
0.3914394658089878,6.90206302843452e-08,9.786616361440282e-08,0.9999063435904144,-5.043932660902308e-07,-5.043932660902308e-07,1.0424457234083568e-07,9.787392931907204e-08,9.787392931907204e-08,2.2308239842188435e-07,2.8845533330057623e-08,2.8845533330057617e-08,0.9999066371889053,-1.1292861163261956e-07,-1.1292861163261956e-07,6.61744488404134e-24,351515.08089442574
0.39374205090198183,6.933273736983981e-08,9.827589980164866e-08,0.9999050546014132,-5.078777886857579e-07,-5.078777886857579e-07,1.0471844112053538e-07,9.82846881634449e-08,9.82846881634449e-08,2.224803728780213e-07,2.8943162431808875e-08,2.894316243180885e-08,0.9999053494291126,-1.1477418947916327e-07,-1.1477418947916327e-07,2.6469779585235715e-23,350156.70737579605
0.39604463599497586,6.964392400881565e-08,9.868410009051991e-08,0.9999037577180219,-5.115060069355082e-07,-5.115060069355082e-07,1.0519098891824292e-07,9.869301929317536e-08,9.869301929317536e-08,2.2187948530213338e-07,2.904017608170427e-08,2.904017608170426e-08,0.9999040537703221,-1.167696065734285e-07,-1.167696065734285e-07,9.926167334098352e-24,348801.98854650214
0.39834722108796994,6.995419280210142e-08,9.909076973099713e-08,0.9999024529834197,-5.150339793845791e-07,-5.150339793845791e-07,1.0566221970445431e-07,9.909890863288854e-08,9.909890863288854e-08,2.212797349450833e-07,2.9136576928895716e-08,2.9136576928895706e-08,0.999902750255729,-1.1867090046059055e-07,-1.1867090046059055e-07,9.926167334023015e-24,347450.9312009016
0.40064980618096396,7.026354634007538e-08,9.949591394222858e-08,0.9999011404411096,-5.182338771908555e-07,-5.182338771908555e-07,1.0613213742475083e-07,9.95024797228081e-08,9.95024797228081e-08,2.2068112103883276e-07,2.9232367602153205e-08,2.9232367602153195e-08,0.9999014389288514,-1.202502214219412e-07,-1.202502214219412e-07,9.92616733394913e-24,346103.54192530387
0.40295239127395804,7.057198720268447e-08,9.98995379127903e-08,0.9998998201349097,-5.209279908773194e-07,-5.209279908773194e-07,1.0660074599999543e-07,9.990397463579662e-08,9.990397463579662e-08,2.2008364279669566e-07,2.9327550710105818e-08,2.9327550710105828e-08,0.9999001198335234,-1.213298392261582e-07,-1.213298392261582e-07,-9.926167367395975e-24,344759.8270995101
0.40525497636695207,7.087951795946864e-08,1.0030164680094383e-07,0.9998984921089462,-5.230146566258191e-07,-5.230146566258191e-07,1.0706804932652749e-07,1.0030371736755922e-07,1.0030371736755922e-07,2.1948729941358788e-07,2.94221288414752e-08,2.942212884147519e-08,0.9998987930138866,-1.218080694220438e-07,-1.218080694220438e-07,9.926167333805672e-24,343419.7928986335
0.4075575614599461,7.118614116959384e-08,1.0070224573489204e-07,0.9998971564076446,-5.244824111635183e-07,-5.244824111635183e-07,1.0753405127635695e-07,1.0070206548160275e-07,1.0070206548160275e-07,2.18892090066278e-07,2.9516104565298193e-08,2.95161045652982e-08,0.9998974585143818,-1.216734282239501e-07,-1.216734282239501e-07,-6.617444917324489e-24,342083.44529461116
0.4098601465529402,7.149185938189425e-08,1.0110133981303324e-07,0.999895813075723,-5.254104971821243e-07,-5.254104971821243e-07,1.0799875569735711e-07,1.0109935738595825e-07,1.0109935738595825e-07,2.1829801391363232e-07,2.9609480431138997e-08,2.9609480431138994e-08,0.9998961163797424,-1.2100513792999134e-07,-1.2100513792999134e-07,3.3087224332436345e-24,340750.7900579612
0.4121627316459342,7.179667513492298e-08,1.0149893410421303e-07,0.999894462158183,-5.259559524117332e-07,-5.259559524117332e-07,1.084621664134563e-07,1.0149586314361684e-07,1.0149586314361684e-07,2.1770507009685932e-07,2.970225896929005e-08,2.970225896929005e-08,0.9998947666549853,-1.1996021599488108e-07,-1.1996021599488108e-07,-1.7035302875452818e-32,339421.8327594595
0.4144653167389283,7.210059095701034e-08,1.0189503364797461e-07,0.9998931037003039,-5.26329440637775e-07,-5.26329440637775e-07,1.0892428722482868e-07,1.0189174601910148e-07,1.0189174601910148e-07,2.1711325773975246e-07,2.9794442690964255e-08,2.9794442690964265e-08,0.9998934093854048,-1.1874930604587652e-07,-1.1874930604587652e-07,-9.926167367737093e-24,338096.57877177664
0.4167679018319223,7.240360936632628e-08,1.0228964345480693e-07,0.999891737747634,-5.267636296644981e-07,-5.267636296644981e-07,1.093851219080836e-07,1.0228704022606864e-07,1.0228704022606864e-07,2.1652257594893194e-07,2.9886034088480636e-08,2.988603408848065e-08,0.9998920446165643,-1.1760505584527034e-07,-1.1760505584527034e-07,-1.3234889818013308e-23,336775.0332710461
0.41907048692491633,7.270573287094453e-08,1.0268276850639135e-07,0.9998903643459833,-5.274788865131882e-07,-5.274788865131882e-07,1.0984467421645424e-07,1.0268164787532666e-07,1.0268164787532666e-07,2.159330238140779e-07,2.997703563544683e-08,2.997703563544683e-08,0.9998906723942889,-1.1674781248762283e-07,-1.1674781248762283e-07,-1.7227629269329435e-32,335457.2012387921
0.4213730720179104,7.30069639689043e-08,1.0307441375584602e-07,0.999888983541417,-5.286513528743906e-07,-5.286513528743906e-07,1.1030294787998475e-07,1.0307535522598216e-07,1.0307535522598216e-07,2.153446004081733e-07,3.006744978694171e-08,3.006744978694172e-08,0.9998892927646582,-1.1635369785100651e-07,-1.1635369785100651e-07,-6.617444917713288e-24,334143.08746320725
0.42367565711090444,7.330730514826758e-08,1.0346458412796877e-07,0.9998875953802472,-5.303879883615275e-07,-5.303879883615275e-07,1.1075994660571663e-07,1.0346786556326889e-07,1.0346786556326889e-07,2.1475730478773144e-07,3.0157278979701216e-08,3.015727897970119e-08,0.9998879057739996,-1.1652965184965245e-07,-1.1652965184965245e-07,2.6469779584347697e-23,332832.6965411801
0.42597824220389846,7.360675888716922e-08,1.0385328451947798e-07,0.9998861999090263,-5.327120365659409e-07,-5.327120365659409e-07,1.1121567407787376e-07,1.0385884363822955e-07,1.0385884363822955e-07,2.1417113599303033e-07,3.0246525632308775e-08,3.024652563230876e-08,0.9998865114688799,-1.1729889848802894e-07,-1.1729889848802894e-07,1.3234889783440428e-23,331526.0328797562
0.42828082729689254,7.390532765385931e-08,1.0424051979925168e-07,0.9998847971745399,-5.355608093339794e-07,-5.355608093339794e-07,1.1167013395804645e-07,1.0424796507877422e-07,1.0424796507877422e-07,2.135860930483437e-07,3.0335192145392353e-08,3.0335192145392367e-08,0.9998851098960994,-1.1859873013697271e-07,-1.1859873013697271e-07,-1.3234889818313994e-23,330223.10069775773
0.43058341238988657,7.420301390673775e-08,1.0462629480856465e-07,0.9998833872238,-5.387958231635824e-07,-5.387958231635824e-07,1.1212332988537427e-07,1.0463496357111172e-07,1.0463496357111172e-07,2.1300217496216464e-07,3.0423280901826904e-08,3.0423280901826904e-08,0.9998837011026844,-1.2029064392932382e-07,-1.2029064392932382e-07,-1.7521816353197363e-32,328923.90402764326
0.4328859974828806,7.449982009438232e-08,1.0501061436132384e-07,0.9998819701040372,-5.422236061326273e-07,-5.422236061326273e-07,1.1257526547672797e-07,1.0501966909610886e-07,1.0501966909610886e-07,2.1241938072743514e-07,3.051079426694154e-08,3.0510794266941515e-08,0.9998822851358803,-1.2218114868733196e-07,-1.2218114868733196e-07,2.6469779584120065e-23,327628.44671691296
0.43518858257587467,7.479574865557256e-08,1.0539348324430171e-07,0.9998805458626953,-5.456239647868168e-07,-5.456239647868168e-07,1.1302594432689006e-07,1.0540203193116394e-07,1.0540203193116394e-07,2.1183770932176804e-07,3.0597734588729147e-08,3.0597734588729147e-08,0.999880862043145,-1.2405003180960993e-07,-1.2405003180960993e-07,-1.7630579363420026e-32,326336.7324298971
0.4374911676688687,7.509080201931188e-08,1.0577490621736779e-07,0.9998791145474231,-5.487815582124662e-07,-5.487815582124662e-07,1.1347537000873437e-07,1.0578212923423564e-07,1.0578212923423564e-07,2.1125715970766664e-07,3.06841041980559e-08,3.068410419805591e-08,0.9998794318721417,-1.2568193334299506e-07,-1.2568193334299506e-07,-6.617444918107325e-24,325048.7646494522
0.4397937527618628,7.538498260485108e-08,1.0615488801371843e-07,0.9998776762060685,-5.515162402753756e-07,-5.515162402753756e-07,1.1392354607340465e-07,1.0616015359991574e-07,1.0616015359991574e-07,2.1067773083274832e-07,3.0769905408867346e-08,3.0769905408867346e-08,0.9998779946707326,-1.2689668822050185e-07,-1.2689668822050185e-07,-1.773440678904849e-32,323764.5466784149
0.4420963378548568,7.567829282171561e-08,1.0653343334010448e-07,0.9998762308866719,-5.53707922251047e-07,-5.53707922251047e-07,1.1437047605049172e-07,1.0653638548655178e-07,1.0653638548655178e-07,2.1009942162995855e-07,3.0855140518388894e-08,3.0855140518388874e-08,0.9998765504869719,-1.2757418889062912e-07,-1.2757418889062912e-07,1.9852334683488163e-23,322484.0816414396
0.4443989229478508,7.597073506973853e-08,1.069105468770574e-07,0.9998747786374593,-5.55312596955395e-07,-5.55312596955395e-07,1.1481616344820985e-07,1.0691115369261644e-07,1.0691115369261644e-07,2.0952223101778735e-07,3.093981180731887e-08,3.093981180731887e-08,0.9998750993690999,-1.276704094471654e-07,-1.276704094471654e-07,-1.7833400750274827e-32,321207.37248656136
0.4467015080408449,7.626231173910036e-08,1.0728623327911331e-07,0.9998733195068363,-5.563674484134e-07,-5.563674484134e-07,1.1526061175357188e-07,1.0728478958799062e-07,1.0728478958799062e-07,2.0894615790048458e-07,3.102392154001298e-08,3.1023921540012957e-08,0.9998736413655361,-1.2722251529694674e-07,-1.2722251529694674e-07,2.646977958381577e-23,319934.4219867699
0.44900409313383893,7.655302521037591e-08,1.0766049717503542e-07,0.9998718535433812,-5.569846013123789e-07,-5.569846013123789e-07,1.1570382443256315e-07,1.0765758160689204e-07,1.0765758160689204e-07,2.0837120116827045e-07,3.110747196465949e-08,3.11074719646595e-08,0.9998721765248727,-1.2634261261223727e-07,-1.2634261261223727e-07,-1.3234889818776104e-23,318665.23274170584
0.451306678226833,7.684287785458724e-08,1.080333431680346e-07,0.999870380795839,-5.573345760389391e-07,-5.573345760389391e-07,1.1614580493031455e-07,1.0802973630792614e-07,1.0802973630792614e-07,2.0779735969754404e-07,3.119046531344735e-08,3.119046531344736e-08,0.9998707048958685,-1.252012033668007e-07,-1.252012033668007e-07,-6.61744491839727e-24,317399.80717932753
0.45360926331982704,7.713187203326072e-08,1.0840477583598821e-07,0.9998689013131153,-5.576219937031557e-07,-5.576219937031557e-07,1.1658655667127415e-07,1.0840135125910511e-07,1.0840135125910511e-07,2.0722463235109393e-07,3.127290380272747e-08,3.127290380272748e-08,0.9998692265274428,-1.240028903592029e-07,-1.240028903592029e-07,-1.3234889818865733e-23,316138.14755739993
0.45591184841282106,7.742001009848691e-08,1.0877479973165727e-07,0.9998674151442697,-5.580570025063158e-07,-5.580570025063158e-07,1.170260830593781e-07,1.0877240330170524e-07,1.0877240330170524e-07,2.0665301797830003e-07,3.135478963317035e-08,3.135478963317036e-08,0.9998677414686689,-1.2295780357968675e-07,-1.2295780357968675e-07,-6.617444918484615e-24,314880.25596529536
0.45821443350581514,7.77072943929796e-08,1.0914341938290188e-07,0.9998659223385102,-5.588264516748016e-07,-5.588264516748016e-07,1.174643874782201e-07,1.0914275350219422e-07,1.0914275350219422e-07,2.060825154153425e-07,3.143612498992229e-08,3.1436124989922274e-08,0.9998662497687684,-1.2225277414319407e-07,-1.2225277414319407e-07,1.3234889782746065e-23,313626.1343253826
0.46051701859880917,7.799372725013241e-08,1.0951063929289472e-07,0.999864422945187,-5.600687456183947e-07,-5.600687456183947e-07,1.1790147329121987e-07,1.0951216786517055e-07,1.0951216786517055e-07,2.055131234853979e-07,3.1516912042762335e-08,3.1516912042762315e-08,0.9998647514771049,-1.2202618844681579e-07,-1.2202618844681579e-07,1.9852334683129414e-23,312375.78439490066
0.4628196036918032,7.827931099407115e-08,1.0987646394033328e-07,0.9998629170137863,-5.618557083875858e-07,-5.618557083875858e-07,1.1833734384179058e-07,1.0988035066939766e-07,1.0988035066939766e-07,2.049448409988433e-07,3.159715294626212e-08,3.1597152946262126e-08,0.999863246643178,-1.2234985262625267e-07,-1.2234985262625267e-07,-6.617444918607246e-24,311129.2077673709
0.4651221887847973,7.85640479397003e-08,1.102408977796499e-07,0.9998614045939247,-5.641837914308912e-07,-5.641837914308912e-07,1.1877200245350517e-07,1.102469857383353e-07,1.102469857383353e-07,2.043776667534543e-07,3.167684983994961e-08,3.16768498399496e-08,0.999861735316618,-1.2322020031229157e-07,-1.2322020031229157e-07,6.617444882202512e-24,309886.4058741833
0.4674247738777913,7.884794039274304e-08,1.1060394524122031e-07,0.9998598857353435,-5.669755683853865e-07,-5.669755683853865e-07,1.1920545243026136e-07,1.1061177988533414e-07,1.1061177988533414e-07,2.0381159953459767e-07,3.1756004848477275e-08,3.175600484847727e-08,0.9998602175471791,-1.2455978742050524e-07,-1.2455978742050524e-07,6.6174448821649e-24,308647.3799863954
0.4697273589707853,7.91309906497764e-08,1.1096561073157055e-07,0.9998583604879027,-5.700911469207157e-07,-5.700911469207157e-07,1.1963769705644595e-07,1.1097450268647286e-07,1.1097450268647286e-07,2.0324663811542907e-07,3.183462008179415e-08,3.183462008179415e-08,0.9998586933847349,-1.262287039944335e-07,-1.262287039944335e-07,-1.8295868139596518e-32,307412.1312161201
0.4720299440637794,7.941320099826079e-08,1.1132589863358196e-07,0.9998568289015757,-5.733477105422413e-07,-5.733477105422413e-07,1.2006873959709766e-07,1.1133501730647634e-07,1.1133501730647634e-07,2.026827812570839e-07,3.191269763532117e-08,3.191269763532117e-08,0.9998571628792716,-1.280441160079135e-07,-1.280441160079135e-07,-1.8331362286238544e-32,306180.6605182163
0.47433252915677343,7.969457371656739e-08,1.1168481330669442e-07,0.9998552910264431,-5.765444500186455e-07,-5.765444500186455e-07,1.20498583298069e-07,1.1169329841121111e-07,1.1169329841121111e-07,2.0212002770886952e-07,3.1990239590127025e-08,3.199023959012704e-08,0.9998556260808831,-1.2980519679186782e-07,-1.2980519679186782e-07,-1.3234889819214258e-23,304952.96869180934
0.4766351142497675,7.997511107400448e-08,1.1204235908710811e-07,0.9998537469126879,-5.794894356286341e-07,-5.794894356286341e-07,1.2092723138618715e-07,1.120494350333257e-07,1.120494350333257e-07,2.0155837620845152e-07,3.206724801310365e-08,3.206724801310363e-08,0.9998540830397652,-1.3131999928020166e-07,-1.3131999928020166e-07,1.985233468287343e-23,303729.0563819354
0.47893769934276154,8.025481533084493e-08,1.1239854028798323e-07,0.9998521966105897,-5.820248467774882e-07,-5.820248467774882e-07,1.213546870694135e-07,1.1240361824873494e-07,1.1240361824873494e-07,2.0099782548204392e-07,3.214372495713833e-08,3.21437249571383e-08,0.9998525338062105,-1.3243068562555524e-07,-1.3243068562555524e-07,2.6469779583265243e-23,302508.9240810379
0.48124028443575556,8.053368873835718e-08,1.1275336119963839e-07,0.9998506401705188,-5.840472691023529e-07,-5.840472691023529e-07,1.2178095353700252e-07,1.1275611558272411e-07,1.1275611558272411e-07,2.004383742445904e-07,3.2219672461281214e-08,3.221967246128121e-08,0.9998509784306024,-1.3303382430379935e-07,-1.3303382430379935e-07,6.617444881961187e-24,301292.5721306415
0.48354286952874964,8.081173353883986e-08,1.1310682608974687e-07,0.9998490776429323,-5.855204997200224e-07,-5.855204997200224e-07,1.2220603395965888e-07,1.131072357167864e-07,1.131072357167864e-07,1.9988002119995246e-07,3.2295092550907e-08,3.2295092550907015e-08,0.9998494169634106,-1.3309319536103496e-07,-1.3309319536103496e-07,-1.3234889819341875e-23,300080.00072276784
0.48584545462174367,8.108895196566252e-08,1.1345893920353164e-07,0.9998475090783672,-5.86479352445721e-07,-5.86479352445721e-07,1.2262993148969428e-07,1.1345728830042514e-07,1.1345728830042514e-07,1.993227650410867e-07,3.236998723786912e-08,3.236998723786912e-08,0.9998478494551848,-1.3264359563159442e-07,-1.3264359563159442e-07,-1.8522841193456438e-32,298871.2099016388
0.48814803971473775,8.136534624331083e-08,1.1380970476395845e-07,0.9998459345274363,-5.870241616331135e-07,-5.870241616331135e-07,1.230526492611825e-07,1.1380654418079517e-07,1.1380654418079517e-07,1.98766604450229e-07,3.244435852064758e-08,3.244435852064762e-08,0.9998462759565506,-1.3178534257727972e-07,-1.3178534257727972e-07,-3.97046694210966e-23,297666.1995650701
0.49045062480773177,8.164091858743669e-08,1.1415912697192742e-07,0.9998443540408227,-5.873068906474894e-07,-5.873068906474894e-07,1.2347419039011377e-07,1.1415520121095802e-07,1.1415520121095802e-07,1.9821153809906817e-07,3.251820838449072e-08,3.251820838449073e-08,0.9998446965182036,-1.3067038275977977e-07,-1.3067038275977977e-07,-6.617444919002965e-24,296464.96946616576
0.4927532099007258,8.191567120491142e-08,1.1450721000646298e-07,0.9998427676692748,-5.875108306334265e-07,-5.875108306334265e-07,1.238945579745479e-07,1.145033599504464e-07,1.145033599504464e-07,1.9765756464892599e-07,3.2591538801551576e-08,3.259153880155156e-08,0.9998431111909049,-1.2948199060757455e-07,-1.2948199060757455e-07,1.3234889782243187e-23,295267.5192147429
0.4950557949937199,8.218960629388099e-08,1.1485395802490238e-07,0.9998411754636015,-5.878266278428549e-07,-5.878266278428549e-07,1.2431375509476654e-07,1.1485101222568872e-07,1.1485101222568872e-07,1.9710468275092991e-07,3.266435173102138e-08,3.266435173102139e-08,0.9998415200254755,-1.2841079574324536e-07,-1.2841079574324536e-07,-1.323488981947927e-23,294073.84827891964
0.4973583800867139,8.246272604382064e-08,1.1519937516308227e-07,0.9998395774746669,-5.884277964520416e-07,-5.884277964520416e-07,1.2473178481342397e-07,1.1519804377081406e-07,1.1519804377081406e-07,1.965528910461866e-07,3.2736649119261625e-08,3.2736649119261625e-08,0.9998399230727923,-1.276302957997125e-07,-1.276302957997125e-07,-1.8655460036747168e-32,292883.95598660473
0.4996609651797079,8.273503263558818e-08,1.1554346553552408e-07,0.9998379737533855,-5.894488507041181e-07,-5.894488507041181e-07,1.251486501756972e-07,1.1554425038714987e-07,1.1554425038714987e-07,1.960021881659516e-07,3.2808432899935896e-08,3.28084328999359e-08,0.9998383203837821,-1.272749885620218e-07,-1.272749885620218e-07,-6.617444919103391e-24,291697.8415270725
0.501963550272702,8.300652824147373e-08,1.1588623323561763e-07,0.9998363643507179,-5.909687715967503e-07,-5.909687715967503e-07,1.2556435420943476e-07,1.1588936529718245e-07,1.1588936529718245e-07,1.9545257273180114e-07,3.287970499414391e-08,3.2879704994143895e-08,0.9998367120094176,-1.274238386542798e-07,-1.274238386542798e-07,1.3234889782146478e-23,290515.5039523949
0.5042661353656961,8.327721502524544e-08,1.162276823358032e-07,0.9998347493176655,-5.930018015159362e-07,-5.930018015159362e-07,1.2597889992530466e-07,1.162330940609808e-07,1.162330940609808e-07,1.9490404335579823e-07,3.295046731055775e-08,3.295046731055776e-08,0.9998350980007125,-1.2809107217272336e-07,-1.2809107217272336e-07,-1.3234889819572302e-23,289336.94217896956
0.5065687204586901,8.354709514219031e-08,1.1656781688775208e-07,0.9998331287052661,-5.954965415284392e-07,-5.954965415284392e-07,1.2639229031694094e-07,1.1657515248371133e-07,1.1657515248371133e-07,1.9435659864065855e-07,3.3020721745561764e-08,3.302072174556177e-08,0.9998334784087167,-1.2922527397743087e-07,-1.2922527397743087e-07,-6.617444919169077e-24,288162.1549890728
0.5088713055516841,8.381617073915075e-08,1.1690664092254552e-07,0.999831502564589,-5.983433203346301e-07,-5.983433203346301e-07,1.2680452836108957e-07,1.169153027165642e-07,1.169153027165642e-07,1.9381023717991448e-07,3.3090470183394774e-08,3.309047018339477e-08,0.9998318532845117,-1.30716756644448e-07,-1.30716756644448e-07,6.617444881659252e-24,286991.1410322949
0.5111738906446782,8.408444395455721e-08,1.1724415845085212e-07,0.999829870946731,-6.01388692778888e-07,-6.01388692778888e-07,1.2721561701775297e-07,1.1725338305810344e-07,1.1725338305810344e-07,1.9326495755808003e-07,3.315971449629492e-08,3.3159714496294916e-08,0.9998302226792064,-1.3241205897547952e-07,-1.3241205897547952e-07,6.617444881640011e-24,285823.8988270015
0.5134764757376722,8.435191691845802e-08,1.1758037346310359e-07,0.9998282339028116,-6.044551457002384e-07,-6.044551457002384e-07,1.276255592303335e-07,1.1758932784006997e-07,1.1758932784006997e-07,1.9272075835080814e-07,3.322845654464558e-08,3.322845654464557e-08,0.999828586643932,-1.3413365184782408e-07,-1.3413365184782408e-07,6.617444881621637e-24,284660.4267618933
0.5157790608306663,8.461859175254823e-08,1.1791528992966905e-07,0.9998265914839684,-6.073634235804824e-07,-6.073634235804824e-07,1.2803435792577617e-07,1.1792317513044788e-07,1.1792317513044788e-07,1.9217763812505287e-07,3.329669817712079e-08,3.329669817712082e-08,0.9998269452298382,-1.3570226386180614e-07,-1.3570226386180614e-07,-3.308722452094121e-23,283500.7230974135
0.5180816459236603,8.488447057019875e-08,1.1824891180102778e-07,0.9998249437413527,-6.099546769506559e-07,-6.099546769506559e-07,1.2844201601470998e-07,1.1825506148294133e-07,1.1825506148294133e-07,1.9163559543922523e-07,3.336444123082903e-08,3.336444123082903e-08,0.9998252984880881,-1.3695902974654477e-07,-1.3695902974654477e-07,-1.8836778271257657e-32,282344.78596724593
0.5203842310166543,8.514955547648672e-08,1.1858124300794017e-07,0.9998232907261257,-6.121097038705106e-07,-6.121097038705106e-07,1.288485363915884e-07,1.185852046470901e-07,1.185852046470901e-07,1.9109462884335315e-07,3.343168753145347e-08,3.343168753145345e-08,0.9998236464698548,-1.3778473183874988e-07,-1.3778473183874988e-07,1.9852334682420048e-23,281192.6133796638
0.5226868161096484,8.541384856822954e-08,1.1891228746161768e-07,0.999821632489454,-6.137629899778128e-07,-6.137629899778128e-07,1.2925392193482874e-07,1.1891387654411492e-07,1.1891387654411492e-07,1.9055473687923028e-07,3.349843889338813e-08,3.3498438893388136e-08,0.9998219892263164,-1.3811384013134206e-07,-1.3811384013134206e-07,-6.617444919291849e-24,280044.20321916306
0.5249894012026425,8.567735193402174e-08,1.1924204905389067e-07,0.9998199690825051,-6.149099500612443e-07,-6.149099500612443e-07,1.2965817550695063e-07,1.19241370007794e-07,1.19241370007794e-07,1.9001591808057318e-07,3.356469711986891e-08,3.356469711986892e-08,0.9998203268086523,-1.3794175384568165e-07,-1.3794175384568165e-07,-1.3234889819730262e-23,278899.55324775755
0.5272919862956365,8.594006765427603e-08,1.1957053165737515e-07,0.9998183005564436,-6.156066377168761e-07,-6.156066377168761e-07,1.3006129995471303e-07,1.195679634374388e-07,1.195679634374388e-07,1.8947817097317167e-07,3.363046400309913e-08,3.3630464003099115e-08,0.9998186592680386,-1.373245110873755e-07,-1.373245110873755e-07,1.3234889781953238e-23,277758.66110645427
0.5295945713886305,8.620199780126815e-08,1.1989773912563792e-07,0.9998166269624271,-6.159621196261571e-07,-6.159621196261571e-07,1.3046329810925088e-07,1.1989388769209753e-07,1.1989388769209753e-07,1.8894149407503731e-07,3.369574132436979e-08,3.369574132436977e-08,0.9998169866556444,-1.3637116312360538e-07,-1.3637116312360538e-07,1.9852334682364873e-23,276621.52431672125
0.5318971564816246,8.64631444391844e-08,1.202236752933603e-07,0.9998149483516021,-6.161246033635871e-07,-6.161246033635871e-07,1.3086417278621012e-07,1.2021929917743588e-07,1.2021929917743588e-07,1.8840588589655434e-07,3.3760530854175886e-08,3.376053085417589e-08,0.999815309022628,-1.3522990219014592e-07,-1.3522990219014592e-07,-6.617444919343807e-24,275488.14028181543
0.5341997415746187,8.67235096241715e-08,1.205483439765003e-07,0.9998132647750999,-6.162631109528393e-07,-6.162631109528393e-07,1.312639267858819e-07,1.2054426226035264e-07,1.2054426226035264e-07,1.8787134494062395e-07,3.382483435232878e-08,3.38248343523288e-08,0.9998136264201318,-1.340697350468381e-07,-1.340697350468381e-07,-1.9852334720203263e-23,274358.5062882685
0.5365023266676127,8.698309540438696e-08,1.2087174897245352e-07,0.999811576284033,-6.165469977561993e-07,-6.165469977561993e-07,1.31662562893336e-07,1.208687429387003e-07,1.208687429387003e-07,1.8733786970280974e-07,3.388865356806657e-08,3.388865356806657e-08,0.99981193889928,-1.3306000186638522e-07,-1.3306000186638522e-07,-1.8940840002470044e-32,273232.61950727866
0.5388049117606067,8.724190382004907e-08,1.211938940602126e-07,0.9998098829294912,-6.171257985592217e-07,-6.171257985592217e-07,1.3206008387855289e-07,1.2119261432900874e-07,1.2119261432900874e-07,1.8680545867148254e-07,3.395199024016354e-08,3.3951990240163515e-08,0.9998102465111735,-1.3235022231837136e-07,-1.3235022231837136e-07,2.6469779582746568e-23,272110.47699608287
0.5411074968536008,8.749993690348521e-08,1.2151478300052507e-07,0.9998081847625375,-6.181117874018581e-07,-6.181117874018581e-07,1.3245649249655487e-07,1.215156731017504e-07,1.215156731017504e-07,1.8627411032796093e-07,3.401484609703989e-08,3.401484609703987e-08,0.9998085493068866,-1.320526553997578e-07,-1.320526553997578e-07,1.9852334682313624e-23,270992.0756993511
0.5434100819465948,8.775719667917731e-08,1.2183441953605016e-07,0.9998064818342046,-6.19567252565373e-07,-6.19567252565373e-07,1.3285179148753632e-07,1.2183766472605643e-07,1.2183766472605643e-07,1.857438231466532e-07,3.4077222856872856e-08,3.4077222856872856e-08,0.9998068473374633,-1.3222957442117231e-07,-1.3222957442117231e-07,-1.8967015586251112e-32,269877.4124505739
0.5457126670395889,8.801368516380421e-08,1.2215280739151386e-07,0.9998047741954912,-6.214978789342602e-07,-6.214978789342602e-07,1.332459835769929e-07,1.221583143874478e-07,1.221583143874478e-07,1.852145955951946e-07,3.413912222770966e-08,3.4139122227709645e-08,0.9998051406539133,-1.3288664936820479e-07,-1.3288664936820479e-07,1.3234889781874188e-23,268766.4839734408
0.548015252132583,8.826940436628038e-08,1.224699502738626e-07,0.9998030618973583,-6.238528835031754e-07,-6.238528835031754e-07,1.336390714758496e-07,1.2247735985039204e-07,1.2247735985039204e-07,1.8468642613458705e-07,3.420054590758222e-08,3.420054590758222e-08,0.9998034293072092,-1.33973082407725e-07,-1.33973082407725e-07,-1.8980762127061105e-32,267659.2868831515
0.5503178372255769,8.852435628779129e-08,1.2278585187241587e-07,0.9998013449907258,-6.26531731001599e-07,-6.26531731001599e-07,1.34031057880588e-07,1.2279458238850934e-07,1.2279458238850934e-07,1.841593132193326e-07,3.4261495584624576e-08,3.4261495584624576e-08,0.9998017133482814,-1.353883235119355e-07,-1.353883235119355e-07,-1.898654964758803e-32,266555.81768786936
0.552620422318571,8.877854292182602e-08,1.2310051585901706e-07,0.9997996235264686,-6.293965153983821e-07,-6.293965153983821e-07,1.344219454733725e-07,1.2310983221189283e-07,1.2310983221189283e-07,1.8363325529756986e-07,3.4321972937191054e-08,3.432197293719104e-08,0.9997999928280161,-1.3699445196231382e-07,-1.3699445196231382e-07,1.3234889781856818e-23,265456.07278998906
0.5549230074115651,8.903196625420778e-08,1.2341394588818309e-07,0.9997978975554133,-6.322884349821866e-07,-6.322884349821866e-07,1.3481173692217536e-07,1.2342304555575633e-07,1.2342304555575633e-07,1.831082508112068e-07,3.438197963397532e-08,3.438197963397531e-08,0.9997982677972509,-1.3863265142945428e-07,-1.3863265142945428e-07,1.3234889781852447e-23,264360.04848748597
0.557225592504559,8.928462826312355e-08,1.2372614559725262e-07,0.9997961671283351,-6.350463826053341e-07,-6.350463826053341e-07,1.352004348809009e-07,1.2373425158449937e-07,1.2373425158449937e-07,1.8258429819605145e-07,3.444151733412907e-08,3.444151733412907e-08,0.9997965383067718,-1.4014180021632359e-07,-1.4014180021632359e-07,-1.8999668793864035e-32,263267.7409752978
0.5595281775975531,8.953653091915389e-08,1.240371186065329e-07,0.999794432295954,-6.375254602403085e-07,-6.375254602403085e-07,1.3558804198950902e-07,1.240435685355418e-07,1.240435685355418e-07,1.8206139588194448e-07,3.4500587687379e-08,3.4500587687379e-08,0.9997948044073098,-1.4137698581417694e-07,-1.4137698581417694e-07,-1.9002654600738196e-32,262179.14634656324
0.5618307626905472,8.978767618530372e-08,1.2434686851944504e-07,0.9997926931089315,-6.396133043387165e-07,-6.396133043387165e-07,1.3597456087413707e-07,1.243511896960575e-07,1.243511896960575e-07,1.81539542292885e-07,3.4559192334141336e-08,3.455919233414132e-08,0.999793066149537,-1.4222583026093632e-07,-1.4222583026093632e-07,1.3234889781843484e-23,261094.26059402287
0.5641333477835412,9.003806601703521e-08,1.2465539892266848e-07,0.9997909496178677,-6.412424149593095e-07,-6.412424149593095e-07,1.3635999414722128e-07,1.2465736104439987e-07,1.2465736104439987e-07,1.8101873584715982e-07,3.4617332905633266e-08,3.4617332905633266e-08,0.9997913235840645,-1.426208192686356e-07,-1.426208192686356e-07,-1.9006593598491617e-32,260013.079611299
0.5664359328765353,9.028770236230327e-08,1.2496271338628342e-07,0.9997892018732978,-6.423971669139232e-07,-6.423971669139232e-07,1.3674434440761716e-07,1.249623532026475e-07,1.249623532026475e-07,1.8049897495747045e-07,3.4675011023980176e-08,3.467501102398015e-08,0.999789576761438,-1.4254631336878955e-07,-1.4254631336878955e-07,2.646977958268932e-23,258935.59919414273
0.5687385179695293,9.053658716159349e-08,1.2526881546391235e-07,0.9997874499256886,-6.431148444559949e-07,-6.431148444559949e-07,1.371276142407187e-07,1.252664310109346e-07,1.252664310109346e-07,1.7998025803105557e-07,3.473222830231886e-08,3.473222830231886e-08,0.999787825732135,-1.420395826003455e-07,-1.420395826003455e-07,-1.9007875089493453e-32,257861.81504180096
0.5710411030625233,9.078472234796328e-08,1.2557370869286018e-07,0.9997856938254359,-6.434806998601e-07,-6.434806998601e-07,1.3750980621857675e-07,1.2556982417409577e-07,1.2556982417409577e-07,1.794625834698163e-07,3.47889863448969e-08,3.47889863448969e-08,0.999786070546562,-1.4118586508865925e-07,-1.4118586508865925e-07,-1.9007538746977087e-32,256791.72275824286
0.5733436881555174,9.103210984708503e-08,1.2587739659425324e-07,0.9997839336228614,-6.436177345179315e-07,-6.436177345179315e-07,1.3789092290001664e-07,1.258727022649243e-07,1.258727022649243e-07,1.7894594967043647e-07,3.484528674716822e-08,3.484528674716821e-08,0.9997843112550512,-1.401081481409185e-07,-1.401081481409185e-07,1.323488978184188e-23,255725.31785346908
0.5756462732485115,9.127875157729076e-08,1.2617988267317655e-07,0.9997821693682094,-6.436724544144851e-07,-6.436724544144851e-07,1.3827096683075447e-07,1.2617515679346506e-07,1.2617515679346506e-07,1.7843035502450404e-07,3.49011310958858e-08,3.49011310958858e-08,0.9997825479078575,-1.3895292372177888e-07,-1.3895292372177888e-07,-1.9004950227501592e-32,254662.5957447759
0.5779488583415056,9.152464944961788e-08,1.2648117041881027e-07,0.9997804011116439,-6.437982741848781e-07,-6.437982741848781e-07,1.3864994054351262e-07,1.2647719221569256e-07,1.2647719221569256e-07,1.7791579791863187e-07,3.495652096919238e-08,3.495652096919239e-08,0.9997807805551552,-1.3787359250963708e-07,-1.3787359250963708e-07,-6.617444919426934e-24,253603.5517579452
0.5802514434344995,9.176980536785472e-08,1.2678126330456465e-07,0.9997786289032458,-6.441384607889301e-07,-6.441384607889301e-07,1.390278465581345e-07,1.267787267035494e-07,1.267787267035494e-07,1.7740227673457205e-07,3.501145793670991e-08,3.5011457936709925e-08,0.9997790092470357,-1.3701340757067146e-07,-1.3701340757067146e-07,-1.32348898198483e-23,252548.18112861257
0.5825540285274936,9.201422122858513e-08,1.2708016478821396e-07,0.9997768527930097,-6.448105073044268e-07,-6.448105073044268e-07,1.394046873816982e-07,1.270796024313341e-07,1.270796024313341e-07,1.7688978984933592e-07,3.5065943559628815e-08,3.506594355962883e-08,0.999777234033504,-1.3648984815157094e-07,-1.3648984815157094e-07,-1.3234889819844834e-23,251496.47900339135
0.5848566136204877,9.225789892123116e-08,1.2737787831202888e-07,0.9997750728308414,-6.458936173921136e-07,-6.458936173921136e-07,1.3978046550862893e-07,1.2737960405157008e-07,1.2737960405157008e-07,1.7637833563530654e-07,3.511997939079773e-08,3.5119979390797724e-08,0.9997754549644764,-1.363821041439981e-07,-1.363821041439981e-07,6.617444881431902e-24,250448.44044119434
0.5871591987134817,9.250084032809369e-08,1.276744073029078e-07,0.9997732890665553,-6.47420608423434e-07,-6.47420608423434e-07,1.4015518342081118e-07,1.2767848321269674e-07,1.2767848321269674e-07,1.7586791246035467e-07,3.5173566974814116e-08,3.517356697481411e-08,0.9997736720897772,-1.3672297921180284e-07,-1.3672297921180284e-07,6.617444881436568e-24,249404.06041439317
0.5894617838064757,9.27430473243903e-08,1.2796975517250698e-07,0.9997715015498705,-6.493750016293808e-07,-6.493750016293808e-07,1.4052884358769942e-07,1.279759863112488e-07,1.279759863112488e-07,1.7535851868795055e-07,3.522670784811669e-08,3.5226707848116684e-08,0.999771885459136,-1.3749598093935285e-07,-1.3749598093935285e-07,6.617444881441824e-24,248363.3338100494
0.5917643688994698,9.298452177829066e-08,1.2826392531736936e-07,0.9997697103304096,-6.516935189156938e-07,-6.516935189156938e-07,1.4090144846642802e-07,1.2827188242463643e-07,1.2827188242463643e-07,1.7485015267727455e-07,3.5279403539078695e-08,3.52794035390787e-08,0.9997700951221856,-1.3863781764621636e-07,-1.3863781764621636e-07,-6.617444919400779e-24,247326.25543115754
0.5940669539924638,9.322526555094934e-08,1.28556921119052e-07,0.9997679154576954,-6.542735725624942e-07,-6.542735725624942e-07,1.4127300050192028e-07,1.2856598839093937e-07,1.2856598839093937e-07,1.743428127833285e-07,3.5331655568102656e-08,3.533165556810266e-08,0.9997683011284587,-1.4004588808628624e-07,-1.4004588808628624e-07,-6.617444919394365e-24,246292.81999779062
0.5963695390854579,9.346528049653698e-08,1.2884874594425273e-07,0.9997661169811476,-6.56984852956412e-07,-6.56984852956412e-07,1.4164350212699672e-07,1.2885818838652074e-07,1.2885818838652074e-07,1.7383649735704315e-07,3.5383465447715734e-08,3.5383465447715754e-08,0.9997665035273854,-1.415898691794011e-07,-1.415898691794011e-07,-1.9852334720235827e-23,245263.02214832327
0.598672124178452,9.370456846227007e-08,1.2913940314493518e-07,0.9997643149500814,-6.596836628821697e-07,-6.596836628821697e-07,1.4201295576248213e-07,1.2914844601172462e-07,1.2914844601172462e-07,1.733312047453873e-07,3.54348346826651e-08,3.543483468266511e-08,0.9997647023682908,-1.43126050302429e-07,-1.43126050302429e-07,-1.3234889819804062e-23,244236.85644059358
0.6009747092714459,9.394313128844002e-08,1.2942889605845259e-07,0.9997625094137045,-6.622284198753292e-07,-6.622284198753292e-07,1.4238136381731191e-07,1.294368077189545e-07,1.294368077189545e-07,1.7282693329147183e-07,3.5485764770012554e-08,3.548576477001257e-08,0.9997628977003926,-1.4451283564151885e-07,-1.4451283564151885e-07,-1.3234889819795963e-23,243214.31735309935
0.60327729436444,9.418097080844292e-08,1.297172280076708e-07,0.9997607004211141,-6.644946467903756e-07,-6.644946467903756e-07,1.427487286886376e-07,1.2972339738717618e-07,1.2972339738717618e-07,1.7232368133465794e-07,3.553625719922787e-08,3.5536257199227894e-08,0.9997610895727981,-1.456257347596923e-07,-1.456257347596923e-07,-2.646977962063576e-23,242195.39928611877
0.6055798794574341,9.441808884880982e-08,1.3000440230108978e-07,0.9997588880212952,-6.663878794443574e-07,-6.663878794443574e-07,1.431150527619313e-07,1.3000840277671644e-07,1.3000840277671644e-07,1.718214472106581e-07,3.558631345227994e-08,3.558631345227996e-08,0.9997592780345022,-1.4637027023999824e-07,-1.4637027023999824e-07,-1.9852334720202355e-23,241180.09656290605
0.6078824645504282,9.465448722923871e-08,1.3029042223296377e-07,0.9997570722631178,-6.678531749331897e-07,-6.678531749331897e-07,1.4348033841108938e-07,1.3029205543897035e-07,1.3029205543897035e-07,1.7132022925163934e-07,3.563593500372505e-08,3.563593500372506e-08,0.9997574631343845,-1.4669148600133465e-07,-1.4669148600133465e-07,-6.61744491934419e-24,240168.40343085263
0.6101850496434221,9.48901677626282e-08,1.3057529108342071e-07,0.9997552531953349,-6.688803045544243e-07,-6.688803045544243e-07,1.4384458799853518e-07,1.3057460631964277e-07,1.3057460631964277e-07,1.7082002578632697e-07,3.56851233207925e-08,3.5685123320792514e-08,0.9997556449212082,-1.4657914022074148e-07,-1.4657914022074148e-07,-1.3234889819758165e-23,239160.31406254307
0.6124876347364162,9.512513225511341e-08,1.3085901211858034e-07,0.9997534308665793,-6.69504177581963e-07,-6.69504177581963e-07,1.4420780387532106e-07,1.3085629967913333e-07,1.3085629967913333e-07,1.7032083514010205e-07,3.573387986346694e-08,3.573387986346693e-08,0.9997538234436156,-1.4606812910764166e-07,-1.4606812910764166e-07,1.3234889781949491e-23,238155.82255697055
0.6147902198294103,9.535938250610339e-08,1.3114158859067095e-07,0.9997516053253626,-6.69800570377318e-07,-6.69800570377318e-07,1.4456998838122921e-07,1.3113734808214857e-07,1.3113734808214857e-07,1.6982265563510207e-07,3.578220608456756e-08,3.578220608456756e-08,0.9997519987501283,-1.4523421601463422e-07,-1.4523421601463422e-07,-1.8887669767086893e-32,237154.92294061714
0.6170928049224043,9.559292030832046e-08,1.3142302373814528e-07,0.999749776620072,-6.698776952879353e-07,-6.698776952879353e-07,1.449311438448719e-07,1.3141791103413327e-07,1.3141791103413327e-07,1.693254855903182e-07,3.583010342982483e-08,3.583010342982482e-08,0.9997501708891432,-1.441856003353542e-07,-1.441856003353542e-07,1.3234889781972563e-23,236157.60916857808
0.6193953900153983,9.582574744784056e-08,1.317033207857952e-07,0.9997479447989684,-6.698645888087064e-07,-6.698645888087064e-07,1.452912725837909e-07,1.3169807939399638e-07,1.3169807939399638e-07,1.688293233216921e-07,3.587757333795464e-08,3.5877573337954656e-08,0.9997483399089307,-1.4305130566552556e-07,-1.4305130566552556e-07,-1.323488981971203e-23,235163.87512566615
0.6216979751083924,9.605786570413408e-08,1.3198248294486525e-07,0.9997461099101843,-6.698975690887748e-07,-6.698975690887748e-07,1.4565037690455556e-07,1.319778670793128e-07,1.319778670793128e-07,1.6833416714221244e-07,3.592461724073117e-08,3.592461724073117e-08,0.9997465058576331,-1.4196763730931377e-07,-1.4196763730931377e-07,-1.8850798396010407e-32,234173.71462748238
0.6240005602013864,9.628927685010673e-08,1.322605134131651e-07,0.9997442720017216,-6.701062044761013e-07,-6.701062044761013e-07,1.4600845910286076e-07,1.322572107534408e-07,1.322572107534408e-07,1.6784001536200897e-07,3.597123656305837e-08,3.597123656305837e-08,0.9997446687832618,-1.4106415082344095e-07,-1.4106415082344095e-07,-1.8837521594306455e-32,233187.12142152293
0.6263031452943805,9.651998265213978e-08,1.3253741537518108e-07,0.9997424311214494,-6.70600226894137e-07,-6.70600226894137e-07,1.463655214636234e-07,1.325359774071412e-07,1.325359774071412e-07,1.6734686628844335e-07,3.60174327230413e-08,3.60174327230413e-08,0.9997428287336956,-1.404505653934127e-07,-1.404505653934127e-07,-1.8823762022966502e-32,232204.08918829935
0.6286057303873746,9.674998487012878e-08,1.3281319200218635e-07,0.9997405873171026,-6.714586995957567e-07,-6.714586995957567e-07,1.467215662610784e-07,1.3281397889317106e-07,1.3281397889317106e-07,1.6685471822620643e-07,3.606320713205756e-08,3.6063207132057565e-08,0.9997409857566786,-1.4020593158701127e-07,-1.4020593158701127e-07,-6.617444919233747e-24,231224.6115422991
0.6309083154803685,9.6979285257521e-08,1.3308784645235022e-07,0.9997387406362788,-6.727224835903491e-07,-6.727224835903491e-07,1.4707659575887363e-07,1.3309099183267495e-07,1.3309099183267495e-07,1.6636356947740473e-07,3.61085611948292e-08,3.6108561194829216e-08,0.9997391398998181,-1.4037109778094822e-07,-1.4037109778094822e-07,-1.323488981964326e-23,230248.68203315302
0.6332109005733626,9.720788556135073e-08,1.3336138187084636e-07,0.999736891126437,-6.743906855453552e-07,-6.743906855453552e-07,1.474306122101643e-07,1.3336678077783893e-07,1.3336678077783893e-07,1.6587341834165127e-07,3.615349630949564e-08,3.615349630949563e-08,0.9997372912105826,-1.409451580619698e-07,-1.409451580619698e-07,1.3234889782068795e-23,229276.29414665388
0.6355134856663567,9.743578752227273e-08,1.336338013899598e-07,0.9997350388348962,-6.764213521660932e-07,-6.764213521660932e-07,1.4778361785770615e-07,1.3364112225019944e-07,1.3364112225019944e-07,1.653842631161569e-07,3.619801386768707e-08,3.619801386768706e-08,0.9997354397363004,-1.41886146606254e-07,-1.41886146606254e-07,6.617444881660203e-24,228307.44130576748
0.6378160707593507,9.766299287459377e-08,1.3390510812919307e-07,0.9997331838088321,-6.787362491351604e-07,-6.787362491351604e-07,1.4813561493394814e-07,1.3391382723452545e-07,1.3391382723452545e-07,1.6489610209581562e-07,3.6242115254599305e-08,3.624211525459929e-08,0.9997335855241565,-1.431158166183881e-07,-1.431158166183881e-07,1.3234889782100505e-23,227342.11687170473
0.6401186558523447,9.788950334630277e-08,1.341753051953712e-07,0.9997313260952767,-6.812291509642223e-07,-6.812291509642223e-07,1.4848660566112409e-07,1.3418475992170537e-07,1.3418475992170537e-07,1.644089335732916e-07,3.6285801849068425e-08,3.628580184906844e-08,0.9997317286211923,-1.4452793018273745e-07,-1.4452793018273745e-07,-1.3234889819579848e-23,226380.31414494113
0.6424212409453388,9.811532065909963e-08,1.3444439568274563e-07,0.9997294657411153,-6.837767484941817e-07,-6.837767484941817e-07,1.4883659225134366e-07,1.3445385090552807e-07,1.3445385090552807e-07,1.6392275583910563e-07,3.6329075023646e-08,3.6329075023646e-08,0.9997298690743024,-1.4599916576319924e-07,-1.4599916576319924e-07,-1.8714437446372266e-32,225422.02636623487
0.6447238260383328,9.834044652842346e-08,1.3471238267309715e-07,0.9997276027930857,-6.862510328343163e-07,-6.862510328343163e-07,1.4918557690668243e-07,1.3472110364724266e-07,1.3472110364724266e-07,1.6343756718171925e-07,3.637193614467369e-08,3.6371936144673686e-08,0.9997280069302337,-1.4740150214192768e-07,-1.4740150214192768e-07,6.617444881727189e-24,224467.2467176294
0.6470264111313269,9.856488266348077e-08,1.3497926923583767e-07,0.9997257372977757,-6.885319115390639e-07,-6.885319115390639e-07,1.4953356181927133e-07,1.3498659367809696e-07,1.3498659367809696e-07,1.6295336588761828e-07,3.64143865723569e-08,3.64143865723569e-08,0.9997261422355834,-1.4861483459571326e-07,-1.4861483459571326e-07,-1.867919839749619e-32,223515.9683234575
0.6493289962243209,9.878863076727375e-08,1.352450584281112e-07,0.9997238693016219,-6.905188159423259e-07,-6.905188159423259e-07,1.4988054917138483e-07,1.3525046077844567e-07,1.3525046077844567e-07,1.624701502413951e-07,3.645642766083744e-08,3.645642766083744e-08,0.9997242750367972,-1.4953858222988113e-07,-1.4953858222988113e-07,-1.8660940473799316e-32,222568.1842513588
0.651631581317315,9.90116925366299e-08,1.3550975329489355e-07,0.9997219988509076,-6.921401917703809e-07,-6.921401917703809e-07,1.5022654113552902e-07,1.355128949979842e-07,1.355128949979842e-07,1.619879185258323e-07,3.649806075826367e-08,3.649806075826365e-08,0.9997224053801675,-1.5010117859080674e-07,-1.5010117859080674e-07,1.98523346826304e-23,221623.8875131887
0.653934166410309,9.923406966223196e-08,1.3577335686909117e-07,0.9997201259917615,-6.93360005771018e-07,-6.93360005771018e-07,1.505715398745282e-07,1.3577411801545278e-07,1.3577411801545278e-07,1.615066690219793e-07,3.65392872068592e-08,3.653928720685921e-08,0.9997205333118321,-1.5026657829465328e-07,-1.5026657829465328e-07,-1.3234889819471618e-23,220683.07106610615
0.6562367515033031,9.945576382865016e-08,1.3603587217163908e-07,0.999718250770156,-6.941807011688712e-07,-6.941807011688712e-07,1.5091554754161131e-07,1.3603436170432523e-07,1.3603436170432523e-07,1.61026400009234e-07,3.658010834298893e-08,3.6580108342988914e-08,0.9997186588777724,-1.500372124823149e-07,-1.500372124823149e-07,1.3234889782244762e-23,219745.72781347422
0.6585393365962972,9.9676776714375e-08,1.362973022115976e-07,0.9997163732319052,-6.946424062391059e-07,-6.946424062391059e-07,1.5125856628049708e-07,1.3629384603346417e-07,1.3629384603346417e-07,1.6054710976542205e-07,3.66205254972226e-08,3.66205254972226e-08,0.9997167821238119,-1.4945319739271556e-07,-1.4945319739271556e-07,-1.8583783049506948e-32,218811.85060581716
0.6608419216892911,9.989710999185156e-08,1.3655764998624815e-07,0.9997144934226644,-6.948185513841867e-07,-6.948185513841867e-07,1.516005982254786e-07,1.3655275842532273e-07,1.3655275842532273e-07,1.6006879656687307e-07,3.666053999439662e-08,3.66605399943966e-08,0.9997149030956144,-1.4858795143919406e-07,-1.4858795143919406e-07,1.9852334682709175e-23,217881.43224179157
0.6631445067822852,1.0011676532751506e-07,1.3681691848118832e-07,0.9997126113879272,-6.948083973514626e-07,-6.948083973514626e-07,1.5194164550150723e-07,1.3681123651798543e-07,1.3681123651798543e-07,1.5959145868849806e-07,3.6700153153673274e-08,3.670015315367326e-08,0.9997130218386827,-1.4754072342670935e-07,-1.4754072342670935e-07,1.3234889782305638e-23,216954.46546911416
0.6654470918752793,1.0033574438182676e-07,1.3707511067042568e-07,0.9997107271730253,-6.947272543197222e-07,-6.947272543197222e-07,1.522817102242755e-07,1.3706935590198292e-07,1.3706935590198292e-07,1.591150944038634e-07,3.673936628859891e-08,3.673936628859892e-08,0.9997111383983573,-1.4642681163801946e-07,-1.4642681163801946e-07,-1.3234889819370178e-23,216030.94298552835
0.6677496769682733,1.005540488093103e-07,1.373322295164709e-07,0.9997088408231262,-6.94695367405021e-07,-6.94695367405021e-07,1.526207945002995e-07,1.3732712390541874e-07,1.3732712390541874e-07,1.5863970198526782e-07,3.67781807071606e-08,3.677818070716059e-08,0.9997092528198147,-1.4536644933913745e-07,-1.4536644933913745e-07,1.3234889782348159e-23,215110.85743967982
0.6700522620612673,1.0077168025858791e-07,1.3758827797042963e-07,0.9997069523832322,-6.948265472108269e-07,-6.948265472108269e-07,1.5295890042700031e-07,1.3758447988997451e-07,1.3758447988997451e-07,1.5816527970381346e-07,3.681659771184175e-08,3.681659771184172e-08,0.999707365148066,-1.4447343532910834e-07,-1.4447343532910834e-07,2.6469779583218426e-23,214194.2014320872
0.6723548471542614,1.0098864037241593e-07,1.3784325897209393e-07,0.9997050618981788,-6.952176162114905e-07,-6.952176162114905e-07,1.5329603009278476e-07,1.3784130192164885e-07,1.3784130192164885e-07,1.5769182582947923e-07,3.685461859967803e-08,3.6854618599678004e-08,0.9997054754279556,-1.4384458032311473e-07,-1.4384458032311473e-07,2.6469779583240622e-23,213280.96751603138
0.6746574322472554,1.0120493078771943e-07,1.3809717545003225e-07,0.9997031694126335,-6.95939635760894e-07,-6.95939635760894e-07,1.5363218557712541e-07,1.3809741905750883e-07,1.3809741905750883e-07,1.572193386311945e-07,3.6892244662312805e-08,3.689224466231282e-08,0.9997035837041598,-1.43550933960765e-07,-1.43550933960765e-07,-1.3234889819282148e-23,212371.14819843677
0.6769600173402495,1.0142055313562579e-07,1.3835003032167883e-07,0.9997012749710944,-6.970316930126649e-07,-6.970316930126649e-07,1.5396736895063993e-07,1.3835262801769435e-07,1.3835262801769435e-07,1.567478163769069e-07,3.6929477186053066e-08,3.6929477186053046e-08,0.9997016900211854,-1.4363157172594954e-07,-1.4363157172594954e-07,1.9852334682861878e-23,211464.73594079423
0.6792626024332435,1.0163550904149658e-07,1.3860182649342217e-07,0.999699378617889,-6.984977563741482e-07,-6.984977563741482e-07,1.543015822751695e-07,1.3860671259825996e-07,1.3860671259825996e-07,1.5627725733365398e-07,3.69663174519256e-08,3.696631745192559e-08,0.9996997944233685,-1.440904504004595e-07,-1.440904504004595e-07,1.3234889782460933e-23,210561.7231600428
0.6815651875262376,1.0184980012495828e-07,1.3885256686069238e-07,0.9996974803971729,-7.003068291642491e-07,-7.003068291642491e-07,1.5463482760385658e-07,1.3885946399710185e-07,1.3885946399710185e-07,1.5580765976763173e-07,3.7002766735734104e-08,3.7002766735734104e-08,0.9996978969548734,-1.4489656172147958e-07,-1.4489656172147958e-07,-1.836388746579473e-32,209662.10222943223
0.6838677726192316,1.0206342799993144e-07,1.391022543080478e-07,0.9996955803529285,-7.023963006230347e-07,-7.023963006230347e-07,1.5496710698122203e-07,1.3911070015907668e-07,1.3911070015907668e-07,1.553390219442616e-07,3.7038826308116343e-08,3.7038826308116357e-08,0.9996959976596914,-1.4598728339084354e-07,-1.4598728339084354e-07,-1.3234889819188362e-23,208765.86547941854
0.6861703577122257,1.0227639427465894e-07,1.3935089170926083e-07,0.9996936785289636,-7.046781247838882e-07,-7.046781247838882e-07,1.5529842244324145e-07,1.3936028239267155e-07,1.3936028239267155e-07,1.5487134212826007e-07,3.70744974346019e-08,3.707449743460189e-08,0.9996940965816388,-1.4727455794684486e-07,-1.4727455794684486e-07,6.617444882108612e-24,207873.0051984852
0.6884729428052198,1.0248870055173293e-07,1.395984819274026e-07,0.999691774968911,-7.070471923893515e-07,-7.070471923893515e-07,1.5562877601742072e-07,1.3960812779621817e-07,1.3960812779621817e-07,1.5440461858370147e-07,3.710978137566968e-08,3.710978137566968e-08,0.9996921937643568,-1.48653264679741e-07,-1.48653264679741e-07,-1.8290965196294413e-32,206983.51363404942
0.6907755278982137,1.0270034842812148e-07,1.3984502781492694e-07,0.9996898697162264,-7.09391091353864e-07,-7.09391091353864e-07,1.5595816972287092e-07,1.3985421644359978e-07,1.3985421644359978e-07,1.5393884957408666e-07,3.7144679386805457e-08,3.714467938680546e-08,0.9996902892513099,-1.5001098009415625e-07,-1.5001098009415625e-07,-6.617444918690212e-24,206097.38299326008
0.6930781129912078,1.0291133949519488e-07,1.4009053221375335e-07,0.9996879628141878,-7.116003410881761e-07,-7.116003410881761e-07,1.5628660557038254e-07,1.4009859277893165e-07,1.4009859277893165e-07,1.5347403336240585e-07,3.7179192718558444e-08,3.717919271855847e-08,0.9996883830857844,-1.512382122331627e-07,-1.512382122331627e-07,-2.646977961993757e-23,205214.60544385746
0.6953806980842019,1.0312167533875201e-07,1.4033499795534925e-07,0.9996860543058944,-7.135781709481801e-07,-7.135781709481801e-07,1.5661408556249882e-07,1.4034136120710293e-07,1.4034136120710293e-07,1.5301016821120175e-07,3.7213322616597244e-08,3.7213322616597244e-08,0.9996864753108883,-1.5223817912678305e-07,-1.5223817912678305e-07,-1.8215069045764092e-32,204335.1731150119
0.6976832831771959,1.0333135753904715e-07,1.4057842786081128e-07,0.9996841442342654,-7.152489774006084e-07,-7.152489774006084e-07,1.5694061169358863e-07,1.4058267637773892e-07,1.4058267637773892e-07,1.5254725238263232e-07,3.7247070321764125e-08,3.724707032176413e-08,0.999684565969549,-1.529352659573633e-07,-1.529352659573633e-07,-6.617444918613352e-24,203459.07809814904
0.6999858682701899,1.0354038767081747e-07,1.4082082474094565e-07,0.9996822326420393,-7.165647390853165e-07,-7.165647390853165e-07,1.5726618594991858e-07,1.4082272913801755e-07,1.4082272913801755e-07,1.5208528413853616e-07,3.728043707012818e-08,3.7280437070128184e-08,0.9996826551045135,-1.5328144012153386e-07,-1.5328144012153386e-07,-6.617444918587103e-24,202586.3124477077
0.702288453363184,1.0374876730331134e-07,1.410621913963479e-07,0.9996803195717722,-7.175088634823694e-07,-7.175088634823694e-07,1.5759081030972416e-07,1.4106172947401758e-07,1.4106172947401758e-07,1.5162426174048785e-07,3.7313424093036525e-08,3.731342409303655e-08,0.9996807427583464,-1.532600978969778e-07,-1.532600978969778e-07,-2.646977961983321e-23,201716.8681820415
0.704591038456178,1.0395649800031752e-07,1.413025306174815e-07,0.9996784050658375,-7.180971908640389e-07,-7.180971908640389e-07,1.5791448674328069e-07,1.412998880144306e-07,1.412998880144306e-07,1.5116418344986385e-07,3.734603261716397e-08,3.734603261716399e-08,0.9996788289734293,-1.5288706839411283e-07,-1.5288706839411283e-07,-1.985233471938213e-23,200850.73728412087
0.7068936235491721,1.0416358132019528e-07,1.41541845184756e-07,0.9996764891664247,-7.183761243511449e-07,-7.183761243511449e-07,1.5823721721297308e-07,1.4153739774649828e-07,1.4153739774649828e-07,1.5070504752789744e-07,3.73782638645607e-08,3.737826386456071e-08,0.9996769137919602,-1.522087436121209e-07,-1.522087436121209e-07,-1.3234889818930752e-23,199987.91170240322
0.7091962086421661,1.0437001881590521e-07,1.4178013786860387e-07,0.9996745719155385,-7.184181260816037e-07,-7.184181260816037e-07,1.585590036733653e-07,1.4177441754573236e-07,1.4177441754573236e-07,1.5024685223574047e-07,3.7410119052698655e-08,3.7410119052698655e-08,0.9996749972559521,-1.5129757460718818e-07,-1.5129757460718818e-07,-1.805485781304041e-32,199128.38335156662
0.7114987937351601,1.0457581203504078e-07,1.42017411429557e-07,0.999672653354998,-7.183150230733297e-07,-7.183150230733297e-07,1.5887984807126886e-07,1.4201105892523454e-07,1.4201105892523454e-07,1.497895958345196e-07,3.744159939451626e-08,3.7441599394516236e-08,0.9996730794072323,-1.5024537735510165e-07,-1.5024537735510165e-07,2.6469779583669766e-23,198272.14411330823
0.7138013788281542,1.0478096251986009e-07,1.422536686183224e-07,0.9996707335264354,-7.181697634817529e-07,-7.181697634817529e-07,1.59199752345811e-07,1.422473770898277e-07,1.422473770898277e-07,1.4933327658539403e-07,3.747270609846231e-08,3.74727060984623e-08,0.9996711602874413,-1.4915508900846336e-07,-1.4915508900846336e-07,1.3234889782849351e-23,197419.185837101
0.7161039639211483,1.0498547180731769e-07,1.4248891217585637e-07,0.9996688124712959,-7.180873657439608e-07,-7.180873657439608e-07,1.5951871842850168e-07,1.4248336699595102e-07,1.4248336699595102e-07,1.4887789274961103e-07,3.75034403685387e-08,3.7503440368538685e-08,0.9996692399380325,-1.4813171704053526e-07,-1.4813171704053526e-07,1.3234889782877657e-23,196569.50034096738
0.7184065490141422,1.051893414290962e-07,1.4272314483343901e-07,0.9996668902308359,-7.181658624354863e-07,-7.181658624354863e-07,1.5983674824330038e-07,1.4271896465504027e-07,1.4271896465504027e-07,1.4842344258856295e-07,3.753380340434281e-08,3.753380340434281e-08,0.9996673184002703,-1.4727328310173026e-07,-1.4727328310173026e-07,-1.7942202351815808e-32,195723.07941221222
0.7207091341071363,1.0539257291163762e-07,1.4295636931274705e-07,0.9996649668461233,-7.184880137252092e-07,-7.184880137252092e-07,1.6015384370668203e-07,1.4295405347364034e-07,1.4295405347364034e-07,1.4796992436383902e-07,3.756379640110945e-08,3.756379640110943e-08,0.9996653957152312,-1.4666253647422098e-07,-1.4666253647422098e-07,1.9852334683359318e-23,194879.91480819625
0.7230117192001304,1.0559516777617352e-07,1.4318858832592633e-07,0.9996630423580357,-7.19114481334331e-07,-7.19114481334331e-07,1.604700067277023e-07,1.4318847499228144e-07,1.4318847499228144e-07,1.4751733633728265e-07,3.759342054975284e-08,3.759342054975281e-08,0.9996634719238007,-1.4636012803062573e-07,-1.4636012803062573e-07,2.6469779583812665e-23,194039.99825704718
0.7253143042931245,1.0579712753875467e-07,1.4341980457566334e-07,0.9996611168072607,-7.200790080356123e-07,-7.200790080356123e-07,1.607852392080623e-07,1.434220430233439e-07,1.434220430233439e-07,1.4706567677104183e-07,3.762267703690867e-08,3.7622677036908665e-08,0.9996615470666744,-1.4639978973295896e-07,-1.4639978973295896e-07,6.617444882569384e-24,193203.32145840986
0.7276168893861185,1.0599845371027946e-07,1.4365002075525615e-07,0.999659190234294,-7.213859670429835e-07,-7.213859670429835e-07,1.610995430421724e-07,1.436545599293368e-07,1.436545599293368e-07,1.466149439276235e-07,3.76515670449767e-08,3.7651567044976685e-08,0.9996596211843563,-1.4678588402195896e-07,-1.4678588402195896e-07,1.3234889783023255e-23,192369.87608415147
0.7299194744791125,1.0619914779652145e-07,1.438792395486845e-07,0.9996572626794398,-7.230104288821539e-07,-7.230104288821539e-07,1.6141292011721583e-07,1.438858336236783e-07,1.438858336236783e-07,1.4616513606994335e-07,3.768009175216305e-08,3.768009175216305e-08,0.9996576943171585,-1.4749347068741593e-07,-1.4749347068741593e-07,-1.7795286725422294e-32,191539.65377909906
0.7322220595721066,1.0639921129815569e-07,1.44107463630679e-07,0.9996553341828093,-7.249006871967578e-07,-7.249006871967578e-07,1.6172537231321118e-07,1.4411569385370464e-07,1.4411569385370464e-07,1.4571625146137823e-07,3.770825233252332e-08,3.770825233252331e-08,0.9996557665052002,-1.4847083267404183e-07,-1.4847083267404183e-07,1.3234889783083311e-23,190712.646161729
0.7345246446651006,1.0659864571078445e-07,1.4433469566678977e-07,0.9996534047843205,-7.269829688123592e-07,-7.269829688123592e-07,1.6203690150307465e-07,1.4434400641815712e-07,1.4434400641815712e-07,1.4526828836581504e-07,3.7736049956005324e-08,3.773604995600532e-08,0.9996538377884076,-1.4964418614520008e-07,-1.4964418614520008e-07,6.617444882689491e-24,189888.84482488802
0.7368272297580947,1.0679745252496198e-07,1.4456093831345434e-07,0.9996514745236976,-7.291678924073526e-07,-7.291678924073526e-07,1.6234750955268136e-07,1.4457068416932329e-07,1.4457068416932329e-07,1.4482124504770141e-07,3.776348578849236e-08,3.776348578849236e-08,0.9996519082065126,-1.5092413915353521e-07,-1.5092413915353521e-07,-1.7704083141320657e-32,189068.24133646427
0.7391298148510888,1.0699563322621895e-07,1.447861942180646e-07,0.99964954344047,-7.313580930911631e-07,-7.313580930911631e-07,1.626571983209262e-07,1.4479569395670454e-07,1.4479569395670454e-07,1.4437511977209422e-07,3.7790560991845666e-08,3.779056099184566e-08,0.9996499777990526,-1.5221331621890468e-07,-1.5221331621890468e-07,6.6174448827510246e-24,188250.82724008145
0.7414323999440827,1.071931892950865e-07,1.450104660190332e-07,0.9996476115739722,-7.334563622048534e-07,-7.334563622048534e-07,1.6296596965978398e-07,1.450190590047165e-07,1.450190590047165e-07,1.439299108047061e-07,3.781727672394668e-08,3.7817276723946694e-08,0.9996480466053702,-1.5341449812872059e-07,-1.5341449812872059e-07,-1.3234889818490518e-23,187436.59405580023
0.7437349850370768,1.0739012220712048e-07,1.4523375634585923e-07,0.9996456789633427,-7.353736178515885e-07,-7.353736178515885e-07,1.6327382541436914e-07,1.4524085662765473e-07,1.4524085662765473e-07,1.4348561641195506e-07,3.784363413873873e-08,3.784363413873874e-08,0.9996461146646117,-1.544385924681516e-07,-1.544385924681516e-07,-1.323488981845916e-23,186625.53328075915
0.7460375701300709,1.075864334329255e-07,1.4545606781919297e-07,0.9996437456475239,-7.370360597122362e-07,-7.370360597122362e-07,1.6358076742299448e-07,1.4546121154742464e-07,1.4546121154742464e-07,1.4304223486100906e-07,3.7869634386267475e-08,3.786963438626746e-08,0.9996441820157274,-1.552117884354643e-07,-1.552117884354643e-07,1.3234889783269308e-23,185817.63638986548
0.7483401552230649,1.0778212443817974e-07,1.4567740305090008e-07,0.9996418116652614,-7.383909436995793e-07,-7.383909436995793e-07,1.6388679751722963e-07,1.456802854498687e-07,1.456802854498687e-07,1.425997644198336e-07,3.789527861272034e-08,3.789527861272034e-08,0.9996422486974706,-1.5568133149597896e-07,-1.5568133149597896e-07,-1.7547328375940646e-32,185012.8948364351
0.7506427403160589,1.0797719668366e-07,1.458977646441252e-07,0.9996398770551039,-7.394105403830475e-07,-7.394105403830475e-07,1.6419191752195873e-07,1.4589826369583103e-07,1.4589826369583103e-07,1.4215820335723563e-07,3.7920567960465194e-08,3.7920567960465194e-08,0.9996403147483979,-1.5581948180654678e-07,-1.5581948180654678e-07,-1.75152993776654e-32,184211.30005286282
0.752945325409053,1.0817165162526735e-07,1.461171551933545e-07,0.9996379418554017,-7.400939988635461e-07,-7.400939988635461e-07,1.644961292554375e-07,1.4611534031616706e-07,1.4611534031616706e-07,1.4171754994290954e-07,3.794550356808714e-08,3.7945503568087155e-08,0.9996383802068672,-1.556253780901281e-07,-1.556253780901281e-07,-1.3234889818331494e-23,183412.84345124246
0.7552479105020471,1.083654907140535e-07,1.4633557728447792e-07,0.9996360061043073,-7.404670169017481e-07,-7.404670169017481e-07,1.6479943452934986e-07,1.4633170253215244e-07,1.4633170253215244e-07,1.4127780244747967e-07,3.7970086570424415e-08,3.797008657042442e-08,0.9996364451110391,-1.5512470776383647e-07,-1.5512470776383647e-07,-6.617444917874814e-24,182617.5164240383
0.7575504955950411,1.0855871539624757e-07,1.4655303349485032e-07,0.9996340698397743,-7.405793919039068e-07,-7.405793919039068e-07,1.651018351488636e-07,1.465475160506868e-07,1.465475160506868e-07,1.4083895914254455e-07,3.799431809860278e-08,3.799431809860275e-08,0.9996345094988748,-1.5436725792450552e-07,-1.5436725792450552e-07,2.6469779584278963e-23,181825.31034468478
0.7598530806880351,1.0875132711328335e-07,1.4676952639335245e-07,0.9996321330995577,-7.405007011564434e-07,-7.405007011564434e-07,1.6540333291268602e-07,1.4676291229184997e-07,1.4676291229184997e-07,1.4040101830071906e-07,3.801819928006912e-08,3.80181992800691e-08,0.9996325734081368,-1.5342259558303363e-07,-1.5342259558303363e-07,1.9852334683887617e-23,181036.216568229
0.7621556657810292,1.0894332730182682e-07,1.469850585404506e-07,0.9996301959212126,-7.403144937833421e-07,-7.403144937833421e-07,1.6570392961311828e-07,1.469779785308756e-07,1.469779785308756e-07,1.3996397819567805e-07,3.80417312386238e-08,3.804173123862379e-08,0.9996306368763882,-1.5237425962153967e-07,-1.5237425962153967e-07,1.3234889783496477e-23,180250.226431923
0.7644582508740232,1.0913471739380388e-07,1.4719963248825627e-07,0.9996282583420945,-7.401114926018111e-07,-7.401114926018111e-07,1.6600362703610973e-07,1.471927516719481e-07,1.471927516719481e-07,1.3952783710219404e-07,3.8064915094452386e-08,3.806491509445239e-08,0.9996286999409919,-1.51312962648786e-07,-1.51312962648786e-07,-6.617444917742909e-24,179467.33125588394
0.7667608359670173,1.0932549881642795e-07,1.474132507805846e-07,0.9996263203993585,-7.399823603564885e-07,-7.399823603564885e-07,1.663024269613115e-07,1.474072160849276e-07,1.474072160849276e-07,1.3909259329618113e-07,3.8087751964156627e-08,3.808775196415664e-08,0.9996267626391109,-1.5032935723415013e-07,-1.5032935723415013e-07,-1.3234889818133655e-23,178687.52234365113
0.7690634210600114,1.0951567299222729e-07,1.4762591595301245e-07,0.9996243821299593,-7.400106102472615e-07,-7.400106102472615e-07,1.6660033116212918e-07,1.476213055849019e-07,1.476213055849019e-07,1.3865824505473383e-07,3.8110242960785183e-08,3.8110242960785164e-08,0.9996248250077071,-1.4950694643521168e-07,-1.4950694643521168e-07,1.9852334684021118e-23,177910.79098280874
0.7713660061530053,1.0970524133907206e-07,1.4783763053293583e-07,0.9996224435706509,-7.402662093983373e-07,-7.402662093983373e-07,1.6689734140577543e-07,1.4783490933321716e-07,1.4783490933321716e-07,1.3822479065616695e-07,3.813238919386379e-08,3.8132389193863774e-08,0.9996228870835425,-1.48915687266594e-07,-1.48915687266594e-07,1.3234889783630757e-23,177137.12844555985
0.7736685912459994,1.0989420527020066e-07,1.480483970396265e-07,0.9996205047579858,-7.408003560878111e-07,-7.408003560878111e-07,1.6719345945332164e-07,1.4804788111495923e-07,1.4804788111495923e-07,1.3779222838005415e-07,3.815419176942585e-08,3.815419176942583e-08,0.9996209489031769,-1.4860676792930518e-07,-1.4860676792930518e-07,1.985233468408902e-23,176366.52598932065
0.7759711763389935,1.1008256619424547e-07,1.4825821798428804e-07,0.9996185657283155,-7.416418082762621e-07,-7.416418082762621e-07,1.6748868705974918e-07,1.4826005121778298e-07,1.4826005121778298e-07,1.3736055650726547e-07,3.8175651790042574e-08,3.8175651790042574e-08,0.9996190105029695,-1.4860893633910992e-07,-1.4860893633910992e-07,-1.71494196185146e-32,175598.9748573061
0.7782737614319875,1.102703255152578e-07,1.4846709587011134e-07,0.9996166265177894,-7.427950091607698e-07,-7.427950091607698e-07,1.6778302597399993e-07,1.4847123994155735e-07,1.4847123994155735e-07,1.369297733200061e-07,3.8196770354853535e-08,3.819677035485354e-08,0.999617071919077,-1.4892662568032446e-07,-1.4892662568032446e-07,-6.617444917539237e-24,174834.4662790888
0.7805763465249815,1.1045748463273225e-07,1.4867503319232922e-07,0.9996146871623551,-7.442401116470148e-07,-7.442401116470148e-07,1.680764779390265e-07,1.4868127167236997e-07,1.4868127167236997e-07,1.364998771018536e-07,3.821754855959699e-08,3.821754855959697e-08,0.9996151331874548,-1.4953997887769795e-07,-1.4953997887769795e-07,1.985233468419223e-23,174072.99147115237
0.7828789316179756,1.1064404494163009e-07,1.4888203243827074e-07,0.9996127476977581,-7.459348562685698e-07,-7.459348562685698e-07,1.683690446918416e-07,1.488899884333478e-07,1.488899884333478e-07,1.3607086613779214e-07,3.823798749664065e-08,3.823798749664065e-08,0.9996131943438554,-1.504067265154869e-07,-1.504067265154869e-07,-1.7045681821569158e-32,173314.54163748902
0.7851815167109696,1.1083000783240226e-07,1.4908809608741448e-07,0.9996108081595414,-7.478181145072263e-07,-7.478181145072263e-07,1.686607279635669e-07,1.490972618917595e-07,1.490972618917595e-07,1.3564273871425103e-07,3.825808825501223e-08,3.8258088255012225e-08,0.9996112554238297,-1.514657301575684e-07,-1.514657301575684e-07,6.617444883413463e-24,172559.10797010965
0.7874841018039637,1.1101537469101173e-07,1.4929322661144168e-07,0.9996088685830454,-7.498147924745548e-07,-7.498147924745548e-07,1.6895152947948166e-07,1.493030029398244e-07,1.493030029398244e-07,1.3521549311913775e-07,3.827785192042992e-08,3.827785192042995e-08,0.9996093164627252,-1.5264188602878814e-07,-1.5264188602878814e-07,-2.646977961867256e-23,171806.68164962056
0.7897866868969577,1.1120014689895536e-07,1.4949742647428817e-07,0.999606929003408,-7.51841690879274e-07,-7.51841690879274e-07,1.6924145095907017e-07,1.4950716817691786e-07,1.4950716817691786e-07,1.347891276418752e-07,3.829727957533282e-08,3.829727957533282e-08,0.9996073774956874,-1.5385198498212127e-07,-1.5385198498212127e-07,-1.6940418429242232e-32,171057.2538457368
0.7920892719899517,1.1138432583328572e-07,1.497006981321962e-07,0.9996049894555638,-7.538138611141689e-07,-7.538138611141689e-07,1.6953049411606922e-07,1.4970976285908159e-07,1.4970976285908159e-07,1.3436364057343227e-07,3.8316372298910486e-08,3.8316372298910486e-08,0.9996054385576582,-1.5501106858538407e-07,-1.5501106858538407e-07,-1.6905006326067304e-32,170310.81571784933
0.7943918570829458,1.1156791286663265e-07,1.499030440337654e-07,0.9996030499742447,-7.556509689178247e-07,-7.556509689178247e-07,1.6981866065851468e-07,1.4991084017199327e-07,1.4991084017199327e-07,1.339390302063614e-07,3.833513116713276e-08,3.833513116713275e-08,0.9996034996833768,-1.5603879278276313e-07,-1.5603879278276313e-07,1.3234889783979006e-23,169567.35841551167
0.7966944421759399,1.1175090936722485e-07,1.50104466620003e-07,0.999601110593979,-7.5728319266805e-07,-7.5728319266805e-07,1.701059522887877e-07,1.501104969415483e-07,1.501104969415483e-07,1.3351529483482802e-07,3.8353557252778145e-08,3.8353557252778145e-08,0.999601560907379,-1.5686532618803797e-07,-1.5686532618803797e-07,-1.6833714156156853e-32,168826.87307900106
0.798997027268934,1.1193331669891192e-07,1.5030496832437385e-07,0.9995991713490923,-7.586562303091934e-07,-7.586562303091934e-07,1.7039237070366013e-07,1.503088661798828e-07,1.503088661798828e-07,1.3309243275464634e-07,3.83716516254619e-08,3.8371651625461925e-08,0.9995996222639972,-1.5743635701169798e-07,-1.5743635701169798e-07,-2.6469779618494723e-23,168089.3508397973
0.8012996123619279,1.1211513622118612e-07,1.505045515728493e-07,0.999597232273706,-7.597350651614854e-07,-7.597350651614854e-07,1.7067791759433973e-07,1.5050610706817043e-07,1.5050610706817043e-07,1.326704422633083e-07,3.8389415351663195e-08,3.838941535166318e-08,0.9995976837873607,-1.5771685887008817e-07,-1.5771685887008817e-07,1.3234889784086624e-23,167354.782821127
0.803602197454922,1.1229636928920508e-07,1.5070321878395604e-07,0.9995952934017389,-7.60506244868615e-07,-7.60506244868615e-07,1.7096259464651442e-07,1.5070239316975842e-07,1.5070239316975842e-07,1.3224932166001684e-07,3.840684949475094e-08,3.8406849494750954e-08,0.9995957455113953,-1.5769336973279083e-07,-1.5769336973279083e-07,-1.3234889817574093e-23,166623.16013843965
0.8059047825479161,1.1247701725381445e-07,1.5090097236882375e-07,0.9995933547669056,-7.609785400375352e-07,-7.609785400375352e-07,1.712464035403964e-07,1.508978997658758e-07,1.508978997658758e-07,1.318290692457171e-07,3.8423955115009316e-08,3.842395511500931e-08,0.9995938074698227,-1.5737465056224016e-07,-1.5737465056224016e-07,6.6174448837348795e-24,165894.47389991005
0.8082073676409101,1.1265708146157097e-07,1.5109781473123267e-07,0.9995914164027173,-7.611819737282159e-07,-7.611819737282159e-07,1.7152934595076532e-07,1.5109279125649677e-07,1.5109279125649677e-07,1.3140968332312496e-07,3.844073326966171e-08,3.8440733269661704e-08,0.9995918696961615,-1.567907148032852e-07,-1.567907148032852e-07,6.617444883771328e-24,165168.71520694502
0.8105099527339041,1.1283656325476603e-07,1.512937482676604e-07,0.9995894783424818,-7.61165330443439e-07,-7.61165330443439e-07,1.7181142354701128e-07,1.5128720953836677e-07,1.5128720953836677e-07,1.3099116219675801e-07,3.8457185012894364e-08,3.8457185012894364e-08,0.9995899322237266,-1.5599033737279748e-07,-1.5599033737279748e-07,-1.66163092529907e-32,164445.87515465936
0.8128125378268982,1.130154639714492e-07,1.5148877536732787e-07,0.9995875406193029,-7.609923594787939e-07,-7.609923594787939e-07,1.7209263799317693e-07,1.5148126418247955e-07,1.5148126418247955e-07,1.305735041729652e-07,3.847331139587865e-08,3.847331139587867e-08,0.999587995085629,-1.5503725800948237e-07,-1.5503725800948237e-07,-1.9852334717852257e-23,163725.94483234984
0.8151151229198922,1.1319378494545205e-07,1.5168289841224513e-07,0.9995856032660809,-7.607369777463076e-07,-7.607369777463076e-07,1.7237299094799932e-07,1.5167502508096298e-07,1.5167502508096298e-07,1.3015670755995544e-07,3.848911346679309e-08,3.848911346679309e-08,0.9995860583147762,-1.5400538409732702e-07,-1.5400538409732702e-07,-1.6542742371073528e-32,163008.91532397224
0.8174177080128863,1.1337152750641198e-07,1.5187611977725637e-07,0.9995836663155128,-7.604778375689192e-07,-7.604778375689192e-07,1.7265248406495103e-07,1.5186851804608475e-07,1.5186851804608475e-07,1.2974077066782522e-07,3.850459227084437e-08,3.8504592270844385e-08,0.9995841219438721,-1.5297335845989376e-07,-1.5297335845989376e-07,-1.3234889817354208e-23,162294.7777086196
0.8197202931058803,1.1354869297979583e-07,1.5206844183008426e-07,0.9995817298000914,-7.602926628661972e-07,-7.602926628661972e-07,1.7293111899228081e-07,1.5206172361318936e-07,1.5206172361318936e-07,1.29325691808587e-07,3.851974885028841e-08,3.851974885028843e-08,0.9995821860054169,-1.5201889554586013e-07,-1.5201889554586013e-07,-1.9852334717741328e-23,161583.52306097778
0.8220228781988743,1.137252826869234e-07,1.5225986693137385e-07,0.9995797937521063,-7.602527604445868e-07,-7.602527604445868e-07,1.7320889737305366e-07,1.522545790776438e-07,1.522545790776438e-07,1.2891146929619711e-07,3.853458424445045e-08,3.8534584244450447e-08,0.9995802505317071,-1.5121329271909145e-07,-1.5121329271909145e-07,6.6174448839927815e-24,160875.1424517742
0.8243254632918684,1.1390129794499068e-07,1.52450397434736e-07,0.9995778582036433,-7.604180901420485e-07,-7.604180901420485e-07,1.7348582084519055e-07,1.524469835508444e-07,1.524469835508444e-07,1.284981014465817e-07,3.854909948974533e-08,3.854909948974533e-08,0.9995783155548356,-1.5061650040310448e-07,-1.5061650040310448e-07,-1.6394095423449192e-32,160169.62694824403
0.8266280483848625,1.1407674006709232e-07,1.5264003568678997e-07,0.9995759231865853,-7.60833228332385e-07,-7.60833228332385e-07,1.7376189104150704e-07,1.5263880563003708e-07,1.5263880563003708e-07,1.2808558657766292e-07,3.856329561969765e-08,3.856329561969765e-08,0.9995763811066923,-1.5027308558522507e-07,-1.5027308558522507e-07,-1.6356634269034813e-32,159466.9676145742
0.8289306334778566,1.1425161036224409e-07,1.528287840272056e-07,0.9995739887326112,-7.615244848290173e-07,-7.615244848290173e-07,1.7403710958975215e-07,1.5282989308524556e-07,1.5282989308524556e-07,1.2767392300938573e-07,3.857717366496152e-08,3.85771736649615e-08,0.9995744472189633,-1.5020934872019494e-07,-1.5020934872019494e-07,1.9852334684953605e-23,158767.15551233586
0.8312332185708505,1.1442591013540456e-07,1.5301664478874494e-07,0.9995720548731969,-7.62498349185206e-07,-7.62498349185206e-07,1.7431147811264603e-07,1.5302008385491315e-07,1.5302008385491315e-07,1.272631090637426e-07,3.859073465334041e-08,3.859073465334038e-08,0.9995725139231313,-1.5043177003022628e-07,-1.5043177003022628e-07,2.6469779585415513e-23,158070.1817009259
0.8335358036638446,1.1459964068749618e-07,1.5320362029730332e-07,0.9995701216396151,-7.637413407974357e-07,-7.637413407974357e-07,1.745849982279175e-07,1.5320921755627102e-07,1.5320921755627102e-07,1.268531430647991e-07,3.8603979609807126e-08,3.860397960980714e-08,0.999570581250476,-1.5092685960822241e-07,-1.5092685960822241e-07,-1.3234889817092017e-23,157376.03723799475
0.8358383887568387,1.147728033154261e-07,1.5338971287194973e-07,0.9995681890629355,-7.652212415730368e-07,-7.652212415730368e-07,1.7485767154834074e-07,1.533971467064384e-07,1.533971467064384e-07,1.2644402333871788e-07,3.8616909556523604e-08,3.861690955652363e-08,0.9995686492320741,-1.516623900852379e-07,-1.516623900852379e-07,-2.6469779617902556e-23,156684.71317986742
0.8381409738498327,1.149453993121062e-07,1.535749248249667e-07,0.9995662571740248,-7.668895928771548e-07,-7.668895928771548e-07,1.7512949968177165e-07,1.5358374688557042e-07,1.5358374688557042e-07,1.2603574821378203e-07,3.86295255128605e-08,3.8629525512860496e-08,0.9995667178987993,-1.52589893577288e-07,-1.52589893577288e-07,6.617444884256558e-24,155996.20058198163
0.8404435589428267,1.15117429966473e-07,1.5375925846188972e-07,0.9995643260035468,-7.686852556118053e-07,-7.686852556118053e-07,1.754004842311835e-07,1.537689251663481e-07,1.537689251663481e-07,1.2562831602042067e-07,3.86418284954167e-08,3.8641828495416714e-08,0.9995647872813223,-1.536482217642464e-07,-1.536482217642464e-07,-1.3234889816977997e-23,155310.49049926802
0.8427461440358208,1.1528889656350709e-07,1.5394271608154587e-07,0.9995623955819629,-7.705387659843641e-07,-7.705387659843641e-07,1.7567062679470236e-07,1.5395262626607157e-07,1.5395262626607157e-07,1.252217250912297e-07,3.865381951803877e-08,3.8653819518038775e-08,0.9995628574101112,-1.547679016581806e-07,-1.547679016581806e-07,-6.617444916515567e-24,154627.57398659567
0.8450487291288148,1.1545980038425237e-07,1.541252999760921e-07,0.999560465939532,-7.723771712209844e-07,-7.723771712209844e-07,1.7593992896564136e-07,1.5413483604986746e-07,1.5413483604986746e-07,1.2481597376099675e-07,3.866549959183975e-08,3.866549959183974e-08,0.9995609283154319,-1.5587597131661598e-07,-1.5587597131661598e-07,6.6174448843711805e-24,153947.44209914742
0.8473513142218089,1.1563014270583515e-07,1.543070124310529e-07,0.9995585371063105,-7.741290074860088e-07,-7.741290074860088e-07,1.762083923325351e-07,1.543155821952148e-07,1.543155821952148e-07,1.2441106036672156e-07,3.867686972521775e-08,3.867686972521775e-08,0.9995590000273478,-1.569009577617972e-07,-1.569009577617972e-07,-1.6014641212438235e-32,153270.08589283557
0.849653899314803,1.1579992480148316e-07,1.5448785572535714e-07,0.9995566091121529,-7.757290808881695e-07,-7.757290808881695e-07,1.7647601847917298e-07,1.5449493203320388e-07,1.5449493203320388e-07,1.2400698324763855e-07,3.868793092387398e-08,3.868793092387398e-08,0.9995570725757201,-1.5777765798674092e-07,-1.5777765798674092e-07,-1.597614982259158e-32,152595.49642469382
0.8519564844077969,1.1596914794054475e-07,1.5466783213137478e-07,0.9995546819867118,-7.771227353775233e-07,-7.771227353775233e-07,1.7674280898463223e-07,1.5467298775991532e-07,1.5467298775991532e-07,1.2360374074523924e-07,3.869868419083003e-08,3.8698684190830025e-08,0.9995551459902082,-1.5845140685202415e-07,-1.5845140685202415e-07,6.617444884486653e-24,151923.66475325165
0.854259069500791,1.1613781338850802e-07,1.5484694391495272e-07,0.999552755759438,-7.782693355522388e-07,-7.782693355522388e-07,1.770087654233104e-07,1.5484987939601217e-07,1.5484987939601217e-07,1.2320133120329087e-07,3.870913052644471e-08,3.87091305264447e-08,0.9995532203002697,-1.5888155989242787e-07,-1.5888155989242787e-07,6.617444884525321e-24,151254.58193894368
0.8565616545937851,1.163059224070203e-07,1.5502519333545005e-07,0.9995508304595812,-7.791447498528252e-07,-7.791447498528252e-07,1.7727388936495698e-07,1.5502575599972979e-07,1.5502575599972979e-07,1.2279975296786007e-07,3.8719270928429754e-08,3.871927092842975e-08,0.9995512955351612,-1.5904397651102498e-07,-1.5904397651102498e-07,6.617444884564073e-24,150588.23904445884
0.858864239686779,1.1647347625390754e-07,1.55202582645773e-07,0.9995489061161893,-7.797426954894551e-07,-7.797426954894551e-07,1.7753818237470489e-07,1.552007757551831e-07,1.552007757551831e-07,1.223990043873299e-07,3.872910639186547e-08,3.872910639186546e-08,0.9995493717239372,-1.589323649063631e-07,-1.589323649063631e-07,6.617444884602909e-24,149924.62713514103
0.8611668247797731,1.1664047618319432e-07,1.5537911409240904e-07,0.9995469827581097,-7.800748813199107e-07,-7.800748813199107e-07,1.7780164601310106e-07,1.5537509560739076e-07,1.5537509560739076e-07,1.219990838124218e-07,3.87386379092147e-08,3.8738637909214715e-08,0.999547448895452,-1.5855842495027452e-07,-1.5855842495027452e-07,-1.323488981663084e-23,149263.73727934374
0.8634694098727672,1.1680692344512367e-07,1.555547899154605e-07,0.9995450604139892,-7.801699696158389e-07,-7.801699696158389e-07,1.780642818361366e-07,1.555488611359017e-07,1.555488611359017e-07,1.2159998959621412e-07,3.874786647033685e-08,3.874786647033683e-08,0.9995455270783589,-1.5795080995399688e-07,-1.5795080995399688e-07,1.9852334685529262e-23,148605.56054879405
0.8657719949657612,1.169728192861772e-07,1.5572961234867775e-07,0.9995431391122735,-7.800714514397026e-07,-7.800714514397026e-07,1.7832609139527628e-07,1.5572219732333153e-07,1.5572219732333153e-07,1.212017200941609e-07,3.875679306250057e-08,3.875679306250055e-08,0.9995436063011106,-1.5715300204499157e-07,-1.5715300204499157e-07,1.9852334685568333e-23,147950.08801896466
0.8680745800587553,1.171381649490954e-07,1.5590358361949162e-07,0.9995412188812091,-7.798346000571338e-07,-7.798346000571338e-07,1.785870762374875e-07,1.5589520080302428e-07,1.5589520080302428e-07,1.208042736641113e-07,3.8765418670396215e-08,3.8765418670396215e-08,0.99954168659196,-1.5622026557916737e-07,-1.5622026557916737e-07,-1.5665189860962486e-32,147297.31076941034
0.8703771651517493,1.1730296167289782e-07,1.5607670594904532e-07,0.9995392997488417,-7.795227218156943e-07,-7.795227218156943e-07,1.7884723790526869e-07,1.560679340585496e-07,1.560679340585496e-07,1.2040764866632633e-07,3.877374427614751e-08,3.877374427614751e-08,0.9995397679789596,-1.5521589801951297e-07,-1.5521589801951297e-07,-1.5625975246284114e-32,146647.21988413815
0.8726797502447434,1.1746721069290341e-07,1.5624898155222577e-07,0.999537381743018,-7.79202962434248e-07,-7.79202962434248e-07,1.7910657793667692e-07,1.5624042191316054e-07,1.5624042191316054e-07,1.2001184346349771e-07,3.878177085932238e-08,3.878177085932236e-08,0.9995378504899627,-1.542070362253449e-07,-1.542070362253449e-07,1.9852334685685974e-23,145999.80645194056
0.8749823353377374,1.1763091324075062e-07,1.5642041263769437e-07,0.9995354648913852,-7.789419491065e-07,-7.789419491065e-07,1.7936509786535522e-07,1.5641265048735897e-07,1.5641265048735897e-07,1.1961685642076503e-07,3.8789499396943774e-08,3.8789499396943754e-08,0.9995359341526231,-1.532602985557225e-07,-1.532602985557225e-07,1.9852334685725326e-23,145355.06156674132
0.8772849204307315,1.1779407054441736e-07,1.565910014079172e-07,0.9995335492213917,-7.788015505794456e-07,-7.788015505794456e-07,1.79622799220559e-07,1.5658456864701455e-07,1.5658456864701455e-07,1.192226859057331e-07,3.8796930863499854e-08,3.879693086349985e-08,0.999534018994396,-1.5243754494777676e-07,-1.5243754494777676e-07,6.617444884916298e-24,144712.9763279284
0.8795875055237256,1.1795668382824073e-07,1.5676075005919448e-07,0.9995316347602873,-7.788350222157609e-07,-7.788350222157609e-07,1.798796835271819e-07,1.567560917966028e-07,1.567560917966028e-07,1.1882933028848747e-07,3.880406623095373e-08,3.8804066230953746e-08,0.9995321050425374,-1.5179202197898304e-07,-1.5179202197898304e-07,-1.3234889816316888e-23,144073.54184069327
0.8818900906167195,1.181187543129365e-07,1.5692966078168957e-07,0.9995297215351233,-7.790837717804154e-07,-7.790837717804154e-07,1.801357523057811e-07,1.5692710773670588e-07,1.5692710773670588e-07,1.1843678794161124e-07,3.881090646875307e-08,3.881090646875307e-08,0.9995301923241057,-1.513651286536571e-07,-1.513651286536571e-07,-1.5428905829356778e-32,143436.74921636193
0.8841926757097136,1.182802832156182e-07,1.5709773575945746e-07,0.9995278095727533,-7.795749340714473e-07,-7.795749340714473e-07,1.803910070726021e-07,1.5709748417010203e-07,1.5709748417010203e-07,1.1804505724020146e-07,3.8817452543839265e-08,3.881745254383926e-08,0.9995282808659606,-1.5118399103361745e-07,-1.5118399103361745e-07,6.617444885034914e-24,142802.5895727037
0.8864952608027077,1.1844127174981576e-07,1.5726497717047236e-07,0.9995258988998333,-7.803198891603277e-07,-7.803198891603277e-07,1.8064544933960235e-07,1.5726707735766902e-07,1.5726707735766902e-07,1.1765413656188413e-07,3.88237054206566e-08,3.8823705420656605e-08,0.9995263706947649,-1.5125998047843822e-07,-1.5125998047843822e-07,-6.617444915773874e-24,142171.054034266
0.8887978458957017,1.1860172112549395e-07,1.574313871866548e-07,0.9995239895428221,-7.81313792572716e-07,-7.81313792572716e-07,1.8089908061447477e-07,1.5743574135594243e-07,1.5743574135594243e-07,1.1726402428682953e-07,3.882966606116085e-08,3.882966606116085e-08,0.9995244618369836,-1.515882438260968e-07,-1.515882438260968e-07,-1.5309941966335965e-32,141542.13373268058
0.8911004309886957,1.1876163254907038e-07,1.575969679738983e-07,0.9995220815279813,-7.825361243312135e-07,-7.825361243312135e-07,1.8115190240067045e-07,1.576033372519783e-07,1.576033372519783e-07,1.1687471879776622e-07,3.883533542482791e-08,3.883533542482792e-08,0.9995225543188851,-1.5214825243562026e-07,-1.5214825243562026e-07,-6.6174449156944e-24,140915.81980698335
0.8934030160816898,1.1892100722343305e-07,1.57761721692095e-07,0.9995201748813767,-7.839521972069348e-07,-7.839521972069348e-07,1.8140391619742037e-07,1.5776974182137783e-07,1.5776974182137783e-07,1.164862184799965e-07,3.8840714468661965e-08,3.884071446866196e-08,0.9995206481665417,-1.5290531043855474e-07,-1.5290531043855474e-07,6.617444885193856e-24,140292.10340391856
0.8957056011746838,1.1907984634795772e-07,1.5792565049516104e-07,0.9995182696288776,-7.855155089587208e-07,-7.855155089587208e-07,1.8165512349975668e-07,1.579348550865649e-07,1.579348550865649e-07,1.1609852172141024e-07,3.8845804147203334e-08,3.884580414720332e-08,0.999518743405829,-1.538129069780766e-07,-1.538129069780766e-07,1.323488978565794e-23,139670.97567823384
0.8980081862676779,1.1923815111852502e-07,1.5808875653106096e-07,0.9995163657961577,-7.87170773707969e-07,-7.87170773707969e-07,1.819055257985334e-07,1.5809860633147244e-07,1.5809860633147244e-07,1.157116269124981e-07,3.885060541253594e-08,3.885060541253594e-08,0.9995168400624272,-1.5481574758372517e-07,-1.5481574758372517e-07,-1.5150593329423113e-32,139052.42779299154
0.900310771360672,1.1939592272753722e-07,1.5825104194183165e-07,0.9995144634086955,-7.888574305092461e-07,-7.888574305092461e-07,1.821551245804459e-07,1.5826095823556878e-07,1.5826095823556878e-07,1.1532553244636547e-07,3.885511921429444e-08,3.885511921429443e-08,0.9995149381618214,-1.5585326274191948e-07,-1.5585326274191948e-07,6.6174448853135824e-24,138436.45091985783
0.902613356453666,1.1955316236393498e-07,1.584125088636055e-07,0.9995125624917747,-7.90513404391859e-07,-7.90513404391859e-07,1.8240392132805014e-07,1.5842190891018502e-07,1.5842190891018502e-07,1.1494023671874564e-07,3.885934649967054e-08,3.8859346499670534e-08,0.9995130377293012,-1.568633689374369e-07,-1.568633689374369e-07,6.6174448853535815e-24,137823.03623939047
0.90491594154666,1.1970987121321385e-07,1.585731594266328e-07,0.9995106630704844,-7.920788853660905e-07,-7.920788853660905e-07,1.8265191751978084e-07,1.5858149175720478e-07,1.5858149175720478e-07,1.1455573812801111e-07,3.8863288213418965e-08,3.886328821341896e-08,0.9995111387899627,-1.5778624765955923e-07,-1.5778624765955923e-07,6.61744488539362e-24,137212.1749413412
0.9072185266396541,1.198660504574411e-07,1.587329957553037e-07,0.99950876516972,-7.934998968521967e-07,-7.934998968521967e-07,1.8289911462996894e-07,1.587397731977961e-07,1.587397731977961e-07,1.1417203507518723e-07,3.886694529786263e-08,3.8866945297862616e-08,0.9995092413687072,-1.585679138309819e-07,-1.585679138309819e-07,1.323488978585792e-23,136603.85822492588
0.9095211117326482,1.2002170127527196e-07,1.58892019968169e-07,0.9995068688141832,-7.94731444242896e-07,-7.94731444242896e-07,1.8314551412885825e-07,1.5889684845359546e-07,1.5889684845359546e-07,1.1378912596396483e-07,3.887031869289702e-08,3.887031869289703e-08,0.9995073454902431,-1.5916336437022008e-07,-1.5916336437022008e-07,-1.323488981579885e-23,135998.0772991011
0.9118236968256421,1.2017682484196653e-07,1.590502341779606e-07,0.9995049740283825,-7.957400644541743e-07,-7.957400644541743e-07,1.833911174826213e-07,1.5905283566659042e-07,1.5905283566659042e-07,1.1340700920070985e-07,3.887340933599409e-08,3.8873409335994076e-08,0.999505451179085,-1.5953912774233191e-07,-1.5953912774233191e-07,1.3234889785938189e-23,135394.8233828594
0.9141262819186362,1.2033142232940642e-07,1.5920764049161104e-07,0.9995030808366339,-7.965056399428825e-07,-7.965056399428825e-07,1.8363592615337428e-07,1.5920786874539493e-07,1.5920786874539493e-07,1.1302568319447578e-07,3.8876218162204626e-08,3.887621816220462e-08,0.9995035584595553,-1.5967507797643835e-07,-1.5967507797643835e-07,6.617444885554153e-24,134794.08770548788
0.9164288670116303,1.2048549490611149e-07,1.5936424101027212e-07,0.999501189263061,-7.970223856782061e-07,-7.970223856782061e-07,1.8387994159919113e-07,1.593620893836135e-07,1.593620893836135e-07,1.1264514635701575e-07,3.887874610416065e-08,3.887874610416064e-08,0.999501667355784,-1.595654216371176e-07,-1.595654216371176e-07,1.3234889786018594e-23,134195.86150683268
0.9187314521046243,1.2063904373725686e-07,1.5952003782933307e-07,0.9994992993315961,-7.972989720439253e-07,-7.972989720439253e-07,1.841231652741167e-07,1.5951563874118543e-07,1.5951563874118543e-07,1.1226539710279132e-07,3.888099409207622e-08,3.888099409207621e-08,0.9994997778917096,-1.59218820726593e-07,-1.59218820726593e-07,1.3234889786058845e-23,133600.13603758256
0.9210340371976183,1.2079206998469e-07,1.596750330384374e-07,0.9994974110659799,-7.973577957741372e-07,-7.973577957741372e-07,1.84365598628179e-07,1.59668649283142e-07,1.59668649283142e-07,1.1188643384898341e-07,3.8882963053747426e-08,3.8882963053747407e-08,0.999497890091079,-1.586576636203876e-07,-1.586576636203876e-07,1.9852334686523343e-23,133006.90255951963
0.9233366222906124,1.2094457480694763e-07,1.598292287214994e-07,0.9994955244897624,-7.972334629113401e-07,-7.972334629113401e-07,1.8460724310740043e-07,1.598212372516839e-07,1.598212372516839e-07,1.1150825501550346e-07,3.8884653914551776e-08,3.8884653914551776e-08,0.9994960039774485,-1.5791654802534248e-07,-1.5791654802534248e-07,-1.470901534696233e-32,132416.1523457762
0.9256392073836064,1.2109655935927308e-07,1.5998262695671954e-07,0.9994936396263034,-7.969705906633849e-07,-7.969705906633849e-07,1.848481001538081e-07,1.599734961978952e-07,1.599734961978952e-07,1.1113085902500162e-07,3.8886067597446444e-08,3.888606759744646e-08,0.9994941195741843,-1.5704008283650672e-07,-1.5704008283650672e-07,-1.3234889815517128e-23,131827.87668110005
0.9279417924766005,1.2124802479363327e-07,1.6013522981659882e-07,0.9994917564987729,-7.966210720552224e-07,-7.966210720552224e-07,1.8508817120544295e-07,1.6012549192850552e-07,1.6012549192850552e-07,1.1075424430287677e-07,3.8887205022965557e-08,3.888720502296555e-08,0.9994922369044623,-1.5608015278882715e-07,-1.5608015278882715e-07,6.617444885795892e-24,131242.0668620991
0.9302443775695945,1.2139897225873605e-07,1.6028703936795256e-07,0.9994898751301515,-7.962409746094799e-07,-7.962409746094799e-07,1.8532745769636807e-07,1.6027725913113368e-07,1.6027725913113368e-07,1.1037840927728529e-07,3.888806710921652e-08,3.888806710921651e-08,0.9994903559912697,-1.5509281713766964e-07,-1.5509281713766964e-07,1.323488978626049e-23,130658.71419749912
0.9325469626625885,1.2154940290004702e-07,1.6043805767192293e-07,0.9994879955432311,-7.958872599192449e-07,-7.958872599192449e-07,1.8556596105667556e-07,1.604287998410161e-07,1.604287998410161e-07,1.1000335237915052e-07,3.888865477187592e-08,3.888865477187591e-08,0.999488476857404,-1.5413502923155313e-07,-1.5413502923155313e-07,6.617444885876668e-24,130077.81000838033
0.9348495477555826,1.2169931785980665e-07,1.6058828678399063e-07,0.9994861177606154,-7.956145166004892e-07,-7.956145166004892e-07,1.8580368271249248e-07,1.6058008379865178e-07,1.6058008379865178e-07,1.0962907204216982e-07,3.888896892418399e-08,3.888896892418398e-08,0.9994865995254757,-1.5326136946452666e-07,-1.5326136946452666e-07,1.3234889786341306e-23,129499.34562842864
0.9371521328485767,1.21848718277047e-07,1.6073772875398552e-07,0.9994842418047203,-7.954718926026984e-07,-7.954718926026984e-07,1.8604062408598555e-07,1.6073105064382695e-07,1.6073105064382695e-07,1.0925556670282455e-07,3.8889010476938526e-08,3.8889010476938506e-08,0.9994847240179066,-1.5252097758675633e-07,-1.5252097758675633e-07,1.9852334686805964e-23,128923.31240416972
0.9394547179415706,1.219976052876083e-07,1.6088638562609607e-07,0.9994823676977743,-7.955003960738258e-07,-7.955003960738258e-07,1.862767865953644e-07,1.6088161378175847e-07,1.6088161378175847e-07,1.088828348003852e-07,3.8888780338487774e-08,3.888878033848778e-08,0.9994828503569312,-1.5195485356944152e-07,-1.5195485356944152e-07,-6.617444914850473e-24,128349.70169521657
0.9417573030345647,1.221459800241552e-07,1.61034259438878e-07,0.9994804954618197,-7.95730709129592e-07,-7.95730709129592e-07,1.865121716548839e-07,1.6103166567372854e-07,1.6103166567372854e-07,1.085108747769218e-07,3.8888279414722786e-08,3.888827941472279e-08,0.999480978564598,-1.5159367137408e-07,-1.5159367137408e-07,-6.617444914810008e-24,127778.50487449086
0.9440598881275588,1.222938436161931e-07,1.6118135222526137e-07,0.9994786251187121,-7.961816243892813e-07,-7.961816243892813e-07,1.867467806748447e-07,1.611810842225237e-07,1.611810842225237e-07,1.0813968507730793e-07,3.8887508609068265e-08,3.8887508609068265e-08,0.9994791086627688,-1.5145621548823587e-07,-1.5145621548823587e-07,-1.4345309101181236e-32,127209.71332847285
0.9463624732205529,1.2244119719008389e-07,1.613276660125568e-07,0.9994767566901218,-7.968591780802027e-07,-7.968591780802027e-07,1.8698061506159254e-07,1.613297398763566e-07,1.613297398763566e-07,1.0776926414923025e-07,3.888646882247291e-08,3.888646882247291e-08,0.9994772406731198,-1.515485140299755e-07,-1.515485140299755e-07,-1.430482021527378e-32,126643.31845740984
0.9486650583135469,1.2258804186906147e-07,1.6147320282246023e-07,0.999474890197534,-7.977565102477568e-07,-7.977565102477568e-07,1.8721367621751614e-07,1.6147750303836568e-07,1.6147750303836568e-07,1.073996104431927e-07,3.888516095339877e-08,3.888516095339876e-08,0.9994753746171424,-1.5186369895791592e-07,-1.5186369895791592e-07,1.3234889786584123e-23,126079.31167556345
0.9509676434065409,1.2273437877324726e-07,1.6161796467105647e-07,0.9994730256622492,-7.988544433223895e-07,-7.988544433223895e-07,1.8744596554104344e-07,1.616242513652391e-07,1.616242513652391e-07,1.0703072241252384e-07,3.88835858978092e-08,3.888358589780921e-08,0.9994735105161432,-1.5238258463816367e-07,-1.5238258463816367e-07,-6.617444914648037e-24,125517.68441142286
0.953270228499535,1.2288020901966516e-07,1.6176195356882138e-07,0.9994711631053841,-8.001227292192938e-07,-8.001227292192938e-07,1.8767748442663602e-07,1.6176987655270416e-07,1.6176987655270416e-07,1.066625985133831e-07,3.8881744549156244e-08,3.8881744549156224e-08,0.9994716483912448,-1.5307491494400829e-07,-1.5307491494400829e-07,1.9852334687089364e-23,124958.42810792504
0.955572813592529,1.2302553372225656e-07,1.619051715206225e-07,0.9994693025478721,-8.015218804567563e-07,-8.015218804567563e-07,1.8790823426478223e-07,1.6191429024456742e-07,1.6191429024456742e-07,1.0629523720476372e-07,3.8879637798365936e-08,3.887963779836595e-08,0.9994697882633867,-1.5390119437426628e-07,-1.5390119437426628e-07,-1.3234889814991224e-23,124401.53422268969
0.9578753986855231,1.2317035399189506e-07,1.6204762052571843e-07,0.9994674440104636,-8.030054710080136e-07,-8.030054710080136e-07,1.8813821644198802e-07,1.6205742875799435e-07,1.6205742875799435e-07,1.0592863694850057e-07,3.887726653382338e-08,3.8877266533823374e-08,0.9994679301533251,-1.5481498890513987e-07,-1.5481498890513987e-07,6.6174448863219626e-24,123846.99422822245
0.9601779837785172,1.2331467093640092e-07,1.6218930257775618e-07,0.9994655875137267,-8.04522769711845e-07,-8.04522769711845e-07,1.8836743234076616e-07,1.6219925639123998e-07,1.6219925639123998e-07,1.0556279620927331e-07,3.8874631641355256e-08,3.887463164135526e-08,0.9994660740816345,-1.557655594008203e-07,-1.557655594008203e-07,-6.617444914485954e-24,123294.79961213835
0.9624805688715111,1.2345848566055568e-07,1.6233021966476747e-07,0.9994637330780481,-8.060215555080772e-07,-8.060215555080772e-07,1.8859588333962342e-07,1.6233976716051013e-07,1.6233976716051013e-07,1.0519771345461168e-07,3.88717340042118e-08,3.8871734004211785e-08,0.9994642200687072,-1.567006768490073e-07,-1.567006768490073e-07,1.3234889786827239e-23,122744.9418773715
0.9647831539645052,1.236017992661165e-07,1.624703737691627e-07,0.9994618807236331,-8.07450957556034e-07,-8.07450957556034e-07,1.8882357081304564e-07,1.6247898490485131e-07,1.6247898490485131e-07,1.0483338715489842e-07,3.8868574503046176e-08,3.886857450304619e-08,0.9994623681347544,-1.5756946247938323e-07,-1.5756946247938323e-07,-1.3234889814829123e-23,122197.41254239582
0.9670857390574993,1.2374461285183049e-07,1.6260976686772347e-07,0.9994600304705065,-8.08764166767855e-07,-8.08764166767855e-07,1.8905049613148039e-07,1.6261696178300885e-07,1.6261696178300885e-07,1.044698157833736e-07,3.886515401589298e-08,3.8865154015892985e-08,0.9994605182998071,-1.583250992969611e-07,-1.583250992969611e-07,-6.617444914364375e-24,121652.20314142756
0.9693883241504933,1.2388692751344898e-07,1.627484009315929e-07,0.9994581823385134,-8.099208765513887e-07,-8.099208765513887e-07,1.8927666066131745e-07,1.6275377527764084e-07,1.6275377527764084e-07,1.0410699781613793e-07,3.886147341814391e-08,3.886147341814392e-08,0.9994586705837162,-1.589272728250171e-07,-1.589272728250171e-07,-6.617444914323851e-24,121109.30522464165
0.9716909092434873,1.2402874434374204e-07,1.6288627792626416e-07,0.9994563363473195,-8.108893286032344e-07,-8.108893286032344e-07,1.895020657648668e-07,1.6288952389292616e-07,1.6288952389292616e-07,1.0374493173215522e-07,3.885753358252213e-08,3.8857533582522123e-08,0.9994568250061532,-1.5934421689817774e-07,-1.5934421689817774e-07,6.617444886565109e-24,120568.71035837484
0.9739934943364814,1.2417006443251268e-07,1.6302339981156663e-07,0.9994544925164115,-8.116478651181765e-07,-8.116478651181765e-07,1.8972671280033388e-07,1.6302432180330568e-07,1.6302432180330568e-07,1.0338361601325547e-07,3.885333537905395e-08,3.885333537905395e-08,0.999454981586611,-1.5955426587191002e-07,-1.5955426587191002e-07,-1.3818599945450845e-32,120030.41012533517
0.9762960794294755,1.2431088886661142e-07,1.6315976854164977e-07,0.9994526508650983,-8.121859163891673e-07,-8.121859163891673e-07,1.8995060312179206e-07,1.631582927545948e-07,1.631582927545948e-07,1.0302304914413643e-07,3.884887967503836e-08,3.8848879675038345e-08,0.9994531403444039,-1.5954684222256818e-07,-1.5954684222256818e-07,1.3234889787070349e-23,119494.39612480736
0.9785986645224695,1.2445121872995074e-07,1.6329538606496468e-07,0.9994508114125111,-8.12504386108069e-07,-8.12504386108069e-07,1.9017373807915213e-07,1.6329156355552773e-07,1.6329156355552773e-07,1.0266322961236518e-07,3.884416733501396e-08,3.884416733501394e-08,0.9994513012986693,-1.5932284184821028e-07,-1.5932284184821028e-07,1.9852334687535067e-23,118960.65997286278
0.9809012496154635,1.245910551035196e-07,1.63430254324243e-07,0.9994489741776044,-8.12615428052753e-07,-8.12615428052753e-07,1.9039611901812872e-07,1.6342425750817334e-07,1.6342425750817334e-07,1.023041559083803e-07,3.88391992207234e-08,3.8839199220723394e-08,0.9994494644683674,-1.5889441075578105e-07,-1.5889441075578105e-07,6.617444886727113e-24,118429.1933025534
0.9832038347084576,1.2473039906539803e-07,1.6356437525647306e-07,0.999447139179156,-8.125416408088419e-07,-8.125416408088419e-07,1.9061774728020327e-07,1.635564881221395e-07,1.635564881221395e-07,1.01945826525491e-07,3.8833976191075023e-08,3.8833976191075023e-08,0.9994476298722818,-1.582841397829497e-07,-1.582841397829497e-07,-1.365663083149024e-32,117899.98776413126
0.9855064198014516,1.2486925169077182e-07,1.636977507928732e-07,0.9994453064357682,-8.123147363630765e-07,-8.123147363630765e-07,1.9083862420258338e-07,1.6368835343353914e-07,1.6368835343353914e-07,1.0158823995987956e-07,3.8828499102101364e-08,3.882849910210137e-08,0.9994457975290206,-1.575237331915837e-07,-1.575237331915837e-07,-6.617444914040387e-24,117373.03502523524
0.9878090048944457,1.2500761405194708e-07,1.638303828588618e-07,0.9994434759658685,-8.119737639551004e-07,-8.119737639551004e-07,1.910587511181585e-07,1.638199312113229e-07,1.638199312113229e-07,1.0123139471059935e-07,3.882276880691471e-08,3.882276880691472e-08,0.999443967457017,-1.566522325196532e-07,-1.566522325196532e-07,-1.3234889814424157e-23,116848.32677111185
0.9901115899874398,1.2514548721836493e-07,1.6396227337402432e-07,0.9994416477877095,-8.115629917797173e-07,-8.115629917797173e-07,1.9127812935545133e-07,1.6395127527982319e-07,1.6395127527982319e-07,1.0087528927957505e-07,3.8816786155659384e-08,3.881678615565939e-08,0.9994421396745297,-1.5571389828362005e-07,-1.5571389828362005e-07,-6.617444913959497e-24,116325.85470480868
0.9924141750804337,1.2528287225661605e-07,1.6409342425207633e-07,0.9994398219193702,-8.111295630816637e-07,-8.111295630816637e-07,1.9149676023856515e-07,1.6408241312533005e-07,1.6408241312533005e-07,1.0051992217160174e-07,3.8810551995460286e-08,3.881055199546028e-08,0.999440314199643,-1.5475586607335832e-07,-1.5475586607335832e-07,6.61744488692937e-24,115805.61054738019
0.9947167601734278,1.2541977023045525e-07,1.6422383740082337e-07,0.9994379983787565,-8.10721052137088e-07,-8.10721052137088e-07,1.917146450871262e-07,1.6421334488200156e-07,1.6421334488200156e-07,1.0016529189434248e-07,3.8804067170368123e-08,3.880406717036812e-08,0.9994384910502687,-1.5382570253379452e-07,-1.5382570253379452e-07,6.617444886969775e-24,115287.58603810018
0.9970193452664219,1.25556182200816e-07,1.6435351472211608e-07,0.9994361771836016,-8.103830465973595e-07,-8.103830465973595e-07,1.9193178521622137e-07,1.643440437235768e-07,1.643440437235768e-07,9.981139695832684e-08,3.879733252130009e-08,3.879733252130009e-08,0.9994366702441457,-1.5296898770889522e-07,-1.5296898770889522e-07,-1.341405756323666e-32,114771.77293465976
0.9993219303594159,1.2569210922582468e-07,1.6448245811180173e-07,0.9994343583514667,-8.101568780433765e-07,-8.101568780433765e-07,1.9214818193633026e-07,1.6447445761065182e-07,1.6447445761065182e-07,9.945823587694685e-08,3.879034888597704e-08,3.8790348885977044e-08,0.999434851798841,-1.522270455961696e-07,-1.522270455961696e-07,-6.61744491379791e-24,114258.16301338487
1.00162451545241,1.25827552360815e-07,1.6461066945967042e-07,0.9994325418997418,-8.100776116732422e-07,-8.100776116732422e-07,1.9236383655325183e-07,1.6460451228150816e-07,1.6460451228150816e-07,9.91058071664552e-08,3.878311709885544e-08,3.878311709885543e-08,0.9994330357317502,-1.5163493383456054e-07,-1.5163493383456054e-07,1.3234889787515103e-23,113746.74806943667
1.003927100545404,1.2596251265834186e-07,1.6473815064939683e-07,0.9994307278456465,-8.101723894620903e-07,-8.101723894620903e-07,1.9257875036802453e-07,1.6473411530902318e-07,1.6473411530902318e-07,9.875410934595921e-08,3.877563799105498e-08,3.8775637991054974e-08,0.9994312220600984,-1.5121978686450302e-07,-1.5121978686450302e-07,6.617444887131209e-24,113237.51991703287
1.006229685638398,1.2609699116819564e-07,1.6486490355847628e-07,0.99942891620623,-8.104592014630522e-07,-8.104592014630522e-07,1.9279292467684025e-07,1.6486316100216987e-07,1.6486316100216987e-07,9.840314093741782e-08,3.876791239028065e-08,3.876791239028064e-08,0.9994294108009406,-1.5099958722914708e-07,-1.5099958722914708e-07,1.3234889787595736e-23,112730.47038965349
1.0085322707313922,1.262309889374158e-07,1.6499093005815517e-07,0.9994271069983721,-8.109461355968938e-07,-8.109461355968938e-07,1.9300636077095076e-07,1.649915358899135e-07,1.649915358899135e-07,9.805290046563413e-08,3.875994112073936e-08,3.875994112073937e-08,0.9994276019711623,-1.5098241536427315e-07,-1.5098241536427315e-07,-6.617444913636646e-24,112225.59134026956
1.010834855824386,1.2636450701030457e-07,1.651162320133551e-07,0.9994253002387844,-8.116311318672091e-07,-8.116311318672091e-07,1.932190599365667e-07,1.6511912450534032e-07,1.6511912450534032e-07,9.770338645825037e-08,3.875172500305054e-08,3.875172500305052e-08,0.9994257955874805,-1.5116620381378874e-07,-1.5116620381378874e-07,1.9852334688100498e-23,111722.87464155526
1.0131374409173801,1.2649754642844067e-07,1.6524081128259049e-07,0.9994234959440099,-8.125022407900947e-07,-8.125022407900947e-07,1.9343102345474823e-07,1.6524581517841112e-07,1.6524581517841112e-07,9.735459744573977e-08,3.874326485414984e-08,3.874326485414982e-08,0.9994239916664438,-1.5153899565973273e-07,-1.5153899565973273e-07,1.985233468814073e-23,111222.31218611702
1.0154400260103742,1.2663010823069248e-07,1.653646697178786e-07,0.9994216941304244,-8.135383611165777e-07,-8.135383611165777e-07,1.9364225260128671e-07,1.653715055530093e-07,1.653715055530093e-07,9.700653196139893e-08,3.8734561487186145e-08,3.873456148718612e-08,0.9994221902244336,-1.5207968224506334e-07,-1.5207968224506334e-07,2.6469779588605158e-23,110723.89588672422
1.0177426111033683,1.2676219345323144e-07,1.654878091646421e-07,0.9994198948142369,-8.14710409468784e-07,-8.14710409468784e-07,1.9385274864657675e-07,1.6549610756387135e-07,1.6549610756387135e-07,9.665918854133779e-08,3.872561571141068e-08,3.872561571141067e-08,0.9994203912776644,-1.5275917281021556e-07,-1.5275917281021556e-07,1.323488978779689e-23,110227.6176765484
1.0200451961963624,1.268938031295453e-07,1.6561023146160286e-07,0.9994180980114903,-8.15982854185491e-07,-8.15982854185491e-07,1.940625128554777e-07,1.6561955164239056e-07,1.6561955164239056e-07,9.631256572447069e-08,3.871642833205758e-08,3.8716428332057567e-08,0.9994185948421846,-1.535419283390795e-07,-1.535419283390795e-07,1.3234889787837038e-23,109733.46950939555
1.0223477812893564,1.2702493829045112e-07,1.6573193844066662e-07,0.999416303738062,-8.173155307036842e-07,-8.173155307036842e-07,1.9427154648716383e-07,1.6574178996203464e-07,1.6574178996203464e-07,9.59666620525038e-08,3.8707000150215507e-08,3.87070001502155e-08,0.9994168009338773,-1.5438777694101769e-07,-1.5438777694101769e-07,6.617444887452936e-24,109241.44335996333
1.0246503663823503,1.2715559996410836e-07,1.6585293192679768e-07,0.9994145120096647,-8.186656437243943e-07,-8.186656437243943e-07,1.944798507949622e-07,1.6586279858708964e-07,1.6586279858708964e-07,9.56214760699226e-08,3.869733196268933e-08,3.8697331962689316e-08,0.9994150095684605,-1.552539160172036e-07,-1.552539160172036e-07,1.3234889787917244e-23,108751.53122409584
1.0269529514753444,1.272857891760321e-07,1.6597321373788272e-07,0.9994127228418467,-8.19989855894129e-07,-8.19989855894129e-07,1.94687427026177e-07,1.6598257844161822e-07,1.6598257844161822e-07,9.527700632397856e-08,3.868742456185061e-08,3.868742456185062e-08,0.9994132207614879,-1.5609700094259806e-07,-1.5609700094259806e-07,-1.3234889813739587e-23,108263.72511904436
1.0292555365683385,1.2741550694910578e-07,1.6609278568458282e-07,0.9994109362499931,-8.212463608046397e-07,-8.212463608046397e-07,1.9489427642189943e-07,1.6610115507778472e-07,1.6610115507778472e-07,9.493325136467327e-08,3.8677278735477046e-08,3.867727873547704e-08,0.9994114345283501,-1.5687521806630842e-07,-1.5687521806630842e-07,6.617444887573103e-24,107778.01708374759
1.0315581216613325,1.2754475430359448e-07,1.6621164957017234e-07,0.9994091522493261,-8.223968422010556e-07,-8.223968422010556e-07,1.9510040021680146e-07,1.6621857727603199e-07,1.6621857727603199e-07,9.459020974474161e-08,3.866689526657786e-08,3.8666895266577866e-08,0.9994096508842748,-1.5755024392036621e-07,-1.5755024392036621e-07,-6.61744491323535e-24,107294.3991791119
1.0338607067543266,1.27673532257158e-07,1.663298071903641e-07,0.9994073708549056,-8.234082293445944e-07,-8.234082293445944e-07,1.9530579963891237e-07,1.6633491456883897e-07,1.6633491456883897e-07,9.424788001963262e-08,3.865627493320611e-08,3.865627493320612e-08,0.9994078698443272,-1.5808900058313796e-07,-1.5808900058313796e-07,-1.3234889813619616e-23,106812.8634883135
1.0361632918473207,1.2780184182486393e-07,1.6644726033311879e-07,0.9994055920816299,-8.242541705478734e-07,-8.242541705478734e-07,1.9551047590937636e-07,1.6645025382427503e-07,1.6645025382427503e-07,9.390626074748924e-08,3.864541850825487e-08,3.864541850825486e-08,0.999406091423411,-1.5846512921539823e-07,-1.5846512921539823e-07,6.6174448876929674e-24,106333.40211710674
1.0384658769403148,1.2792968401920105e-07,1.6656401077843767e-07,0.9994038159442369,-8.249161626911722e-07,-8.249161626911722e-07,1.9571443024218898e-07,1.6656469506976527e-07,1.6656469506976527e-07,9.356535048912582e-08,3.863432675923662e-08,3.8634326759236624e-08,0.9994043156362692,-1.5866011957742154e-07,-1.5866011957742154e-07,-6.617444913115593e-24,105856.00719415002
1.0407684620333086,1.2805705985009258e-07,1.6668006029813684e-07,0.9994020424573038,-8.253842921104121e-07,-8.253842921104121e-07,1.9591766384391128e-07,1.6667834676556912e-07,1.6667834676556912e-07,9.322514780800275e-08,3.8623000448044266e-08,3.862300044804426e-08,0.9994025424974847,-1.586640509178647e-07,-1.586640509178647e-07,6.617444887772695e-24,105380.6708713512
1.0430710471263027,1.2818397032490972e-07,1.6679541065560118e-07,0.9994002716352486,-8.256575618093149e-07,-8.256575618093149e-07,1.961201779133585e-07,1.667913207591553e-07,1.667913207591553e-07,9.28856512701994e-08,3.861144033069145e-08,3.8611440330691465e-08,0.9994007720214806,-1.5847591918691015e-07,-1.5847591918691015e-07,-1.323488981346016e-23,104907.38532422537
1.0453736322192968,1.283104164484851e-07,1.6691006360551566e-07,0.9993985034923301,-8.25743799969229e-07,-8.25743799969229e-07,1.9632197364126152e-07,1.6690372716052152e-07,1.6690372716052152e-07,9.254685944438332e-08,3.859964715703058e-08,3.859964715703057e-08,0.9993990042225209,-1.581035455471664e-07,-1.581035455471664e-07,1.3234889788276491e-23,104436.14275228199
1.0476762173122909,1.284363992231266e-07,1.6702402089357248e-07,0.9993967380426492,-8.256591638599288e-07,-8.256591638599288e-07,1.965230522098977e-07,1.670156693763869e-07,1.670156693763869e-07,9.220877090177771e-08,3.8587621670445884e-08,3.858762167044588e-08,0.9993972391147119,-1.5756308028563888e-07,-1.5756308028563888e-07,6.6174448878919984e-24,103966.93537942813
1.049978802405285,1.2856191964863113e-07,1.6713728425615072e-07,0.999394975300149,-8.254272720913283e-07,-8.254272720913283e-07,1.9672341479268853e-07,1.6712723952799863e-07,1.6712723952799863e-07,9.187138421612468e-08,3.8575364607519614e-08,3.8575364607519595e-08,0.9993954767120018,-1.5687813506672536e-07,-1.5687813506672536e-07,1.9852334688780127e-23,103499.75545439981
1.052281387498279,1.2868697872229852e-07,1.672498554199662e-07,0.999393215278616,-8.250780134518509e-07,-8.250780134518509e-07,1.9692306255376034e-07,1.6723851445477254e-07,1.6723851445477254e-07,9.153469796364488e-08,3.856287669766771e-08,3.8562876697667686e-08,0.9993937170281822,-1.5607859177198607e-07,-1.5607859177198607e-07,2.6469779589243998e-23,103034.59525122531
1.054583972591273,1.2881157743894568e-07,1.6736173610168785e-07,0.9993914579916802,-8.246460948480303e-07,-8.246460948480303e-07,1.9712199664746375e-07,1.6734955247330294e-07,1.6734955247330294e-07,9.119871072299286e-08,3.855015866274215e-08,3.8550158662742164e-08,0.9993919600768885,-1.5519915044127886e-07,-1.5519915044127886e-07,-1.323488981326173e-23,102571.44706971779
1.056886557684267,1.2893571679092079e-07,1.6747292800751737e-07,0.9993897034528159,-8.241693999939212e-07,-8.241693999939212e-07,1.9732021821784818e-07,1.6746039102464763e-07,1.6746039102464763e-07,9.086342107520847e-08,3.853721121659656e-08,3.853721121659659e-08,0.9993902058715999,-1.542776879638517e-07,-1.542776879638517e-07,-2.6469779614070615e-23,102110.30323600401
1.059189142777261,1.2905939776811746e-07,1.67583432832728e-07,0.9993879516753427,-8.236872379148576e-07,-8.236872379148576e-07,1.9751772839808571e-07,1.6757104529690987e-07,1.6757104529690987e-07,9.052882760366223e-08,3.852403506461055e-08,3.852403506461054e-08,0.9993884544256412,-1.5335350658394567e-07,-1.5335350658394567e-07,1.3234889788514227e-23,101651.15610309715
1.0614917278702551,1.2918262135798937e-07,1.676932522611573e-07,0.9993862026724257,-8.23238562251633e-07,-8.23238562251633e-07,1.9771452830983886e-07,1.6768150786722467e-07,1.6768150786722467e-07,9.019492889399584e-08,3.851063090316793e-08,3.851063090316794e-08,0.9993867057521825,-1.5246555320700374e-07,-1.5246555320700374e-07,-6.617444912718965e-24,101193.99805151224
1.0637943129632492,1.2930538854556483e-07,1.6780238796464946e-07,0.9993844564570765,-8.228602419083703e-07,-8.228602419083703e-07,1.9791061906256596e-07,1.677917493572153e-07,1.677917493572153e-07,8.986172353405555e-08,3.849699941908463e-08,3.849699941908464e-08,0.9993849598642404,-1.5165069004977242e-07,-1.5165069004977242e-07,-6.617444912679542e-24,100738.82148993372
1.0660968980562433,1.2942770031346136e-07,1.6791084160244038e-07,0.9993827130421535,-8.225854586866559e-07,-8.225854586866559e-07,1.9810600175275634e-07,1.6790172005397967e-07,1.6790172005397967e-07,8.952921011381839e-08,3.848314128897903e-08,3.8483141288979024e-08,0.9993832167746783,-1.5094209227689435e-07,-1.5094209227689435e-07,6.617444888208277e-24,100285.61885594174
1.0683994831492374,1.2954955764190076e-07,1.6801861482047915e-07,0.999380972440363,-8.224422998461159e-07,-8.224422998461159e-07,1.983006774630877e-07,1.6801135240454321e-07,1.6801135240454321e-07,8.91973872253107e-08,3.84690571785784e-08,3.846905717857839e-08,0.9993814764962075,-1.5036784056419932e-07,-1.5036784056419932e-07,1.3234889788671829e-23,99834.38261680145
1.0707020682422312,1.2967096150872408e-07,1.68125709250678e-07,0.9993792346642592,-8.224526029637313e-07,-8.224526029637313e-07,1.9849464726149497e-07,1.6812056425686097e-07,1.6812056425686097e-07,8.886625346251694e-08,3.8454747741953916e-08,3.845474774195392e-08,0.9993797390413869,-1.4994976596101927e-07,-1.4994976596101927e-07,-6.617444912561556e-24,99385.10527032876
1.0730046533352253,1.2979191288940688e-07,1.6823212651008157e-07,0.9993774997262452,-8.22631097746293e-07,-8.22631097746293e-07,1.9868791220014103e-07,1.6822926269001576e-07,1.6822926269001576e-07,8.853580742127796e-08,3.8440213620674685e-08,3.844021362067469e-08,0.9993780044226248,-1.497025917059667e-07,-1.497025917059667e-07,-6.617444912522324e-24,98937.77934583466
1.0753072384282194,1.299124127570747e-07,1.6833786819994547e-07,0.9993757676385739,-8.229848749941055e-07,-8.229848749941055e-07,1.988804733142756e-07,1.683373482542197e-07,1.683373482542197e-07,8.82060476991786e-08,3.842545544287078e-08,3.8425455442870764e-08,0.9993762726521785,-1.496334021943236e-07,-1.496334021943236e-07,1.3234889788789522e-23,98492.39740516724
1.0776098235212135,1.3003246208251895e-07,1.6844293590471216e-07,0.999374038413348,-8.235131981111045e-07,-8.235131981111045e-07,1.990723316209684e-07,1.6844471942811513e-07,1.6844471942811513e-07,8.787697289541974e-08,3.84104738221932e-08,3.841047382219321e-08,0.9993745437421557,-1.497414544922559e-07,-1.497414544922559e-07,-6.61744491244401e-24,98048.95204385876
1.0799124086142076,1.3015206183421278e-07,1.6854733119087045e-07,0.9993723120625211,-8.242076567076906e-07,-8.242076567076906e-07,1.9926348811769973e-07,1.6855127709561015e-07,1.6855127709561015e-07,8.754858161067722e-08,3.8395269356657665e-08,3.8395269356657665e-08,0.9993728177045147,-1.5001833194420885e-07,-1.5001833194420885e-07,-1.1980707921258808e-32,97607.43589239343
1.0822149937072016,1.3027121297832765e-07,1.6865105560568275e-07,0.9993705885978976,-8.250526477511505e-07,-8.250526477511505e-07,1.994539437807889e-07,1.686569288487385e-07,1.686569288487385e-07,8.722087244694156e-08,3.83798426273551e-08,3.83798426273551e-08,0.9993710945510644,-1.5044842532841953e-07,-1.5044842532841953e-07,-1.1941679511599695e-32,97167.84161761329
1.0845175788001955,1.3038991647875012e-07,1.6875411067576173e-07,0.9993688680311344,-8.260261551842247e-07,-8.260261551842247e-07,1.9964369956363839e-07,1.6876159293525454e-07,1.6876159293525454e-07,8.689384400733876e-08,3.8364194197011606e-08,3.8364194197011606e-08,0.9993693742934665,-1.510097124811778e-07,-1.510097124811778e-07,-1.1902703775370745e-32,96730.16192428484
1.0868201638931896,1.3050817329709933e-07,1.6885649790547466e-07,0.9993671503737407,-8.271007879256144e-07,-8.271007879256144e-07,1.9983275639476717e-07,1.6886520168876287e-07,1.6886520168876287e-07,8.656749489592671e-08,3.834832460837534e-08,3.834832460837533e-08,0.9993676569432344,-1.5167479630371575e-07,-1.5167479630371575e-07,6.61744488856044e-24,96294.38955683945
1.0891227489861837,1.3062598439274474e-07,1.6895821877515068e-07,0.9993654356370781,-8.282450252767047e-07,-8.282450252767047e-07,2.0002111517560235e-07,1.6896770430625256e-07,1.6896770430625256e-07,8.624182371746628e-08,3.833223438240592e-08,3.8332234382405945e-08,0.9993659425117345,-1.52412150176102e-07,-1.52412150176102e-07,-2.64697796135218e-23,95860.517301329
1.0914253340791777,1.307433507228249e-07,1.6905927473906096e-07,0.9993637238323625,-8.294246123582648e-07,-8.294246123582648e-07,2.00208776777994e-07,1.6906906886733453e-07,1.6906906886733453e-07,8.591682907716024e-08,3.831592401623605e-08,3.831592401623606e-08,0.9993642310101867,-1.53187513402021e-07,-1.53187513402021e-07,-6.617444912210321e-24,95428.53798761798
1.0937279191721718,1.3086027324226676e-07,1.6915966722313767e-07,0.9993620149706633,-8.306040427058667e-07,-8.306040427058667e-07,2.003957420414096e-07,1.6916928352592473e-07,1.6916928352592473e-07,8.559250958035744e-08,3.829939398087092e-08,3.8299393980870917e-08,0.9993625224496651,-1.5396537381331605e-07,-1.5396537381331605e-07,6.61744488867688e-24,94998.44449184969
1.096030504265166,1.3097675290380596e-07,1.6925939762239005e-07,0.9993603090629049,-8.317480638410145e-07,-8.317480638410145e-07,2.0058201176975911e-07,1.692683568398158e-07,1.692683568398158e-07,8.526886383221416e-08,3.82826447185841e-08,3.8282644718584085e-08,0.9993608168410977,-1.5471047335145436e-07,-1.5471047335145436e-07,1.3234889789139805e-23,94570.22973923731
1.0983330893581598,1.3109279065800812e-07,1.6935846729796907e-07,0.9993586061198663,-8.328231421781304e-07,-8.328231421781304e-07,2.0076758672779053e-07,1.6936631724196742e-07,1.6936631724196742e-07,8.494589043730762e-08,3.826567663996094e-08,3.826567663996094e-08,0.9993591141952681,-1.553892729862541e-07,-1.553892729862541e-07,-1.1669993801672149e-32,94143.88670722433
1.1006356744511538,1.3120838745329148e-07,1.6945687757382267e-07,0.9993569061521822,-8.337988273167808e-07,-8.337988273167808e-07,2.009524676369852e-07,1.6946321169217416e-07,1.6946321169217416e-07,8.462358799919146e-08,3.8248490120531204e-08,3.824849012053119e-08,0.9993574145228149,-1.5597131702149018e-07,-1.5597131702149018e-07,1.3234889789217036e-23,93719.4084290829
1.102938259544148,1.313235442359505e-07,1.6955462973287156e-07,0.9993552091703433,-8.3464896156677e-07,-8.3464896156677e-07,2.0113665517086852e-07,1.6955910358104093e-07,1.6955910358104093e-07,8.430195511988403e-08,3.823108549692104e-08,3.823108549692105e-08,0.9993557178342325,-1.564304426352838e-07,-1.564304426352838e-07,-6.617444912017097e-24,93296.78799802216
1.105240844637142,1.314382619501815e-07,1.696517250126224e-07,0.9993535151846964,-8.353526886346392e-07,-8.353526886346392e-07,2.0132014994963377e-07,1.6965406998771017e-07,1.6965406998771017e-07,8.39809903992769e-08,3.82134630624409e-08,3.82134630624409e-08,0.9993540241398714,-1.567457885841496e-07,-1.567457885841496e-07,-1.1554404110816526e-32,92876.01857189504
1.107543429730136,1.315525415381098e-07,1.6974816460011665e-07,0.9993518242054449,-8.358952247790407e-07,-8.358952247790407e-07,2.0150295253395603e-07,1.6974819841610213e-07,1.6974819841610213e-07,8.366069243444872e-08,3.819562306200684e-08,3.819562306200685e-08,0.9993523334499387,-1.569025663785741e-07,-1.569025663785741e-07,-1.3234889812364435e-23,92457.09337861688
1.1098460148231302,1.3166638393981908e-07,1.6984394962609274e-07,0.9993501362426493,-8.362683668771852e-07,-8.362683668771852e-07,2.016850634178468e-07,1.6984158315367077e-07,1.6984158315367077e-07,8.334105981886497e-08,3.817756568627367e-08,3.817756568627366e-08,0.9993506457744982,-1.5689256837281421e-07,-1.5689256837281421e-07,6.617444888946582e-24,92040.00572242534
1.1121485999161242,1.3177979009338296e-07,1.6993908115821096e-07,0.9993484513062273,-8.364707228269634e-07,-8.364707228269634e-07,2.01866483020367e-07,1.6993432140754206e-07,1.6993432140754206e-07,8.302209114144373e-08,3.815929106482799e-08,3.8159291064828e-08,0.9993489611234707,-1.5671439819411957e-07,-1.5671439819411957e-07,-6.617444911863568e-24,91624.74899114264
1.114451185009118,1.3189276093489968e-07,1.7003356019315776e-07,0.9993467694059538,-8.365076620666193e-07,-8.365076620666193e-07,2.0204721167597454e-07,1.7002650937897917e-07,1.7002650937897917e-07,8.270378498545665e-08,3.814079925825805e-08,3.814079925825808e-08,0.9993472795066344,-1.5637342129398823e-07,-1.5637342129398823e-07,-2.6469779613098e-23,91211.31666464168
1.1167537701021122,1.320052973985297e-07,1.7012738764740107e-07,0.9993450905514613,-8.363909945839772e-07,-8.363909945839772e-07,2.0222724962322964e-07,1.7011823843493162e-07,1.7011823843493162e-07,8.238613992723217e-08,3.8122090248871374e-08,3.812209024887137e-08,0.9993456009336242,-1.5588144399437294e-07,-1.5588144399437294e-07,6.6174448890612744e-24,90799.70232476086
1.1190563551951063,1.3211740041653717e-07,1.7022056434631435e-07,0.9993434147522395,-8.361383983758651e-07,-8.361383983758651e-07,2.024065969915151e-07,1.702095915278847e-07,1.702095915278847e-07,8.20691545346186e-08,3.810316392977718e-08,3.8103163929777177e-08,0.9993439254139326,-1.5525614099060773e-07,-1.5525614099060773e-07,6.617444889099383e-24,90389.89966697054
1.1213589402881003,1.3222907091933605e-07,1.7031309101131698e-07,0.9993417420176361,-8.35772623946231e-07,-8.35772623946231e-07,2.025852537853428e-07,1.703006400014957e-07,1.703006400014957e-07,8.175282736515063e-08,3.808402009198093e-08,3.808402009198093e-08,0.9993422529569091,-1.5452025990096308e-07,-1.5452025990096308e-07,-1.1286794252243993e-32,89981.9025141786
1.1236615253810944,1.3234030983554116e-07,1.7040496824458382e-07,0.9993400723568555,-8.353205132933277e-07,-8.353205132933277e-07,2.0276321986570476e-07,1.7039144090019608e-07,1.7039144090019608e-07,8.143715696385237e-08,3.806465840904266e-08,3.806465840904266e-08,0.9993405835717603,-1.537006403149924e-07,-1.537006403149924e-07,-1.1248812708016359e-32,89575.7048331545
1.1259641104740885,1.3245111809202569e-07,1.704961965107598e-07,0.9993384057789592,-8.348118765438515e-07,-8.348118765438515e-07,2.0294049492778325e-07,1.7048203487838346e-07,1.7048203487838346e-07,8.112214186058743e-08,3.804507841873412e-08,3.804507841873411e-08,0.9993389172675486,-1.528270905008123e-07,-1.528270905008123e-07,6.617444889213327e-24,89171.30075418348
1.1282666955670824,1.3256149661398596e-07,1.7058677611495796e-07,0.999336742292865,-8.342782741639679e-07,-8.342782741639679e-07,2.0311707847414524e-07,1.7057244477797914e-07,1.7057244477797914e-07,8.080778056684512e-08,3.8025279500972e-08,3.8025279500972e-08,0.9993372540531933,-1.5193116970413602e-07,-1.5193116970413602e-07,-1.1173041464010054e-32,88768.68459473863
1.1305692806600764,1.326714463250155e-07,1.7067670717610809e-07,0.9993350819073461,-8.337517548308666e-07,-8.337517548308666e-07,2.032929697822897e-07,1.7066267491502222e-07,1.7066267491502222e-07,8.049407157181279e-08,3.80052608510926e-08,3.800526085109258e-08,0.9993355939374676,-1.510449261264342e-07,-1.510449261264342e-07,1.9852334690137412e-23,88367.8508881784
1.1328718657530705,1.3278096814718933e-07,1.7076598959444388e-07,0.9993334246310307,-8.33263599414214e-07,-8.33263599414214e-07,2.0346816786507835e-07,1.707527110868351e-07,1.707527110868351e-07,8.018101333754598e-08,3.798502144725457e-08,3.798502144725455e-08,0.9993339369289995,-1.5019964103643843e-07,-1.5019964103643843e-07,1.9852334690175134e-23,87968.79441879274
1.1351744508460646,1.3289006300116206e-07,1.7085462301153766e-07,0.9993317704724003,-8.328431198111692e-07,-8.328431198111692e-07,2.0364267142212222e-07,1.708425212817085e-07,1.708425212817085e-07,7.986860429297892e-08,3.79645600103756e-08,3.79645600103756e-08,0.9993322830362693,-1.4942462776501853e-07,-1.4942462776501853e-07,-1.1059872084806282e-32,87571.51026492212
1.1374770359390587,1.3299873180628194e-07,1.709426067607704e-07,0.9993301194397877,-8.325165578807984e-07,-8.325165578807984e-07,2.038164787795644e-07,1.709320570462411e-07,1.709320570462411e-07,7.95568428264394e-08,3.794387495448846e-08,3.794387495448845e-08,0.999330632267608,-1.4874613083771685e-07,-1.4874613083771685e-07,6.617444889401941e-24,87175.99385245748
1.1397796210320528,1.33106975480725e-07,1.710299398054055e-07,0.9993284715413753,-8.323061244396079e-07,-8.323061244396079e-07,2.0398958781483053e-07,1.7102125543884081e-07,1.7102125543884081e-07,7.92457272762076e-08,3.792296432468053e-08,3.7922964324680504e-08,0.9993289846311947,-1.4818636521798594e-07,-1.4818636521798594e-07,2.6469779590712126e-23,86782.24102180141
1.1420822061250466,1.332147949416545e-07,1.7111662066042307e-07,0.9993268267851921,-8.322292119472438e-07,-8.322292119472438e-07,2.0416199586169295e-07,1.711100414768126e-07,1.711100414768126e-07,7.893525591849416e-08,3.790182571876855e-08,3.7901825718768566e-08,0.9993273401350541,-1.4776272930555146e-07,-1.4776272930555146e-07,-1.3234889811795742e-23,86390.24811248327
1.1443847912180407,1.333221911054122e-07,1.7120264729284263e-07,0.9993251851791106,-8.32297806531835e-07,-8.32297806531835e-07,2.043336995892682e-07,1.711983309641758e-07,1.711983309641758e-07,7.862542695197465e-08,3.788045618743042e-08,3.7880456187430424e-08,0.9993256987870525,-1.4748721736046447e-07,-1.4748721736046447e-07,-6.617444911334133e-24,86000.01207118528
1.1466873763110348,1.3342916488775002e-07,1.7128801699319843e-07,0.9993235467308414,-8.32518117123964e-07,-8.32518117123964e-07,2.0450469484607087e-07,1.7128603357402867e-07,1.7128603357402867e-07,7.831623847766951e-08,3.7858852105448416e-08,3.7858852105448416e-08,0.9993240605948924,-1.4736604915117022e-07,-1.4736604915117022e-07,-1.0872590004031191e-32,85611.53059119983
1.1489899614040289,1.3353571720411447e-07,1.7137272620780227e-07,0.9993219114479278,-8.328904301191458e-07,-8.328904301191458e-07,2.046749764565858e-07,1.7137305604696747e-07,1.7137305604696747e-07,7.800768847244384e-08,3.78370090036878e-08,3.78370090036878e-08,0.9993224255661064,-1.473995252879367e-07,-1.473995252879367e-07,-1.0835337974910485e-32,85224.80229463946
1.151292546497023,1.3364184896999927e-07,1.7145677031697287e-07,0.9993202793377385,-8.334091898095393e-07,-8.334091898095393e-07,2.048445379524347e-07,1.7145930536088158e-07,1.7145930536088158e-07,7.769977475364528e-08,3.78149213469736e-08,3.78149213469736e-08,0.9993207937080494,-1.475821085416478e-07,-1.475821085416478e-07,-1.0798155165126719e-32,84839.82697362936
1.153595131590017,1.337475611013888e-07,1.715401433376655e-07,0.9993186504074569,-8.340632957295946e-07,-8.340632957295946e-07,2.0501337121206376e-07,1.7154469172211693e-07,1.7154469172211693e-07,7.739249493124093e-08,3.779258223627673e-08,3.779258223627671e-08,0.999319165027887,-1.479027223789326e-07,-1.479027223789326e-07,1.9852334690511622e-23,84456.60591411169
1.1558977166830111,1.3385285451532354e-07,1.7162283751857376e-07,0.9993170246640692,-8.348366005995339e-07,-8.348366005995339e-07,2.0518146597035868e-07,1.7162913122486272e-07,1.7162913122486272e-07,7.70858463420068e-08,3.7769983003250216e-08,3.7769983003250216e-08,0.9993175395325818,-1.4834525052523883e-07,-1.4834525052523883e-07,-1.0723999022615798e-32,84075.14233723185
1.158200301776005,1.3395773013063174e-07,1.7170484277973117e-07,0.9993154021143468,-8.357085852130568e-07,-8.357085852130568e-07,2.0534880914021547e-07,1.7171254802055574e-07,1.7171254802055574e-07,7.677982595752812e-08,3.7747112649099436e-08,3.7747112649099436e-08,0.9993159172288751,-1.4888921409413205e-07,-1.4888921409413205e-07,-1.0687026589215711e-32,83695.44201094656
1.160502886868999,1.3406218886889147e-07,1.7178614592325328e-07,0.9993137827648229,-8.366551807851214e-07,-8.366551807851214e-07,2.0551538385742944e-07,1.7179487582864016e-07,1.7179487582864016e-07,7.647443025328954e-08,3.772395705436181e-08,3.772395705436181e-08,0.9993142981232607,-1.4951059709210828e-07,-1.4951059709210828e-07,-1.0650125176317602e-32,83317.51411241664
1.1628054719619931,1.3416623165571844e-07,1.718667295011853e-07,0.9993121666217614,-8.376497046167029e-07,-8.376497046167029e-07,2.0568116811114107e-07,1.718760585968902e-07,1.718760585968902e-07,7.61696550188147e-08,3.770049784546687e-08,3.7700497845466866e-08,0.9993126822219499,-1.501827866119617e-07,-1.501827866119617e-07,6.617444889810926e-24,82941.3724663836
1.1651080570549872,1.3426985942252054e-07,1.7194657016141515e-07,0.999310553691113,-8.386638715309365e-07,-8.386638715309365e-07,2.0584613274355716e-07,1.7195605007483507e-07,1.7195605007483507e-07,7.586549507703036e-08,3.76767107388946e-08,3.7676710738894614e-08,0.9993110695308235,-1.5087759088527588e-07,-1.5087759088527588e-07,-1.323488981142498e-23,82567.03735635159
1.1674106421479813,1.343730731089351e-07,1.7202563618946447e-07,0.9993089439784536,-8.396688418162716e-07,-8.396688418162716e-07,2.0601023847804715e-07,1.7203481198099565e-07,1.7203481198099565e-07,7.556194386185722e-08,3.76525630805294e-08,3.7652563080529384e-08,0.9993094600553621,-1.515662970584137e-07,-1.515662970584137e-07,1.323488979030859e-23,82194.53821883038
1.1697132272409754,1.3447587366627406e-07,1.7210388380926024e-07,0.999307337488895,-8.406362658454996e-07,-8.406362658454996e-07,2.0617343144765258e-07,1.72112310312069e-07,1.72112310312069e-07,7.525899277334436e-08,3.7628010142986184e-08,3.7628010142986184e-08,0.9993078538005464,-1.5222073060845862e-07,-1.5222073060845862e-07,-1.0503238726269775e-32,81823.9177011288
1.1720158123339692,1.3457826206246826e-07,1.721812516114268e-07,0.9993057342269558,-8.41539286521564e-07,-8.41539286521564e-07,2.0633563646026937e-07,1.72188509166646e-07,1.72188509166646e-07,7.49566301894826e-08,3.7602989548958515e-08,3.760298954895854e-08,0.9993062507707107,-1.5281428007585685e-07,-1.5281428007585685e-07,-2.646977961216359e-23,81455.23777667918
1.1743183974269633,1.346802392891967e-07,1.7225765239344356e-07,0.999304134196371,-8.423534627742859e-07,-8.423534627742859e-07,2.0649674713219432e-07,1.7226336139209316e-07,1.7226336139209316e-07,7.46548399851408e-08,3.7577413104246855e-08,3.757741310424687e-08,0.9993046509693282,-1.5332285320051162e-07,-1.5332285320051162e-07,-1.3234889811278675e-23,81088.58870114731
1.1766209825199574,1.3478180637196275e-07,1.7233296243233616e-07,0.9993025373998177,-8.430575804514371e-07,-8.430575804514371e-07,2.0665661290130925e-07,1.7233679611607172e-07,1.7233679611607172e-07,7.435359950979581e-08,3.755115606037342e-08,3.755115606037341e-08,0.9993030543987049,-1.5372573072209247e-07,-1.5372573072209247e-07,6.617444890030379e-24,80724.10077163058
1.1789235676129515,1.3488296438320237e-07,1.7240701227419016e-07,0.999300943838547,-8.436343214258771e-07,-8.436343214258771e-07,2.0681502780951765e-07,1.724087073152864e-07,1.724087073152864e-07,7.405287764373873e-08,3.752404789098779e-08,3.752404789098779e-08,0.9993014610595837,-1.5400627232911647e-07,-1.5400627232911647e-07,-1.0357526541187488e-32,80361.95433385317
1.1812261527059456,1.3498371445498696e-07,1.724795965468982e-07,0.9992993535120049,-8.440707681549445e-07,-8.440707681549445e-07,2.0697174208554212e-07,1.7247896105396173e-07,1.7247896105396173e-07,7.375263591391739e-08,3.7495882091911223e-08,3.749588209191123e-08,0.9992998709507945,-1.5415238196735175e-07,-1.5415238196735175e-07,-6.617444910745508e-24,80002.36859117456
1.1835287377989396,1.3508405777822342e-07,1.7255054320713664e-07,0.9992977664177866,-8.443587337482608e-07,-8.443587337482608e-07,2.071265451765228e-07,1.7254746207280672e-07,1.7254746207280672e-07,7.345284002351982e-08,3.7466485428913204e-08,3.7466485428913223e-08,0.9992982840694162,-1.541565609197142e-07,-1.541565609197142e-07,-1.9852334711557787e-23,79645.52443120479
1.1858313228919337,1.3518399556440763e-07,1.726198567266207e-07,0.9992961825525947,-8.444949303182871e-07,-8.444949303182871e-07,2.07279437983098e-07,1.72614294667722e-07,1.72614294667722e-07,7.315348551583756e-08,3.743586116221307e-08,3.7435861162213073e-08,0.9992967004121649,-1.5401550341180428e-07,-1.5401550341180428e-07,-6.617444910673258e-24,79291.40556608918
1.1881339079849276,1.3528352896789477e-07,1.7268779125964977e-07,0.999294601914344,-8.444810112169958e-07,-8.444810112169958e-07,2.0743072162566472e-07,1.7267979406453102e-07,1.7267979406453102e-07,7.285461297856572e-08,3.740426229175498e-08,3.7404262291755e-08,0.9992951199777178,-1.5372984617839674e-07,-1.5372984617839674e-07,-1.985233471148569e-23,78939.71842345409
1.1904364930779217,1.3538265902669974e-07,1.7275470073366054e-07,0.9992930245038747,-8.443235049111017e-07,-8.443235049111017e-07,2.0758081825279567e-07,1.7274439455027543e-07,1.7274439455027543e-07,7.255628324363058e-08,3.737204170696078e-08,3.737204170696079e-08,0.9992935427679769,-1.5330470197645956e-07,-1.5330470197645956e-07,-1.3234889811025538e-23,78590.06032916544
1.1927390781709157,1.354813866694577e-07,1.728208512703634e-07,0.9992914503248733,-8.440336085038634e-07,-8.440336085038634e-07,2.0773004576596922e-07,1.7280843912639865e-07,1.7280843912639865e-07,7.225854323199216e-08,3.7339464600905703e-08,3.7339464600905717e-08,0.9992919687874271,-1.5275020342240976e-07,-1.5275020342240976e-07,-1.323488981098968e-23,78242.12851154032
1.1950416632639098,1.3557971275775587e-07,1.7288638480065752e-07,0.9992898793827579,-8.436268030946702e-07,-8.436268030946702e-07,2.0787857362415866e-07,1.728721399915325e-07,1.728721399915325e-07,7.196141794712225e-08,3.7306672042901655e-08,3.730667204290164e-08,0.9992903980419123,-1.5208126389204015e-07,-1.5208126389204015e-07,1.3234889790742987e-23,77895.75990806294
1.197344248356904,1.3567763812100942e-07,1.72951364601004e-07,0.9992883116837136,-8.431222961414242e-07,-8.431222961414242e-07,2.0802647712958966e-07,1.7293562127436647e-07,1.7293562127436647e-07,7.166491797880858e-08,3.7273726479994565e-08,3.727372647999457e-08,0.9992888305378074,-1.5131683773740827e-07,-1.5131683773740827e-07,-6.617444910493975e-24,77550.87978174831
1.199646833449898,1.3577516357462953e-07,1.7301581679889213e-07,0.9992867472341729,-8.425423253477139e-07,-8.425423253477139e-07,2.0817378708078218e-07,1.729989583061068e-07,1.729989583061068e-07,7.136904691267406e-08,3.7240653224262615e-08,3.724065322426261e-08,0.9992872662816232,-1.5047905815214536e-07,-1.5047905815214536e-07,6.617444890390095e-24,77207.45509771141
1.2019494185428918,1.358722899278453e-07,1.730797521122094e-07,0.999285186040587,-8.4191136199495e-07,-8.4191136199495e-07,2.083205158068295e-07,1.7306219769824035e-07,1.7306219769824035e-07,7.107380535374678e-08,3.720746218436413e-08,3.720746218436411e-08,0.9992857052798434,-1.4959235354611233e-07,-1.4959235354611233e-07,1.9852334691274086e-23,76865.47012394964
1.204252003635886,1.3596901798675956e-07,1.731431752528442e-07,0.9992836281093347,-8.412552495916731e-07,-8.412552495916731e-07,2.084666684356538e-07,1.7312536562848885e-07,1.7312536562848885e-07,7.077919271796626e-08,3.7174157266084667e-08,3.717415726608465e-08,0.9992841475388604,-1.486825485802963e-07,-1.486825485802963e-07,1.3234889790885339e-23,76524.91587898997
1.20655458872888,1.360653485554771e-07,1.732060886713981e-07,0.9992820734466876,-8.406003112987786e-07,-8.406003112987786e-07,2.0861224738335762e-07,1.731884710012885e-07,1.731884710012885e-07,7.048520796438242e-08,3.7140740115921016e-08,3.7140740115920996e-08,0.9992825930649536,-1.4777595661318622e-07,-1.4777595661318622e-07,1.9852334691344953e-23,76185.7859273743
1.208857173821874,1.3616128243651686e-07,1.7326849398718524e-07,0.999280522058798,-8.399724581148191e-07,-8.399724581148191e-07,2.0875725406932747e-07,1.732515068188198e-07,1.732515068188198e-07,7.01918498820461e-08,3.710721155066841e-08,3.710721155066839e-08,0.99928104186428,-1.468984821660781e-07,-1.468984821660781e-07,1.9852334691380268e-23,75848.07477317777
1.2111597589148682,1.36256820430956e-07,1.7333039251985376e-07,0.9992789739516952,-8.393963282104841e-07,-8.393963282104841e-07,2.0890168955410117e-07,1.733144511643743e-07,1.733144511643743e-07,6.989911719950128e-08,3.707357208889776e-08,3.707357208889776e-08,0.9992794939428727,-1.4607475813106902e-07,-1.4607475813106902e-07,-9.857156739355184e-33,75511.77726260124
1.2134623440078622,1.3635196333848135e-07,1.733917854825993e-07,0.9992774291312847,-8.388944856382376e-07,-8.388944856382376e-07,2.0904555477129412e-07,1.733772683298582e-07,1.733772683298582e-07,6.960700862557344e-08,3.703982214411796e-08,3.703982214411795e-08,0.9992779493066412,-1.4532734370784033e-07,-1.4532734370784033e-07,6.617444890602224e-24,75176.88836663705
1.2157649291008563,1.3644671195740781e-07,1.7345267405103516e-07,0.9992758876033482,-8.384867037670027e-07,-8.384867037670027e-07,2.0918885061030282e-07,1.7343991026015073e-07,1.7343991026015073e-07,6.931552286429086e-08,3.700596209362734e-08,3.7005962093627344e-08,0.9992764079613703,-1.4467600756286204e-07,-1.4467600756286204e-07,-6.617444910211139e-24,74843.40310363327
1.2180675141938502,1.365410670846858e-07,1.7351305938724205e-07,0.9992743493735444,-8.38189355219307e-07,-8.38189355219307e-07,2.09331577945199e-07,1.7350231833909133e-07,1.7350231833909133e-07,6.902465862022319e-08,3.697199230255625e-08,3.6971992302556244e-08,0.9992748699127226,-1.441371176703388e-07,-1.441371176703388e-07,6.6174448906723056e-24,74511.31651230247
1.2203700992868443,1.3663502951590506e-07,1.73572942648003e-07,0.9992728144474102,-8.380149258952291e-07,-8.380149258952291e-07,2.094737376446297e-07,1.7356442548012656e-07,1.7356442548012656e-07,6.873441460035106e-08,3.693791313209793e-08,3.693791313209795e-08,0.9992733351662382,-1.4372315530321707e-07,-1.4372315530321707e-07,-1.985233471098966e-23,74180.62364256021
1.2226726843798383,1.367286000452969e-07,1.736323249875643e-07,0.9992712828303609,-8.379716661495427e-07,-8.379716661495427e-07,2.0961533057514002e-07,1.736261584572727e-07,1.736261584572727e-07,6.844478951470378e-08,3.6903724942267405e-08,3.6903724942267405e-08,0.9992718037273359,-1.434423661992855e-07,-1.434423661992855e-07,-9.682150988333144e-33,73851.31955253994
1.2249752694728324,1.3682177946573649e-07,1.7369120755854274e-07,0.9992697545276913,-8.380633871690426e-07,-8.380633871690426e-07,2.0975635760226778e-07,1.7368744039878332e-07,1.7368744039878332e-07,6.815578207656705e-08,3.686942809280625e-08,3.686942809280625e-08,0.999270275601314,-1.4329855693487166e-07,-1.4329855693487166e-07,-9.647388355240043e-33,73523.3993077008
1.2272778545658265,1.3691456856874475e-07,1.737495915122176e-07,0.999268229544577,-8.382894058145816e-07,-8.382894058145816e-07,2.0989681959089823e-07,1.7374819336043633e-07,1.7374819336043633e-07,6.786739100254574e-08,3.683502294347286e-08,3.683502294347286e-08,0.9992687507933515,-1.4329103976571119e-07,-1.4329103976571119e-07,-9.612705788897569e-33,73196.85798063182
1.2295804396588206,1.3700696814449016e-07,1.738074779986226e-07,0.9992667078860743,-8.38644636007075e-07,-8.38644636007075e-07,2.100367174053781e-07,1.7380834089368035e-07,1.7380834089368035e-07,6.757961501257675e-08,3.6800509854132425e-08,3.680050985413244e-08,0.9992672293085083,-1.434147240125846e-07,-1.434147240125846e-07,-1.3234889810426547e-23,72871.69065107954
1.2318830247518144,1.3709897898179078e-07,1.7386486816657438e-07,0.9992651895571221,-8.391198203458484e-07,-8.391198203458484e-07,2.1017605190955334e-07,1.738678105259807e-07,1.738678105259807e-07,6.729245282992703e-08,3.676588918478361e-08,3.676588918478359e-08,0.9992657111517266,-1.4366034767955086e-07,-1.4366034767955086e-07,1.985233469172908e-23,72547.8924060461
1.2341856098448085,1.37190601868116e-07,1.7392176316368136e-07,0.999263674562542,-8.397018909440568e-07,-8.397018909440568e-07,2.1031482396678327e-07,1.739265360754046e-07,1.739265360754046e-07,6.700590318118582e-08,3.673116129556533e-08,3.673116129556536e-08,0.9992641963278315,-1.4401483828933137e-07,-1.4401483828933137e-07,-2.646977961120603e-23,72225.45833990707
1.2364881949378026,1.3728183758958847e-07,1.739781641363465e-07,0.9992621629070395,-8.403744449923477e-07,-8.403744449923477e-07,2.1045303443994704e-07,1.739844597285207e-07,1.739844597285207e-07,6.671996479625623e-08,3.669632654675803e-08,3.669632654675804e-08,0.9992626848415319,-1.4446178844696164e-07,-1.4446178844696164e-07,-6.617444909899003e-24,71904.38355453465
1.2387907800307967,1.3737268693098574e-07,1.7403407222976815e-07,0.9992606545952047,-8.411183169545474e-07,-8.411183169545474e-07,2.1059068419144806e-07,1.7404153382023372e-07,1.7404153382023372e-07,6.643463640834491e-08,3.666138529878242e-08,3.666138529878241e-08,0.9992611766974214,-1.4498202803547481e-07,-1.4498202803547481e-07,1.3234889791407942e-23,71584.66315942029
1.2410933651237908,1.3746315067574238e-07,1.7408948858794035e-07,0.9992591496315135,-8.419122270143604e-07,-8.419122270143604e-07,2.1072777408321782e-07,1.740977222647627e-07,1.740977222647627e-07,6.614991675395277e-08,3.662633791219796e-08,3.6626337912197976e-08,0.9992596718999793,-1.45554272662599e-07,-1.45554272662599e-07,-1.323488981025475e-23,71266.29227179539
1.2433959502167848,1.3755322960595157e-07,1.7414441435365298e-07,0.9992576480203277,-8.427334833512271e-07,-8.427334833512271e-07,2.1086430497671916e-07,1.741530015996148e-07,1.741530015996148e-07,6.586580457286522e-08,3.659118474770141e-08,3.659118474770141e-08,0.9992581704535708,-1.4615582593661518e-07,-1.4615582593661518e-07,-9.372188317388952e-33,70949.26601675109
1.2456985353097787,1.37642924502367e-07,1.741988506684917e-07,0.9992561497658964,-8.43558714875474e-07,-8.43558714875474e-07,2.1100027773294952e-07,1.7420736161727008e-07,1.7420736161727008e-07,6.55822986081427e-08,3.6555926166124684e-08,3.6555926166124704e-08,0.9992566723624484,-1.4676331220150715e-07,-1.4676331220150715e-07,-1.9852334710610818e-23,70633.57952735516
1.2480011204027728,1.377322361444048e-07,1.7425279867283795e-07,0.9992546548723567,-8.443646107052093e-07,-8.443646107052093e-07,2.1113569321244424e-07,1.7426080557293564e-07,1.7426080557293564e-07,6.529939760611039e-08,3.652056252843313e-08,3.652056252843314e-08,0.9992551776307527,-1.4735341601385752e-07,-1.4735341601385752e-07,-6.617444909728424e-24,70319.22794476693
1.2503037054957669,1.378211653101452e-07,1.743062595058686e-07,0.9992531633437344,-8.451286431463484e-07,-8.451286431463484e-07,2.112705522752793e-07,1.7431334997038638e-07,1.7431334997038638e-07,6.501710031634915e-08,3.64850941957234e-08,3.6485094195723396e-08,0.9992536862625129,-1.4790360512287404e-07,-1.4790360512287404e-07,6.61744489115389e-24,70006.20641835079
1.252606290588761,1.3790971277633445e-07,1.7435923430555592e-07,0.9992516751839452,-8.458297521019631e-07,-8.458297521019631e-07,2.1140485578107447e-07,1.7436502394067966e-07,1.7436502394067966e-07,6.473540549168534e-08,3.6449521529221456e-08,3.644952152922147e-08,0.9992521982616481,-1.4839281487973944e-07,-1.4839281487973944e-07,-1.3234889810084987e-23,69694.51010578706
1.254908875681755,1.3799787931838677e-07,1.7441172420866711e-07,0.9992501903967951,-8.464489706877743e-07,-8.464489706877743e-07,2.1153860458899597e-07,1.7441586824126353e-07,1.7441586824126353e-07,6.445431188818111e-08,3.6413844890280346e-08,3.6413844890280346e-08,0.9992507136319677,-1.4880207385310581e-07,-1.4880207385310581e-07,-9.20283855947548e-33,69384.13417318118
1.257211460774749,1.38085665710386e-07,1.744637303507641e-07,0.9992487089859813,-8.469699741631413e-07,-8.469699741631413e-07,2.1167179955775923e-07,1.7446593391346115e-07,1.7446593391346115e-07,6.417381826512521e-08,3.637806464037809e-08,3.637806464037809e-08,0.9992492323771723,-1.4911505276008496e-07,-1.4911505276008496e-07,-9.169215872203728e-33,69075.07379517063
1.2595140458677432,1.3817307272508768e-07,1.745152538662029e-07,0.999247230955093,-8.473795372586078e-07,-8.473795372586078e-07,2.118044415456315e-07,1.7451528064656898e-07,1.7451528064656898e-07,6.38939233850227e-08,3.634218114111523e-08,3.634218114111523e-08,0.9992477545008547,-1.4931852179379613e-07,-1.4931852179379613e-07,-9.135676001317839e-33,68767.32415503023
1.261816630960737,1.3826010113392088e-07,1.745662958881334e-07,0.9992457563076126,-8.476678880584936e-07,-8.476678880584936e-07,2.119365314104344e-07,1.7456397490388467e-07,1.7456397490388467e-07,6.361462601358552e-08,3.630619475421255e-08,3.630619475421253e-08,0.9992462800065003,-1.4940270450595995e-07,-1.4940270450595995e-07,1.9852334692170447e-23,68460.88044477561
1.2641192160537311,1.3834675170699e-07,1.7461685754849853e-07,0.9992442850469158,-8.478289502910955e-07,-8.478289502910955e-07,2.1206807000954617e-07,1.7461208787263132e-07,1.7461208787263132e-07,6.333592491972277e-08,3.627010584150853e-08,3.627010584150852e-08,0.9992448088974885,-1.4936152009710139e-07,-1.4936152009710139e-07,6.617444891355376e-24,68155.73786526413
1.2664218011467252,1.3843302521307693e-07,1.7466693997803387e-07,0.999242817176273,-8.478604692653859e-07,-8.478604692653859e-07,2.121990581999042e-07,1.7465969330292106e-07,1.7465969330292106e-07,6.305781887553105e-08,3.623391476495695e-08,3.623391476495695e-08,0.9992433411770929,-1.4919270935325044e-07,-1.4919270935325044e-07,-9.035554862799698e-33,67851.89162629483
1.2687243862397193,1.385189224196427e-07,1.7471654430626684e-07,0.9992413526988496,-8.477640205861168e-07,-8.477640205861168e-07,2.1232949683800712e-07,1.7470686530320536e-07,1.7470686530320536e-07,6.278030665628474e-08,3.619762188662413e-08,3.6197621886624133e-08,0.9992418768484825,-1.4889784336104946e-07,-1.4889784336104946e-07,-6.617444909426569e-24,67549.33694670578
1.2710269713327134,1.386044440928297e-07,1.7476567166151604e-07,0.9992398916177077,-8.475449041212391e-07,-8.475449041212391e-07,2.1245938677991692e-07,1.7475367615898575e-07,1.7475367615898575e-07,6.250338704042646e-08,3.616122756868631e-08,3.616122756868633e-08,0.9992404159147227,-1.484822174751749e-07,-1.484822174751749e-07,-1.985233471024189e-23,67248.06905446986
1.2733295564257074,1.3868959099746354e-07,1.7481432317089046e-07,0.9992384339358054,-8.47211929222369e-07,-8.47211929222369e-07,2.125887288812611e-07,1.7480019423944588e-07,1.7480019423944588e-07,6.222705880955722e-08,3.612473217342694e-08,3.612473217342692e-08,0.9992389583787749,-1.4795463653880717e-07,-1.4795463653880717e-07,1.9852334692336477e-23,66948.08318678885
1.2756321415187013,1.3877436389705486e-07,1.7486249996028864e-07,0.999236979655999,-8.467771001838438e-07,-8.467771001838438e-07,2.1271752399723444e-07,1.748464820523898e-07,1.748464820523898e-07,6.195132074842678e-08,3.6088136063233765e-08,3.608813606323378e-08,0.9992375042434989,-1.473271003426892e-07,-1.473271003426892e-07,-1.3234889809751672e-23,66649.37459018557
1.2779347266116954,1.3885876355380168e-07,1.7491020315439787e-07,0.9992355287810432,-8.462552136558809e-07,-8.462552136558809e-07,2.1284577298260107e-07,1.748925945020848e-07,1.748925945020848e-07,6.167617164492419e-08,3.6051439600596196e-08,3.605143960059619e-08,0.9992360535116526,-1.4661440103828943e-07,-1.4661440103828943e-07,6.617444891553864e-24,66351.93852059422
1.2802373117046895,1.3894279072859107e-07,1.749574338766931e-07,0.9992340813135916,-8.456633820312544e-07,-8.456633820312544e-07,2.129734766916961e-07,1.749385773971866e-07,1.749385773971866e-07,6.140161029006803e-08,3.6014643148102034e-08,3.601464314810204e-08,0.9992346061858932,-1.4583364652448197e-07,-1.4583364652448197e-07,-6.617444909261789e-24,66055.770243449
1.2825398967976835,1.3902644618100133e-07,1.7500419324943604e-07,0.9992326372561982,-8.450204985384938e-07,-8.450204985384938e-07,2.1310063597842734e-07,1.7498446624762926e-07,1.7498446624762926e-07,6.112763547799681e-08,3.597774706843472e-08,3.597774706843472e-08,0.9992331622687779,-1.450037255407496e-07,-1.450037255407496e-07,-8.804865125713147e-33,65760.86503377123
1.2848424818906776,1.3910973066930395e-07,1.750504823936742e-07,0.9992311966113172,-8.443466611172587e-07,-8.443466611172587e-07,2.132272516962769e-07,1.7503028537966248e-07,1.7503028537966248e-07,6.085424600595937e-08,3.5940751724370256e-08,3.5940751724370256e-08,0.9992317217627644,-1.4414473154256185e-07,-1.4414473154256185e-07,-8.772245797616087e-33,65467.21817625422
1.2871450669836717,1.3919264495046557e-07,1.7509630242923962e-07,0.9992297593813046,-8.436625727860193e-07,-8.436625727860193e-07,2.1335332469830273e-07,1.750760473886743e-07,1.750760473886743e-07,6.058144067430517e-08,3.5903657478774046e-08,3.5903657478774046e-08,0.9992302846702119,-1.4327736306906083e-07,-1.4327736306906083e-07,-8.739710910935133e-33,65174.82496534718
1.2894476520766656,1.3927518978015015e-07,1.7514165447474795e-07,0.999228325568419,-8.4298893646569e-07,-8.4298893646569e-07,2.1347885583714006e-07,1.7512175293859636e-07,1.7512175293859636e-07,6.030921828647479e-08,3.5866464694597795e-08,3.58664646945978e-08,0.9992288509933824,-1.4242231856669825e-07,-1.4242231856669825e-07,-6.617444909131481e-24,64883.68070533655
1.2917502371696596,1.3935736591272075e-07,1.7518653964759717e-07,0.9992268951748214,-8.423458618123864e-07,-8.423458618123864e-07,2.1360384596500275e-07,1.7516739090716832e-07,1.7516739090716832e-07,6.003757764899029e-08,3.582917373487642e-08,3.582917373487643e-08,0.9992274207344404,-1.4159970322199773e-07,-1.4159970322199773e-07,-6.617444909099116e-24,64593.78071042649
1.2940528222626537,1.3943917410124172e-07,1.752309590639664e-07,0.999225468202577,-8.417523007995722e-07,-8.417523007995722e-07,2.137282959336846e-07,1.7521293886562064e-07,1.7521293886562064e-07,5.976651757144587e-08,3.5791784962724656e-08,3.579178496272467e-08,0.9992259938954542,-1.4082846454370665e-07,-1.4082846454370665e-07,-1.3234889809491056e-23,64305.12030481753
1.2963554073556478,1.3952061509748058e-07,1.7527491383881452e-07,0.9992240446536553,-8.412255274856175e-07,-8.412255274856175e-07,2.138522065945605e-07,1.752583638728452e-07,1.752583638728452e-07,5.9496036866497834e-08,3.575429874133395e-08,3.575429874133394e-08,0.9992245704783969,-1.401258721303594e-07,-1.401258721303594e-07,6.617444891813804e-24,64017.69482278316
1.2986579924486419,1.3960168965191009e-07,1.7531840508587918e-07,0.9992226245299315,-8.407806756758717e-07,-8.407806756758717e-07,2.139755787985875e-07,1.7530362355491948e-07,1.7530362355491948e-07,5.9226134349855484e-08,3.571671543396908e-08,3.57167154339691e-08,0.9992231504851468,-1.3950705533235494e-07,-1.3950705533235494e-07,-1.9852334709850972e-23,63731.499608745245
1.300960577541636,1.396823985137102e-07,1.7536143391767514e-07,0.9992212078331864,-8.404303461914375e-07,-8.404303461914375e-07,2.140984133963061e-07,1.753486674340263e-07,1.753486674340263e-07,5.895680884027137e-08,3.5679035403964954e-08,3.567903540396495e-08,0.9992217339174881,-1.3898461052073694e-07,-1.3898461052073694e-07,6.617444891877941e-24,63446.53001734796
1.30326316263463,1.3976274243076998e-07,1.7540400144549304e-07,0.9992197945651077,-8.401842931154892e-07,-8.401842931154892e-07,2.1422071123784096e-07,1.753934384642664e-07,1.753934384642664e-07,5.868805915953191e-08,3.5641259014723055e-08,3.5641259014723055e-08,0.999220320777112,-1.385682873335171e-07,-1.385682873335171e-07,-8.514339605860216e-33,63162.781413529774
1.305565747727624,1.3984272214968966e-07,1.7544610877939796e-07,0.9992183847272906,-8.40049195912565e-07,-8.40049195912565e-07,2.1434247317290197e-07,1.7543787472725572e-07,1.7543787472725572e-07,5.8419884132447596e-08,3.560338662970831e-08,3.56033866297083e-08,0.999218911065617,-1.3826476079497312e-07,-1.3826476079497312e-07,6.617444891941738e-24,62880.249172594
1.307868332820618,1.399223384157826e-07,1.75487757028228e-07,0.9992169783212389,-8.400285217237336e-07,-8.400285217237336e-07,2.1446370005078503e-07,1.754819112370309e-07,1.754819112370309e-07,5.815228258684374e-08,3.556541861244541e-08,3.5565418612445394e-08,0.99921750478451,-1.380774936108216e-07,-1.380774936108216e-07,1.3234889792397732e-23,62598.92868027829
1.310170917913612,1.4000159197307705e-07,1.7552894729959267e-07,0.9992155753483649,-8.401224794507135e-07,-8.401224794507135e-07,2.1458439272037278e-07,1.7552548180191113e-07,1.7552548180191113e-07,5.7885253353550834e-08,3.552735532651564e-08,3.5527355326515625e-08,0.9992161019352068,-1.3800669025234277e-07,-1.3800669025234277e-07,1.3234889792429414e-23,62318.815332821716
1.3124735030066061,1.4008048356431828e-07,1.755696806998716e-07,0.9992141758099908,-8.403280647233856e-07,-8.403280647233856e-07,2.1470455203013537e-07,1.7556852089073173e-07,1.7556852089073173e-07,5.7618795266395394e-08,3.548919713555331e-08,3.548919713555331e-08,0.9992147025190329,-1.3804934192389922e-07,-1.3804934192389922e-07,-8.387428251667315e-33,62039.904537031434
1.3147760880996002,1.401590139309705e-07,1.7560995833421268e-07,0.9992127797073493,-8.406391922486031e-07,-8.406391922486031e-07,2.1482417882813104e-07,1.7561096545196162e-07,1.7561096545196162e-07,5.7352907162190085e-08,3.545094440324221e-08,3.5450944403242184e-08,0.9992133065372243,-1.381993589117524e-07,-1.381993589117524e-07,2.6469779593340972e-23,61762.19171034687
1.3170786731925943,1.402371838132186e-07,1.7564978130653068e-07,0.9992113870415843,-8.410469098596784e-07,-8.410469098596784e-07,2.149432739620066e-07,1.756527566367609e-07,1.756527566367609e-07,5.708758788072455e-08,3.541259749331209e-08,3.541259749331209e-08,0.9992119139909282,-1.384477846335557e-07,-1.384477846335557e-07,-8.324485154221771e-33,61485.6722809031
1.3193812582855882,1.4031499394997024e-07,1.7568915071950562e-07,0.9992099978137514,-8.415396863527913e-07,-8.415396863527913e-07,2.150618382789982e-07,1.7569384138092977e-07,1.7569384138092977e-07,5.68228362647558e-08,3.537415676953537e-08,3.537415676953538e-08,0.9992105248812035,-1.3878308347476884e-07,-1.3878308347476884e-07,-1.3234889809141585e-23,61210.34168759284
1.3216838433785822,1.403924450788577e-07,1.7572806767458093e-07,0.9992086120248189,-8.421037635765402e-07,-8.421037635765402e-07,2.151798726259314e-07,1.7573417380547012e-07,1.7573417380547012e-07,5.655865115999887e-08,3.5335622595723226e-08,3.533562259572322e-08,0.999209139209022,-1.391914928782165e-07,-1.391914928782165e-07,6.617444892162337e-24,60936.19538012626
1.3239864284715763,1.404695379362397e-07,1.75766533271962e-07,0.9992072296756683,-8.427235615942486e-07,-8.427235615942486e-07,2.1529737784922175e-07,1.7577371640163896e-07,1.7577371640163896e-07,5.629503141511755e-08,3.52969953357223e-08,3.5296995335722286e-08,0.9992077569752681,-1.3965742850640061e-07,-1.3965742850640061e-07,1.3234889792617731e-23,60663.2288190904
1.3262890135645704,1.4054627325720344e-07,1.7580454861061425e-07,0.9992058507670954,-8.433821247744932e-07,-8.433821247744932e-07,2.1541435479487513e-07,1.7581244097270193e-07,1.7581244097270193e-07,5.6031975881714933e-08,3.5258275353410834e-08,3.5258275353410814e-08,0.9992063781807413,-1.4016393033203614e-07,-1.4016393033203614e-07,1.9852334693073036e-23,60391.43747600654
1.3285915986575645,1.4062265177556635e-07,1.7584211478826163e-07,0.9992044752998105,-8.44061595788218e-07,-8.44061595788218e-07,2.1553080430848781e-07,1.7585032931214943e-07,1.7585032931214943e-07,5.576948341432404e-08,3.521946301269528e-08,3.521946301269528e-08,0.9992050028261549,-1.4069313663517144e-07,-1.4069313663517144e-07,-8.168626234728763e-33,60120.81683338642
1.3308941837505586,1.4069867422387805e-07,1.7587923290138457e-07,0.9992031032744392,-8.447437041954249e-07,-8.447437041954249e-07,2.1564672723524682e-07,1.7588737360539623e-07,1.7588737360539623e-07,5.550755287039809e-08,3.5180558677506536e-08,3.5180558677506516e-08,0.9992036309121379,-1.412267725898866e-07,-1.412267725898866e-07,1.9852334693134952e-23,59851.362384787004
1.3331967688435526,1.407743413334223e-07,1.7591590404521835e-07,0.9992017346915233,-8.454102562491979e-07,-8.454102562491979e-07,2.1576212441992992e-07,1.759235765498672e-07,1.759235765498672e-07,5.5246183110301894e-08,3.514156271179606e-08,3.514156271179605e-08,0.9992022624392354,-1.4174664006832448e-07,-1.4174664006832448e-07,1.323488979274156e-23,59583.06963486411
1.3354993539365465,1.4084965383421875e-07,1.7595212931375128e-07,0.9992003695515216,-8.460436129165147e-07,-8.460436129165147e-07,2.158769967069058e-07,1.759589511959025e-07,1.759589511959025e-07,5.498537299730224e-08,3.510247547953255e-08,3.510247547953253e-08,0.9992008974079095,-1.4223509566150957e-07,-1.4223509566150957e-07,1.9852334693196524e-23,59315.93409942459
1.3378019390295406,1.4092461245502498e-07,1.7598790979972276e-07,0.9991990078548101,-8.46627143788131e-07,-8.46627143788131e-07,2.1599134494013399e-07,1.7599352051817213e-07,1.7599352051817213e-07,5.472512139755822e-08,3.506329734469777e-08,3.5063297344697775e-08,0.9991995358185395,-1.4267550458923995e-07,-1.4267550458923995e-07,-6.617444908469704e-24,59049.95130547696
1.3401045241225347,1.4099921792333838e-07,1.7602324659462148e-07,0.9991976496016832,-8.471456455515944e-07,-8.471456455515944e-07,2.1610516996316486e-07,1.760273167343173e-07,1.760273167343173e-07,5.446542718011229e-08,3.502402867128312e-08,3.502402867128309e-08,0.999198177671423,-1.430526591731085e-07,-1.430526591731085e-07,2.6469779593681974e-23,58785.11679128155
1.3424071092155287,1.4107347096539796e-07,1.760581407886835e-07,0.9991962947923541,-8.47585714931416e-07,-8.47585714931416e-07,2.162184726191395e-07,1.7606038039349917e-07,1.7606038039349917e-07,5.420628921688112e-08,3.4984669823285554e-08,3.498466982328554e-08,0.9991968229667765,-1.4335315177668196e-07,-1.4335315177668196e-07,1.3234889792864014e-23,58521.42610639806
1.3447096943085228,1.4114737230618633e-07,1.760925934708903e-07,0.9991949434269554,-8.479360675215784e-07,-8.479360675215784e-07,2.163312537507896e-07,1.760927592632857e-07,1.760927592632857e-07,5.394770638264617e-08,3.494522116470396e-08,3.4945221164703976e-08,0.9991954717047358,-1.4356569363801714e-07,-1.4356569363801714e-07,-1.3234889808802472e-23,58258.87481173348
1.347012279401517,1.412209226694317e-07,1.7612660572896693e-07,0.9991935955055401,-8.481877955245496e-07,-8.481877955245496e-07,2.1644351420043712e-07,1.761245070475153e-07,1.761245070475153e-07,5.3689677555044444e-08,3.490568305953523e-08,3.4905683059535216e-08,0.9991941238853573,-1.4368137260868187e-07,-1.4368137260868187e-07,1.3234889792924726e-23,57997.45847958744
1.3493148644945108,1.4129412277760966e-07,1.761601786493799e-07,0.999192251028082,-8.483345592842549e-07,-8.483345592842549e-07,2.1655525480999425e-07,1.7615568197171444e-07,1.7615568197171444e-07,5.343220161455949e-08,3.486605587177023e-08,3.486605587177023e-08,0.999192779508618,-1.4369384468673536e-07,-1.4369384468673536e-07,-7.893490074896808e-33,57737.17269369676
1.3516174495875048,1.4136697335194527e-07,1.7619331331733535e-07,0.9991909099944766,-8.483727092407879e-07,-8.483727092407879e-07,2.1666647642096288e-07,1.761863452747995e-07,1.761863452747995e-07,5.3175277444511585e-08,3.482633996539009e-08,3.482633996539009e-08,0.9991914385744165,-1.4359945597144644e-07,-1.4359945597144644e-07,-7.863349450266398e-33,57478.01304927926
1.353920034680499,1.414394751124148e-07,1.7622601081677692e-07,0.9991895724045413,-8.483013369460802e-07,-8.483013369460802e-07,2.1677717987443433e-07,1.762165596475801e-07,1.762165596475801e-07,5.291890393104962e-08,3.47865357043621e-08,3.478653570436212e-08,0.9991901010825738,-1.433972936789725e-07,-1.433972936789725e-07,-1.985233470910596e-23,57219.975153075495
1.356222619773493,1.4151162877774793e-07,1.7625827223038385e-07,0.9991882382580167,-8.481222555054107e-07,-8.481222555054107e-07,2.1688736601108896e-07,1.7624638765869928e-07,1.7624638765869928e-07,5.26630799631409e-08,3.4746643452635913e-08,3.474664345263592e-08,0.9991887670328334,-1.430891665838753e-07,-1.430891665838753e-07,-6.617444908227548e-24,56963.054623390264
1.358525204866487,1.415834350654295e-07,1.7629009863956889e-07,0.999186907554567,-8.478399117057948e-07,-8.478399117057948e-07,2.1699703567119567e-07,1.7627589020814176e-07,1.7627589020814176e-07,5.240780443256279e-08,3.470666357413938e-08,3.470666357413938e-08,0.9991874364248629,-1.426795171475192e-07,-1.426795171475192e-07,-7.773444012834559e-33,56707.24709013219
1.3608277899594812,1.4165489469170152e-07,1.7632149112447617e-07,0.9991855802937801,-8.474612336782476e-07,-8.474612336782476e-07,2.1710618969461136e-07,1.763051250466801e-07,1.763051250466801e-07,5.21530762338932e-08,3.4666596432774615e-08,3.466659643277464e-08,0.9991861092582535,-1.421752691803429e-07,-1.421752691803429e-07,-2.6469779609440537e-23,56452.54819485261
1.3631303750524753,1.4172600837156523e-07,1.7635245076397926e-07,0.9991842564751693,-8.469954195024604e-07,-8.469954195024604e-07,2.172148289207805e-07,1.763341453970789e-07,1.763341453970789e-07,5.189889426450122e-08,3.462644239241403e-08,3.462644239241403e-08,0.9991847855325215,-1.4158561644654335e-07,-1.4158561644654335e-07,-7.713937446354451e-33,56198.953590783116
1.365432960145469,1.4179677681878296e-07,1.7638297863567903e-07,0.9991829360981732,-8.464536734798552e-07,-8.464536734798552e-07,2.1732295418873438e-07,1.7636299870942087e-07,1.7636299870942087e-07,5.164525742453897e-08,3.458620181689611e-08,3.4586201816896075e-08,0.9991834652471091,-1.4092175893713909e-07,-1.4092175893713909e-07,3.3087224494436795e-23,55946.45894287186
1.3677355452384632,1.4186720074588013e-07,1.7641307581590154e-07,0.9991816191621565,-8.458488979006722e-07,-8.458488979006722e-07,2.1743056633709055e-07,1.7639172557884722e-07,1.7639172557884722e-07,5.1392164616931624e-08,3.454587507002137e-08,3.45458750700214e-08,0.999182148401384,-1.4019659463706606e-07,-1.4019659463706606e-07,-3.3087224509775885e-23,55695.059927819326
1.3700381303314573,1.4193728086414724e-07,1.7644274337969592e-07,0.9991803056664107,-8.451953490489567e-07,-8.451953490489567e-07,2.1753766620405215e-07,1.7642035884917347e-07,1.7642035884917347e-07,5.113961474736865e-08,3.4505462515548686e-08,3.450546251554868e-08,0.9991808349946408,-1.3942437553017306e-07,-1.3942437553017306e-07,6.617444892798898e-24,55444.75223411225
1.3723407154244514,1.4200701788364186e-07,1.7647198240083228e-07,0.9991789956101547,-8.445082667818526e-07,-8.445082667818526e-07,2.1764425462740708e-07,1.764489229208441e-07,1.764489229208441e-07,5.088760672429525e-08,3.446496451719039e-08,3.4464964517190416e-08,0.9991795250261019,-1.3862033717852353e-07,-1.3862033717852353e-07,-2.646977960929284e-23,55195.531562057186
1.3746433005174454,1.4207641251319055e-07,1.7650079395179956e-07,0.9991776889925355,-8.438034874488915e-07,-8.438034874488915e-07,2.1775033244452733e-07,1.7647743327597856e-07,1.7647743327597856e-07,5.063613945890247e-08,3.442438143860903e-08,3.442438143860901e-08,0.9991782184949173,-1.3780031164169325e-07,-1.3780031164169325e-07,1.9852334693705986e-23,54947.393623812095
1.3769458856104395,1.421454654603909e-07,1.7652917910380335e-07,0.9991763858126288,-8.430970500045456e-07,-8.430970500045456e-07,2.1785590049236813e-07,1.765058962279345e-07,1.765058962279345e-07,5.038521186511921e-08,3.438371364341248e-08,3.4383713643412464e-08,0.9991769154001661,-1.3698033358933222e-07,-1.3698033358933222e-07,1.3234889793310961e-23,54700.33414341824
1.3792484707034334,1.4221417743161338e-07,1.7655713892676377e-07,0.9991750860694397,-8.424048050863682e-07,-8.424048050863682e-07,2.1796095960746703e-07,1.765343088967807e-07,1.765343088967807e-07,5.0134822859602607e-08,3.434296149515037e-08,3.434296149515039e-08,0.9991756157408564,-1.361762493793131e-07,-1.361762493793131e-07,-1.985233470878104e-23,54454.34885682951
1.3815510557964275,1.422825491320035e-07,1.7658467448931325e-07,0.999173789761903,-8.417420364537067e-07,-8.417420364537067e-07,2.1806551062594314e-07,1.7656265940698154e-07,1.7656265940698154e-07,4.9884971361729206e-08,3.4302125357309747e-08,3.4302125357309747e-08,0.9991743195159264,-1.3540333849645368e-07,-1.3540333849645368e-07,-7.479353081162962e-33,54209.43351194181
1.3838536408894215,1.4235058126548365e-07,1.7661178685879443e-07,0.9991724968888842,-8.411231036237094e-07,-8.411231036237094e-07,2.181695543834961e-07,1.7659092729787216e-07,1.7659092729787216e-07,4.963565629358645e-08,3.426120559331081e-08,3.4261205593310786e-08,0.9991730267242448,-1.3467595618853162e-07,-1.3467595618853162e-07,2.6469779594246467e-23,53965.58386862119
1.3861562259824156,1.4241827453475505e-07,1.766384771012579e-07,0.9991712074491802,-8.405611137787548e-07,-8.405611137787548e-07,2.1827309171540506e-07,1.7661908413301058e-07,1.7661908413301058e-07,4.938687657996317e-08,3.422020256650281e-08,3.422020256650285e-08,0.9991717373646115,-1.340072053737232e-07,-1.340072053737232e-07,-3.9704669409966894e-23,53722.7956987306
1.3884588110754097,1.424856296412997e-07,1.7666474628145998e-07,0.9991699214415193,-8.400676300728913e-07,-8.400676300728913e-07,2.183761234565278e-07,1.7664709428975102e-07,1.7664709428975102e-07,4.9138631148341104e-08,3.417911664016028e-08,3.4179116640160266e-08,0.9991704514357581,-1.3340864494705142e-07,-1.3340864494705142e-07,1.3234889793455641e-23,53481.064786156174
1.3907613961684038,1.4255264728538248e-07,1.7669059546286062e-07,0.9991686388645623,-8.39652422401875e-07,-8.39652422401875e-07,2.1847865044129962e-07,1.766749159067465e-07,1.766749159067465e-07,4.8890918928886384e-08,3.413794817747815e-08,3.413794817747813e-08,0.9991691689363487,-1.328900405504325e-07,-1.328900405504325e-07,1.985233469390854e-23,53240.38692683229
1.3930639812613976,1.4261932816605286e-07,1.7671602570762103e-07,0.9991673597169033,-8.393232655102363e-07,-8.393232655102363e-07,2.1858067350373218e-07,1.7670250196377953e-07,1.7670250196377953e-07,4.8643738854439706e-08,3.409669754156818e-08,3.4096697541568174e-08,0.9991678898649804,-1.3245916267975219e-07,-1.3245916267975219e-07,6.617444893088691e-24,53000.75792876573
1.3953665663543917,1.4268567298114705e-07,1.7674103807660162e-07,0.9991660839970696,-8.390857880390746e-07,-8.390857880390746e-07,2.1868219347741256e-07,1.7672980146582854e-07,1.7672980146582854e-07,4.8397089860508704e-08,3.405536509545458e-08,3.4055365095454575e-08,0.9991666142201838,-1.3212163573266814e-07,-1.3212163573266814e-07,6.617444893117197e-24,52762.173612058454
1.3976691514473858,1.4275168242728978e-07,1.767656336293597e-07,0.9991648117035232,-8.389433748351562e-07,-8.389433748351562e-07,2.1878321119550193e-07,1.7675676070155425e-07,1.7675676070155425e-07,4.815097088525815e-08,3.4013951202069904e-08,3.401395120206991e-08,0.9991653420004241,-1.3188084031771742e-07,-1.3188084031771742e-07,-6.617444907702824e-24,52524.62980893057
1.3999717365403799,1.4281735719989633e-07,1.767898134241472e-07,0.9991635428346606,-8.388971234843085e-07,-8.388971234843085e-07,2.1888372749073447e-07,1.767833245453001e-07,1.767833245453001e-07,4.790538086950198e-08,3.397245622425086e-08,3.3972456224250856e-08,0.9991640732041008,-1.3173786978771977e-07,-1.3173786978771977e-07,6.617444893173954e-24,52288.12236374122
1.402274321633374,1.4288269799317438e-07,1.7681357851790846e-07,0.9991622773888137,-8.389458547894091e-07,-8.389458547894091e-07,2.189837431954161e-07,1.7680943777151477e-07,1.7680943777151477e-07,4.766031875669429e-08,3.3930880524734075e-08,3.393088052473408e-08,0.9991628078295492,-1.3169154071777525e-07,-1.3169154071777525e-07,-6.61744490764624e-24,52052.647133009035
1.404576906726368,1.4294770550012595e-07,1.7683692996627816e-07,0.9991610153642504,-8.390861755969323e-07,-8.390861755969323e-07,2.190832591414233e-07,1.7683504635091576e-07,1.7683504635091576e-07,4.741578349292025e-08,3.3889224466152206e-08,3.3889224466152206e-08,0.9991615458750402,-1.3173845573181963e-07,-1.3173845573181963e-07,-7.19385337823667e-33,51818.19998543175
1.4068794918193621,1.4301238041254934e-07,1.768598688235787e-07,0.9991597567591755,-8.393125912881342e-07,-8.393125912881342e-07,2.1918227616020173e-07,1.768600986989125e-07,1.768600986989125e-07,4.717177402688801e-08,3.384748841102932e-08,3.384748841102935e-08,0.9991602873387819,-1.3187311599381947e-07,-1.3187311599381947e-07,-3.308722450928688e-23,51584.776801904896
1.409182076912356,1.4307672342104097e-07,1.7688239614281832e-07,0.9991585015717305,-8.396176640904382e-07,-8.396176640904382e-07,2.1928079508276498e-07,1.76884546848637e-07,1.76884546848637e-07,4.692828930991967e-08,3.380567272177736e-08,3.380567272177735e-08,0.9991590322189189,-1.3208807951916495e-07,-1.3208807951916495e-07,1.3234889793710662e-23,51352.37347553953
1.41148466200535,1.4314073521499733e-07,1.7690451297568863e-07,0.9991572497999949,-8.39992212516064e-07,-8.39992212516064e-07,2.1937881673969322e-07,1.7690834752327816e-07,1.7690834752327816e-07,4.668532829594289e-08,3.37637777606913e-08,3.37637777606913e-08,0.9991577805135338,-1.3237416061330942e-07,-1.3237416061330942e-07,-7.109873408712181e-33,51120.98591167912
1.4137872470983441,1.4320441648261686e-07,1.7692622037256247e-07,0.9991560014419867,-8.404255463406237e-07,-8.404255463406237e-07,2.194763419611318e-07,1.7693146308542295e-07,1.7693146308542295e-07,4.6442889941482066e-08,3.372180388994558e-08,3.372180388994561e-08,0.9991565322206478,-1.3272066485037376e-07,-1.3272066485037376e-07,-3.308722450920316e-23,50890.61002791581
1.4160898321913382,1.432677679109018e-07,1.7694751938249155e-07,0.9991547564956624,-8.409057309572171e-07,-8.409057309572171e-07,2.1957337157678992e-07,1.7695386234433373e-07,1.7695386234433373e-07,4.620097320564961e-08,3.367975147158976e-08,3.367975147158974e-08,0.9991552873382206,-1.331156534272509e-07,-1.331156534272509e-07,1.9852334694218352e-23,50661.24175410535
1.4183924172843323,1.433307901856602e-07,1.7696841105320427e-07,0.9991535149589186,-8.414198744013848e-07,-8.414198744013848e-07,2.1966990641593909e-07,1.7697552120587556e-07,1.7697552120587556e-07,4.595957705013777e-08,3.3637620867544046e-08,3.363762086754406e-08,0.9991540458641517,-1.335462301885677e-07,-1.335462301885677e-07,-1.3234889807875104e-23,50432.87703238187
1.4206950023773264,1.4339348399150768e-07,1.7698889643110342e-07,0.9991522768295912,-8.419544300528357e-07,-8.419544300528357e-07,2.197659473074118e-07,1.7699642315364892e-07,1.7699642315364892e-07,4.57187004392098e-08,3.3595412439595756e-08,3.359541243959574e-08,0.9991528077962805,-1.3399884432842204e-07,-1.3399884432842204e-07,1.323488979384935e-23,50205.511817171166
1.4229975874703202,1.4345585001186934e-07,1.7700897656126392e-07,0.9991510421054574,-8.424955078558243e-07,-8.424955078558243e-07,2.1986149507959988e-07,1.7701655955396777e-07,1.7701655955396777e-07,4.547834233969157e-08,3.355312654939458e-08,3.3553126549394586e-08,0.999151573132387,-1.344596016107686e-07,-1.344596016107686e-07,-6.617444907395834e-24,49979.142075203745
1.4253001725633143,1.4351788892898168e-07,1.7702865248743064e-07,0.9991498107842349,-8.430291869170043e-07,-8.430291869170043e-07,2.1995655056045316e-07,1.7703592978147255e-07,1.7703592978147255e-07,4.5238501720963054e-08,3.351076355844896e-08,3.3510763558448956e-08,0.9991503418701924,-1.3491457696728178e-07,-1.3491457696728178e-07,6.6174448934800054e-24,49753.7637855267
1.4276027576563084,1.435796014238945e-07,1.7704792525201597e-07,0.9991485828635838,-8.435418225167057e-07,-8.435418225167057e-07,2.2005111457747782e-07,1.7705454116613317e-07,1.7705454116613317e-07,4.499917755494957e-08,3.346832382812151e-08,3.346832382812148e-08,0.9991491140073595,-1.3535012150864182e-07,-1.3535012150864182e-07,2.646977959477998e-23,49529.37293951502
1.4299053427493025,1.4364098817647274e-07,1.7706679589609773e-07,0.999147358341106,-8.440203408930142e-07,-8.440203408930142e-07,2.2014518795773492e-07,1.7707240876647504e-07,1.7707240876647504e-07,4.4760368816113826e-08,3.3425807719625e-08,3.342580771962499e-08,0.9991478895414937,-1.3575315730862328e-07,-1.3575315730862328e-07,1.3234889793958765e-23,49305.96554088205
1.4322079278422966,1.4370204986539836e-07,1.7708526545941684e-07,0.9991461372143468,-8.44452515614274e-07,-8.44452515614274e-07,2.2023877152783865e-07,1.770895549773815e-07,1.770895549773815e-07,4.452207448144718e-08,3.3383215594018496e-08,3.3383215594018476e-08,0.9991466684701431,-1.361114537766067e-07,-1.361114537766067e-07,1.9852334694410128e-23,49083.53760568909
1.4345105129352906,1.437627871681723e-07,1.77103334980375e-07,0.999144919480794,-8.448272199519877e-07,-8.448272199519877e-07,2.2033186611395495e-07,1.7710600898447206e-07,1.7710600898447206e-07,4.428429353046129e-08,3.3340547812202706e-08,3.334054781220272e-08,0.999145450790799,-1.3641388003048771e-07,-1.3641388003048771e-07,-1.3234889807683922e-23,48862.08516235457
1.4368130980282845,1.438232007611162e-07,1.7712100549603259e-07,0.9991437051378802,-8.451346503284371e-07,-8.451346503284371e-07,2.2042447254179968e-07,1.7712180607985543e-07,1.7712180607985543e-07,4.404702494517971e-08,3.329780473491634e-08,3.329780473491637e-08,0.9991442365008967,-1.3665062834430677e-07,-1.3665062834430677e-07,-3.308722450892961e-23,48641.60425166198
1.4391156831212786,1.4388329131937456e-07,1.7713827804210626e-07,0.9991424941829822,-8.453665167202857e-07,-8.453665167202857e-07,2.2051659163663712e-07,1.7713698685697842e-07,1.7713698685697842e-07,4.3810267710129456e-08,3.325498672273171e-08,3.32549867227317e-08,0.9991430255978163,-1.3681340455186063e-07,-1.3681340455186063e-07,6.6174448936426035e-24,48422.090926767625
1.4414182682142727,1.439430595169164e-07,1.771551536529668e-07,0.9991412866134215,-8.455161966921013e-07,-8.455161966921013e-07,2.206082242232782e-07,1.7715159630420782e-07,1.7715159630420782e-07,4.357402081233289e-08,3.321209413605041e-08,3.3212094136050396e-08,0.9991418180788825,-1.3689558208023411e-07,-1.3689558208023411e-07,1.3234889794093628e-23,48203.541253207266
1.4437208533072667,1.4400250602653718e-07,1.771716333616368e-07,0.9991400824264657,-8.455788506612862e-07,-8.455788506612862e-07,2.206993711260788e-07,1.7716568281871327e-07,1.7716568281871327e-07,4.333828324129942e-08,3.316912733509964e-08,3.3169127335099636e-08,0.9991406139413658,-1.3689231721473894e-07,-1.3689231721473894e-07,6.6174448936961245e-24,47985.95130890233
1.4460234384002608,1.4406163151986085e-07,1.7718771819978852e-07,0.9991388816193282,-8.455514968564607e-07,-8.455514968564607e-07,2.2079003316893804e-07,1.7717929716322507e-07,1.7717929716322507e-07,4.310305398901691e-08,3.312608667992765e-08,3.312608667992766e-08,0.9991394131824828,-1.368006240573066e-07,-1.368006240573066e-07,-1.3234889807549904e-23,47769.317184165055
1.448326023493255,1.4412043666734154e-07,1.772034091977415e-07,0.9991376841891688,-8.454330453712775e-07,-8.454330453712775e-07,2.2088021117529667e-07,1.7719249138902142e-07,1.7719249138902142e-07,4.28683320499438e-08,3.3082972530399965e-08,3.308297253039997e-08,0.9991382157993964,-1.3661940858031147e-07,-1.3661940858031147e-07,-6.617444907099132e-24,47553.63498170331
1.450628608586249,1.4417892213826568e-07,1.7721870738446052e-07,0.999136490133095,-8.452242915865205e-07,-8.452242915865205e-07,2.209699059681351e-07,1.7720531774858569e-07,1.7720531774858569e-07,4.263411642100035e-08,3.303978524619485e-08,3.3039785246194835e-08,0.9991370217892172,-1.363494620486785e-07,-1.363494620486785e-07,1.3234889794199997e-23,47338.900816624744
1.4529311936792428,1.4423708860075362e-07,1.772336137875532e-07,0.9991352994481615,-8.449278700907029e-07,-8.449278700907029e-07,2.2105911836997176e-07,1.7721782762104358e-07,1.7721782762104358e-07,4.240040610156126e-08,3.299652518679957e-08,3.2996525186799576e-08,0.9991358311490028,-1.359934149404901e-07,-1.359934149404901e-07,-6.617444907046285e-24,47125.11081643994
1.455233778772237,1.4429493672176185e-07,1.7724812943326783e-07,0.9991341121313715,-8.445481710430714e-07,-8.445481710430714e-07,2.211478492028613e-07,1.772300704726467e-07,1.772300704726467e-07,4.216720009344663e-08,3.295319271150599e-08,3.295319271150598e-08,0.9991346438757598,-1.3555565331000007e-07,-1.3555565331000007e-07,6.617444893828456e-24,46912.26112106509
1.457536363865231,1.4435246716708465e-07,1.7726225534649123e-07,0.9991329281796766,-8.440912216343214e-07,-8.440912216343214e-07,2.212360992883927e-07,1.7724209287330186e-07,1.7724209287330186e-07,4.1934497400914266e-08,3.2909788179406575e-08,3.2909788179406575e-08,0.9991334599664426,-1.3504220024835648e-07,-1.3504220024835648e-07,-6.569551059128051e-33,46700.34788282409
1.459838948958225,1.4440968060135608e-07,1.772759925507464e-07,0.9991317475899779,-8.435645359852794e-07,-8.435645359852794e-07,2.2132386944768754e-07,1.7725393758843238e-07,1.7725393758843238e-07,4.170229703065168e-08,3.286631194939029e-08,3.286631194939033e-08,0.9991322794179556,-1.3446056578229373e-07,-1.3446056578229373e-07,-3.9704669409088753e-23,46489.367266450136
1.4621415340512192,1.4446657768805198e-07,1.772893420681905e-07,0.9991305703591263,-8.429769373495206e-07,-8.429769373495206e-07,2.2141116050139805e-07,1.7726564276347759e-07,1.7726564276347759e-07,4.147059799176718e-08,3.282276438013853e-08,3.282276438013853e-08,0.9991311022271525,-1.338195690767586e-07,-1.338195690767586e-07,-6.517373928523626e-33,46279.31544908617
1.4644441191442132,1.445231590894917e-07,1.7730230491961253e-07,0.9991293964839226,-8.423383569902626e-07,-8.423383569902626e-07,2.2149797326970532e-07,1.7727724121590603e-07,1.7727724121590603e-07,4.123939929578306e-08,3.2779145830120825e-08,3.2779145830120825e-08,0.9991299283908374,-1.331291373118125e-07,-1.331291373118125e-07,-6.491410809695632e-33,46070.18862028517
1.466746704237207,1.4457942546684014e-07,1.7731488212443106e-07,0.9991282259611187,-8.416596144144703e-07,-8.416596144144703e-07,2.215843085723174e-07,1.7728875984716778e-07,1.7728875984716778e-07,4.100869995662642e-08,3.2735456657590907e-08,3.2735456657590926e-08,0.999128757905765,-1.3240008591674607e-07,-1.3240008591674607e-07,-1.9852334707738198e-23,45861.982982009875
1.4690492893302012,1.446353774801095e-07,1.7732707470069224e-07,0.9991270587874175,-8.40952183938271e-07,-8.40952183938271e-07,2.2167016722846741e-07,1.7730021918408803e-07,1.7730021918408803e-07,4.077849899062157e-08,3.2691697220582704e-08,3.269169722058273e-08,0.9991275907686415,-1.3164388513550207e-07,-1.3164388513550207e-07,-2.646977960813662e-23,45654.69474863134
1.4713518744231953,1.4469101578816144e-07,1.7733888366506753e-07,0.9991258949594738,-8.402279526570267e-07,-8.402279526570267e-07,2.217555500569116e-07,1.7731163305650891e-07,1.7731163305650891e-07,4.05487954164823e-08,3.264786787690608e-08,3.264786787690609e-08,0.9991264269761247,-1.308724179967566e-07,-1.308724179967566e-07,-6.617444906838243e-24,45448.32014692761
1.4736544595161893,1.4474634104870867e-07,1.7735031003285153e-07,0.9991247344738947,-8.394989749513362e-07,-8.394989749513362e-07,2.218404578759274e-07,1.7732300841487638e-07,1.7732300841487638e-07,4.031958825530325e-08,3.260396898414289e-08,3.260396898414287e-08,0.9991252665248248,-1.3009773481993008e-07,-1.3009773481993008e-07,1.9852334694884273e-23,45242.855416081366
1.4759570446091834,1.4480135391831703e-07,1.7736135481795982e-07,0.9991235773272399,-8.387772285634333e-07,-8.387772285634333e-07,2.219248915033116e-07,1.7733434528869556e-07,1.7733434528869556e-07,4.009087653055248e-08,3.256000089964283e-08,3.2560000899642794e-08,0.9991241094113044,-1.29331809291594e-07,-1.29331809291594e-07,3.308722449575826e-23,45038.29680767721
1.4782596297021775,1.4485605505240736e-07,1.7737201903292684e-07,0.9991224235160225,-8.380743771122474e-07,-8.380743771122474e-07,2.2200885175637827e-07,1.773456368838173e-07,1.773456368838173e-07,3.986265926806344e-08,3.251596398051947e-08,3.2515963980519486e-08,0.9991229556320796,-1.2858630098054004e-07,-1.2858630098054004e-07,-1.3234889807185824e-23,44834.64058569796
1.4805622147951716,1.4491044510525736e-07,1.7738230368890376e-07,0.9991212730367092,-8.374015436401313e-07,-8.374015436401313e-07,2.2209233945195684e-07,1.773568698138323e-07,1.773568698138323e-07,3.963493549602682e-08,3.247185858364642e-08,3.24718585836464e-08,0.9991218051836203,-1.2787232888451624e-07,-1.2787232888451624e-07,1.9852334694960662e-23,44631.88302652123
1.4828647998881654,1.4496452473000348e-07,1.7739220979565624e-07,0.9991201258857209,-8.367690994345314e-07,-8.367690994345314e-07,2.2217535540639008e-07,1.7736802445829492e-07,1.7736802445829492e-07,3.9407704244983014e-08,3.242768506565275e-08,3.2427685065652756e-08,0.9991206580623503,-1.2720026025190645e-07,-1.2720026025190645e-07,-6.617444906710924e-24,44430.02041891452
1.4851673849811595,1.4501829457864287e-07,1.7740173836156252e-07,0.9991189820594332,-8.361864719352714e-07,-8.361864719352714e-07,2.2225790043553228e-07,1.773790754381073e-07,1.773790754381073e-07,3.918096454781388e-08,3.238344378291966e-08,3.2383443782919646e-08,0.9991195142646483,-1.2657951848902135e-07,-1.2657951848902135e-07,1.3234889794586955e-23,44229.049064030296
1.4874699700741536,1.450717553020351e-07,1.7741089039361105e-07,0.999117841554177,-8.356619750588098e-07,-8.356619750588098e-07,2.2233997535474699e-07,1.77389992196394e-07,1.77389992196394e-07,3.895471543973543e-08,3.2339135091575984e-08,3.233913509157596e-08,0.9991183737868482,-1.2601841348436565e-07,-1.2601841348436565e-07,2.646977959546053e-23,44028.96527540059
1.4897725551671477,1.4512490754990417e-07,1.7741966689739868e-07,0.9991167043662389,-8.352026647164549e-07,-8.352026647164549e-07,2.2242158097890517e-07,1.77400739671308e-07,1.77400739671308e-07,3.872895595828943e-08,3.229475934749451e-08,3.229475934749451e-08,0.9991172366252395,-1.2552399712686015e-07,-1.2552399712686015e-07,-6.211303942516425e-33,43829.76537893067
1.4920751402601418,1.4517775197084037e-07,1.7742806887712827e-07,0.9991155704918613,-8.348142217495876e-07,-8.348142217495876e-07,2.225027181223831e-07,1.7741127904584945e-07,1.7741127904584945e-07,3.850368514333609e-08,3.225031690628788e-08,3.22503169062879e-08,0.9991161027760679,-1.2510194624107452e-07,-1.2510194624107452e-07,-1.9852334707459e-23,43631.445712892666
1.4943777253531358,1.4523028921230209e-07,1.7743609733560682e-07,0.9991144399272435,-8.345008638734504e-07,-8.345008638734504e-07,2.2258338759906035e-07,1.774215685585212e-07,1.774215685585212e-07,3.827890203704588e-08,3.220580812330472e-08,3.220580812330474e-08,0.9991149722355355,-1.247564745310231e-07,-1.247564745310231e-07,-1.9852334707434112e-23,43434.00262791829
1.4966803104461297,1.4528251992061768e-07,1.7744375327424337e-07,0.9991133126685415,-8.34265287647154e-07,-8.34265287647154e-07,2.226635902223178e-07,1.7743156435798291e-07,1.7743156435798291e-07,3.805460568389241e-08,3.216123335362567e-08,3.2161233353625685e-08,0.9991138449998014,-1.2449027455018052e-07,-1.2449027455018052e-07,-1.3234889806985088e-23,43237.43248699133
1.4989828955391238,1.453344447409874e-07,1.7745103769304688e-07,0.9991121887118695,-8.341086408319956e-07,-8.341086408319956e-07,2.2274332680503553e-07,1.7744122138431332e-07,1.7744122138431332e-07,3.783079513064419e-08,3.2116592952059446e-08,3.211659295205947e-08,0.9991127210649825,-1.2430449005980805e-07,-1.2430449005980805e-07,-2.646977960780881e-23,43041.73166543942
1.5012854806321179,1.4538606431748515e-07,1.7745795159062417e-07,0.9991110680532989,-8.340305249457078e-07,-8.340305249457078e-07,2.2282259815959068e-07,1.774504942594964e-07,1.774504942594964e-07,3.760746942635705e-08,3.207188727313903e-08,3.207188727313902e-08,0.9991116004271536,-1.241987185832111e-07,-1.241987185832111e-07,1.323488979476116e-23,42846.89655092559
1.503588065725112,1.4543737929306044e-07,1.7746449596417806e-07,0.99910995068886,-8.340290272059898e-07,-8.340290272059898e-07,2.229014050978555e-07,1.7745933816993316e-07,1.7745933816993316e-07,3.738462762236671e-08,3.202711667111761e-08,3.202711667111762e-08,0.9991104830823478,-1.2417104334927753e-07,-1.2417104334927753e-07,-1.3234889806911167e-23,42652.92354343911
1.505890650818106,1.4548839030954004e-07,1.7747067180950509e-07,0.9991088366145419,-8.341007805459395e-07,-8.341007805459395e-07,2.2297974843119516e-07,1.774677097243916e-07,1.774677097243916e-07,3.716226877228088e-08,3.198228149996505e-08,3.198228149996505e-08,0.9991093690265573,-1.2421809330791914e-07,-1.2421809330791914e-07,-6.038247261287512e-33,42459.809055285965
1.5081932359111,1.455390980076301e-07,1.774764801209937e-07,0.9991077258262929,-8.342410498689464e-07,-8.342410498689464e-07,2.230576289704658e-07,1.7747556777166153e-07,1.7747556777166153e-07,3.694039193197192e-08,3.193738211336359e-08,3.1937382113363594e-08,0.9991082582557332,-1.2433512938497158e-07,-1.2433512938497158e-07,-6.617444906438073e-24,42267.549511078854
1.5104958210040942,1.4558950302691775e-07,1.7748192189162222e-07,0.9991066183200216,-8.344438422710044e-07,-8.344438422710044e-07,2.2313504752601223e-07,1.774828741633425e-07,1.774828741633425e-07,3.671899615956914e-08,3.189241886470449e-08,3.1892418864704476e-08,0.9991071507657873,-1.245161547045155e-07,-1.245161547045155e-07,1.3234889794858905e-23,42076.141347726785
1.512798406097088,1.4563960600587303e-07,1.7748699811295677e-07,0.9991055140915961,-8.347020385746076e-07,-8.347020385746076e-07,2.23212004907666e-07,1.7748959444856548e-07,1.7748959444856548e-07,3.649808051545127e-08,3.184739210708374e-08,3.184739210708373e-08,0.9991060465525904,-1.247540461227805e-07,-1.247540461227805e-07,6.6174448944589174e-24,41885.58101442403
1.5151009911900821,1.4568940758185075e-07,1.7749170977514938e-07,0.9991044131368458,-8.350075431832224e-07,-8.350075431832224e-07,2.2328850192474316e-07,1.7749569848907934e-07,1.7749569848907934e-07,3.6277644062238646e-08,3.1802302193298616e-08,3.180230219329863e-08,0.9991049456119752,-1.2504070408262491e-07,-1.2504070408262491e-07,-1.3234889806789594e-23,41695.86497263893
1.5174035762830762,1.4573890839109225e-07,1.7749605786693606e-07,0.9991033154515611,-8.35351449022872e-07,-8.35351449022872e-07,2.2336453938604226e-07,1.7750116098485595e-07,1.7750116098485595e-07,3.605768586478636e-08,3.1757149475843776e-08,3.175714947584381e-08,0.9991038479397346,-1.253672175551278e-07,-1.253672175551278e-07,-3.3087224508038187e-23,41506.98969610198
1.5197061613760703,1.4578810906872725e-07,1.775000433756347e-07,0.9991022210314937,-8.357242141330126e-07,-8.357242141330126e-07,2.2344011809984213e-07,1.7750596190233874e-07,1.7750596190233874e-07,3.5838204990176306e-08,3.171193430690744e-08,3.1711934306907445e-08,0.9991027535316238,-1.2572404063047381e-07,-1.2572404063047381e-07,-6.617444906317311e-24,41318.95167079374
1.5220087464690644,1.4583701024877566e-07,1.7750366728714338e-07,0.9991011298723577,-8.361158463685174e-07,-8.361158463685174e-07,2.235152388738997e-07,1.775100867993629e-07,1.775100867993629e-07,3.5619200507709756e-08,3.166665703836771e-08,3.166665703836772e-08,0.9991016623833595,-1.2610117721994384e-07,-1.2610117721994384e-07,-1.323488980671762e-23,41131.74739493212
1.5243113315620584,1.4588561256414944e-07,1.775069305859382e-07,0.9991000419698293,-8.365160926103199e-07,-8.365160926103199e-07,2.2358990251544802e-07,1.7751352704294218e-07,1.7751352704294218e-07,3.540067148890011e-08,3.1621318021788776e-08,3.162131802178876e-08,0.9991005744906211,-1.2648837026656712e-07,-1.2648837026656712e-07,1.3234889795003093e-23,40945.37337895932
1.5266139166550523,1.459339166466544e-07,1.7750983425507157e-07,0.9990989573195477,-8.369146289181732e-07,-8.369146289181732e-07,2.2366410983119397e-07,1.775162799180333e-07,1.775162799180333e-07,3.5182617007465436e-08,3.1575917608417156e-08,3.157591760841718e-08,0.9990994898490504,-1.2687529189788695e-07,-1.2687529189788695e-07,-2.6469779607518486e-23,40759.82614552855
1.5289165017480464,1.4598192312699197e-07,1.775123792761702e-07,0.9990978759171156,-8.373012481332511e-07,-8.373012481332511e-07,2.237378616273162e-07,1.7751834862757834e-07,1.7751834862757834e-07,3.4965036139320906e-08,3.1530456149178256e-08,3.153045614917823e-08,0.9990984084542535,-1.2725173102857027e-07,-1.2725173102857027e-07,2.6469779595898954e-23,40575.102229489865
1.5312190868410405,1.460296326347611e-07,1.7751456662943328e-07,0.9990967977580993,-8.376660415929846e-07,-8.376660415929846e-07,2.2381115870946287e-07,1.77519742185945e-07,1.77519742185945e-07,3.4747927962572034e-08,3.148493399467218e-08,3.148493399467218e-08,0.9990973303017993,-1.2760777507525146e-07,-1.2760777507525146e-07,-5.774344237218901e-33,40391.19817787621
1.5335216719340345,1.4607704579846e-07,1.775163972936306e-07,0.999095722838029,-8.379995718206937e-07,-8.379995718206937e-07,2.238840018827496e-07,1.7752047520988653e-07,1.7752047520988653e-07,3.45312915575065e-08,3.143935149517061e-08,3.1439351495170614e-08,0.9990962553872209,-1.2793398264617126e-07,-1.2793398264617126e-07,-6.617444906175057e-24,40208.11054988868
1.5358242570270286,1.46124163245488e-07,1.775178722461007e-07,0.9990946511523998,-8.382930333070749e-07,-8.382930333070749e-07,2.2395639195175728e-07,1.7752056761279695e-07,1.7752056761279695e-07,3.431512600658778e-08,3.139370900061271e-08,3.139370900061272e-08,0.9990951837060166,-1.2822154432267202e-07,-1.2822154432267202e-07,-1.3234889806575848e-23,40025.83591688153
1.5381268421200227,1.4617098560214732e-07,1.775189924627491e-07,0.9990935826966717,-8.385383987985196e-07,-8.385383987985196e-07,2.2402832972052985e-07,1.7752004420967837e-07,1.7752004420967837e-07,3.4099430394447095e-08,3.1348006860601766e-08,3.134800686060177e-08,0.9990941152536491,-1.2846242894752324e-07,-1.2846242894752324e-07,-6.617444906128278e-24,39844.37086234673
1.5404294272130166,1.4621751349364493e-07,1.7751975891804632e-07,0.9990925174662699,-8.387285488431348e-07,-8.387285488431348e-07,2.2409981599257218e-07,1.7751893424163713e-07,1.7751893424163713e-07,3.3884203807876615e-08,3.130224542440141e-08,3.13022454244014e-08,0.9990930500255467,-1.2864951317094952e-07,-1.2864951317094952e-07,1.3234889795167655e-23,39663.71198189828
1.5427320123060106,1.4626374754409431e-07,1.7752017258502623e-07,0.9990914554565857,-8.38857382704555e-07,-8.38857382704555e-07,2.241708515708479e-07,1.7751727082991972e-07,1.7751727082991972e-07,3.366944533582212e-08,3.125642504093192e-08,3.125642504093192e-08,0.9990919880171035,-1.287766923644501e-07,-1.287766923644501e-07,-5.65759722294452e-33,39483.855883256096
1.5450345973990047,1.463096883765173e-07,1.7752023443528427e-07,0.9990903966629766,-8.389199091480434e-07,-8.389199091480434e-07,2.2424143725777714e-07,1.7751509037053935e-07,1.7751509037053935e-07,3.345515406937589e-08,3.121054605876697e-08,3.1210546058766956e-08,0.9990909292236799,-1.2883897140690632e-07,-1.2883897140690632e-07,1.3234889795213956e-23,39304.79918622948
1.5473371824919988,1.4635533661284593e-07,1.7751994543897554e-07,0.9990893410807664,-8.389123159898584e-07,-8.389123159898584e-07,2.2431157385523447e-07,1.775124318812672e-07,1.775124318812672e-07,3.324132910176942e-08,3.11646088261296e-08,3.116460882612961e-08,0.9990898736406028,-1.2883253423395622e-07,-1.2883253423395622e-07,-1.3234889806459897e-23,39126.53852270041
1.5496397675849929,1.4640069287392408e-07,1.7751930656481318e-07,0.9990882887052464,-8.388320177239795e-07,-8.388320177239795e-07,2.2438126216454666e-07,1.7750933631336448e-07,1.7750933631336448e-07,3.302796952836638e-08,3.111861369088908e-08,3.1118613690889095e-08,0.999088821263166,-1.287547914647268e-07,-1.287547914647268e-07,-1.3234889806436946e-23,38949.07053660627
1.551942352677987,1.4644575777950947e-07,1.7751831878006653e-07,0.9990872395316748,-8.386776809229713e-07,-8.386776809229713e-07,2.2445050298649043e-07,1.7750584584068604e-07,1.7750584584068604e-07,3.281507444665547e-08,3.1072561000557035e-08,3.1072561000557055e-08,0.9990877720866311,-1.286044058027052e-07,-1.286044058027052e-07,-1.985233470683829e-23,38772.391883922384
1.554244937770981,1.464905319482754e-07,1.7751698305055948e-07,0.9990861935552782,-8.384492275325698e-07,-8.384492275325698e-07,2.2451929712129043e-07,1.7750200313892244e-07,1.7750200313892244e-07,3.260264295624327e-08,3.1026451102284077e-08,3.102645110228407e-08,0.9990867261062273,-1.2838129533033187e-07,-1.2838129533033187e-07,6.61744489488139e-24,38596.49923264424
1.556547522863975,1.4653501599781255e-07,1.7751530034066873e-07,0.9990851507712509,-8.381478165309515e-07,-8.381478165309515e-07,2.245876453686169e-07,1.7749785066755848e-07,1.7749785066755848e-07,3.239067415884726e-08,3.0980284342856194e-08,3.0980284342856174e-08,0.999085683317152,-1.2808661516827658e-07,-1.2808661516827658e-07,1.9852334695752552e-23,38421.389262769306
1.558850107956969,1.4657921054463072e-07,1.775132716133221e-07,0.9990841111747563,-8.377758048143662e-07,-8.377758048143662e-07,2.2465554852758347e-07,1.7749342996680328e-07,1.7749342996680328e-07,3.217916715828905e-08,3.0934061068691375e-08,3.093406106869137e-08,0.9990846437145711,-1.2772271836107786e-07,-1.2772271836107786e-07,6.617444894926746e-24,38247.058666278586
1.561152693049963,1.466231162041608e-07,1.7751089782999682e-07,0.9990830747609264,-8.373366884763223e-07,-8.373366884763223e-07,2.247230073967452e-07,1.7748878098117137e-07,1.7748878098117137e-07,3.19681210604866e-08,3.088778162583602e-08,3.0887781625836015e-08,0.9990836072936199,-1.2729309715633505e-07,-1.2729309715633505e-07,6.6174448949493065e-24,38073.5041471177
1.5634552781429571,1.4666673359075636e-07,1.7750817995071792e-07,0.9990820415248628,-8.368350259718382e-07,-8.368350259718382e-07,2.2479002277409607e-07,1.7748394142065708e-07,1.7748394142065708e-07,3.1757534973448064e-08,3.084144635996158e-08,3.084144635996156e-08,0.9990825740494026,-1.2680230616896655e-07,-1.2680230616896655e-07,1.985233469582023e-23,37900.72242117804
1.5657578632359512,1.4671006331769565e-07,1.7750511893405656e-07,0.9990810114616369,-8.362763449098475e-07,-8.362763449098475e-07,2.2485659545706702e-07,1.7747894616953916e-07,1.7747894616953916e-07,3.154740800726449e-08,3.079505561636092e-08,3.079505561636091e-08,0.9990815439769937,-1.2625586917362128e-07,-1.2625586917362128e-07,1.3234889795418414e-23,37728.71021627707
1.5680604483289453,1.467531059971832e-07,1.7750171573712838e-07,0.99907998456629,-8.356670344516389e-07,-8.356670344516389e-07,2.249227262425237e-07,1.7747382675179875e-07,1.7747382675179875e-07,3.133773927410278e-08,3.074860973994519e-08,3.074860973994518e-08,0.9990805170714372,-1.2566017150312535e-07,-1.2566017150312535e-07,6.61744489501652e-24,37557.46427213894
1.5703630334219392,1.4679586224035186e-07,1.7749797131559198e-07,0.9990789608338344,-8.350142254791228e-07,-8.350142254791228e-07,2.2498841592676426e-07,1.7746861086095311e-07,1.7746861086095311e-07,3.112852788819909e-08,3.0702109075240114e-08,3.0702109075240114e-08,0.9990794933277484,-1.250223402167549e-07,-1.250223402167549e-07,-5.385451287687311e-33,37386.981340374376
1.5726656185149333,1.4683833265726434e-07,1.7749388662364717e-07,0.9990779402592529,-8.343256608359953e-07,-8.343256608359953e-07,2.250536653055171e-07,1.7746332196085565e-07,1.7746332196085565e-07,3.091977296585145e-08,3.0655553966382814e-08,3.065555396638283e-08,0.9990784727409128,-1.243501143414066e-07,-1.243501143414066e-07,-1.3234889806211724e-23,37217.25818446019
1.5749682036079273,1.468805178569152e-07,1.7748946261403355e-07,0.9990769228374999,-8.336095580514208e-07,-8.336095580514208e-07,2.2511847517393887e-07,1.7745797896263256e-07,1.7745797896263256e-07,3.0711473625413564e-08,3.060894475711837e-08,3.060894475711835e-08,0.9990774553058878,-1.2365170759528663e-07,-1.2365170759528663e-07,1.985233469593148e-23,37048.29157971904
1.5772707887009214,1.469224184472325e-07,1.7748470023802886e-07,0.9990759085635014,-8.328744670039633e-07,-8.328744670039633e-07,2.2518284632661205e-07,1.7745259598158464e-07,1.7745259598158464e-07,3.050362898728756e-08,3.056228179079637e-08,3.056228179079636e-08,0.9990764410176021,-1.2293566605184786e-07,-1.2293566605184786e-07,1.3234889795529274e-23,36880.0783132986
1.5795733737939155,1.4696403503507975e-07,1.774796004454474e-07,0.9990748974321552,-8.321291250041249e-07,-8.321291250041249e-07,2.2524677955754294e-07,1.7744718217640034e-07,1.7744718217640034e-07,3.0296238173917025e-08,3.0515565410367654e-08,3.0515565410367654e-08,0.9990754298709565,-1.2221072322233525e-07,-1.2221072322233525e-07,-5.297226844400361e-33,36712.61518415022
1.5818759588869096,1.4700536822625748e-07,1.7747416418463868e-07,0.9990738894383316,-8.313823117380625e-07,-8.313823117380625e-07,2.253102756601594e-07,1.7744174167169553e-07,1.7744174167169553e-07,3.0089300309780696e-08,3.0468795958381196e-08,3.04687959583812e-08,0.9990744218608242,-1.2148565499950774e-07,-1.2148565499950774e-07,-6.617444905699584e-24,36545.89900300778
1.5841785439799034,1.470464186255052e-07,1.7746839240248568e-07,0.9990728845768742,-8.306427064517623e-07,-8.306427064517623e-07,2.2537333542730865e-07,1.774362735634066e-07,1.774362735634066e-07,2.988281452138562e-08,3.04219737769805e-08,3.042197377698048e-08,0.9990734169820513,-1.207691368418196e-07,-1.207691368418196e-07,1.985233469601909e-23,36379.92659236585
1.5864811290728975,1.4708718683650317e-07,1.774622860444035e-07,0.9990718828425988,-8.299187496464944e-07,-8.299187496464944e-07,2.2543595965125514e-07,1.7743077200533069e-07,1.7743077200533069e-07,2.967677993725989e-08,3.0375099207900333e-08,3.0375099207900314e-08,0.999072415229457,-1.2006960546888047e-07,-1.2006960546888047e-07,1.98523346960408e-23,36214.69478645814
1.5887837141658916,1.4712767346187407e-07,1.7745584605433787e-07,0.9990708842302956,-8.292185114173147e-07,-8.292185114173147e-07,2.2549814912367833e-07,1.7742522637372495e-07,1.7742522637372495e-07,2.9471195687946646e-08,3.0328172592463806e-08,3.0328172592463806e-08,0.9990714165978337,-1.1939512719996317e-07,-1.1939512719996317e-07,-5.2102312559520905e-33,36050.20043123499
1.5910862992588857,1.471678791031848e-07,1.7744907337476368e-07,0.9990698887347278,-8.285495683983615e-07,-8.285495683983615e-07,2.2555990463567055e-07,1.774196215057818e-07,1.774196215057818e-07,2.9266060905996977e-08,3.0281194271578894e-08,3.0281194271578874e-08,0.9990704210819479,-1.1875327489930678e-07,-1.1875327489930678e-07,1.985233469608399e-23,35886.44038434133
1.5933888843518798,1.472078043609484e-07,1.7744196894668354e-07,0.9990688963506337,-8.279188910798711e-07,-8.279188910798711e-07,2.2562122697773474e-07,1.7741393800664216e-07,1.7741393800664216e-07,2.9061374725963393e-08,3.023416458573516e-08,3.023416458573513e-08,0.9990694286765405,-1.1815101529313699e-07,-1.1815101529313699e-07,2.6469779596529695e-23,35723.41151509385
1.5956914694448738,1.4724744983462556e-07,1.7743453370962628e-07,0.9990679070727253,-8.273327430457815e-07,-8.273327430457815e-07,2.2568211693978244e-07,1.774081526186832e-07,1.774081526186832e-07,2.8857136284393084e-08,3.018708387500071e-08,3.018708387500072e-08,0.9990684393763264,-1.1759460820727634e-07,-1.1759460820727634e-07,-6.617444905570007e-24,35561.11070445821
1.597994054537868,1.4728681612262666e-07,1.7742676860164573e-07,0.9990669208956903,-8.267965934443572e-07,-8.267965934443572e-07,2.257425753111314e-07,1.7740223864596155e-07,1.7740223864596155e-07,2.865334471982172e-08,3.013995247901908e-08,3.0139952479019064e-08,0.9990674531759961,-1.1708951903777428e-07,-1.1708951903777428e-07,1.3234889795723988e-23,35399.53484502595
1.6002966396308618,1.4732590382231327e-07,1.7741867455931914e-07,0.999065937814191,-8.2631504375259e-07,-8.2631504375259e-07,2.2580260288050363e-07,1.7739616642598677e-07,1.7739616642598677e-07,2.8449999172766282e-08,3.009277073700585e-08,3.009277073700587e-08,0.9990664700702147,-1.1664034551531346e-07,-1.1664034551531346e-07,-1.9852334706375864e-23,35238.680840991256
1.6025992247238559,1.4736471353000015e-07,1.7741025251774596e-07,0.9990649578228658,-8.258917696423649e-07,-8.258917696423649e-07,2.258622004360231e-07,1.7738990384046362e-07,1.7738990384046362e-07,2.824709878571878e-08,3.004553898774581e-08,3.0045538987745814e-08,0.9990654900536233,-1.1625075957138106e-07,-1.1625075957138106e-07,-6.61744490550624e-24,35078.545608127315
1.60490180981685,1.4740324584095678e-07,1.7740150341054635e-07,0.9990639809163285,-8.255294784858462e-07,-8.255294784858462e-07,2.259213687652136e-07,1.7738341685620679e-07,1.7738341685620679e-07,2.8044642703140018e-08,2.999825756958957e-08,2.999825756958956e-08,0.9990645131208388,-1.1592346484366082e-07,-1.1592346484366082e-07,6.617444895363306e-24,34919.126073762614
1.607204394909844,1.4744150134940934e-07,1.7739242816985996e-07,0.9990630070891698,-8.252298827863225e-07,-8.252298827863225e-07,2.2598010865499664e-07,1.7737667008720525e-07,1.7737667008720525e-07,2.7842630071452468e-08,2.9950926820450596e-08,2.9950926820450616e-08,0.9990635392664543,-1.1566017010688269e-07,-1.1566017010688269e-07,-1.985233470631255e-23,34760.41917675708
1.609506980002838,1.4747948064854223e-07,1.773830277263446e-07,0.9990620363359567,-8.249936895489534e-07,-8.249936895489534e-07,2.2603842089168923e-07,1.7736962736867551e-07,1.7736962736867551e-07,2.7641060039034476e-08,2.990354707780241e-08,2.9903547077802384e-08,0.9990625684850398,-1.1546157864357495e-07,-1.1546157864357495e-07,2.6469779596677957e-23,34602.42186747762
1.6118095650958322,1.4751718433049994e-07,1.7737330300917495e-07,0.9990610686512331,-8.248206053728326e-07,-8.248206053728326e-07,2.2609630626100178e-07,1.7736225233401038e-07,1.7736225233401038e-07,2.743993175621336e-08,2.985611867867502e-08,2.9856118678675015e-08,0.9990616007711421,-1.1532739333613278e-07,-1.1532739333613278e-07,6.6174448954261715e-24,34445.1311077741
1.614112150188826,1.475546129863888e-07,1.7736325494604109e-07,0.9990601040295204,-8.247093567890502e-07,-8.247093567890502e-07,2.2615376554803595e-07,1.7735450898568573e-07,1.7735450898568573e-07,2.7239244375258963e-08,2.980864195965228e-08,2.98086419596523e-08,0.9990606361192852,-1.1525633700488589e-07,-1.1525633700488589e-07,-1.9852334706249907e-23,34288.54387095457
1.6164147352818201,1.4759176720627867e-07,1.7735288446314757e-07,0.9990591424653175,-8.246577251664906e-07,-8.246577251664906e-07,2.2621079953728247e-07,1.7734636225151637e-07,1.7734636225151637e-07,2.703899705037742e-08,2.9761117256868927e-08,2.9761117256868907e-08,0.9990596745239708,-1.1524618731390026e-07,-1.1524618731390026e-07,1.985233469631615e-23,34132.65714176043
1.6187173203748142,1.476286475792047e-07,1.7734219248521195e-07,0.9990581839531012,-8.246625952841226e-07,-8.246625952841226e-07,2.2626740901261907e-07,1.7733777851808231e-07,1.7733777851808231e-07,2.6839188937705005e-08,2.971354490600727e-08,2.9713544906007256e-08,0.9990587159796787,-1.1529382534327474e-07,-1.1529382534327474e-07,1.3234889795912586e-23,33977.46791634165
1.6210199054678083,1.4766525469316898e-07,1.7733117993546359e-07,0.9990572284873268,-8.247200164999255e-07,-8.247200164999255e-07,2.2632359475730827e-07,1.773287261336952e-07,1.773287261336952e-07,2.6639819195301205e-08,2.9665925242294584e-08,2.966592524229461e-08,0.9990577604808666,-1.1539529675807116e-07,-1.1539529675807116e-07,-2.646977960661216e-23,33822.973202231566
1.6233224905608024,1.4770158913514244e-07,1.773198477356425e-07,0.999056276062428,-8.248252752744416e-07,-8.248252752744416e-07,2.2637935755399532e-07,1.7731917587392992e-07,1.7731917587392992e-07,2.6440886983142915e-08,2.9618258600500064e-08,2.9618258600500068e-08,0.9990568080219712,-1.1554588433187153e-07,-1.1554588433187153e-07,-3.308722455106876e-24,33669.17001832143
1.6256250756537964,1.477376514910664e-07,1.7730819680599816e-07,0.9990553266728175,-8.249729776761293e-07,-8.249729776761293e-07,2.2643469818470603e-07,1.773091013634815e-07,1.773091013634815e-07,2.6242391463117692e-08,2.9570545314931748e-08,2.9570545314931758e-08,0.9990558585974079,-1.1574019045213666e-07,-1.1574019045213666e-07,-9.926167355510663e-24,33516.05539483497
1.6279276607467905,1.477734423458544e-07,1.7729622806528828e-07,0.9990543803128872,-8.251571403829322e-07,-8.251571403829322e-07,2.264896174308448e-07,1.772984794489151e-07,1.772984794489151e-07,2.6044331799017966e-08,2.9522785719433892e-08,2.9522785719433873e-08,0.9990549122015714,-1.1597222812177907e-07,-1.1597222812177907e-07,1.9852334696418695e-23,33363.62637330281
1.6302302458397844,1.4780896228339382e-07,1.7728394243077768e-07,0.9990534369770087,-8.253712886074223e-07,-8.253712886074223e-07,2.265441160731922e-07,1.7728729051775925e-07,1.7728729051775925e-07,2.5846707156534417e-08,2.947498014738386e-08,2.9474980147383863e-08,0.9990539688288359,-1.1623551888431154e-07,-1.1623551888431154e-07,-3.3087224550457905e-24,33211.880006536405
1.6325328309327785,1.4784421188654773e-07,1.7727134081823723e-07,0.9990524966595334,-8.256085593184664e-07,-8.256085593184664e-07,2.265981948919032e-07,1.772755187602828e-07,1.772755187602828e-07,2.5649516703249703e-08,2.9427128931689527e-08,2.94271289316895e-08,0.9990530284735559,-1.1652319604551747e-07,-1.1652319604551747e-07,2.646977959688342e-23,33060.81335860216
1.6348354160257725,1.4787919173715647e-07,1.7725842414194265e-07,0.999051559354793,-8.258618080958099e-07,-8.258618080958099e-07,2.266518546665049e-07,1.7726315237126946e-07,1.7726315237126946e-07,2.5452759608632724e-08,2.9379232404786172e-08,2.9379232404786175e-08,0.9990520911300653,-1.1682811152803928e-07,-1.1682811152803928e-07,-3.308722455005433e-24,32910.42350479514
1.6371380011187666,1.4791390241603947e-07,1.7724519331467338e-07,0.9990506250570993,-8.261237179526549e-07,-8.261237179526549e-07,2.2670509617589446e-07,1.7725018369001544e-07,1.7725018369001544e-07,2.5256435044031738e-08,2.9331290898633906e-08,2.933129089863391e-08,0.9990511567926792,-1.1714294469396132e-07,-1.1714294469396132e-07,-3.3087224549853635e-24,32760.70753161285
1.6394405862117607,1.4794834450299686e-07,1.7723164924771167e-07,0.9990496937607455,-8.263869084762671e-07,-8.263869084762671e-07,2.26757920198337e-07,1.772366092777817e-07,1.772366092777817e-07,2.506054218266889e-08,2.9283304744714798e-08,2.928330474471481e-08,0.9990502254556932,-1.1746031148542046e-07,-1.1746031148542046e-07,-1.3234889805601698e-23,32611.662536728618
1.6417431713047548,1.4798251857681123e-07,1.7721779285084135e-07,0.9990487654600055,-8.266440436832458e-07,-8.266440436832458e-07,2.2681032751146359e-07,1.772224299328042e-07,1.772224299328042e-07,2.4865080199633665e-08,2.923527427403009e-08,2.9235274274030112e-08,0.9990492971133841,-1.1777287227988046e-07,-1.1777287227988046e-07,-2.3161057156218106e-23,32463.28562896489
1.6440457563977486,1.480164252152494e-07,1.7720362503234683e-07,0.9990478401491348,-8.268879370490878e-07,-8.268879370490878e-07,2.2686231889226906e-07,1.7720765064394535e-07,1.7720765064394535e-07,2.467004827187675e-08,2.918719981709745e-08,2.9187199817097442e-08,0.9990483717600099,-1.1807343691970051e-07,-1.1807343691970051e-07,6.617444895710742e-24,32315.57392826663
1.6463483414907427,1.4805006499506392e-07,1.7718914669901218e-07,0.9990469178223707,-8.271116522585964e-07,-8.271116522585964e-07,2.2691389511711007e-07,1.7719228048486183e-07,1.7719228048486183e-07,2.447544557820434e-08,2.9139081703948247e-08,2.913908170394826e-08,0.9990474493898107,-1.183550654625477e-07,-1.183550654625477e-07,-1.3234889805542142e-23,32168.524565674095
1.6486509265837368,1.48083438491995e-07,1.7717435875611997e-07,0.9990459984739322,-8.273085983283506e-07,-8.273085983283506e-07,2.2696505696170293e-07,1.771763324514438e-07,1.771763324514438e-07,2.428127129927154e-08,2.9090920264124963e-08,2.909092026412497e-08,0.9990465299970084,-1.186111633038707e-07,-1.186111633038707e-07,-6.617444905098212e-24,32022.13468329589
1.6509535116767309,1.481165462807721e-07,1.7715926210745045e-07,0.9990450820980209,-8.274726178720556e-07,-8.274726178720556e-07,2.270158052011216e-07,1.7715982324597688e-07,1.7715982324597688e-07,2.4087524617576735e-08,2.904271582667836e-08,2.904271582667835e-08,0.9990456135758072,-1.1883556944225379e-07,-1.1883556944225379e-07,9.926167345981977e-24,31876.401434281754
1.653256096769725,1.4814938893511555e-07,1.7714385765528046e-07,0.9990441686888211,-8.275980674151247e-07,-8.275980674151247e-07,2.2706614060979565e-07,1.7714277301219122e-07,1.7714277301219122e-07,2.3894204717455688e-08,2.899446872016492e-08,2.8994468720164913e-08,0.999044700120394,-1.1902263679400286e-07,-1.1902263679400286e-07,6.617444895789431e-24,31731.32198279515
1.655558681862719,1.481819670277384e-07,1.7712814630038252e-07,0.9990432582404997,-8.276798888104646e-07,-8.276798888104646e-07,2.2711606396150823e-07,1.7712520502594424e-07,1.7712520502594424e-07,2.37013107850748e-08,2.894617927264412e-08,2.8946179272644117e-08,0.9990437896249386,-1.1916730360893446e-07,-1.1916730360893446e-07,3.3087224455968135e-24,31586.893503985713
1.6578612669557131,1.4821428113034804e-07,1.771121289420239e-07,0.999042350747207,-8.277136709609858e-07,-8.277136709609858e-07,2.2716557602939393e-07,1.7710714534679635e-07,1.7710714534679635e-07,2.3508842008426067e-08,2.889784781167589e-08,2.889784781167586e-08,0.9990428820835938,-1.1926515519289024e-07,-1.1926515519289024e-07,2.977850204731312e-23,31443.11318396166
1.660163852048707,1.4824633181364783e-07,1.7709580647796573e-07,0.999041446203077,-8.276957012180806e-07,-8.276957012180806e-07,2.272146775859369e-07,1.7708862243617423e-07,1.7708862243617423e-07,2.331679757732056e-08,2.884947466431789e-08,2.8849474664317903e-08,0.9990419774904964,-1.1931247530621766e-07,-1.1931247530621766e-07,-1.3234889805424966e-23,31299.978219762084
1.662466437141701,1.4827811964733888e-07,1.7707917980446214e-07,0.999040544602227,-8.276230059855049e-07,-8.276230059855049e-07,2.2726336940296878e-07,1.7706966674812776e-07,1.7706966674812776e-07,2.3125176683382648e-08,2.8801060157123252e-08,2.8801060157123262e-08,0.9990410758397664,-1.1930628676765633e-07,-1.1930628676765633e-07,-9.926167355193577e-24,31157.485819328966
1.6647690222346951,1.4830964520012166e-07,1.7706224981625927e-07,0.9990396459387588,-8.274933802298768e-07,-8.274933802298768e-07,2.2731165225166664e-07,1.770503102989438e-07,1.770503102989438e-07,2.293397852004435e-08,2.8752604616137585e-08,2.87526046161376e-08,0.9990401771255083,-1.1924438096483978e-07,-1.1924438096483978e-07,-1.6543612255598588e-23,31015.63320147931
1.6670716073276892,1.4834090903969777e-07,1.770450174065945e-07,0.9990387502067581,-8.273054057559003e-07,-8.273054057559003e-07,2.27359526902551e-07,1.7703058622199833e-07,1.7703058622199833e-07,2.274320228253875e-08,2.8704108366896746e-08,2.8704108366896726e-08,0.9990392813418104,-1.191253361295223e-07,-1.191253361295223e-07,1.9852334696753767e-23,30874.417595876923
1.6693741924206833,1.4837191173277153e-07,1.7702748346719568e-07,0.9990378574002958,-8.270584582749599e-07,-8.270584582749599e-07,2.2740699412548385e-07,1.7701052831429886e-07,1.7701052831429886e-07,2.255284716789524e-08,2.865557173442414e-08,2.8655571734424146e-08,0.9990383884827462,-1.1894852440617716e-07,-1.1894852440617716e-07,-6.617444904924049e-24,30733.836243004273
1.6716767775136774,1.4840265384505176e-07,1.7700964888828016e-07,0.9990369675134273,-8.267527034398707e-07,-8.267527034398707e-07,2.2745405468966672e-07,1.7699017058110328e-07,1.7699017058110328e-07,2.236291237493255e-08,2.8606995043228427e-08,2.86069950432284e-08,0.999037498542374,-1.1871410788675006e-07,-1.1871410788675006e-07,2.6469779597216057e-23,30593.886394134093
1.6739793626066712,1.484331359412533e-07,1.7699151455855416e-07,0.9990360805401932,-8.263890821782842e-07,-8.263890821782842e-07,2.2750070936363857e-07,1.7696954678488772e-07,1.7696954678488772e-07,2.217339710425404e-08,2.8558378617300875e-08,2.855837861730086e-08,0.9990366115147369,-1.1842302394406754e-07,-1.1842302394406754e-07,1.3234889796386542e-23,30454.565311300998
1.6762819476996653,1.4846335858509886e-07,1.7697308136521176e-07,0.9990351964746198,-8.259692857837623e-07,-8.259692857837623e-07,2.2754695891527386e-07,1.7694869000471058e-07,1.7694869000471058e-07,2.19843005582409e-08,2.8509722780112887e-08,2.8509722780112903e-08,0.9990357273938639,-1.1807696032291526e-07,-1.1807696032291526e-07,-1.6543612255503596e-23,30315.870267272876
1.6785845327926594,1.4849332233932059e-07,1.7695435019393442e-07,0.9990343153107188,-8.254957213607116e-07,-8.254957213607116e-07,2.2759280411178068e-07,1.7692763221173367e-07,1.7692763221173367e-07,2.1795621941047057e-08,2.846102785461384e-08,2.8461027854613837e-08,0.9990348461737695,-1.1767832058497395e-07,-1.1767832058497395e-07,3.3087224457878563e-24,30177.798545522382
1.6808871178856535,1.4852302776566183e-07,1.7693532192889007e-07,0.9990334370424883,-8.249714683265859e-07,-8.249714683265859e-07,2.276382457196987e-07,1.7690640386629963e-07,1.7690640386629963e-07,2.1607360458593255e-08,2.841229416322825e-08,2.8412294163228236e-08,0.999033967848454,-1.1723018061102566e-07,-1.1723018061102566e-07,1.3234889796442907e-23,30040.347440197987
1.6831897029786476,1.4855247542487866e-07,1.7691599745273234e-07,0.9990325616639121,-8.244002267806638e-07,-8.244002267806638e-07,2.276832845048972e-07,1.7688503354153876e-07,1.7688503354153876e-07,2.141951531856127e-08,2.836352202785368e-08,2.8363522027853687e-08,0.9990330924119044,-1.1673623696973438e-07,-1.1673623696973438e-07,-6.617444904811106e-24,29903.514256095375
1.6854922880716416,1.4858166587674162e-07,1.7689637764660003e-07,0.9990316891689612,-8.237862586336925e-07,-8.237862586336925e-07,2.2772792123257324e-07,1.7686354757799857e-07,1.7686354757799857e-07,2.1232085730388538e-08,2.83147117698584e-08,2.831471176985841e-08,0.9990322198580942,-1.162007480472924e-07,-1.162007480472924e-07,-9.926167355004637e-24,29767.29630862842
1.6877948731646355,1.4861059968003747e-07,1.7687646339011628e-07,0.999030819551593,-8.231343224637098e-07,-8.231343224637098e-07,2.2777215666724962e-07,1.7684196977326692e-07,1.7684196977326692e-07,2.1045070905262075e-08,2.826586371007883e-08,2.8265863710078813e-08,0.9990313501809832,-1.1562846890324463e-07,-1.1562846890324463e-07,1.654361224671076e-23,29631.69092380012
1.6900974582576296,1.486392773925707e-07,1.7685625556138795e-07,0.9990299528057519,-8.224496031220396e-07,-8.224496031220396e-07,2.27815991572773e-07,1.768203211099851e-07,1.768203211099851e-07,2.0858470056112827e-08,2.821697816881727e-08,2.821697816881726e-08,0.9990304833745186,-1.1502458087648775e-07,-1.1502458087648775e-07,9.926167346304982e-24,29496.69543817367
1.6924000433506237,1.4866769957116526e-07,1.7683575503700498e-07,0.99902908892537,-8.217376371506711e-07,-8.217376371506711e-07,2.27859426712312e-07,1.7679861952506933e-07,1.7679861952506933e-07,2.0672282397610688e-08,2.8168055465839695e-08,2.8168055465839724e-08,0.9990296194326351,-1.1439461700265119e-07,-1.1439461700265119e-07,-2.9778502056221973e-23,29362.307198842995
1.6947026284436177,1.4869586677166625e-07,1.7681496269203974e-07,0.9990282279043665,-8.210042351007713e-07,-8.210042351007713e-07,2.2790246284835533e-07,1.767768797223228e-07,1.767768797223228e-07,2.0486507146158128e-08,2.811909592037348e-08,2.8119095920373496e-08,0.9990287583492546,-1.137443843326123e-07,-1.137443843326123e-07,-1.6543612255355222e-23,29228.523563403876
1.6970052135366118,1.487237795489415e-07,1.7679387940004643e-07,0.9990273697366489,-8.202554018479471e-07,-8.202554018479471e-07,2.2794510074270976e-07,1.767551130300243e-07,1.767551130300243e-07,2.0301143519885103e-08,2.8070099851104894e-08,2.8070099851104927e-08,0.999027900118287,-1.1307988424776138e-07,-1.1307988424776138e-07,-3.308722450639754e-23,29095.341899924264
1.699307798629606,1.487514384568833e-07,1.7677250603306052e-07,0.9990265144161123,-8.194972559979486e-07,-8.194972559979486e-07,2.2798734115649837e-07,1.7673332730441453e-07,1.7673332730441453e-07,2.0116190738643455e-08,2.8021067576177203e-08,2.802106757617721e-08,0.9990270447336305,-1.1240723186570658e-07,-1.1240723186570658e-07,-6.617444904682483e-24,28962.759586915156
1.7016103837226,1.4877884404840997e-07,1.7675084346159807e-07,0.9990256619366408,-8.18735949453765e-07,-8.18735949453765e-07,2.2802918485015862e-07,1.7671152687942256e-07,1.7671152687942256e-07,1.9931648024001012e-08,2.7971999413188095e-08,2.79719994131881e-08,0.9990261921891712,-1.1173257560737274e-07,-1.1173257560737274e-07,-6.617444904664381e-24,28830.774013300896
1.7039129688155938,1.4880599687546758e-07,1.767288925546553e-07,0.9990248122921064,-8.179775881840319e-07,-8.179775881840319e-07,2.2807063258344044e-07,1.7668971256232036e-07,1.7668971256232036e-07,1.9747514599236625e-08,2.7922895679187755e-08,2.7922895679187725e-08,0.999025342478784,-1.1106201796541073e-07,-1.1106201796541073e-07,2.977850204768687e-23,28699.3825783897
1.706215553908588,1.4883289748903152e-07,1.7670665417970795e-07,0.9990239654763703,-8.172281551855637e-07,-8.172281551855637e-07,2.281116851154045e-07,1.7666788167445056e-07,1.7666788167445056e-07,1.9563789689334333e-08,2.787375669067642e-08,2.7873756690676426e-08,0.9990244955963329,-1.1040153846673189e-07,-1.1040153846673189e-07,-6.61744490462838e-24,28568.582691844083
1.708518139001582,1.4885954643910817e-07,1.7668412920271085e-07,0.9990231214832828,-8.164934365761525e-07,-8.164934365761525e-07,2.2815234320442014e-07,1.7664602813557718e-07,1.7664602813557718e-07,1.938047252097801e-08,2.7824582763602665e-08,2.7824582763602682e-08,0.9990236515356704,-1.0975691976530908e-07,-1.0975691976530908e-07,-1.6543612255246812e-23,28438.371773651128
1.710820724094576,1.488859442747366e-07,1.7666131848809735e-07,0.9990222803066835,-8.15778951686155e-07,-8.15778951686155e-07,2.2819260760816382e-07,1.7662414258991185e-07,1.7662414258991185e-07,1.919756232254591e-08,2.777537421336074e-08,2.7775374213360746e-08,0.999022810290639,-1.091336777337656e-07,-1.091336777337656e-07,-6.617444904592648e-24,28308.747254092803
1.7131233091875702,1.489120915439901e-07,1.7663822289877886e-07,0.9990214419404014,-8.150898879405869e-07,-8.150898879405869e-07,2.28232479083617e-07,1.7660221257137045e-07,1.7660221257137045e-07,1.9015058324105356e-08,2.772613135478875e-08,2.7726131354788768e-08,0.9990219718550701,-1.0853699634547144e-07,-1.0853699634547144e-07,-1.6543612255211215e-23,28179.706573716066
1.7154258942805642,1.4893798879397786e-07,1.7661484329614435e-07,0.9990206063782557,-8.144310412391873e-07,-8.144310412391873e-07,2.2827195838706444e-07,1.7658022270517996e-07,1.7658022270517996e-07,1.883295975740716e-08,2.7676854502166504e-08,2.767685450216649e-08,0.9990211362227857,-1.079716680546099e-07,-1.079716680546099e-07,1.323488979671548e-23,28051.247183303083
1.717728479373558,1.4896363657084662e-07,1.7659118054006e-07,0.9990197736140555,-8.138067624521068e-07,-8.138067624521068e-07,2.2831104627409252e-07,1.7655815494257325e-07,1.7655815494257325e-07,1.8651265855880505e-08,2.7627543969213348e-08,2.762754396921337e-08,0.9990203033875971,-1.0744204029186686e-07,-1.0744204029186686e-07,-2.3161057155600104e-23,27923.36654384132
1.7200310644665522,1.4898903541978226e-07,1.765672354888687e-07,0.9990189436415997,-8.132209105516437e-07,-8.132209105516437e-07,2.2834974349958718e-07,1.7653598882496064e-07,1.7653598882496064e-07,1.8469975854627158e-08,2.7578200069086447e-08,2.7578200069086437e-08,0.9990194733433062,-1.0695196859616893e-07,-1.0695196859616893e-07,9.926167346538568e-24,27796.062126493383
1.7223336495595463,1.490141858850114e-07,1.7654300899938955e-07,0.9990181164546784,-8.126768128043658e-07,-8.126768128043658e-07,2.2838805081773235e-07,1.7651370177370424e-07,1.7651370177370424e-07,1.8289088990416826e-08,2.7528823114378165e-08,2.7528823114378142e-08,0.9990186460837054,-1.0650477680680759e-07,-1.0650477680680759e-07,2.316105714740451e-23,27669.331412567364
1.7246362346525403,1.4903908850980315e-07,1.7651850192691772e-07,0.9990172920470723,-8.121772323431065e-07,-8.121772323431065e-07,2.2842596898200796e-07,1.764912694013771e-07,1.764912694013771e-07,1.810860450168111e-08,2.747941341711457e-08,2.7479413417114566e-08,0.9990178216025781,-1.0610322463543562e-07,-1.0610322463543562e-07,3.308722446149278e-24,27543.17189348648
1.7269388197455344,1.490637438364705e-07,1.7649371512522383e-07,0.9990164704125529,-8.11724343341657e-07,-8.11724343341657e-07,2.2846349874518844e-07,1.764686658402461e-07,1.764686658402461e-07,1.7928521628508787e-08,2.742997128875336e-08,2.7429971288753322e-08,0.9990169998936983,-1.0574948284076165e-07,-1.0574948284076165e-07,3.6395946948287754e-23,27417.58107075906
1.7292414048385285,1.490881524063722e-07,1.7646864944655367e-07,0.9990156515448831,-8.113197139076603e-07,-8.113197139076603e-07,2.285006408593406e-07,1.7644586408358688e-07,1.7644586408358688e-07,1.7748839612640293e-08,2.7380497040181464e-08,2.738049704018147e-08,0.9990161809508314,-1.0544511612144562e-07,-1.0544511612144562e-07,-6.617444904452385e-24,27292.556455948372
1.7315439899315224,1.4911231475991412e-07,1.7644330574162788e-07,0.9990148354378172,-8.109642967171374e-07,-8.109642967171374e-07,2.2853739607582222e-07,1.764228363354119e-07,1.764228363354119e-07,1.7569557697462436e-08,2.7330990981713752e-08,2.7330990981713765e-08,0.9990153647677344,-1.0519107375062586e-07,-1.0519107375062586e-07,-1.323488980485937e-23,27168.09557064248
1.7338465750245164,1.4913623143655102e-07,1.7641768485964172e-07,0.999014022085101,-8.106584273107222e-07,-8.106584273107222e-07,2.285737651452801e-07,1.7639955436417916e-07,1.7639955436417916e-07,1.7390675128003502e-08,2.7281453423090707e-08,2.72814534230907e-08,0.9990145513381556,-1.0498768787215527e-07,-1.0498768787215527e-07,6.6174448964304654e-24,27044.195946423926
1.7361491601175105,1.491599029747881e-07,1.7639178764826455e-07,0.9990132114804726,-8.104018298862182e-07,-8.104018298862182e-07,2.2860974881764836e-07,1.763759898561249e-07,1.763759898561249e-07,1.7212191150927573e-08,2.7231884673476444e-08,2.7231884673476444e-08,0.9990137406558356,-1.0483467929316006e-07,-1.0483467929316006e-07,-3.976650157448196e-33,26920.855124839574
1.7384517452105046,1.4918332991218264e-07,1.7636561495363973e-07,0.9990124036176619,-8.101936303300132e-07,-8.101936303300132e-07,2.286453478421468e-07,1.7635211476396634e-07,1.7635211476396634e-07,1.7034105014529883e-08,2.7182285041457114e-08,2.7182285041457088e-08,0.9990129327145068,-1.047311705154543e-07,-1.047311705154543e-07,2.6469779597737277e-23,26798.07065737026
1.7407543303034987,1.492065127853455e-07,1.763391676203843e-07,0.9990115984903911,-8.10032376152773e-07,-8.10032376152773e-07,2.28680562967279e-07,1.763279016468864e-07,1.763279016468864e-07,1.6856415968731232e-08,2.7132654835038793e-08,2.71326548350388e-08,0.999012127507894,-1.046757056712358e-07,-1.046757056712358e-07,-6.617444904366854e-24,26675.840105400308
1.7430569153964928,1.4922945212994279e-07,1.7631244649158867e-07,0.9990107960923753,-8.099160629188419e-07,-8.099160629188419e-07,2.2871539494083088e-07,1.7630332399791571e-07,1.7630332399791571e-07,1.6679123265072955e-08,2.7082994361645878e-08,2.7082994361645888e-08,0.9990113250297148,-1.0466627695248716e-07,-1.0466627695248716e-07,-9.926167354562054e-24,26554.161040187377
1.7453595004894868,1.4925214848069752e-07,1.7628545240881653e-07,0.9990099964173222,-8.098421666925637e-07,-8.098421666925637e-07,2.2874984450986878e-07,1.762783565550767e-07,1.762783565550767e-07,1.6502226156712074e-08,2.703330392811901e-08,2.7033303928119003e-08,0.9990105252736795,-1.047003570572976e-07,-1.047003570572976e-07,6.617444896515347e-24,26433.031042832026
1.7476620855824807,1.4927460237139108e-07,1.7625818621210446e-07,0.9990091994589325,-8.098076819674653e-07,-8.098076819674653e-07,2.2878391242073788e-07,1.7625297559293373e-07,1.7625297559293373e-07,1.6325723898416012e-08,2.6983583840713388e-08,2.6983583840713388e-08,0.9990097282334911,-1.0477493711904748e-07,-1.0477493711904748e-07,-3.8920917922046046e-33,26312.447704247123
1.7499646706754748,1.4929681433486482e-07,1.7623064873996187e-07,0.9990084052109001,-8.09809164491793e-07,-8.09809164491793e-07,2.288175994190605e-07,1.7622715919151584e-07,1.7622715919151584e-07,1.6149615746557355e-08,2.6933834405097052e-08,2.6933834405097055e-08,0.9990089339028463,-1.0488656953194551e-07,-1.0488656953194551e-07,-3.3087224540874834e-24,26192.40862512758
1.7522672557684689,1.4931878490302174e-07,1.7620284082937073e-07,0.9990076136669122,-8.098427783655554e-07,-8.098427783655554e-07,2.2885090624973447e-07,1.7620088747991089e-07,1.7620088747991089e-07,1.5973900959109103e-08,2.6884055926349012e-08,2.6884055926348985e-08,0.9990081422754347,-1.0503141504807249e-07,-1.0503141504807249e-07,2.6469779597838167e-23,26072.911415919818
1.754569840861463,1.4934051460682806e-07,1.7617476331578552e-07,0.99900682482065,-8.09904346748312e-07,-8.09904346748312e-07,2.2888383365693144e-07,1.761741428522086e-07,1.761741428522086e-07,1.5798578795639606e-08,2.683424870895748e-08,2.6834248708957458e-08,0.99900735334494,-1.0520529348516988e-07,-1.0520529348516988e-07,2.3161057147642648e-23,25953.953696791246
1.756872425954457,1.4936200397631465e-07,1.7614641703313296e-07,0.9990060386657881,-8.099894054971548e-07,-8.099894054971548e-07,2.2891638238409518e-07,1.7614691015383305e-07,1.7614691015383305e-07,1.5623648517307345e-08,2.6784413056818314e-08,2.6784413056818308e-08,0.9990065671050392,-1.05403737364623e-07,-1.05403737364623e-07,6.617444896598622e-24,25835.533097599822
1.759175011047451,1.4938325354057878e-07,1.7611780281381196e-07,0.9990052551959955,-8.100932590358081e-07,-8.100932590358081e-07,2.2894855317394014e-07,1.7611917683672188e-07,1.7611917683672188e-07,1.5449109386856093e-08,2.6734549273233174e-08,2.6734549273233174e-08,0.999005783549404,-1.0562204778056027e-07,-1.0562204778056027e-07,-3.809134456086812e-33,25717.647257863402
1.761477596140445,1.494042638277856e-07,1.7608892148869348e-07,0.9990044744049352,-8.102110377536038e-07,-8.102110377536038e-07,2.2898034676844964e-07,1.7609093308218317e-07,1.7609093308218317e-07,1.5274960668610172e-08,2.6684657660907877e-08,2.6684657660907863e-08,0.9990050026716997,-1.0585535179882994e-07,-1.0585535179882994e-07,1.3234889797055709e-23,25600.29382672932
1.763780181233439,1.4942503536516972e-07,1.760597738871205e-07,0.9990036962862651,-8.103377562325424e-07,-8.103377562325424e-07,2.2901176390887432e-07,1.7606217189069018e-07,1.7606217189069018e-07,1.5101201628469117e-08,2.6634738521950764e-08,2.6634738521950784e-08,0.9990042244655867,-1.0609866068406035e-07,-1.0609866068406035e-07,-1.985233470504906e-23,25483.470462943755
1.7660827663264331,1.4944556867903682e-07,1.760303608369078e-07,0.9990029208336372,-8.104683716136601e-07,-8.104683716136601e-07,2.2904280533573056e-07,1.76032889138249e-07,1.76032889138249e-07,1.4927831533902785e-08,2.6584792157870966e-08,2.658479215787099e-08,0.9990034489247197,-1.0634692826602883e-07,-1.0634692826602883e-07,-2.3161057155244893e-23,25367.17483482123
1.7683853514194272,1.494658642947652e-07,1.7600068316434213e-07,0.9990021480406985,-8.105978414308783e-07,-8.105978414308783e-07,2.290734717887989e-07,1.760030835993848e-07,1.760030835993848e-07,1.4754849653946842e-08,2.6534818869576918e-08,2.6534818869576935e-08,0.9990026760427481,-1.0659510877350975e-07,-1.0659510877350975e-07,-1.654361225480446e-23,25251.40462021392
1.7706879365124213,1.4948592273680725e-07,1.7597074169418196e-07,0.9990013779010916,-8.107211802670241e-07,-8.107211802670241e-07,2.2910376400712238e-07,1.7597275693715998e-07,1.7597275693715998e-07,1.4582255259197634e-08,2.6484818957374695e-08,2.6484818957374702e-08,0.9990019058133166,-1.0683821349029623e-07,-1.0683821349029623e-07,-6.617444904151977e-24,25136.157506481184
1.7729905216054154,1.4950574452869124e-07,1.759405372496575e-07,0.9990006104084534,-8.108335146183059e-07,-8.108335146183059e-07,2.291336827290051e-07,1.7594191366100705e-07,1.7594191366100705e-07,1.44100476218072e-08,2.6434792720966282e-08,2.6434792720966252e-08,0.9990011382300652,-1.0707136561967596e-07,-1.0707136561967596e-07,2.9778502048197326e-23,25021.431190458894
1.7752931066984095,1.4952533019302257e-07,1.759100706524708e-07,0.9989998455564173,-8.109301353923753e-07,-8.109301353923753e-07,2.291632286920106e-07,1.7591056105350447e-07,1.7591056105350447e-07,1.423822601547871e-08,2.6384740459448234e-08,2.6384740459448237e-08,0.9990003732866293,-1.0728985278249205e-07,-1.0728985278249205e-07,-3.308722453907751e-24,24907.223378428862
1.7775956917914033,1.4954468025148557e-07,1.758793427227957e-07,0.9989990833386114,-8.11006547507965e-07,-8.11006547507965e-07,2.2919240263296017e-07,1.758787090675388e-07,1.758787090675388e-07,1.4066789715461354e-08,2.63346624713101e-08,2.6334662471310118e-08,0.9989996109766396,-1.0748917661678223e-07,-1.0748917661678223e-07,-1.654361225474023e-23,24793.531786088213
1.7798982768843974,1.49563795224845e-07,1.758483542792778e-07,0.9989983237486605,-8.110585161132049e-07,-8.110585161132049e-07,2.2922120528793166e-07,1.7584637019560393e-07,1.7584637019560393e-07,1.389573799854583e-08,2.6284559054432778e-08,2.6284559054432787e-08,0.9989988512937233,-1.0766509899609377e-07,-1.0766509899609377e-07,-9.926167354300106e-24,24680.354138518807
1.7822008619773915,1.4958267563294747e-07,1.7581710613903456e-07,0.9989975667801847,-8.110821089904877e-07,-8.110821089904877e-07,2.2924963739225757e-07,1.7581355931324102e-07,1.7581355931324102e-07,1.372507014305942e-08,2.6234430506087095e-08,2.623443050608709e-08,0.9989980942315031,-1.0781368443434942e-07,-1.0781368443434942e-07,3.308722446564179e-24,24567.688170156576
1.7845034470703856,1.4960132199472322e-07,1.7578559911765538e-07,0.9989968124268008,-8.110737347728726e-07,-8.110737347728726e-07,2.292776996805238e-07,1.7578029349887745e-07,1.7578029349887745e-07,1.3554785428861153e-08,2.6184277122932165e-08,2.618427712293216e-08,0.9989973397835982,-1.0793133830225113e-07,-1.0793133830225113e-07,6.61744489679207e-24,24455.531624761017
1.7868060321633796,1.4961973482818742e-07,1.7575383402920165e-07,0.9989960606821218,-8.11030176652114e-07,-8.11030176652114e-07,2.2930539288656804e-07,1.7574659183250923e-07,1.7574659183250923e-07,1.3384883137337278e-08,2.6134099201014255e-08,2.6134099201014235e-08,0.9989965879436239,-1.0801484053530736e-07,-1.0801484053530736e-07,1.9852334697656232e-23,24343.882255384473
1.7891086172563737,1.4963791465044188e-07,1.7572181168620685e-07,0.9989953115397572,-8.109486213208656e-07,-8.109486213208656e-07,2.293327177434783e-07,1.7571247517586414e-07,1.7571247517586414e-07,1.3215362551396355e-08,2.6083897035764954e-08,2.6083897035764968e-08,0.9989958387051923,-1.0806137457603824e-07,-1.0806137457603824e-07,-1.3234889804449217e-23,24232.737824341675
1.7914112023493676,1.4965586197767656e-07,1.7568953289967663e-07,0.9989945649933136,-8.108266829481639e-07,-8.108266829481639e-07,2.2935967498359146e-07,1.7567796593680044e-07,1.7567796593680044e-07,1.3046222955464705e-08,2.6033670922000082e-08,2.6033670922000075e-08,0.9989950920619123,-1.0806855134945734e-07,-1.0806855134945734e-07,6.617444896839045e-24,24122.096103178974
1.7937137874423617,1.4967357732517105e-07,1.75656998479089e-07,0.9989938210363943,-8.1066242205148e-07,-8.1066242205148e-07,2.2938626533849167e-07,1.7564308782081755e-07,1.7564308782081755e-07,1.2877463635481589e-08,2.5983421153917934e-08,2.598342115391795e-08,0.9989943480073897,-1.0803442813512401e-07,-1.0803442813512401e-07,-1.6543612254630192e-23,24011.95487264384
1.7960163725353557,1.4969106120729614e-07,1.7562420923239442e-07,0.9989930796625998,-8.104543591853965e-07,-8.104543591853965e-07,2.2941248953900912e-07,1.756078655726103e-07,1.756078655726103e-07,1.2709083878894684e-08,2.5933148025098263e-08,2.593314802509828e-08,0.9989936065352275,-1.079575222558188e-07,-1.079575222558188e-07,-1.6543612254614717e-23,23902.311922654353
1.7983189576283498,1.4970831413751544e-07,1.7559116596601603e-07,0.9989923408655279,-8.102014834277635e-07,-8.102014834277635e-07,2.294383483152183e-07,1.7557232471064287e-07,1.7557232471064287e-07,1.2541082974655277e-08,2.5882851828500584e-08,2.588285182850059e-08,0.9989928676390258,-1.0783681956369936e-07,-1.0783681956369936e-07,-6.61744490396297e-24,23793.165052268516
1.800621542721344,1.4972533662838672e-07,1.7555786948484972e-07,0.998991604638774,-8.0990325570058e-07,-8.0990325570058e-07,2.2946384239643684e-07,1.7553649125771475e-07,1.7553649125771475e-07,1.2373460213213921e-08,2.5832532856462992e-08,2.5832532856463005e-08,0.9989921313123825,-1.0767177776118113e-07,-1.0767177776118113e-07,-1.3234889804371834e-23,23684.512069653792
1.802924127814338,1.4974212919156366e-07,1.755243205922644e-07,0.9989908709759311,-8.095596070172809e-07,-8.095596070172809e-07,2.294889725112239e-07,1.7550039147046255e-07,1.7550039147046255e-07,1.2206214886515503e-08,2.578219140070073e-08,2.578219140070073e-08,0.9989913975488929,-1.0746232464822335e-07,-1.0746232464822335e-07,-3.508095582696395e-33,23576.350792056455
1.805226712907332,1.4975869233779717e-07,1.7549052009010223e-07,0.99899013987059,-8.091709318010834e-07,-8.091709318010834e-07,2.295137393873789e-07,1.7546405157068036e-07,1.7546405157068036e-07,1.2039346287994965e-08,2.573182775230506e-08,2.573182775230506e-08,0.9989906663421503,-1.0720885144067453e-07,-1.0720885144067453e-07,-3.492859003372744e-33,23468.679045771176
1.807529298000326,1.497750265769371e-07,1.7545646877867875e-07,0.9989894113163397,-8.087380764661073e-07,-8.087380764661073e-07,2.2953814375193994e-07,1.7542749748124953e-07,1.7542749748124953e-07,1.1872853712572397e-08,2.5681442201741628e-08,2.568144220174164e-08,0.998989937685746,-1.0691220135139235e-07,-1.0691220135139235e-07,-1.3234889804326125e-23,23361.494666110422
1.80983188309332,1.4979113241793362e-07,1.754221674567832e-07,0.9989886853067671,-8.082623234999757e-07,-8.082623234999757e-07,2.2956218633118248e-07,1.753907545693521e-07,1.753907545693521e-07,1.170673645664906e-08,2.5631035038849597e-08,2.5631035038849584e-08,0.9989892115732695,-1.0657365367284284e-07,-1.0657365367284284e-07,1.3234889797385879e-23,23254.795497374
1.812134468186314,1.4980701036883885e-07,1.7538761692167883e-07,0.9989879618354578,-8.077453713249625e-07,-8.077453713249625e-07,2.2958586785061812e-07,1.753538473994992e-07,1.753538473994992e-07,1.1540993818102092e-08,2.5580606552839984e-08,2.5580606552839978e-08,0.9989884879983085,-1.0619490363824713e-07,-1.0619490363824713e-07,6.617444896976716e-24,23148.579392818534
1.8144370532793082,1.4982266093680824e-07,1.7535281796910296e-07,0.9989872408959957,-8.0718931025436e-07,-8.0718931025436e-07,2.296091890349929e-07,1.7531679949873905e-07,1.7531679949873905e-07,1.1375625096280668e-08,2.5530157032294714e-08,2.5530157032294724e-08,0.9989877669544496,-1.0577803837794818e-07,-1.0577803837794818e-07,-9.926167354068837e-24,23042.844214627057
1.8167396383723022,1.4983808462810223e-07,1.7531777139326752e-07,0.9989865224819634,-8.065965948891743e-07,-8.065965948891743e-07,2.2963215060828622e-07,1.7527963313622673e-07,1.7527963313622673e-07,1.1210629592001352e-08,2.5479686765165313e-08,2.5479686765165294e-08,0.9989870484352776,-1.0532550931610419e-07,-1.0532550931610419e-07,1.98523346978551e-23,22937.58783387857
1.8190422234652963,1.4985328194808774e-07,1.7528247798685922e-07,0.9989858065869427,-8.059700133312562e-07,-8.059700133312562e-07,2.2965475329370942e-07,1.7524236911912972e-07,1.7524236911912972e-07,1.1046006607543208e-08,2.5429196038771496e-08,2.5429196038771482e-08,0.9989863324343766,-1.0484010138381935e-07,-1.0484010138381935e-07,1.3234889797445761e-23,22832.808130517547
1.8213448085582902,1.4986825340123953e-07,1.7524693854103985e-07,0.9989850932045139,-8.053126536077312e-07,-8.053126536077312e-07,2.2967699781370436e-07,1.7520502660663248e-07,1.7520502660663248e-07,1.0881755446644036e-08,2.5378685139800334e-08,2.5378685139800327e-08,0.9989856189453296,-1.0432489944357179e-07,-1.0432489944357179e-07,6.617444897036363e-24,22728.50299332363
1.8236473936512843,1.498829994911419e-07,1.7521115384544674e-07,0.9989843823282569,-8.046278677220614e-07,-8.046278677220614e-07,2.2969888488994215e-07,1.751676229435654e-07,1.751676229435654e-07,1.0717875414495383e-08,2.5328154354304822e-08,2.5328154354304832e-08,0.9989849079617185,-1.037832523402744e-07,-1.037832523402744e-07,-9.926167354009425e-24,22624.67031988113
1.8259499787442783,1.498975207204901e-07,1.75175124688193e-07,0.998983673951751,-8.03919233757432e-07,-8.03919233757432e-07,2.2972041524332185e-07,1.7513017351495252e-07,1.7513017351495252e-07,1.0554365817738507e-08,2.5277603967702914e-08,2.5277603967702888e-08,0.9989841994771251,-1.0321873500466007e-07,-1.0321873500466007e-07,2.64697795983385e-23,22521.308016548905
1.8282525638372724,1.4991181759109183e-07,1.7513885185586788e-07,0.9989829680685746,-8.031905164671115e-07,-8.031905164671115e-07,2.2974158959396913e-07,1.7509269162252079e-07,1.7509269162252079e-07,1.0391225964459776e-08,2.5227034264776076e-08,2.522703426477605e-08,0.9989834934851302,-1.0263510904363995e-07,-1.0263510904363995e-07,2.6469779598353148e-23,22418.413998429773
1.8305551489302665,1.4992589060386875e-07,1.7510233613353726e-07,0.9989822646723061,-8.0244562678878e-07,-8.0244562678878e-07,2.2976240866123501e-07,1.750551883839681e-07,1.750551883839681e-07,1.0228455164186172e-08,2.5176445529668488e-08,2.5176445529668508e-08,0.9989827899793146,-1.0203628225463096e-07,-1.0203628225463096e-07,-1.9852334704601808e-23,22315.9861893404
1.8328577340232606,1.49939740258858e-07,1.7506557830474397e-07,0.9989815637565238,-8.016885807181599e-07,-8.016885807181599e-07,2.2978287316369452e-07,1.75017672655538e-07,1.75017672655538e-07,1.0066052727881515e-08,2.5125838045885986e-08,2.5125838045885976e-08,0.9989820889532587,-1.0142626749918403e-07,-1.0142626749918403e-07,9.926167347321723e-24,22214.022521781
1.8351603191162544,1.4995336705521368e-07,1.7502857915150818e-07,0.9989808653148057,-8.009234579713779e-07,-8.009234579713779e-07,2.298029838191455e-07,1.7498015097819649e-07,1.7498015097819649e-07,9.904017967941368e-09,2.5075212096294493e-08,2.5075212096294497e-08,0.9989813904005431,-1.0080914136534518e-07,-1.0080914136534518e-07,-3.308722453512241e-24,22112.520936905003
1.8374629042092485,1.4996677149120833e-07,1.7499133945432793e-07,0.9989801693407302,-8.00154360854825e-07,-8.00154360854825e-07,2.298227413446073e-07,1.7494262754747025e-07,1.7494262754747025e-07,9.742350198189273e-09,2.502456796311959e-08,2.50245679631196e-08,0.9989806943147486,-1.0018900303751332e-07,-1.0018900303751332e-07,-9.926167353922043e-24,22011.479384488957
1.8397654893022426,1.4997995406423441e-07,1.7495385999217939e-07,0.9989794758278758,-7.993853737473069e-07,-7.993853737473069e-07,2.298421464563195e-07,1.7490510420675772e-07,1.7490510420675772e-07,9.581048733872157e-09,2.4973905927944967e-08,2.497390592794497e-08,0.9989800006894558,-9.956993377858936e-08,-9.956993377858936e-08,-3.308722453483458e-24,21910.895822902374
1.8420680743952367,1.4999291527080582e-07,1.749161415425176e-07,0.9989787847698218,-7.986205235812599e-07,-7.986205235812599e-07,2.2986119986974074e-07,1.748675804637086e-07,1.748675804637086e-07,9.420112891656283e-09,2.4923226271711775e-08,2.4923226271711775e-08,0.9989793095182464,-9.895595741118953e-08,-9.895595741118953e-08,-3.257040630725649e-33,21810.768219077476
1.8443706594882308,1.5000565560655939e-07,1.7487818488127663e-07,0.9989780961601475,-7.978637416884891e-07,-7.978637416884891e-07,2.2987990229954744e-07,1.748300535290344e-07,1.748300535290344e-07,9.259541989622703e-09,2.4872529274717242e-08,2.4872529274717242e-08,0.9989786207947022,-9.835100216338261e-08,-9.835100216338261e-08,-3.24279072039696e-33,21711.094548479166
1.8466732445812248,1.500181755662563e-07,1.7483999078287035e-07,0.9989774099924336,-7.971188273520291e-07,-7.971188273520291e-07,2.298982544596326e-07,1.747925183769247e-07,1.747925183769247e-07,9.099335347263397e-09,2.4821815216614068e-08,2.4821815216614038e-08,0.9989779345124059,-9.775886422054769e-08,-9.775886422054769e-08,2.97785020486804e-23,21611.872795074923
1.848975829674219,1.5003047564378364e-07,1.748015600201927e-07,0.9989767262602612,-7.963894133784514e-07,-7.963894133784514e-07,2.2991625706310457e-07,1.7475496782603415e-07,1.7475496782603415e-07,8.93949228547668e-09,2.4771084376409078e-08,2.477108437640907e-08,0.9989772506649413,-9.718317329768057e-08,-9.718317329768057e-08,6.6174448972097616e-24,21513.100951304852
1.8512784147672128,1.5004255633215578e-07,1.7476289336461843e-07,0.9989760449572128,-7.956789339764027e-07,-7.956789339764027e-07,2.2993391082228597e-07,1.7471739263984777e-07,1.7471739263984777e-07,8.780012126563184e-09,2.472033703246265e-08,2.4720337032462647e-08,0.998976569245893,-9.662736051792898e-08,-9.662736051792898e-08,3.308722447011732e-24,21414.777018051558
1.8535809998602069,1.5005441812351597e-07,1.7472399158600338e-07,0.998975366076872,-7.949905951957843e-07,-7.949905951957843e-07,2.299512164487123e-07,1.7467978164505852e-07,1.7467978164505852e-07,8.620894194221585e-09,2.46695734624874e-08,2.466957346248741e-08,0.9989758902488467,-9.609462885177084e-08,-9.609462885177084e-08,-9.926167353822686e-24,21316.899004610226
1.855883584953201,1.5006606150913774e-07,1.7468485545268525e-07,0.9989746896128233,-7.943273481499424e-07,-7.943273481499424e-07,2.2996817465313097e-07,1.7464212186646168e-07,1.7464212186646168e-07,8.462137813544445e-09,2.4618793943547528e-08,2.4618793943547515e-08,0.9989752136673897,-9.558792633920135e-08,-9.558792633920135e-08,1.3234889797676058e-23,21219.4649286588
1.858186170046195,1.5007748697942633e-07,1.746454857314841e-07,0.9989740155586535,-7.936918652094656e-07,-7.936918652094656e-07,2.2998478614549995e-07,1.7460439867674172e-07,1.7460439867674172e-07,8.30374231101427e-09,2.456799875205774e-08,2.4567998752057768e-08,0.9989745394951107,-9.510992228352918e-08,-9.510992228352918e-08,-2.6469779604855357e-23,21122.472816227906
1.860488755139189,1.5008869502392026e-07,1.746058831877028e-07,0.9989733439079503,-7.930865193219818e-07,-7.930865193219818e-07,2.3000105163498685e-07,1.745665959594277e-07,1.745665959594277e-07,8.145707014499015e-09,2.451718816378256e-08,2.4517188163782556e-08,0.9989738677255999,-9.466298657117052e-08,-9.466298657117052e-08,3.3087224470675e-24,21025.92070167125
1.8627913402321832,1.500996861312927e-07,1.7456604858512786e-07,0.9989726746543035,-7.925133665780165e-07,-7.925133665780165e-07,2.3001697182996755e-07,1.745286962832109e-07,1.745286962832109e-07,7.988031253248238e-09,2.4466362453835193e-08,2.4466362453835163e-08,0.9989731983524492,-9.424917223750502e-08,-9.424917223750502e-08,2.9778502048778185e-23,20929.806627635568
1.865093925325177,1.5011046078935298e-07,1.745259826860298e-07,0.9989720077913048,-7.919741321076473e-07,-7.919741321076473e-07,2.3003254743802523e-07,1.7449068108575187e-07,1.7449068108575187e-07,7.830714357888803e-09,2.4415521896676815e-08,2.4415521896676815e-08,0.9989725313692529,-9.387020136352809e-08,-9.387020136352809e-08,-3.117059101215655e-33,20834.128645031073
1.8673965104181711,1.50121019485048e-07,1.7448568625116384e-07,0.9989713433125477,-7.914701993594595e-07,-7.914701993594595e-07,2.3004777916594912e-07,1.744525308650652e-07,1.744525308650652e-07,7.673755660420962e-09,2.4364666766115846e-08,2.4364666766115836e-08,0.9989718667696064,-9.35274543548041e-08,-9.35274543548041e-08,9.926167347532967e-24,20738.88481300161
1.8696990955111652,1.5013136270446378e-07,1.744451600397707e-07,0.9989706812116279,-7.910026027782637e-07,-7.910026027782637e-07,2.3006266771973358e-07,1.7441422537654144e-07,1.7441422537654144e-07,7.517154494214201e-09,2.431379733530694e-08,2.4313797335306932e-08,0.9989712045471081,-9.322196261918083e-08,-9.322196261918083e-08,6.6174448973344955e-24,20644.07319889501
1.8720016806041593,1.5014149093282674e-07,1.7440440480957698e-07,0.9989700214821439,-7.905720238670677e-07,-7.905720238670677e-07,2.300772138045768e-07,1.7437574383366562e-07,1.7437574383366562e-07,7.360910194003237e-09,2.4262913876750214e-08,2.4262913876750237e-08,0.9989705446953583,-9.295440462875974e-08,-9.295440462875974e-08,-2.3161057154560917e-23,20549.691878233516
1.8743042656971534,1.5015140465450542e-07,1.7436342131679604e-07,0.998969364117696,-7.901787905852384e-07,-7.901787905852384e-07,2.3009141812487984e-07,1.7433706511050043e-07,1.7433706511050043e-07,7.205022095883986e-09,2.4212016662290612e-08,2.4212016662290625e-08,0.99896988720796,-9.272510531805419e-08,-9.272510531805419e-08,-1.3234889803911055e-23,20455.738934684196
1.8766068507901474,1.501611043530116e-07,1.7432221031612854e-07,0.9989687091118873,-7.898228800072243e-07,-7.898228800072243e-07,2.3010528138424553e-07,1.7429816794403806e-07,1.7429816794403806e-07,7.0494895373093575e-09,2.416110596311694e-08,2.4161105963116944e-08,0.9989692320785183,-9.253403874271012e-08,-9.253403874271012e-08,-3.308722453261246e-24,20362.21246002933
1.8789094358831413,1.5017059051100198e-07,1.742807725607632e-07,0.9989680564583238,-7.895039241354933e-07,-7.895039241354933e-07,2.301188042854774e-07,1.7425903113456943e-07,1.7425903113456943e-07,6.8943118570857165e-09,2.411018204976122e-08,2.411018204976122e-08,0.9989685793006414,-9.238083389244047e-08,-9.238083389244047e-08,-3.035712971663072e-33,20269.110554136958
1.8812120209761354,1.5017986361027955e-07,1.7423910880237745e-07,0.998967406150614,-7.892212187373377e-07,-7.892212187373377e-07,2.301319875305786e-07,1.7421963374228533e-07,1.7421963374228533e-07,6.7394883953682015e-09,2.405924519209789e-08,2.4059245192097893e-08,0.9989679288679404,-9.226478352782794e-08,-9.226478352782794e-08,-3.308722453234455e-24,20176.4313249315
1.8835146060691295,1.5018892413179508e-07,1.741972197911382e-07,0.9989667581823695,-7.889737350491002e-07,-7.889737350491002e-07,2.3014483182075094e-07,1.7417995527840227e-07,1.7417995527840227e-07,6.585018493657592e-09,2.4008295659343112e-08,2.4008295659343122e-08,0.9989672807740289,-9.218485588454735e-08,-9.218485588454735e-08,-9.926167353645363e-24,20084.172888364297
1.8858171911621235,1.501977725556484e-07,1.7415510627570258e-07,0.9989661125472051,-7.887601341707877e-07,-7.887601341707877e-07,2.3015733785639377e-07,1.7413997588919776e-07,1.7413997588919776e-07,6.430901494795711e-09,2.3957333720054166e-08,2.3957333720054183e-08,0.9989666350125239,-9.213970906797734e-08,-9.213970906797734e-08,-1.654361225405632e-23,19992.333368384276
1.8881197762551176,1.5020640936109e-07,1.7411276900321862e-07,0.9989654692387387,-7.885787839537802e-07,-7.885787839537802e-07,2.3016950633710303e-07,1.7409967653144453e-07,1.7409967653144453e-07,6.277136742961657e-09,2.3906359642128627e-08,2.3906359642128618e-08,0.9989659915770458,-9.212770794090576e-08,-9.212770794090576e-08,9.926167347653772e-24,19900.910896908696
1.8904223613481117,1.502148350265224e-07,1.7407020871932604e-07,0.9989648282505915,-7.884277781673812e-07,-7.884277781673812e-07,2.3018133796167017e-07,1.7405903913784846e-07,1.7405903913784846e-07,6.12372358366802e-09,2.3855373692803647e-08,2.3855373692803627e-08,0.9989653504612177,-9.214694329007709e-08,-9.214694329007709e-08,1.985233469830326e-23,19809.903613793867
1.8927249464411058,1.5022305002950155e-07,1.7402742616815701e-07,0.9989641895763881,-7.883049577157828e-07,-7.883049577157828e-07,2.3019283342808125e-07,1.740180467712179e-07,1.740180467712179e-07,5.9706613637571515e-09,2.3804376138655475e-08,2.3804376138655462e-08,0.9989647116586666,-9.219525304315472e-08,-9.219525304315472e-08,1.323488979789214e-23,19719.30966680601
1.8950275315340996,1.5023105484673834e-07,1.73984422092337e-07,0.9989635532097569,-7.882079336644455e-07,-7.882079336644455e-07,2.3020399343351587e-07,1.739766837662283e-07,1.739766837662283e-07,5.817949431396594e-09,2.375336724559867e-08,2.3753367245598654e-08,0.9989640751630232,-9.22702452950975e-08,-9.22702452950975e-08,1.65436122481173e-23,19629.127211592062
1.8973301166270937,1.502388499540999e-07,1.7394119723298545e-07,0.99896291914433,-7.88134111826349e-07,-7.88134111826349e-07,2.302148186743462e-07,1.739349358577791e-07,1.739349358577791e-07,5.665587136076078e-09,2.3702347278885536e-08,2.3702347278885542e-08,0.9989634409679217,-9.236932289440724e-08,-9.236932289440724e-08,-6.617444903354478e-24,19539.35441165058
1.8996327017200878,1.5024643582661114e-07,1.738977523297167e-07,0.998962287373743,-7.880807186508996e-07,-7.880807186508996e-07,2.3022530984613607e-07,1.7389279029509097e-07,1.7389279029509097e-07,5.513573828602977e-09,2.3651316503105568e-08,2.3651316503105555e-08,0.9989628090670001,-9.248970933203279e-08,-9.248970933203279e-08,1.3234889797931133e-23,19449.989438302804
1.9019352868130819,1.5025381293845607e-07,1.7385408812064075e-07,0.9989616578916357,-7.880448281550832e-07,-7.880448281550832e-07,2.3023546764363998e-07,1.7385023594083032e-07,1.7385023594083032e-07,5.361908861098968e-09,2.3600275182184675e-08,2.360027518218468e-08,0.9989621794539001,-9.262847567252016e-08,-9.262847567252016e-08,-6.61744490332864e-24,19361.03047066362
1.904237871906076,1.5026098176297934e-07,1.7381020534236415e-07,0.998961030691652,-7.880233896337463e-07,-7.880233896337463e-07,2.3024529276080217e-07,1.73807263354707e-07,1.73807263354707e-07,5.210591586996012e-09,2.354922357938482e-08,2.3549223579384813e-08,0.998961552122268,-9.27825682642897e-08,-9.27825682642897e-08,6.617444897532643e-24,19272.47569561263
1.90654045699907,1.502679427726875e-07,1.7376610472999076e-07,0.9989604057674396,-7.8801325588756e-07,-7.8801325588756e-07,2.3025478589075566e-07,1.7376386486113052e-07,1.7376386486113052e-07,5.059621361032419e-09,2.349816195730324e-08,2.349816195730326e-08,0.9989609270657538,-9.294883696759698e-08,-9.294883696759698e-08,-1.9852334704151456e-23,19184.323307765295
1.908843042092064,1.5027469643925053e-07,1.7372178701712269e-07,0.9989597831126511,-7.88011211709395e-07,-7.88011211709395e-07,2.302639477258213e-07,1.7372003460066988e-07,1.7372003460066988e-07,4.90899753924917e-09,2.344709057787215e-08,2.3447090577872155e-08,0.9989603042780122,-9.312406364090425e-08,-9.312406364090425e-08,-3.308722453078163e-24,19096.57150944414
1.911145627185058,1.5028124323350322e-07,1.7367725293586117e-07,0.998959162720943,-7.880140023757946e-07,-7.880140023757946e-07,2.3027277895750704e-07,1.7367576856520005e-07,1.7367576856520005e-07,4.758719478986503e-09,2.339600970235798e-08,2.339600970235796e-08,0.9989596837527018,-9.330499063234992e-08,-9.330499063234992e-08,1.9852334698419296e-23,19009.21851064996
1.913448212278052,1.502875836254465e-07,1.7363250321680743e-07,0.9989585445859765,-7.88018361897056e-07,-7.88018361897056e-07,2.3028128027650676e-07,1.7363106461676897e-07,1.7363106461676897e-07,4.608786538879579e-09,2.3344919591360915e-08,2.334491959136092e-08,0.9989590654834862,-9.348834902982627e-08,-9.348834902982627e-08,-6.617444903264955e-24,18922.2625290332
1.9157507973710461,1.5029371808424896e-07,1.735875385890635e-07,0.9989579287014175,-7.880210407889788e-07,-7.880210407889788e-07,2.302894523726996e-07,1.735859224903539e-07,1.735859224903539e-07,4.459198078855124e-09,2.329382050481457e-08,2.3293820504814543e-08,0.9989584494640333,-9.367088643272478e-08,-9.367088643272478e-08,2.6469779598868734e-23,18835.701789865234
1.9180533824640402,1.5029964707824822e-07,1.735423597802333e-07,0.9989573150609364,-7.880188331402163e-07,-7.880188331402163e-07,2.3029729593514896e-07,1.7354034378081207e-07,1.7354034378081207e-07,4.3099534601273925e-09,2.3242712701985096e-08,2.3242712701985072e-08,0.9989578356880158,-9.384939401928311e-08,-9.384939401928311e-08,2.3161057148669157e-23,18749.534526009826
1.9203559675570343,1.5030537107495224e-07,1.7349696751642344e-07,0.9989567036582089,-7.880086027619107e-07,-7.880086027619107e-07,2.3030481165210168e-07,1.73494331914458e-07,1.73494331914458e-07,4.161052045195005e-09,2.3191596441471174e-08,2.3191596441471194e-08,0.9989572241491115,-9.402073269621693e-08,-9.402073269621693e-08,-1.98523347040758e-23,18663.75897789463
1.9226585526500284,1.5031089054104084e-07,1.7345136252224422e-07,0.998956094486915,-7.879873082202721e-07,-7.879873082202721e-07,2.3031200021098715e-07,1.7344789210581716e-07,1.7344789210581716e-07,4.012493197836763e-09,2.3140471981203395e-08,2.3140471981203385e-08,0.9989566148410026,-9.418185813129522e-08,-9.418185813129522e-08,9.926167347845626e-24,18578.373393482674
1.9249611377430222,1.5031620594236704e-07,1.7340554552081054e-07,0.9989554875407404,-7.879520265682931e-07,-7.879520265682931e-07,2.303188622984165e-07,1.7340103130022263e-07,1.7340103130022263e-07,3.864276283108059e-09,2.3089339578443486e-08,2.30893395784435e-08,0.9989560077573769,-9.432984448505092e-08,-9.432984448505092e-08,-1.3234889803626768e-23,18493.376028244
1.9272637228360163,1.5032131774395838e-07,1.7335951723374285e-07,0.9989548828133756,-7.878999756089145e-07,-7.878999756089145e-07,2.3032539860018177e-07,1.7335375810301705e-07,1.7335375810301705e-07,3.716400667337573e-09,2.3038199489784478e-08,2.303819948978447e-08,0.9989554028919273,-9.446190667394313e-08,-9.446190667394313e-08,6.617444897658224e-24,18408.765145127283
1.9295663079290104,1.5032622641001847e-07,1.733132783811682e-07,0.9989542802985165,-7.878285345397262e-07,-7.878285345397262e-07,2.30331609801255e-07,1.7330608269622388e-07,1.7330608269622388e-07,3.5688657181230232e-09,2.298705197114976e-08,2.2987051971149736e-08,0.9989548002383517,-9.457542101505337e-08,-9.457542101505337e-08,2.316105714873106e-23,18324.53901453161
1.9318688930220045,1.5033093240392824e-07,1.7326682968172115e-07,0.9989536799898643,-7.877352628467364e-07,-7.877352628467364e-07,2.3033749658578758e-07,1.7325801674362606e-07,1.7325801674362606e-07,3.421670804328038e-09,2.2935897277792917e-08,2.293589727779291e-08,0.9989541997903534,-9.466794411985177e-08,-9.466794411985177e-08,6.6174448976827335e-24,18240.695914278196
1.9341714781149986,1.5033543618824738e-07,1.7322017185254477e-07,0.9989530818811259,-7.876179173340436e-07,-7.876179173340436e-07,2.303430596371092e-07,1.7320957328527317e-07,1.7320957328527317e-07,3.274815296078562e-09,2.288473566429741e-08,2.2884735664297395e-08,0.9989536015416414,-9.473722992386452e-08,-9.473722992386452e-08,1.3234889798119136e-23,18157.23412958233
1.9364740632079926,1.5033973822471568e-07,1.7317330560929174e-07,0.9989524859660135,-7.874744671942665e-07,-7.874744671942665e-07,2.3034829963772729e-07,1.7316076662249036e-07,1.7316076662249036e-07,3.1282985647588584e-09,2.2833567384576045e-08,2.2833567384576062e-08,0.9989530054859304,-9.478124475709951e-08,-9.478124475709951e-08,-1.6543612253777732e-23,18074.1519530251
1.9387766483009865,1.5034383897425452e-07,1.7312623166612527e-07,0.9989518922382451,-7.873031070446498e-07,-7.873031070446498e-07,2.3035321726932613e-07,1.7311161219452304e-07,1.7311161219452304e-07,2.982119983008363e-09,2.278239269187072e-08,2.2782392691870743e-08,0.9989524116169402,-9.47981803801487e-08,-9.47981803801487e-08,-2.3161057154189872e-23,17991.447684525552
1.9410792333939806,1.5034773889696813e-07,1.7307895073572015e-07,0.9989513006915447,-7.871022678719191e-07,-7.871022678719191e-07,2.3035781321276606e-07,1.7306212644798487e-07,1.7306212644798487e-07,2.8362789247176615e-09,2.273121183875202e-08,2.2731211838752027e-08,0.9989518199283969,-9.47864649290385e-08,-9.47864649290385e-08,-6.617444903117286e-24,17909.11963131261
1.9433818184869747,1.50351438452145e-07,1.7303146352926385e-07,0.9989507113196417,-7.868706258486203e-07,-7.868706258486203e-07,2.3036208814808278e-07,1.7301232670031094e-07,1.7301232670031094e-07,2.6907747650253405e-09,2.2680025077118852e-08,2.2680025077118856e-08,0.9989512304140323,-9.47447717315649e-08,-9.47447717315649e-08,-3.308722452893194e-24,17827.166107897225
1.9456844035799687,1.5035493809825925e-07,1.7298377075645749e-07,0.998950124116272,-7.8660710900178e-07,-7.8660710900178e-07,2.3036604275448653e-07,1.7296223099843482e-07,1.7296223099843482e-07,2.545606880314418e-09,2.262883265819823e-08,2.2628832658198237e-08,0.9989506430675843,-9.467202597595007e-08,-9.467202597595007e-08,-6.617444903093371e-24,17745.585436044454
1.9479869886729628,1.5035823829297204e-07,1.7293587312551702e-07,0.9989495390751774,-7.863109017331331e-07,-7.863109017331331e-07,2.3036967771036139e-07,1.7291185797391707e-07,1.7291185797391707e-07,2.4007746482086023e-09,2.2577634832544976e-08,2.257763483254498e-08,0.9989500578827968,-9.456740923106503e-08,-9.456740923106503e-08,-3.308722452869375e-24,17664.37594474583
1.950289573765957,1.503613394931329e-07,1.7288777134317423e-07,0.9989489561901056,-7.859814472077488e-07,-7.859814472077488e-07,2.3037299369326451e-07,1.7286122669575167e-07,1.7286122669575167e-07,2.256277447569022e-09,2.252643185004133e-08,2.2526431850041318e-08,0.9989494748534197,-9.44303618350519e-08,-9.44303618350519e-08,1.3234889798203015e-23,17583.535970191482
1.952592158858951,1.5036424215478115e-07,1.7283946611467783e-07,0.9989483754548109,-7.856184476443419e-07,-7.856184476443419e-07,2.3037599137992548e-07,1.7281035652206427e-07,1.7281035652206427e-07,2.112114658490281e-09,2.2475223959896695e-08,2.2475223959896682e-08,0.9989488939732092,-9.42605831856306e-08,-9.42605831856306e-08,1.32348897982148e-23,17503.06385574262
1.9548947439519448,1.5036694673314712e-07,1.7279095814379457e-07,0.9989477968630539,-7.852218625571773e-07,-7.852218625571773e-07,2.3037867144624544e-07,1.7275926695189523e-07,1.7275926695189523e-07,1.968285662297786e-09,2.2424011410647442e-08,2.2424011410647452e-08,0.9989483152359283,-9.405802998199905e-08,-9.405802998199905e-08,-9.926167353258236e-24,17422.957951903914
1.957197329044939,1.5036945368265365e-07,1.7274224813281034e-07,0.9989472204086015,-7.847919050137233e-07,-7.847919050137233e-07,2.303810345672966e-07,1.727079774782307e-07,1.727079774782307e-07,1.8247898415436154e-09,2.2372794450156677e-08,2.2372794450156697e-08,0.9989477386353459,-9.382291248248188e-08,-9.382291248248188e-08,-1.9852334703882876e-23,17343.216616295907
1.959499914137933,1.5037176345691748e-07,1.726933367825314e-07,0.9989466460852275,-7.843290359872185e-07,-7.843290359872185e-07,2.303830814173214e-07,1.726565074434056e-07,1.726565074434056e-07,1.6816265800032537e-09,2.232157332561393e-08,2.2321573325613936e-08,0.9989471641652379,-9.355568885709287e-08,-9.355568885709287e-08,-6.61744490302279e-24,17263.83821362771
1.961802499230927,1.503738765087504e-07,1.7264422479228533e-07,0.9989460738867121,-7.838339568950604e-07,-7.838339568950604e-07,2.303848126697318e-07,1.7260487589795625e-07,1.7260487589795625e-07,1.5387952626723305e-09,2.2270348283534947e-08,2.2270348283534927e-08,0.9989465918193865,-9.325705772591909e-08,-9.325705772591909e-08,1.985233469868569e-23,17184.821115669518
1.9641050843239212,1.503757932901609e-07,1.725949128599223e-07,0.998945503806842,-7.83307600426994e-07,-7.83307600426994e-07,2.303862289971088e-07,1.7255310146394688e-07,1.7255310146394688e-07,1.3962952757627854e-09,2.2219119569761434e-08,2.22191195697614e-08,0.9989460215915805,-9.292794898730483e-08,-9.292794898730483e-08,3.308722449954568e-23,17106.163701225305
1.9664076694169152,1.503775142523552e-07,1.725454016818162e-07,0.998944935839411,-7.827511197763033e-07,-7.827511197763033e-07,2.3038733107120156e-07,1.7250120220373356e-07,1.7250120220373356e-07,1.2541260067001417e-09,2.2167887429460985e-08,2.216788742946098e-08,0.998945453475616,-9.256951304903857e-08,-9.256951304903857e-08,3.3087224476481863e-24,17027.864356105652
1.968710254509909,1.503790398457389e-07,1.724956919528658e-07,0.99894436997822,-7.821658763976075e-07,-7.821658763976075e-07,2.3038811956292684e-07,1.724491954950628e-07,1.724491954950628e-07,1.1122868441193823e-09,2.211665210712691e-08,2.2116652107126898e-08,0.9989448874652959,-9.218310858614433e-08,-9.218310858614433e-08,1.3234889798295971e-23,16949.92147310048
1.9710128396029032,1.5038037051991808e-07,1.7244578436649598e-07,0.9989438062170766,-7.815534264220116e-07,-7.815534264220116e-07,2.303885951423684e-07,1.7239709791333208e-07,1.7239709791333208e-07,9.707771778621677e-10,2.20654138465779e-08,2.20654138465779e-08,0.9989443235544296,-9.177028895602768e-08,-9.177028895602768e-08,-2.5410654931745667e-33,16872.333451951974
1.9733154246958973,1.5038150672370086e-07,1.723956796146588e-07,0.9989432445497953,-7.809155058675532e-07,-7.809155058675532e-07,2.303887584787763e-07,1.7234492512176198e-07,1.7234492512176198e-07,8.295963989731817e-10,2.201417289095797e-08,2.2014172890957948e-08,0.9989437617368342,-9.133278740891798e-08,-9.133278740891798e-08,2.3161057148955067e-23,16795.09869932757
1.9756180097888913,1.503824489050985e-07,1.723453783878349e-07,0.9989426849701981,-7.802540147880038e-07,-7.802540147880038e-07,2.3038861024056636e-07,1.7229269177015207e-07,1.7229269177015207e-07,6.887438996966975e-10,2.1962929482736385e-08,2.196292948273639e-08,0.9989432020063332,-9.087250123666422e-08,-9.087250123666422e-08,-3.308722452730505e-24,16718.21562879297
1.9779205948818854,1.5038319751132698e-07,1.722948813750344e-07,0.9989421274721143,-7.795710005071966e-07,-7.795710005071966e-07,2.3038815109531943e-07,1.7224041140280966e-07,1.7224041140280966e-07,5.48219073473554e-10,2.1911683863707435e-08,2.1911683863707432e-08,0.9989426443567584,-9.039147500705897e-08,-9.039147500705897e-08,3.308722447704982e-24,16641.682660785224
1.9802231799748795,1.5038375298880824e-07,1.722441892637985e-07,0.9989415720493803,-7.788686400889238e-07,-7.788686400889238e-07,2.3038738170978088e-07,1.7218809637615617e-07,1.7218809637615617e-07,4.0802131493764234e-10,2.1860436274990254e-08,2.1860436274990257e-08,0.9989420887819481,-8.989188303372977e-08,-8.989188303372977e-08,-3.308722452708021e-24,16565.498222585902
1.9825257650678734,1.5038411578317148e-07,1.7219330274020038e-07,0.9989410186958398,-7.781492221937487e-07,-7.781492221937487e-07,2.3038630274985997e-07,1.7213575778643086e-07,1.7213575778643086e-07,2.6815001991249477e-10,2.1809186957028887e-08,2.1809186957028904e-08,0.998941535275748,-8.937601123294714e-08,-8.937601123294714e-08,-1.6543612253545293e-23,16489.660748294362
1.9848283501608674,1.5038428633925444e-07,1.7214222248884663e-07,0.9989404674053444,-7.774151284746425e-07,-7.774151284746425e-07,2.3038491488062933e-07,1.7208340540782345e-07,1.7208340540782345e-07,1.2860458540840955e-10,2.175793614959219e-08,2.1757936149592194e-08,0.9989409838320118,-8.884623851925599e-08,-8.884623851925599e-08,-3.308722452685721e-24,16414.168678800976
1.9871309352538615,1.5038426510110496e-07,1.7209094919287843e-07,0.998939918171753,-7.76668814662129e-07,-7.76668814662129e-07,2.3038321876632432e-07,1.7203104764128404e-07,1.7203104764128404e-07,-1.0615590381334666e-11,2.1706684091773468e-08,2.1706684091773468e-08,0.9989404344446006,-8.830501789061528e-08,-8.830501789061528e-08,-2.462529981750476e-33,16339.020461760618
1.9894335203468556,1.5038405251198209e-07,1.7203948353397288e-07,0.9989393709889322,-7.759127914879458e-07,-7.759127914879458e-07,2.3038121507034242e-07,1.7197869147416767e-07,1.7197869147416767e-07,-1.495111080833539e-10,2.1655431021990808e-08,2.1655431021990795e-08,0.9989398871073828,-8.775485735205428e-08,-8.775485735205428e-08,1.3234889798396948e-23,16264.214551566049
1.9917361054398497,1.5038364901435748e-07,1.7198782619234418e-07,0.9989388258507561,-7.751496055928597e-07,-7.751496055928597e-07,2.3037890445524286e-07,1.7192634245079297e-07,1.7192634245079297e-07,-2.8808256714762324e-10,2.1604177177986712e-08,2.160417717798671e-08,0.9989393418142347,-8.719830082348296e-08,-8.719830082348296e-08,3.3087224477716048e-24,16189.749409321439
1.9940386905328438,1.5038305504991668e-07,1.71935977846745e-07,0.9989382827511073,-7.743818205602099e-07,-7.743818205602099e-07,2.3037628758274586e-07,1.7187400465390447e-07,1.7187400465390447e-07,-4.2633056585060326e-10,2.1552922796828344e-08,2.1552922796828315e-08,0.9989387985590409,-8.663790917322991e-08,-8.663790917322991e-08,2.977850204947944e-23,16115.623502815963
1.9963412756258379,1.5038227105956058e-07,1.718839391744676e-07,0.9989377416838754,-7.73611998211884e-07,-7.73611998211884e-07,2.3037336511373225e-07,1.718216806969546e-07,1.718216806969546e-07,-5.642557012985006e-10,2.150166811490702e-08,2.1501668114907023e-08,0.998938257335693,-8.607624151401359e-08,-8.607624151401359e-08,-3.308722452630775e-24,16041.83530649748
1.9986438607188317,1.503812974834066e-07,1.7183171085134544e-07,0.9989372026429587,-7.728426802972537e-07,-7.728426802972537e-07,2.3037013770824288e-07,1.7176937172703895e-07,1.7176937172703895e-07,-7.018585694303946e-10,2.1450413367938823e-08,2.1450413367938843e-08,0.9989377181380913,-8.551583689187193e-08,-8.551583689187193e-08,-1.9852334703680476e-23,15968.383301446249
2.000946445811826,1.5038013476079002e-07,1.7177929355175416e-07,0.998936665622263,-7.720763706990474e-07,-7.720763706990474e-07,2.3036660602547813e-07,1.7171707743824782e-07,1.7171707743824782e-07,-8.391397650217157e-10,2.139915879096413e-08,2.139915879096414e-08,0.9989371809601437,-8.495919649203078e-08,-8.495919649203078e-08,-9.926167353033336e-24,15895.265975348688
2.00324903090482,1.5037878333026535e-07,1.7172668794861315e-07,0.9989361306157025,-7.713155182727651e-07,-7.713155182727651e-07,2.303627707237974e-07,1.7166479609512616e-07,1.7166479609512616e-07,-9.760998816868132e-10,2.13479046183478e-08,2.13479046183478e-08,0.9989366457957664,-8.440876647831254e-08,-8.440876647831254e-08,-2.3862398454767025e-33,15822.481822471393
2.0055516159978137,1.5037724362960762e-07,1.7167389471338668e-07,0.9989355976171996,-7.705625004280515e-07,-7.705625004280515e-07,2.3035863246071863e-07,1.7161252456586752e-07,1.7161252456586752e-07,-1.1127395118829703e-09,2.1296651083779073e-08,2.1296651083779063e-08,0.9989361126388838,-8.386692157450478e-08,-8.386692157450478e-08,9.926167348260811e-24,15750.029343634931
2.007854201090808,1.5037551609581365e-07,1.7162091451608543e-07,0.9989350666206849,-7.698196075520215e-07,-7.698196075520215e-07,2.3035419189291776e-07,1.715602583648088e-07,1.715602583648088e-07,-1.2490592469126824e-09,2.124539842027177e-08,2.1245398420271772e-08,0.9989355814834284,-8.333594948767983e-08,-8.333594948767983e-08,-3.3087224525769585e-24,15677.907046187902
2.010156786183802,1.5037360116510348e-07,1.715677480252677e-07,0.9989345376200971,-7.690890283653658e-07,-7.690890283653658e-07,2.303494496762283e-07,1.7150799170373419e-07,1.7150799170373419e-07,-1.3850596769275859e-09,2.1194146860164242e-08,2.1194146860164232e-08,0.9989350523233411,-8.2818036264295e-08,-8.2818036264295e-08,9.926167348282114e-24,15606.11344398114
2.012459371276796,1.5037149927292145e-07,1.715143959080408e-07,0.9989340106093835,-7.683728362928403e-07,-7.683728362928403e-07,2.3034440646564086e-07,1.7145571755144815e-07,1.7145571755144815e-07,-1.5207413909310183e-09,2.1142896635119345e-08,2.1142896635119345e-08,0.9989345251525712,-8.231525266067712e-08,-8.231525266067712e-08,-2.343632408661021e-33,15534.647057341712
2.01476195636979,1.5036921085393778e-07,1.714608588300625e-07,0.9989334855825001,-7.676729769198207e-07,-7.676729769198207e-07,2.303390629153027e-07,1.7140342770102938e-07,1.7140342770102938e-07,-1.6561049767811083e-09,2.1091647976124714e-08,2.1091647976124717e-08,0.9989339999650766,-8.18295415995707e-08,-8.18295415995707e-08,-3.308722452545202e-24,15463.506413047335
2.0170645414627844,1.5036673634204962e-07,1.7140713745554222e-07,0.9989329625334109,-7.669912565970133e-07,-7.669912565970133e-07,2.3033341967851726e-07,1.7135111284414098e-07,1.7135111284414098e-07,-1.7911510211946946e-09,2.104040111349263e-08,2.1040401113492602e-08,0.9989334767548232,-8.136270677484446e-08,-8.136270677484446e-08,2.97785020495864e-23,15392.690044300492
2.019367126555778,1.5036407617038255e-07,1.7135323244724267e-07,0.998932441456089,-7.663293322450388e-07,-7.663293322450388e-07,2.3032747740774375e-07,1.712987626517338e-07,1.712987626517338e-07,-1.925880109749146e-09,2.0989156276860127e-08,2.0989156276860117e-08,0.9989329555157863,-8.091640245606809e-08,-8.091640245606809e-08,9.926167348324192e-24,15322.196490703018
2.021669711648772,1.5036123077129168e-07,1.7129914446648103e-07,0.9989319223445158,-7.656887024009617e-07,-7.656887024009617e-07,2.303212367545967e-07,1.712463658604559e-07,1.712463658604559e-07,-2.0602928268865105e-09,2.0937913695189365e-08,2.093791369518935e-08,0.9989324362419492,-8.04921245350376e-08,-8.04921245350376e-08,1.6543612248758824e-23,15252.024298230437
2.0239722967417664,1.503582005763631e-07,1.7124487417313045e-07,0.9989314051926816,-7.650706995383867e-07,-7.650706995383867e-07,2.3031469836984547e-07,1.7119391036405382e-07,1.7119391036405382e-07,-2.1943897559159815e-09,2.0886673596767354e-08,2.0886673596767347e-08,0.9989319189273042,-8.009120284586493e-08,-8.009120284586493e-08,6.617444898132858e-24,15182.172019206486
2.0262748818347602,1.5035498601641518e-07,1.7119042222562142e-07,0.9989308899945857,-7.644764836832897e-07,-7.644764836832897e-07,2.3030786290341403e-07,1.7114138330903814e-07,1.7114138330903814e-07,-2.3281714790172145e-09,2.083543620920627e-08,2.083543620920624e-08,0.9989314035658523,-7.971479478080401e-08,-7.971479478080401e-08,2.9778502049627955e-23,15112.638212277852
2.0285774669277545,1.503515875214997e-07,1.7113578928094326e-07,0.9989303767442358,-7.639070373374682e-07,-7.639070373374682e-07,2.3030073100438037e-07,1.710887711938709e-07,1.710887711938709e-07,-2.461638577243296e-09,2.0784201759443564e-08,2.078420175944357e-08,0.9989308901516036,-7.936388021369517e-08,-7.936388021369517e-08,-6.617444902694981e-24,15043.421442388688
2.0308800520207484,1.5034800552090328e-07,1.710809759946455e-07,0.998929865435649,-7.633631617125878e-07,-7.633631617125878e-07,2.3029330332097622e-07,1.7103605997092978e-07,1.7103605997092978e-07,-2.594791630523666e-09,2.07329704737422e-08,2.073297047374222e-08,0.9989303786785769,-7.903925773400583e-08,-7.903925773400583e-08,-1.9852334703533187e-23,14974.52028075549
2.0331826371137427,1.5034424044314856e-07,1.7102598302083926e-07,0.998929356062851,-7.628454742680213e-07,-7.628454742680213e-07,2.302855805005866e-07,1.709832351504999e-07,1.709832351504999e-07,-2.727631217667157e-09,2.0681742577690694e-08,2.06817425776907e-08,0.9989298691408001,-7.87415421846642e-08,-7.87415421846642e-08,-6.61744490267455e-24,14905.93330484186
2.0354852222067366,1.5034029271599566e-07,1.709708110121989e-07,0.9989288486198769,-7.623544075372194e-07,-7.623544075372194e-07,2.302775631897495e-07,1.709302819060523e-07,1.709302819060523e-07,-2.860157916365186e-09,2.0630518296203206e-08,2.0630518296203233e-08,0.9989293615323099,-7.847116348842384e-08,-7.847116348842384e-08,-2.646977960393706e-23,14837.65909833347
2.0377878072997304,1.5033616276644325e-07,1.709154606199632e-07,0.9989283431007706,-7.618902092187605e-07,-7.618902092187605e-07,2.3026925203415544e-07,1.7087718518007437e-07,1.7087718518007437e-07,-2.9923723031945024e-09,2.0579297853519943e-08,2.0579297853519956e-08,0.9989288558471525,-7.822836673890764e-08,-7.822836673890764e-08,-1.3234889803078508e-23,14769.696251112993
2.0400903923927247,1.5033185102072988e-07,1.7085993249393702e-07,0.9989278394995854,-7.61452943500098e-07,-7.61452943500098e-07,2.3026064767864718e-07,1.7082392978973477e-07,1.7082392978973477e-07,-3.1242749536203958e-09,2.0528081473207138e-08,2.0528081473207145e-08,0.9989283520793829,-7.801321352434993e-08,-7.801321352434993e-08,-6.617444902644222e-24,14702.043359235118
2.0423929774857186,1.5032735790433535e-07,1.7080422728249274e-07,0.9989273378103838,-7.610424935747956e-07,-7.610424935747956e-07,2.302517507672194e-07,1.707705005316823e-07,1.707705005316823e-07,-3.255866441999191e-09,2.0476869378157403e-08,2.047686937815739e-08,0.9989278502230656,-7.782558444482462e-08,-7.782558444482462e-08,1.3234889798638466e-23,14634.69902490184
2.044695562578713,1.50322683841982e-07,1.7074834563257164e-07,0.9989268380272375,-7.606585653066527e-07,-7.606585653066527e-07,2.3024256194301827e-07,1.707168822853022e-07,1.707168822853022e-07,-3.3871473415819027e-09,2.0425661790589648e-08,2.042566179058965e-08,0.9989273502722744,-7.766518277636618e-08,-7.766518277636618e-08,-3.3087224524121035e-24,14567.661856437448
2.0469981476717067,1.5031782925763574e-07,1.7069228818968558e-07,0.9989263401442277,-7.603006919881706e-07,-7.603006919881706e-07,2.302330818483412e-07,1.7066306011378043e-07,1.7066306011378043e-07,-3.5181182245165676e-09,2.0374458932049828e-08,2.0374458932049844e-08,0.9989268522210922,-7.753153922942825e-08,-7.753153922942825e-08,-1.6543612253250605e-23,14500.930468263998
2.0493007327647006,1.5031279457450756e-07,1.706360555979183e-07,0.9989258441554447,-7.599682401343567e-07,-7.599682401343567e-07,2.3022331112463645e-07,1.706090193623568e-07,1.706090193623568e-07,-3.6487796618512096e-09,2.0323261023410743e-08,2.032326102341073e-08,0.9989263560636115,-7.742401774268354e-08,-7.742401774268354e-08,1.3234889798668289e-23,14434.503480876501
2.051603317857695,1.5030758021505477e-07,1.70579648499927e-07,0.9989253500549887,-7.596604162481763e-07,-7.596604162481763e-07,2.302132504125029e-07,1.7055474575318194e-07,1.7055474575318194e-07,-3.779132223537487e-09,2.0272068284872228e-08,2.0272068284872234e-08,0.9989258617939343,-7.73418222484683e-08,-7.73418222484683e-08,-6.617444902594518e-24,14368.37952081849
2.0539059029506888,1.503021866009821e-07,1.7052306753694393e-07,0.9989248578369692,-7.59376274488873e-07,-7.59376274488873e-07,2.3020290035168964e-07,1.7050022547623003e-07,1.7050022547623003e-07,-3.909176478432471e-09,2.0220880935961826e-08,2.022088093596182e-08,0.9989253694061718,-7.728400434109729e-08,-7.728400434109729e-08,6.617444898263742e-24,14302.557220657442
2.056208488043683,1.5029661415324323e-07,1.704663133487778e-07,0.9989243674955052,-7.591147251706065e-07,-7.591147251706065e-07,2.3019226158109583e-07,1.7044544527575855e-07,1.7044544527575855e-07,-4.038912994302295e-09,2.016969919553457e-08,2.016969919553456e-08,0.9989248788944453,-7.724947177549537e-08,-7.724947177549537e-08,9.926167348485627e-24,14237.035218960364
2.058511073136677,1.5029086329204173e-07,1.7040938657381535e-07,0.9989238790247253,-7.588745440152636e-07,-7.588745440152636e-07,2.3018133473877026e-07,1.7039039253184833e-07,1.7039039253184833e-07,-4.168342337825017e-09,2.011852328177361e-08,2.0118523281773623e-08,0.998924390252885,-7.723699772000218e-08,-7.723699772000218e-08,-1.3234889802989415e-23,14171.812160269481
2.060813658229671,1.5028493443683257e-07,1.703522878490229e-07,0.9989233924187684,-7.586543820806809e-07,-7.586543820806809e-07,2.3017012046191111e-07,1.7033505533660018e-07,1.7033505533660018e-07,-4.297465074592889e-09,2.0067353412190353e-08,2.006735341219032e-08,0.9989239034756319,-7.724523068458933e-08,-7.724523068458933e-08,3.3087224499989824e-23,14106.886695077936
2.063116243322665,1.5027882800632326e-07,1.7029501780994787e-07,0.998922907671782,-7.584527762832235e-07,-7.584527762832235e-07,2.3015861938686582e-07,1.7027942256461017e-07,1.7027942256461017e-07,-4.426281769115927e-09,2.0016189803624596e-08,2.001618980362461e-08,0.9989234185568355,-7.7272705043432e-08,-7.7272705043432e-08,-1.323488980297007e-23,14042.25747980562
2.065418828415659,1.5027254441847514e-07,1.702375770907204e-07,0.9989224247779246,-7.582681604321648e-07,-7.582681604321648e-07,2.3014683214913066e-07,1.7022348393739138e-07,1.7022348393739138e-07,-4.554792984824336e-09,1.9965032672245277e-08,1.9965032672245254e-08,0.9989229354906559,-7.731785206928322e-08,-7.731785206928322e-08,2.3161057149372758e-23,13977.923176775015
2.0677214135086532,1.5026608409050461e-07,1.7017996632405476e-07,0.9989219437313636,-7.580988766924151e-07,-7.580988766924151e-07,2.3013475938335048e-07,1.7016723008145742e-07,1.7016723008145742e-07,-4.682999284071478e-09,1.9913882233550182e-08,1.9913882233550142e-08,0.9989224542712626,-7.737901139619604e-08,-7.737901139619604e-08,3.970466940044288e-23,13913.8824541872
2.070023998601647,1.5025944743888438e-07,1.7012218614125111e-07,0.998921464526277,-7.579431873916611e-07,-7.579431873916611e-07,2.3012240172331862e-07,1.7011065257983054e-07,1.7011065257983054e-07,-4.81090122813655e-09,1.9862738702366747e-08,1.9862738702366734e-08,0.9989219748928354,-7.745444282665663e-08,-7.745444282665663e-08,1.3234889798755527e-23,13850.133986097839
2.0723265836946414,1.5025263487934475e-07,1.7006423717219697e-07,0.9989209871568521,-7.577992870883328e-07,-7.577992870883328e-07,2.3010975980197655e-07,1.7005374401678435e-07,1.7005374401678435e-07,-4.938499377227655e-09,1.9811602292852226e-08,1.9811602292852223e-08,0.9989214973495636,-7.754233839954486e-08,-7.754233839954486e-08,3.3087224481286847e-24,13786.676452393267
2.0746291687876353,1.5024564682687477e-07,1.7000612004536873e-07,0.9989205116172868,-7.576653148174025e-07,-7.576653148174025e-07,2.3009683425141365e-07,1.699964980156802e-07,1.699964980156802e-07,-5.0657942904841286e-09,1.9760473218493963e-08,1.9760473218493957e-08,0.9989210216356469,-7.764083463592757e-08,-7.764083463592757e-08,6.617444898350245e-24,13723.508538766806
2.0769317538806296,1.5023848369572362e-07,1.6994783538783343e-07,0.9989200379017886,-7.575393664324175e-07,-7.575393664324175e-07,2.300836257028671e-07,1.6993890926980107e-07,1.6993890926980107e-07,-5.192786525980062e-09,1.9709351692109808e-08,1.970935169210981e-08,0.9989205477452948,-7.774802488108383e-08,-7.774802488108383e-08,-3.308722452276677e-24,13660.628936694846
2.0792343389736234,1.502311458994017e-07,1.6988938382525015e-07,0.9989195660045753,-7.574195069638261e-07,-7.574195069638261e-07,2.3007013478672148e-07,1.6988097356613622e-07,1.6988097356613622e-07,-5.319476640726116e-09,1.965823792584847e-08,1.9658237925848452e-08,0.9989200756727268,-7.786197166282545e-08,-7.786197166282545e-08,1.6543612249005357e-23,13598.03634341333
2.0815369240666173,1.5022363385068197e-07,1.6983076598187178e-07,0.9989190959198747,-7.573037829159547e-07,-7.573037829159547e-07,2.300563621325088e-07,1.698226878021116e-07,1.698226878021116e-07,-5.445865190673283e-09,1.9607132131189817e-08,1.9607132131189813e-08,0.9989196054121726,-7.798071898846762e-08,-7.798071898846762e-08,3.308722448166245e-24,13535.72946189404
2.0838395091596116,1.5021594796160113e-07,1.6977198248054655e-07,0.9989186276419251,-7.571902344275091e-07,-7.571902344275091e-07,2.300423083689081e-07,1.6976404999530871e-07,1.6976404999530871e-07,-5.5719527307146455e-09,1.9556034518945397e-08,1.9556034518945413e-08,0.9989191369578725,-7.810230450532295e-08,-7.810230450532295e-08,-1.6543612253097127e-23,13473.707000821156
2.0861420942526054,1.5020808864346085e-07,1.6971303394271963e-07,0.9989181611649746,-7.570769072236758e-07,-7.570769072236758e-07,2.300279741237454e-07,1.6970505928625423e-07,1.6970505928625423e-07,-5.697739814689043e-09,1.9504945299258772e-08,1.950494529925878e-08,0.9989186703040764,-7.822477145279725e-08,-7.822477145279725e-08,-6.617444902451544e-24,13411.96767456784
2.0884446793455997,1.502000563068291e-07,1.6965392098843485e-07,0.9989176964832819,-7.569618642911236e-07,-7.569618642911236e-07,2.3001336002399352e-07,1.6964571593440454e-07,1.6964571593440454e-07,-5.823226995383016e-09,1.9453864681605738e-08,1.9453864681605738e-08,0.9989182054450448,-7.83461803373842e-08,-7.83461803373842e-08,-2.0181107601369062e-33,13350.510203172811
2.0907472644385936,1.5019185136154126e-07,1.6959464423633618e-07,0.9989172335911158,-7.568431972110926e-07,-7.568431972110926e-07,2.2999846669577178e-07,1.695860213074888e-07,1.695860213074888e-07,-5.948414824534188e-09,1.9402792874794897e-08,1.940279287479492e-08,0.9989177423750486,-7.846462026574786e-08,-7.846462026574786e-08,-2.3161057153493712e-23,13289.333312317072
2.0930498495315875,1.5018347421670132e-07,1.6953520430366956e-07,0.9989167724827558,-7.567190370895999e-07,-7.567190370895999e-07,2.2998329476434602e-07,1.6952597786440925e-07,1.6952597786440925e-07,-6.073303852833283e-09,1.9351730086968238e-08,1.9351730086968234e-08,0.9989172810883687,-7.857821987492167e-08,-7.857821987492167e-08,3.308722448212308e-24,13228.435733300752
2.0953524346245818,1.5017492528068332e-07,1.6947560180628437e-07,0.9989163131524914,-7.565875650282124e-07,-7.565875650282124e-07,2.2996784485412833e-07,1.6946558913193322e-07,1.6946558913193322e-07,-6.1978946299275325e-09,1.930067652560106e-08,1.9300676525601054e-08,0.9989168215792968,-7.868515780307493e-08,-7.868515780307493e-08,6.617444898433514e-24,13167.8162030199
2.0976550197175756,1.501662049611323e-07,1.6941583735863518e-07,0.9989158555946228,-7.564470220831835e-07,-7.564470220831835e-07,2.299521175886769e-07,1.694048596754422e-07,1.694048596754422e-07,-6.32218770442274e-09,1.924963239750288e-08,1.924963239750288e-08,0.9989163638421349,-7.878367264864274e-08,-7.878367264864274e-08,-1.9816504615472135e-33,13107.473463943501
2.09995760481057,1.5015731366496574e-07,1.6935591157378342e-07,0.9989153998034606,-7.562957186655116e-07,-7.562957186655116e-07,2.2993611359069604e-07,1.6934379506403318e-07,1.6934379506403318e-07,-6.446183623886373e-09,1.9198597908817704e-08,1.919859790881768e-08,0.9989159078711953,-7.887207237037788e-08,-7.887207237037788e-08,2.3161057149512143e-23,13047.406264090414
2.102260189903564,1.5014825179837457e-07,1.6929582506339894e-07,0.9989149457733257,-7.561320433391724e-07,-7.561320433391724e-07,2.2991983348203582e-07,1.692824018302942e-07,1.692824018302942e-07,-6.569882934849789e-09,1.9147573265024383e-08,1.9147573265024374e-08,0.9989154536608009,-7.894874308557658e-08,-7.894874308557658e-08,9.926167348672679e-24,12987.613357006543
2.104562774996558,1.5013901976682463e-07,1.692355784377618e-07,0.9989144934985503,-7.559544709797938e-07,-7.559544709797938e-07,2.2990327788369213e-07,1.6922068742509945e-07,1.6922068742509945e-07,-6.693286182811588e-09,1.9096558670937167e-08,1.9096558670937167e-08,0.9989150012052856,-7.90121572287466e-08,-7.90121572287466e-08,-1.9547098112248268e-33,12928.09350174192
2.106865360089552,1.5012961797505766e-07,1.691751723057639e-07,0.9989140429734765,-7.557615702608984e-07,-7.557615702608984e-07,2.298864474158065e-07,1.691586601677909e-07,1.691586601677909e-07,-6.816393912239345e-09,1.9045554330706234e-08,1.9045554330706247e-08,0.9989145504989935,-7.906088103784277e-08,-7.906088103784277e-08,-1.323488980279425e-23,12868.845462828063
2.109167945182546,1.5012004682709266e-07,1.6911460727491068e-07,0.9989135941924574,-7.555520104399619e-07,-7.555520104399619e-07,2.2986934269766602e-07,1.6909632919213177e-07,1.6909632919213177e-07,-6.93920666657303e-09,1.899456044781803e-08,1.899456044781802e-08,0.9989141015362792,-7.909358134031923e-08,-7.909358134031923e-08,9.926167348699392e-24,12809.86801025519
2.11147053027554,1.50110306726227e-07,1.6905388395132274e-07,0.9989131471498566,-7.553245674214636e-07,-7.553245674214636e-07,2.2985196434770323e-07,1.6903370438843207e-07,1.6903370438843207e-07,-7.061724988227199e-09,1.894357722509575e-08,1.8943577225095738e-08,0.9989136543115085,-7.910903161617269e-08,-7.910903161617269e-08,1.3234889798920331e-23,12751.159919449654
2.113773115368534,1.5010039807503774e-07,1.6899300293973765e-07,0.9989127018400484,-7.550781290791498e-07,-7.550781290791498e-07,2.2983431298349598e-07,1.6897079634225987e-07,1.6897079634225987e-07,-7.183949418593513e-09,1.889260486469993e-08,1.8892604864699912e-08,0.9989132088190572,-7.910611732019917e-08,-7.910611732019917e-08,1.6543612249141233e-23,12692.719971251443
2.1160757004615283,1.5009032127538268e-07,1.689319648435116e-07,0.9989122582574184,-7.548116998246421e-07,-7.548116998246421e-07,2.2981638922176745e-07,1.6890761627016076e-07,1.6890761627016076e-07,-7.3058804980438785e-09,1.8841643568128893e-08,1.8841643568128906e-08,0.998912765053313,-7.908384045059574e-08,-7.908384045059574e-08,-1.3234889802759012e-23,12634.546951891714
2.118378285554522,1.5008007672840174e-07,1.6887077026462108e-07,0.9989118163963622,-7.545244044143697e-07,-7.545244044143697e-07,2.2979819367838606e-07,1.688441759528161e-07,1.688441759528161e-07,-7.427518765932262e-09,1.879069353621936e-08,1.879069353621934e-08,0.9989123230086729,-7.904132335588543e-08,-7.904132335588543e-08,1.985233469937081e-23,12576.639652970382
2.1206808706475164,1.5006966483451803e-07,1.6880941980366462e-07,0.9989113762512869,-7.542154909915399e-07,-7.542154909915399e-07,2.297797269683653e-07,1.6878048766607365e-07,1.6878048766607365e-07,-7.548864760597933e-09,1.873975496914659e-08,1.8739754969146592e-08,0.9989118826795463,-7.897781177688145e-08,-7.897781177688145e-08,-3.308722452105285e-24,12518.996871433837
2.1229834557405103,1.500590859934391e-07,1.687479140598646e-07,0.9989109378166101,-7.538843333644643e-07,-7.538843333644643e-07,2.2976098970586382e-07,1.6871656411028697e-07,1.6871656411028697e-07,-7.669919019367677e-09,1.868882806642553e-08,1.8688828066425516e-08,0.9989114440603523,-7.889267712500587e-08,-7.889267712500587e-08,1.3234889798963911e-23,12461.617409552806
2.125286040833504,1.5004834060415812e-07,1.686862536310688e-07,0.9989105010867605,-7.535304325269962e-07,-7.535304325269962e-07,2.2974198250418528e-07,1.686524183383978e-07,1.686524183383978e-07,-7.790682078558365e-09,1.863791302691069e-08,1.8637913026910673e-08,0.9989110071455214,-7.878541800272102e-08,-7.878541800272102e-08,1.6543612249184626e-23,12404.500074900037
2.1275886259264984,1.500374290649551e-07,1.686244391137522e-07,0.9989100660561776,-7.531534174310578e-07,-7.531534174310578e-07,2.2972270597577832e-07,1.6858806368319286e-07,1.6858806368319286e-07,-7.911154473479662e-09,1.8587010048797114e-08,1.8587010048797108e-08,0.998910571929495,-7.865566097604895e-08,-7.865566097604895e-08,6.617444898556862e-24,12347.643680328343
2.1298912110194923,1.5002635177339807e-07,1.6856247110301889e-07,0.9989096327193121,-7.527530450253778e-07,-7.527530450253778e-07,2.2970316073223658e-07,1.6852351368416062e-07,1.6852351368416062e-07,-8.031336738436415e-09,1.8536119329620786e-08,1.8536119329620816e-08,0.9989101384067254,-7.850316061330225e-08,-7.850316061330225e-08,-2.9778502053767823e-23,12291.047043948618
2.1321937961124866,1.5001510912634426e-07,1.6850035019260352e-07,0.9989092010706255,-7.523291995782319e-07,-7.523291995782319e-07,2.2968334738429866e-07,1.6845878201436413e-07,1.6845878201436413e-07,-8.151229406731131e-09,1.8485241066259255e-08,1.8485241066259255e-08,0.9989097065716761,-7.832779880781786e-08,-7.832779880781786e-08,-1.8503336977974477e-33,12234.708989107789
2.1344963812054805,1.500037015199413e-07,1.6843807697487333e-07,0.9989087711045905,-7.518818913058559e-07,-7.518818913058559e-07,2.2966326654184798e-07,1.6839388240773764e-07,1.6839388240773764e-07,-8.27083301066661e-09,1.8434375454932024e-08,1.8434375454932028e-08,0.9989092764188214,-7.812958340636257e-08,-7.812958340636257e-08,-3.308722452053986e-24,12178.628344367151
2.1367989662984748,1.4999212934962842e-07,1.6837565204082967e-07,0.9989083428156909,-7.514112543311711e-07,-7.514112543311711e-07,2.2964291881391293e-07,1.683288285872002e-07,1.683288285872002e-07,-8.39014808154852e-09,1.838352269120123e-08,1.8383522691201253e-08,0.998908847942647,-7.790864616785244e-08,-7.790864616785244e-08,-2.316105715331823e-23,12122.803943480394
2.1391015513914686,1.499803930101376e-07,1.6831307598010996e-07,0.9989079161984211,-7.509175440010278e-07,-7.509175440010278e-07,2.2962230480866686e-07,1.682636341939668e-07,1.682636341939668e-07,-8.509175149687556e-09,1.833268296997237e-08,1.8332682969972362e-08,0.9989084211376491,-7.76652400805879e-08,-7.76652400805879e-08,6.617444898599154e-24,12067.234625372117
2.1414041364844625,1.4996849289549477e-07,1.6825034938098934e-07,0.9989074912472875,-7.504011335925889e-07,-7.504011335925889e-07,2.2960142513342794e-07,1.681983127184203e-07,1.681983127184203e-07,-8.627914744402258e-09,1.8281856485494548e-08,1.8281856485494574e-08,0.9989079959983357,-7.739973606863157e-08,-7.739973606863157e-08,-2.64697796035136e-23,12011.919234116
2.143706721577457,1.4995642939902104e-07,1.681874728303824e-07,0.9989070679568072,-7.498625104423291e-07,-7.498625104423291e-07,2.2958028039465926e-07,1.681328774328902e-07,1.681328774328902e-07,-8.746367394021439e-09,1.823104343136137e-08,1.8231043431361372e-08,0.9989075725192257,-7.71126191207995e-08,-7.71126191207995e-08,-3.308722452020514e-24,11956.856618913396
2.1460093066704506,1.499442029133338e-07,1.681244469138452e-07,0.9989066463215083,-7.493022715332329e-07,-7.493022715332329e-07,2.295588711979689e-07,1.680673413266661e-07,1.680673413266661e-07,-8.864533625886436e-09,1.818024400051138e-08,1.8180244000511402e-08,0.998907150694849,-7.680448387785214e-08,-7.680448387785214e-08,-2.3161057153284898e-23,11902.04563407183
2.148311891763445,1.4993181383034786e-07,1.6806127221557668e-07,0.9989062263359305,-7.487211185779505e-07,-7.487211185779505e-07,2.2953719814810985e-07,1.6800171704355097e-07,1.6800171704355097e-07,-8.982413966353524e-09,1.812945838522881e-08,1.812945838522882e-08,0.9989067305197472,-7.647602971564374e-08,-7.647602971564374e-08,-9.926167352428215e-24,11847.48513898358
2.150614476856439,1.4991926254127685e-07,1.6799794931842085e-07,0.9989058079946248,-7.481198526372134e-07,-7.481198526372134e-07,2.295152618489801e-07,1.679360168222407e-07,1.679360168222407e-07,-9.100008940796812e-09,1.8078686777144012e-08,1.8078686777144006e-08,0.9989063119884728,-7.612805536352994e-08,-7.612805536352994e-08,6.6174448986405476e-24,11793.173998104356
2.1529170619494327,1.4990654943663407e-07,1.6793447880386821e-07,0.9989053912921532,-7.4749936831441e-07,-7.4749936831441e-07,2.2949306290362273e-07,1.6787025243979157e-07,1.6787025243979157e-07,-9.217319073610407e-09,1.8027929367234137e-08,1.802792936723414e-08,0.9989058950955896,-7.576145309893717e-08,-7.576145309893717e-08,-3.3087224519876126e-24,11739.111080932065
2.155219647042427,1.4989367490623397e-07,1.6787086125205785e-07,0.998904976223089,-7.468606475683151e-07,-7.468606475683151e-07,2.2947060191422575e-07,1.6780443515841568e-07,1.6780443515841568e-07,-9.334344888210445e-09,1.797718634582388e-08,1.7977186345823875e-08,0.9989054798356728,-7.537720256008375e-08,-7.537720256008375e-08,6.617444898656857e-24,11685.295261985651
2.157522232135421,1.498806393391931e-07,1.678070972417791e-07,0.9989045627820172,-7.462047531868416e-07,-7.462047531868416e-07,2.2944787948212246e-07,1.6773857567581904e-07,1.6773857567581904e-07,-9.451086907038284e-09,1.792645790258601e-08,1.7926457902585988e-08,0.998905066203309,-7.497636421972526e-08,-7.497636421972526e-08,2.3161057149725512e-23,11631.725420783967
2.159824817228415,1.4986744312393132e-07,1.677431873504733e-07,0.998904150963534,-7.455328219653823e-07,-7.455328219653823e-07,2.294248962077912e-07,1.6767268407927377e-07,1.6767268407927377e-07,-9.567545651562086e-09,1.787574422654197e-08,1.787574422654197e-08,0.998904654193096,-7.45600725634892e-08,-7.45600725634892e-08,-1.751195016991563e-33,11578.400441824777
2.162127402321409,1.4985408664817307e-07,1.6767913215423576e-07,0.9989037407622469,-7.448460576335544e-07,-7.448460576335544e-07,2.294016526908557e-07,1.676067698035907e-07,1.676067698035907e-07,-9.683721642279964e-09,1.7825045506062654e-08,1.7825045506062687e-08,0.9989042437996434,-7.41295290166114e-08,-7.41295290166114e-08,-3.3087224503864265e-23,11525.319214563806
2.1644299874144033,1.4984057029894845e-07,1.676149322278175e-07,0.9989033321727747,-7.441457235743898e-07,-7.441457235743898e-07,2.2937814953008496e-07,1.6754084159313282e-07,1.6754084159313282e-07,-9.799615398721847e-09,1.7774361928869052e-08,1.777436192886906e-08,0.9989038350175714,-7.36859946631198e-08,-7.36859946631198e-08,-6.617444902159386e-24,11472.480633393832
2.166732572507397,1.498268944625943e-07,1.675505881446271e-07,0.9989029251897481,-7.434331353797192e-07,-7.434331353797192e-07,2.2935438732339337e-07,1.6747490746798741e-07,1.6747490746798741e-07,-9.915227439451892e-09,1.7723693682032754e-08,1.7723693682032787e-08,0.9989034278415125,-7.323078280121085e-08,-7.323078280121085e-08,-3.308722450384831e-23,11419.883597623946
2.169035157600391,1.4981305952475557e-07,1.674861004767324e-07,0.998902519807809,-7.427096532852797e-07,-7.427096532852797e-07,2.2933036666784083e-07,1.6740897469438639e-07,1.6740897469438639e-07,-1.0030558282071241e-08,1.7673040951976817e-08,1.7673040951976824e-08,0.9989030222661104,-7.276525137835015e-08,-7.276525137835015e-08,-6.617444902143492e-24,11367.52701145878
2.1713377426933853,1.4979906587038628e-07,1.674214697948625e-07,0.9989021160216106,-7.419766745282896e-07,-7.419766745282896e-07,2.2930608815963287e-07,1.673430497594432e-07,1.673430497594432e-07,-1.0145608443219862e-08,1.762240392447622e-08,1.762240392447622e-08,0.99890261828602,-7.22907953488396e-08,-7.22907953488396e-08,-1.711376913373954e-33,11315.409783977842
2.173640327786379,1.4978491388375076e-07,1.6735669666840957e-07,0.9989017138258179,-7.412356256695782e-07,-7.412356256695782e-07,2.2928155239412066e-07,1.6727713835024793e-07,1.6727713835024793e-07,-1.0260378438579299e-08,1.7571782784658798e-08,1.7571782784658814e-08,0.998902215895908,-7.180883899593994e-08,-7.180883899593994e-08,-1.6543612252764068e-23,11263.530829115014
2.1759429128793735,1.4977060394842482e-07,1.6729178166543063e-07,0.9989013132151076,-7.404879549211923e-07,-7.404879549211923e-07,2.292567599658012e-07,1.6721124533733907e-07,1.6721124533733907e-07,-1.0374868782874712e-08,1.7521177717005838e-08,1.7521177717005815e-08,0.9989018150904525,-7.132082825946982e-08,-7.132082825946982e-08,2.3161057149789086e-23,11211.889065637959
2.1782454979723673,1.4975613644729682e-07,1.6722672535264944e-07,0.9989009141841675,-7.397351245192864e-07,-7.397351245192864e-07,2.2923171146831746e-07,1.6714537476254807e-07,1.6714537476254807e-07,-1.0489079989877357e-08,1.747058890535261e-08,1.747058890535262e-08,0.9989014158643436,-7.082822310868864e-08,-7.082822310868864e-08,-9.926167352324229e-24,11160.483417127734
2.1805480830653616,1.497415117625689e-07,1.6716152829545828e-07,0.9989005167276972,-7.389786031806407e-07,-7.389786031806407e-07,2.2920640749445836e-07,1.6707952983118864e-07,1.6707952983118864e-07,-1.060301257240709e-08,1.742001653288936e-08,1.7420016532889376e-08,0.998901018212282,-7.033248999880759e-08,-7.033248999880759e-08,-1.654361225274069e-23,11109.312811958467
2.1828506681583555,1.4972673027575814e-07,1.6709619105791996e-07,0.998900120840408,-7.382198586796667e-07,-7.382198586796667e-07,2.29180848636159e-07,1.6701371290854282e-07,1.6701371290854282e-07,-1.0716667042334123e-08,1.7369460782161856e-08,1.736946078216182e-08,0.9989006221289812,-6.983509444798682e-08,-6.983509444798682e-08,3.6395946950660807e-23,11058.376183277012
2.1851532532513493,1.4971179236769756e-07,1.670307142027695e-07,0.998899726517023,-7.374603505810006e-07,-7.374603505810006e-07,2.2915503548450087e-07,1.6694792552057315e-07,1.6694792552057315e-07,-1.083004391058187e-08,1.731892183507198e-08,1.7318921835071944e-08,0.9989002276091655,-6.933749376992264e-08,-6.933749376992264e-08,3.63959469506685e-23,11007.672468982728
2.1874558383443437,1.4969669841853747e-07,1.6696509829141612e-07,0.9988993337522765,-7.367015231610091e-07,-7.367015231610091e-07,2.291289686297118e-07,1.6688216835877203e-07,1.6688216835877203e-07,-1.0943143687129063e-08,1.726839987287866e-08,1.726839987287866e-08,0.9988998346475714,-6.88411299953446e-08,-6.88411299953446e-08,-1.6570590203104862e-33,10957.200611707442
2.1897584234373375,1.4968144880774638e-07,1.6689934388394507e-07,0.9988989425409146,-7.359447985495484e-07,-7.359447985495484e-07,2.2910264866116631e-07,1.668164412890395e-07,1.668164412890395e-07,-1.1055966881011663e-08,1.721789507619872e-08,1.7217895076198692e-08,0.9988994432389463,-6.834742301376812e-08,-6.834742301376812e-08,2.6469779600047452e-23,10906.959558795304
2.192061008530332,1.4966604391411238e-07,1.668334515391195e-07,0.9988985528776954,-7.351915701212954e-07,-7.351915701212954e-07,2.2907607616738556e-07,1.6675074336446314e-07,1.6675074336446314e-07,-1.1168514000325995e-08,1.716740762500711e-08,1.7167407625007114e-08,0.99889905337805,-6.785776396481744e-08,-6.785776396481744e-08,-3.308722451853951e-24,10856.948262282789
2.1943635936233257,1.4965048411574412e-07,1.6676742181438228e-07,0.9988981647573884,-7.344431961638361e-07,-7.344431961638361e-07,2.290492517360377e-07,1.6668507284185756e-07,1.6668507284185756e-07,-1.1280785552230154e-08,1.7116937698638198e-08,1.7116937698638165e-08,0.9988986650596537,-6.737350890630696e-08,-6.737350890630696e-08,3.3087224500486823e-23,10807.165678878857
2.1966661787163195,1.4963476979007193e-07,1.6670125526585808e-07,0.9988977781747749,-7.337009938474614e-07,-7.337009938474614e-07,2.2902217595393798e-07,1.6661942720190513e-07,1.6661942720190513e-07,-1.1392782042946503e-08,1.7066485475786173e-08,1.706648547578615e-08,0.9988982782785407,-6.68959727840291e-08,-6.68959727840291e-08,2.316105714985802e-23,10757.610769945015
2.198968763809314,1.496189013138491e-07,1.6663495244835494e-07,0.998897393124648,-7.329662335193964e-07,-7.329662335193964e-07,2.2899484940704878e-07,1.6655380317272587e-07,1.6655380317272587e-07,-1.1504503977764288e-08,1.7016051134505856e-08,1.701605113450584e-08,0.9988978930295054,-6.642642372597663e-08,-6.642642372597663e-08,1.6543612249441295e-23,10708.282501475616
2.2012713489023077,1.4960287906315282e-07,1.665685139153665e-07,0.9988970096018126,-7.322401333428874e-07,-7.322401333428874e-07,2.2896727268048e-07,1.6648819675669122e-07,1.6648819675669122e-07,-1.1615951861041182e-08,1.6965634852213686e-08,1.6965634852213682e-08,0.9988975093073543,-6.596607768142134e-08,-6.596607768142134e-08,3.308722448600315e-24,10659.179844078133
2.203573933995302,1.4958670341338547e-07,1.665019402190736e-07,0.9988966276010853,-7.315238542991525e-07,-7.315238542991525e-07,2.2893944635848918e-07,1.6642260326028547e-07,1.6642260326028547e-07,-1.1727126196206378e-08,1.6915236805688116e-08,1.691523680568813e-08,0.998897127106906,-6.55160934228581e-08,-6.55160934228581e-08,-1.3234889802452807e-23,10610.301772953526
2.205876519088296,1.4957037473927565e-07,1.664352319103464e-07,0.9988962471172946,-7.308184955679732e-07,-7.308184955679732e-07,2.289113710244816e-07,1.6635701732680754e-07,1.6635701732680754e-07,-1.1838027485762051e-08,1.6864857171070758e-08,1.686485717107074e-08,0.9988967464229903,-6.507756792658762e-08,-6.507756792658762e-08,1.6543612249463583e-23,10561.647267876717
2.20817910418129,1.4955389341487938e-07,1.663683895387461e-07,0.9988958681452808,-7.301250903002582e-07,-7.301250903002582e-07,2.2888304726101062e-07,1.662914329716982e-07,1.662914329716982e-07,-1.1948656231285926e-08,1.681449612386672e-08,1.6814496123866717e-08,0.9988963672504494,-6.465153214527381e-08,-6.465153214527381e-08,3.3087224486225073e-24,10513.215313177061
2.210481689274284,1.495372598135811e-07,1.6630141365252707e-07,0.9988954906798956,-7.294446017935879e-07,-7.294446017935879e-07,2.2885447564977774e-07,1.662258436202689e-07,1.662258436202689e-07,-1.20590129334333e-08,1.6764153838945956e-08,1.6764153838945956e-08,0.9988959895841365,-6.423894718347961e-08,-6.423894718347961e-08,-1.5822700406685954e-33,10465.004897718998
2.212784274367278,1.4952047430809498e-07,1.6623430479863846e-07,0.9988951147160032,-7.287779200794582e-07,-7.287779200794582e-07,2.2882565677163294e-07,1.6616024214760338e-07,1.6616024214760338e-07,-1.2169098091939588e-08,1.6713830490543503e-08,1.671383049054348e-08,0.9988956134189176,-6.384070088490439e-08,-6.384070088490439e-08,2.3161057149909806e-23,10417.015014882654
2.215086859460272,1.4950353727046577e-07,1.6616706352272634e-07,0.9988947402484795,-7.2812585892858e-07,-7.2812585892858e-07,2.287965912065748e-07,1.6609462092039755e-07,1.6609462092039755e-07,-1.2278912205622e-08,1.6663526252260597e-08,1.666352625226057e-08,0.99889523874967,-6.345760483767467e-08,-6.345760483767467e-08,2.6469779600129188e-23,10369.244662544606
2.217389444553266,1.4948644907207026e-07,1.6609969036913563e-07,0.9988943672722119,-7.274891532784329e-07,-7.274891532784329e-07,2.2876727953375083e-07,1.6602897184050014e-07,1.6602897184050014e-07,-1.2388455772382176e-08,1.6613241297065362e-08,1.661324129706538e-08,0.998894865571283,-6.309039180189039e-08,-6.309039180189039e-08,-1.6543612252621013e-23,10321.692843058705
2.2196920296462603,1.4946921008361803e-07,1.660321858809118e-07,0.9988939957821001,-7.268684570849838e-07,-7.268684570849838e-07,2.287377223314576e-07,1.659632863899137e-07,1.659632863899137e-07,-1.2497729289208013e-08,1.6562975797293786e-08,1.6562975797293772e-08,0.9988944938786578,-6.273971356133658e-08,-6.273971356133658e-08,1.3234889799295189e-23,10274.358563236896
2.221994614739254,1.494518206751529e-07,1.6596455059980303e-07,0.9988936257730556,-7.262643415984319e-07,-7.262643415984319e-07,2.28707920177141e-07,1.6589755567701524e-07,1.6589755567701524e-07,-1.260673325217609e-08,1.6512729924650133e-08,1.651272992465013e-08,0.9988941236667074,-6.240613919921978e-08,-6.240613919921978e-08,3.3087224486660315e-24,10227.240834330252
2.2242971998322485,1.4943428121605383e-07,1.6589678506626202e-07,0.9988932572400018,-7.256772940607003e-07,-7.256772940607003e-07,2.2867787364739651e-07,1.6583177048375506e-07,1.6583177048375506e-07,-1.2715468156453575e-08,1.6462503850208193e-08,1.6462503850208186e-08,0.9988937549303569,-6.209015379565221e-08,-6.209015379565221e-08,6.617444898885286e-24,10180.338672009902
2.2265997849252424,1.4941659207503602e-07,1.6582888981944788e-07,0.9988928901778739,-7.251077168205243e-07,-7.251077168205243e-07,2.2864758331796944e-07,1.6576592131359432e-07,1.6576592131359432e-07,-1.2823934496300539e-08,1.6412297744411852e-08,1.6412297744411855e-08,0.9988933876645433,-6.179215754273278e-08,-6.179215754273278e-08,-3.3087224517439334e-24,10133.6510963482
2.228902370018236,1.4939875362015219e-07,1.6576086539722823e-07,0.9988925245816191,-7.245559268599255e-07,-7.245559268599255e-07,2.286170497637552e-07,1.6569999843994425e-07,1.6569999843994425e-07,-1.2932132765071993e-08,1.6362111777076046e-08,1.636211177707605e-08,0.9988930218642154,-6.15124652710126e-08,-6.15124652710126e-08,-3.308722451736852e-24,10087.177131799837
2.2312049551112305,1.4938076621879346e-07,1.656927123361809e-07,0.9988921604461969,-7.240221557242508e-07,-7.240221557242508e-07,2.2858627355879943e-07,1.656339919548728e-07,1.656339919548728e-07,-1.3040063455220106e-08,1.631194611738745e-08,1.6311946117387447e-08,0.9988926575243339,-6.125130637952722e-08,-6.125130637952722e-08,3.30872244869442e-24,10040.91580718308
2.2335075402042244,1.4936263023769067e-07,1.6562443117159615e-07,0.9988917977665783,-7.235065498460846e-07,-7.235065498460846e-07,2.2855525527629852e-07,1.655678918178499e-07,1.655678918178499e-07,-1.3147727058296287e-08,1.6261800933905483e-08,1.6261800933905473e-08,0.9988922946398718,-6.100882515969998e-08,-6.100882515969998e-08,9.926167349125662e-24,9994.866155661124
2.2358101252972187,1.4934434604291532e-07,1.655560224374783e-07,0.9988914365377465,-7.230091712518627e-07,-7.230091712518627e-07,2.2852399548859962e-07,1.6550168790430746e-07,1.6550168790430746e-07,-1.325512406495307e-08,1.621167639456299e-08,1.6211676394562984e-08,0.9988919332058138,-6.07850815019495e-08,-6.07850815019495e-08,6.61744489892054e-24,9949.02721472336
2.2381127103902125,1.493259139998808e-07,1.65487486666548e-07,0.9988910767546966,-7.225299986384361e-07,-7.225299986384361e-07,2.284924947672011e-07,1.654353700537966e-07,1.654353700537966e-07,-1.3362254964946663e-08,1.6161572666667213e-08,1.61615726666672e-08,0.9988915732171566,-6.058005197224406e-08,-6.058005197224406e-08,1.323488979935172e-23,9903.398026166968
2.2404152954832064,1.4930733447334337e-07,1.6541882439024389e-07,0.9988907184124358,-7.220689288055098e-07,-7.220689288055098e-07,2.2846075368275273e-07,1.65368928117532e-07,1.65368928117532e-07,-1.3469120247138692e-08,1.6111489916900538e-08,1.6111489916900518e-08,0.998891214668909,-6.039363124453425e-08,-6.039363124453425e-08,1.985233469978287e-23,9857.977636078302
2.2427178805762007,1.4928860782740326e-07,1.653500361387247e-07,0.9988903615059834,-7.216257784285874e-07,-7.216257784285874e-07,2.2842877280505599e-07,1.6530235200512168e-07,1.6530235200512168e-07,-1.3575720399498367e-08,1.6061428311321446e-08,1.6061428311321446e-08,0.9988908575560919,-6.022563387368854e-08,-6.022563387368854e-08,-1.4828961855143843e-33,9812.765094814511
2.2450204656691946,1.4926973442550592e-07,1.6528112244087125e-07,0.9988900060303705,-7.212002861558912e-07,-7.212002861558912e-07,2.2839655270306437e-07,1.652356317302881e-07,1.652356317302881e-07,-1.368205590910458e-08,1.601138801536532e-08,1.6011388015365338e-08,0.9988905018737378,-6.007579639240616e-08,-6.007579639240616e-08,-1.6543612252536584e-23,9767.75945698527
2.247323050762189,1.4925071463044293e-07,1.652120838242883e-07,0.9988896519806402,-7.207921150117287e-07,-7.207921150117287e-07,2.2836409394488371e-07,1.6516875745539705e-07,1.6516875745539705e-07,-1.378812726214799e-08,1.596136919384537e-08,1.5961369193845378e-08,0.9988901476168917,-5.994377971457546e-08,-5.994377971457546e-08,-6.617444901893413e-24,9722.959781434362
2.2496256358551827,1.4923154880435318e-07,1.651429208153066e-07,0.9988892993518479,-7.204008550877904e-07,-7.204008550877904e-07,2.283313970977725e-07,1.6510171953462007e-07,1.6510171953462007e-07,-1.389393494393301e-08,1.5911372010953445e-08,1.5911372010953422e-08,0.9988897947806104,-5.982917182656396e-08,-5.982917182656396e-08,2.3161057150022392e-23,9678.365131221613
2.251928220948177,1.492122373087239e-07,1.6507363393898468e-07,0.9988889481390609,-7.200260265031796e-07,-7.200260265031796e-07,2.2829846272814206e-07,1.6503450855556707e-07,1.6503450855556707e-07,-1.399947943887996e-08,1.5861396630260778e-08,1.586139663026077e-08,0.9988894433599628,-5.973149074724084e-08,-5.973149074724084e-08,6.617444898968616e-24,9633.974573604666
2.254230806041171,1.4919278050439192e-07,1.650042237191111e-07,0.9988885983373585,-7.196670826131256e-07,-7.196670826131256e-07,2.2826529140155702e-07,1.6496711537923623e-07,1.6496711537923623e-07,-1.4104761230527012e-08,1.5811443214719167e-08,1.5811443214719174e-08,0.9988890933500297,-5.965018773668125e-08,-5.965018773668125e-08,-6.617444901873077e-24,9589.787180020949
2.2565333911341647,1.4917317875154445e-07,1.649346906782062e-07,0.9988882499418323,-7.193234134459539e-07,-7.193234134459539e-07,2.2823188368273558e-07,1.6489953117813976e-07,1.6489953117813976e-07,-1.4209780801532338e-08,1.5761511926661742e-08,1.5761511926661752e-08,0.9988887447459044,-5.958465073312908e-08,-5.958465073312908e-08,-9.92616735207847e-24,9545.802026069658
2.258835976227159,1.4915343240972044e-07,1.648650353375241e-07,0.9988879029475858,-7.189943493472651e-07,-7.189943493472651e-07,2.2819824013554985e-07,1.6483174747247637e-07,1.6483174747247637e-07,-1.4314538633675991e-08,1.571160292780365e-08,1.5711602927803667e-08,0.9988883975426918,-5.953420799716871e-08,-5.953420799716871e-08,-1.6543612252496e-23,9502.018191493848
2.261138561320153,1.4913354183781156e-07,1.6479525821705484e-07,0.9988875573497343,-7.186791648100924e-07,-7.186791648100924e-07,2.2816436132302612e-07,1.6476375616423209e-07,1.6476375616423209e-07,-1.4419035207862006e-08,1.5661716379243276e-08,1.566171637924328e-08,0.998888051735509,-5.949813194187302e-08,-5.949813194187302e-08,-3.308722451640899e-24,9458.434760162581
2.263441146413147,1.491135073940632e-07,1.6472535983552608e-07,0.9988872131434058,-7.183770824694195e-07,-7.183770824694195e-07,2.2813024780734529e-07,1.6469554956910374e-07,1.6469554956910374e-07,-1.4523271004120546e-08,1.5611852441462862e-08,1.5611852441462865e-08,0.9988877073194853,-5.9475643127315165e-08,-5.9475643127315165e-08,-3.3087224516342686e-24,9415.050820053078
2.265743731506141,1.4909332943607575e-07,1.646553407104053e-07,0.9988868703237398,-7.180872772394712e-07,-7.180872772394712e-07,2.2809590014984313e-07,1.6462712044615218e-07,1.6462712044615218e-07,-1.4627246501609545e-08,1.556201127432952e-08,1.5562011274329544e-08,0.9988873642897619,-5.946591439785004e-08,-5.946591439785004e-08,-2.3161057152900332e-23,9371.865463233076
2.2680463165991354,1.4907300832080542e-07,1.6458520135790173e-07,0.9988865288858884,-7.178088805720694e-07,-7.178088805720694e-07,2.280613189110107e-07,1.645584620251031e-07,1.645584620251031e-07,-1.4730962178617235e-08,1.5512193037096306e-08,1.551219303709631e-08,0.9988870226414924,-5.946807514046246e-08,-5.946807514046246e-08,-3.308722451621094e-24,9328.877785843108
2.270348901692129,1.4905254440456548e-07,1.6451494229296833e-07,0.9988861888250153,-7.175409848144705e-07,-7.175409848144705e-07,2.2802650465049474e-07,1.6448956803122728e-07,1.6448956803122728e-07,-1.4834418512563479e-08,1.546239788840287e-08,1.546239788840285e-08,0.9988866823698422,-5.9481215642597165e-08,-5.9481215642597165e-08,1.9852334699870223e-23,9286.08688807894
2.272651486785123,1.4903193804302734e-07,1.6444456402930373e-07,0.9988858501362968,-7.172826476452869e-07,-7.172826476452869e-07,2.2799145792709782e-07,1.64420432707743e-07,1.64420432707743e-07,-1.4937615980002357e-08,1.541262598627641e-08,1.54126259862764e-08,0.998886343469989,-5.950439152807196e-08,-5.950439152807196e-08,9.926167349240408e-24,9243.491874174071
2.2749540718781174,1.4901118959122154e-07,1.6437406707935427e-07,0.998885512814921,-7.170328965673399e-07,-7.170328965673399e-07,2.2795617929877895e-07,1.6435105083569632e-07,1.6435105083569632e-07,-1.504055505662389e-08,1.5362877488132737e-08,1.5362877488132733e-08,0.9988860059371222,-5.95366282499228e-08,-5.95366282499228e-08,3.308722448822672e-24,9201.091852382235
2.2772566569711112,1.4899029940353887e-07,1.6430345195431598e-07,0.9988851768560882,-7.167907334366772e-07,-7.167907334366772e-07,2.2792066932265384e-07,1.6428141775128656e-07,1.6428141775128656e-07,-1.5143236217255836e-08,1.531315255077712e-08,1.5313152550777107e-08,0.9988856697664441,-5.957692561941325e-08,-5.957692561941325e-08,1.3234889799465462e-23,9158.885934960084
2.2795592420641055,1.4896926783373138e-07,1.642327191641366e-07,0.9988848422550108,-7.165551390074103e-07,-7.165551390074103e-07,2.2788492855499524e-07,1.6421152936061602e-07,1.6421152936061602e-07,-1.5245659935865984e-08,1.526345133040521e-08,1.5263451330405203e-08,0.9988853349531683,-5.962426235086397e-08,-5.962426235086397e-08,6.61744489904767e-24,9116.87323814981
2.2818618271570994,1.4894809523491357e-07,1.6416186921751752e-07,0.9988845090069134,-7.16325077472546e-07,-7.16325077472546e-07,2.278489575512334e-07,1.6414138215185466e-07,1.6414138215185466e-07,-1.534782668556383e-08,1.5213773982603952e-08,1.521377398260395e-08,0.998885001492521,-5.967760060247589e-08,-5.967760060247589e-08,3.30872244884196e-24,9075.052882161928
2.2841644122500933,1.4892678195956325e-07,1.6409090262191586e-07,0.9988841771070327,-7.160995009815936e-07,-7.160995009815936e-07,2.2781275686595637e-07,1.6407097320482199e-07,1.6407097320482199e-07,-1.544973693860275e-08,1.516412066235261e-08,1.5164120662352608e-08,0.9988846693797405,-5.973589049393011e-08,-5.973589049393011e-08,3.308722448848333e-24,9033.423991158084
2.2864669973430876,1.4890532835952284e-07,1.6401981988354638e-07,0.9988838465506175,-7.158773541163551e-07,-7.158773541163551e-07,2.2777632705291053e-07,1.640003001979984e-07,1.640003001979984e-07,-1.5551391166381733e-08,1.511449152402354e-08,1.5114491524023544e-08,0.9988843386100771,-5.97980745821696e-08,-5.97980745821696e-08,-3.3087224515695444e-24,8991.985693233946
2.2887695824360814,1.488837347860002e-07,1.6394862150738354e-07,0.9988835173329287,-7.156575783070564e-07,-7.156575783070564e-07,2.277396686650008e-07,1.6392936141298976e-07,1.6392936141298976e-07,-1.565278983944739e-08,1.5064886721383312e-08,1.5064886721383332e-08,0.9988840091787932,-5.98630922775222e-08,-5.98630922775222e-08,-1.985233470262378e-23,8950.737120402175
2.2910721675290757,1.4886200158956985e-07,1.638773079971635e-07,0.9988831894492394,-7.154391161717055e-07,-7.154391161717055e-07,2.277027822542912e-07,1.638581557364787e-07,1.638581557364787e-07,-1.5753933427495965e-08,1.501530640759366e-08,1.501530640759366e-08,0.9988836810811633,-5.992988418305148e-08,-5.992988418305148e-08,-1.3448275819429577e-33,8909.677408575388
2.2933747526220696,1.4884012912017398e-07,1.638058798553862e-07,0.9988828628948349,-7.152209157624435e-07,-7.152209157624435e-07,2.2766566837200513e-07,1.6378668265970562e-07,1.6378668265970562e-07,-1.5854822399375173e-08,1.496575073521221e-08,1.4965750735212207e-08,0.9988833543124744,-5.999739634089872e-08,-5.999739634089872e-08,3.3087224488735444e-24,8868.805697549316
2.295677337715064,1.4881811772712347e-07,1.6373433758331708e-07,0.9988825376650126,-7.150019347034686e-07,-7.150019347034686e-07,2.2762832756852592e-07,1.637149422755318e-07,1.637149422755318e-07,-1.5955457223085956e-08,1.4916219856193605e-08,1.4916219856193608e-08,0.9988830288680253,-6.006458437020022e-08,-6.006458437020022e-08,-3.308722451544443e-24,8828.121130985906
2.2979799228080577,1.4879596775909898e-07,1.6366268168098956e-07,0.9988822137550818,-7.147811442060416e-07,-7.147811442060416e-07,2.2759076039339706e-07,1.6364293527314585e-07,1.6364293527314585e-07,-1.6055838365784733e-08,1.486671392189059e-08,1.4866713921890584e-08,0.9988827047431268,-6.013041748208338e-08,-6.013041748208338e-08,6.617444899098095e-24,8787.622856396545
2.3002825079010516,1.4877367956415195e-07,1.6359091264720665e-07,0.9988818911603644,-7.145575329470215e-07,-7.145575329470215e-07,2.275529673953228e-07,1.63570662930483e-07,1.63570662930483e-07,-1.6155966293784906e-08,1.4817233083054688e-08,1.4817233083054695e-08,0.9988823819331023,-6.019388235819489e-08,-6.019388235819489e-08,-6.617444901744171e-24,8747.310025125365
2.302585092994046,1.4875125348970574e-07,1.6351903097954313e-07,0.9988815698761941,-7.143301107983378e-07,-7.143301107983378e-07,2.275149491221685e-07,1.6349812710443393e-07,1.6349812710443393e-07,-1.6255841472559158e-08,1.4767777489837402e-08,1.4767777489837382e-08,0.9988820604332871,-6.025398688016531e-08,-6.025398688016531e-08,1.9852334699958867e-23,8707.18179233256
