ln_a,zeta,u,delta_b,delta_gamma,delta_nu,theta_b,theta_gamma,theta_nu,alpha,Phi_N,Psi_N,delta_b_N,delta_gamma_N,delta_nu_N,slip_residual,canonical_denominator
0.0,0.0,0.0,1.0,0.0,0.0,0.0,0.0,0.0,7.486626539483207e-08,0.0,0.0,1.0,0.0,0.0,3.743313269741603e-32,2830947.2113438663
0.002302585092994046,1.1314588968690815e-10,1.7203626866229606e-10,0.9999999996238245,-5.444430869619639e-10,-5.444430869619639e-10,1.7210411578905225e-10,1.7215827016958314e-10,1.7215827016958314e-10,7.469431845464101e-08,5.889037897539017e-11,5.889037897538791e-11,1.0000000001399332,1.4370198768722038e-10,1.4370198768722038e-10,2.2618220241747455e-24,2823424.4929837263
0.004605170185988092,2.2595362784799476e-10,3.433755360775362e-10,0.9999999990293403,-1.5125185716927522e-09,-1.5125185716927522e-09,3.436462856249931e-10,3.437269316544745e-10,3.437269316544745e-10,7.452253140152014e-08,1.174219082295316e-10,1.1742190822954144e-10,1.0000000000594669,-1.3901642738260742e-10,-1.3901642738260742e-10,-9.848619132185362e-24,2815894.6260325904
0.0069077552789821375,3.3842422535064234e-10,5.140213173341695e-10,0.9999999980002465,-2.8475945804182004e-09,-2.8475945804182004e-09,5.146290726458745e-10,5.144509403348487e-10,5.144509403348487e-10,7.435090599306405e-08,1.75597091983522e-10,1.7559709198352716e-10,0.9999999995423104,-7.915093110815224e-10,-7.915093110815224e-10,-5.16987879312616e-24,2808357.85641507
0.009210340371976183,4.5055869150601807e-10,6.839771048773754e-10,0.9999999963235167,-4.080988426255712e-09,-4.080988426255712e-09,6.85055025928617e-10,6.842463044378985e-10,6.842463044378985e-10,7.417944396559968e-08,2.3341841337135337e-10,2.3341841337135735e-10,0.999999998375448,-1.3450800067462101e-09,-1.3450800067462101e-09,-3.980806663268028e-24,2800814.429209451
0.01151292546497023,5.623580338699078e-10,8.532463686261946e-10,0.9999999937893724,-4.854138925052789e-09,-4.854138925052789e-09,8.549266805197587e-10,8.532943285746888e-10,8.532943285746888e-10,7.400814703432855e-08,2.9088833475627857e-10,2.908883347562869e-10,0.9999999963491115,-1.4411534505480105e-09,-1.4411534505480105e-09,-8.323504879851312e-24,2793264.588631102
0.013815510557964275,6.738232580866149e-10,1.0218325560902858e-09,0.9999999901912566,-5.317040667276119e-09,-5.317040667276119e-09,1.0242465574669035e-09,1.021843616299877e-09,1.021843616299877e-09,7.38370168934684e-08,3.480092980036698e-10,3.4800929800367084e-10,0.9999999932567543,-1.229710442914976e-09,-1.229710442914976e-09,-1.0339757324007468e-24,2785708.578013304
0.01611809565095832,7.849553679143531e-10,1.1897390924865686e-09,0.9999999853258055,-5.957880377271017e-09,-5.957880377271017e-09,1.1930171638508476e-09,1.189937625371346e-09,1.189937625371346e-09,7.366605521639535e-08,4.047837245722071e-10,4.0478372457221545e-10,0.9999999888950227,-1.1989240073247425e-09,-1.1989240073247425e-09,-8.37520366947502e-24,2778146.6397929015
0.018420680743952367,8.957553653657541e-10,1.3569693808561384e-09,0.9999999789928229,-7.060998430468181e-09,-7.060998430468181e-09,1.36124099281838e-09,1.3573714651720342e-09,1.3573714651720342e-09,7.349526365578531e-08,4.612140154903811e-10,4.612140154903843e-10,0.9999999830637311,-1.6331209070436275e-09,-1.6331209070436275e-09,-3.2053248416779682e-24,2770579.015494476
0.020723265836946413,1.00622425077366e-09,1.5235268021814831e-09,0.9999999709952526,-8.395161204159721e-09,-8.395161204159721e-09,1.528920523615745e-09,1.5239230888344049e-09,1.5239230888344049e-09,7.332464384375472e-08,5.173025514078295e-10,5.173025514078232e-10,0.999999975565833,-2.3010539954337885e-09,-2.3010539954337885e-09,6.307252202029202e-24,2763005.945713519
0.02302585092994046,1.1163630226792714e-09,1.6894147155036799e-09,0.9999999611391528,-9.471962089340964e-09,-9.471962089340964e-09,1.6960582216227544e-09,1.6896015594228746e-09,1.6896015594228746e-09,7.315419739200087e-08,5.730516928244058e-10,5.730516928244085e-10,0.999999966207397,-2.7143032273262443e-09,-2.7143032273262443e-09,-2.688336960130955e-24,2755427.6701005367
0.025328436022934504,1.2261726776367546e-09,1.854636458039218e-09,0.9999999492336682,-1.0083582201933588e-08,-1.0083582201933588e-08,1.862656538387544e-09,1.8546395468370683e-09,1.8546395468370683e-09,7.298392589194261e-08,6.284637804024745e-10,6.284637804024635e-10,0.9999999547975775,-2.6650363697767157e-09,-2.6650363697767157e-09,1.096014314635463e-23,2747844.4273490533
0.02763102111592855,1.3356542101177688e-09,2.01919534529647e-09,0.9999999350910048,-1.0527898589709082e-08,-1.0527898589709082e-08,2.028717911661957e-09,2.0192408901799306e-09,2.0192408901799306e-09,7.281383091486004e-08,6.835411351786988e-10,6.835411351787011e-10,0.9999999411485908,-2.451117208523202e-09,-2.451117208523202e-09,-2.2747466551266322e-24,2740256.4551751916
0.029933606208922596,1.4448086125868617e-09,2.1830946711921535e-09,0.999999918526403,-1.127931664930184e-08,-1.127931664930184e-08,2.1942447654375526e-09,2.183361623753607e-09,2.183361623753607e-09,7.264391401203485e-08,7.382860586052979e-10,7.382860586052918e-10,0.999999925075687,-2.5469379645332264e-09,-2.5469379645332264e-09,6.1004570463464516e-24,2732663.9903079974
0.03223619130191664,1.553636875632271e-09,2.346337708168057e-09,0.9999998993581117,-1.2470901671033088e-08,-1.2470901671033088e-08,2.359239509982227e-09,2.346762837812334e-09,2.346762837812334e-09,7.247417671488917e-08,7.927008325357854e-10,7.92700832535786e-10,0.9999999063971249,-3.0855508383608593e-09,-3.0855508383608593e-09,-6.203854312667771e-25,2725067.2684711064
0.03453877639491069,1.6621399879802154e-09,2.5089277073079513e-09,0.9999998774073616,-1.3752706349791518e-08,-1.3752706349791518e-08,2.523704541877433e-09,2.5092750822975717e-09,2.5092750822975717e-09,7.23046205351245e-08,8.467877193277337e-10,8.46787719327736e-10,0.9999998849341447,-3.7169955205597128e-09,-3.7169955205597128e-09,-2.2747466569863245e-24,2717466.524370743
0.036841361487904734,1.7703189363511442e-09,2.670867898454316e-09,0.9999998524983401,-1.4674828838145373e-08,-1.4674828838145373e-08,2.6876422440559896e-09,2.670985307950029e-09,2.670985307950029e-09,7.21352469648601e-08,9.005489621031821e-10,9.005489621031717e-10,0.9999998605109438,-3.99135724432811e-09,-3.99135724432811e-09,1.0339757683840187e-23,2709861.9916808964
0.03914394658089878,1.8781747052880397e-09,2.832161490324645e-09,0.9999998244581647,-1.517436866674396e-08,-1.517436866674396e-08,2.8510549858404773e-09,2.832144877167922e-09,2.832144877167922e-09,7.196605747677123e-08,9.539867850366038e-10,9.539867850366052e-10,0.9999998329546492,-3.845722705445379e-09,-3.845722705445379e-09,-1.4475660456413364e-24,2702253.9030288183
0.041446531673892825,1.9857082771141715e-09,2.9928116706274474e-09,0.9999997931168573,-1.564002963605668e-08,-1.564002963605668e-08,3.013945122982201e-09,2.9929008459200836e-09,2.9929008459200836e-09,7.179705352422709e-08,1.007103393513265e-09,1.007103393513276e-09,0.9999998020952923,-3.66878295354689e-09,-3.66878295354689e-09,-1.096014309059581e-23,2694642.4899821794
0.04374911676688687,2.0929206320358288e-09,3.1528216061782943e-09,0.9999997583073191,-1.6490519151497673e-08,-1.6490519151497673e-08,3.1763149977007143e-09,3.1531416708349254e-09,3.1531416708349254e-09,7.16282365414288e-08,1.0599009741424587e-09,1.0599009741424655e-09,0.9999997677657839,-3.879232726784496e-09,-3.879232726784496e-09,-6.824240028419155e-24,2687027.9830362005
0.04605170185988092,2.1998127482508233e-09,3.3121944430160947e-09,0.9999997198653043,-1.7725346123358794e-08,-1.7725346123358794e-08,3.3381669387239005e-09,3.312621816739153e-09,3.312621816739153e-09,7.145960794354594e-08,1.1123816947652617e-09,1.1123816947652714e-09,0.9999997298018877,-4.476568351294415e-09,-4.476568351294415e-09,-9.719372172937118e-24,2679410.6115989536
0.04835428695287496,2.3063856019214845e-09,3.4709333065194223e-09,0.9999996776293951,-1.892888441365334e-08,-1.892888441365334e-08,3.4995032613285888e-09,3.471228849564774e-09,3.471228849564774e-09,7.129116912685334e-08,1.1645477045979407e-09,1.1645477045979378e-09,0.9999996880421951,-5.045151187575651e-09,-5.045151187575651e-09,2.8951321679202536e-24,2671790.6039810046
0.05065687204586901,2.4126401670187792e-09,3.629041301522546e-09,0.9999996314409764,-1.9717290455532268e-08,-1.9717290455532268e-08,3.660326267381706e-09,3.629106141309452e-09,3.629106141309452e-09,7.112292146886715e-08,1.2164011345037678e-09,1.2164011345037667e-09,0.9999996423281002,-5.201125249442084e-09,-5.201125249442084e-09,1.0339757891056559e-24,2664168.1873780657
0.052959457138863054,2.5185774151811343e-09,3.786521512431014e-09,0.9999995811442098,-2.0146699086618934e-08,-2.0146699086618934e-08,3.820638245381945e-09,3.786501967775348e-09,3.786501967775348e-09,7.095486632848079e-08,1.2679440972498721e-09,1.2679440972498798e-09,0.9999995925037743,-5.000613036894878e-09,-5.000613036894878e-09,-7.651420643265458e-24,2656543.5878668255
0.0552620422318571,2.6241983157129285e-09,3.943377003336993e-09,0.9999995265860099,-2.064993496113826e-08,-2.064993496113826e-08,3.980441470501958e-09,3.943508322078036e-09,3.943508322078036e-09,7.078700504610104e-08,1.3191786876240698e-09,1.3191786876240649e-09,0.9999995384161409,-4.876426947790286e-09,-4.876426947790286e-09,4.963083697609802e-24,2648917.030383214
0.057564627324851146,2.7295038356976784e-09,4.099610818134656e-09,0.999999467616018,-2.157513907109222e-08,-2.157513907109222e-08,4.139738204631034e-09,4.099967529940474e-09,4.099967529940474e-09,7.061933894378281e-08,1.3701069824369766e-09,1.3701069824369772e-09,0.9999994799148505,-5.176695798553598e-09,-5.176695798553598e-09,-6.203854376756862e-25,2641288.738717567
0.05986721241784519,2.834494940081614e-09,4.25522598063574e-09,0.9999994040865778,-2.281892397217448e-08,-2.281892397217448e-08,4.298530696418286e-09,4.255643602973931e-09,4.255643602973931e-09,7.0451869325364e-08,1.4207310405541227e-09,1.4207310405541258e-09,0.9999994168522558,-5.7980200496315215e-09,-5.7980200496315215e-09,-3.1019272758815108e-24,2633658.935499708
0.06216979751083924,2.9391725916184013e-09,4.410225494685053e-09,0.9999993358527106,-2.3939147196538065e-08,-2.3939147196538065e-08,4.45682118131631e-09,4.410474746391053e-09,4.410474746391053e-09,7.028459747659949e-08,1.4710529030666506e-09,1.4710529030666517e-09,0.9999993490833871,-6.298245217797853e-09,-6.298245217797853e-09,-1.0339757450399238e-24,2626027.842189394
0.06447238260383328,3.0435377507143057e-09,4.56461234427559e-09,0.9999992627720904,-2.4622258470942063e-08,-2.4622258470942063e-08,4.614611881625325e-09,4.564640516693471e-09,4.564640516693471e-09,7.011752466529504e-08,1.5210745935612948e-09,1.5210745935612847e-09,0.9999992764659275,-6.363809093839702e-09,-6.363809093839702e-09,1.0132962523890678e-23,2618395.679063305
0.06677496769682734,3.1475913753163874e-09,4.7183894936632064e-09,0.9999991847050196,-2.501068870896057e-08,-2.501068870896057e-08,4.771905006537768e-09,4.7183751904185835e-09,4.7183751904185835e-09,6.995065214144077e-08,1.5707981183468166e-09,1.570798118346819e-09,0.9999991988601881,-6.137130734307744e-09,-6.137130734307744e-09,-2.481541818072606e-24,2610762.665205731
0.06907755278982138,3.251334420938481e-09,4.871559887481073e-09,0.9999991015144043,-2.5550097614195844e-08,-2.5550097614195844e-08,4.928702752183355e-09,4.871725418475195e-09,4.871725418475195e-09,6.97839811373446e-08,1.6202254665426013e-09,1.620225466542592e-09,0.999999116129084,-6.063858064271551e-09,-6.063858064271551e-09,9.305781910284039e-24,2603129.0184966233
0.07138013788281541,3.354767840774706e-09,5.024126450854183e-09,0.9999990130657305,-2.6522333802687528e-08,-2.6522333802687528e-08,5.085007301674578e-09,5.0245057033677285e-09,5.0245057033677285e-09,6.961751286776471e-08,1.6693586100794752e-09,1.669358610079477e-09,0.9999990281381098,-6.425827999270796e-09,-6.425827999270796e-09,-1.8611563597002706e-24,2595494.955602657
0.07368272297580947,3.4578925857614373e-09,5.1760920895139355e-09,0.999998919227039,-2.7753944920763678e-08,-2.7753944920763678e-08,5.24082082515264e-09,5.176495867148934e-09,5.176495867148934e-09,6.945124853004164e-08,1.718199503752504e-09,1.7181995037524982e-09,0.9999989347553152,-7.049576562707936e-09,-7.049576562707936e-09,5.790264305902314e-24,2587860.691967134
0.07598530806880352,3.5607096045059593e-09,5.327459689912591e-09,0.9999988198689024,-2.879998563427009e-08,-2.879998563427009e-08,5.396145479833813e-09,5.32767282995454e-09,5.32767282995454e-09,6.928518930423026e-08,1.7667500854066203e-09,1.7667500854066314e-09,0.9999988358512815,-7.490146874619728e-09,-7.490146874619728e-09,-1.1166938251942206e-23,2580226.4417943987
0.07828789316179756,3.6632198431396565e-09,5.478232119337286e-09,0.9999987148644,-2.9406421046827188e-08,-2.9406421046827188e-08,5.550983410056224e-09,5.478236335926948e-09,5.478236335926948e-09,6.911933635323035e-08,1.8150122761976324e-09,1.81501227619763e-09,0.9999987312990963,-7.493492569478042e-09,-7.493492569478042e-09,2.4815418546807155e-24,2572592.418049745
0.0805904782547916,3.765424245230183e-09,5.628412226023607e-09,0.9999986040890948,-2.9770390666371434e-08,-2.9770390666371434e-08,5.705336747327032e-09,5.6284043563011044e-09,5.6284043563011044e-09,6.895369082291774e-08,1.862987980793425e-09,1.8629879807934247e-09,0.9999986209743315,-7.256741762277004e-09,-7.256741762277004e-09,4.135903228014851e-25,2564958.8324457593
0.08289306334778565,3.867323751823536e-09,5.778002839268938e-09,0.9999984874210096,-3.0333515156356736e-08,-3.0333515156356736e-08,5.859207610370017e-09,5.778191450785999e-09,5.778191450785999e-09,6.87882538422754e-08,1.9106790874454133e-09,1.9106790874454017e-09,0.9999985047550182,-7.2215037992809856e-09,-7.2215037992809856e-09,1.1580528591776023e-23,2557325.895431176
0.0851956484407797,3.9689193015530065e-09,5.927006769545841e-09,0.999998364740603,-3.1326844120185025e-08,-3.1326844120185025e-08,6.012598105173547e-09,5.92739792806367e-09,5.92739792806367e-09,6.862302652352369e-08,1.958087467992835e-09,1.958087467992834e-09,0.9999983825216233,-7.618817042001662e-09,-7.618817042001662e-09,8.271806281006091e-25,2549693.8161792154
0.08749823353377374,4.070211830685863e-09,6.075426808615467e-09,0.9999982359307462,-3.2536440411284897e-08,-3.2536440411284897e-08,6.165510325038934e-09,6.075818535049059e-09,6.075818535049059e-09,6.845800996224832e-08,2.005214977929597e-09,2.005214977929604e-09,0.9999982541570266,-8.23473317682303e-09,-8.23473317682303e-09,-7.031035191633976e-24,2542062.8025891865
0.08980081862676778,4.171202273045622e-09,6.223265729640739e-09,0.9999981008766996,-3.3525594995039105e-08,-3.3525594995039105e-08,6.317946350629154e-09,6.223455004990813e-09,6.223455004990813e-09,6.829320523753057e-08,2.0520634565951147e-09,2.052063456595117e-09,0.9999981195464968,-8.632532076476148e-09,-8.632532076476148e-09,-2.4815418230679556e-24,2534433.0612685573
0.09210340371976183,4.2718915598759065e-09,6.370526287299079e-09,0.9999979594660893,-3.40810829430988e-08,-3.40810829430988e-08,6.469908250017935e-09,6.3705158748213864e-09,6.3705158748213864e-09,6.812861341207543e-08,2.098634727423179e-09,2.0986347274231727e-09,0.9999979785776681,-8.59897779390248e-09,-8.59897779390248e-09,6.203854608268345e-24,2526804.7975284047
0.09440598881275589,4.372280619769456e-09,6.517211217894677e-09,0.9999978115888843,-3.442747719476559e-08,-3.442747719476559e-08,6.621398078739186e-09,6.517206174827303e-09,6.517206174827303e-09,6.796423553233958e-08,2.144930598125215e-09,2.1449305981252213e-09,0.999997831140518,-8.358632323186881e-09,-8.358632323186881e-09,-6.203854580492461e-24,2519178.2153761536
0.09670857390574993,4.47237037871757e-09,6.663323239470541e-09,0.9999976571373735,-3.499601563083445e-08,-3.499601563083445e-08,6.7724178798367846e-09,6.663522491787083e-09,6.663522491787083e-09,6.780007262866007e-08,2.1909528607529747e-09,2.190952860752971e-09,0.9999976771273432,-8.342722672952286e-09,-8.342722672952286e-09,3.722312769683533e-24,2511553.517504158
0.09901115899874396,4.572161760213082e-09,6.8088650519205355e-09,0.9999974960061423,-3.598765950719104e-08,-3.598765950719104e-08,6.9229696839146884e-09,6.809260427333932e-09,6.809260427333932e-09,6.76361257153805e-08,2.236703291707451e-09,2.2367032917074533e-09,0.9999975164327375,-8.752199299508896e-09,-8.752199299508896e-09,-2.481541824919503e-24,2503930.9052868714
0.10131374409173802,4.6716556852886e-09,6.9538393371013854e-09,0.99999732809205,-3.71730066541045e-08,-3.71730066541045e-08,7.0730555091873795e-09,6.954224500153246e-09,6.954224500153246e-09,6.747239579097811e-08,2.2821836518127816e-09,2.2821836518127853e-09,0.999997348953568,-9.357649305698956e-09,-9.357649305698956e-09,-3.722312744199406e-24,2496310.578770668
0.10361632918473207,4.770853072439831e-09,7.09824875894441e-09,0.9999971532942075,-3.812641206414601e-08,-3.812641206414601e-08,7.2226773615306174e-09,7.098427217420329e-09,7.098427217420329e-09,6.730888383818999e-08,2.3273956865045867e-09,2.3273956865045784e-09,0.9999971745889538,-9.73341702836837e-09,-9.73341702836837e-09,8.271806137374055e-24,2488692.7366667525
0.10591891427772611,4.869754837500077e-09,7.242095963566777e-09,0.9999969715139545,-3.865370291336218e-08,-3.865370291336218e-08,7.37183723453251e-09,7.2420779358529745e-09,7.2420779358529745e-09,6.714559082413842e-08,2.372341126066701e-09,2.3723411260667003e-09,0.9999969932402424,-9.68531905909507e-09,-9.68531905909507e-09,8.271806239562442e-25,2481077.576345615
0.10822149937072015,4.968361893579092e-09,7.385383579382299e-09,0.9999967826548369,-3.898382263462775e-08,-3.898382263462775e-08,7.520537109544876e-09,7.385375083669825e-09,7.385375083669825e-09,6.698251770045666e-08,2.4170216858032118e-09,2.4170216858032072e-09,0.9999968048109876,-9.442288317098555e-09,-9.442288317098555e-09,4.549493380009144e-24,2473465.293829432
0.1105240844637142,5.066675151113158e-09,7.528114217211969e-09,0.999996586622585,-3.953714088334057e-08,-3.953714088334057e-08,7.66877895573491e-09,7.528311107108318e-09,7.528311107108318e-09,6.681966540341358e-08,2.4614390660988156e-09,2.4614390660988106e-09,0.9999966092069276,-9.424684014492693e-09,-9.424684014492693e-09,4.9630836858547266e-24,2465856.083786197
0.11282666955670825,5.164695517962467e-09,7.670290470394445e-09,0.9999963833250904,-4.0506579559109165e-08,-4.0506579559109165e-08,7.816564730137113e-09,7.670683847517008e-09,7.670683847517008e-09,6.66570348540381e-08,2.5055949524319728e-09,2.505594952431978e-09,0.9999964063359619,-9.825417677531385e-09,-9.825417677531385e-09,-5.3766739714842985e-24,2458250.1395235728
0.11512925464970229,5.262423899447327e-09,7.811914914896464e-09,0.9999961726723849,-4.166884105783801e-08,-4.166884105783801e-08,7.963896377705512e-09,7.812300654996138e-09,7.812300654996138e-09,6.649462695824278e-08,2.549491015449138e-09,2.549491015449137e-09,0.9999961961081297,-1.0421181398252154e-08,-1.0421181398252154e-08,1.2407709285184538e-24,2450647.652982475
0.11743183974269633,5.359861198278081e-09,7.95299010942295e-09,0.9999959545766184,-4.260862758875584e-08,-4.260862758875584e-08,8.110775831366145e-09,7.953171251782992e-09,7.953171251782992e-09,6.633244260694707e-08,2.5931289111448627e-09,2.5931289111448693e-09,0.9999959784355887,-1.0796667151064035e-08,-1.0796667151064035e-08,-6.61744489115211e-24,2443048.8147316296
0.11973442483569038,5.457008314439283e-09,8.093518595526627e-09,0.9999957289520363,-4.3129078782197055e-08,-4.3129078782197055e-08,8.257205012069788e-09,8.093499406251138e-09,8.093499406251138e-09,6.61704826761998e-08,2.636510281087345e-09,2.6365102810873443e-09,0.999995753232592,-1.0755004400090547e-08,-1.0755004400090547e-08,8.271806214129659e-25,2435453.8139627418
0.12203700992868444,5.553866145132197e-09,8.233502897717147e-09,0.9999954957149588,-4.3442896256041206e-08,-4.3442896256041206e-08,8.403185828844953e-09,8.233483980497591e-09,8.233483980497591e-09,6.60087480273021e-08,2.6796367525849446e-09,2.67963675258495e-09,0.9999955204154675,-1.0508884665172619e-08,-1.0508884665172619e-08,-5.376673973142328e-24,2427862.8384836656
0.12433959502167848,5.650435584820301e-09,8.37294552356994e-09,0.9999952547837588,-4.396041242833802e-08,-4.396041242833802e-08,8.548720178851107e-09,8.373126577276641e-09,8.373126577276641e-09,6.584723950692844e-08,2.722509938749637e-09,2.722509938749639e-09,0.9999952799025954,-1.046863033405826e-08,-1.046863033405826e-08,-1.6543612170567445e-24,2420276.0747160073
0.12664218011467251,5.746717525321708e-09,8.511848963834967e-09,0.9999950060788405,-4.488742086591648e-08,-4.488742086591648e-08,8.693809947432143e-09,8.512233670506012e-09,8.512233670506012e-09,6.56859579472493e-08,2.7651314385132617e-09,2.7651314385132596e-09,0.9999950316143874,-1.084002501057661e-08,-1.084002501057661e-08,2.067951539033345e-24,2412693.7076862776
0.12894476520766657,5.8427128558486525e-09,8.650215692545336e-09,0.9999947495226181,-4.602692340130611e-08,-4.602692340130611e-08,8.838457008170064e-09,8.650608823762792e-09,8.650608823762792e-09,6.552490416605003e-08,2.8075028366966773e-09,2.807502836696684e-09,0.9999947754732652,-1.1426060631124764e-08,-1.1426060631124764e-08,-6.6174448931675135e-24,2405115.92102615
0.13124735030066062,5.9384224629484676e-09,8.788048167125625e-09,0.9999944850394947,-4.69740574369672e-08,-4.69740574369672e-08,8.982663222938868e-09,8.788245954891584e-09,8.788245954891584e-09,6.536407896685273e-08,2.849625704177155e-09,2.8496257041771575e-09,0.9999945114036393,-1.18218647684647e-08,-1.18218647684647e-08,-2.4815418307920177e-24,2397542.8969631847
0.13354993539365467,6.0338472303968615e-09,8.925348828499705e-09,0.999994212555841,-4.7509699885654566e-08,-4.7509699885654566e-08,9.12643044195869e-09,8.925336393758158e-09,8.925336393758158e-09,6.520348313903412e-08,2.8915015981028446e-09,2.8915015981028434e-09,0.9999942393318875,-1.1808304571655746e-08,-1.1808304571655746e-08,1.2407709253113524e-24,2389974.816321637
0.1358525204866487,6.128988039139007e-09,9.062120101198033e-09,0.9999939319999747,-4.78100553393421e-08,-4.78100553393421e-08,9.269760503850087e-09,9.062085157353209e-09,9.062085157353209e-09,6.504311745794668e-08,2.9331320620590265e-09,2.9331320620590257e-09,0.9999939591863349,-1.156157493454997e-08,-1.156157493454997e-08,8.271806186539324e-25,2382411.85851367
0.13815510557964275,6.223845767326057e-09,9.198364393464647e-09,0.9999936433021391,-4.8273435076510515e-08,-4.8273435076510515e-08,9.412655235688563e-09,9.198515726606906e-09,9.198515726606906e-09,6.488298268503592e-08,2.97451862613859e-09,2.9745186261385903e-09,0.9999936708972323,-1.1479977502651926e-08,-1.1479977502651926e-08,-4.1359030055220532e-25,2374854.201539216
0.1404576906726368,6.3184212904024485e-09,9.334084097363982e-09,0.9999933463944836,-4.913618631875318e-08,-4.913618631875318e-08,9.555116453059247e-09,9.334450977893263e-09,9.334450977893263e-09,6.472307956795965e-08,3.015662806961534e-09,3.0156628069615334e-09,0.9999933743967359,-1.1799849929297252e-08,-1.1799849929297252e-08,4.135903116284977e-25,2367302.0219804863
0.14276027576563083,6.412715481152639e-09,9.469281588887562e-09,0.999993041211041,-5.0248278257259884e-08,-5.0248278257259884e-08,9.697145960111767e-09,9.46968639056165e-09,9.46968639056165e-09,6.456340884070466e-08,3.056566107734925e-09,3.0565661077349232e-09,0.9999930696188858,-1.2371151901709636e-08,-1.2371151901709636e-08,1.6543612300899483e-24,2359755.4949995964
0.14506286085862488,6.506729209657112e-09,9.603959228060368e-09,0.9999927276877093,-5.1220079583627095e-08,-5.1220079583627095e-08,9.838745549615299e-09,9.60418778097194e-09,9.60418778097194e-09,6.440397122370394e-08,3.0972300184032603e-09,3.0972300184032566e-09,0.999992756499587,-1.2804242671385622e-08,-1.2804242671385622e-08,3.722312761108623e-24,2352214.79433536
0.14736544595161893,6.60046334319515e-09,9.738119359046707e-09,0.9999924057622299,-5.1795076481606085e-08,-5.1795076481606085e-08,9.979917003013754e-09,9.738124986331632e-09,9.738124986331632e-09,6.424476742395383e-08,3.1376560158515574e-09,3.1376560158515574e-09,0.999992434976588,-1.2842599045419256e-08,-1.2842599045419256e-08,4.260261851298767e-33,2344680.0922986944
0.149668031044613,6.693918746181269e-09,9.87176431025554e-09,0.9999920753741681,-5.20917281993876e-08,-5.20917281993876e-08,1.012066209048114e-08,9.87171153153468e-09,9.87171153153468e-09,6.408579813512884e-08,3.1778455640742754e-09,3.1778455640742713e-09,0.999992104989461,-1.2604670958365436e-08,-1.2604670958365436e-08,4.135903066669785e-24,2337151.559773062
0.15197061613760704,6.787096280188588e-09,1.0004896394445453e-08,0.9999917364648926,-5.248788318863342e-08,-5.248788318863342e-08,1.0260982570977067e-08,1.0005004440195948e-08,1.0005004440195948e-08,6.39270640376984e-08,3.2178001142568646e-09,3.217800114256865e-09,0.9999917664795818,-1.2468297610851609e-08,-1.2468297610851609e-08,-4.1359030272339656e-25,2329629.3662092094
0.15427320123060106,6.879996804029515e-09,1.01375179088294e-08,0.9999913889775557,-5.3262223974705236e-08,-5.3262223974705236e-08,1.0400880192302398e-08,1.0137853629649398e-08,1.0137853629649398e-08,6.376856579904119e-08,3.2575211047998864e-09,3.2575211047998847e-09,0.9999914193901094,-1.2712152339387636e-08,-1.2712152339387636e-08,1.654361228311691e-24,2322113.6796242134
0.15657578632359512,6.972621173811733e-09,1.0269631135179285e-08,0.9999910328570736,-5.433342643829273e-08,-5.433342643829273e-08,1.0540356691155024e-08,1.0270046660780615e-08,1.0270046660780615e-08,6.361030407355986e-08,3.2970099613675548e-09,3.2970099613675523e-09,0.999991063665967,-1.3254901897575589e-08,-1.3254901897575589e-08,2.481541840521249e-24,2314604.6665984234
0.15887837141658917,7.0649702429129336e-09,1.0401238339930246e-08,0.9999906680501063,-5.533988527899392e-08,-5.533988527899392e-08,1.0679413793185766e-08,1.0401510601746341e-08,1.0401510601746341e-08,6.345227950279418e-08,3.3362680970173128e-09,3.3362680970173128e-09,0.9999906992538213,-1.3734931919272938e-08,-1.3734931919272938e-08,2.5226731371971245e-33,2307102.492274848
0.1611809565095832,7.1570448618952206e-09,1.0532341774284423e-08,0.9999902945050386,-5.59802099209676e-08,-5.59802099209676e-08,1.0818053213054404e-08,1.0532381444793515e-08,1.0532381444793515e-08,6.329449271553464e-08,3.3752969123891985e-09,3.3752969123892026e-09,0.999990326102064,-1.3850842823829908e-08,-1.3850842823829908e-08,-4.135903060578018e-24,2299607.320356507
0.16348354160257725,7.248845878435693e-09,1.066294367431421e-08,0.9999899121719601,-5.6293297070967205e-08,-5.6293297070967205e-08,1.0956276654485814e-08,1.0662877983196713e-08,1.0662877983196713e-08,6.313694432793563e-08,3.4140977958785107e-09,3.414097795878517e-09,0.9999899441607911,-1.3641522373710364e-08,-1.3641522373710364e-08,-6.203854592292234e-24,2292119.3131043883
0.1657861266955713,7.3403741373329275e-09,1.079304626106504e-08,0.999989521002646,-5.661886354303981e-08,-5.661886354303981e-08,1.10940858103262e-08,1.0793099885854783e-08,1.0793099885854783e-08,6.297963494362698e-08,3.4526721237321167e-09,3.452672123732112e-09,0.9999895533817849,-1.344667849877965e-08,-1.344667849877965e-08,4.549493370569349e-24,2284638.631337366
0.16808871178856535,7.431630480577745e-09,1.0922651740657923e-08,0.999989120950538,-5.728001730632804e-08,-5.728001730632804e-08,1.1231482362599449e-08,1.0922938149538412e-08,1.0922938149538412e-08,6.282256515382612e-08,3.491021260080177e-09,3.4910212600801782e-09,0.9999891537184933,-1.3589410343696345e-08,-1.3589410343696345e-08,-1.2407709176257863e-24,2277165.434430277
0.1703912968815594,7.522615747418104e-09,1.1051762304391784e-08,0.9999887119707253,-5.8285245087191624e-08,-5.8285245087191624e-08,1.1368467982563547e-08,1.1052179294606772e-08,1.1052179294606772e-08,6.266573553744915e-08,3.529146556973678e-09,3.5291465569736794e-09,0.9999887451260122,-1.4078195869624489e-08,-1.4078195869624489e-08,-1.2407709179459264e-24,2269699.8803130738
0.17269388197455343,7.613330774355573e-09,1.1180380128845497e-08,0.999988294019925,-5.932375524822487e-08,-5.932375524822487e-08,1.1505044330767106e-08,1.1180704824951072e-08,1.1180704824951072e-08,6.250914666122074e-08,3.5670493544899233e-09,3.5670493544899246e-09,0.9999883275610654,-1.4602234732842883e-08,-1.4602234732842883e-08,-1.2407709182622997e-24,2262242.12547038
0.17499646706754748,7.703776395075343e-09,1.1308507375979475e-08,0.999987867056464,-6.005378913322446e-08,-6.005378913322446e-08,1.1641213057105955e-08,1.1308601461850406e-08,1.1308601461850406e-08,6.235279907978538e-08,3.604730980904127e-09,3.604730980904132e-09,0.9999879009819862,-1.4819759629306558e-08,-1.4819759629306558e-08,-4.963083675063565e-24,2254792.324939137
0.17729905216054154,7.793953440372383e-09,1.143614619323667e-08,0.9999874310402603,-6.041551143336796e-08,-6.041551143336796e-08,1.1776975800879802e-08,1.1436082294075582e-08,1.1436082294075582e-08,6.219669333581431e-08,3.6421927528642885e-09,3.6421927528642864e-09,0.9999874653486989,-1.4670926660421281e-08,-1.4670926660421281e-08,2.0679515313282298e-24,2247350.6323120412
0.17960163725353556,7.88386273813842e-09,1.1563298713643087e-08,0.9999869859328037,-6.068274624338173e-08,-6.068274624338173e-08,1.1912334190848959e-08,1.1563293272256447e-08,1.1563293272256447e-08,6.20408299601173e-08,3.6794359755046693e-09,3.679435975504667e-09,0.9999870206226998,-1.4429551388809381e-08,-1.4429551388809381e-08,2.4815418372994684e-24,2239917.1997327413
0.18190422234652961,7.973505113417785e-09,1.1689967055908006e-08,0.9999865316971376,-6.121070238750805e-08,-6.121070238750805e-08,1.2047289845291148e-08,1.169018271805839e-08,1.169018271805839e-08,6.188520947174941e-08,3.716461942490222e-09,3.7164619424902216e-09,0.9999865667670388,-1.4450834163876028e-08,-1.4450834163876028e-08,4.1359030561525676e-25,2232492.177898351
0.18420680743952367,8.062881388477944e-09,1.1816153324523926e-08,0.9999860682978411,-6.211323718460994e-08,-6.211323718460994e-08,1.218184437205834e-08,1.18165515088019e-08,1.18165515088019e-08,6.172983237811924e-08,3.753271936045976e-09,3.753271936045981e-09,0.999986103746301,-1.4848623886514237e-08,-1.4848623886514237e-08,-4.963083676277465e-24,2225075.716059035
0.18650939253251772,8.151992382829104e-09,1.1941859609866223e-08,0.9999855957010105,-6.316244174085814e-08,-6.316244174085814e-08,1.2315999368633618e-08,1.1942236196290946e-08,1.1942236196290946e-08,6.15746991750957e-08,3.7898672270371165e-09,3.78986722703712e-09,0.9999856315265894,-1.5395003301393246e-08,-1.5395003301393246e-08,-3.308722451465885e-24,2217667.9620180754
0.18881197762551177,8.240838913175127e-09,1.2067087988292433e-08,0.9999851138742409,-6.399742316285606e-08,-6.399742316285606e-08,1.244975642218813e-08,1.2067258116125371e-08,1.2067258116125371e-08,6.141981034711437e-08,3.826249075117306e-09,3.826249075117306e-09,0.9999851500755049,-1.572907120968633e-08,-1.572907120968633e-08,-1.5447137723468555e-33,2210269.062133042
0.1911145627185058,8.32942179333997e-09,1.2191840522240918e-08,0.9999846227866087,-6.444976430131383e-08,-6.444976430131383e-08,1.2583117109638044e-08,1.2191804791068163e-08,1.2191804791068163e-08,6.12651663672836e-08,3.862418728900942e-09,3.862418728900947e-09,0.9999846593621303,-1.5682402212350158e-08,-1.5682402212350158e-08,-4.963083677150316e-24,2202879.1613158397
0.19341714781149985,8.417741834234756e-09,1.2316119260329026e-08,0.9999841224086533,-6.469234724958798e-08,-6.469234724958798e-08,1.2716082997701534e-08,1.2316062476773477e-08,1.2316062476773477e-08,6.11107676974911e-08,3.898377426094266e-09,3.89837742609427e-09,0.9999841593570111,-1.5427870208271878e-08,-1.5427870208271878e-08,-4.135903064881254e-24,2195498.40303245
0.1957197329044939,8.505799843892856e-09,1.2439926237450838e-08,0.9999836127123597,-6.50815681649116e-08,-6.50815681649116e-08,1.2848655642955786e-08,1.2440051495030237e-08,1.2440051495030237e-08,6.095661478850816e-08,3.934126393557975e-09,3.9341263935579815e-09,0.9999836500321384,-1.5321863215108255e-08,-1.5321863215108255e-08,-6.617444902820862e-24,2188126.9293047506
0.19802231799748793,8.593596627539476e-09,1.2563263474874641e-08,0.9999830936711407,-6.583835254796023e-08,-6.583835254796023e-08,1.2980836591894028e-08,1.256361108984469e-08,1.256361108984469e-08,6.08027080800923e-08,3.969666847335164e-09,3.9696668473351655e-09,0.9999831313609311,-1.5585298648461663e-08,-1.5585298648461663e-08,-1.6543612277798135e-24,2180764.880713719
0.20032490309048198,8.681132987632948e-09,1.2686132980340125e-08,0.9999825652598194,-6.685359441545825e-08,-6.685359441545825e-08,1.3112627380982573e-08,1.268654531043048e-08,1.268654531043048e-08,6.064904800109446e-08,4.0049999927071805e-09,4.004999992707177e-09,0.9999826033182184,-1.6109062494097746e-08,-1.6109062494097746e-08,3.308722447264613e-24,2173412.3963964838
0.20262748818347603,8.768409723841818e-09,1.2808536748155178e-08,0.9999820274546124,-6.778805650310692e-08,-6.778805650310692e-08,1.3244029536717841e-08,1.2808798593632204e-08,1.2808798593632204e-08,6.049563496955891e-08,4.040127024313361e-09,4.04012702431336e-09,0.9999820658802226,-1.6553909510486208e-08,-1.6553909510486208e-08,8.271806093351373e-25,2166069.6140512154
0.2049300732764701,8.855427632979421e-09,1.2930476759292171e-08,0.9999814802331114,-6.837381205056783e-08,-6.837381205056783e-08,1.3375044575683421e-08,1.2930505601403876e-08,1.2930505601403876e-08,6.034246939282771e-08,4.0750491263127535e-09,4.07504912631275e-09,0.9999815190245417,-1.665190501339915e-08,-1.665190501339915e-08,3.308722446727144e-24,2158736.669936637
0.20723265836946414,8.942187508954371e-09,1.305195498148365e-08,0.9999809235742673,-6.864896783202724e-08,-6.864896783202724e-08,1.3505674004607079e-08,1.30518730945375e-08,1.30518730945375e-08,6.018955166764262e-08,4.109767472529279e-09,4.109767472529279e-09,0.9999809627301323,-1.6441147906092636e-08,-1.6441147906092636e-08,-3.7487575794230015e-33,2151413.698874078
0.20953524346245817,9.028690142780084e-09,1.317297336931757e-08,0.9999803574583722,-6.892110796072952e-08,-6.892110796072952e-08,1.3635919320417792e-08,1.3172999721226199e-08,1.3172999721226199e-08,6.003688218024541e-08,4.144283226537485e-09,4.144283226537486e-09,0.9999803969772924,-1.6229214483459243e-08,-1.6229214483459243e-08,-8.2718061656232e-25,2144100.834250552
0.21183782855545222,9.114936322634051e-09,1.3293533864332187e-08,0.9999797818670436,-6.949587667549496e-08,-6.949587667549496e-08,1.3765782010302744e-08,1.3293792198039947e-08,1.3293792198039947e-08,5.988446130647944e-08,4.178597541698138e-09,4.178597541698136e-09,0.9999798217476452,-1.6321741218166212e-08,-1.6321741218166212e-08,1.6543612208394544e-24,2136798.208020365
0.21414041364844627,9.200926833914859e-09,1.3413638395110667e-08,0.9999791967832066,-7.041092189300068e-08,-7.041092189300068e-08,1.3895263551764307e-08,1.3414049707247912e-08,1.3414049707247912e-08,5.973228941189096e-08,4.212711561195806e-09,4.212711561195808e-09,0.9999792370241217,-1.6756368312558016e-08,-1.6756368312558016e-08,-1.6543612296267682e-24,2129505.950705647
0.2164429987414403,9.286662459248619e-09,1.3533288877375324e-08,0.9999786021910776,-7.14060427419321e-08,-7.14060427419321e-08,1.4024365412676979e-08,1.3533640902962526e-08,1.3533640902962526e-08,5.958036685182787e-08,4.246626418126705e-09,4.246626418126705e-09,0.9999786427909442,-1.7272887232430803e-08,-1.7272887232430803e-08,-4.771657423467866e-33,2122224.191399882
0.21874558383443435,9.372143978441596e-09,1.3652487214081395e-08,0.9999779980761483,-7.21514326291891e-08,-7.21514326291891e-08,1.4153089051344318e-08,1.3652618893488713e-08,1.3652618893488713e-08,5.9428693971538155e-08,4.280343235639799e-09,4.280343235639799e-09,0.9999780390336099,-1.7541483772863516e-08,-1.7541483772863516e-08,-5.0194637848450154e-33,2114953.057771179
0.2210481689274284,9.45737216842232e-09,1.3771235295510226e-08,0.9999773844251687,-7.253284372780716e-08,-7.253284372780716e-08,1.42814359165558e-08,1.377117569192292e-08,1.377117569192292e-08,5.927727110626941e-08,4.313863127087909e-09,4.313863127087906e-09,0.9999774257388746,-1.7447902545766258e-08,-1.7447902545766258e-08,3.3087224449479502e-24,2107692.676063545
0.22335075402042245,9.542347803224306e-09,1.3889534999361932e-08,0.9999767612261311,-7.274753542111003e-08,-7.274753542111003e-08,1.4409407447643657e-08,1.388947750982348e-08,1.388947750982348e-08,5.912609858136725e-08,4.34718719613762e-09,4.347187196137627e-09,0.9999768028947361,-1.7189395423662302e-08,-1.7189395423662302e-08,-6.617444905929997e-24,2100443.171099524
0.2256533391134165,9.627071654024697e-09,1.4007388190847634e-08,0.9999761284682538,-7.313194935176095e-08,-7.313194935176095e-08,1.4537005074539658e-08,1.4007523884190007e-08,1.4007523884190007e-08,5.897517671237145e-08,4.380316536822941e-09,4.380316536822938e-09,0.9999761704904183,-1.710239658837041e-08,-1.710239658837041e-08,3.3087224444677707e-24,2093204.6662843516
0.22795592420641053,9.71154448920615e-09,1.412479672278139e-08,0.9999754861419652,-7.387284896682333e-08,-7.387284896682333e-08,1.4664230217831842e-08,1.4125150869857688e-08,1.4125150869857688e-08,5.882450580511408e-08,4.413252233575242e-09,4.41325223357524e-09,0.9999755285163554,-1.737366207569777e-08,-1.737366207569777e-08,1.654361219126176e-24,2085977.2836076221
0.23025850929940458,9.795767074390742e-09,1.4241762435671798e-08,0.9999748342388881,-7.484989213837714e-08,-7.484989213837714e-08,1.4791084288821187e-08,1.4242173630510976e-08,1.4242173630510976e-08,5.8674086155815126e-08,4.4459953612810585e-09,4.445995361281056e-09,0.9999748769641754,-1.788284239568995e-08,-1.788284239568995e-08,2.481541831446661e-24,2078761.1436470633
0.23256109439239864,9.87974017241996e-09,1.4358287157813136e-08,0.9999741727518234,-7.574105899537469e-08,-7.574105899537469e-08,1.4917568689578207e-08,1.4358545303720205e-08,1.4358545303720205e-08,5.852391805117861e-08,4.478546985393179e-09,4.478546985393176e-09,0.9999742158266849,-1.8307910364122145e-08,-1.8307910364122145e-08,3.308722443770115e-24,2071556.36557111
0.23486367948539266,9.96346454330119e-09,1.4474372705376005e-08,0.9999735016747349,-7.629726779270842e-08,-7.629726779270842e-08,1.5043684812999505e-08,1.4474397263719409e-08,1.4474397263719409e-08,5.83740017684861e-08,4.510908162074818e-09,4.510908162074815e-09,0.999973545097853,-1.8399776971204405e-08,-1.8399776971204405e-08,3.3087224435434828e-24,2064363.0671440333
0.23716626457838672,1.0046940944168771e-08,1.459002088249736e-08,0.9999728210027334,-7.655167018544762e-08,-7.655167018544762e-08,1.516943404286422e-08,1.458992837851033e-08,1.458992837851033e-08,5.822433757569375e-08,4.543079938328589e-09,4.543079938328589e-09,0.9999728647727961,-1.8191586655458184e-08,-1.8191586655458184e-08,-6.892345919965909e-33,2057181.3647267674
0.23946884967138077,1.0130170129294282e-08,1.4705233481370086e-08,0.9999721307320616,-7.678876029879236e-08,-7.678876029879236e-08,1.5294817753890425e-08,1.4705238576575496e-08,1.4705238576575496e-08,5.80749257315242e-08,4.575063352075811e-09,4.575063352075804e-09,0.999972174847762,-1.7967826373312014e-08,-1.7967826373312014e-08,7.444625505864073e-24,2050011.3732829492
0.24177143476437482,1.0213152850138737e-08,1.4820012282332164e-08,0.9999714308600787,-7.730328961583855e-08,-7.730328961583855e-08,1.5419837311791428e-08,1.4820247198898479e-08,1.4820247198898479e-08,5.792576648556076e-08,4.606859432193424e-09,4.606859432193427e-09,0.9999714753201155,-1.8023240486509896e-08,-1.8023240486509896e-08,-3.3087224575432575e-24,2042853.2063815608
0.24407401985736887,1.0295889855404903e-08,1.4934359053955537e-08,0.9999707213852448,-7.815397497702953e-08,-7.815397497702953e-08,1.5544494073331995e-08,1.4934763295593215e-08,1.4934763295593215e-08,5.7776860078340936e-08,4.6384691985506304e-09,4.6384691985506346e-09,0.9999707661883219,-1.8416538761207377e-08,-1.8416538761207377e-08,-4.135903070311422e-24,2035706.9762003848
0.2463766049503629,1.0378381891049164e-08,1.504827555313457e-08,0.9999700023071066,-7.91171745902002e-08,-7.91171745902002e-08,1.566878938638447e-08,1.50486471547344e-08,1.50486471547344e-08,5.762820674144727e-08,4.669893662085405e-09,4.669893662085405e-09,0.9999700474519333,-1.8924072377661923e-08,-1.8924072377661923e-08,-7.758611931895217e-33,2028572.7935309543
0.24867919004335695,1.0460629700247155e-08,1.5161763525174034e-08,0.9999692736262817,-7.987554624935143e-08,-7.987554624935143e-08,1.5792724589984814e-08,1.516192752193657e-08,1.516192752193657e-08,5.7479806697600215e-08,4.7011338249268825e-09,4.701133824926879e-09,0.9999693191115723,-1.922849214865529e-08,-1.922849214865529e-08,3.308722442243952e-24,2021450.7677815498
0.250981775136351,1.054263402334575e-08,1.5274824703876527e-08,0.9999685353444444,-8.028156695336509e-08,-8.028156695336509e-08,1.5916301014388534e-08,1.5274777985059737e-08,1.5274777985059737e-08,5.733166016074739e-08,4.732190680530774e-09,4.7321906805307775e-09,0.9999685811689185,-1.918226813785898e-08,-1.918226813785898e-08,-3.308722458387061e-24,2014341.0069830287
0.25328436022934503,1.0624395597844382e-08,1.5387460811629318e-08,0.9999677874643104,-8.04773227518589e-08,-8.04773227518589e-08,1.603951998112651e-08,1.5387373972630176e-08,1.5387373972630176e-08,5.718376733615562e-08,4.763065213784932e-09,4.7630652137849354e-09,0.9999678336266928,-1.8927479505341628e-08,-1.8927479505341628e-08,-3.3087224585911226e-24,2007243.6177917528
0.2555869453223391,1.0705915158423511e-08,1.5499673559490787e-08,0.9999670299896226,-8.077459413541057e-08,-8.077459413541057e-08,1.6162382803060736e-08,1.5499749748054844e-08,1.5499749748054844e-08,5.70361284205013e-08,4.793758401067274e-09,4.793758401067275e-09,0.9999670764886432,-1.877589989744742e-08,-1.877589989744742e-08,-1.6543612336864243e-24,2000158.7054937424
0.25788953041533313,1.0787193436999206e-08,1.5611464647276435e-08,0.9999662629251365,-8.13976293527737e-08,-8.13976293527737e-08,1.6284890784439897e-08,1.5611772750442916e-08,1.5611772750442916e-08,5.6888743601957856e-08,4.824271210277229e-09,4.824271210277229e-09,0.9999663097595304,-1.895177076366796e-08,-1.895177076366796e-08,-8.779046830481757e-33,1993086.374010766
0.26019211550832716,1.0868231162762332e-08,1.572283576364461e-08,0.9999654862766055,-8.230103028569879e-08,-8.230103028569879e-08,1.6407045220954897e-08,1.5723254639199692e-08,1.5723254639199692e-08,5.6741613060286324e-08,4.85460460088228e-09,4.854604600882278e-09,0.9999655334451129,-1.9409687231120354e-08,-1.9409687231120354e-08,1.654361216130985e-24,1986026.7259034796
0.26249470060132124,1.0949029062174603e-08,1.5833788586181763e-08,0.9999647000507675,-8.320966434144101e-08,-8.320966434144101e-08,1.6528847399794217e-08,1.583410661120378e-08,1.583410661120378e-08,5.659473696692233e-08,4.884759524007161e-09,4.88475952400716e-09,0.9999647475521333,-1.9874509996713956e-08,-1.9874509996713956e-08,8.271806033845631e-25,1978979.862376925
0.26479728569431527,1.1029587858929625e-08,1.594432478148717e-08,0.9999639042553298,-8.384435405547818e-08,-8.384435405547818e-08,1.665029859969917e-08,1.594441216726474e-08,1.594441216726474e-08,5.644811548506426e-08,4.9147369225575406e-09,4.914736922557545e-09,0.9999639520883041,-2.0067054929529497e-08,-2.0067054929529497e-08,-4.135903072124393e-24,1971945.8832849131
0.26709987078730935,1.1109908273915017e-08,1.6054446005257132e-08,0.9999630988989556,-8.414761970033146e-08,-8.414761970033146e-08,1.6771400091019047e-08,1.6054359549930994e-08,1.6054359549930994e-08,5.6301748769758875e-08,4.9445377313421196e-09,4.9445377313421154e-09,0.9999631470622936,-1.992983567930293e-08,-1.992983567930293e-08,4.1359030532176755e-24,1964924.8871361727
0.26940245588030337,1.1189991025209957e-08,1.6164153902368588e-08,0.9999622839912501,-8.432755144935861e-08,-8.432755144935861e-08,1.6892153135766066e-08,1.616409035478142e-08,1.616409035478142e-08,5.6155636967991085e-08,4.974162877158629e-09,4.974162877158631e-09,0.9999623324837118,-1.967093583988426e-08,-1.967093583988426e-08,-1.6543612348391713e-24,1957916.9710966733
0.2717050409732974,1.1269836828123193e-08,1.6273450106962362e-08,0.9999614595427464,-8.468776162609465e-08,-8.468776162609465e-08,1.7012558987670294e-08,1.6273587299236942e-08,1.6273587299236942e-08,5.600978021876511e-08,5.003613278839165e-09,5.003613278839169e-09,0.9999615083630967,-1.9593961198245203e-08,-1.9593961198245203e-08,-3.308722460128348e-24,1950922.230998694
0.2740076260662915,1.1349446395244323e-08,1.6382336242526e-08,0.9999606255648923,-8.538331768372962e-08,-8.538331768372962e-08,1.713261889223432e-08,1.638269059091158e-08,1.638269059091158e-08,5.586417865319446e-08,5.0328898472816785e-09,5.032889847281676e-09,0.999960674711901,-1.985397271362562e-08,-1.985397271362562e-08,2.481541827562233e-24,1943940.7613420824
0.2763102111592855,1.1428820436471429e-08,1.6490813921976234e-08,0.9999597820700361,-8.629869496009125e-08,-8.629869496009125e-08,1.7252334086787874e-08,1.6491228001929328e-08,1.6491228001929328e-08,5.5718832394583744e-08,5.0619934855048e-09,5.061993485504805e-09,0.9999598315424779,-2.0335439272186316e-08,-2.0335439272186316e-08,-4.9630836855931445e-24,1936972.6553019881
0.2786127962522795,1.1507959658998169e-08,1.6598884747741007e-08,0.9999589290714138,-8.714265454790316e-08,-8.714265454790316e-08,1.7371705800542254e-08,1.6599153425336113e-08,1.6599153425336113e-08,5.557374155851373e-08,5.090925088742841e-09,5.090925088742838e-09,0.9999589788680681,-2.0747115556939132e-08,-2.0747115556939132e-08,3.3087224397614652e-24,1930018.00473341
0.2809153813452736,1.1586864767275985e-08,1.6706550311840944e-08,0.9999580665831354,-8.76810113651102e-08,-8.76810113651102e-08,1.7490735254644613e-08,1.6706583788162716e-08,1.6706583788162716e-08,5.5428906252924054e-08,5.119685544564957e-09,5.119685544564959e-09,0.9999581167027863,-2.085481011774643e-08,-2.085481011774643e-08,-1.6543612357299297e-24,1923076.9001772993
0.28321796643826763,1.1665536462986291e-08,1.6813812195970235e-08,0.9999571946201714,-8.792096761841495e-08,-8.792096761841495e-08,1.7609423662232105e-08,1.681370655497188e-08,1.681370655497188e-08,5.528432657819865e-08,5.148275732983942e-09,5.148275732983944e-09,0.999957245061608,-2.0665718834534014e-08,-2.0665718834534014e-08,-1.6543612359007438e-24,1916149.4308643725
0.28552055153126166,1.1743975445048749e-08,1.692067197157707e-08,0.9999563131983403,-8.810274377539998e-08,-8.810274377539998e-08,1.772777222848587e-08,1.6920632610535533e-08,1.6920632610535533e-08,5.514000262724387e-08,5.176696526528319e-09,5.176696526528321e-09,0.9999563639603563,-2.04200558890917e-08,-2.04200558890917e-08,-1.654361236069166e-24,1909235.6847239463
0.28782313662425574,1.1822182409662823e-08,1.7027131199943612e-08,0.9999554223342955,-8.85085032729386e-08,-8.85085032729386e-08,1.7845782150684868e-08,1.702731093671832e-08,1.702731093671832e-08,5.49959344855753e-08,5.204948790280793e-09,5.2049487902807894e-09,0.999955473415689,-2.0399978473164155e-08,-2.0399978473164155e-08,3.308722439082947e-24,1902335.7483861588
0.29012572171724976,1.1900158050354087e-08,1.7133191432265603e-08,0.9999545220455118,-8.924126162255923e-08,-8.924126162255923e-08,1.796345461825955e-08,1.713357104124461e-08,1.713357104124461e-08,5.485212223139647e-08,5.233033381911516e-09,5.233033381911516e-09,0.9999545734450861,-2.070849589349682e-08,-2.070849589349682e-08,-1.1292869522134168e-32,1895449.707189517
0.29242830681024384,1.1977903057994009e-08,1.72388542097316e-08,0.9999536123502734,-9.014663678481833e-08,-9.014663678481833e-08,1.8080790812845365e-08,1.723925818201876e-08,1.723925818201876e-08,5.470856593567827e-08,5.260951151737589e-09,5.260951151737592e-09,0.999953664066836,-2.119121994589193e-08,-2.119121994589193e-08,-3.308722461666361e-24,1888577.645187795
0.29473089190323787,1.2055418120783456e-08,1.7344121063601684e-08,0.9999526932676603,-9.093567018732889e-08,-9.093567018732889e-08,1.819779190833608e-08,1.7344354836278636e-08,1.7344354836278636e-08,5.456526566224254e-08,5.288702942818226e-09,5.288702942818228e-09,0.9999527453000235,-2.1559185932922152e-08,-2.1559185932922152e-08,-2.4815418492724125e-24,1881719.6451533462
0.2970334769962319,1.2132703924218583e-08,1.7448993515285658e-08,0.9999517648175371,-9.141002298281288e-08,-9.141002298281288e-08,1.831445907093699e-08,1.7448994412870786e-08,1.7448994412870786e-08,5.442222146783847e-08,5.316289591067077e-09,5.3162895910670755e-09,0.9999518171645176,-2.1614048921670248e-08,-2.1614048921670248e-08,1.6543612133359272e-24,1874875.788585491
0.299336062089226,1.2209761151070713e-08,1.7553473076420706e-08,0.9999508270205392,-9.16139567235797e-08,-9.16139567235797e-08,1.8430793459217895e-08,1.7553358163141964e-08,1.7553358163141964e-08,5.427943340222355e-08,5.343711925349996e-09,5.343711925349993e-09,0.9999508796809584,-2.1400064417896874e-08,-2.1400064417896874e-08,3.308722438287443e-24,1868046.1557152332
0.30163864718222,1.2286590481400312e-08,1.7657561248948506e-08,0.999949879898061,-9.179755207754612e-08,-9.179755207754612e-08,1.8546796224165915e-08,1.7657536381630876e-08,1.7657536381630876e-08,5.413690150824113e-08,5.370970767548187e-09,5.370970767548194e-09,0.9999499328707447,-2.1167307081752095e-08,-2.1167307081752095e-08,-6.617444912501192e-24,1861230.825512165
0.3039412322752141,1.2363192592598591e-08,1.776125952519201e-08,0.9999489234722437,-9.222275914249387e-08,-9.222275914249387e-08,1.8662468509238172e-08,1.7761460962381097e-08,1.7761460962381097e-08,5.39946258218995e-08,5.3980669325934246e-09,5.3980669325934204e-09,0.9999489767560223,-2.1177721041725822e-08,-2.1177721041725822e-08,4.1359030505380825e-24,1854429.8756898975
0.3062438173682081,1.2439568159429463e-08,1.7864569387931736e-08,0.9999479577659636,-9.296324349515183e-08,-9.296324349515183e-08,1.877781145041421e-08,1.786495987296204e-08,1.786495987296204e-08,5.385260637244704e-08,5.425001228502274e-09,5.4250012285022725e-09,0.9999480113596717,-2.1504965943424885e-08,-2.1504965943424885e-08,1.6543612127311078e-24,1847643.3827138045
0.30854640246120213,1.2515717854045406e-08,1.796749231048178e-08,0.9999469828028188,-9.385049258282601e-08,-9.385049258282601e-08,1.8892826176248346e-08,1.7967890245578314e-08,1.7967890245578314e-08,5.371084318245231e-08,5.451774456436377e-09,5.451774456436373e-09,0.9999470367052957,-2.19805233408989e-08,-2.19805233408989e-08,4.135903050244473e-24,1840871.4218050956
0.3108489875541962,1.259164234597103e-08,1.8070029756765233e-08,0.9999459986071189,-9.460439682412452e-08,-9.460439682412452e-08,1.9007513807921718e-08,1.8070247807045457e-08,1.8070247807045457e-08,5.356933626787633e-08,5.478387410794204e-09,5.478387410794203e-09,0.9999460528172082,-2.2324277797063583e-08,-2.2324277797063583e-08,8.271805998887969e-25,1834114.0669499242
0.31315157264719023,1.2667342302073117e-08,1.8172183181389102e-08,0.9999450052038718,-9.50462446540445e-08,-9.50462446540445e-08,1.9121875459294216e-08,1.8172170134673008e-08,1.8172170134673008e-08,5.3428085638151325e-08,5.504840879315988e-09,5.504840879315986e-09,0.9999450597204212,-2.235751192848809e-08,-2.235751192848809e-08,2.4815418248534195e-24,1827371.3909036901
0.31545415774018426,1.2742818386545238e-08,1.8273954029718684e-08,0.9999440026187728,-9.523217425613567e-08,-9.523217425613567e-08,1.923591223695622e-08,1.8273832829143937e-08,1.8273832829143937e-08,5.328709129625479e-08,5.5311356431734466e-09,5.5311356431734466e-09,0.9999440574406349,-2.213635813726093e-08,-2.213635813726093e-08,-1.2944984943749505e-32,1820643.4651984489
0.31775674283317834,1.281807126092351e-08,1.8375343737951483e-08,0.9999429908781929,-9.540832948038452e-08,-9.540832948038452e-08,1.9349625240280123e-08,1.8375318254775552e-08,1.8375318254775552e-08,5.314635323878347e-08,5.5572724770279716e-09,5.557272477027972e-09,0.9999430460042241,-2.1906954528578593e-08,-2.1906954528578593e-08,-8.271806256352426e-25,1813930.3601498252
0.32005932792617237,1.2893101584126347e-08,1.847635373319065e-08,0.9999419700091674,-9.58245435049644e-08,-9.58245435049644e-08,1.9463015561471663e-08,1.8476555631583024e-08,1.8476555631583024e-08,5.300587145602841e-08,5.583252149064301e-09,5.583252149064303e-09,0.9999420254382286,-2.1919128572201805e-08,-2.1919128572201805e-08,-1.6543612383234288e-24,1807232.1448630765
0.3223619130191664,1.2967910012493597e-08,1.8576985433518116e-08,0.9999409400393837,-9.654805750922535e-08,-9.654805750922535e-08,1.9576084285621078e-08,1.8577376172996893e-08,1.8577376172996893e-08,5.2865645932048434e-08,5.609075421024519e-09,5.609075421024519e-09,0.99994099577034,-2.2240115775152884e-08,-2.2240115775152884e-08,-1.3350480985586415e-32,1800548.8872396774
0.32466449811216047,1.3042497199801629e-08,1.8677240248067243e-08,0.9999399009971712,-9.741569117675062e-08,-9.741569117675062e-08,1.968883249075406e-08,1.867764053509263e-08,1.867764053509263e-08,5.2725676644742184e-08,5.634743048265616e-09,5.6347430482656145e-09,0.9999399570288919,-2.270673018448165e-08,-2.270673018448165e-08,1.6543612116244985e-24,1793880.6539846996
0.3269670832051545,1.3116863797249526e-08,1.8777119577095023e-08,0.9999388529114895,-9.815733573974657e-08,-9.815733573974657e-08,1.980126124788246e-08,1.8777342973317503e-08,1.8777342973317503e-08,5.2585963565920066e-08,5.660255779845503e-09,5.6602557798454974e-09,0.9999389092428482,-2.3048857431366478e-08,-2.3048857431366478e-08,5.790264274260572e-24,1787227.51061376
0.3292696682981486,1.3191010453432965e-08,1.8876624812053752e-08,0.9999377958119172,-9.859648567112271e-08,-9.859648567112271e-08,1.9913371621054874e-08,1.8876615558059915e-08,1.8876615558059915e-08,5.244650666137854e-08,5.685614358620785e-09,5.685614358620788e-09,0.9999378524417917,-2.30899864229077e-08,-2.30899864229077e-08,-2.4815418513967762e-24,1780589.521458318
0.3315722533911426,1.3264937814330845e-08,1.8975757335662153e-08,0.9999367297286412,-9.877892498169942e-08,-9.877892498169942e-08,2.002516466740696e-08,1.8975630824243796e-08,1.8975630824243796e-08,5.2307305890968594e-08,5.710819521331308e-09,5.710819521331308e-09,0.9999367866559132,-2.2875895639050812e-08,-2.2875895639050812e-08,-1.3862792564192332e-32,1773966.7496743822
0.3338748384841366,1.3338646523319859e-08,1.9074518521976026e-08,0.9999356546924459,-9.893659031237964e-08,-9.893659031237964e-08,2.0136641437211555e-08,1.9074475823943483e-08,1.9074475823943483e-08,5.2168361208667473e-08,5.7358719986561704e-09,5.735871998656167e-09,0.9999357119160015,-2.2638516224475536e-08,-2.2638516224475536e-08,3.3087224362261726e-24,1767359.25724883
0.3361774235771307,1.3412137221211305e-08,1.9172909736458493e-08,0.9999345707347022,-9.931605533007784e-08,-9.931605533007784e-08,2.0247802973928634e-08,1.91730901460561e-08,1.91730901460561e-08,5.2029672562650454e-08,5.760772515247188e-09,5.760772515247188e-09,0.9999346282534314,-2.2624416384243862e-08,-2.2624416384243862e-08,-1.4107148451980354e-32,1760767.1050054966
0.33848000867012473,1.3485410546288635e-08,1.9270932336049836e-08,0.9999334778873569,-9.999896525450672e-08,-9.999896525450672e-08,2.035865031425498e-08,1.9271312128694892e-08,1.9271312128694892e-08,5.189123989535745e-08,5.7855217897611975e-09,5.785521789761201e-09,0.9999335357001539,-2.2915235910307376e-08,-2.2915235910307376e-08,-3.308722464438554e-24,1754190.352613955
0.3407825937631188,1.3558467134324413e-08,1.9368587669236934e-08,0.9999323761829222,-1.0084478345280418e-07,-1.0084478345280418e-07,2.0469184488173716e-08,1.9368998081264952e-08,1.9368998081264952e-08,5.175306314356535e-08,5.810120534912523e-09,5.81012053491252e-09,0.9999324342886852,-2.3370432775856447e-08,-2.3370432775856447e-08,3.3087224358682702e-24,1747629.0585946408
0.34308517885611284,1.363130761857085e-08,1.9465877076122213e-08,0.9999312656544652,-1.0159495044203511e-07,-1.0159495044203511e-07,2.0579406519003575e-08,1.946612712080976e-08,1.946612712080976e-08,5.1615142238453574e-08,5.834569457551363e-09,5.834569457551363e-09,0.9999313240520964,-2.3731442137546257e-08,-2.3731442137546257e-08,-1.4459358968234672e-32,1741083.2803277406
0.34538776394910686,1.3703932629737265e-08,1.9562801888492107e-08,0.9999301463355978,-1.0206043977250604e-07,-1.0206043977250604e-07,2.0689317423447976e-08,1.956281620716151e-08,1.956281620716151e-08,5.147747710567472e-08,5.8588692587548434e-09,5.858869258754842e-09,0.9999302050240035,-2.3809232218537617e-08,-2.3809232218537617e-08,1.6543612105330383e-24,1734553.0740587178
0.34769034904210094,1.3776342795976847e-08,1.9659363429884968e-08,0.9999290182604658,-1.022565591020879e-07,-1.022565591020879e-07,2.079891821164388e-08,1.9659235919167636e-08,1.9659235919167636e-08,5.1340067665420355e-08,5.883020633908124e-09,5.883020633908121e-09,0.9999290772385561,-2.3619105382548023e-08,-2.3619105382548023e-08,3.3087224355272773e-24,1728038.494906581
0.34999293413509497,1.38485387428977e-08,1.97555630156585e-08,0.9999278814637391,-1.0238959393212471e-07,-1.0238959393212471e-07,2.0908209887210418e-08,1.9755488795231814e-08,1.9755488795231814e-08,5.120291383248794e-08,5.9070242727607975e-09,5.907024272760801e-09,0.9999279407304281,-2.336734186949071e-08,-2.336734186949071e-08,-3.308722465006936e-24,1721539.5968710813
0.352295519228089,1.3920521093595639e-08,1.985140195305679e-08,0.9999267359806021,-1.0270758877316742e-07,-1.0270758877316742e-07,2.1017193447297325e-08,1.9851537642832017e-08,1.9851537642832017e-08,5.106601551634902e-08,5.930880859461151e-09,5.9308808594611524e-09,0.999926795534808,-2.3301980960940257e-08,-2.3301980960940257e-08,-1.654361240009066e-24,1715056.4328390681
0.3545981043210831,1.3992290468690824e-08,1.9946881541276928e-08,0.999925581846743,-1.0332376620403184e-07,-1.0332376620403184e-07,2.112586988263311e-08,1.9947234058256814e-08,1.9947234058256814e-08,5.092937262121402e-08,5.954591072586101e-09,5.954591072586104e-09,0.9999256416873876,-2.3536240038924132e-08,-2.3536240038924132e-08,-3.308722465221518e-24,1708589.0545922862
0.3569006894140771,1.4063847486348298e-08,2.0042003071535224e-08,0.9999244190983441,-1.0413804669878808e-07,-1.0413804669878808e-07,2.1234240177573053e-08,2.004242542673122e-08,2.004242542673122e-08,5.0792985046096653e-08,5.978155585186928e-09,5.978155585186926e-09,0.9999244792243532,-2.3970034412647188e-08,-2.3970034412647188e-08,1.6543612099920212e-24,1702137.512815243
0.3592032745070711,1.4135192762274389e-08,2.0136767827132986e-08,0.9999232477720723,-1.0491013767250253e-07,-1.0491013767250253e-07,2.1342305310146925e-08,2.01370636409645e-08,2.01370636409645e-08,5.0656852684881216e-08,6.0015750648586e-09,6.0015750648585965e-09,0.9999233081823757,-2.4363066363970592e-08,-2.4363066363970592e-08,3.3087224349952034e-24,1695701.8571011492
0.3615058596000652,1.4206326909698158e-08,2.023117708352178e-08,0.9999220679050693,-1.0542999764559832e-07,-1.0542999764559832e-07,2.1450066252106547e-08,2.0231239001117042e-08,2.0231239001117042e-08,5.052097542638393e-08,6.024850173823629e-09,6.024850173823623e-09,0.9999221285986005,-2.45052893115112e-08,-2.45052893115112e-08,6.617444885106177e-24,1689282.1359609123
0.36380844469305923,1.4277250539357227e-08,2.032523210836818e-08,0.9999208795349418,-1.056644912836006e-07,-1.056644912836006e-07,2.1557523968973048e-08,2.0325116654753873e-08,2.0325116654753873e-08,5.03853531544196e-08,6.04798156901095e-09,6.0479815690109536e-09,0.9999209405106381,-2.4363562850127878e-08,-2.4363562850127878e-08,-3.308722465629573e-24,1682878.3968289767
0.3661110297860533,1.4347964259503701e-08,2.0418934161618047e-08,0.9999196826997524,-1.0577838462946964e-07,-1.0577838462946964e-07,2.166467942008396e-08,2.0418821478305766e-08,2.0418821478305766e-08,5.024998574786311e-08,6.070969902114341e-09,6.070969902114345e-09,0.9999197439565549,-2.410264798299745e-08,-2.410264798299745e-08,-4.1359030782803164e-24,1676490.6860717463
0.36841361487904734,1.4418468675931538e-08,2.0512284495560364e-08,0.9999184774380098,-1.0601747241151651e-07,-1.0601747241151651e-07,2.177153355864004e-08,2.0512352345636014e-08,2.0512352345636014e-08,5.011487308071329e-08,6.093815819628828e-09,6.093815819628826e-09,0.9999185389748633,-2.3968334429275054e-08,-2.3968334429275054e-08,1.6543612094948464e-24,1670119.0489944527
0.37071619997204136,1.448876439201192e-08,2.0605284354890697e-08,0.9999172637886597,-1.065374038246548e-07,-1.065374038246548e-07,2.1878087331751892e-08,2.060558481830117e-08,2.060558481830117e-08,4.99800150221539e-08,6.11651996287878e-09,6.116519962878778e-09,0.9999173256045129,-2.4116266405092013e-08,-2.4116266405092013e-08,1.6543612094004842e-24,1663763.5298492552
0.37301878506503544,1.4558852008718094e-08,2.0697934976774234e-08,0.999916041791076,-1.0729737318241302e-07,-1.0729737318241302e-07,2.198434168048633e-08,2.0698359045446977e-08,2.0698359045446977e-08,4.98454114366175e-08,6.1390829680561355e-09,6.1390829680561405e-09,0.9999161038848808,-2.4505633275316082e-08,-2.4505633275316082e-08,-4.963083691116448e-24,1657424.1718415867
0.37532137015802947,1.462873212462904e-08,2.0790237590908424e-08,0.9999148114850505,-1.080905512456301e-07,-1.080905512456301e-07,2.209029753991254e-08,2.0790591014764945e-08,2.0790591014764945e-08,4.9711062183844704e-08,6.161505466279384e-09,6.161505466279384e-09,0.9999148738557633,-2.4929600881996406e-08,-2.4929600881996406e-08,-1.5889357506856483e-32,1651101.0171386776
0.37762395525102355,1.4698405335916078e-08,2.0882193419585096e-08,0.9999135729107854,-1.0868778863438879e-07,-1.0868778863438879e-07,2.219595583914797e-08,2.0882330425181235e-08,2.0882330425181235e-08,4.957696711894584e-08,6.183788083669016e-09,6.1837880836690174e-09,0.9999136355573657,-2.515901495604841e-08,-2.515901495604841e-08,-1.6543612410848693e-24,1644794.1068765419
0.37992654034401757,1.4767872236328041e-08,2.097380367775213e-08,0.9999123261088834,-1.0899431124840735e-07,-1.0899431124840735e-07,2.2301317501404023e-08,2.097372642421062e-08,2.097372642421062e-08,4.9443126092461007e-08,6.205931441424086e-09,6.2059314414240875e-09,0.9999123890302944,-2.5099096537398832e-08,-2.5099096537398832e-08,-1.6543612411727228e-24,1638503.4811675714
0.3822291254370116,1.4837133417191148e-08,2.1065069573074592e-08,0.9999110711203387,-1.0911256247010982e-07,-1.0911256247010982e-07,2.240638344403151e-08,2.106492597521253e-08,2.106492597521253e-08,4.9309538950420036e-08,6.22793615588344e-09,6.2279361558834444e-09,0.9999111343155475,-2.4852284177811447e-08,-2.4852284177811447e-08,-4.135903078918073e-24,1632229.1791080066
0.3845317105300057,1.4906189467429304e-08,2.115599230599549e-08,0.9999098079865295,-1.0927038392690983e-07,-1.0927038392690983e-07,2.251115457856583e-08,2.1155974910805253e-08,2.1155974910805253e-08,4.917620553440178e-08,6.249802838566182e-09,6.249802838566187e-09,0.9999098714545064,-2.4646414702927868e-08,-2.4646414702927868e-08,-4.963083691555796e-24,1625971.2387854718
0.3868342956229997,1.4975040973596633e-08,2.124657306979606e-08,0.9999085367492077,-1.0966563872314339e-07,-1.0966563872314339e-07,2.261563181077195e-08,2.12467885848035e-08,2.12467885848035e-08,4.904312568159207e-08,6.271532096199422e-09,6.271532096199426e-09,0.9999086004889268,-2.4679346443959154e-08,-2.4679346443959154e-08,-3.3087224665328814e-24,1619729.697286901
0.3891368807159937,1.5043688519906165e-08,2.1336813050655728e-08,0.9999072574504915,-1.1033344793309853e-07,-1.1033344793309853e-07,2.271981604068915e-08,2.1337210827752292e-08,2.1337210827752292e-08,4.89102992248432e-08,6.293124530749566e-09,6.293124530749563e-09,0.9999073214609306,-2.4986195730475617e-08,-2.4986195730475617e-08,3.3087224338097393e-24,1613504.5907054513
0.3914394658089878,1.5112132688241675e-08,2.1426713427711654e-08,0.9999059701328563,-1.111246352042674e-07,-1.111246352042674e-07,2.2823708162675496e-08,2.142712023802568e-08,2.142712023802568e-08,4.8777725992731915e-08,6.314580739469983e-09,6.314580739469979e-09,0.9999060344129966,-2.541778149342079e-08,-2.541778149342079e-08,3.308722433729662e-24,1607295.9541480287
0.39374205090198183,1.518037405815131e-08,2.1516275373117776e-08,0.999904674839127,-1.1180763288670931e-07,-1.1180763288670931e-07,2.2927309065452105e-08,2.151651192168637e-08,2.151651192168637e-08,4.864540580961376e-08,6.335901314966471e-09,6.335901314966465e-09,0.9999047393879532,-2.574253139423821e-08,-2.574253139423821e-08,6.6174448838632046e-24,1601103.8217440983
0.39604463599497586,1.5248413206833804e-08,2.1605500052103453e-08,0.9999033716124691,-1.1222361766120719e-07,-1.1222361766120719e-07,2.3030619632147168e-08,2.1605500557930803e-08,2.1605500557930803e-08,4.851333849568387e-08,6.357086845269651e-09,6.357086845269649e-09,0.9999034364289693,-2.5801617452793382e-08,-2.5801617452793382e-08,1.6543612084679643e-24,1594928.2266515153
0.39834722108796994,1.531625070913262e-08,2.169438862303154e-08,0.9999020604963805,-1.1239095460696811e-07,-1.1239095460696811e-07,2.313364074033971e-08,2.169424397246393e-08,2.169424397246393e-08,4.8381523867030634e-08,6.378137913898916e-09,6.3781379138989225e-09,0.9999021255795464,-2.5613400114841946e-08,-2.5613400114841946e-08,-6.617444917137908e-24,1588769.20106519
0.40064980618096396,1.538388713754768e-08,2.1782942237456097e-08,0.9999007415346837,-1.1249088868034242e-07,-1.1249088868034242e-07,2.3236373262103126e-08,2.1782839061388622e-08,2.1782839061388622e-08,4.8249961735691945e-08,6.399055099908422e-09,6.399055099908417e-09,0.9999008068835104,-2.5359119730518037e-08,-2.5359119730518037e-08,4.9630836585303464e-24,1582626.7762246565
0.40295239127395804,1.545132306226256e-08,2.1871162040179636e-08,0.9998994147715174,-1.127462261185916e-07,-1.127462261185916e-07,2.333881806404849e-08,2.1871259157307605e-08,2.1871259157307605e-08,4.8118651909711566e-08,6.419838977917076e-09,6.419838977917076e-09,0.9998994803850035,-2.526157795787305e-08,-2.526157795787305e-08,-1.6860503813499957e-32,1576500.9824210622
0.40525497636695207,1.5518559051174865e-08,2.1959049169310025e-08,0.9998980802513291,-1.1327467448953436e-07,-1.1327467448953436e-07,2.344097600736758e-08,2.1959373353561612e-08,2.1959373353561612e-08,4.7987594193192514e-08,6.440490118135159e-09,6.44049011813516e-09,0.9998981461284766,-2.5438477812294262e-08,-2.5438477812294262e-08,-8.271806294847816e-25,1570391.8490054999
0.4075575614599461,1.558559566991607e-08,2.2046604756316978e-08,0.9998967380188666,-1.1401321530728773e-07,-1.1401321530728773e-07,2.3542847947875702e-08,2.2047033851539675e-08,2.2047033851539675e-08,4.785678838635297e-08,6.461009086400908e-09,6.461009086400908e-09,0.9998968041586809,-2.5826796282019816e-08,-2.5826796282019816e-08,-1.7001584640191306e-32,1564299.4043958627
0.4098601465529402,1.5652433481854137e-08,2.2133829926088147e-08,0.9998953881191707,-1.14761375392802e-07,-1.14761375392802e-07,2.3644434736054266e-08,2.2134173262117135e-08,2.2134173262117135e-08,4.772623428557913e-08,6.481396444234008e-09,6.48139644423401e-09,0.9998954545206604,-2.6226055688449414e-08,-2.6226055688449414e-08,-2.4815418547290933e-24,1558223.6760848786
0.4121627316459342,1.5719073048083787e-08,2.2220725796984728e-08,0.9998940305975671,-1.153129965107069e-07,-1.153129965107069e-07,2.3745737217093067e-08,2.2220848456477363e-08,2.2220848456477363e-08,4.75959316834785e-08,6.50165274890094e-09,6.50165274890094e-09,0.9998940972597445,-2.643009332276799e-08,-2.643009332276799e-08,-1.7137045722405423e-32,1552164.6906477562
0.4144653167389283,1.5785514927416987e-08,2.2307293480896646e-08,0.9998926654996592,-1.1558957614203095e-07,-1.1558957614203095e-07,2.3846756230932426e-08,2.2307203397484e-08,2.2307203397484e-08,4.746588036893308e-08,6.5217785534796644e-09,6.5217785534796595e-09,0.9998927324215396,-2.6360402218444366e-08,-2.6360402218444366e-08,4.9630836581154616e-24,1546122.4737496434
0.4167679018319223,1.5851759676385697e-08,2.239353408329724e-08,0.9998912928713202,-1.1568924772418512e-07,-1.1568924772418512e-07,2.3947492612304958e-08,2.239337622022641e-08,2.239337622022641e-08,4.7336080127153086e-08,6.541774406911541e-09,6.5417744069115415e-09,0.9998913600519225,-2.6115111390996164e-08,-2.6115111390996164e-08,-8.27180629820029e-25,1540097.0501527528
0.41907048692491633,1.5917807849260805e-08,2.2479448703297564e-08,0.999889912758686,-1.1582161949514998e-07,-1.1582161949514998e-07,2.4047947190777212e-08,2.2479411188413123e-08,2.2479411188413123e-08,4.720653073972591e-08,6.5616408540367605e-09,6.561640854036759e-09,0.9998899801970321,-2.5903824681959727e-08,-2.5903824681959727e-08,1.6543612077761058e-24,1534088.4437252225
0.4213730720179104,1.5983659998080584e-08,2.2565038433700304e-08,0.9998885252081476,-1.1617238428644412e-07,-1.1617238428644412e-07,2.4148120790791003e-08,2.2565231851196456e-08,2.2565231851196456e-08,4.707723198467203e-08,6.58137843561972e-09,6.58137843561972e-09,0.9998885929032629,-2.59122305516429e-08,-2.59122305516429e-08,-1.7391563290055904e-32,1528096.6774468417
0.42367565711090444,1.604931667267633e-08,2.265030436105329e-08,0.9998871302663439,-1.1678533990643166e-07,-1.1678533990643166e-07,2.4248014231704494e-08,2.265069156756503e-08,2.265069156756503e-08,4.694818363649196e-08,6.600987688376968e-09,6.600987688376963e-09,0.999887198217257,-2.618412246221849e-08,-2.618412246221849e-08,4.96308365786631e-24,1522121.7734183993
0.42597824220389846,1.6114778420684983e-08,2.273524756570269e-08,0.9998857279801543,-1.1753637084783807e-07,-1.1753637084783807e-07,2.4347628327833082e-08,2.2735668035482223e-08,2.2735668035482223e-08,4.6819385466219015e-08,6.620469145017708e-09,6.620469145017708e-09,0.999885796185897,-2.659538058502731e-08,-2.659538058502731e-08,-1.7510842235777362e-32,1516163.7528682912
0.42828082729689254,1.6180045787547022e-08,2.2819869121845686e-08,0.9998843183966921,-1.182140225898641e-07,-1.182140225898641e-07,2.4446963888489994e-08,2.282014124192831e-08,2.282014124192831e-08,4.6690837241469885e-08,6.639823334298659e-09,6.639823334298664e-09,0.9998843868562994,-2.6934546102481355e-08,-2.6934546102481355e-08,-4.9630836928867005e-24,1510222.636159903
0.43058341238988657,1.6245119316497288e-08,2.2904170097582787e-08,0.999882901563297,-1.1865380606273267e-07,-1.1865380606273267e-07,2.454602171802665e-08,2.2904205887341767e-08,2.2904205887341767e-08,4.656253872649196e-08,6.659050781085501e-09,6.6590507810854994e-09,0.9998829702758073,-2.7037125672401524e-08,-2.7037125672401524e-08,1.654361207481109e-24,1504298.4428001484
0.4328859974828806,1.630999954856055e-08,2.298815155496965e-08,0.999881477527528,-1.1884084652790456e-07,-1.1884084652790456e-07,2.4644802615872795e-08,2.2988011518690717e-08,2.2988011518690717e-08,4.64344896822155e-08,6.6781520064090996e-09,6.678152006409099e-09,0.9998815464919827,-2.688824030802596e-08,-2.688824030802596e-08,8.271805948729364e-25,1498391.1914458135
0.43518858257587467,1.637468702256026e-08,2.3071814550068493e-08,0.9998800463371571,-1.1891731320404909e-07,-1.1891731320404909e-07,2.474330737657637e-08,2.3071669033410063e-08,2.3071669033410063e-08,4.6306689866301004e-08,6.697127527508233e-09,6.697127527508232e-09,0.9998801155526007,-2.6630055003775115e-08,-2.6630055003775115e-08,1.654361207372073e-24,1492500.8999117569
0.4374911676688687,1.6439182275140572e-08,2.3155160132999104e-08,0.9998786080401622,-1.190918791040677e-07,-1.190918791040677e-07,2.484153678984314e-08,2.315518246092724e-08,2.315518246092724e-08,4.6179139033186666e-08,6.7159778578585375e-09,6.7159778578585326e-09,0.9998786775056425,-2.6471238572071285e-08,-2.6471238572071285e-08,4.963083657531534e-24,1486627.5851786607
0.4397937527618628,1.6503485840793376e-08,2.3238189347989497e-08,0.99987716268472,-1.1950938031758321e-07,-1.1950938031758321e-07,2.4939491640576088e-08,2.3238448036809868e-08,2.3238448036809868e-08,4.605183693413895e-08,6.734703507196122e-09,6.734703507196121e-09,0.999877232399288,-2.6556622925625226e-08,-2.6556622925625226e-08,8.27180594714973e-25,1480771.263399617
0.4420963378548568,1.6567598251879452e-08,2.3320903233426203e-08,0.9998757103192002,-1.20162061238039e-07,-1.20162061238039e-07,2.503717270891454e-08,2.3321320071225747e-08,2.3321320071225747e-08,4.592478331729743e-08,6.7533049815467526e-09,6.753304981546751e-09,0.9998757802819099,-2.687844830433418e-08,-2.687844830433418e-08,1.6543612072177936e-24,1474931.9499085653
0.4443989229478508,1.6631520038636573e-08,2.340330282190416e-08,0.9998742509921582,-1.2089628515127892e-07,-1.2089628515127892e-07,2.5134580770273073e-08,2.3403701875261948e-08,2.3403701875261948e-08,4.5797977927722815e-08,6.771782783267594e-09,6.771782783267588e-09,0.9998743212020667,-2.7283073863662276e-08,-2.7283073863662276e-08,5.790264269933927e-24,1469109.6592274061
0.4467015080408449,1.669525172917591e-08,2.3485389140276206e-08,0.9998727847523287,-1.215086727150129e-07,-1.215086727150129e-07,2.5231716595380163e-08,2.3485605422320307e-08,2.3485605422320307e-08,4.5671420507444165e-08,6.790137411100298e-09,6.790137411100298e-09,0.9998728552084961,-2.7567116153908066e-08,-2.7567116153908066e-08,-1.798508110432287e-32,1463304.405073172
0.44900409313383893,1.6758793849474832e-08,2.3567163209702125e-08,0.9998713116486195,-1.2187109246104377e-07,-1.2187109246104377e-07,2.5328580950316584e-08,2.3567143690240628e-08,2.3567143690240628e-08,4.554511079550444e-08,6.808369360227296e-09,6.8083693602272925e-09,0.9998713823501092,-2.7602439622235276e-08,-2.7602439622235276e-08,3.3087224321803918e-24,1457516.2003657839
0.451306678226833,1.682214692337644e-08,2.3648626045697274e-08,0.9998698317301056,-1.2200776162303373e-07,-1.2200776162303373e-07,2.5425174596553576e-08,2.3648461449768998e-08,2.3648461449768998e-08,4.541904852800562e-08,6.826479122320827e-09,6.8264791223208335e-09,0.9998699026759837,-2.7413257440244634e-08,-2.7413257440244634e-08,-6.617444918501413e-24,1451745.057235676
0.45360926331982704,1.6885311472601502e-08,2.3729778658180817e-08,0.9998683450460215,-1.2207862251403205e-07,-1.2207862251403205e-07,2.5521498290990735e-08,2.37296475775364e-08,2.37296475775364e-08,4.529323343815568e-08,6.844467185579313e-09,6.844467185579315e-09,0.9998684162353575,-2.7159507881308782e-08,-2.7159507881308782e-08,-2.4815418557805932e-24,1445990.9870305548
0.45591184841282106,1.6948288016770974e-08,2.3810622051523567e-08,0.9998668516457567,-1.2228091712970118e-07,-1.2228091712970118e-07,2.5617552785993726e-08,2.3810682321652148e-08,2.3810682321652148e-08,4.516766525631144e-08,6.862334034752591e-09,6.862334034752593e-09,0.9998669230776229,-2.7038428923606907e-08,-2.7038428923606907e-08,-2.4815418558237724e-24,1440254.000323669
0.45821443350581514,1.701107707343094e-08,2.389115722459549e-08,0.9998653515788486,-1.2272991147863212e-07,-1.2272991147863212e-07,2.571333882943167e-08,2.389145078372279e-08,2.389145078372279e-08,4.504234371002572e-08,6.880080151164545e-09,6.880080151164549e-09,0.9998654232523203,-2.7165282580250162e-08,-2.7165282580250162e-08,-4.1359030809718774e-24,1434534.1069200917
0.46051701859880917,1.707367915807058e-08,2.3971385170812856e-08,0.9998638448949764,-1.233907731263546e-07,-1.233907731263546e-07,2.5808857164714345e-08,2.3971813435678114e-08,2.3971813435678114e-08,4.491726852408787e-08,6.897706012742278e-09,6.897706012742276e-09,0.9998639168091319,-2.7505232443103172e-08,-2.7505232443103172e-08,1.6543612068583823e-24,1428831.315865353
0.4628196036918032,1.7136094784128322e-08,2.405130687818501e-08,0.9998623316439557,-1.2410131681645804e-07,-1.2410131681645804e-07,2.590410853082913e-08,2.4051690503045062e-08,2.4051690503045062e-08,4.479243942057013e-08,6.91521209405669e-09,6.915212094056687e-09,0.9998624037978763,-2.7896089303718002e-08,-2.7896089303718002e-08,3.308722431924609e-24,1423145.6354518288
0.4651221887847973,1.719832446298842e-08,2.4130923329360713e-08,0.9998608118757321,-1.246702226974041e-07,-1.246702226974041e-07,2.5999093662377667e-08,2.413110962638524e-08,2.413110962638524e-08,4.466785611887085e-08,6.932598866372292e-09,6.932598866372292e-09,0.9998608842685021,-2.814652937996125e-08,-2.814652937996125e-08,-1.8326237664474437e-32,1417477.0732259846
0.4674247738777913,1.7260368703975828e-08,2.4210235501674115e-08,0.9998592856403755,-1.2499092810478342e-07,-1.2499092810478342e-07,2.6093813289612346e-08,2.421018906544256e-08,2.421018906544256e-08,4.454351833575462e-08,6.949866797698291e-09,6.949866797698287e-09,0.9998593582710821,-2.8149986098086957e-08,-2.8149986098086957e-08,4.135903044401246e-24,1411825.6359966488
0.4697273589707853,1.732222801435795e-08,2.4289244367190283e-08,0.9998577529880748,-1.2510353161741417e-07,-1.2510353161741417e-07,2.61882681384725e-08,2.4289067439962487e-08,2.4289067439962487e-08,4.4419425785397426e-08,6.967016352832334e-09,6.9670163528323325e-09,0.9998578258558078,-2.794655414865304e-08,-2.794655414865304e-08,1.654361206705579e-24,1406191.329841293
0.4720299440637794,1.7383902899357594e-08,2.4367950892750383e-08,0.9998562139691312,-1.2516930516311448e-07,-1.2516930516311448e-07,2.628245893062038e-08,2.436782234120056e-08,2.436782234120056e-08,4.429557817942721e-08,6.984047993392788e-09,6.984047993392789e-09,0.9998562870729838,-2.7697501592112946e-08,-2.7697501592112946e-08,-1.6543612435420577e-24,1400574.1601137852
0.47433252915677343,1.744539386217462e-08,2.4446356040016467e-08,0.9998546686339538,-1.253745335100206e-07,-1.253745335100206e-07,2.6376386383476837e-08,2.4446425841178586e-08,2.4446425841178586e-08,4.41719752269664e-08,7.000962177841846e-09,7.0009621778418485e-09,0.9998547419730219,-2.758910934995474e-08,-2.758910934995474e-08,-2.481541856129564e-24,1394974.1314513176
0.4766351142497675,1.7506701404008994e-08,2.4524460765515962e-08,0.9998531170330529,-1.2582133745917217e-07,-1.2582133745917217e-07,2.6470051210256875e-08,2.4524762346350697e-08,2.4524762346350697e-08,4.404861663467188e-08,7.017759361506972e-09,7.017759361506968e-09,0.9998531906064352,-2.7723494397108324e-08,-2.7723494397108324e-08,4.1359030442612145e-24,1389391.2477819382
0.47893769934276154,1.7567826024077163e-08,2.4602266020685765e-08,0.9998515592170355,-1.264693032643582e-07,-1.264693032643582e-07,2.6563454120004822e-08,2.4602697360365047e-08,2.4602697360365047e-08,4.3925502106777065e-08,7.034439996608605e-09,7.0344399966086025e-09,0.9998516330238335,-2.8060239181615135e-08,-2.8060239181615135e-08,2.4815418191227413e-24,1383825.5123313663
0.48124028443575556,1.7628768219617975e-08,2.467977275191603e-08,0.9998499952365991,-1.2716076552786623e-07,-1.2716076552786623e-07,2.6656595817629375e-08,2.4680156358828832e-08,2.4680156358828832e-08,4.38026313451304e-08,7.051004532298058e-09,7.051004532298056e-09,0.9998500692759174,-2.84416745202021e-08,-2.84416745202021e-08,2.481541819091337e-24,1378276.9276306732
0.48354286952874964,1.768952848589033e-08,2.475698190059351e-08,0.999848425142527,-1.277134150545337e-07,-1.277134150545337e-07,2.6749477003938326e-08,2.4757167941085558e-08,2.4757167941085558e-08,4.368000404923755e-08,7.067453414703182e-09,7.06745341470318e-09,0.9998484994134728,-2.8685487452159662e-08,-2.8685487452159662e-08,1.654361206507908e-24,1372745.4955227098
0.48584545462174367,1.7750107316169597e-08,2.483389440314456e-08,0.9998468489856824,-1.2802554897552976e-07,-1.2802554897552976e-07,2.684209837567311e-08,2.4833846954718846e-08,2.4833846954718846e-08,4.355761991629869e-08,7.083787086974957e-09,7.083787086974962e-09,0.9998469234873656,-2.8689971362951528e-08,-2.8689971362951528e-08,-4.9630836939457225e-24,1367231.2171699316
0.48814803971473775,1.7810505201750117e-08,2.4910511191077712e-08,0.9998452668170038,-1.2813334735275517e-07,-1.2813334735275517e-07,2.6934460625543065e-08,2.491032828847871e-08,2.491032828847871e-08,4.343547864125008e-08,7.1000059893275885e-09,7.100005989327596e-09,0.9998453415485374,-2.849130258844432e-08,-2.849130258844432e-08,-7.444625531633233e-24,1361734.0930607237
0.49045062480773177,1.78707226319575e-08,2.4986833191025898e-08,0.9998436786874995,-1.2818842170281175e-07,-1.2818842170281175e-07,2.702656444225947e-08,2.4986690029334665e-08,2.4986690029334665e-08,4.331357991680051e-08,7.116110559068401e-09,7.116110559068398e-09,0.999843753647999,-2.8241088938708153e-08,-2.8241088938708153e-08,3.3087224315286683e-24,1356254.1230171889
0.4927532099007258,1.7930760094168765e-08,2.506286132478835e-08,0.9998420846482422,-1.2837005443330798e-07,-1.2837005443330798e-07,2.7118410510569362e-08,2.5062909984407148e-08,2.5062909984407148e-08,4.319192343347143e-08,7.132101230619586e-09,7.132101230619586e-09,0.9998421598368262,-2.8118609134154573e-08,-2.8118609134154573e-08,-1.8709940019660857e-32,1350791.306201628
0.4950557949937199,1.79906180738339e-08,2.5138596509372145e-08,0.9998404847503649,-1.2878322653757382e-07,-1.2878322653757382e-07,2.7209999511289085e-08,2.5138879715525986e-08,2.5138879715525986e-08,4.307050887963404e-08,7.147978435538249e-09,7.147978435538245e-09,0.9998405601661544,-2.8228840500085244e-08,-2.8228840500085244e-08,3.308722431476623e-24,1345345.6411238143
0.4973583800867139,1.80502970544919e-08,2.521403965703341e-08,0.9998388790450554,-1.2940029864967885e-07,-1.2940029864967885e-07,2.730133212133762e-08,2.521446717543094e-08,2.521446717543094e-08,4.294933594154748e-08,7.163742602541505e-09,7.16374260254151e-09,0.9998389546871744,-2.854414002154521e-08,-2.854414002154521e-08,-4.9630836940782624e-24,1339917.1256477921
0.4996609651797079,1.810979751777767e-08,2.5289191675318236e-08,0.999837267583551,-1.3007829776636338e-07,-1.3007829776636338e-07,2.739240901376968e-08,2.5289591858728317e-08,2.5289591858728317e-08,4.2828404303395106e-08,7.1793941575405644e-09,7.179394157540565e-09,0.999837343451126,-2.8921531065090437e-08,-2.8921531065090437e-08,-8.27180631336804e-25,1334505.7569990933
0.501963550272702,1.8169119943421317e-08,2.5364053467103166e-08,0.9998356504171345,-1.306405306751695e-07,-1.306405306751695e-07,2.7483230857808575e-08,2.5364270040623814e-08,2.5364270040623814e-08,4.270771364732249e-08,7.19493352368185e-09,7.19493352368185e-09,0.9998357265092949,-2.9184316806756848e-08,-2.9184316806756848e-08,-1.8806537478372027e-32,1329111.5317712645
0.5042661353656961,1.8228264809245564e-08,2.543862593063533e-08,0.9998340275971289,-1.3097565155310256e-07,-1.3097565155310256e-07,2.7573798318878786e-08,2.543860530035148e-08,2.543860530035148e-08,4.2587263653473713e-08,7.210361121389766e-09,7.210361121389766e-09,0.9998341039130068,-2.9221147830561238e-08,-2.9221147830561238e-08,-1.882838988592691e-32,1323734.4459328535
0.5065687204586901,1.828723259116793e-08,2.551290995957221e-08,0.9998323991748931,-1.3109872918172922e-07,-1.3109872918172922e-07,2.7664112058638385e-08,2.5512730531765413e-08,2.5512730531765413e-08,4.246705400002652e-08,7.225677368404275e-09,7.225677368404279e-09,0.999832475713623,-2.9047089343440388e-08,-2.9047089343440388e-08,-4.135903081614482e-24,1318374.4948345334
0.5088713055516841,1.8346023763211316e-08,2.5586906443021077e-08,0.9998307652018166,-1.3114124354301427e-07,-1.3114124354301427e-07,2.77541727350112e-08,2.5586734418136343e-08,2.5586734418136343e-08,4.234708436322894e-08,7.2408826798097595e-09,7.240882679809761e-09,0.9998308419625359,-2.8793617770929962e-08,-2.8793617770929962e-08,-1.6543612439754643e-24,1313031.6732156442
0.5111738906446782,1.8404638797521998e-08,2.5660616265578046e-08,0.9998291257293157,-1.3127702252283672e-07,-1.3127702252283672e-07,2.784398100221868e-08,2.566061330005174e-08,2.566061330005174e-08,4.222735441743523e-08,7.255977468056046e-09,7.255977468056048e-09,0.9998292027111645,-2.8634557460524533e-08,-2.8634557460524533e-08,-2.4815418565476782e-24,1307705.9752108695
0.5134764757376722,1.8463078164389954e-08,2.573404030736686e-08,0.9998274808088287,-1.316261471174838e-07,-1.316261471174838e-07,2.7933537510811608e-08,2.5734274520132577e-08,2.5734274520132577e-08,4.210786383513934e-08,7.270962142976909e-09,7.2709621429769055e-09,0.9998275580109496,-2.868998588801637e-08,-2.868998588801637e-08,3.3087224313051987e-24,1302397.394357396
0.5157790608306663,1.8521342332265363e-08,2.580717944407735e-08,0.9998258304918112,-1.3218991530674452e-07,-1.3218991530674452e-07,2.802284290770157e-08,2.580758854248331e-08,2.580758854248331e-08,4.198861228701073e-08,7.285837111811984e-09,7.285837111811986e-09,0.9998259079133495,-2.8961197530435117e-08,-2.8961197530435117e-08,-2.4815418565834525e-24,1297105.9236013289
0.5180816459236603,1.8579431767767305e-08,2.588003454700356e-08,0.999824174829732,-1.328516963334788e-07,-1.328516963334788e-07,2.811189783619213e-08,2.5880460553793154e-08,2.5880460553793154e-08,4.186959944192794e-08,7.300602779236247e-09,7.300602779236254e-09,0.9998242524698356,-2.9331558145464554e-08,-2.9331558145464554e-08,-6.617444919365198e-24,1291831.5553045555
0.5203842310166543,1.8637346935685164e-08,2.5952606483081502e-08,0.9998225138740686,-1.3344184992326466e-07,-1.3344184992326466e-07,2.8200702936009844e-08,2.5952882229601025e-08,2.5952882229601025e-08,4.17508249670144e-08,7.3152595473963445e-09,7.315259547396339e-09,0.999822591731888,-2.9631423990938652e-08,-2.9631423990938652e-08,5.790264268914449e-24,1286574.2812508796
0.5226868161096484,1.8695088298977072e-08,2.602489611492664e-08,0.9998208476763031,-1.338302329342735e-07,-1.338302329342735e-07,2.8289258843335025e-08,2.602493592787785e-08,2.602493592787785e-08,4.1632288527668873e-08,7.329807815949574e-09,7.329807815949569e-09,0.9998209257509915,-2.9730648474566935e-08,-2.9730648474566935e-08,4.963083656346485e-24,1281334.0926535523
0.5249894012026425,1.8752656318771078e-08,2.6096904300870902e-08,0.9998191762879179,-1.3399583679329937e-07,-1.3399583679329937e-07,2.837756619083226e-08,2.6096749839540416e-08,2.6096749839540416e-08,4.151398978760114e-08,7.344247982099825e-09,7.344247982099824e-09,0.9998192545786309,-2.960821958981576e-08,-2.960821958981576e-08,8.27180593567232e-25,1276110.9801611488
0.5272919862956365,1.881005145437329e-08,2.6168631894999453e-08,0.9998174997603917,-1.3403663390764537e-07,-1.3403663390764537e-07,2.8465625607680708e-08,2.6168429061508135e-08,2.6168429061508135e-08,4.139592840886428e-08,7.358580440626164e-09,7.358580440626164e-09,0.9998175782662874,-2.936210632764756e-08,-2.936210632764756e-08,-1.8999097999539105e-32,1270904.933864332
0.5295945713886305,1.8867274163283118e-08,2.624007974718711e-08,0.9998158181451949,-1.3411560001890349e-07,-1.3411560001890349e-07,2.85534377196042e-08,2.6239999939820283e-08,2.6239999939820283e-08,4.1278104051886414e-08,7.37280558390399e-09,7.372805583903992e-09,0.9998158968654342,-2.9155281030155047e-08,-2.9155281030155047e-08,-1.6543612441176524e-24,1265715.943302579
0.5318971564816246,1.8924324901212144e-08,2.6311248703134453e-08,0.9998141314937863,-1.3437302002131416e-07,-1.3437302002131416e-07,2.8641003148901053e-08,2.6311397181972377e-08,2.6311397181972377e-08,4.1160516375504553e-08,7.3869238019223065e-09,7.386923801922309e-09,0.9998142104275324,-2.9128025208776343e-08,-2.9128025208776343e-08,-2.4815418566823847e-24,1260543.9974702285
0.5341997415746187,1.898120412210121e-08,2.6382139604403627e-08,0.9998124398576085,-1.3485233640938026e-07,-1.3485233640938026e-07,2.8728322514473708e-08,2.638249987292743e-08,2.638249987292743e-08,4.104316503699513e-08,7.400935482302418e-09,7.400935482302417e-09,0.9998125190040273,-2.9323777991765748e-08,-2.9323777991765748e-08,1.654361206071834e-24,1255389.084823303
0.5365023266676127,1.9037912278131527e-08,2.6452753288453867e-08,0.9998107432880842,-1.3547846762002708e-07,-1.3547846762002708e-07,2.881539643185812e-08,2.645319648040036e-08,2.645319648040036e-08,4.092604969210564e-08,7.414841010322342e-09,7.41484101032234e-09,0.999810822646344,-2.966745446621161e-08,-2.966745446621161e-08,1.6543612060616906e-24,1250251.193285872
0.5388049117606067,1.9094449819728777e-08,2.652309058867667e-08,0.9998090418366123,-1.3609892350448625e-07,-1.3609892350448625e-07,2.8902225513252953e-08,2.6523444060778308e-08,2.6523444060778308e-08,4.080916999508632e-08,7.428640768947899e-09,7.4286407689478925e-09,0.9998091214058841,-3.000656114977957e-08,-3.000656114977957e-08,6.617444881370481e-24,1245130.3102563252
0.5411074968536008,1.9150817195562926e-08,2.659315233443065e-08,0.9998073355545645,-1.3656482792598241e-07,-1.3656482792598241e-07,2.8988810367548485e-08,2.6593290633921633e-08,2.6593290633921633e-08,4.06925255987207e-08,7.442335138867722e-09,7.4423351388677254e-09,0.9998074153340215,-3.019221858825981e-08,-3.019221858825981e-08,-3.3087224692744686e-24,1240026.4226137528
0.5434100819465948,1.9207014852548567e-08,2.666293935107606e-08,0.9998056244932806,-1.3680866094649955e-07,-1.3680866094649955e-07,2.9075151600355366e-08,2.6662849634289386e-08,2.6662849634289386e-08,4.0576116154356206e-08,7.455924498527501e-09,7.455924498527494e-09,0.9998057044820986,-3.015690354219531e-08,-3.015690354219531e-08,6.617444881353996e-24,1234939.5167243017
0.5457126670395889,1.9263043235850202e-08,2.6732452460008988e-08,0.9998039087040659,-1.368783217740043e-07,-1.368783217740043e-07,2.9161249814033125e-08,2.673224058466705e-08,2.673224058466705e-08,4.045994131193406e-08,7.46940922415879e-09,7.469409224158786e-09,0.9998039889014233,-2.9948511933968345e-08,-2.9948511933968345e-08,3.30872243113476e-24,1229869.5784474805
0.548015252132583,1.931890278889406e-08,2.6801692478695226e-08,0.9998021882381866,-1.3691075874767413e-07,-1.3691075874767413e-07,2.9247105607718437e-08,2.6801527379714873e-08,2.6801527379714873e-08,4.0344000720020245e-08,7.482789689801162e-09,7.482789689801166e-09,0.999802268643264,-2.9703988832893223e-08,-2.9703988832893223e-08,-4.96308369440191e-24,1224816.5931421458
0.5503178372255769,1.9374593953384755e-08,2.6870660220703865e-08,0.9998004631468668,-1.370600633638473e-07,-1.370600633638473e-07,2.933271957735318e-08,2.6870686165509624e-08,2.6870686165509624e-08,4.0228294025833223e-08,7.496066267319108e-09,7.496066267319109e-09,0.9998005437588474,-2.9577422481031833e-08,-2.9577422481031833e-08,-1.6543612441954672e-24,1219780.5456731885
0.552620422318571,1.9430117169322535e-08,2.693935649574061e-08,0.9997987334812847,-1.3741798591337005e-07,-1.3741798591337005e-07,2.9418092315712316e-08,2.6939618871242465e-08,2.6939618871242465e-08,4.0112820875274626e-08,7.509239326418074e-09,7.509239326418074e-09,0.9997988142993541,-2.966055993040761e-08,-2.966055993040761e-08,-1.909436427413368e-32,1214761.4204173079
0.5549230074115651,1.9485472875016762e-08,2.7007782109680777e-08,0.9997969992925693,-1.3796775884223266e-07,-1.3796775884223266e-07,2.9503224412431474e-08,2.7008204655588e-08,2.7008204655588e-08,3.9997580912957955e-08,7.522309234664015e-09,7.522309234664015e-09,0.9997970803159156,-2.993663040350955e-08,-2.993663040350955e-08,-1.909860885764641e-32,1209759.2012691905
0.557225592504559,1.95406615070933e-08,2.7075937864602015e-08,0.9997952606317966,-1.3859411342463317e-07,-1.3859411342463317e-07,2.9588116454034383e-08,2.7076362324278507e-08,2.7076362324278507e-08,3.9882573782236224e-08,7.535276357508711e-09,7.535276357508714e-09,0.9997953418596102,-3.029036196622511e-08,-3.029036196622511e-08,-3.308722469314264e-24,1204773.8716478536
0.5595281775975531,1.9595683500496628e-08,2.714382455881673e-08,0.9997935175499867,-1.39143194731603e-07,-1.39143194731603e-07,2.9672769023960073e-08,2.71440917224457e-08,2.71440917224457e-08,3.97677991252318e-08,7.5481410583201e-09,7.548141058320102e-09,0.9997935989814604,-3.056789649633609e-08,-3.056789649633609e-08,-1.6543612442110627e-24,1199805.4145022866
0.5618307626905472,1.9650539288490118e-08,2.7211442986904163e-08,0.9997917700981,-1.3950098232013146e-07,-1.3950098232013146e-07,2.9757182702589826e-08,2.721147345938469e-08,2.721147345938469e-08,3.965325658286276e-08,7.560903698414041e-09,7.560903698414045e-09,0.999791851732429,-3.0655210372514806e-08,-3.0655210372514806e-08,-3.308722469319289e-24,1194853.812317891
0.5641333477835412,1.9705229302658736e-08,2.7278793939742178e-08,0.9997900183270342,-1.3965026347611723e-07,-1.3965026347611723e-07,2.984135806727396e-08,2.72786278248432e-08,2.72786278248432e-08,3.953894579487102e-08,7.573564637083446e-09,7.573564637083442e-09,0.999790100163416,-3.053508771714852e-08,-3.053508771714852e-08,3.308722431103438e-24,1189919.047122336
0.5664359328765353,1.9759753972916996e-08,2.7345878204538753e-08,0.999788262287621,-1.396779789891274e-07,-1.396779789891274e-07,2.992529569235838e-08,2.7345654268829928e-08,2.7345654268829928e-08,3.942486639985071e-08,7.586124231621757e-09,7.586124231621757e-09,0.9997883443252555,-3.0294466170972386e-08,-3.0294466170972386e-08,-1.9109500400186816e-32,1185001.1004912448
0.5687385179695293,1.9814113727522327e-08,2.741269656486316e-08,0.9997865020306227,-1.397303233383463e-07,-1.397303233383463e-07,3.000899614921089e-08,2.7412582133614737e-08,2.7412582133614737e-08,3.9311018035273787e-08,7.598582837340835e-09,7.598582837340832e-09,0.9997865842687124,-3.007953707889367e-08,-3.007953707889367e-08,3.308722431102442e-24,1180099.9535544845
0.5710411030625233,1.986830899309127e-08,2.747924980067689e-08,0.9997847376067295,-1.3993908781514257e-07,-1.3993908781514257e-07,3.009246000624735e-08,2.7479357052115087e-08,2.7479357052115087e-08,3.9197400337517846e-08,7.610940807585619e-09,7.610940807585619e-09,0.9997848200444789,-3.0022088612435014e-08,-3.0022088612435014e-08,-1.9109184757379494e-32,1175215.5870017605
0.5733436881555174,1.9922340194614598e-08,2.7545538688364322e-08,0.9997829690665561,-1.4035643463951043e-07,-1.4035643463951043e-07,3.0175687828957576e-08,2.7545869160720844e-08,2.7545869160720844e-08,3.9084012941891735e-08,7.623198493749724e-09,7.623198493749724e-09,0.9997830517031722,-3.0174279886053144e-08,-3.0174279886053144e-08,-1.910805703177213e-32,1170347.9810886264
0.5756462732485115,1.9976207755468116e-08,2.761156400076309e-08,0.9997811964606386,-1.409301829224328e-07,-1.409301829224328e-07,3.025868017993106e-08,2.7612008434857668e-08,2.7612008434857668e-08,3.8970855482661895e-08,7.635356245294976e-09,7.635356245294974e-09,0.9997812792953306,-3.0483926919380446e-08,-3.0483926919380446e-08,1.6543612059997625e-24,1165497.1156422696
0.5779488583415056,2.0029912097418106e-08,2.7677326507194162e-08,0.9997794198394316,-1.4153091817738942e-07,-1.4153091817738942e-07,3.034143761888243e-08,2.7677719363854273e-08,2.7677719363854273e-08,3.885792759307931e-08,7.647414409776053e-09,7.647414409776056e-09,0.9997795028714112,-3.082161214861277e-08,-3.082161214861277e-08,-3.3087224693160105e-24,1160662.9700669409
0.5802514434344995,2.0083453640622996e-08,2.7742826973491657e-08,0.9997776392533058,-1.4201652203278976e-07,-1.4201652203278976e-07,3.042396070267678e-08,2.774302809601495e-08,2.774302809601495e-08,3.8745228905402835e-08,7.65937333286866e-09,7.659373332868661e-09,0.9997777224817866,-3.1045214138823135e-08,-3.1045214138823135e-08,-1.654361244206941e-24,1155845.5233502598
0.5825540285274936,2.013683280363468e-08,2.780806616203237e-08,0.9997758547525436,-1.4230178177802507e-07,-1.4230178177802507e-07,3.050624998535474e-08,2.7808029245781217e-08,2.7808029245781217e-08,3.863275905092671e-08,7.671233358397687e-09,7.67123335839769e-09,0.999775938176742,-3.106951712989558e-08,-3.106951712989558e-08,-3.308722469309368e-24,1151044.7540683239
0.5848566136204877,2.0190050003402806e-08,2.7873044831764952e-08,0.9997740663873381,-1.42399090824315e-07,-1.42399090824315e-07,3.0588306018157356e-08,2.7872839483033825e-08,2.7872839483033825e-08,3.8520517660003685e-08,7.682994828362147e-09,7.682994828362146e-09,0.9997741500064726,-3.09069114972552e-08,-3.09069114972552e-08,1.6543612060130322e-24,1146260.640391794
0.5871591987134817,2.024310565528398e-08,2.7937763738238863e-08,0.9997722742077891,-1.424111176344017e-07,-1.424111176344017e-07,3.067012934955073e-08,2.7937541032173694e-08,2.7937541032173694e-08,3.840850436207112e-08,7.69465808295488e-09,7.694658082954884e-09,0.9997723580210803,-3.066006268144625e-08,-3.066006268144625e-08,-3.3087224693003e-24,1141493.160091182
0.5894617838064757,2.0296000173055216e-08,2.800222363363305e-08,0.9997704782639005,-1.4248001864796282e-07,-1.4248001864796282e-07,3.075172052525057e-08,2.8002142589974274e-08,2.8002142589974274e-08,3.829671878567493e-08,7.706223460577834e-09,7.706223460577836e-09,0.9997705622705715,-3.047112411343061e-08,-3.047112411343061e-08,-1.654361244188819e-24,1136742.2905424964
0.5917643688994698,2.034873396892902e-08,2.8066425266784367e-08,0.9997686786055779,-1.4271854647119423e-07,-1.4271854647119423e-07,3.083308008824634e-08,2.8066576193952244e-08,2.8066576193952244e-08,3.818516055849309e-08,7.717691297855348e-09,7.717691297855348e-09,0.9997687628048537,-3.045284540405676e-08,-3.045284540405676e-08,-1.907675346691834e-32,1132008.0087329503
0.5940669539924638,2.0401307453566798e-08,2.8130369383215704e-08,0.9997668752826259,-1.4315644789460597e-07,-1.4315644789460597e-07,3.091420857882543e-08,2.8130730922182622e-08,2.8130730922182622e-08,3.80738293073605e-08,7.729061929648907e-09,7.729061929648907e-09,0.999766959673734,-3.063497036174315e-08,-3.063497036174315e-08,-1.907016542874175e-32,1127290.2912661906
0.5963695390854579,2.0453721036088133e-08,2.819405672516393e-08,0.999765068344745,-1.4372741321753997e-07,-1.4372741321753997e-07,3.099510653459698e-08,2.8194506674805295e-08,2.8194506674805295e-08,3.796272465829168e-08,7.740335689075796e-09,7.740335689075798e-09,0.9997651529269151,-3.095118631688425e-08,-3.095118631688425e-08,-1.6543612441690623e-24,1122589.114367915
0.598672124178452,2.0505975124075517e-08,2.8257488031607504e-08,0.9997632578415296,-1.4430188391528812e-07,-1.4430188391528812e-07,3.107577449051552e-08,2.8257862076906816e-08,2.8257862076906816e-08,3.785184623650469e-08,7.751512907531986e-09,7.751512907531986e-09,0.9997633426139937,-3.127193178885811e-08,-3.127193178885811e-08,-1.9055284533672874e-32,1117904.453891187
0.6009747092714459,2.0558070123576264e-08,2.8320664038293828e-08,0.9997614438224653,-1.4474923345198628e-07,-1.4474923345198628e-07,3.1156212978904475e-08,2.832083388880216e-08,2.832083388880216e-08,3.774119366644348e-08,7.762593914717564e-09,7.762593914717564e-09,0.9997615287844575,-3.1466577298810963e-08,-3.1466577298810963e-08,-1.9047005574820894e-32,1113236.285321926
0.60327729436444,2.061000643910462e-08,2.8383585477766358e-08,0.9997596263369263,-1.449993473952701e-07,-1.449993473952701e-07,3.123642252947943e-08,2.8383519246812183e-08,2.8383519246812183e-08,3.763076657180153e-08,7.773579038661739e-09,7.773579038661739e-09,0.9997597114876827,-3.1465005484204666e-08,-3.1465005484204666e-08,-1.903817676813696e-32,1108584.58378403
0.6055798794574341,2.0661784473646756e-08,2.8446253079391386e-08,0.9997578054341726,-1.4507471627131548e-07,-1.4507471627131548e-07,3.1316403669371175e-08,2.8446029746665692e-08,2.8446029746665692e-08,3.7520564575543504e-08,7.784468605744626e-09,7.78446860574463e-09,0.9997578907729319,-3.128970395374993e-08,-3.128970395374993e-08,-3.3087224692409155e-24,1103949.3240448658
0.6078824645504282,2.071340462867009e-08,2.8508667569384617e-08,0.9997559811633483,-1.450786544051759e-07,-1.450786544051759e-07,3.139615692314861e-08,2.8508439362510614e-08,2.8508439362510614e-08,3.7410587299927287e-08,7.795262940714527e-09,7.795262940714525e-09,0.999756066689351,-3.104398412763743e-08,-3.104398412763743e-08,1.6543612060871586e-24,1099330.4805205981
0.6101850496434221,2.0764867304136026e-08,2.8570829670837455e-08,0.9997541535734791,-1.451460800035603e-07,-1.451460800035603e-07,3.1475682812841405e-08,2.857075063317602e-08,2.857075063317602e-08,3.7300834366527526e-08,7.805962366701426e-09,7.80596236670143e-09,0.9997542392859681,-3.086276132021049e-08,-3.086276132021049e-08,-3.308722469220569e-24,1094728.0272809975
0.6124876347364162,2.081617289851392e-08,2.8632740103743102e-08,0.9997523227134691,-1.4538051293303668e-07,-1.4538051293303668e-07,3.155498185796253e-08,2.863289449793713e-08,2.863289449793713e-08,3.719130539625553e-08,7.816567205229185e-09,7.816567205229182e-09,0.9997524086116895,-3.084955251806427e-08,-3.084955251806427e-08,3.308722431214613e-24,1090141.9380550445
0.6147902198294103,2.0867321808793384e-08,2.8694399585022347e-08,0.9997504886320999,-1.4580668106116717e-07,-1.4580668106116717e-07,3.163405457553049e-08,2.869476328200873e-08,2.869476328200873e-08,3.708200000938162e-08,7.827077776228963e-09,7.827077776228963e-09,0.9997505747152987,-3.1029082721077784e-08,-3.1029082721077784e-08,-1.8986020549431107e-32,1085572.1862358642
0.6170928049224043,2.0918314430492958e-08,2.8755808828549164e-08,0.999748651378027,-1.463602313901424e-07,-1.463602313901424e-07,3.171290148009148e-08,2.8756261036400927e-08,2.8756261036400927e-08,3.6972917825555957e-08,7.83749439805621e-09,7.837494398056206e-09,0.9997487376454536,-3.133699607594575e-08,-3.133699607594575e-08,3.3087224312380773e-24,1081018.7448858866
0.6193953900153983,2.0969151157664905e-08,2.881696854517607e-08,0.9997468109997788,-1.4691844143355935e-07,-1.4691844143355935e-07,3.17915230837413e-08,2.8817347805672478e-08,2.8817347805672478e-08,3.686405846382947e-08,7.847817387511164e-09,7.847817387511164e-09,0.9997468974506845,-3.165056725285507e-08,-3.165056725285507e-08,-1.896154208813892e-32,1076481.586741906
0.6216979751083924,2.1019832382897576e-08,2.887787944275916e-08,0.9997449675457535,-1.4735703550397148e-07,-1.4735703550397148e-07,3.186991989614705e-08,2.8878057688379445e-08,2.8878057688379445e-08,3.675542154267506e-08,7.858047059861587e-09,7.858047059861584e-09,0.9997450541793919,-3.1845517732934844e-08,-3.1845517732934844e-08,3.3087224312635565e-24,1071960.684219983
0.6240005602013864,2.1070358497317913e-08,2.893854222618295e-08,0.9997431210642174,-1.4760669908585748e-07,-1.4760669908585748e-07,3.194809242456869e-08,2.8938482917078316e-08,2.8938482917078316e-08,3.664700668000756e-08,7.868183728865037e-09,7.868183728865039e-09,0.999743207879844,-3.185253018112568e-08,-3.185253018112568e-08,-1.65436124404113e-24,1067456.0094205253
0.6263031452943805,2.112072989059645e-08,2.899895759738496e-08,0.9997412716033026,-1.4768370084437293e-07,-1.4768370084437293e-07,3.202604117388041e-08,2.8998731779497082e-08,2.8998731779497082e-08,3.653881349320292e-08,7.878227706788513e-09,7.87822770678851e-09,0.9997413586001754,-3.1687870454833085e-08,-3.1687870454833085e-08,3.3087224312909995e-24,1062967.53413344
0.6286057303873746,2.1170946950955874e-08,2.9059126255380013e-08,0.9997394192110055,-1.4768138271031079e-07,-1.4768138271031079e-07,3.210376664659174e-08,2.9058879859200562e-08,2.9058879859200562e-08,3.6430841599120726e-08,7.888179304424136e-09,7.88817930442414e-09,0.9997395063883843,-3.1444877688790734e-08,-3.1444877688790734e-08,-3.3087224691187795e-24,1058495.2298424956
0.6309083154803685,2.1221010065182757e-08,2.9119048896284346e-08,0.9997375639351841,-1.4772717774412391e-07,-1.4772717774412391e-07,3.2181269342868586e-08,2.911893665485342e-08,2.911893665485342e-08,3.632309061412141e-08,7.898038831101589e-09,7.898038831101589e-09,0.9997376512923308,-3.125098215898653e-08,-3.125098215898653e-08,-1.8891753815158662e-32,1054039.067730717
0.6332109005733626,2.127091961864045e-08,2.9178726213339473e-08,0.9997357058235563,-1.4792514613899093e-07,-1.4792514613899093e-07,3.225854976055402e-08,2.917884227333971e-08,2.917884227333971e-08,3.6215560154086374e-08,7.907806594699025e-09,7.907806594699025e-09,0.999735793359735,-3.1210241285633036e-08,-3.1210241285633036e-08,-1.8876372884966873e-32,1049599.0186850398
0.6355134856663567,2.132067599528079e-08,2.9238158896935845e-08,0.999733844923698,-1.4830994808892137e-07,-1.4830994808892137e-07,3.233560839518886e-08,2.923849514179116e-08,2.923849514179116e-08,3.610824983443815e-08,7.917482901655055e-09,7.917482901655054e-09,0.9997339326381747,-3.135731250117799e-08,-3.135731250117799e-08,1.6543612062455236e-24,1045175.0533009381
0.6378160707593507,2.1370279577652824e-08,2.9297347634636242e-08,0.9997319812830414,-1.4883242675307426e-07,-1.4883242675307426e-07,3.2412445740032125e-08,2.929779786810493e-08,2.929779786810493e-08,3.600115927015828e-08,7.927068056983422e-09,7.927068056983418e-09,0.9997320691750843,-3.164303621452929e-08,-3.164303621452929e-08,4.96308365647393e-24,1040767.1418873532
0.6401186558523447,2.1419730746908127e-08,2.9356293111198994e-08,0.9997301149488725,-1.4938249149381866e-07,-1.4938249149381866e-07,3.24890622860813e-08,2.935670062462256e-08,2.935670062462256e-08,3.589428807580634e-08,7.936562364290867e-09,7.936562364290867e-09,0.9997302030177518,-3.1957319049022686e-08,-3.1957319049022686e-08,-1.882749245955019e-32,1036375.2544713641
0.6424212409453388,2.1469029882803745e-08,2.941499600860091e-08,0.9997282459683301,-1.4983841124199687e-07,-1.4983841124199687e-07,3.256545852209239e-08,2.9415222956126645e-08,2.9415222956126645e-08,3.578763586553844e-08,7.945966125797164e-09,7.945966125797164e-09,0.9997283342133181,-3.217842720759323e-08,-3.217842720759323e-08,-1.8810306144366511e-32,1031999.3608028607
0.6447238260383328,2.1518177363704868e-08,2.9473457006059997e-08,0.9997263743884035,-1.501203265039054e-07,-1.501203265039054e-07,3.264163493459981e-08,2.947344482779377e-08,2.947344482779377e-08,3.568120225312562e-08,7.955279642355134e-09,7.955279642355129e-09,0.9997264628087745,-3.222649847966541e-08,-3.222649847966541e-08,4.963083656525483e-24,1027639.4303591356
0.6470264111313269,2.156717356658925e-08,2.953167678005793e-08,0.9997245002559307,-1.5022453141454462e-07,-1.5022453141454462e-07,3.271759200793612e-08,2.953147136027721e-08,2.953147136027721e-08,3.557498685197179e-08,7.964503213468677e-09,7.96450321346868e-09,0.999724588850961,-3.20978242943129e-08,-3.20978242943129e-08,-3.30872246898674e-24,1023295.4323494921
0.6493289962243209,2.1616018867054658e-08,2.9589656004362324e-08,0.999722623617597,-1.5022402179654563e-07,-1.5022402179654563e-07,3.279333022425155e-08,2.9589387092371847e-08,2.9589387092371847e-08,3.54689892751312e-08,7.973637137307671e-09,7.973637137307666e-09,0.9997227123865651,-3.186539777909634e-08,-3.186539777909634e-08,4.9630836565620164e-24,1018967.3357199214
0.651631581317315,2.1664713639329176e-08,2.9647395350048728e-08,0.9997207445199331,-1.5023583461560393e-07,-1.5023583461560393e-07,3.2868850063533354e-08,2.9647219799579483e-08,2.9647219799579483e-08,3.5363209135327576e-08,7.982681710719555e-09,7.982681710719552e-09,0.9997208334621192,-3.1646253215409024e-08,-3.1646253215409024e-08,3.30872243147486e-24,1014655.10915724
0.653934166410309,2.1713258256283066e-08,2.970489548552249e-08,0.9997188630093133,-1.5036996614937407e-07,-1.5036996614937407e-07,3.2944152003625045e-08,2.9704929335920036e-08,2.9704929335920036e-08,3.525764604496901e-08,7.991637229239425e-09,7.991637229239425e-09,0.9997189521239997,-3.155038420728411e-08,-3.155038420728411e-08,-1.8717938163548649e-32,1010358.7210941268
0.6562367515033031,2.17616530894401e-08,2.9762157076540338e-08,0.9997169791319546,-1.5068224035487798e-07,-1.5068224035487798e-07,3.3019236520245355e-08,2.976242585966602e-08,2.976242585966602e-08,3.515229961616653e-08,8.000503987100238e-09,8.000503987100238e-09,0.9997170684184258,-3.163361204871662e-08,-3.163361204871662e-08,-1.8698216779735738e-32,1006078.1397132258
0.6585393365962972,2.1809898508986696e-08,2.9819180786231806e-08,0.999715092933914,-1.5115118706270941e-07,-1.5115118706270941e-07,3.3094104087007124e-08,2.981960909870735e-08,2.981960909870735e-08,3.5047169460751374e-08,8.009282277245105e-09,8.00928227724511e-09,0.9997151823914564,-3.187446391778219e-08,-3.187446391778219e-08,-4.9630836939962585e-24,1001813.3329515358
0.6608419216892911,2.185799488377811e-08,2.987596727512038e-08,0.9997132044610881,-1.5168826792924768e-07,-1.5168826792924768e-07,3.3168755175435924e-08,2.9876411534321616e-08,2.9876411534321616e-08,3.494225519029087e-08,8.017972391342273e-09,8.017972391342268e-09,0.99971329408899,-3.218439882876616e-08,-3.218439882876616e-08,4.9630836566605956e-24,997564.2685048757
0.6631445067822852,2.19059425813422e-08,2.993251720114455e-08,0.9997113137592107,-1.5217637541198956e-07,-1.5217637541198956e-07,3.324319025498864e-08,2.99328270548297e-08,2.99328270548297e-08,3.483755641610557e-08,8.026574619802356e-09,8.026574619802353e-09,0.9997114035567624,-3.2446306607411346e-08,-3.2446306607411346e-08,3.308722431575455e-24,993330.9138321341
0.6654470918752793,2.1953741967882234e-08,2.9988831219678485e-08,0.999709420873852,-1.5251970148551594e-07,-1.5251970148551594e-07,3.3317409793071715e-08,2.9988913225591324e-08,2.9988913225591324e-08,3.473307274928462e-08,8.035089251796246e-09,8.03508925179625e-09,0.9997095108403456,-3.2564376606802e-08,-3.2564376606802e-08,-4.9630836939335216e-24,989113.2361597173
0.6677496769682733,2.200139340828057e-08,3.004490998355258e-08,0.9997075258504162,-1.526837578055789e-07,-1.526837578055789e-07,3.3391414255059366e-08,3.004476667236447e-08,3.004476667236447e-08,3.46288038007031e-08,8.043516575272012e-09,8.043516575272009e-09,0.9997076159851461,-3.2504117871368586e-08,-3.2504117871368586e-08,3.308722431618438e-24,984911.2024855468
0.6700522620612673,2.2048897266104736e-08,3.010075414307381e-08,0.9997056287341414,-1.5270896187953073e-07,-1.5270896187953073e-07,3.346520410431159e-08,3.0100482403309364e-08,3.0100482403309364e-08,3.452474918103667e-08,8.05185687696908e-09,8.051856876969076e-09,0.9997057190364038,-3.2305945307235483e-08,-3.2305945307235483e-08,4.963083656746552e-24,980724.779583535
0.6723548471542614,2.2096253903615995e-08,3.015636434604582e-08,0.9997037295700971,-1.5269273235895134e-07,-1.5269273235895134e-07,3.353877980219196e-08,3.015611437288851e-08,3.015611437288851e-08,3.442090850077765e-08,8.06011044242983e-09,8.060110442429825e-09,0.9997038200391901,-3.206727497476806e-08,-3.206727497476806e-08,4.963083656768983e-24,976553.9340076582
0.6746574322472554,2.2143463681779907e-08,3.021174123778882e-08,0.9997018284031836,-1.527481991080321e-07,-1.527481991080321e-07,3.361214180808531e-08,3.021165368565952e-08,3.021165368565952e-08,3.431728137025115e-08,8.068277556008913e-09,8.068277556008916e-09,0.9997019190384072,-3.190123415687682e-08,-3.190123415687682e-08,-3.308722468738498e-24,972398.6320959919
0.6769600173402495,2.2190526960277233e-08,3.026688546115936e-08,0.9996999252781298,-1.529571664430231e-07,-1.529571664430231e-07,3.368529057941527e-08,3.026703317250651e-08,3.026703317250651e-08,3.421386739962938e-08,8.076358500882133e-09,8.076358500882128e-09,0.9997000160787862,-3.188962459838565e-08,-3.188962459838565e-08,4.963083656814936e-24,968258.8399749598
0.6792626024332435,2.2237444097513545e-08,3.032179765656978e-08,0.9996980202394931,-1.5333682456976957e-07,-1.5333682456976957e-07,3.375822657166153e-08,3.032215596372639e-08,3.032215596372639e-08,3.4110666198947015e-08,8.084353559056236e-09,8.084353559056232e-09,0.999698111204886,-3.2049633943490457e-08,-3.2049633943490457e-08,3.3087224317323936e-24,964134.5235633793
0.6815651875262376,2.2284215450626516e-08,3.037647846200761e-08,0.9996961133316569,-1.538336210244167e-07,-1.538336210244167e-07,3.38309502383771e-08,3.03769358986171e-08,3.03769358986171e-08,3.400767737811632e-08,8.092263011381099e-09,8.092263011381094e-09,0.9996962044610922,-3.2327707176386266e-08,-3.2327707176386266e-08,4.9630836568623126e-24,960025.6485764122
0.6838677726192316,2.2330841375490783e-08,3.043092851305467e-08,0.9996942045988303,-1.543461311926453e-07,-1.543461311926453e-07,3.390346203120527e-08,3.043133296606115e-08,3.043133296606115e-08,3.390490054694097e-08,8.100087137563886e-09,8.100087137563889e-09,0.9996942958916158,-3.262241714042662e-08,-3.262241714042662e-08,-3.308722468643754e-24,955932.1805296902
0.6861703577122257,2.237732222672124e-08,3.048514844290602e-08,0.9996922940850467,-1.5476703708641533e-07,-1.5476703708641533e-07,3.3975762399896506e-08,3.048536943688894e-08,3.048536943688894e-08,3.380233531513195e-08,8.107826216184784e-09,8.107826216184784e-09,0.999692385540492,-3.282644331479124e-08,-3.282644331479124e-08,-1.84070926985812e-32,951854.0847430648
0.6884729428052198,2.242365835767622e-08,3.053913888238865e-08,0.9996903818341619,-1.550267192354997e-07,-1.550267192354997e-07,3.404785179232512e-08,3.0539120454109906e-08,3.0539120454109906e-08,3.369998129231995e-08,8.115480524712434e-09,8.11548052471243e-09,0.9996904734515786,-3.2870163705945116e-08,-3.2870163705945116e-08,3.3087224318299053e-24,947791.3263447913
0.6907755278982137,2.246985012046208e-08,3.059290045998003e-08,0.9996884678898541,-1.5512084374718805e-07,-1.5512084374718805e-07,3.4119730654505816e-08,3.0592683370115655e-08,3.0592683370115655e-08,3.359783808807111e-08,8.123050339517949e-09,8.123050339517945e-09,0.9996885596685555,-3.2749241907267947e-08,-3.2749241907267947e-08,3.3087224318551237e-24,943743.8702751725
0.6930781129912078,2.251589786593993e-08,3.064643380182645e-08,0.999686552295622,-1.551111817918556e-07,-1.551111817918556e-07,3.4191399430610086e-08,3.064613854900595e-08,3.064613854900595e-08,3.3495905311900167e-08,8.13053593588652e-09,8.130535935886524e-09,0.9996866442349234,-3.2525446584549783e-08,-3.2525446584549783e-08,-3.308722468543552e-24,939711.6812905145
0.6953806980842019,2.2561801943734437e-08,3.0699739531761146e-08,0.9996846350947839,-1.550999412894809e-07,-1.550999412894809e-07,3.4262858562982435e-08,3.069951754224032e-08,3.069951754224032e-08,3.3394182573283876e-08,8.13793758802671e-09,8.13793758802671e-09,0.9996847271940025,-3.230098316243631e-08,-3.230098316243631e-08,-1.830557456824173e-32,935694.7239669815
0.6976832831771959,2.2607562702243854e-08,3.0752818271322254e-08,0.9996827163304768,-1.5518843715280381e-07,-1.5518843715280381e-07,3.4334108492156433e-08,3.075279120988565e-08,3.075279120988565e-08,3.329266948167442e-08,8.145255569078402e-09,8.1452555690784e-09,0.9996828085889315,-3.2177164067514796e-08,-3.2177164067514796e-08,1.6543612068266653e-24,931692.9627043883
0.6999858682701899,2.2653180488649815e-08,3.0805670639770634e-08,0.9996807960456551,-1.554368636760417e-07,-1.554368636760417e-07,3.440514965687065e-08,3.080588216698309e-08,3.080588216698309e-08,3.319136564651447e-08,8.152490151120817e-09,8.152490151120819e-09,0.999680888462667,-3.221418111695915e-08,-3.221418111695915e-08,-1.6543612433589483e-24,927706.3617296533
0.702288453363184,2.2698655648925662e-08,3.0858297254107425e-08,0.9996788742830899,-1.5584107151477405e-07,-1.5584107151477405e-07,3.447598249408443e-08,3.085869617640401e-08,3.085869617640401e-08,3.309027067724747e-08,8.159641605181764e-09,8.159641605181764e-09,0.9996789668579816,-3.240788249834435e-08,-3.240788249834435e-08,-1.822608783549936e-32,923734.8851009835
0.704591038456178,2.2743988527842697e-08,3.0910698729091505e-08,0.9996769510853676,-1.5633511065659075e-07,-1.5633511065659075e-07,3.454660743899347e-08,3.0911159752252745e-08,3.0911159752252745e-08,3.298938418333338e-08,8.16671020124881e-09,8.166710201248808e-09,0.9996770438174638,-3.269231574022473e-08,-3.269231574022473e-08,1.6543612069070762e-24,919778.4967110541
0.7068936235491721,2.278917946897449e-08,3.096287567725671e-08,0.9996750264948896,-1.5681797933434566e-07,-1.5681797933434566e-07,3.461702492504533e-08,3.0963249081399986e-08,3.0963249081399986e-08,3.28887057742592e-08,8.173696208282214e-09,8.173696208282219e-09,0.9996751193835166,-3.296647662531883e-08,-3.296647662531883e-08,-4.963083693489738e-24,915837.1602910411
0.7091962086421661,2.2834228814700126e-08,3.1014828708928885e-08,0.9996731005538707,-1.5719357808094078e-07,-1.5719357808094078e-07,3.468723538395469e-08,3.1014999086830115e-08,3.1014999086830115e-08,3.2788235059552975e-08,8.180599894228763e-09,8.18059989422876e-09,0.9996731935983568,-3.3134263245225235e-08,-3.3134263245225235e-08,3.3087224320682415e-24,911910.8394139697
0.7114987937351601,2.2879136906207767e-08,3.106655843224275e-08,0.9996711733043384,-1.5740802565429345e-07,-1.5740802565429345e-07,3.475723924571856e-08,3.106648947291479e-08,3.106648947291479e-08,3.2687971648795595e-08,8.187421526034985e-09,8.18742152603498e-09,0.9996712665040137,-3.314179192532246e-08,-3.314179192532246e-08,4.963083657202289e-24,907999.497498391
0.7138013788281542,2.2923904083499512e-08,3.111806545315857e-08,0.9996692447881326,-1.5746993858581705e-07,-1.5746993858581705e-07,3.482703693863126e-08,3.111781357239317e-08,3.111781357239317e-08,3.258791515163333e-08,8.194161369659062e-09,8.194161369659057e-09,0.999669338142329,-3.299767677318277e-08,-3.299767677318277e-08,4.963083657230568e-24,904103.097811853
0.7161039639211483,2.2968530685398167e-08,3.116935037547869e-08,0.9996673150469038,-1.5744621536649525e-07,-1.5744621536649525e-07,3.48966288892993e-08,3.116904236541555e-08,3.116904236541555e-08,3.248806517778962e-08,8.200819690080525e-09,8.200819690080525e-09,0.9996674085549548,-3.276881386458048e-08,-3.276881386458048e-08,-1.8059038259435268e-32,900221.6034744626
0.7184065490141422,2.3013017049555684e-08,3.1220413800863835e-08,0.9996653841221129,-1.5743551249171913e-07,-1.5743551249171913e-07,3.49660155226561e-08,3.122019760804257e-08,3.122019760804257e-08,3.238842133707752e-08,8.207396751308155e-09,8.207396751308152e-09,0.9996654777833544,-3.255385728826379e-08,-3.255385728826379e-08,3.30872243218191e-24,896354.9774622414
0.7207091341071363,2.305736351246242e-08,3.127125632884927e-08,0.9996634520550305,-1.5753004207546767e-07,-1.5753004207546767e-07,3.503519726197657e-08,3.127124421323201e-08,3.127124421323201e-08,3.2288983239410544e-08,8.213892816386855e-09,8.21389281638685e-09,0.9996635458687995,-3.244501676007059e-08,-3.244501676007059e-08,4.963083657317075e-24,892503.1826106936
0.7230117192001304,2.3101570409456037e-08,3.132187855686082e-08,0.9996615188867354,-1.5778053218335068e-07,-1.5778053218335068e-07,3.510417452889152e-08,3.132210444427703e-08,3.132210444427703e-08,3.21897504948152e-08,8.220308147404789e-09,8.220308147404785e-09,0.9996616128523711,-3.249301795590739e-08,-3.249301795590739e-08,3.3087224322403985e-24,888666.1816180611
0.7253143042931245,2.3145638074729086e-08,3.1372281080230714e-08,0.9996595846581148,-1.5817756753822e-07,-1.5817756753822e-07,3.517294774340195e-08,3.1372688121810874e-08,3.1372688121810874e-08,3.2090722713441746e-08,8.226643005501631e-09,8.226643005501628e-09,0.999659678774958,-3.2688443217297144e-08,-3.2688443217297144e-08,3.3087224322700416e-24,884843.9370487783
0.7276168893861185,2.318956684133476e-08,3.14224644922132e-08,0.9996576494098629,-1.586560090699902e-07,-1.586560090699902e-07,3.524151732389323e-08,3.142292711838491e-08,3.142292711838491e-08,3.199189950557582e-08,8.232897650878442e-09,8.232897650878439e-09,0.9996577436772563,-3.29661511011374e-08,-3.29661511011374e-08,3.3087224322999458e-24,881036.4113367061
0.7299194744791125,2.3233357041191085e-08,3.1472429384000084e-08,0.9996557131824804,-1.5912029785129808e-07,-1.5912029785129808e-07,3.530988368714903e-08,3.147280104935659e-08,3.147280104935659e-08,3.1893280481649056e-08,8.239072342808999e-09,8.239072342808999e-09,0.9996558075997685,-3.3230580315297744e-08,-3.3230580315297744e-08,-1.7882004514427592e-32,877243.5667885297
0.7322220595721066,2.3277009005084256e-08,3.1522176344736036e-08,0.999653776016274,-1.5948070233412787e-07,-1.5948070233412787e-07,3.537804724836523e-08,3.152234467120221e-08,3.152234467120221e-08,3.1794865252250516e-08,8.24516733965178e-09,8.24516733965178e-09,0.9996538705828031,-3.3391996955183726e-08,-3.3391996955183726e-08,-1.7851591753596923e-32,873465.3655869198
0.7345246446651006,2.3320523062672276e-08,3.1571705961533744e-08,0.9996518379513555,-1.5968671798382083e-07,-1.5968671798382083e-07,3.5446008421163655e-08,3.157163455020727e-08,3.157163455020727e-08,3.16966534281368e-08,8.251182898861471e-09,8.251182898861468e-09,0.9996519326664733,-3.339989413768585e-08,-3.339989413768585e-08,3.3087224323911803e-24,869701.7697938544
0.7368272297580947,2.3363899542489687e-08,3.16210188194889e-08,0.9996498990276412,-1.5974528072635888e-07,-1.5974528072635888e-07,3.551376761760558e-08,3.1620760356394604e-08,3.1620760356394604e-08,3.159864462024342e-08,8.257119276999213e-09,8.257119276999213e-09,0.9996499938906976,-3.326120544840328e-08,-3.326120544840328e-08,-1.7790025040171154e-32,865952.7413536935
0.7391298148510888,2.3407138771953922e-08,3.167011550169502e-08,0.9996479592848516,-1.5971737606419495e-07,-1.5971737606419495e-07,3.558132524820526e-08,3.166979169547484e-08,3.166979169547484e-08,3.150083843969505e-08,8.2629767297411e-09,8.262976729741097e-09,0.9996480542951981,-3.303691405741487e-08,-3.303691405741487e-08,3.3087224324532313e-24,862218.2420963725
0.7414323999440827,2.3450241077373054e-08,3.171899658925809e-08,0.9996460187625104,-1.5969479496676137e-07,-1.5969479496676137e-07,3.564868172194315e-08,3.171875282471685e-08,3.171875282471685e-08,3.1403234497815095e-08,8.268755511885036e-09,8.268755511885036e-09,0.9996461139195001,-3.2818808609729007e-08,-3.2818808609729007e-08,-1.7727496284789718e-32,858498.2337406371
0.7437349850370768,2.3493206783954285e-08,3.176766266131108e-08,0.9996440774999439,-1.5976600711316419e-07,-1.5976600711316419e-07,3.5715837446279145e-08,3.176761440097577e-08,3.176761440097577e-08,3.1305832406136855e-08,8.274455877356798e-09,8.274455877356798e-09,0.9996441728029318,-3.269535646791986e-08,-3.269535646791986e-08,-1.7695880828197344e-32,854792.6778969745
0.7460375701300709,2.3536036215812194e-08,3.1816114295028334e-08,0.999642135536281,-1.599838810335302e-07,-1.599838810335302e-07,3.5782792827165555e-08,3.181630498026627e-08,3.181630498026627e-08,3.120863177641274e-08,8.280078079216141e-09,8.28007807921614e-09,0.9996422309846239,-3.2719423853416865e-08,-3.2719423853416865e-08,1.6543612074420187e-24,851101.5360708013
0.7483401552230649,2.3578729695975922e-08,3.18643520656397e-08,0.9996401929104524,-1.6034695115196187e-07,-1.6034695115196187e-07,3.584954826906002e-08,3.1864737699107954e-08,3.1864737699107954e-08,3.11116322206247e-08,8.285622369663776e-09,8.285622369663777e-09,0.9996402885035086,-3.2889542889403075e-08,-3.2889542889403075e-08,-1.654361242738022e-24,847424.7696653978
0.7506427403160589,2.3621287546394867e-08,3.191237654644465e-08,0.9996382496611897,-1.6080073320585412e-07,-1.6080073320585412e-07,3.591610417493826e-08,3.1912842185339026e-08,3.1912842185339026e-08,3.1014833350993215e-08,8.291089000049778e-09,8.29108900004978e-09,0.9996383453983194,-3.3151227020075534e-08,-3.3151227020075534e-08,-1.654361242705731e-24,843762.3399849975
0.752945325409053,2.3663710087942944e-08,3.1960188308826105e-08,0.9996363058270257,-1.612581479375309e-07,-1.612581479375309e-07,3.5982460946306736e-08,3.196059004354106e-08,3.196059004354106e-08,3.091823477998779e-08,8.296478220883158e-09,8.296478220883161e-09,0.9996364017075906,-3.3417394702226485e-08,-3.3417394702226485e-08,-3.308722467779277e-24,840114.2082376266
0.7552479105020471,2.370599764042207e-08,3.200778792226423e-08,0.9996343614462931,-1.61631283596782e-07,-1.61631283596782e-07,3.6048618983215084e-08,3.200800486422905e-08,3.200800486422905e-08,3.0821836120335116e-08,8.30179028184216e-09,8.30179028184216e-09,0.999634457469657,-3.360013190772509e-08,-3.360013190772509e-08,-1.7534443994693073e-32,836480.3355382101
0.7575504955950411,2.374815052256566e-08,3.2055175954349955e-08,0.999632416557125,-1.6186287027030127e-07,-1.6186287027030127e-07,3.6114578684268526e-08,3.20551534424937e-08,3.20551534424937e-08,3.0725636985029493e-08,8.307025431784294e-09,8.307025431784294e-09,0.9996325127226529,-3.364216645290145e-08,-3.364216645290145e-08,-1.750151060480293e-32,832860.6829113122
0.7598530806880351,2.379016905204299e-08,3.210235297079843e-08,0.9996304711974534,-1.619462499329886e-07,-1.619462499329886e-07,3.618034044664007e-08,3.210212169438119e-08,3.210212169438119e-08,3.062963698734115e-08,8.312183918755443e-09,8.31218391875544e-09,0.9996305675045123,-3.353683804979488e-08,-3.353683804979488e-08,3.3087224327437404e-24,829255.2112941005
0.7621556657810292,2.3832053545464805e-08,3.214931953546228e-08,0.9996285254050099,-1.6192701327813892e-07,-1.6192701327813892e-07,3.624590466608261e-08,3.214898411271758e-08,3.214898411271758e-08,3.053383574082634e-08,8.317265989997475e-09,8.317265989997474e-09,0.9996286218529685,-3.332973513628981e-08,-3.332973513628981e-08,1.6543612076710284e-24,825663.8815390597
0.7644582508740232,2.3873804318390225e-08,3.2196076210344715e-08,0.9996265792173247,-1.6188613402621367e-07,-1.6188613402621367e-07,3.631127173694091e-08,3.2195777707144044e-08,3.2195777707144044e-08,3.04382328593343e-08,8.32227189195449e-09,8.32227189195449e-09,0.9996266758055533,-3.310182918483481e-08,-3.310182918483481e-08,-1.740148333182282e-32,822086.6544170495
0.7667608359670173,2.3915421685334445e-08,3.224262355561253e-08,0.9996246326717259,-1.619109698983997e-07,-1.619109698983997e-07,3.6376442052163435e-08,3.2242489529119266e-08,3.2242489529119266e-08,3.034282795701753e-08,8.327201870278083e-09,8.327201870278083e-09,0.9996247293995966,-3.294047567594958e-08,-3.294047567594958e-08,-1.7367743604516742e-32,818523.4906198469
0.7690634210600114,2.3956905959776437e-08,3.228896212960892e-08,0.9996226858053401,-1.6206455593804673e-07,-1.6206455593804673e-07,3.644141600331404e-08,3.2289061922734785e-08,3.2289061922734785e-08,3.0247620648339755e-08,8.332056169832484e-09,8.332056169832481e-09,0.9996227826722265,-3.290870741961106e-08,-3.290870741961106e-08,3.3087224328783e-24,814974.350763021
0.7713660061530053,2.3998257454165964e-08,3.2335092488866185e-08,0.9996207386550916,-1.623639631828538e-07,-1.623639631828538e-07,3.650619398058356e-08,3.233541333309118e-08,3.233541333309118e-08,3.015261054808457e-08,8.33683503470022e-09,8.336835034700221e-09,0.9996208356603691,-3.302359322738906e-08,-3.302359322738906e-08,-1.6543612424057444e-24,811439.1953885676
0.7736685912459994,2.4039476479929424e-08,3.238101518811829e-08,0.9996187912577018,-1.627750279192792e-07,-1.627750279192792e-07,3.65707763728013e-08,3.2381467136905694e-08,3.2381467136905694e-08,3.005779727136369e-08,8.341538708188866e-09,8.341538708188863e-09,0.9996188884007474,-3.325096716680606e-08,-3.325096716680606e-08,3.30872243294673e-24,807917.9849676455
0.7759711763389935,2.4080563347474394e-08,3.242673078031324e-08,0.9996168436496895,-1.6322491699408215e-07,-1.6322491699408215e-07,3.66351635674463e-08,3.2427178351748815e-08,3.2427178351748815e-08,2.9963180433624574e-08,8.346167432838845e-09,8.346167432838843e-09,0.9996169409298818,-3.35179938728292e-08,-3.35179938728292e-08,1.6543612078751654e-24,804410.6799032775
0.7782737614319875,2.4121518366193285e-08,3.24722398166254e-08,0.9996148958673702,-1.6362778146402669e-07,-1.6362778146402669e-07,3.669935595065859e-08,3.2472549036516134e-08,3.2472549036516134e-08,2.9868759650659205e-08,8.350721450432115e-09,8.350721450432114e-09,0.9996149932840896,-3.373882219752509e-08,-3.373882219752509e-08,1.6543612079098356e-24,800917.2405329151
0.7805763465249815,2.4162341844466753e-08,3.2517542846467546e-08,0.9996129479468562,-1.6391440390446835e-07,-1.6391440390446835e-07,3.67633539072502e-08,3.25176272954953e-08,3.25176272954953e-08,2.9774534538612082e-08,8.355201002000797e-09,8.355201002000793e-09,0.9996130454994847,-3.384423251859816e-08,-3.384423251859816e-08,3.308722433050737e-24,797437.6271309776
0.7828789316179756,2.4203034089667523e-08,3.25626404175029e-08,0.9996109999240558,-1.640556054638678e-07,-1.640556054638678e-07,3.682715782071619e-08,3.256249052673077e-08,3.256249052673077e-08,2.968050471398679e-08,8.359606327835379e-09,8.359606327835377e-09,0.9996110976119771,-3.3805043793856193e-08,-3.3805043793856193e-08,1.6543612079797012e-24,793971.7999116245
0.7851815167109696,2.424359540816515e-08,3.2607533075656907e-08,0.9996090518346741,-1.6407159917059833e-07,-1.6407159917059833e-07,3.689076807324541e-08,3.260721892811997e-08,3.260721892811997e-08,2.958666979365515e-08,8.363937667491757e-09,8.363937667491755e-09,0.9996091496572733,-3.36414668679707e-08,-3.36414668679707e-08,1.65436120801489e-24,790519.7190310798
0.7874841018039637,2.4284026105331964e-08,3.265222136512898e-08,0.9996071037142117,-1.6402442359038973e-07,-1.6402442359038973e-07,3.6954185045731214e-08,3.265186842725367e-08,3.265186842725367e-08,2.9493029394863593e-08,8.368195259797009e-09,8.368195259797014e-09,0.9996072016708758,-3.341553812987382e-08,-3.341553812987382e-08,-4.9630836923739756e-24,787081.3445903027
0.7897866868969577,2.432432648554978e-08,3.2696705828404e-08,0.999605155597965,-1.6399641086463264e-07,-1.6399641086463264e-07,3.701740911778205e-08,3.2696452207128125e-08,3.2696452207128125e-08,2.9399583135241623e-08,8.372379342854225e-09,8.37237934285422e-09,0.9996052536880825,-3.320958755101664e-08,-3.320958755101664e-08,4.963083658297875e-24,783656.6366373372
0.7920892719899517,2.4364496852217115e-08,3.2740987006263816e-08,0.9996032075210266,-1.6406223277421866e-07,-1.6406223277421866e-07,3.708044066773192e-08,3.2740936885984725e-08,3.2740936885984725e-08,2.9306330632807727e-08,8.376490154046701e-09,8.376490154046701e-09,0.9996033057439876,-3.309828474916339e-08,-3.309828474916339e-08,-1.6984611930044298e-32,780245.5551699394
0.7943918570829458,2.4404537507755995e-08,3.2785065437798465e-08,0.9996012595182842,-1.6426403616687157e-07,-1.6426403616687157e-07,3.714328007265068e-08,3.2785254366450104e-08,3.2785254366450104e-08,2.921327150597816e-08,8.380527930042473e-09,8.38052793004247e-09,0.9996013578734805,-3.312377441567771e-08,-3.312377441567771e-08,3.308722433263335e-24,776848.0601377981
0.7966944421759399,2.444444875361803e-08,3.282894166041738e-08,0.9995993116244206,-1.6459787240641905e-07,-1.6459787240641905e-07,3.7205927708354254e-08,3.282932509493436e-08,3.282932509493436e-08,2.912040537357239e-08,8.384492906799351e-09,8.384492906799353e-09,0.9995994101112456,-3.3282105764749523e-08,-3.3282105764749523e-08,-1.654361242018841e-24,773464.1114451375
0.798997027268934,2.448423089028941e-08,3.2872616209860416e-08,0.9995973638739147,-1.6501568297827084e-07,-1.6501568297827084e-07,3.726838394941476e-08,3.28730848001301e-08,3.28730848001301e-08,2.9027731854821528e-08,8.388385319571001e-09,8.388385319571005e-09,0.9995974624917634,-3.352521813882918e-08,-3.352521813882918e-08,-3.308722467088755e-24,770093.6689529037
0.8012996123619279,2.4523884217294902e-08,3.291608962020871e-08,0.9995954163010401,-1.6544180975293275e-07,-1.6544180975293275e-07,3.733064916917041e-08,3.291650578591642e-08,3.291650578591642e-08,2.8935250569373685e-08,8.392205402913806e-09,8.392205402913806e-09,0.999595515049309,-3.377745127209792e-08,-3.377745127209792e-08,-1.6840355352304078e-32,766736.692481289
0.803602197454922,2.4563409033201297e-08,3.29593624238955e-08,0.9995934689398654,-1.657982851517782e-07,-1.657982851517782e-07,3.7392723739735416e-08,3.29596058597938e-08,3.29596058597938e-08,2.8842961137301705e-08,8.395953390694204e-09,8.395953390694204e-09,0.9995935678179527,-3.39608354561962e-08,-3.39608354561962e-08,-1.6803921082207197e-32,763393.1418119087
0.8059047825479161,2.4602805635620842e-08,3.300243515171671e-08,0.9995915218242547,-1.6603039865984234e-07,-1.6603039865984234e-07,3.745460803200968e-08,3.300244219667843e-08,3.300244219667843e-08,2.875086317910961e-08,8.399629516095876e-09,8.399629516095871e-09,0.9995916208315602,-3.402065805297549e-08,-3.402065805297549e-08,4.963083658550821e-24,760062.9766901194
0.8082073676409101,2.4642074321215163e-08,3.304530833284144e-08,0.9995895749878668,-1.6612420660636925e-07,-1.6612420660636925e-07,3.751630241568838e-08,3.304509242978349e-08,3.304509242978349e-08,2.8658956315738464e-08,8.403234011626274e-09,8.403234011626276e-09,0.9995896741237918,-3.3942973275003497e-08,-3.3942973275003497e-08,-1.6543612418366842e-24,756746.1568273588
0.8105099527339041,2.4681215385700142e-08,3.308798249482234e-08,0.9995876284641556,-1.6611045806634393e-07,-1.6611045806634393e-07,3.757780725927149e-08,3.308762934777407e-08,3.308762934777407e-08,2.8567240168573057e-08,8.406767109122195e-09,8.406767109122198e-09,0.9995877277281031,-3.3758528087054565e-08,-3.3758528087054565e-08,-3.308722466905888e-24,753442.6419033334
0.8128125378268982,2.472022912385156e-08,3.313045816360583e-08,0.9995856822863699,-1.6605401296182841e-07,-1.6605401296182841e-07,3.763912293007313e-08,3.313009753324926e-08,3.313009753324926e-08,2.847571435944847e-08,8.410229039754268e-09,8.410229039754271e-09,0.9995857816777444,-3.3532180307405095e-08,-3.3532180307405095e-08,-3.3087224668689024e-24,750152.3915681986
0.8151151229198922,2.4759115829511496e-08,3.3172735863542215e-08,0.9995837364875537,-1.6603245257257623e-07,-1.6603245257257623e-07,3.770024979423078e-08,3.3172499440060884e-08,3.3172499440060884e-08,2.8384378510656013e-08,8.413620034030721e-09,8.41362003403072e-09,0.9995838360057613,-3.334150911840737e-08,-3.334150911840737e-08,1.6543612084863799e-24,746875.3654447574
0.8174177080128863,2.4797875795594835e-08,3.321481611739566e-08,0.9995817911005458,-1.6611102566061445e-07,-1.6611102566061445e-07,3.776118821671445e-08,3.321479520192394e-08,3.321479520192394e-08,2.8293232244948924e-08,8.416940321800823e-09,8.416940321800826e-09,0.9995818907449942,-3.325176119103181e-08,-3.325176119103181e-08,-3.308722466794542e-24,743611.5231306688
0.8197202931058803,2.4836509314095446e-08,3.3256699446354035e-08,0.9995798461579801,-1.6632199628746857e-07,-1.6632199628746857e-07,3.7821938561335636e-08,3.3256915990916655e-08,3.3256915990916655e-08,2.820227518554853e-08,8.420190132258584e-09,8.42019013225859e-09,0.9995799459280784,-3.329519850205243e-08,-3.329519850205243e-08,-4.9630836918632285e-24,740360.8242005429
0.8220228781988743,2.4875016676091615e-08,3.3298386370038654e-08,0.9995779016922854,-1.6665487003031826e-07,-1.6665487003031826e-07,3.788250119075622e-08,3.329878640396989e-08,3.329878640396989e-08,2.8111506956150443e-08,8.423369693947036e-09,8.423369693947039e-09,0.9995780015874446,-3.3461324550163644e-08,-3.3461324550163644e-08,-3.3087224667196815e-24,737123.2282080024
0.8243254632918684,2.4913398171750615e-08,3.33398774065139e-08,0.999575957735686,-1.670603403575002e-07,-1.670603403575002e-07,3.7942876466497266e-08,3.3340348613588005e-08,3.3340348613588005e-08,2.8020927180929685e-08,8.426479234763284e-09,8.426479234763284e-09,0.9995760577553182,-3.370083073144462e-08,-3.370083073144462e-08,-1.646995932035364e-32,733898.6946878398
0.8266280483848625,2.4951654090332447e-08,3.3381173072296656e-08,0.999574014320201,-1.674664015457214e-07,-1.674664015457214e-07,3.800306474894761e-08,3.338158061230973e-08,3.338158061230973e-08,2.7930535484546294e-08,8.429518981964209e-09,8.429518981964209e-09,0.9995741144637202,-3.3941709256534784e-08,-3.3941709256534784e-08,-1.6432231020582972e-32,730687.183158062
0.8289306334778566,2.49897847201932e-08,3.3422273882365687e-08,0.9995720714776449,-1.678012786290104e-07,-1.678012786290104e-07,3.806306639737242e-08,3.3422502930434367e-08,3.3422502930434367e-08,2.7840331492151212e-08,8.43248916217249e-09,8.432489162172487e-09,0.9995721717444666,-3.411218309954766e-08,-3.411218309954766e-08,3.3087224338177228e-24,727488.6531218784
0.8312332185708505,2.5027790348788415e-08,3.346318035017087e-08,0.9995701292396277,-1.6801585816257347e-07,-1.6801585816257347e-07,3.81228817699216e-08,3.346317192714961e-08,3.346317192714961e-08,2.7750314829391542e-08,8.43539000138246e-09,8.435390001382455e-09,0.9995702296291687,-3.416313676188999e-08,-3.416313676188999e-08,4.963083658961732e-24,724303.064069738
0.8335358036638446,2.5065671262676943e-08,3.3503892987642235e-08,0.9995681876375548,-1.680986413297028e-07,-1.680986413297028e-07,3.818251122363806e-08,3.3503662008918044e-08,3.3503662008918044e-08,2.766048512241578e-08,8.438221724965294e-09,8.438221724965292e-09,0.9995682881492338,-3.4083069379133867e-08,-3.4083069379133867e-08,1.6543612087876848e-24,721130.3754813011
0.8358383887568387,2.5103427747525472e-08,3.354441230519899e-08,0.9995662467026274,-1.6807875829526547e-07,-1.6807875829526547e-07,3.824195511446588e-08,3.354404249812245e-08,3.354404249812245e-08,2.757084199787924e-08,8.440984557673518e-09,8.44098455767352e-09,0.9995663473358644,-3.39011090744695e-08,-3.39011090744695e-08,-1.6543612413862554e-24,717970.5468273773
0.8381409738498327,2.514106008811383e-08,3.358473881175833e-08,0.9995643064658419,-1.6801638202688072e-07,-1.6801638202688072e-07,3.83012137972584e-08,3.3584356412586816e-08,3.3584356412586816e-08,2.7481385082948484e-08,8.443678723644499e-09,8.443678723644499e-09,0.9995644072200583,-3.367742677984741e-08,-3.367742677984741e-08,-1.6241926025319847e-32,714823.5375719552
0.8404435589428267,2.5178568568340805e-08,3.362487301474415e-08,0.999562366957991,-1.67983790828373e-07,-1.67983790828373e-07,3.836028762578607e-08,3.36246076482958e-08,3.36246076482958e-08,2.7392114005307533e-08,8.446304446403346e-09,8.446304446403346e-09,0.99956246783261,-3.34842987693964e-08,-3.34842987693964e-08,-1.6203550303512262e-32,711689.3071739366
0.8427461440358208,2.5215953471230078e-08,3.366481542009568e-08,0.9995604282096637,-1.6804307733723275e-07,-1.6804307733723275e-07,3.841917695274433e-08,3.366476034837841e-08,3.366476034837841e-08,2.730302839316149e-08,8.448861948865601e-09,8.448861948865601e-09,0.99956052920411,-3.3383815656850036e-08,-3.3383815656850036e-08,-1.6165075542306703e-32,708567.81508921
0.8450487291288148,2.5253215078935934e-08,3.3704566532275925e-08,0.9995584902512447,-1.6822738481794838e-07,-1.6822738481794838e-07,3.847788212976124e-08,3.370475040986387e-08,3.370475040986387e-08,2.7214127875242442e-08,8.451351453339991e-09,8.451351453339991e-09,0.9995585913649443,-3.3409118688844683e-08,-3.3409118688844683e-08,-1.6126504204329742e-32,705459.0207723662
0.8473513142218089,2.5290353672748345e-08,3.374412685428005e-08,0.9995565531129154,-1.685312795980672e-07,-1.685312795980672e-07,3.853640350740509e-08,3.374450541407775e-08,3.374450541407775e-08,2.7125412080813437e-08,8.453773181531705e-09,8.453773181531705e-09,0.999556654345296,-3.3554772180946995e-08,-3.3554772180946995e-08,-1.6087838726460286e-32,702362.8836786222
0.849653899314803,2.5327369533097306e-08,3.3783496887643596e-08,0.9995546168246536,-1.6891296149275058e-07,-1.6891296149275058e-07,3.859474143519178e-08,3.378396677970924e-08,3.378396677970924e-08,2.7036880639673323e-08,8.456127354546287e-09,8.45612735454629e-09,0.9995547181751443,-3.3778973942176197e-08,-3.3778973942176197e-08,-3.3087224662611924e-24,699279.3632656294
0.8519564844077969,2.5364262939556552e-08,3.3822677132450586e-08,0.9995526814162343,-1.693073668669902e-07,-1.693073668669902e-07,3.8652896261592185e-08,3.3823107425426753e-08,3.3823107425426753e-08,2.69485331821618e-08,8.458414192894034e-09,8.458414192894034e-09,0.9995527828842657,-3.4016658337187865e-08,-3.4016658337187865e-08,-1.60102349711552e-32,696208.4189951903
0.854259069500791,2.540103417084682e-08,3.3861668087341514e-08,0.9995507469172292,-1.6964599837183476e-07,-1.6964599837183476e-07,3.8710868334039353e-08,3.386193971466989e-08,3.386193971466989e-08,2.6860369339162757e-08,8.460633916494694e-09,8.460633916494692e-09,0.9995508485022335,-3.4199326022468706e-08,-3.4199326022468706e-08,1.654361209134754e-24,693150.010335162
0.8565616545937851,2.5437683504839102e-08,3.39004702495212e-08,0.9995488133570074,-1.698773977676798e-07,-1.698773977676798e-07,3.876865799893553e-08,3.39005115070943e-08,3.39005115070943e-08,2.677238874211013e-08,8.462786744682097e-09,8.462786744682097e-09,0.9995489150584181,-3.4275516769595e-08,-3.4275516769595e-08,-1.5932283264877605e-32,690104.0967610481
0.858864239686779,2.547421121855819e-08,3.393908411476651e-08,0.9995468807647354,-1.699821727914573e-07,-1.699821727914573e-07,3.882626560165915e-08,3.393889169655462e-08,3.393889169655462e-08,2.668459102299076e-08,8.464872896208322e-09,8.46487289620832e-09,0.9995469825819877,-3.422583633239126e-08,-3.422583633239126e-08,1.6543612092128727e-24,687070.6377578619
0.8611668247797731,2.5510617588186815e-08,3.3977510177433965e-08,0.9995449491693777,-1.699782620734492e-07,-1.699782620734492e-07,3.8883691486571635e-08,3.3977149734727805e-08,3.3977149734727805e-08,2.6596975814349422e-08,8.466892589247145e-09,8.46689258924715e-09,0.9995450511019083,-3.4068221363713346e-08,-3.4068221363713346e-08,-4.963083691172168e-24,684049.5928217553
0.8634694098727672,2.5546902889070377e-08,3.401574893046719e-08,0.9995430185996965,-1.6991510143505748e-07,-1.6991510143505748e-07,3.894093599702408e-08,3.401533528586479e-08,3.401533528586479e-08,2.6509542749292892e-08,8.468846041396818e-09,8.468846041396815e-09,0.9995431206469433,-3.3852105713188707e-08,-3.3852105713188707e-08,3.308722434397367e-24,681040.9214616946
0.8657719949657612,2.558306739572215e-08,3.405380086540431e-08,0.9995410890842527,-1.698586742808667e-07,-1.698586742808667e-07,3.8997999475363836e-08,3.4053463991505824e-08,3.4053463991505824e-08,2.6422291461493504e-08,8.470733469682163e-09,8.47073346968216e-09,0.9995411912456552,-3.364347081924946e-08,-3.364347081924946e-08,3.3087224344367006e-24,678044.5832011858
0.8680745800587553,2.561911138182874e-08,3.4091666472385124e-08,0.9995391606514052,-1.698720098862927e-07,-1.698720098862927e-07,3.9054882262940934e-08,3.40915133940156e-08,3.40915133940156e-08,2.633522158519381e-08,8.47255509055639e-09,8.472555090556385e-09,0.9995392629264047,-3.3505343996752196e-08,-3.3505343996752196e-08,4.9630836595821626e-24,675060.5375798146
0.8703771651517493,2.5655035120255374e-08,3.412934624015826e-08,0.9995372333293124,-1.6999691426942812e-07,-1.6999691426942812e-07,3.911158470011439e-08,3.412943001650687e-08,3.412943001650687e-08,2.624833275520969e-08,8.474311119902887e-09,8.474311119902884e-09,0.9995373357173511,-3.347952930879509e-08,-3.347952930879509e-08,3.3087224345155866e-24,672088.7441549654
0.8726797502447434,2.5690838883050813e-08,3.416684065608809e-08,0.9995353071459316,-1.7024218382470113e-07,-1.7024218382470113e-07,3.916810712625839e-08,3.416714532768005e-08,3.416714532768005e-08,2.6161624606934595e-08,8.476001773037283e-09,8.476001773037277e-09,0.9995354096464536,-3.3574821200348776e-08,-3.3574821200348776e-08,6.617444884767244e-24,669129.162503352
0.8749823353377374,2.5726522941451653e-08,3.420415020616164e-08,0.9995333821290197,-1.7058156734421307e-07,-1.7058156734421307e-07,3.922444987976829e-08,3.420459582624891e-08,3.420459582624891e-08,2.6075096776343165e-08,8.47762726470999e-09,8.477627264709987e-09,0.9995334847414703,-3.376496651956651e-08,-3.376496651956651e-08,3.3087224345947477e-24,666181.7522226144
0.8772849204307315,2.5762087565886043e-08,3.4241275374995264e-08,0.999531458306133,-1.709618047707901e-07,-1.709618047707901e-07,3.9280613298066585e-08,3.424174138006901e-08,3.424174138006901e-08,2.5988748899994984e-08,8.479187809109217e-09,8.47918780910922e-09,0.9995315610299591,-3.399670327080905e-08,-3.399670327080905e-08,-3.308722465789795e-24,663246.4729328526
0.8795875055237256,2.5797533025976952e-08,3.427821664584124e-08,0.9995295357046287,-1.7131824970525692e-07,-1.7131824970525692e-07,3.933659771760862e-08,3.427857660321046e-08,3.427857660321046e-08,2.5902580615037755e-08,8.480683619864284e-09,8.480683619864289e-09,0.9995296385392786,-3.420538312189195e-08,-3.420538312189195e-08,-4.963083690856108e-24,660323.2842781969
0.8818900906167195,2.58328595905453e-08,3.431497450059423e-08,0.9995276143516637,-1.715934184133118e-07,-1.715934184133118e-07,3.9392403473888225e-08,3.431513217242143e-08,3.431513217242143e-08,2.5816591559210756e-08,8.482114910048926e-09,8.482114910048926e-09,0.9995277172965872,-3.4333520410934885e-08,-3.4333520410934885e-08,-1.5498140599728207e-32,657412.1459283357
0.8841926757097136,2.5868067527613182e-08,3.435154941979757e-08,0.9995256942741965,-1.717531604834422e-07,-1.717531604834422e-07,3.944803090144325e-08,3.435146587532253e-08,3.435146587532253e-08,2.5730781370848816e-08,8.483481892184391e-09,8.483481892184388e-09,0.9995257973288447,-3.434696280425191e-08,-3.434696280425191e-08,3.3087224347538306e-24,654513.0175799322
0.8864952608027077,2.5903157104407482e-08,3.438794188264947e-08,0.9995237754989863,-1.717959573375201e-07,-1.717959573375201e-07,3.950348033386084e-08,3.4387646147083985e-08,3.4387646147083985e-08,2.5645149688885057e-08,8.484784778241987e-09,8.48478477824199e-09,0.9995238786628119,-3.42441898069222e-08,-3.42441898069222e-08,-3.3087224656304735e-24,651625.858958178
0.8887978458957017,2.593812858736399e-08,3.442415236700906e-08,0.999521858052594,-1.7175284425616704e-07,-1.7175284425616704e-07,3.955875210378268e-08,3.4423732830712977e-08,3.4423732830712977e-08,2.5559696152854514e-08,8.486023779645069e-09,8.486023779645069e-09,0.9995219613250511,-3.4056234788130805e-08,-3.4056234788130805e-08,-1.5378391872865038e-32,648750.6298181986
0.8911004309886957,2.5972982242131976e-08,3.4460181349402256e-08,0.9995199419613827,-1.7167827438565826e-07,-1.7167827438565826e-07,3.9613846542910026e-08,3.445976064478111e-08,3.445976064478111e-08,2.547442040289682e-08,8.48719910727028e-09,8.48719910727028e-09,0.9995200453419267,-3.383754898804923e-08,-3.383754898804923e-08,-1.5338368081353795e-32,645887.2899465384
0.8934030160816898,2.6007718333579074e-08,3.449602930502756e-08,0.9995180272515175,-1.716346015558132e-07,-1.716346015558132e-07,3.966876398200861e-08,3.4495729898487336e-08,3.4495729898487336e-08,2.538932207975964e-08,8.488310971448491e-09,8.488310971448488e-09,0.9995181307396054,-3.365048433570295e-08,-3.365048433570295e-08,3.3087224349138173e-24,643035.7991625592
0.8957056011746838,2.604233712579623e-08,3.4531696707761676e-08,0.9995161139489664,-1.716746895562772e-07,-1.716746895562772e-07,3.972350475091338e-08,3.453160689126671e-08,3.453160689126671e-08,2.5304400824801917e-08,8.489359581965449e-09,8.489359581965447e-09,0.9995162175440566,-3.35479027252305e-08,-3.35479027252305e-08,1.6543612098478843e-24,640196.1173197974
0.8980081862676779,2.6076838882102434e-08,3.4567184030164974e-08,0.9995142020795008,-1.718274684453233e-07,-1.718274684453233e-07,3.97780691785331e-08,3.456733372521646e-08,3.456733372521646e-08,2.521965627999631e-08,8.49034514806254e-09,8.49034514806254e-09,0.9995143057810529,-3.355873232466341e-08,-3.355873232466341e-08,-1.5218001589820497e-32,637368.2043074088
0.900310771360672,2.6111223865049073e-08,3.460249174348684e-08,0.9995122916686953,-1.7209032960932885e-07,-1.7209032960932885e-07,3.983245759285474e-08,3.460284461985224e-08,3.460284461985224e-08,2.5135088087932397e-08,8.491267878437763e-09,8.491267878437765e-09,0.9995123954761705,-3.36803626353815e-08,-3.36803626353815e-08,-1.654361240283843e-24,634552.0200514984
0.902613356453666,2.6145492336423727e-08,3.463762031767086e-08,0.9995103827419285,-1.7243032615273678e-07,-1.7243032615273678e-07,3.988667032094778e-08,3.463808416357847e-08,3.463808416357847e-08,2.5050695891819638e-08,8.492127981247131e-09,8.492127981247133e-09,0.9995104866547895,-3.387984488205334e-08,-3.387984488205334e-08,-1.6543612402435856e-24,631747.524516446
0.90491594154666,2.6179644557253572e-08,3.4672570221359856e-08,0.9995084753243836,-1.7279358241364623e-07,-1.7279358241364623e-07,3.994070768896827e-08,3.4673022454127936e-08,3.4673022454127936e-08,2.496647933548932e-08,8.492925664106279e-09,8.492925664106284e-09,0.9995085793420942,-3.410330152820681e-08,-3.410330152820681e-08,-4.9630836904153985e-24,628954.6777063118
0.9072185266396541,2.6213680787808446e-08,3.4707341921900754e-08,0.9995065694410487,-1.7312022848639963e-07,-1.7312022848639963e-07,3.999457002216278e-08,3.4707663081256933e-08,3.4707663081256933e-08,2.488243806339805e-08,8.493661134092314e-09,8.493661134092308e-09,0.9995066735630744,-3.429086079879661e-08,-3.429086079879661e-08,6.617444885367326e-24,626173.4396660731
0.9095211117326482,2.624760128760383e-08,3.4741935885349307e-08,0.999504665116717,-1.7336065340744662e-07,-1.7336065340744662e-07,4.0048257644872125e-08,3.474204193643058e-08,3.474204193643058e-08,2.479857172063047e-08,8.494334597745475e-09,8.494334597745477e-09,0.9995047693425246,-3.439290986604939e-08,-3.439290986604939e-08,-1.6543612401225765e-24,623403.7704828985
0.9118236968256421,2.6281406315404026e-08,3.4776352576474616e-08,0.9995027623759875,-1.7348869005634737e-07,-1.7348869005634737e-07,4.0101770880534904e-08,3.47762173228884e-08,3.47762173228884e-08,2.4714879952900824e-08,8.494946261070591e-09,8.49494626107059e-09,0.9995028667050452,-3.438327975044891e-08,-3.438327975044891e-08,1.6543612101299442e-24,620645.6302875231
0.9141262819186362,2.6315096129225615e-08,3.481059245876357e-08,0.9995008612432655,-1.7350828306996594e-07,-1.7350828306996594e-07,4.0155110051690927e-08,3.4810254211989245e-08,3.4810254211989245e-08,2.463136240655622e-08,8.495496329537953e-09,8.495496329537953e-09,0.9995009656750429,-3.426591323491167e-08,-3.426591323491167e-08,-1.493566780037056e-32,617898.9792554319
0.9164288670116303,2.634867098634137e-08,3.4844655994424996e-08,0.999498961742763,-1.7345197515939802e-07,-1.7345197515939802e-07,4.020827547998434e-08,3.4844206937287064e-08,3.4844206937287064e-08,2.454801872857925e-08,8.495985008083628e-09,8.495985008083626e-09,0.999499066276731,-3.4073351181698036e-08,-3.4073351181698036e-08,1.654361210210863e-24,615163.7776080767
0.9187314521046243,2.638213114328449e-08,3.487854364439375e-08,0.9994970638984989,-1.7337185820205888e-07,-1.7337185820205888e-07,4.026126748616664e-08,3.4878104981035435e-08,3.4878104981035435e-08,2.4464848566589532e-08,8.496412501109262e-09,8.496412501109259e-09,0.9994971685341298,-3.385768362448388e-08,-3.385768362448388e-08,3.3087224353574246e-24,612439.9856141963
0.9210340371976183,2.64154768558531e-08,3.491225586833453e-08,0.9994951677342999,-1.7332550769359005e-07,-1.7332550769359005e-07,4.031408639009944e-08,3.4911945554960986e-08,3.4911945554960986e-08,2.43818515688465e-08,8.496779012481433e-09,8.49677901248143e-09,0.9994952724710675,-3.367648422025194e-08,-3.367648422025194e-08,3.3087224353979582e-24,609727.5635909645
0.9233366222906124,2.6448708379114732e-08,3.4945793124645574e-08,0.999493273273801,-1.7336075615107545e-07,-1.7336075615107545e-07,4.036673251075705e-08,3.494569479023552e-08,3.494569479023552e-08,2.42990273842518e-08,8.497084745530842e-09,8.497084745530842e-09,0.9994933781111803,-3.357758365249315e-08,-3.357758365249315e-08,-1.4773591190946756e-32,607026.4719051751
0.9256392073836064,2.648182596741064e-08,3.4979155870462155e-08,0.9994913805404454,-1.7350331031119819e-07,-1.7350331031119819e-07,4.0419206166228786e-08,3.4979297081955775e-08,3.4979297081955775e-08,2.4216375662350973e-08,8.497329903051515e-09,8.497329903051513e-09,0.999491485477913,-3.358668682934957e-08,-3.358668682934957e-08,1.6543612103730505e-24,604336.6709744699
0.9279417924766005,2.6514829874359783e-08,3.501234456165987e-08,0.9994894895574857,-1.737503665424274e-07,-1.737503665424274e-07,4.047150767372113e-08,3.501268996411515e-08,3.501268996411515e-08,2.4133896053335937e-08,8.497514687300086e-09,8.497514687300088e-09,0.9994895945945195,-3.3700988295787903e-08,-3.3700988295787903e-08,-1.654361239798451e-24,601658.1212684619
0.9302443775695945,2.6547720352862382e-08,3.5045359652857724e-08,0.999487600347984,-1.7407177890699622e-07,-1.7407177890699622e-07,4.0523637349559585e-08,3.50458205622253e-08,3.50458205622253e-08,2.4051588208046645e-08,8.497639299995345e-09,8.497639299995342e-09,0.999487705484063,-3.389034029556533e-08,-3.389034029556533e-08,3.308722435560347e-24,598990.7833099301
0.9325469626625885,2.658049765510311e-08,3.5078201597420986e-08,0.9994857129348127,-1.7441825023386177e-07,-1.7441825023386177e-07,4.057559550919031e-08,3.507865930932001e-08,3.507865930932001e-08,2.396945177797362e-08,8.49770394231788e-09,8.497703942317876e-09,0.9994858181694175,-3.410544384417783e-08,-3.410544384417783e-08,3.3087224356009984e-24,596334.6176759024
0.9348495477555826,2.661316203255405e-08,3.51108708474639e-08,0.9994838273406544,-1.7473432124868218e-07,-1.7473432124868218e-07,4.062738246718155e-08,3.5111207440464537e-08,3.5111207440464537e-08,2.3887486415259345e-08,8.497708814909859e-09,8.497708814909852e-09,0.999483932673267,-3.4290837858826574e-08,-3.4290837858826574e-08,6.6174448858537794e-24,593689.5849988193
0.9371521328485767,2.6645713735977548e-08,3.514336785385209e-08,0.9994819435880035,-1.7497267593474694e-07,-1.7497267593474694e-07,4.067899853722471e-08,3.5143496472991236e-08,3.5143496472991236e-08,2.380569177270067e-08,8.497654117874547e-09,8.497654117874544e-09,0.999482049018107,-3.439920451933857e-08,-3.439920451933857e-08,3.3087224356823555e-24,591055.6459676082
0.9394547179415706,2.6678153015429203e-08,3.517569306620475e-08,0.9994800616991655,-1.7510609616500457e-07,-1.7510609616500457e-07,4.07304440321352e-08,3.5175579934972786e-08,3.5175579934972786e-08,2.3724067503749895e-08,8.497540050775549e-09,8.497540050775549e-09,0.9994801672262447,-3.440332390018556e-08,-3.440332390018556e-08,-1.4489052403036676e-32,588432.76132883
0.9417573030345647,2.671048012026111e-08,3.520784693289664e-08,0.9994781816962586,-1.7513408837711787e-07,-1.7513408837711787e-07,4.0781719263853067e-08,3.520751962374e-08,3.520751962374e-08,2.364261326251746e-08,8.49736681263553e-09,8.497366812635532e-09,0.9994782873197994,-3.430270064553131e-08,-3.430270064553131e-08,-1.6543612395543914e-24,585820.8918876911
0.9440598881275588,2.674269529912541e-08,3.523982990105974e-08,0.9994763036012134,-1.750825950004664e-07,-1.750825950004664e-07,4.083282454344316e-08,3.523936995719959e-08,3.523936995719959e-08,2.356132870377256e-08,8.497134601934329e-09,8.497134601934329e-09,0.9994764093207031,-3.412327539622744e-08,-3.412327539622744e-08,-1.440760720901245e-32,583219.9985092046
0.9463624732205529,2.6774798799978158e-08,3.5271642416584725e-08,0.9994744274357741,-1.749970787706841e-07,-1.749970787706841e-07,4.0883760181095135e-08,3.52711644294893e-08,3.52711644294893e-08,2.3480213482946053e-08,8.496843616606567e-09,8.496843616606567e-09,0.9994745332507013,-3.3910509104345205e-08,-3.3910509104345205e-08,-1.4366867649661167e-32,580630.0421191347
0.9486650583135469,2.6806790870083396e-08,3.5303284924122143e-08,0.9994725532214987,-1.7493081502639215e-07,-1.7493081502639215e-07,4.093452648612309e-08,3.530290753028035e-08,3.530290753028035e-08,2.339926725613088e-08,8.496494054038749e-09,8.496494054038747e-09,0.9994726591313535,-3.371767532990358e-08,-3.371767532990358e-08,1.6543612107799365e-24,578050.9837051504
0.9509676434065409,2.683867175601727e-08,3.533475786708326e-08,0.9994706809797596,-1.7493147656073473e-07,-1.7493147656073473e-07,4.0985123766964804e-08,3.533457403173776e-08,3.533457403173776e-08,2.3318489680084296e-08,8.496086111065994e-09,8.49608611106599e-09,0.9994707869840331,-3.3592445092401686e-08,-3.3592445092401686e-08,3.3087224359267485e-24,575482.7843177973
0.953270228499535,2.6870441703672022e-08,3.5366061687640686e-08,0.9994688107317442,-1.7502936306178538e-07,-1.7502936306178538e-07,4.103555233118069e-08,3.53661157074485e-08,3.53661157074485e-08,2.3237880412229516e-08,8.495619983968667e-09,8.495619983968664e-09,0.9994689168299292,-3.3565116311222636e-08,-3.3565116311222636e-08,3.308722435967512e-24,572925.4050715079
0.955572813592529,2.6902100958259772e-08,3.5397196826728633e-08,0.9994669424984555,-1.7523015238134502e-07,-1.7523015238134502e-07,4.108581248545234e-08,3.539747364096748e-08,3.539747364096748e-08,2.315743911065619e-08,8.495095868468863e-09,8.495095868468861e-09,0.999467048690046,-3.364136507443048e-08,-3.364136507443048e-08,1.6543612109022241e-24,570378.8071456931
0.9578753986855231,2.6933649764315917e-08,3.542816372404285e-08,0.9994650763007126,-1.755138841778848e-07,-1.755138841778848e-07,4.113590453558066e-08,3.542859300932164e-08,3.542859300932164e-08,2.3077165434122886e-08,8.494513959726938e-09,8.494513959726933e-09,0.9994651825852038,-3.38012292817134e-08,-3.38012292817134e-08,4.963083661155106e-24,567842.9517856637
0.9601779837785172,2.696508836570227e-08,3.5458962818040255e-08,0.9994632121591513,-1.7584022913756376e-07,-1.7584022913756376e-07,4.1185828786483625e-08,3.545943662591937e-08,3.545943662591937e-08,2.2997059042057773e-08,8.493874452337982e-09,8.493874452337983e-09,0.9994633185360398,-3.4004377865402745e-08,-3.4004377865402745e-08,-1.6543612392283416e-24,565317.8003036621
0.9624805688715111,2.699641700560993e-08,3.548959454593815e-08,0.9994613500942249,-1.761586627791485e-07,-1.761586627791485e-07,4.123558554219356e-08,3.548999396385841e-08,3.548999396385841e-08,2.2917119594560296e-08,8.493177540328224e-09,8.493177540328222e-09,0.9994614565630086,-3.4200284595395896e-08,-3.4200284595395896e-08,1.6543612110245433e-24,562803.3140798203
0.9647831539645052,2.7027635926562024e-08,3.552005934371309e-08,0.9994594901262042,-1.7642090468387692e-07,-1.7642090468387692e-07,4.128517510585398e-08,3.552028355274097e-08,3.552028355274097e-08,2.2837346752401995e-08,8.492423417151066e-09,8.492423417151067e-09,0.9994595966863822,-3.434066730902455e-08,-3.434066730902455e-08,-1.6543612391467943e-24,560299.4545631789
0.9670857390574993,2.7058745370416517e-08,3.555035764609934e-08,0.9994576322751788,-1.7659258358619558e-07,-1.7659258358619558e-07,4.133459777971595e-08,3.55503482708641e-08,3.55503482708641e-08,2.2757740177028054e-08,8.491612275682824e-09,8.49161227568282e-09,0.9994577389262518,-3.439115300179823e-08,-3.439115300179823e-08,3.3087224362121434e-24,557806.1832726074
0.9693883241504933,2.7089745578369152e-08,3.558048988658687e-08,0.9994557765610573,-1.7666132298950177e-07,-1.7666132298950177e-07,4.1383853865133894e-08,3.558024483667789e-08,3.558024483667789e-08,2.267829953055815e-08,8.490744308217716e-09,8.490744308217718e-09,0.999455883302527,-3.433936344315429e-08,-3.433936344315429e-08,-1.654361239065255e-24,555323.4617978013
0.9716909092434873,2.7120636790956658e-08,3.5610456497419e-08,0.999453923003568,-1.7663937617751639e-07,-1.7663937617751639e-07,4.1432943662560914e-08,3.5610030111169774e-08,3.5610030111169774e-08,2.259902447578782e-08,8.489819706462341e-09,8.489819706462341e-09,0.9994540298349375,-3.419755018784039e-08,-3.419755018784039e-08,-1.3918436663559895e-32,552851.251800206
0.9739934943364814,2.7151419248060177e-08,3.5640257909589447e-08,0.9994520716222591,-1.7656033455173766e-07,-1.7656033455173766e-07,4.1481867471543455e-08,3.563974758216829e-08,3.563974758216829e-08,2.2519914676189394e-08,8.48883866152927e-09,8.48883866152927e-09,0.9994521785430328,-3.399930291337987e-08,-3.399930291337987e-08,-1.3877679714362027e-32,550389.5150139768
0.9762960794294755,2.7182093188908962e-08,3.566989455283899e-08,0.9994502224365004,-1.7647080572661358e-07,-1.7647080572661358e-07,4.153062559071547e-08,3.566941723502489e-08,3.566941723502489e-08,2.2440969795913012e-08,8.48780136393003e-09,8.487801363930028e-09,0.9994503294461841,-3.3791227515257624e-08,-3.3791227515257624e-08,1.654361211269125e-24,547938.2132469154
0.9785986645224695,2.721265885208413e-08,3.56993668556515e-08,0.9994483754654826,-1.7641917377975614e-07,-1.7641917377975614e-07,4.1579218317791794e-08,3.569903115711926e-08,3.569903115711926e-08,2.2362189499787277e-08,8.486708003567373e-09,8.48670800356737e-09,0.9994484825635832,-3.3621706357150146e-08,-3.3621706357150146e-08,3.3087224364159213e-24,545497.3083814327
0.9809012496154635,2.7243116475522432e-08,3.572867524524951e-08,0.9994465307282188,-1.7644415405694334e-07,-1.7644415405694334e-07,4.162764594956099e-08,3.572855580825822e-08,3.572855580825822e-08,2.2283573453320885e-08,8.485558769727078e-09,8.485558769727078e-09,0.9994466379142445,-3.35294530759453e-08,-3.35294530759453e-08,-1.3755458423856024e-32,543066.7623754214
0.9832038347084576,2.7273466296519846e-08,3.575782014758908e-08,0.9994446882435445,-1.7656584327643583e-07,-1.7656584327643583e-07,4.167590878187729e-08,3.57579402897061e-08,3.57579402897061e-08,2.220512132270242e-08,8.484353851069235e-09,8.484353851069236e-09,0.9994447955170049,-3.3534562686079497e-08,-3.3534562686079497e-08,-1.654361238820794e-24,540646.5372632698
0.9855064198014516,2.730370855173499e-08,3.5786801987354147e-08,0.9994428480301191,-1.7678129785710432e-07,-1.7678129785710432e-07,4.1724007109651925e-08,3.5787128558913574e-08,3.5787128558913574e-08,2.2126832774802384e-08,8.483093435619152e-09,8.483093435619155e-09,0.9994429553905251,-3.363408990768773e-08,-3.363408990768773e-08,-3.308722463886142e-24,538236.5951566936
0.9878090048944457,2.7333843477192238e-08,3.581562118795008e-08,0.9994410101064253,-1.7706556975542433e-07,-1.7706556975542433e-07,4.177194122684346e-08,3.581607266201134e-08,3.581607266201134e-08,2.2048707477172815e-08,8.481777710757844e-09,8.481777710757844e-09,0.9994411175532888,-3.3803085003623996e-08,-3.3803085003623996e-08,-1.363333802633424e-32,535836.8982457543
0.9901115899874398,2.736387130828459e-08,3.584427817149662e-08,0.999439174490771,-1.7737781951778287e-07,-1.7737781951778287e-07,4.1819711426447383e-08,3.5844743890061535e-08,3.5844743890061535e-08,2.197074509804873e-08,8.480406863212025e-09,8.480406863212029e-09,0.9994392820236055,-3.400070683179639e-08,-3.400070683179639e-08,-3.30872246380477e-24,533447.4087997248
0.9924141750804337,2.7393792279776415e-08,3.587277335881995e-08,0.9994373412012891,-1.7767098949971306e-07,-1.7767098949971306e-07,4.1867318000484664e-08,3.587313930966158e-08,3.587313930966158e-08,2.1892945306348668e-08,8.478981079043533e-09,8.478981079043533e-09,0.9994374488196092,-3.4179896064433266e-08,-3.4179896064433266e-08,-1.3551996888495815e-32,531068.0891680219
0.9947167601734278,2.7423606625806104e-08,3.5901107169444014e-08,0.9994355102559382,-1.7790271369644565e-07,-1.7790271369644565e-07,4.1914761239989304e-08,3.590128226470204e-08,3.590128226470204e-08,2.181530777167502e-08,8.477500543637911e-09,8.47750054363791e-09,0.9994356179592597,-3.4298285018669594e-08,-3.4298285018669594e-08,1.6543612115947038e-24,528698.9017811716
0.9970193452664219,2.7453314579888786e-08,3.5929280021580924e-08,0.9994336816725037,-1.7804494251897193e-07,-1.7804494251897193e-07,4.196204143499485e-08,3.5929216834125065e-08,3.5929216834125065e-08,2.1737832164315063e-08,8.475965441692138e-09,8.475965441692138e-09,0.9994337894603438,-3.4327822432648234e-08,-3.4327822432648234e-08,-1.3470724859919602e-32,526339.8091516934
0.9993219303594159,2.74829163749192e-08,3.595729233212041e-08,0.999431855468598,-1.780901237228947e-07,-1.780901237228947e-07,4.2009158874519656e-08,3.5956997647512435e-08,3.5956997647512435e-08,2.166051815524088e-08,8.474375957201206e-09,8.47437595720121e-09,0.999431963340475,-3.426095439441307e-08,-3.426095439441307e-08,-3.3087224636422284e-24,523990.77387508925
1.00162451545241,2.751241224317477e-08,3.5985144516618306e-08,0.9994300316616613,-1.7805259973319385e-07,-1.7805259973319385e-07,4.2056113846551014e-08,3.5984677444483e-08,3.5984677444483e-08,2.158336541611061e-08,8.47273227344354e-09,8.472732273443537e-09,0.9994301396170949,-3.411202166672063e-08,-3.411202166672063e-08,3.3087224368225795e-24,521651.7586307317
1.003927100545404,2.7541802416318873e-08,3.601283698928387e-08,0.9994282102689622,-1.7796504762195824e-07,-1.7796504762195824e-07,4.2102906638027825e-08,3.601229525288471e-08,3.601229525288471e-08,2.150637361926813e-08,8.471034572965003e-09,8.471034572965e-09,0.9994283183074731,-3.3913699664822755e-08,-3.3913699664822755e-08,3.308722436863144e-24,519322.72618286684
1.006229685638398,2.7571087125404287e-08,3.604037016296603e-08,0.9994263913075985,-1.7787084367262786e-07,-1.7787084367262786e-07,4.2149537534821915e-08,3.603986783833196e-08,3.603986783833196e-08,2.1429542437744166e-08,8.46928303756175e-09,8.469283037561744e-09,0.999426499428709,-3.3709363020763736e-08,-3.3709363020763736e-08,4.963083662009741e-24,517003.6393815241
1.0085322707313922,2.760026660087671e-08,3.606774444913829e-08,0.9994245747944974,-1.7781419801566514e-07,-1.7781419801566514e-07,4.219600682171775e-08,3.606738626664758e-08,3.606738626664758e-08,2.1352871545255905e-08,8.467477848261577e-09,8.467477848261577e-09,0.9994246829977308,-3.3543220219111994e-08,-3.3543220219111994e-08,-1.3267907540408601e-32,514694.46116354736
1.010834855824386,2.7629341072578255e-08,3.6094960257882325e-08,0.9994227607464171,-1.7783028307759679e-07,-1.7783028307759679e-07,4.22423147823905e-08,3.6094818273517336e-08,3.6094818273517336e-08,2.127636061620785e-08,8.465619185304075e-09,8.46561918530407e-09,0.9994228690312978,-3.345044204606749e-08,-3.345044204606749e-08,4.963083662090751e-24,512395.1545535299
1.0131374409173801,2.765831076975086e-08,3.612201799787012e-08,0.9994209491799464,-1.7793756418291856e-07,-1.7793756418291856e-07,4.22884616993823e-08,3.612211577432758e-08,3.612211577432758e-08,2.1200009325691875e-08,8.46370722811926e-09,8.463707228119259e-09,0.9994210575460004,-3.3449492191438084e-08,-3.3449492191438084e-08,1.6543612119191063e-24,510105.68266483466
1.0154400260103742,2.7687175921039488e-08,3.6148918076344504e-08,0.9994191401115057,-1.7813397497031254e-07,-1.7813397497031254e-07,4.2334447854076517e-08,3.614922577403431e-08,3.614922577403431e-08,2.1123817349487378e-08,8.461742155305017e-09,8.461742155305017e-09,0.9994192485582599,-3.3538302664934525e-08,-3.3538302664934525e-08,-1.3146510229441097e-32,507826.0087006163
1.0177426111033683,2.7715936754495138e-08,3.617566089909799e-08,0.9994173335573481,-1.7839767634008317e-07,-1.7839767634008317e-07,4.238027352666998e-08,3.617610219122573e-08,3.617610219122573e-08,2.104778436406123e-08,8.459724144602855e-09,8.45972414460285e-09,0.9994174420843308,-3.369503274369122e-08,-3.369503274369122e-08,4.963083662212067e-24,505556.0959548806
1.0200451961963624,2.7744593497577687e-08,3.620224687044975e-08,0.9994155295335595,-1.7869214937068473e-07,-1.7869214937068473e-07,4.2425938996142866e-08,3.6202715985364785e-08,3.6202715985364785e-08,2.0971910046568467e-08,8.457653372872063e-09,8.457653372872063e-09,0.9994156381403001,-3.3883161888885733e-08,-3.3883161888885733e-08,-1.3065718596390345e-32,503295.9078134979
1.0223477812893564,2.777314637715858e-08,3.6228676393220615e-08,0.9994137280560594,-1.7897437360433683e-07,-1.7897437360433683e-07,4.247144454022609e-08,3.622906141260692e-08,3.622906141260692e-08,2.089619407485169e-08,8.45553001606204e-09,8.455530016062036e-09,0.9994138367420886,-3.405966803145437e-08,-3.405966803145437e-08,3.3087224371867425e-24,501045.4077553414
1.0246503663823503,2.780159561952349e-08,3.625494986870586e-08,0.999411929140602,-1.7920427229863666e-07,-1.7920427229863666e-07,4.25167904353661e-08,3.625515710685488e-08,3.625515710685488e-08,2.0820636127441184e-08,8.453354249182376e-09,8.453354249182373e-09,0.9994120379054515,-3.418447282381321e-08,-3.418447282381321e-08,3.3087224372270623e-24,498804.5593534012
1.0269529514753444,2.7829941450375024e-08,3.628106769664563e-08,0.9994101328027759,-1.7935333066702604e-07,-1.7935333066702604e-07,4.256197695668666e-08,3.6281041876163485e-08,3.6281041876163485e-08,2.074523588355512e-08,8.451126246270605e-09,8.451126246270609e-09,0.999410241645979,-3.422905988044351e-08,-3.422905988044351e-08,-3.308722463156872e-24,496573.3262759174
1.0292555365683385,2.7858184094835516e-08,3.630703027519279e-08,0.999408339058006,-1.7941055708135833e-07,-1.7941055708135833e-07,4.260700437794743e-08,3.630676619758737e-08,3.630676619758737e-08,2.0669993023098996e-08,8.448846180357279e-09,8.448846180357275e-09,0.9994084479790968,-3.418243598058717e-08,-3.418243598058717e-08,3.308722437307603e-24,494351.6722876073
1.0315581216613325,2.7886323777450037e-08,3.633283800087794e-08,0.999406547921553,-1.7938457780424861e-07,-1.7938457780424861e-07,4.265187297149918e-08,3.633238134350195e-08,3.633238134350195e-08,2.0594907226665815e-08,8.446514223427909e-09,8.446514223427906e-09,0.999406656920067,-3.405322580073684e-08,-3.405322580073684e-08,3.3087224373478223e-24,492139.5612508742
1.0338607067543266,2.7914360722189542e-08,3.635849126857143e-08,0.999404759408515,-1.7930149375017154e-07,-1.7930149375017154e-07,4.2696583008235084e-08,3.6357928495552256e-08,3.6357928495552256e-08,2.0519978175535416e-08,8.444130546381884e-09,8.44413054638189e-09,0.9994048684839888,-3.3867528675885815e-08,-3.3867528675885815e-08,-4.963083688142271e-24,489936.9571271204
1.0361632918473207,2.79422951524542e-08,3.6383990471441896e-08,0.9994029735338275,-1.7919907744406714e-07,-1.7919907744406714e-07,4.2741134757537995e-08,3.6383430172538765e-08,3.6383430172538765e-08,2.0445205551674333e-08,8.441695318987699e-09,8.441695318987697e-09,0.9994030826857989,-3.3663115558299554e-08,-3.3663115558299554e-08,1.6543612123220988e-24,487743.82397807506
1.0384658769403148,2.7970127291076793e-08,3.640933600091123e-08,0.9994011903122643,-1.791186052117676e-07,-1.791186052117676e-07,4.2785528487223064e-08,3.6408885743703e-08,3.6408885743703e-08,2.037058903773536e-08,8.439208709834432e-09,8.439208709834435e-09,0.9994012995402722,-3.348126120812269e-08,-3.348126120812269e-08,-3.3087224629559565e-24,485560.1259671933
1.0407684620333086,2.7997857360326172e-08,3.6434528246605473e-08,0.9993994097584383,-1.7909611506909308e-07,-1.7909611506909308e-07,4.282976446347549e-08,3.643427189152458e-08,3.643427189152458e-08,2.0296128317056902e-08,8.436670886279301e-09,8.436670886279301e-09,0.9993995190620231,-3.335800208267119e-08,-3.335800208267119e-08,-1.2703773488875716e-32,483385.8273611423
1.0430710471263027,2.802548558191065e-08,3.645956759630131e-08,0.9993976318868021,-1.7915493166082496e-07,-1.7915493166082496e-07,4.2873842950782744e-08,3.645954783550927e-08,3.645954783550927e-08,2.022182307366249e-08,8.43408201439066e-09,8.43408201439066e-09,0.9993977412655048,-3.3316661275619724e-08,-3.3316661275619724e-08,-1.2663739873513953e-32,481220.8925313245
1.0453736322192968,2.8053012176981288e-08,3.648445443586761e-08,0.9993958567116484,-1.7930099257398375e-07,-1.7930099257398375e-07,4.291776421186082e-08,3.6484664128736505e-08,3.6484664128736505e-08,2.0147672992259844e-08,8.431442258886321e-09,8.43144225888632e-09,0.9993959661650117,-3.336317483051332e-08,-3.336317483051332e-08,1.6543612124823093e-24,479065.2859555343
1.0476762173122909,2.808043736613506e-08,3.6509189149201734e-08,0.9993940842471112,-1.795218770663482e-07,-1.795218770663482e-07,4.296152850757386e-08,3.6509573125244304e-08,3.6509573125244304e-08,2.0073677758240215e-08,8.428751783066677e-09,8.428751783066672e-09,0.9993941937746786,-3.3485120469541276e-08,-3.3485120469541276e-08,4.963083662734373e-24,476918.97221966856
1.049978802405285,2.8107761369417885e-08,3.6533772118159814e-08,0.9993923145071657,-1.7978965767774338e-07,-1.7978965767774338e-07,4.300513609684648e-08,3.653423891554958e-08,3.653423891554958e-08,1.999983705767742e-08,8.426010748741934e-09,8.42601074874193e-09,0.9993924241084821,-3.365456920510412e-08,-3.365456920510412e-08,4.963083662774284e-24,474781.91601955437
1.052281387498279,2.8134984406327543e-08,3.655820372248055e-08,0.9993905475056297,-1.8006688502198696e-07,-1.8006688502198696e-07,4.3048587236568065e-08,3.6558644691878126e-08,3.6558644691878126e-08,1.992615057732668e-08,8.423219316153008e-09,8.423219316153005e-09,0.9993906571802409,-3.383407013206477e-08,-3.383407013206477e-08,3.3087224377080977e-24,472654.0821629106
1.054583972591273,2.8162106695816594e-08,3.6582484339701695e-08,0.9993887832561641,-1.8031441461351774e-07,-1.8031441461351774e-07,4.3091882181488093e-08,3.658279606968568e-08,3.658279606968568e-08,1.985261800462339e-08,8.420377643885101e-09,8.420377643885101e-09,0.9993888930036171,-3.3984477254710965e-08,-3.3984477254710965e-08,-1.2464187241156058e-32,470535.4355714236
1.056886557684267,2.81891284562953e-08,3.6606614345068604e-08,0.999387021772273,-1.8049942387774383e-07,-1.8049942387774383e-07,4.313502118410165e-08,3.660671977959183e-08,3.660671977959183e-08,1.977923902768184e-08,8.4174858887733e-09,8.417485888773302e-09,0.999387131592116,-3.407296649746941e-08,-3.407296649746941e-08,-1.6543612375304613e-24,468425.9412829705
1.059189142777261,2.8216049905634655e-08,3.663059411143374e-08,0.999385263067305,-1.8060198641788815e-07,-1.8060198641788815e-07,4.317800449452381e-08,3.663045806709771e-08,3.663045806709771e-08,1.9706013335293498e-08,8.414544205799087e-09,8.414544205799082e-09,0.9993853729590874,-3.4079609972153196e-08,-3.4079609972153196e-08,4.963083662933497e-24,466325.564454024
1.0614917278702551,2.8242871261169552e-08,3.665442400914628e-08,0.9993835071544538,-1.8061891283881846e-07,-1.8061891283881846e-07,4.322083236035193e-08,3.665406004065912e-08,3.665406004065912e-08,1.9632940616925395e-08,8.411552747976726e-09,8.411552747976731e-09,0.9993836171177258,-3.4001216802233326e-08,-3.4001216802233326e-08,-4.963083687663145e-24,464234.27036222856
1.0637943129632492,2.8269592739702183e-08,3.6678104405930666e-08,0.9993817540467583,-1.8056413273316298e-07,-1.8056413273316298e-07,4.3263505026514216e-08,3.667757175486625e-08,3.667757175486625e-08,1.9560020562718094e-08,8.408511666228478e-09,8.408511666228483e-09,0.9993818640810715,-3.385171510944031e-08,-3.385171510944031e-08,-4.9630836876235e-24,462152.0244091882
1.0660968980562433,2.8296214557505578e-08,3.6701635666752664e-08,0.9993800037571038,-1.8046564780189293e-07,-1.8046564780189293e-07,4.3306022735103053e-08,3.670102706287195e-08,3.670102706287195e-08,1.948725286348336e-08,8.405421109247084e-09,8.405421109247087e-09,0.9993801138620108,-3.3659105134882275e-08,-3.3659105134882275e-08,-3.3087224624778484e-24,460078.7921234956
1.0683994831492374,2.8322736930327335e-08,3.672501815367157e-08,0.9993782562982225,-1.8035971986907848e-07,-1.8035971986907848e-07,4.334838572519127e-08,3.672444104905113e-08,3.672444104905113e-08,1.9414637210701843e-08,8.402281223344233e-09,8.402281223344233e-09,0.9993783664732769,-3.345964725439221e-08,-3.345964725439221e-08,-1.2226189496126099e-32,458014.53916401276
1.0707020682422312,2.8349160073393462e-08,3.6748252225676835e-08,0.9993765116826941,-1.8028354023436113e-07,-1.8028354023436113e-07,4.3390594232629245e-08,3.674780729475454e-08,3.674780729475454e-08,1.934217329652007e-08,8.39909215228337e-09,8.399092152283373e-09,0.9993766219274508,-3.329053133165379e-08,-3.329053133165379e-08,-3.308722462398801e-24,455959.2313234688
1.0730046533352253,2.8375484201412308e-08,3.677133823850712e-08,0.9993747699229463,-1.8026785213720613e-07,-1.8026785213720613e-07,4.343264848982046e-08,3.67710994580395e-08,3.67710994580395e-08,1.926986081374739e-08,8.39585403709481e-09,8.395854037094813e-09,0.999374880236961,-3.318249918317765e-08,-3.318249918317765e-08,-3.3087224623593505e-24,453912.8345323706
1.0753072384282194,2.84017095285785e-08,3.67942765444495e-08,0.9993730310312554,-1.803309912995185e-07,-1.803309912995185e-07,4.3474548725472726e-08,3.679427675761785e-08,3.679427675761785e-08,1.9197699455852374e-08,8.392567015870999e-09,8.392567015870997e-09,0.9993731414140851,-3.31538851217205e-08,-3.31538851217205e-08,1.6543612129982147e-24,451875.31486331543
1.0776098235212135,2.842783626857691e-08,3.6817067492116365e-08,0.9993712950197475,-1.804754773393373e-07,-1.804754773393373e-07,4.351629516432198e-08,3.68172922155664e-08,3.68172922155664e-08,1.9125688916958705e-08,8.389231223539455e-09,8.389231223539453e-09,0.99937140547095,-3.320720737087184e-08,-3.320720737087184e-08,1.654361213037563e-24,449846.6385357284
1.0799124086142076,2.84538646345866e-08,3.68397114261969e-08,0.9993695619003985,-1.8068776414972859e-07,-1.8068776414972859e-07,4.3557888026824954e-08,3.6840101986322764e-08,3.6840101986322764e-08,1.9053828891840588e-08,8.385846791610298e-09,8.385846791610298e-09,0.9993696724195328,-3.3328918444940995e-08,-3.3328918444940995e-08,-1.2029196093682747e-32,447826.7719210918
1.0822149937072016,2.847979483928477e-08,3.686220868717973e-08,0.9993678316850345,-1.8094111743249622e-07,-1.8094111743249622e-07,4.359932752881654e-08,3.6862673933839626e-08,3.6862673933839626e-08,1.8982119075917646e-08,8.382413847894958e-09,8.382413847894957e-09,0.9993679422716606,-3.349228268377731e-08,-3.349228268377731e-08,1.6543612131161028e-24,445815.68154873117
1.0845175788001955,2.8505627094850793e-08,3.6884559611042717e-08,0.9993661043853331,-1.8120099474141052e-07,-1.8120099474141052e-07,4.364061388112682e-08,3.688499380263815e-08,3.688499380263815e-08,1.8910559165248814e-08,8.378932516191922e-09,8.378932516191923e-09,0.999366215039012,-3.3662756297239654e-08,-3.3662756297239654e-08,-1.654361237056817e-24,443813.3341122639
1.0868201638931896,2.8531361612970346e-08,3.690676452890527e-08,0.9993643800128237,-1.814318216122721e-07,-1.814318216122721e-07,4.368174728915227e-08,3.690706784624726e-08,3.690706784624726e-08,1.8839148856525842e-08,8.375402915934926e-09,8.375402915934925e-09,0.9993644907331173,-3.380476349665101e-08,-3.380476349665101e-08,1.6543612131944296e-24,441819.69647673896
1.0891227489861837,2.8556998604839726e-08,3.692882376663752e-08,0.9993626585788875,-1.8160383577124187e-07,-1.8160383577124187e-07,4.372272795237407e-08,3.692892146116543e-08,3.692892146116543e-08,1.8767887847065482e-08,8.371825161797796e-09,8.371825161797796e-09,0.9993627693653588,-3.388854070469178e-08,-3.388854070469178e-08,-1.187254408645606e-32,439834.7356866618
1.0914253340791777,2.8582538281170443e-08,3.695073764442015e-08,0.9993609400947592,-1.8169868562626843e-07,-1.8169868562626843e-07,4.3763556063816135e-08,3.695059418415738e-08,3.695059418415738e-08,1.869677583480066e-08,8.368199363249705e-09,8.368199363249705e-09,0.9993610509469721,-3.389573504858784e-08,-3.389573504858784e-08,-1.183351786864623e-32,437858.41897497635
1.0937279191721718,2.860798085219414e-08,3.6972506476247085e-08,0.9993592245715263,-1.8171274546419167e-07,-1.8171274546419167e-07,4.380423180943322e-08,3.6972132061506924e-08,3.6972132061506924e-08,1.8625812518270503e-08,8.364525624052947e-09,8.364525624052943e-09,0.9993593354890457,-3.382271955920333e-08,-3.382271955920333e-08,3.3087224384175633e-24,435890.7137731528
1.096030504265166,2.86333265276679e-08,3.699413056936227e-08,0.9993575120201303,-1.8165758152339978e-07,-1.8165758152339978e-07,4.3844755367418386e-08,3.699357890184275e-08,3.699357890184275e-08,1.855499759660863e-08,8.360804041694371e-09,8.360804041694368e-09,0.9993576230025221,-3.3681059245950705e-08,-3.3681059245950705e-08,3.3087224384564762e-24,433931.58772259887
1.0983330893581598,2.8658575516879935e-08,3.7015610223619736e-08,0.9993558024513672,-1.815575341732377e-07,-1.815575341732377e-07,4.388512690741676e-08,3.7014968081667404e-08,3.7014968081667404e-08,1.8484330769529785e-08,8.357034706739801e-09,8.357034706739801e-09,0.9993559134981979,-3.3495093278758744e-08,-3.3495093278758744e-08,-1.171677821562166e-32,431981.00868756237
1.1006356744511538,2.8683728028655757e-08,3.703694573075439e-08,0.9993540958758875,-1.814449594974411e-07,-1.814449594974411e-07,4.392534658963027e-08,3.703631643466575e-08,3.703631643466575e-08,1.841381173731432e-08,8.353217702098637e-09,8.353217702098634e-09,0.9993542069867247,-3.329717657442353e-08,-3.329717657442353e-08,3.308722438534131e-24,430038.944769811
1.102938259544148,2.870878427136478e-08,3.705813737354821e-08,0.9993523923041973,-1.8135405632022667e-07,-1.8135405632022667e-07,4.396541456379456e-08,3.705762133660972e-08,3.705762133660972e-08,1.8343440200790033e-08,8.349353102183429e-09,8.349353102183429e-09,0.9993525034786094,-3.312150682603384e-08,-3.312150682603384e-08,-1.163924073895141e-32,428105.364325375
1.105240844637142,2.87337444529274e-08,3.707918542487373e-08,0.9993506917466578,-1.8131447755329438e-07,-1.8131447755329438e-07,4.400533096800625e-08,3.707886145245328e-08,3.707886145245328e-08,1.827321586131132e-08,8.345440971946335e-09,8.345440971946333e-09,0.9993508029842141,-3.299773585379945e-08,-3.299773585379945e-08,1.6543612135054948e-24,426180.2359837079
1.107543429730136,2.875860878082257e-08,3.71000901465927e-08,0.9993489942134867,-1.8134590658925606e-07,-1.8134590658925606e-07,4.4045095927373336e-08,3.7100000951710074e-08,3.7100000951710074e-08,1.8203138420734383e-08,8.34148136577013e-09,8.341481365770131e-09,0.9993491055137571,-3.294554600288526e-08,-3.294554600288526e-08,-1.6543612366679955e-24,424263.52866973064
1.1098460148231302,2.878337746209596e-08,3.7120851788283e-08,0.9993472997147577,-1.814545799940145e-07,-1.814545799940145e-07,4.408470955245633e-08,3.712099633092336e-08,3.712099633092336e-08,1.8133207581388222e-08,8.337474326187039e-09,8.33747432618704e-09,0.9993474110773131,-3.297117284088251e-08,-3.297117284088251e-08,-1.6543612366294357e-24,422355.21162927256
1.1121485999161242,2.88080507033687e-08,3.714147058576121e-08,0.999345608260401,-1.816323478871766e-07,-1.816323478871766e-07,4.412417193746016e-08,3.714180454441848e-08,3.714180454441848e-08,1.8063423046040555e-08,8.333419882392505e-09,8.333419882392507e-09,0.9993457196848128,-3.3066465544131774e-08,-3.3066465544131774e-08,-1.654361236590937e-24,420455.25445856026
1.114451185009118,2.8832628710846922e-08,3.716194675936064e-08,0.9993439198602034,-1.8185838495451166e-07,-1.8185838495451166e-07,4.416348315812808e-08,3.716239092345449e-08,3.716239092345449e-08,1.7993784517857246e-08,8.329318048513711e-09,8.329318048513716e-09,0.9993440313460437,-3.321059791706911e-08,-3.321059791706911e-08,-4.9630836867646106e-24,418563.6271385686
1.1167537701021122,2.8857111690332213e-08,3.718228051191516e-08,0.9993422345238088,-1.8210317267068848e-07,-1.8210317267068848e-07,4.420264326927734e-08,3.718273544558894e-08,3.718273544558894e-08,1.792429170035395e-08,8.325168821582945e-09,8.325168821582946e-09,0.9993423460706503,-3.3374050623027846e-08,-3.3374050623027846e-08,-1.6543612365141248e-24,416680.3000752167
1.1190563551951063,2.888149984723314e-08,3.7202472026387104e-08,0.9993405522607177,-1.8233398188155648e-07,-1.8233398188155648e-07,4.4241652301901384e-08,3.7202836241821606e-08,3.7202836241821606e-08,1.7854944297338527e-08,8.32097217915397e-09,8.320972179153963e-09,0.9993406638681338,-3.3524093776008066e-08,-3.3524093776008066e-08,6.617444889054463e-24,414805.24414662295
1.1213589402881003,2.89057933865782e-08,3.722252146306226e-08,0.9993388730802875,-1.82520824802538e-07,-1.82520824802538e-07,4.428051025974529e-08,3.7222709771111067e-08,3.7222709771111067e-08,1.7785742012841336e-08,8.316728076484063e-09,8.316728076484064e-09,0.9993389847478519,-3.363073895028896e-08,-3.363073895028896e-08,-1.654361236437564e-24,412938.43075898575
1.1236615253810944,2.892999251303037e-08,3.724242895621465e-08,0.999337196991732,-1.8264179769889507e-07,-1.8264179769889507e-07,4.431921711523612e-08,3.724238768038016e-08,3.724238768038016e-08,1.7716684551031392e-08,8.312436443184281e-09,8.31243644318428e-09,0.9993373087190188,-3.367208187403648e-08,-3.367208187403648e-08,1.6543612138127314e-24,411079.8319130079
1.1259641104740885,2.8954097430903703e-08,3.726219461011791e-08,0.9993355240041213,-1.8268687505176128e-07,-1.8268687505176128e-07,4.43577728046188e-08,3.7261910995476554e-08,3.7261910995476554e-08,1.764777161611404e-08,8.308097179214209e-09,8.308097179214204e-09,0.9993356357907052,-3.363809661128965e-08,-3.363809661128965e-08,4.963083664062963e-24,409229.4202833204
1.1282666955670824,2.89781083441823e-08,3.728181849424534e-08,0.9993338541263813,-1.8265950867815878e-07,-1.8265950867815878e-07,4.439617722210572e-08,3.7281322712368114e-08,3.7281322712368114e-08,1.7579002912205838e-08,8.303710150063037e-09,8.303710150063037e-09,0.9993339659718368,-3.3532234701177434e-08,-3.3532234701177434e-08,-1.1217148016500074e-32,407387.1693140722
1.1305692806600764,2.9002025456542214e-08,3.73013006374557e-08,0.9993321873672927,-1.825758137154474e-07,-1.825758137154474e-07,4.4434430212794056e-08,3.730066015070111e-08,3.730066015070111e-08,1.751037814318027e-08,8.299275180913493e-09,8.299275180913488e-09,0.9993322992711946,-3.3370611165624594e-08,-3.3370611165624594e-08,4.963083664139008e-24,405553.0533347159
1.1328718657530705,2.9025848971376807e-08,3.732064102090001e-08,0.9993305237354901,-1.8246152776094217e-07,-1.8246152776094217e-07,4.4472531564029714e-08,3.7319948416320945e-08,3.7319948416320945e-08,1.744189701247658e-08,8.294792049523205e-09,8.294792049523203e-09,0.9993306356974132,-3.317896367734213e-08,-3.317896367734213e-08,1.6543612139648213e-24,403727.04770130484
1.1351744508460646,2.9049579091826395e-08,3.733983956930157e-08,0.9993288632394612,-1.8234734576373463e-07,-1.8234734576373463e-07,4.45104809947962e-08,3.7339196102259195e-08,3.7339196102259195e-08,1.7373559222860343e-08,8.290260477475173e-09,8.290260477475176e-09,0.9993289752589799,-3.298798748652835e-08,-3.298798748652835e-08,-3.308722461315487e-24,401909.128970189
1.1374770359390587,2.9073216020813053e-08,3.735889614014894e-08,0.999327205887544,-1.8226347515811225e-07,-1.8226347515811225e-07,4.4548278142570844e-08,3.7358393939425355e-08,3.7358393939425355e-08,1.7305364476122076e-08,8.28568011933588e-09,8.285680119335884e-09,0.9993273179642324,-3.28278905975165e-08,-3.28278905975165e-08,-3.3087224612776966e-24,400099.2751133649
1.1397796210320528,2.9096759961081872e-08,3.7377810510183433e-08,0.9993255516879259,-1.822343851913595e-07,-1.822343851913595e-07,4.458592254689897e-08,3.737751656727908e-08,3.737751656727908e-08,1.7237312472693877e-08,8.281050549101565e-09,8.281050549101561e-09,0.9993256638213575,-3.272314315062576e-08,-3.272314315062576e-08,3.3087224391842475e-24,398297.4657877836
1.1420822061250466,2.9120211115250208e-08,3.739658235834206e-08,0.9993239006486399,-1.8227465316377048e-07,-1.8227465316377048e-07,4.4623413628669837e-08,3.739652705504112e-08,3.739652705504112e-08,1.7169402911156897e-08,8.276371243091852e-09,8.276371243091852e-09,0.9993240128383869,-3.268832373040224e-08,-3.268832373040224e-08,-1.0990208206957867e-32,396503.6826753799
1.1443847912180407,2.9143569685867152e-08,3.7415211244005296e-08,0.9993222527775614,-1.8238660132919106e-07,-1.8238660132919106e-07,4.466075066370146e-08,3.741538333372936e-08,3.741538333372936e-08,1.710163548760316e-08,8.271641558138144e-09,8.271641558138144e-09,0.999322365023195,-3.272575635316987e-08,-3.272575635316987e-08,-1.0952621703424452e-32,394717.9099168107
1.1466873763110348,2.9166835875486018e-08,3.743369657894779e-08,0.9993206080824039,-1.8256008355817083e-07,-1.8256008355817083e-07,4.469793274869509e-08,3.7434045385810525e-08,3.7434045385810525e-08,1.7034009894798785e-08,8.266860703461773e-09,8.266860703461775e-09,0.9993207203834936,-3.2825297242379666e-08,-3.2825297242379666e-08,-1.6543612360211596e-24,392940.1346709047
1.1489899614040289,2.9190009886753748e-08,3.745203759073023e-08,0.9993189665707127,-1.8277441270744738e-07,-1.8277441270744738e-07,4.4734958756822955e-08,3.745248193922908e-08,3.745248193922908e-08,1.6966525821073406e-08,8.262027703976488e-09,8.262027703976484e-09,0.9993190789268255,-3.2966262344526446e-08,-3.2966262344526446e-08,3.308722439334455e-24,391170.34784496477
1.151292546497023,2.9213091922522606e-08,3.74702332742959e-08,0.9993173282498573,-1.83002041072402e-07,-1.83002041072402e-07,4.477182727903395e-08,3.7470675525183725e-08,3.7470675525183725e-08,1.6899182948827196e-08,8.257141351773294e-09,8.257141351773294e-09,0.9993174406605572,-3.31211079752184e-08,-3.31211079752184e-08,-1.0840277621567678e-32,389408.5450605732
1.153595131590017,2.9236082185991476e-08,3.748828232706078e-08,0.999315693127022,-1.832133353259675e-07,-1.832133353259675e-07,4.480853654537995e-08,3.7488625051746204e-08,3.7488625051746204e-08,1.683198095249492e-08,8.252200141069303e-09,8.252200141069302e-09,0.9993158055918689,-3.3260206017724404e-08,-3.3260206017724404e-08,1.6543612143030858e-24,387654.72794894275
1.1558977166830111,2.9258980880887194e-08,3.750618306053435e-08,0.9993140612091921,-1.8338160604772239e-07,-1.8338160604772239e-07,4.4845084317944255e-08,3.750634550111125e-08,3.750634550111125e-08,1.67649194957289e-08,8.247202179647152e-09,8.247202179647154e-09,0.9993141737277412,-3.335687380558499e-08,-3.335687380558499e-08,-1.6543612358717877e-24,385908.905914845
1.158200301776005,2.9281788211700823e-08,3.7523933277988875e-08,0.9993124325031376,-1.8348754385474314e-07,-1.8348754385474314e-07,4.488146774270159e-08,3.752386481481745e-08,3.752386481481745e-08,1.6697998227432526e-08,8.242145066288054e-09,8.242145066288053e-09,0.9993125450749375,-3.3391810742787634e-08,-3.3391810742787634e-08,1.6543612143774894e-24,384171.09857816313
1.160502886868999,2.930450438400053e-08,3.7541530102151295e-08,0.9993108070153894,-1.835223337920661e-07,-1.835223337920661e-07,4.4917683140941446e-08,3.754121852615555e-08,3.754121852615555e-08,1.663121677607657e-08,8.237025718150762e-09,8.237025718150764e-09,0.9993109196399798,-3.3356213383460924e-08,-3.3356213383460924e-08,-1.654361235797527e-24,382441.3392125953
1.1628054719619931,2.932712960485308e-08,3.75589697280467e-08,0.9993091847522082,-1.834889562451729e-07,-1.834889562451729e-07,4.495372571020122e-08,3.755844300801964e-08,3.755844300801964e-08,1.6564574741415436e-08,8.231840123193622e-09,8.231840123193622e-09,0.9993092974291173,-3.3253077332986097e-08,-3.3253077332986097e-08,-1.0654449104132218e-32,380719.6796773137
1.1651080570549872,2.9349664083402424e-08,3.757624706187333e-08,0.9993075657195396,-1.8340150846928178e-07,-1.8340150846928178e-07,4.498958908744065e-08,3.757556841583591e-08,3.757556841583591e-08,1.649807168216665e-08,8.226582978470902e-09,8.226582978470905e-09,0.9993076784482808,-3.309652022178846e-08,-3.309652022178846e-08,-3.30872246082961e-24,379006.1976195915
1.1674106421479813,2.937210803167937e-08,3.759335518428103e-08,0.9993059499229533,-1.8328269937578819e-07,-1.8328269937578819e-07,4.502526469998866e-08,3.7592612368162037e-08,3.7592612368162037e-08,1.6431707097357233e-08,8.221247152601665e-09,8.221247152601662e-09,0.9993060627030188,-3.2909278638664056e-08,-3.2909278638664056e-08,3.308722439631489e-24,377301.00717182946
1.1697132272409754,2.9394461665755704e-08,3.761028454268233e-08,0.9993043373675531,-1.831599773908381e-07,-1.831599773908381e-07,4.50607407889851e-08,3.760957520614884e-08,3.760957520614884e-08,1.636548039773203e-08,8.215822876926633e-09,8.215822876926628e-09,0.9993044501984067,-3.271883922010878e-08,-3.271883922010878e-08,4.9630836647743476e-24,375604.27503104246
1.1720158123339692,2.9416725207415664e-08,3.7627021734699054e-08,0.999302728057847,-1.830609551168838e-07,-1.830609551168838e-07,4.509600093848982e-08,3.762643729896213e-08,3.762643729896213e-08,1.6299390861787048e-08,8.210296527283388e-09,8.21029652728339e-09,0.9993028409389122,-3.2552868178087577e-08,-3.2552868178087577e-08,-1.654361235613143e-24,373916.24463090143
1.1743183974269633,2.9438898886593416e-08,3.764354772662574e-08,0.9993011219975567,-1.830088924946353e-07,-1.830088924946353e-07,4.51310219207807e-08,3.7643158433313236e-08,3.7643158433313236e-08,1.6233437569794905e-08,8.204648840032318e-09,8.204648840032322e-09,0.9993012349281999,-3.243470158813234e-08,-3.243470158813234e-08,-4.963083685788598e-24,372237.27141370875
1.1766209825199574,2.94609829448716e-08,3.765983551128885e-08,0.9992995191893413,-1.8301896695382502e-07,-1.8301896695382502e-07,4.5165770860098684e-08,3.7659679040470163e-08,3.7659679040470163e-08,1.6167619313942658e-08,8.19885256641725e-09,8.19885256641725e-09,0.9992996321688479,-3.237962490866962e-08,-3.237962490866962e-08,-1.0433849824196169e-32,370567.8688315464
1.1789235676129515,2.9482977640133913e-08,3.7675848098642675e-08,0.9992979196344293,-1.8309591363789717e-07,-1.8309591363789717e-07,4.520020278440841e-08,3.7675923535020094e-08,3.7675923535020094e-08,1.6101934514478494e-08,8.192870458508765e-09,8.192870458508762e-09,0.9992980326619736,-3.239252124332647e-08,-3.239252124332647e-08,3.3087224398147673e-24,368908.7465807144
1.1812261527059456,2.9504883251346122e-08,3.769154066369102e-08,0.9992963233322364,-1.8323337508836655e-07,-1.8323337508836655e-07,4.5234263160474827e-08,3.769180869550147e-08,3.769180869550147e-08,1.6036381280927653e-08,8.186657412344896e-09,8.186657412344899e-09,0.9992964364068584,-3.246721243360246e-08,-3.246721243360246e-08,-3.308722460573023e-24,367260.76344311365
1.1835287377989396,2.952670007910124e-08,3.7706875680337344e-08,0.9992947302803198,-1.8341503450723607e-07,-1.8341503450723607e-07,4.526790604220084e-08,3.7707264940513515e-08,3.7707264940513515e-08,1.5970957959626146e-08,8.180175601236098e-09,8.180175601236103e-09,0.9992948434009469,-3.258753178588669e-08,-3.258753178588669e-08,-4.9630836856427225e-24,365624.6178972158
1.1858313228919337,2.954842843350947e-08,3.772185420425113e-08,0.9992931404753426,-1.836173190344573e-07,-1.836173190344573e-07,4.530113170560604e-08,3.772227275834239e-08,3.772227275834239e-08,1.5905664330033162e-08,8.173425770741655e-09,8.173425770741659e-09,0.9992932536409052,-3.272990221745278e-08,-3.272990221745278e-08,-3.3087224605003884e-24,364000.2190738681
1.1881339079849276,2.9570068607950286e-08,3.773653184478804e-08,0.9992915539151827,-1.8381325275903064e-07,-1.8381325275903064e-07,4.5334006031657244e-08,3.773688204748154e-08,3.773688204748154e-08,1.5840502279588142e-08,8.166463236837748e-09,8.166463236837755e-09,0.9992916671247782,-3.286712537987848e-08,-3.286712537987848e-08,-6.617444910676297e-24,362386.37891748716
1.1904364930779217,2.9591620857756122e-08,3.775098599298147e-08,0.9992899706006547,-1.839768313227896e-07,-1.839768313227896e-07,4.53666213310164e-08,3.77511802813565e-08,3.77511802813565e-08,1.5775474592711844e-08,8.159365135225347e-09,8.15936513522535e-09,0.9992900838536127,-3.2972887350863705e-08,-3.2972887350863705e-08,-3.30872246042806e-24,360781.4883607089
1.1927390781709157,2.961308540122454e-08,3.776527482917057e-08,0.9992883905354321,-1.8408718812120424e-07,-1.8408718812120424e-07,4.539904710802433e-08,3.7765249754935125e-08,3.7765249754935125e-08,1.5710583334670434e-08,8.152189427946027e-09,8.152189427946032e-09,0.9992885038312566,-3.302608880452195e-08,-3.302608880452195e-08,-4.963083685498067e-24,359184.34386950056
1.1950416632639098,2.9634462433510418e-08,3.7779429379863577e-08,0.9992868137249243,-1.841318549148619e-07,-1.841318549148619e-07,4.5431320409828806e-08,3.777915559850463e-08,3.777915559850463e-08,1.5645829493792476e-08,8.14496694635316e-09,8.144966946353159e-09,0.9992869270632124,-3.301413739540758e-08,-3.301413739540758e-08,1.6543612149621261e-24,357594.298698251
1.197344248356904,2.9655752138484713e-08,3.779346347559317e-08,0.9992852401753118,-1.8410861781554078e-07,-1.8410861781554078e-07,4.546345769737392e-08,3.779295020228003e-08,3.779295020228003e-08,1.558121335741369e-08,8.137711337108454e-09,8.137711337108456e-09,0.9992853535557022,-3.29347639131681e-08,-3.29347639131681e-08,-1.6543612352140905e-24,356011.0558406536
1.199646833449898,2.9676954695125255e-08,3.780738282623326e-08,0.9992836698930228,-1.8402572379982678e-07,-1.8402572379982678e-07,4.549546570270939e-08,3.7806676195642864e-08,3.7806676195642864e-08,1.5516734874063953e-08,8.130428131108003e-09,8.130428131108003e-09,0.9992837833151712,-3.279619249489375e-08,-3.279619249489375e-08,-1.0072218974160683e-32,354434.4826312783
1.2019494185428918,2.9698070280320963e-08,3.7821189773094286e-08,0.9992821028845043,-1.8390045647476936e-07,-1.8390045647476936e-07,4.5527347120216014e-08,3.782036547817427e-08,3.782036547817427e-08,1.545239384852672e-08,8.123119492773326e-09,8.123119492773323e-09,0.9992822163480736,-3.261569738239222e-08,-3.261569738239222e-08,3.30872244017563e-24,352864.51429766766
1.204252003635886,2.9719099069990532e-08,3.783488534447251e-08,0.9992805391561305,-1.83756343020171e-07,-1.83756343020171e-07,4.555910306988094e-08,3.78340367904613e-08,3.78340367904613e-08,1.538819002866994e-08,8.11578627448198e-09,8.115786274481979e-09,0.9992806526607865,-3.2416801642280955e-08,-3.2416801642280955e-08,1.6543612151052341e-24,351301.11244399665
1.20655458872888,2.9740041239509e-08,3.784847007435319e-08,0.9992789787141676,-1.8361945862331476e-07,-1.8361945862331476e-07,4.559073407885996e-08,3.784769393741647e-08,3.784769393741647e-08,1.5324123140889298e-08,8.108428834844189e-09,8.108428834844189e-09,0.9992790922595778,-3.2225578325902006e-08,-3.2225578325902006e-08,-9.965240024574516e-33,349744.2485820909
1.208857173821874,2.9760896963865126e-08,3.7861944315020256e-08,0.9992774215647624,-1.8351441223660367e-07,-1.8351441223660367e-07,4.562224045643131e-08,3.786132575724169e-08,3.786132575724169e-08,1.526019290396032e-08,8.10104735115513e-09,8.10104735115513e-09,0.9992775351505954,-3.206663497652265e-08,-3.206663497652265e-08,-9.929737873410782e-33,348193.89786647935
1.2111597589148682,2.9781666417718802e-08,3.787530835325094e-08,0.999275867713938,-1.8346063299290424e-07,-1.8346063299290424e-07,4.565362243342129e-08,3.787490814462224e-08,3.787490814462224e-08,1.5196399034323857e-08,8.093641935532135e-09,8.093641935532138e-09,0.9992759813398631,-3.195939957990048e-08,-3.195939957990048e-08,-3.308722460106426e-24,346650.0367750421
1.2134623440078622,2.980234977542151e-08,3.7888562452559965e-08,0.9992743171675926,-1.8346951319382808e-07,-1.8346951319382808e-07,4.568488021291485e-08,3.7888407927829655e-08,3.7888407927829655e-08,1.5132741248052574e-08,8.08621267713845e-09,8.086212677138452e-09,0.9992744308332799,-3.191526338358822e-08,-3.191526338358822e-08,-1.6543612349650268e-24,345112.6422691392
1.2157649291008563,2.982294721102379e-08,3.790170686825235e-08,0.9992727699315007,-1.8354281433271224e-07,-1.8354281433271224e-07,4.571601398833316e-08,3.790178801899798e-08,3.790178801899798e-08,1.5069219261568027e-08,8.078759657228557e-09,8.078759657228562e-09,0.9992728836366214,-3.1935986859702844e-08,-3.1935986859702844e-08,-4.963083685141874e-24,343581.69149583037
1.2180675141938502,2.9843458898277976e-08,3.7914741852681485e-08,0.999271226011313,-1.836725513772606e-07,-1.836725513772606e-07,4.574702394975113e-08,3.791501306830897e-08,3.791501306830897e-08,1.5005832791896474e-08,8.071282954403508e-09,8.07128295440351e-09,0.9992713397555386,-3.2013583966534666e-08,-3.2013583966534666e-08,-1.6543612348945794e-24,342057.16168464744
1.2203700992868443,2.986388501063939e-08,3.792766765704892e-08,0.9992696854125576,-1.838423298353325e-07,-1.838423298353325e-07,4.577791028606127e-08,3.792805476673873e-08,3.792805476673873e-08,1.494258155675698e-08,8.063782646409528e-09,8.06378264640953e-09,0.9992697991955606,-3.213165920713682e-08,-3.213165920713682e-08,-1.6543612348594758e-24,340539.0301128007
1.2226726843798383,2.9884225721266905e-08,3.7940484532008056e-08,0.9992681481406407,-1.840299098618529e-07,-1.840299098618529e-07,4.580867318570031e-08,3.7940896019850557e-08,3.7940896019850557e-08,1.4879465274590557e-08,8.056258810741155e-09,8.056258810741151e-09,0.9992682619620943,-3.2267971733820676e-08,-3.2267971733820676e-08,3.3087224404937137e-24,339027.27409397584
1.2249752694728324,2.9904481203023374e-08,3.795319272786237e-08,0.9992666142008474,-1.8421058270838525e-07,-1.8421058270838525e-07,4.583931283688838e-08,3.7953533397009924e-08,3.7953533397009924e-08,1.4816483664568387e-08,8.048711524838992e-09,8.048711524838997e-09,0.9992667280604256,-3.2397811796935765e-08,-3.2397811796935765e-08,-4.963083685001621e-24,337521.8709750807
1.2272778545658265,2.992465162847596e-08,3.7965792494629155e-08,0.9992650835983428,-1.84360846341906e-07,-1.84360846341906e-07,4.586982942770651e-08,3.796597752668674e-08,3.796597752668674e-08,1.4753636446593222e-08,8.041140866153196e-09,8.041140866153198e-09,0.9992651974957203,-3.2497676363389383e-08,-3.2497676363389383e-08,-1.654361234754649e-24,336022.7981356239
1.2295804396588206,2.9944737169896446e-08,3.797828408205965e-08,0.9992635563381728,-1.8446183183881995e-07,-1.8446183183881995e-07,4.590022314612155e-08,3.797825142058889e-08,3.797825142058889e-08,1.4690923341298287e-08,8.033546912163195e-09,8.033546912163202e-09,0.999263670273025,-3.2548695510581364e-08,-3.2548695510581364e-08,-6.617444910038034e-24,334530.032987932
1.2318830247518144,2.996473799926162e-08,3.799066773964516e-08,0.9992620324252646,-1.8450198713996642e-07,-1.8450198713996642e-07,4.593049417999443e-08,3.799038701310939e-08,3.799038701310939e-08,1.4628344070045528e-08,8.02592974038354e-09,8.02592974038354e-09,0.9992621463972677,-3.2539316181385785e-08,-3.2539316181385785e-08,-9.579114322679498e-33,333043.55297762767
1.2341856098448085,2.998465428825364e-08,3.800294371661901e-08,0.9992605118644283,-1.844786437731326e-07,-1.844786437731326e-07,4.596064271708316e-08,3.800242045238982e-08,3.800242045238982e-08,1.4565898354923542e-08,8.018289428365364e-09,8.018289428365369e-09,0.9992606258732595,-3.246686890665657e-08,-3.246686890665657e-08,-4.963083684862663e-24,331563.3355841794
1.2364881949378026,3.000448620826043e-08,3.8015112261957045e-08,0.9992589946603568,-1.8439826914212898e-07,-1.8439826914212898e-07,4.599066894504427e-08,3.801438685313251e-08,3.801438685313251e-08,1.4503585918745571e-08,8.010626053696613e-09,8.010626053696613e-09,0.9992591087056937,-3.2337820094300804e-08,-3.2337820094300804e-08,-9.509961537439007e-33,330089.3583214696
1.2387907800307967,3.0024233930376175e-08,3.8027173624377836e-08,0.9992574808176277,-1.8427539514032488e-07,-1.8427539514032488e-07,4.602057305143375e-08,3.802631527754077e-08,3.802631527754077e-08,1.4441406485047252e-08,8.002939694001661e-09,8.002939694001661e-09,0.9992575948991486,-3.216670064281354e-08,-3.216670064281354e-08,-9.475508059516581e-33,328621.5987383589
1.2410933651237908,3.004389762540175e-08,3.8039128052342654e-08,0.9992559703407028,-1.8413041350478837e-07,-1.8413041350478837e-07,4.60503552237078e-08,3.8038224660959553e-08,3.8038224660959553e-08,1.4379359778084536e-08,7.9952304269409e-09,7.995230426940902e-09,0.999256084458087,-3.197390129541775e-08,-3.197390129541775e-08,-1.654361234547192e-24,327160.03441923944
1.2433959502167848,3.0063477463845286e-08,3.805097579405549e-08,0.9992544632339306,-1.8398657449868933e-07,-1.8398657449868933e-07,4.60800156492236e-08,3.805012125071653e-08,3.805012125071653e-08,1.4317445522831546e-08,7.98749833021021e-09,7.987498330210207e-09,0.999254577386858,-3.178267132246736e-08,-3.178267132246736e-08,3.3087224408052623e-24,325704.6429845856
1.2456985353097787,3.0082973615922615e-08,3.8062717097463026e-08,0.9992529595015456,-1.838666401018843e-07,-1.838666401018843e-07,4.610955451523993e-08,3.806199788671856e-08,3.806199788671856e-08,1.4255663444978474e-08,7.979743481540404e-09,7.979743481540411e-09,0.9992530736896968,-3.16157717120322e-08,-3.16157717120322e-08,-6.617444909796864e-24,324255.40209149086
1.2480011204027728,3.0102386251557844e-08,3.807435221025451e-08,0.9992514591476701,-1.8378967033812274e-07,-1.8378967033812274e-07,4.6138972008917905e-08,3.8073835199296884e-08,3.8073835199296884e-08,1.4194013270929342e-08,7.971965958696663e-09,7.971965958696664e-09,0.9992515733707268,-3.1492261497104706e-08,-3.1492261497104706e-08,-1.6543612344445733e-24,322812.28943419433
1.2503037054957669,3.0121715540383775e-08,3.808588137986175e-08,0.9992499621763147,-1.8376839446905393e-07,-1.8376839446905393e-07,4.616826831732154e-08,3.808560450769062e-08,3.808560450769062e-08,1.4132494727800008e-08,7.964165839477978e-09,7.964165839477977e-09,0.9992500764339588,-3.142486894960692e-08,-3.142486894960692e-08,1.6543612158015777e-24,321375.2827446032
1.252606290588761,3.014096165174242e-08,3.8097304853459e-08,0.9992484685913793,-1.8380752256272725e-07,-1.8380752256272725e-07,4.619744362741838e-08,3.8097271987185736e-08,3.8097271987185736e-08,1.4071107543415906e-08,7.956343201716577e-09,7.956343201716577e-09,0.9992485828832939,-3.141830314889125e-08,-3.141830314889125e-08,-9.27052025797107e-33,319944.3597928004
1.254908875681755,3.016012475468541e-08,3.8108622877962844e-08,0.9992469783966533,-1.8390320968658544e-07,-1.8390320968658544e-07,4.6226498126080126e-08,3.810880349049094e-08,3.810880349049094e-08,1.4009851446309955e-08,7.948498123277436e-09,7.948498123277433e-09,0.999247092722522,-3.146871817473407e-08,-3.146871817473407e-08,3.3087224409754644e-24,318519.4983875468
1.257211460774749,3.01792050179744e-08,3.81198357000321e-08,0.9992454915958175,-1.840437210816962e-07,-1.840437210816962e-07,4.625543200008315e-08,3.8120169341993196e-08,3.8120169341993196e-08,1.3948726165720466e-08,7.940630682057696e-09,7.940630682057696e-09,0.9992456059553246,-3.1564378281567806e-08,-3.1564378281567806e-08,-9.202855551230361e-33,317100.67637677153
1.2595140458677432,3.019820261008144e-08,3.813094356606767e-08,0.9992440081924441,-1.842111771034043e-07,-1.842111771034043e-07,4.628424543610907e-08,3.813134843819556e-08,3.813134843819556e-08,1.3887731431588948e-08,7.93274095598623e-09,7.932740955986232e-09,0.9992441225852747,-3.168740283913361e-08,-3.168740283913361e-08,-1.654361234275204e-24,315687.8716480561
1.261816630960737,3.0217117699189315e-08,3.814194672221242e-08,0.9992425281899975,-1.8438411069346311e-07,-1.8438411069346311e-07,4.6312938620745256e-08,3.8142331102922055e-08,3.8142331102922055e-08,1.3826866974557995e-08,7.92482902302311e-09,7.924829023023105e-09,0.9992426426158376,-3.181632380461344e-08,-3.181632380461344e-08,4.9630836661826405e-24,314281.06212910806
1.2641192160537311,3.0235950453191926e-08,3.8152845414351006e-08,0.9992410515918356,-1.845404679309767e-07,-1.845404679309767e-07,4.634151174048538e-08,3.8153120326126236e-08,3.8153120326126236e-08,1.3766132525969166e-08,7.91689496115908e-09,7.91689496115908e-09,0.9992411660503718,-3.192908627357268e-08,-3.192908627357268e-08,-9.101986099460454e-33,312880.2257882257
1.2664218011467252,3.0254701039694594e-08,3.816363988810971e-08,0.9992395784012102,-1.8466062964323893e-07,-1.8466062964323893e-07,4.6369964981729813e-08,3.8163731252477334e-08,3.8163731252477334e-08,1.3705527817860842e-08,7.908938848415111e-09,7.908938848415115e-09,0.9992396928921299,-3.20060700908001e-08,-3.20060700908001e-08,-3.308722459280642e-24,311485.3406347563
1.2687243862397193,3.027336962601445e-08,3.8174330388856263e-08,0.999238108621268,-1.847300423080681e-07,-1.847300423080681e-07,4.639829853078619e-08,3.8174189017906984e-08,3.8174189017906984e-08,1.3645052582966122e-08,7.90096076284181e-09,7.900960762841816e-09,0.9992382231442593,-3.203272075264303e-08,-3.203272075264303e-08,-6.617444909459381e-24,310096.3847195428
1.2710269713327134,3.0291956379180774e-08,3.818491716169964e-08,0.9992366422550515,-1.8474111219014435e-07,-1.8474111219014435e-07,4.6426512573869745e-08,3.818452526676168e-08,3.818452526676168e-08,1.358470655471071e-08,7.892960782518865e-09,7.892960782518865e-09,0.999236756809803,-3.200144354334579e-08,-3.200144354334579e-08,-9.0018733870383e-33,308713.33613536414
1.2733295564257074,3.0310461465935436e-08,3.819540045148986e-08,0.9992351793054992,-1.8469412173626183e-07,-1.8469412173626183e-07,4.6454607297103826e-08,3.81947738394021e-08,3.81947738394021e-08,1.352448946721072e-08,7.884938985554428e-09,7.884938985554427e-09,0.9992352938917005,-3.191251993030238e-08,-3.191251993030238e-08,1.654361216137384e-24,307336.1730173666
1.2756321415187013,3.0328885052733306e-08,3.8205780502817783e-08,0.9992337197754473,-1.8459707299119223e-07,-1.8459707299119223e-07,4.648258288652025e-08,3.820496623253479e-08,3.820496623253479e-08,1.3464401055270641e-08,7.876895450084477e-09,7.876895450084477e-09,0.9992338343927888,-3.1773950979921095e-08,-3.1773950979921095e-08,-8.93555384493503e-33,305964.8735434871
1.2779347266116954,3.034722730574273e-08,3.821605756001486e-08,0.9992322636676298,-1.8446449927526335e-07,-1.8446449927526335e-07,4.65104395280597e-08,3.821512744125266e-08,3.821512744125266e-08,1.3404441054381142e-08,7.868830254272132e-09,7.868830254272125e-09,0.9992323783158026,-3.160026903520392e-08,-3.160026903520392e-08,6.6174448915217e-24,304599.41593486763
1.2802373117046895,3.036548839084598e-08,3.82262318671529e-08,0.9992308109846796,-1.8431543333953798e-07,-1.8431543333953798e-07,4.6538177407572074e-08,3.822527273098562e-08,3.822527273098562e-08,1.3344609200717024e-08,7.86074347630692e-09,7.860743476306923e-09,0.9992309256633752,-3.1410505870926364e-08,-3.1410505870926364e-08,-3.308722459081684e-24,303239.7784562628
1.2825398967976835,3.0383668473639763e-08,3.823630366804384e-08,0.9992293617291289,-1.841708174212712e-07,-1.841708174212712e-07,4.656579671081687e-08,3.823540575085249e-08,3.823540575085249e-08,1.3284905231135067e-08,7.852635194404079e-09,7.852635194404077e-09,0.9992294764380399,-3.1225602749095825e-08,-3.1225602749095825e-08,1.6543612162693447e-24,301885.93941643887
1.2848424818906776,3.040176771943571e-08,3.8246273206239455e-08,0.9992279159034106,-1.8405071318013066e-07,-1.8405071318013066e-07,4.659329762346346e-08,3.8245518209779894e-08,3.8245518209779894e-08,1.3225328883171943e-08,7.844505486803742e-09,7.844505486803744e-09,0.9992280306422303,-3.1065620355172846e-08,-3.1065620355172846e-08,-1.654361233909988e-24,300537.8771685639
1.2871450669836717,3.041978629326088e-08,3.8256140725031106e-08,0.9992264735098587,-1.8397168160975102e-07,-1.8397168160975102e-07,4.662068033109146e-08,3.82555911286895e-08,3.82555911286895e-08,1.3165879895042023e-08,7.836354431770228e-09,7.836354431770226e-09,0.9992265882782809,-3.09471187096266e-08,-3.09471187096266e-08,1.6543612163348152e-24,299195.5701105932
1.2894476520766656,3.04377243598582e-08,3.8265906467449475e-08,0.9992250345507088,-1.8394467252724116e-07,-1.8394467252724116e-07,4.6647945019190975e-08,3.826559747384928e-08,3.826559747384928e-08,1.3106558005635417e-08,7.828182107591277e-09,7.828182107591277e-09,0.9992251493484282,-3.088104665744326e-08,-3.088104665744326e-08,-8.738633004278465e-33,297858.9966856418
1.2917502371696596,3.045558208368696e-08,3.827557067626425e-08,0.9992235990280992,-1.8397368542211522e-07,-1.8397368542211522e-07,4.667509187316289e-08,3.827550579944755e-08,3.827550579944755e-08,1.3047362954515693e-08,7.819988592577291e-09,7.819988592577291e-09,0.9992237138548112,-3.087140271705822e-08,-3.087140271705822e-08,-8.706111210243229e-33,296528.1353823552
1.2940528222626537,3.0473359628923204e-08,3.8285133593983834e-08,0.9992221669440722,-1.84055358502635e-07,-1.84055358502635e-07,4.6702121078319154e-08,3.8285284408253e-08,3.8285284408253e-08,1.2988294481917976e-08,7.81177396506063e-09,7.81177396506063e-09,0.9992222817994729,-3.091482412669967e-08,-3.091482412669967e-08,-8.673674927556526e-33,295202.96473526885
1.2963554073556478,3.0491057159460186e-08,3.8294595462855046e-08,0.9992207383005735,-1.8417951429416272e-07,-1.8417951429416272e-07,4.672903281988298e-08,3.82949054808493e-08,3.82949054808493e-08,1.2929352328746617e-08,7.803538303394862e-09,7.80353830339486e-09,0.9992208531843598,-3.1001132442742537e-08,-3.1001132442742537e-08,1.6543612164647312e-24,293883.46332516155
1.2986579924486419,3.050867483890871e-08,3.830395652486282e-08,0.999219313099454,-1.843305718874702e-07,-1.843305718874702e-07,4.6755827282989095e-08,3.830434864242365e-08,3.830434864242365e-08,1.2870536236573264e-08,7.795281685954101e-09,7.795281685954106e-09,0.9992194280113236,-3.1114745788018943e-08,-3.1114745788018943e-08,-4.963083683927225e-24,292569.60977940034
1.300960577541636,3.0526212830597536e-08,3.8313217021729836e-08,0.9992178913424707,-1.8448962069719724e-07,-1.8448962069719724e-07,4.678250465268396e-08,3.831360352277386e-08,3.831360352277386e-08,1.2811845947634745e-08,7.787004191132301e-09,7.7870041911323e-09,0.9992180062821218,-3.12367526102779e-08,-3.12367526102779e-08,1.6543612165291754e-24,291261.3827722803
1.30326316263463,3.0543671297573735e-08,3.832237719491623e-08,0.9992164730312867,-1.846368790926744e-07,-1.846368790926744e-07,4.680906511392593e-08,3.832267099865713e-08,3.832267099865713e-08,1.2753281204830927e-08,7.778705897342502e-09,7.778705897342497e-09,0.9992165879984183,-3.134737031300947e-08,-3.134737031300947e-08,4.963083666773379e-24,289958.7610253553
1.305565747727624,3.056105040260304e-08,3.833143728561925e-08,0.999215058167472,-1.8475421390354912e-07,-1.8475421390354912e-07,4.683550885158546e-08,3.833156299230192e-08,3.833156299230192e-08,1.2694841751722629e-08,7.770386883016214e-09,7.77038688301621e-09,0.9992151731617839,-3.1428464761072124e-08,-3.1428464761072124e-08,3.3087224416993312e-24,288661.7233077615
1.307868332820618,3.0578350308170243e-08,3.834039753477288e-08,0.9992136467525051,-1.8482740278351548e-07,-1.8482740278351548e-07,4.686183605044525e-08,3.834030087318794e-08,3.834030087318794e-08,1.2636527332529568e-08,7.762047226602634e-09,7.762047226602634e-09,0.9992137617736977,-3.146581264442397e-08,-3.146581264442397e-08,-8.480857856884243e-33,287370.2484365365
1.310170917913612,3.0595571176479576e-08,3.834925818304748e-08,0.9992122387877727,-1.848478607337506e-07,-1.848478607337506e-07,4.688804689520042e-08,3.834891269814387e-08,3.834891269814387e-08,1.2578337692128215e-08,7.753687006567899e-09,7.7536870065679e-09,0.9992123538355472,-3.1450828001560704e-08,-3.1450828001560704e-08,-1.654361233555078e-24,286084.3152769275
1.3124735030066061,3.061271316945509e-08,3.8358019470849477e-08,0.999210834274571,-1.848136269734417e-07,-1.848136269734417e-07,4.691414157045859e-08,3.8357429653674746e-08,3.8357429653674746e-08,1.252027257604985e-08,7.745306301394384e-09,7.745306301394386e-09,0.9992109493486294,-3.13815490900438e-08,-3.13815490900438e-08,-1.6543612335233285e-24,284803.9027426969
1.3147760880996002,3.062977644874112e-08,3.836668163832094e-08,0.9992094332141066,-1.8472950768225349e-07,-1.8472950768225349e-07,4.694012026074006e-08,3.8365882163290134e-08,3.8365882163290134e-08,1.2462331730478369e-08,7.736905189579825e-09,7.736905189579822e-09,0.9992095483141515,-3.126278112896972e-08,-3.126278112896972e-08,3.3087224418265006e-24,283528.98979641753
1.3170786731925943,3.064676117570269e-08,3.837524492533923e-08,0.9992080356074966,-1.8460637681716526e-07,-1.8460637681716526e-07,4.696598315047786e-08,3.8374296148606476e-08,3.8374296148606476e-08,1.2404514902248214e-08,7.728483749636536e-09,7.72848374963654e-09,0.9992081507332313,-3.1105397115808353e-08,-3.1105397115808353e-08,-3.308722458566144e-24,282259.5554497631
1.3193812582855882,3.0663667511426005e-08,3.838370957151657e-08,0.9992066414557698,-1.8445974128818286e-07,-1.8445974128818286e-07,4.699173042401788e-08,3.8382689904686394e-08,3.8382689904686394e-08,1.2346821838842324e-08,7.720042060090571e-09,7.720042060090568e-09,0.9992067566068985,-3.092490300211656e-08,-3.092490300211656e-08,3.3087224418895677e-24,280995.5787637929
1.3216838433785822,3.068049561671892e-08,3.8392075816199735e-08,0.9992052507598672,-1.8430776556068206e-07,-1.8430776556068206e-07,4.7017362265618904e-08,3.8391071961174054e-08,3.8391071961174054e-08,1.22892522883901e-08,7.711580199480809e-09,7.711580199480813e-09,0.9992053659360947,-3.073946229588312e-08,-3.073946229588312e-08,-4.963083683609305e-24,279737.0388492267
1.3239864284715763,3.069724565211139e-08,3.8400343898469566e-08,0.999203863520643,-1.8416900950702592e-07,-1.8416900950702592e-07,4.704287885945272e-08,3.839944017424673e-08,3.839944017424673e-08,1.2231805999665286e-08,7.703098246358177e-09,7.703098246358174e-09,0.9992039787216748,-3.056763391314766e-08,-3.056763391314766e-08,3.308722441952289e-24,278483.9148667174
1.3262890135645704,3.071391777785599e-08,3.840851405714063e-08,0.999202479738865,-1.84060162936961e-07,-1.84060162936961e-07,4.706828038960412e-08,3.840778213276617e-08,3.840778213276617e-08,1.2174482722084022e-08,7.694596279284649e-09,7.694596279284644e-09,0.9992025949644072,-3.042610670839848e-08,-3.042610670839848e-08,4.9630836670895756e-24,277236.1860271139
1.3285915986575645,3.073051215392833e-08,3.8416586530760784e-08,0.9992010994152154,-1.8399405175987442e-07,-1.8399405175987442e-07,4.709356704007096e-08,3.8416076807771973e-08,3.8416076807771973e-08,1.2117282205702635e-08,7.686074376832453e-09,7.686074376832455e-09,0.999201214664975,-3.0327705636831286e-08,-3.0327705636831286e-08,-1.654361233303501e-24,275993.8315917198
1.3308941837505586,3.074702894002758e-08,3.842456155761076e-08,0.9991997225502914,-1.839781493586729e-07,-1.839781493586729e-07,4.7118738994764184e-08,3.842429721612836e-08,3.842429721612836e-08,1.2060204201215614e-08,7.677532617583182e-09,7.677532617583177e-09,0.9991998378239761,-3.027990312822985e-08,-3.027990312822985e-08,4.963083667151779e-24,274756.8308725448
1.3331967688435526,3.0763468295576864e-08,3.8432439375703734e-08,0.9991983491446065,-1.8401376190999005e-07,-1.8401376190999005e-07,4.714379643750783e-08,3.843241376269218e-08,3.843241376269218e-08,1.200324845995371e-08,7.66897108012687e-09,7.66897108012687e-09,0.9991984644419246,-3.0284004407175113e-08,-3.0284004407175113e-08,-8.135415945032749e-33,273525.1632325502
1.3354993539365465,3.0779830379723686e-08,3.844022022278494e-08,0.9991969791985901,-1.840959662941936e-07,-1.840959662941936e-07,4.716873955203901e-08,3.844039784237104e-08,3.844039784237104e-08,1.1946414733881738e-08,7.660389843061256e-09,7.660389843061255e-09,0.9991970945192508,-3.033508540305383e-08,-3.033508540305383e-08,1.6543612170015243e-24,272298.8080858897
1.3378019390295406,3.079611535134035e-08,3.844790433633119e-08,0.9991956127125893,-1.8421429298937867e-07,-1.8421429298937867e-07,4.719356852200791e-08,3.844822526982924e-08,3.844822526982924e-08,1.1889702775596592e-08,7.651788984990836e-09,7.651788984990838e-09,0.9991957280563023,-3.042267564405391e-08,-3.042267564405391e-08,-1.654361233179788e-24,271077.7448981403
1.3401045241225347,3.081232336902437e-08,3.8455491953550474e-08,0.9991942496868688,-1.8435405204031389e-07,-1.8435405204031389e-07,4.721828353097777e-08,3.8455879131282717e-08,3.8455879131282717e-08,1.1833112338325162e-08,7.643168584526108e-09,7.643168584526106e-09,0.9991943650533446,-3.053208422611199e-08,-3.053208422611199e-08,1.6543612170630345e-24,269861.9531865338
1.3424071092155287,3.08284545910988e-08,3.846298331138149e-08,0.9991928901216122,-1.8449813209592234e-07,-1.8449813209592234e-07,4.724288476242483e-08,3.846335173231477e-08,3.846335173231477e-08,1.1776643175922393e-08,7.634528720282688e-09,7.634528720282689e-09,0.9991930055105621,-3.064619885039638e-08,-3.064619885039638e-08,-1.654361233118451e-24,268651.4125201744
1.3447096943085228,3.084450917561268e-08,3.847037864649321e-08,0.999191534016922,-1.846290481543625e-07,-1.846290481543625e-07,4.726737239973826e-08,3.8470645430379184e-08,3.8470645430379184e-08,1.172029504286914e-08,7.625869470880534e-09,7.62586947088053e-09,0.9991916494280579,-3.074753356838966e-08,-3.074753356838966e-08,3.3087224422302528e-24,267446.1025202592
1.347012279401517,3.086048728034136e-08,3.847767819528446e-08,0.999190181372821,-1.8473099275495532e-07,-1.8473099275495532e-07,4.7291746626220156e-08,3.8477772276416426e-08,3.8477772276416426e-08,1.1664067694270316e-08,7.617190914943098e-09,7.617190914943095e-09,0.9991902968058556,-3.082027997381749e-08,-3.082027997381749e-08,3.3087224422607047e-24,266246.00286028563
1.3493148644945108,3.0876389062786926e-08,3.848488219388339e-08,0.9991888321892526,-1.8479165100516482e-07,-1.8479165100516482e-07,4.731600762508539e-08,3.848475252996907e-08,3.848475252996907e-08,1.1607960885852667e-08,7.608493131096462e-09,7.608493131096467e-09,0.9991889476438992,-3.085212222963125e-08,-3.085212222963125e-08,-4.9630836832392075e-24,265051.09326625697
1.3516174495875048,3.089221468017857e-08,3.84919908781471e-08,0.9991874864660814,-1.8480357490688568e-07,-1.8480357490688568e-07,4.734015557946159e-08,3.849161224434289e-08,3.849161224434289e-08,1.1551974373962816e-08,7.599776197968529e-09,7.59977619796853e-09,0.999187601942054,-3.083561139429727e-08,-3.083561139429727e-08,-1.6543612329968187e-24,263861.3535168827
1.353920034680499,3.0907964289473016e-08,3.849900448366113e-08,0.9991861442030937,-1.847649678116354e-07,-1.847649678116354e-07,4.736419067238901e-08,3.849838021767122e-08,3.849838021767122e-08,1.1496107915565414e-08,7.591040194188113e-09,7.591040194188111e-09,0.9991862597001071,-3.076894987699089e-08,-3.076894987699089e-08,1.6543612172454837e-24,262676.7634437702
1.356222619773493,3.0923638047354935e-08,3.8505923245738975e-08,0.9991848053999992,-1.8467980450983894e-07,-1.8467980450983894e-07,4.7388113086820414e-08,3.850508467542184e-08,3.850508467542184e-08,1.1440361268240868e-08,7.582285198384041e-09,7.58228519838404e-09,0.9991849209177689,-3.065611152688304e-08,-3.065611152688304e-08,1.654361217275588e-24,261497.3029316157
1.358525204866487,3.0939236110237373e-08,3.8512747399421666e-08,0.9991834700564302,-1.8455728705102424e-07,-1.8455728705102424e-07,4.741192300562101e-08,3.8511750069204703e-08,3.8511750069204703e-08,1.138473419018358e-08,7.573511289184293e-09,7.573511289184293e-09,0.9991835855946724,-3.050629745333758e-08,-3.050629745333758e-08,-7.800449269419422e-33,260322.95191838563
1.3608277899594812,3.095475863426224e-08,3.8519477179477274e-08,0.9991821381719432,-1.844107170688561e-07,-1.844107170688561e-07,4.743562061156825e-08,3.85183943551761e-08,3.85183943551761e-08,1.1329226440199818e-08,7.564718545215034e-09,7.564718545215035e-09,0.9991822537303747,-3.033280835094701e-08,-3.033280835094701e-08,-1.6543612328765737e-24,259153.69039549533
1.3631303750524753,3.097020577530072e-08,3.852611282040041e-08,0.9991808097460196,-1.8425592390519464e-07,-1.8425592390519464e-07,4.745920608735175e-08,3.8525027053286235e-08,3.8525027053286235e-08,1.1273837777705641e-08,7.555907045099694e-09,7.555907045099692e-09,0.9991809253243581,-3.0151472623592996e-08,-3.0151472623592996e-08,1.6543612173653815e-24,257989.49840798118
1.365432960145469,3.098557768895376e-08,3.8532654556411775e-08,0.9991794847780656,-1.841094394809432e-07,-1.841094394809432e-07,4.7482679615573124e-08,3.853164828910761e-08,3.853164828910761e-08,1.1218567962725145e-08,7.547076867458018e-09,7.547076867458014e-09,0.9991796003760293,-2.9978821255296093e-08,-2.9978821255296093e-08,3.3087224425011947e-24,256830.35605466762
1.3677355452384632,3.100087453055255e-08,3.853910262145766e-08,0.9991781632674137,-1.8398662957574592e-07,-1.8398662957574592e-07,4.750604137874583e-08,3.8538248910074146e-08,3.8538248910074146e-08,1.1163416755888254e-08,7.538228090905115e-09,7.538228090905115e-09,0.9991782788847215,-2.983021908991527e-08,-2.983021908991527e-08,-7.681245051054059e-33,255676.24348833098
1.3700381303314573,3.101609645515893e-08,3.854545724920948e-08,0.9991768452133227,-1.8389999296243904e-07,-1.8389999296243904e-07,4.752929155929498e-08,3.854481163861187e-08,3.854481163861187e-08,1.1108383918428872e-08,7.529360794050561e-09,7.529360794050556e-09,0.9991769608496944,-2.9718163965601106e-08,-2.9718163965601106e-08,4.963083667666505e-24,254527.14091585542
1.3723407154244514,3.103124361756589e-08,3.8551718673063255e-08,0.9991755306149788,-1.838578136974124e-07,-1.838578136974124e-07,4.7552430339557204e-08,3.8551313115447324e-08,3.8551313115447324e-08,1.1053469212182882e-08,7.520475055497362e-09,7.520475055497367e-09,0.9991756462701348,-2.965093900515938e-08,-2.965093900515938e-08,-4.963083682940329e-24,253383.02859838703
1.3746433005174454,3.104631617229799e-08,3.8557887126139135e-08,0.9991742194714961,-1.8386330775784624e-07,-1.8386330775784624e-07,4.7575457901780436e-08,3.855772658674275e-08,3.855772658674275e-08,1.0998672399586039e-08,7.51157095384115e-09,7.511570953841145e-09,0.9991743351451575,-2.96317592532897e-08,-2.96317592532897e-08,4.963083667725414e-24,252243.88685147892
1.3769458856104395,3.1061314273611796e-08,3.856396284128092e-08,0.9991729117819168,-1.839143462780591e-07,-1.839143462780591e-07,4.759837442812374e-08,3.856402492549554e-08,3.856402492549554e-08,1.0943993243672228e-08,7.502648567669125e-09,7.502648567669125e-09,0.9991730274738053,-2.9658494912935424e-08,-2.9658494912935424e-08,-7.56342802725879e-33,251109.69604523722
1.3792484707034334,3.107623807549627e-08,3.856994605105555e-08,0.9991716075452128,-1.8400377237311632e-07,-1.8400377237311632e-07,4.762118010065709e-08,3.8570183647479426e-08,3.8570183647479426e-08,1.0889431508071343e-08,7.493707975559277e-09,7.493707975559282e-09,0.999171723255051,-2.9723988168894126e-08,-2.9723988168894126e-08,-4.963083682852356e-24,249980.43660445622
1.3815510557964275,3.109108773167318e-08,3.85758369877526e-08,0.9991703067602853,-1.841202616521804e-07,-1.841202616521804e-07,4.764387510136117e-08,3.857618359111688e-08,3.857618359111688e-08,1.0834986957007392e-08,7.484749256079413e-09,7.484749256079414e-09,0.9991704224877963,-2.981691370117002e-08,-2.981691370117002e-08,-1.6543612326110945e-24,248856.08900875313
1.3838536408894215,3.1105863395597546e-08,3.85816358833838e-08,0.9991690094259661,-1.8424962046428448e-07,-1.8424962046428448e-07,4.7666459612127155e-08,3.858201297452249e-08,3.858201297452249e-08,1.0780659355296496e-08,7.475772487786252e-09,7.47577248778625e-09,0.9991691251708738,-2.99230769307493e-08,-2.99230769307493e-08,1.6543612176300806e-24,247736.633792697
1.3861562259824156,3.112056522045794e-08,3.8587342969682514e-08,0.9991677155410177,-1.8437636921804264e-07,-1.8437636921804264e-07,4.768893381475648e-08,3.8587668619870187e-08,3.8587668619870187e-08,1.0726448468344968e-08,7.466777749224566e-09,7.466777749224572e-09,0.9991678313030466,-3.002699733931258e-08,-3.002699733931258e-08,-6.617444907871218e-24,246622.05154593187
1.3884588110754097,3.113519335917695e-08,3.8592958478103254e-08,0.9991664251041344,-1.8448543361989281e-07,-1.8448543361989281e-07,4.7711297890960594e-08,3.8593156226509405e-08,3.8593156226509405e-08,1.0672354062147383e-08,7.45776511892631e-09,7.457765118926305e-09,0.9991665408830099,-3.01135997074798e-08,-3.01135997074798e-08,4.9630836679000605e-24,245512.3229132971
1.3907613961684038,3.114974796441152e-08,3.859848263982116e-08,0.9991651381139431,-1.845637585744084e-07,-1.845637585744084e-07,4.773355202236075e-08,3.8598489685668743e-08,3.8598489685668743e-08,1.061837590328466e-08,7.4487346754096434e-09,7.4487346754096434e-09,0.999165253909391,-3.016982801512377e-08,-3.016982801512377e-08,-7.389300437723335e-33,244407.4285949427
1.3930639812613976,3.1164229188553376e-08,3.8603915685731506e-08,0.9991638545690029,-1.8460167377503918e-07,-1.8460167377503918e-07,4.7755696390487704e-08,3.860368952521058e-08,3.860368952521058e-08,1.0564513758921975e-08,7.439686497178133e-09,7.43968649717813e-09,0.99916397038075,-3.018601103211315e-08,-3.018601103211315e-08,3.308722442851529e-24,243307.34934644017
1.3953665663543917,3.117863718372942e-08,3.860925784644919e-08,0.9991625744678067,-1.8459387182086815e-07,-1.8459387182086815e-07,4.777773117678152e-08,3.860878067187747e-08,3.860878067187747e-08,1.051076739680712e-08,7.430620662719769e-09,7.430620662719769e-09,0.9991626902955802,-3.0156840435071405e-08,-3.0156840435071405e-08,-7.331949666812296e-33,242212.0659788869
1.3976691514473858,3.119297210180213e-08,3.86145093523082e-08,0.9991612978087812,-1.8453990336557688e-07,-1.8453990336557688e-07,4.779965656259124e-08,3.8613789779040626e-08,3.8613789779040626e-08,1.0457136585268234e-08,7.421537250506071e-09,7.42153725050607e-09,0.9991614136523093,-3.008186595634409e-08,-3.008186595634409e-08,8.27180605249624e-25,241121.5593590118
1.3999717365403799,3.120723409437001e-08,3.861967043336115e-08,0.999160024590288,-1.8444414982931243e-07,-1.8444414982931243e-07,4.7821472729174646e-08,3.861874241389138e-08,3.861874241389138e-08,1.0403621093212144e-08,7.412436338991143e-09,7.412436338991142e-09,0.9991601404492992,-2.996546809586782e-08,-2.996546809586782e-08,8.271806052780833e-25,240035.81040927113
1.402274321633374,3.122142331276799e-08,3.8624741319378746e-08,0.9991587548106239,-1.843152881633727e-07,-1.843152881633727e-07,4.784317985769798e-08,3.862366040196266e-08,3.862366040196266e-08,1.0350220690122402e-08,7.403318006610753e-09,7.403318006610754e-09,0.9991588706848479,-2.981632288585772e-08,-2.981632288585772e-08,-8.271806197995986e-25,238954.80010794234
1.404576906726368,3.12355399080679e-08,3.862972223984925e-08,0.9991574884680215,-1.8416531669200362e-07,-1.8416531669200362e-07,4.786477812923565e-08,3.8628559605139266e-08,3.8628559605139266e-08,1.0296935146057232e-08,7.394182331781353e-09,7.394182331781348e-09,0.9991576043571883,-2.9646427732606618e-08,-2.9646427732606618e-08,4.963083668099883e-24,237878.5094892141
1.4068794918193621,3.124958403107888e-08,3.8634613423978015e-08,0.9991562255606499,-1.8400825412303983e-07,-1.8400825412303983e-07,4.788626772476993e-08,3.863344835620085e-08,3.863344835620085e-08,1.0243764231647821e-08,7.3850293928991324e-09,7.385029392899133e-09,0.9991563414644902,-2.9469800427127773e-08,-2.9469800427127773e-08,-8.271806197431104e-25,236806.9196432725
1.409182076912356,3.1263555832347866e-08,3.863941510068693e-08,0.9991549660866149,-1.8385865462334533e-07,-1.8385865462334533e-07,4.7907648825190656e-08,3.86383267004435e-08,3.86383267004435e-08,1.0190707718096256e-08,7.375859268339065e-09,7.375859268339062e-09,0.9991550820048603,-2.9300994220597618e-08,-2.9300994220597618e-08,2.481541830497115e-24,235740.01171638173
1.41148466200535,3.1277455462160015e-08,3.8644127498613934e-08,0.9991537100439604,-1.8373009718724894e-07,-1.8373009718724894e-07,4.792892161129496e-08,3.864318650559995e-08,3.864318650559995e-08,1.0137765377173786e-08,7.366672036453919e-09,7.3666720364539195e-09,0.9991538259763428,-2.9153587192793204e-08,-2.9153587192793204e-08,-8.271806196869666e-25,234677.76691096215
1.4137872470983441,3.129128307053915e-08,3.8648750846112484e-08,0.999152457430668,-1.8363380535664912e-07,-1.8363380535664912e-07,4.79500862637869e-08,3.8648012413281854e-08,3.8648012413281854e-08,1.0084936981218774e-08,7.357467775573327e-09,7.3574677755733345e-09,0.9991525733769205,-2.9038801972199183e-08,-2.9038801972199183e-08,-7.444625520083245e-24,233620.16648566487
1.4160898321913382,3.1305038807248214e-08,3.8653285371251064e-08,0.9991512082446586,-1.8357753529732194e-07,-1.8357753529732194e-07,4.797114296327718e-08,3.865278351550903e-08,3.865278351550903e-08,1.0032222303134925e-08,7.348246564002852e-09,7.34824656400285e-09,0.9991513242045148,-2.896439381231769e-08,-2.896439381231769e-08,1.6543612180279164e-24,232567.19175544012
1.4183924172843323,3.131872282178969e-08,3.865773130181265e-08,0.9991499624837921,-1.835648399206825e-07,-1.835648399206825e-07,4.799209189028279e-08,3.865747557297933e-08,3.865747557297933e-08,9.979621116389352e-09,7.339008480022957e-09,7.339008480022954e-09,0.999150078456986,-2.8933914713431915e-08,-2.8933914713431915e-08,2.4815418306087155e-24,231518.82409160517
1.4206950023773264,3.133233526340604e-08,3.8662088865294184e-08,0.9991487201458682,-1.8359477342784528e-07,-1.8359477342784528e-07,4.8012933225226725e-08,3.866206353648176e-08,3.866206353648176e-08,9.927133195010729e-09,7.329753601888152e-09,7.329753601888143e-09,0.9991488361321348,-2.8946417966668546e-08,-2.8946417966668546e-08,9.098986731060622e-24,230475.0449219054
1.4229975874703202,3.134587628108008e-08,3.8666358288906115e-08,0.9991474812286274,-1.83662057095796e-07,-1.83662057095796e-07,4.8033667148437596e-08,3.866652411199756e-08,3.866652411199756e-08,9.874758313587437e-09,7.320482007826046e-09,7.320482007826039e-09,0.9991475972277023,-2.899662394017154e-08,-2.899662394017154e-08,7.444625505982167e-24,229435.83573057415
1.4253001725633143,3.135934602353543e-08,3.867053979957183e-08,0.999146245729751,-1.8375767662930846e-07,-1.8375767662930846e-07,4.805429384014932e-08,3.867083810902942e-08,3.867083810902942e-08,9.822496247265634e-09,7.311193776036403e-09,7.311193776036403e-09,0.9991463617413704,-2.9075517431021143e-08,-2.9075517431021143e-08,-6.967568281363531e-33,228401.17805838695
1.4276027576563084,3.137274463923687e-08,3.8674633623927155e-08,0.9991450136468619,-1.8386984240203432e-07,-1.8386984240203432e-07,4.807481348050076e-08,3.867499234105075e-08,3.867499234105075e-08,9.77034677174746e-09,7.301888984690288e-09,7.301888984690286e-09,0.9991451296707627,-2.9171307906325696e-08,-2.9171307906325696e-08,2.4815418307189434e-24,227371.05350271403
1.4299053427493025,3.1386072276390785e-08,3.8678639988319855e-08,0.9991437849775254,-1.8398520670367566e-07,-1.8398520670367566e-07,4.809522624953538e-08,3.86789808975307e-08,3.86789808975307e-08,9.718309663289164e-09,7.292567711929074e-09,7.29256771192907e-09,0.9991439010134454,-2.927064675039624e-08,-2.927064675039624e-08,4.135903055852342e-24,226345.44371756772
1.4322079278422966,3.13993290829455e-08,3.8682559118809114e-08,0.9991425597192494,-1.8409021164701067e-07,-1.8409021164701067e-07,4.811553232720086e-08,3.868280567295874e-08,3.868280567295874e-08,9.666384698699269e-09,7.283230035863616e-09,7.2832300358636135e-09,0.9991426757669267,-2.9359975171774213e-08,-2.9359975171774213e-08,2.4815418307735444e-24,225324.33041364697
1.4345105129352906,3.141251520659172e-08,3.868639124116502e-08,0.9991413378694848,-1.841724308844466e-07,-1.841724308844466e-07,4.813573189334878e-08,3.8686476115554405e-08,3.8686476115554405e-08,9.614571655336713e-09,7.273876034573294e-09,7.2738760345733005e-09,0.9991414539286585,-2.9426865919786516e-08,-2.9426865919786516e-08,-6.617444907282587e-24,224307.69535837928
1.4368130980282845,3.1425630794762876e-08,3.869013658086805e-08,0.9991401194256269,-1.8422177341071793e-07,-1.8422177341071793e-07,4.8155825127734195e-08,3.869000823615283e-08,3.869000823615283e-08,9.562870311109038e-09,7.264505786105176e-09,7.264505786105176e-09,0.9991402354960366,-2.946122708724572e-08,-2.946122708724572e-08,-6.831279365900653e-33,223295.52037595698
1.4391156831212786,3.1438675994635585e-08,3.869379536310857e-08,0.9991389043850147,-1.842314345924025e-07,-1.842314345924025e-07,4.817581221001531e-08,3.869342298849911e-08,3.869342298849911e-08,9.511280444470449e-09,7.255119368472984e-09,7.2551193684729865e-09,0.9991390204664008,-2.945625313996821e-08,-2.945625313996821e-08,-2.4815418444633604e-24,222287.7873473732
1.4414182682142727,3.145165095313e-08,3.869736781278633e-08,0.9991376927449327,-1.8419850821635705e-07,-1.8419850821635705e-07,4.819569331975307e-08,3.8696744192668626e-08,3.8696744192668626e-08,9.45980183442018e-09,7.245716859656326e-09,7.245716859656325e-09,0.9991378088370362,-2.9409036965211745e-08,-2.9409036965211745e-08,8.2718060577566715e-25,221284.47821045195
1.4437208533072667,3.146455581691025e-08,3.870085415450991e-08,0.9991364845026104,-1.841242076435877e-07,-1.841242076435877e-07,4.82154686364108e-08,3.869999621163017e-08,3.869999621163017e-08,9.40843426050054e-09,7.236298337599662e-09,7.23629833759966e-09,0.9991366006051728,-2.932079102554806e-08,-2.932079102554806e-08,1.6543612183555267e-24,220285.57495987686
1.4460234384002608,3.1477390732384844e-08,3.8704254612596285e-08,0.9991352796552236,-1.840136851681513e-07,-1.840136851681513e-07,4.8235138339353803e-08,3.8703201611503314e-08,3.8703201611503314e-08,9.357177502795139e-09,7.22686388021144e-09,7.226863880211441e-09,0.9991353957679875,-2.9196666717766163e-08,-2.9196666717766163e-08,-1.654361231829837e-24,219291.05964721474
1.448326023493255,3.1490155845707115e-08,3.870756941107025e-08,0.9991340781998946,-1.8387547549058692e-07,-1.8387547549058692e-07,4.825470260784897e-08,3.870637903110642e-08,3.870637903110642e-08,9.306031341927046e-09,7.217413565363132e-09,7.2174135653631326e-09,0.9991341943226029,-2.9045197846305935e-08,-2.9045197846305935e-08,-8.27180619250147e-25,218300.9143809379
1.450628608586249,3.150285130277564e-08,3.871079877366395e-08,0.9991328801336925,-1.8372062719291861e-07,-1.8372062719291861e-07,4.8274161621064384e-08,3.8709541460633944e-08,3.8709541460633944e-08,9.254995559057004e-09,7.207947470888306e-09,7.207947470888307e-09,0.9991329962660889,-2.8877432098262816e-08,-2.8877432098262816e-08,-8.271806192235695e-25,217315.12132644272
1.4529311936792428,3.151547724923468e-08,3.871394292381638e-08,0.9991316854536341,-1.8356161127048068e-07,-1.8356161127048068e-07,4.829351555806892e-08,3.8712695086792895e-08,3.8712695086792895e-08,9.204069935881692e-09,7.1984656745817e-09,7.1984656745817e-09,0.9991318015954629,-2.870583957521517e-08,-2.870583957521517e-08,-6.644048994495275e-33,216333.6627060646
1.455233778772237,3.152803383047459e-08,3.871700208467285e-08,0.9991304941566843,-1.8341111694989821e-07,-1.8341111694989821e-07,4.831276459783186e-08,3.871583880135609e-08,3.871583880135609e-08,9.1532542546318e-09,7.188968254198261e-09,7.188968254198262e-09,0.9991306103076906,-2.8543108611206813e-08,-2.8543108611206813e-08,-1.654361231723696e-24,215356.52079909004
1.457536363865231,3.154052119163229e-08,3.871997647908451e-08,0.9991293062397567,-1.8328085062645995e-07,-1.8328085062645995e-07,4.833190891922246e-08,3.8718964408205466e-08,3.8718964408205466e-08,9.10254829807038e-09,7.179455287452219e-09,7.1794552874522215e-09,0.9991294223996862,-2.8400944710121903e-08,-2.8400944710121903e-08,-2.4815418442503998e-24,214383.6779417663
1.459838948958225,3.155293947759168e-08,3.8722866329607855e-08,0.999128121699714,-1.8318045129135315e-07,-1.8318045129135315e-07,4.8350948701009547e-08,3.872205749391989e-08,3.872205749391989e-08,9.051951849490992e-09,7.169926852016173e-09,7.169926852016175e-09,0.999128237868313,-2.828898597292173e-08,-2.828898597292173e-08,-1.6543612316711325e-24,213415.1165273087
1.4621415340512192,3.1565288832984056e-08,3.872567185850419e-08,0.9991269405333685,-1.8311662109449628e-07,-1.8311662109449628e-07,4.83698841218611e-08,3.872509886802563e-08,3.872509886802563e-08,9.001464692715874e-09,7.160383025520127e-09,7.1603830255201355e-09,0.999127056710384,-2.821393366047951e-08,-2.821393366047951e-08,-8.271806132069199e-24,212450.81900590262
1.4644441191442132,3.157756940218854e-08,3.872839328773917e-08,0.9991257627374827,-1.8309254702439908e-07,-1.8309254702439908e-07,4.838871536034385e-08,3.872806642663495e-08,3.872806642663495e-08,8.951086612094303e-09,7.150823885550628e-09,7.150823885550628e-09,0.9991258789226625,-2.8178973873442414e-08,-2.8178973873442414e-08,-6.512850669482679e-33,211490.76788470504
1.466746704237207,3.15897813293325e-08,3.873103083898229e-08,0.9991245883087696,-1.8310766010747396e-07,-1.8310766010747396e-07,4.840744259492284e-08,3.873093725773036e-08,3.873093725773036e-08,8.90081739250076e-09,7.141249509649788e-09,7.1412495096497924e-09,0.9991247045018621,-2.81835367515448e-08,-2.81835367515448e-08,-4.135903069252002e-24,210534.94572784303
1.4690492893302012,3.160192475829194e-08,3.873358473360639e-08,0.9991234172438939,-1.8315774659266245e-07,-1.8315774659266245e-07,4.8426066003961005e-08,3.873368978859509e-08,3.873368978859509e-08,8.850656819333124e-09,7.131659975314444e-09,7.131659975314447e-09,0.9991235334446481,-2.8223407658236895e-08,-2.8223407658236895e-08,-3.308722456673071e-24,209583.33515640712
1.4713518744231953,3.161399983269193e-08,3.873605519268716e-08,0.9991222495394712,-1.8323539171106452e-07,-1.8323539171106452e-07,4.844458576571873e-08,3.8736305776615894e-08,3.8736305776615894e-08,8.800604678511014e-09,7.122055359995228e-09,7.122055359995233e-09,0.9991223657476367,-2.829117094031587e-08,-2.829117094031587e-08,-4.963083681753307e-24,208635.91884844552
1.4736544595161893,3.1626006695906967e-08,3.8738442437002675e-08,0.9991210851920699,-1.8333070798495562e-07,-1.8333070798495562e-07,4.846300205835344e-08,3.8738771963648655e-08,3.8738771963648655e-08,8.750660756473921e-09,7.112435741095711e-09,7.112435741095709e-09,0.9991212014073972,-2.8376938236944924e-08,-2.8376938236944924e-08,2.481541831249678e-24,207692.67953895289
1.4759570446091834,3.1637945491061396e-08,3.8740746687032865e-08,0.9991199241982108,-1.8343227393714024e-07,-1.8343227393714024e-07,4.848131505991917e-08,3.874108125036567e-08,3.874108125036567e-08,8.70082484017962e-09,7.1028011959714694e-09,7.102801195971469e-09,0.9991200404204509,-2.8469287189008782e-08,-2.8469287189008782e-08,8.271806061692746e-25,206753.60001985834
1.4782596297021775,3.1649816361029804e-08,3.874296816295906e-08,0.9991187665543682,-1.8352819357188677e-07,-1.8352819357188677e-07,4.8499524948366104e-08,3.874323329202001e-08,3.874323329202001e-08,8.651096717102284e-09,7.093151801929261e-09,7.093151801929258e-09,0.9991188827832727,-2.8556320920050526e-08,-2.8556320920050526e-08,3.308722443853926e-24,205818.66314000796
1.4805622147951716,3.1661619448437384e-08,3.874510708466351e-08,0.9991176122569694,-1.8360717729132464e-07,-1.8360717729132464e-07,4.851763190154013e-08,3.874523447512705e-08,3.874523447512705e-08,8.601476175230796e-09,7.083487636226128e-09,7.083487636226125e-09,0.9991177284922906,-2.8626748952670603e-08,-2.8626748952670603e-08,3.308722443879412e-24,204887.85180514937
1.4828647998881654,3.1673354895660337e-08,3.874716367172887e-08,0.9991164613023964,-1.8365954681016553e-07,-1.8365954681016553e-07,4.853563609718244e-08,3.87470972873424e-08,3.87470972873424e-08,8.551963003067125e-09,7.073808776068528e-09,7.073808776068533e-09,0.9991165775438874,-2.8670892123250055e-08,-2.8670892123250055e-08,-4.9630836816254625e-24,203961.14897790927
1.4851673849811595,3.168502284482628e-08,3.874913814343775e-08,0.9991153136869856,-1.8367807579855073e-07,-1.8367807579855073e-07,4.855353771292904e-08,3.87488391512739e-08,3.87488391512739e-08,8.502556989624433e-09,7.064115298611486e-09,7.064115298611476e-09,0.9991154299344001,-2.868152322479972e-08,-2.868152322479972e-08,9.926167344354355e-24,203038.5376777705
1.4874699700741536,3.169662343781464e-08,3.8751030718772244e-08,0.9991141694070287,-1.8365859512848572e-07,-1.8365859512848572e-07,4.857133692631032e-08,3.8750480835328435e-08,3.8750480835328435e-08,8.453257924425508e-09,7.054407280957606e-09,7.054407280957605e-09,0.9991142856601208,-2.865447225339674e-08,-2.865447225339674e-08,8.271806062962853e-25,202120.00098104766
1.4897725551671477,3.170815681625704e-08,3.8752841616413426e-08,0.9991130284587727,-1.8360031494682677e-07,-1.8360031494682677e-07,4.85890339147506e-08,3.875204459246859e-08,3.875204459246859e-08,8.404065597500958e-09,7.044684800156383e-09,7.0446848001563835e-09,0.9991131447172975,-2.858894848117307e-08,-2.858894848117307e-08,-8.271806187846171e-25,201205.52202085784
1.4920751402601418,3.171962312153773e-08,3.875457105474089e-08,0.999111890838421,-1.8350584184278053e-07,-1.8350584184278053e-07,4.8606628855567685e-08,3.8753552196400736e-08,3.8753552196400736e-08,8.35497979938756e-09,7.034947933203154e-09,7.03494793320316e-09,0.9991120071021342,-2.8487557623816966e-08,-2.8487557623816966e-08,-6.61744490663074e-24,200295.08398709135
1.4943777253531358,3.1731022494793974e-08,3.8756219251832285e-08,0.9991107565421333,-1.8338089702541204e-07,-1.8338089702541204e-07,4.8624121925972396e-08,3.875502305053758e-08,3.875502305053758e-08,8.306000321126519e-09,7.02519675703831e-09,7.025196757038312e-09,0.999110872810791,-2.8356020018082895e-08,-2.8356020018082895e-08,-1.6543612312875875e-24,199388.67012637825
1.4966803104461297,3.174235507691649e-08,3.8757786425462856e-08,0.9991096255660262,-1.8323376769229063e-07,-1.8323376769229063e-07,4.864151330306814e-08,3.875647253393799e-08,3.875647253393799e-08,8.257126954261824e-09,7.015431348546363e-09,7.015431348546364e-09,0.9991097418393855,-2.8202621990439205e-08,-2.8202621990439205e-08,-8.271806187096545e-25,198486.2637420542
1.4989828955391238,3.175362100854987e-08,3.8759272793104944e-08,0.9991084979061742,-1.830745456137674e-07,-1.830745456137674e-07,4.8658803163850397e-08,3.875791072427436e-08,3.875791072427436e-08,8.208359490838543e-09,7.005651784555076e-09,7.005651784555077e-09,0.9991086141839925,-2.8037454441347636e-08,-2.8037454441347636e-08,-8.271806186848321e-25,197587.84819412217
1.5012854806321179,3.176482043009294e-08,3.876067857192757e-08,0.9991073735586093,-1.829142246142064e-07,-1.829142246142064e-07,4.867599168520633e-08,3.875934160062918e-08,3.875934160062918e-08,8.15969772340113e-09,6.9958581418346286e-09,6.995858141834628e-09,0.999107489840645,-2.7871510326496124e-08,-2.7871510326496124e-08,8.271806064459634e-25,196693.40689921414
1.503588065725112,3.177595348169929e-08,3.8762003978795934e-08,0.9991062525193221,-1.8276373806843561e-07,-1.8276373806843561e-07,4.869307904391425e-08,3.876076278656889e-08,3.876076278656889e-08,8.111141444991711e-09,6.986050497096647e-09,6.986050497096647e-09,0.999106368805334,-2.7715722153251877e-08,-2.7715722153251877e-08,-6.0824061630841355e-33,195802.92333054892
1.505890650818106,3.178702030327757e-08,3.8763249230271e-08,0.999105134784262,-1.8263302092481695e-07,-1.8263302092481695e-07,4.871006541664322e-08,3.876216584341668e-08,3.876216584341668e-08,8.062690449148532e-09,6.976228926993424e-09,6.976228926993429e-09,0.9991052510740097,-2.7580024003732947e-08,-2.7580024003732947e-08,-4.963083681375996e-24,194916.38101788808
1.5081932359111,3.1798021034492023e-08,3.8764414542609003e-08,0.9991040203493378,-1.8253017596875019e-07,-1.8253017596875019e-07,4.872695097995252e-08,3.8763537079303735e-08,3.8763537079303735e-08,8.014344529904188e-09,6.966393508116985e-09,6.96639350811698e-09,0.9991041366425814,-2.7472517798314172e-08,-2.7472517798314172e-08,4.9630836692848296e-24,194033.7635474906
1.5104958210040942,3.18089558147628e-08,3.8765500131761015e-08,0.9991029092104179,-1.8246081270570062e-07,-1.8246081270570062e-07,4.874373591029124e-08,3.876485879276124e-08,3.876485879276124e-08,7.966103481783972e-09,6.956544316998222e-09,6.956544316998217e-09,0.9991030255069183,-2.739881217865656e-08,-2.739881217865656e-08,4.9630836693092424e-24,193155.05456206464
1.512798406097088,3.181982478326642e-08,3.8766506213372497e-08,0.999101801363331,-1.8242761116117077e-07,-1.8242761116117077e-07,4.876042038399777e-08,3.876611083821347e-08,3.876611083821347e-08,7.917967099804338e-09,6.946681430106076e-09,6.946681430106076e-09,0.9991019176628497,-2.7361586307680785e-08,-2.7361586307680785e-08,-5.9845930988872855e-33,192280.23776071714
1.5151009911900821,3.183062807893619e-08,3.8767433002782855e-08,0.9991006968038666,-1.824301414680322e-07,-1.824301414680322e-07,4.8777004577299344e-08,3.8767272373123565e-08,3.8767272373123565e-08,7.869935179470993e-09,6.936804923846661e-09,6.936804923846668e-09,0.9991008131061656,-2.736040945690077e-08,-2.736040945690077e-08,-6.617444906384566e-24,191409.29689890222
1.5174035762830762,3.1841365840462533e-08,3.8768280715024997e-08,0.9990995955277749,-1.824649486776872e-07,-1.824649486776872e-07,4.879348866631156e-08,3.87683236368825e-08,3.87683236368825e-08,7.822007516777593e-09,6.926914874562455e-09,6.926914874562463e-09,0.999099711832617,-2.739182581758721e-08,-2.739182581758721e-08,-8.271806131466453e-24,190542.21578836665
1.5197061613760703,3.1852038206293477e-08,3.876904956482488e-08,0.9990984975307682,-1.8252588883691243e-07,-1.8252588883691243e-07,4.880987282703792e-08,3.876924761119e-08,3.876924761119e-08,7.774183908203851e-09,6.917011358531408e-09,6.917011358531406e-09,0.9990986138379169,-2.74496905776129e-08,-2.74496905776129e-08,1.6543612191939658e-24,189678.97829709426
1.5220087464690644,3.186264531463497e-08,3.87697397666011e-08,0.9990974028085203,-1.8260468235638043e-07,-1.8260468235638043e-07,4.882615723536933e-08,3.877003142592456e-08,3.877003142592456e-08,7.726464150714013e-09,6.907094451966127e-09,6.907094451966134e-09,0.9990975191177396,-2.7525723289976017e-08,-2.7525723289976017e-08,-6.617444906312305e-24,188819.56834924748
1.5243113315620584,3.1873187303451294e-08,3.877035153446445e-08,0.9990963113566675,-1.826916334222435e-07,-1.826916334222435e-07,4.8842342067083644e-08,3.877066739854903e-08,3.877066739854903e-08,7.678848041755239e-09,6.8971642310131525e-09,6.897164231013153e-09,0.9990964276677221,-2.7610227284385697e-08,-2.7610227284385697e-08,-8.271806184171875e-25,187963.96992510764
1.5266139166550523,3.1883664310465476e-08,3.877088508221745e-08,0.9990952231708093,-1.8277645182932984e-07,-1.8277645182932984e-07,4.8858427497845197e-08,3.877115362877826e-08,3.877115362877826e-08,7.631335379255908e-09,6.887220771751973e-09,6.887220771751972e-09,0.9990953394834646,-2.769291150046005e-08,-2.769291150046005e-08,8.271806067127115e-25,187112.16706101366
1.5289165017480464,3.1894076473159644e-08,3.877134062335399e-08,0.999094138246508,-1.8284910725346475e-07,-1.8284910725346475e-07,4.8874413703204285e-08,3.8771494107812467e-08,3.8771494107812467e-08,7.583925961624074e-09,6.877264150194352e-09,6.877264150194348e-09,0.9990942545605298,-2.7763744760048785e-08,-2.7763744760048785e-08,4.135903056948585e-24,186264.14384929743
1.5312190868410405,3.190442392877541e-08,3.877171837105886e-08,0.9990930565792898,-1.8290064513913388e-07,-1.8290064513913388e-07,4.889030085859672e-08,3.877169834375714e-08,3.877169834375714e-08,7.536619587745873e-09,6.8672944422834545e-09,6.867294442283447e-09,0.9990931728944449,-2.7813771654898455e-08,-2.7813771654898455e-08,7.444625507184378e-24,185419.8844382194
1.5335216719340345,3.19147068143143e-08,3.877201853820733e-08,0.999091978164645,-1.829238985569691e-07,-1.829238985569691e-07,4.890608913934335e-08,3.877178054239906e-08,3.877178054239906e-08,7.489416056983828e-09,6.857311723893036e-09,6.857311723893034e-09,0.9990920944807006,-2.7835824404139783e-08,-2.7835824404139783e-08,1.654361219336786e-24,184579.37303190102
1.5358242570270286,3.192492526653808e-08,3.877224133736476e-08,0.9990909029980287,-1.829140410179348e-07,-1.829140410179348e-07,4.892177872064955e-08,3.8771758420035956e-08,3.8771758420035956e-08,7.442315169175387e-09,6.847316070826671e-09,6.847316070826675e-09,0.9990910193147527,-2.7825075668475762e-08,-2.7825075668475762e-08,-4.135903068510886e-24,183742.59389025596
1.5381268421200227,3.1935079421969225e-08,3.877238698078615e-08,0.9990898310748607,-1.82868939060563e-07,-1.82868939060563e-07,4.893736977760477e-08,3.877165175048178e-08,3.877165175048178e-08,7.395316724631177e-09,6.837307558816921e-09,6.837307558816923e-09,0.9990899473920216,-2.7779391137418406e-08,-2.7779391137418406e-08,-1.654361230828361e-24,182909.53132891937
1.5404294272130166,3.194516941689123e-08,3.877245568041575e-08,0.9990887623905261,-1.8278928170197426e-07,-1.8278928170197426e-07,4.895286248518203e-08,3.877148076968674e-08,3.877148076968674e-08,7.34842052413356e-09,6.827286263524519e-09,6.8272862635245204e-09,0.9990888787078932,-2.769945898031126e-08,-2.769945898031126e-08,-1.6543612308049996e-24,182080.16971917535
1.5427320123060106,3.195519538734909e-08,3.877244764788667e-08,0.999087696940376,-1.8267848121130586e-07,-1.8267848121130586e-07,4.896825701823745e-08,3.877126456788274e-08,3.877126456788274e-08,7.3016263689349465e-09,6.8172522605375805e-09,6.817252260537582e-09,0.999087813257719,-2.7588690619759168e-08,-2.7588690619759168e-08,-1.654361230781718e-24,181254.49348788365
1.5450345973990047,3.196515746914963e-08,3.8772363094520444e-08,0.9990866347197277,-1.8254235930416188e-07,-1.8254235930416188e-07,4.8983553551509766e-08,3.877101959825694e-08,3.877101959825694e-08,7.2549340607563175e-09,6.807205625370819e-09,6.807205625370816e-09,0.999086751036817,-2.7452906926080104e-08,-2.7452906926080104e-08,3.30872244455965e-24,180432.48711740327
1.5473371824919988,3.197505579786197e-08,3.8772202231326626e-08,0.9990855757238649,-1.823886484464308e-07,-1.823886484464308e-07,4.8998752259619835e-08,3.877075841814228e-08,3.877075841814228e-08,7.208343401785568e-09,6.797146433464656e-09,6.797146433464655e-09,0.9990856920404716,-2.72998395211243e-08,-2.72998395211243e-08,8.271806069236896e-25,179614.13514551605
1.5496397675849929,3.198489050881789e-08,3.8771965269002434e-08,0.9990845199480387,-1.8222635247430413e-07,-1.8222635247430413e-07,4.901385331707015e-08,3.877048875762117e-08,3.877048875762117e-08,7.161854194675995e-09,6.787074760184546e-09,6.787074760184545e-09,0.9990846362639345,-2.7138491398294396e-08,-2.7138491398294396e-08,8.271806069467326e-25,178799.42216534712
1.551942352677987,3.1994661737112235e-08,3.877165241793232e-08,0.9990834673874672,-1.820650201408179e-07,-1.820650201408179e-07,4.9028856898244376e-08,3.877021298226071e-08,3.877021298226071e-08,7.115466242544725e-09,6.776990680820086e-09,6.7769906808200874e-09,0.9990835837024244,-2.6978410469088616e-08,-2.6978410469088616e-08,-1.6543612306893865e-24,177988.33282528503
1.554244937770981,3.200436961760336e-08,3.87712638881876e-08,0.9990824180373367,-1.8191399061455196e-07,-1.8191399061455196e-07,4.904376317740685e-08,3.876992798441296e-08,3.876992798441296e-08,7.0691793489711945e-09,6.766894270584248e-09,6.766894270584241e-09,0.9990825343511284,-2.6828935061801546e-08,-2.6828935061801546e-08,6.617444894863776e-24,177180.85182889987
1.556547522863975,3.2014014284913484e-08,3.8770799889526045e-08,0.9990813718928013,-1.817816704343609e-07,-1.817816704343609e-07,4.905857232870207e-08,3.876962550253492e-08,3.876962550253492e-08,7.022993317995506e-09,6.75678560461256e-09,6.756785604612561e-09,0.999081488205201,-2.6698470876256725e-08,-2.6698470876256725e-08,-8.271806180906682e-25,176376.96393486005
1.558850107956969,3.202359587342911e-08,3.8770260631391533e-08,0.999080328948984,-1.816748972969001e-07,-1.816748972969001e-07,4.907328452615427e-08,3.876929283575736e-08,3.876929283575736e-08,6.976907954117065e-09,6.746664757962423e-09,6.746664757962423e-09,0.9990804452597659,-2.6593854771333963e-08,-2.6593854771333963e-08,-5.514913553150979e-33,175576.65395684724
1.561152693049963,3.203311451730145e-08,3.8769646322913625e-08,0.999079289200977,-1.8159843755374335e-07,-1.8159843755374335e-07,4.9087899943666867e-08,3.876891388982326e-08,3.876891388982326e-08,6.930923062292824e-09,6.736531805612178e-09,6.736531805612178e-09,0.9990794055099159,-2.651985226208885e-08,-2.651985226208885e-08,-5.492265164359669e-33,174779.90676347006
1.5634552781429571,3.204257035044677e-08,3.876895717290725e-08,0.9990782526438413,-1.8155465306419877e-07,-1.8155465306419877e-07,4.910241875502203e-08,3.8768470468001444e-08,3.8768470468001444e-08,6.885038447935943e-09,6.726386822460479e-09,6.726386822460476e-09,0.9990783689507128,-2.6478824372569776e-08,-2.6478824372569776e-08,3.3087224447424154e-24,173986.707278177
1.5657578632359512,3.205196350654683e-08,3.876819338987226e-08,0.9990772192726083,-1.8154335834278105e-07,-1.8154335834278105e-07,4.9116841133880136e-08,3.876794370240988e-08,3.876794370240988e-08,6.8392539169141965e-09,6.716229883325429e-09,6.716229883325426e-09,0.9990773355771885,-2.6470584783292023e-08,-2.6470584783292023e-08,3.3087224447649073e-24,173197.0404791664
1.5680604483289453,3.206129411904925e-08,3.8767355181993125e-08,0.9990761890822791,-1.8156187476444587e-07,-1.8156187476444587e-07,4.913116725377936e-08,3.876731551436217e-08,3.876731551436217e-08,6.793569275548403e-09,6.7060610629438804e-09,6.7060610629438755e-09,0.9990763053843447,-2.6492454036473373e-08,-2.6492454036473373e-08,4.963083669893376e-24,172410.89139929734
1.5703630334219392,3.20705623211679e-08,3.876644275713854e-08,0.9990751620678257,-1.8160527229520837e-07,-1.8160527229520837e-07,4.9145397288135104e-08,3.876656999189027e-08,3.876656999189027e-08,6.747984330610999e-09,6.695880435970642e-09,6.695880435970641e-09,0.9990752783671539,-2.6539501266654218e-08,-2.6539501266654218e-08,8.271806071505729e-25,171628.24512599723
1.5726656185149333,3.207976824588328e-08,3.876545632286107e-08,0.9990741382241908,-1.8166677646307277e-07,-1.8166677646307277e-07,4.915953141023959e-08,3.87656945820662e-08,3.87656945820662e-08,6.702498889324463e-09,6.685688076977784e-09,6.685688076977789e-09,0.9990742545205598,-2.660495117162849e-08,-2.660495117162849e-08,-4.963083680698363e-24,170849.08680116772
1.5749682036079273,3.208891202594291e-08,3.876439608639679e-08,0.9990731175462884,-1.8173830546874253e-07,-1.8173830546874253e-07,4.91735697932613e-08,3.8764681012237413e-08,3.8764681012237413e-08,6.6571127593598795e-09,6.675484060453887e-09,6.67548406045388e-09,0.9990732338394767,-2.668072112315538e-08,-2.668072112315538e-08,6.6174448950662035e-24,170073.40162109202
1.5772707887009214,3.20979937938617e-08,3.8763262254664914e-08,0.9990721000290044,-1.818110943488677e-07,-1.818110943488677e-07,4.918751261024457e-08,3.876352587638517e-08,3.876352587638517e-08,6.6118257488354015e-09,6.665268460803217e-09,6.6652684608032145e-09,0.9990722163187912,-2.675804533020805e-08,-2.675804533020805e-08,2.4815418323231678e-24,169301.174836339
1.5795733737939155,3.210701368192235e-08,3.8762055034267506e-08,0.9990710856671964,-1.8187635739082829e-07,-1.8187635739082829e-07,4.9201360034109025e-08,3.876223084974507e-08,3.876223084974507e-08,6.566637666314745e-09,6.6550413523451594e-09,6.655041352345158e-09,0.9990712019533615,-2.682813725375826e-08,-2.682813725375826e-08,1.6543612197921652e-24,168532.39175166545
1.5818759588869096,3.211597182217569e-08,3.8760774631489075e-08,0.9990700744556947,-1.8192593879348074e-07,-1.8192593879348074e-07,4.9215112237649146e-08,3.87608025232382e-08,3.87608025232382e-08,6.521548320805776e-09,6.6448028093133855e-09,6.644802809313386e-09,0.9990701907380186,-2.6882840267524443e-08,-2.6882840267524443e-08,-8.271806178449703e-25,167767.03772591864
1.5841785439799034,3.212486834644109e-08,3.8759421252296236e-08,0.9990690663893024,-1.819529037731544e-07,-1.819529037731544e-07,4.9228769393533777e-08,3.8759251877350474e-08,3.8759251877350474e-08,6.47655752175894e-09,6.634552905855146e-09,6.634552905855146e-09,0.9990691826675662,-2.6915218763969452e-08,-2.6915218763969452e-08,-5.2700720081935466e-33,167005.09817193687
1.5864811290728975,3.213370338630685e-08,3.875799510233742e-08,0.9990680614627955,-1.8195202819521498e-07,-1.8195202819521498e-07,4.924233167430563e-08,3.8757593441799794e-08,3.8757593441799794e-08,6.431665079065868e-09,6.624291716030568e-09,6.624291716030571e-09,0.9990681777367808,-2.69200477858653e-08,-2.69200477858653e-08,-2.481541842907361e-24,166246.55855644937
1.5887837141658916,3.214247707313053e-08,3.875649638694249e-08,0.9990670596709237,-1.8192015324417342e-07,-1.8192015324417342e-07,4.925579925238082e-08,3.875584420837634e-08,3.875584420837634e-08,6.386870803057883e-09,6.6140193138119625e-09,6.614019313811961e-09,0.9990671759404128,-2.6894167696403463e-08,-2.6894167696403463e-08,1.654361219879494e-24,165491.4043999738
1.5910862992588857,3.21511895380394e-08,3.875492531112243e-08,0.9990660610084104,-1.8185638283579438e-07,-1.8185638283579438e-07,4.926917230004834e-08,3.8754022381644774e-08,3.8754022381644774e-08,6.342174504504482e-09,6.603735773083033e-09,6.603735773083029e-09,0.9990661772731864,-2.6836681591304646e-08,-2.6836681591304646e-08,3.30872244500719e-24,164739.62127671513
1.5933888843518798,3.215984091193077e-08,3.875328207956904e-08,0.9990650654699537,-1.817621129728222e-07,-1.817621129728222e-07,4.9282450989469626e-08,3.8752146061042874e-08,3.8752146061042874e-08,6.2975759946119896e-09,6.593441167638269e-09,6.593441167638266e-09,0.9990651817297999,-2.6748984654546052e-08,-2.6748984654546052e-08,3.3087224450287537e-24,163991.1948144601
1.5956914694448738,3.216843132547242e-08,3.875156689665456e-08,0.9990640730502255,-1.8164089547838025e-07,-1.8164089547838025e-07,4.9295635492678063e-08,3.8750231951269805e-08,3.8750231951269805e-08,6.253075085022001e-09,6.583135571182142e-09,6.583135571182143e-09,0.9990641893049261,-2.6634627891762e-08,-2.6634627891762e-08,-8.271806177148969e-25,163246.11069447323
1.597994054537868,3.2176960909102944e-08,3.8749779966431425e-08,0.9990630837438732,-1.8149814947539744e-07,-1.8149814947539744e-07,4.930872598157849e-08,3.8748294193054305e-08,3.8748294193054305e-08,6.208671587810023e-09,6.57281905732848e-09,6.572819057328481e-09,0.9990631999932131,-2.649902960967174e-08,-2.649902960967174e-08,-8.27180617693485e-25,162504.35465139087
1.6002966396308618,3.218542979303218e-08,3.874792149263187e-08,0.9990620975455194,-1.8134074546576638e-07,-1.8134074546576638e-07,4.9321722627946725e-08,3.874634339550165e-08,3.874634339550165e-08,6.164365315483952e-09,6.562491699599681e-09,6.562491699599687e-09,0.999062213789284,-2.6349059495238905e-08,-2.6349059495238905e-08,-5.790264292990316e-24,161765.9124731139
1.6025992247238559,3.2193838107241576e-08,3.87459916786677e-08,0.9990611144497623,-1.8117649435938838e-07,-1.8117649435938838e-07,4.93346256034291e-08,3.874438593523362e-08,3.874438593523362e-08,6.120156080982708e-09,6.55215357142612e-09,6.552153571426125e-09,0.9990612306877373,-2.6192527644717572e-08,-2.6192527644717572e-08,-4.963083680416028e-24,161030.7700006999
1.60490180981685,3.220218598148459e-08,3.874399072762991e-08,0.9990601344511759,-1.8101358029701633e-07,-1.8101358029701633e-07,4.9347435079541954e-08,3.8742423566343364e-08,3.8742423566343364e-08,6.076043697674786e-09,6.5418047461453315e-09,6.541804746145325e-09,0.9990602506831481,-2.6037617386496685e-08,-2.6037617386496685e-08,6.617444895347545e-24,160298.91312825386
1.607204394909844,3.2210473545287065e-08,3.874191884228845e-08,0.9990591575443106,-1.8085997851838908e-07,-1.8085997851838908e-07,4.9360151227671185e-08,3.874045336277176e-08,3.874045336277176e-08,6.0320279793568026e-09,6.5314452970013805e-09,6.531445297001383e-09,0.9990592737700672,-2.5892303149235286e-08,-2.5892303149235286e-08,-2.4815418427146513e-24,159570.32780281894
1.609506980002838,3.221870092794765e-08,3.8739776225091875e-08,0.9990581837236937,-1.8072289962763585e-07,-1.8072289962763585e-07,4.937277421907176e-08,3.8738467990334775e-08,3.8738467990334775e-08,5.98810874025213e-09,6.521075297144227e-09,6.521075297144224e-09,0.9990582999430224,-2.576379472726835e-08,-2.576379472726835e-08,3.308722445177576e-24,158845.00002426386
1.6118095650958322,3.2226868258538145e-08,3.8737563078167075e-08,0.999057212983829,-1.8060829843623784e-07,-1.8060829843623784e-07,4.938530422486723e-08,3.873645628268465e-08,3.873645628268465e-08,5.9442857950094476e-09,6.510694819628932e-09,6.51069481962893e-09,0.9990573291965182,-2.5658046123569546e-08,-2.5658046123569546e-08,2.481541832645507e-24,158122.91584517303
1.614112150188826,3.223497566590391e-08,3.873527960331897e-08,0.9990562453191981,-1.8052048006759286e-07,-1.8052048006759286e-07,4.939774141604928e-08,3.873440407516553e-08,3.873440407516553e-08,5.900558958701324e-09,6.5003039374150595e-09,6.500303937415061e-09,0.999056361525037,-2.557936165431697e-08,-2.557936165431697e-08,-1.6543612300987476e-24,157404.06137073258
1.6164147352818201,3.2243023278664255e-08,3.873292600203027e-08,0.99905528072426,-1.804618281260926e-07,-1.804618281260926e-07,4.9410085963477215e-08,3.873229523322497e-08,3.873229523322497e-08,5.856928046822824e-09,6.4899027233660186e-09,6.489902723366014e-09,0.999055396923038,-2.5530124117971537e-08,-2.5530124117971537e-08,4.963083670346283e-24,156688.42275861625
1.6187173203748142,3.225101122521279e-08,3.873050247546111e-08,0.9990543191934518,-1.8043267087513065e-07,-1.8043267087513065e-07,4.9422338037877526e-08,3.873011280075412e-08,3.873011280075412e-08,5.813392875290204e-09,6.479491250248328e-09,6.479491250248323e-09,0.9990544353849592,-2.5510660973286206e-08,-2.5510660973286206e-08,4.963083670367018e-24,155975.98621887193
1.6210199054678083,3.2258939633717826e-08,3.872800922444886e-08,0.9990533607211887,-1.8043129098097734e-07,-1.8043129098097734e-07,4.943449780984342e-08,3.8727840186739686e-08,3.8727840186739686e-08,5.76995326043935e-09,6.469069590731038e-09,6.4690695907310365e-09,0.9990534769052163,-2.551925408318189e-08,-2.551925408318189e-08,1.654361220175567e-24,155266.7380138055
1.6233224905608024,3.226680863212277e-08,3.872544644950779e-08,0.9990524053018648,-1.8045407494869788e-07,-1.8045407494869788e-07,4.9446565449834287e-08,3.8725462308379265e-08,3.8725462308379265e-08,5.7266090190245255e-09,6.458637817385026e-09,6.458637817385026e-09,0.9990525214782041,-2.5552289150666706e-08,-2.5552289150666706e-08,-4.909902625308164e-33,154560.6644578647
1.6256250756537964,3.227461834814643e-08,3.872281435082882e-08,0.999051452929853,-1.8049578827623261e-07,-1.8049578827623261e-07,4.945854112817532e-08,3.8722966613654497e-08,3.8722966613654497e-08,5.683359968216907e-09,6.448196002682384e-09,6.44819600268239e-09,0.9990515690982961,-2.5604530872917334e-08,-2.5604530872917334e-08,-5.7902642927605846e-24,153857.7519175217
1.6279276607467905,3.228236890928347e-08,3.872011312827927e-08,0.9990505035995056,-1.805499549696158e-07,-1.805499549696158e-07,4.9470425015056976e-08,3.872034391625349e-08,3.872034391625349e-08,5.640205925603329e-09,6.437744218995793e-09,6.437744218995795e-09,0.999050619759845,-2.566950245649873e-08,-2.566950245649873e-08,-1.6543612299750084e-24,153157.98681115566
1.6302302458397844,3.229006044280473e-08,3.871734298140256e-08,0.9990495573051545,-1.8060931291435808e-07,-1.8060931291435808e-07,4.948221728053455e-08,3.871758899056713e-08,3.871758899056713e-08,5.597146709184769e-09,6.427282538597831e-09,6.42728253859783e-09,0.9990496734571835,-2.5739940988747844e-08,-2.5739940988747844e-08,8.2718060770443885e-25,152461.35560893375
1.6325328309327785,3.2297693075757595e-08,3.871450410941801e-08,0.9990486140411114,-1.8066631290528118e-07,-1.8066631290528118e-07,4.9493918094527686e-08,3.871470089119084e-08,3.871470089119084e-08,5.554182137375071e-09,6.416811033660417e-09,6.416811033660414e-09,0.9990487301846238,-2.5808296467609148e-08,-2.5808296467609148e-08,2.4815418328307848e-24,151767.8448326916
1.6348354160257725,3.230526693496639e-08,3.8711596711220525e-08,0.9990476738016683,-1.8071362673864802e-07,-1.8071362673864802e-07,4.950552762681993e-08,3.8711682981468816e-08,3.8711682981468816e-08,5.511312028999569e-09,6.40632977625413e-09,6.406329776254133e-09,0.9990477899364584,-2.586723989376592e-08,-2.586723989376592e-08,-3.308722455020192e-24,151077.44105581302
1.6371380011187666,3.2312782147032727e-08,3.870862098538039e-08,0.9990467365810977,-1.8074463040277838e-07,-1.8074463040277838e-07,4.951704604705824e-08,3.8708542674780505e-08,3.8708542674780505e-08,5.468536203293737e-09,6.395838838347661e-09,6.3958388383476645e-09,0.9990468527069606,-2.591014646125682e-08,-2.591014646125682e-08,-3.3087224550000476e-24,150390.1309031094
1.6394405862117607,3.2320238838335875e-08,3.8705577130143e-08,0.999045802373653,-1.807538309197595e-07,-1.807538309197595e-07,4.9528473524752555e-08,3.870529091159235e-08,3.870529091159235e-08,5.425854479901838e-09,6.385338291807122e-09,6.385338291807128e-09,0.9990459184903844,-2.59315223991875e-08,-2.59315223991875e-08,-5.79026429263906e-24,149705.90105069772
1.6417431713047548,3.232763713503314e-08,3.8702465343428626e-08,0.9990448711735688,-1.807372101098695e-07,-1.807372101098695e-07,4.953981022927532e-08,3.870194141218548e-08,3.870194141218548e-08,5.3832666788755764e-09,6.374828208395482e-09,6.3748282083954835e-09,0.9990449872809648,-2.5927348736154994e-08,-2.5927348736154994e-08,-1.6543612298539226e-24,149024.73822587784
1.6440457563977486,3.233497716306024e-08,3.869928582283219e-08,0.999043942975061,-1.8069246466782325e-07,-1.8069246466782325e-07,4.955105632986102e-08,3.8698509758503625e-08,3.8698509758503625e-08,5.340772620672745e-09,6.364308659771957e-09,6.364308659771951e-09,0.9990440590729185,-2.589532137649448e-08,-2.589532137649448e-08,5.790264283143252e-24,148346.62920701032
1.6463483414907427,3.234225904813166e-08,3.869603876562302e-08,0.9990430177723276,-1.8061912953242151e-07,-1.8061912953242151e-07,4.9562211995605744e-08,3.869501236883759e-08,3.869501236883759e-08,5.298372126155973e-09,6.353779717491357e-09,6.353779717491359e-09,0.999043133860444,-2.5834974469929437e-08,-2.5834974469929437e-08,-1.6543612298141442e-24,147671.56082339174
1.6486509265837368,3.2349482915741026e-08,3.86927243687446e-08,0.9990420955595484,-1.8051857920937165e-07,-1.8051857920937165e-07,4.957327739546671e-08,3.8691465434088204e-08,3.8691465434088204e-08,5.256065016591244e-09,6.343241453003568e-09,6.3432414530035765e-09,0.9990422116377214,-2.5747681734393243e-08,-2.5747681734393243e-08,-8.271806130218586e-24,146999.51995513059
1.6509535116767309,3.235664889116149e-08,3.8689342828814406e-08,0.9990411763308855,-1.8039391019029687e-07,-1.8039391019029687e-07,4.958425269826179e-08,3.868788388544962e-08,3.868788388544962e-08,5.213851113646729e-09,6.332693937652923e-09,6.332693937652919e-09,0.999041292398914,-2.5636538875039243e-08,-2.5636538875039243e-08,4.135903058096539e-24,146330.49353302253
1.653256096769725,3.236375709944608e-08,3.868589434212362e-08,0.9990402600804839,-1.802497147033224e-07,-1.802497147033224e-07,4.959513807266913e-08,3.868428045950943e-08,3.868428045950943e-08,5.171730239391471e-09,6.322137242677543e-09,6.322137242677543e-09,0.9990403761381669,-2.5506137334827926e-08,-2.5506137334827926e-08,-4.6489628489222716e-33,145664.46853842473
1.655558681862719,3.237080766542812e-08,3.868237910463695e-08,0.9990393468024714,-1.8009176328522885e-07,-1.8009176328522885e-07,4.9605933687226606e-08,3.868066491871758e-08,3.868066491871758e-08,5.129702216293874e-09,6.311571439208834e-09,6.311571439208834e-09,0.9990394628496088,-2.5362246866681046e-08,-2.5362246866681046e-08,-4.629397987956537e-33,145001.43200312898
1.6578612669557131,3.237780071372154e-08,3.867879731199241e-08,0.9990384364909592,-1.7992661842552276e-07,-1.7992661842552276e-07,4.9616639710331446e-08,3.867704347422845e-08,3.867704347422845e-08,5.08776686722066e-09,6.300996598270878e-09,6.300996598270875e-09,0.9990385525273512,-2.521142917755311e-08,-2.521142917755311e-08,3.308722445602206e-24,144341.37100923553
1.660163852048707,3.2384736368721314e-08,3.867514915950111e-08,0.9990375291400418,-1.797612057848419e-07,-1.797612057848419e-07,4.9627256310239734e-08,3.867341844341466e-08,3.867341844341466e-08,5.045924015435372e-09,6.2904127907797904e-09,6.2904127907797995e-09,0.9990376451654893,-2.506060914683745e-08,-2.506060914683745e-08,-9.098986742673788e-24,143684.2726890255
1.662466437141701,3.23916147546038e-08,3.867143484214706e-08,0.999036624743798,-1.796023710347804e-07,-1.796023710347804e-07,4.9637783655066004e-08,3.8669788159410827e-08,3.8669788159410827e-08,5.004173484597195e-09,6.279820087543259e-09,6.27982008754326e-09,0.9990367407581024,-2.4916631666192176e-08,-2.4916631666192176e-08,-8.2718061712416e-25,143030.12422483243
1.6647690222346951,3.23984359953271e-08,3.866765455458694e-08,0.99903572329629,-1.7945645069905902e-07,-1.7945645069905902e-07,4.964822191278276e-08,3.8666147133009757e-08,3.8666147133009757e-08,4.9625150987596026e-09,6.2692185592598386e-09,6.269218559259841e-09,0.9990358392992537,-2.4785832480711255e-08,-2.4785832480711255e-08,-2.481541842210936e-24,142378.91284891465
1.6670716073276892,3.2405200214631454e-08,3.8663808491149956e-08,0.9990348247915649,-1.79328883548449e-07,-1.79328883548449e-07,4.965857125122004e-08,3.866248645183442e-08,3.866248645183442e-08,4.9209486823691184e-09,6.258608276518505e-09,6.258608276518502e-09,0.9990349407829904,-2.4673649583849167e-08,-2.4673649583849167e-08,2.481541833126439e-24,141730.62584332543
1.6693741924206833,3.241190753603962e-08,3.865989684583761e-08,0.9990339292236545,-1.79223885861102e-07,-1.79223885861102e-07,4.966883183806501e-08,3.86587943870162e-08,3.86587943870162e-08,4.879474060263953e-09,6.247989309797992e-09,6.24798930979799e-09,0.999034045203345,-2.458429847775157e-08,-2.458429847775157e-08,2.4815418331455767e-24,141085.2505397839
1.6716767775136774,3.24185580828572e-08,3.8655919812323505e-08,0.9990330365865754,-1.7914420913194422e-07,-1.7914420913194422e-07,4.967900384086147e-08,3.865505716535252e-08,3.865505716535252e-08,4.838091057672841e-09,6.237361729466309e-09,6.237361729466307e-09,0.9990331525543348,-2.4520529882650203e-08,-2.4520529882650203e-08,2.4815418331646443e-24,140442.77431954478
1.6739793626066712,3.242515197817306e-08,3.865187758395322e-08,0.9990321468743293,-1.7909099328430012e-07,-1.7909099328430012e-07,4.968908742700943e-08,3.865125985591395e-08,3.865125985591395e-08,4.796799500213739e-09,6.226725605780163e-09,6.226725605780158e-09,0.999032262829962,-2.448348294848724e-08,-2.448348294848724e-08,4.963083670842724e-24,139803.18461326783
1.6762819476996653,3.243168934485967e-08,3.864777035374405e-08,0.9990312600809038,-1.7906372196247469e-07,-1.7906372196247469e-07,4.969908276376473e-08,3.864738731395927e-08,3.864738731395927e-08,4.755599213892471e-09,6.216081008884379e-09,6.21608100888438e-09,0.9990313760242149,-2.4472640547498487e-08,-2.4472640547498487e-08,-8.27180617009543e-25,139166.46890088674
1.6785845327926594,3.243817030557343e-08,3.86435983143849e-08,0.9990303762002719,-1.7906028029761694e-07,-1.7906028029761694e-07,4.970899001823852e-08,3.8643425123155894e-08,3.8643425123155894e-08,4.714490025101572e-09,6.205428008811469e-09,6.2054280088114645e-09,0.9990304921310669,-2.448588704007735e-08,-2.448588704007735e-08,4.1359030583274804e-24,138532.61471147827
1.6808871178856535,3.2444594982755114e-08,3.863936165823606e-08,0.999029495226393,-1.7907710889923236e-07,-1.7907710889923236e-07,4.9718809357396875e-08,3.8639360478516244e-08,3.8639360478516244e-08,4.673471760619e-09,6.19476667548094e-09,6.194766675480944e-09,0.999029611144478,-2.451966226628813e-08,-2.451966226628813e-08,-4.13590306718401e-24,137901.60962312922
1.6831897029786476,3.2450963498630146e-08,3.863506057732909e-08,0.9990286171532123,-1.791094425628402e-07,-1.791094425628402e-07,4.9728540948060374e-08,3.8635182957452314e-08,3.8635182957452314e-08,4.632544247606898e-09,6.184097078698939e-09,6.184097078698942e-09,0.9990287330583941,-2.456920025352384e-08,-2.456920025352384e-08,-2.4815418420592372e-24,137273.44126280505
1.6854922880716416,3.245727597520902e-08,3.8630695263366607e-08,0.9990277419746624,-1.791516169294613e-07,-1.791516169294613e-07,4.9738184956903627e-08,3.86308851346868e-08,3.86308851346868e-08,4.5917073136103264e-09,6.173419288157592e-09,6.1734192881575874e-09,0.9990278578667482,-2.462883587599487e-08,-2.462883587599487e-08,4.96308367093666e-24,136648.09730621695
1.6877948731646355,3.2463532534287626e-08,3.862626590772218e-08,0.9990268696846619,-1.791974231492548e-07,-1.791974231492548e-07,4.974774155045489e-08,3.862646300681111e-08,3.862646300681111e-08,4.550960786556052e-09,6.1627333734345575e-09,6.162733373434557e-09,0.9990269855634596,-2.4692359518366057e-08,-2.4692359518366057e-08,8.271806081901002e-25,136025.5654776881
1.6900974582576296,3.246973329744762e-08,3.862177270144012e-08,0.9990260002771171,-1.7924048793491452e-07,-1.7924048793491452e-07,4.975721089509563e-08,3.8621916205174024e-08,3.8621916205174024e-08,4.51030449475125e-09,6.1520394039924985e-09,6.1520394039925e-09,0.9990261161424352,-2.4753397129154043e-08,-2.4753397129154043e-08,-1.6543612294504735e-24,135405.83355002102
1.6924000433506237,3.247587838605678e-08,3.861721583523536e-08,0.9990251337459215,-1.7927465578102877e-07,-1.7927465578102877e-07,4.976659315706008e-08,3.861724798834346e-08,3.861724798834346e-08,4.46973826688237e-09,6.141337449178576e-09,6.141337449178581e-09,0.999025249597569,-2.4805792440087327e-08,-2.4805792440087327e-08,-4.963083679644143e-24,134788.88934436234
1.6947026284436177,3.248196792126934e-08,3.8612595499493314e-08,0.9990242700849561,-1.7929435052292811e-07,-1.7929435052292811e-07,4.977588850243485e-08,3.861246501925865e-08,3.861246501925865e-08,4.4292619320138545e-09,6.130627578223969e-09,6.130627578223972e-09,0.9990243859227426,-2.484396852495486e-08,-2.484396852495486e-08,-2.4815418419666883e-24,134174.72073006997
1.6970052135366118,3.2488002024026394e-08,3.8607911884269725e-08,0.9990234092880901,-1.7929489537009986e-07,-1.7929489537009986e-07,4.978509709715848e-08,3.860757694450737e-08,3.860757694450737e-08,4.388875319586929e-09,6.1199098602433305e-09,6.119909860243331e-09,0.9990235251118257,-2.4863247833020956e-08,-2.4863247833020956e-08,-8.2718061684233e-25,133563.31562457728
1.699307798629606,3.2493980815056196e-08,3.8603165179290526e-08,0.9990225513491806,-1.7927277355788855e-07,-1.7927277355788855e-07,4.979421910702102e-08,3.860259580450955e-08,3.860259580450955e-08,4.3485782594184085e-09,6.109184364234326e-09,6.1091843642343295e-09,0.9990226671586762,-2.486011284072645e-08,-2.486011284072645e-08,-3.308722454483178e-24,132954.66199325892
1.7016103837226,3.249990441487457e-08,3.859835557395169e-08,0.9990216962620732,-1.7922581583585572e-07,-1.7922581583585572e-07,4.9803254697663664e-08,3.859753531272289e-08,3.859753531272289e-08,4.30837058169942e-09,6.0984511590771195e-09,6.098451159077123e-09,0.9990218120571399,-2.4832393540048954e-08,-2.4832393540048954e-08,-3.308722454465011e-24,132348.74784929483
1.7039129688155938,3.250577294378522e-08,3.859348325731915e-08,0.9990208440206021,-1.791533055768166e-07,-1.791533055768166e-07,4.9812204034578276e-08,3.8592410048490165e-08,3.8592410048490165e-08,4.2682521169942965e-09,6.0877103135339346e-09,6.087710313533932e-09,0.9990209598010519,-2.4779372547540003e-08,-2.4779372547540003e-08,2.4815418334242812e-24,131745.56125353475
1.706215553908588,3.251158652188013e-08,3.8588548418128613e-08,0.9990199946185905,-1.7905599752993192e-07,-1.7905599752993192e-07,4.982106728310701e-08,3.858723461232363e-08,3.858723461232363e-08,4.228222696239298e-09,6.076961896248486e-09,6.076961896248486e-09,0.9990201103842358,-2.470180385741747e-08,-2.470180385741747e-08,-4.216770707067287e-33,131145.0903143625
1.708518139001582,3.251734526903987e-08,3.8583551244785477e-08,0.9990191480498507,-1.7893605112405532e-07,-1.7893605112405532e-07,4.98298446084419e-08,3.8582022793206844e-08,3.8582022793206844e-08,4.188282150741477e-09,6.066205975745605e-09,6.066205975745604e-09,0.9990192638005044,-2.460184614491341e-08,-2.460184614491341e-08,8.2718060835422035e-25,130547.32318755951
1.710820724094576,3.2523049304934023e-08,3.857849192536469e-08,0.9990183043081844,-1.787968844333012e-07,-1.787968844333012e-07,4.9838536175624425e-08,3.857678679566718e-08,3.857678679566718e-08,4.1484303121774486e-09,6.0554426204306646e-09,6.055442620430669e-09,0.9990184200436601,-2.448291673184243e-08,-2.448291673184243e-08,-4.13590306694605e-24,129952.24807616851
1.7131233091875702,3.252869874902149e-08,3.8573370647610676e-08,0.999017463387383,-1.7864295894927475e-07,-1.7864295894927475e-07,4.984714214954516e-08,3.857153656982235e-08,3.857153656982235e-08,4.10866701259218e-09,6.0446718985891824e-09,6.044671898589186e-09,0.9990175791074949,-2.4349476358832043e-08,-2.4349476358832043e-08,-3.308722454375194e-24,129359.85323035636
1.7154258942805642,3.253429372055085e-08,3.8568187598937164e-08,0.9990166252812276,-1.7847950933152625e-07,-1.7847950933152625e-07,4.985566269494331e-08,3.856627928041764e-08,3.856627928041764e-08,4.068992084397922e-09,6.033893878386319e-09,6.033893878386317e-09,0.9990167409857904,-2.420675893577759e-08,-2.420675893577759e-08,1.654361220960734e-24,128770.12694727721
1.717728479373558,3.2539834338560736e-08,3.856294296642713e-08,0.9990157899834896,-1.7831223469047205e-07,-1.7831223469047205e-07,4.9864097976406354e-08,3.856101894246058e-08,3.856101894246058e-08,4.0294053603729344e-09,6.023108627866391e-09,6.0231086278663966e-09,0.9990159056723185,-2.4060462824763525e-08,-2.4060462824763525e-08,-5.790264291998821e-24,128183.05757093542
1.7200310644665522,3.254532072188021e-08,3.855763693683269e-08,0.9990149574879308,-1.781469699277498e-07,-1.781469699277498e-07,4.987244815836963e-08,3.855575624045462e-08,3.855575624045462e-08,3.989906673660284e-09,6.012316214952478e-09,6.01231621495248e-09,0.9990150731608416,-2.3916422180419033e-08,-2.3916422180419033e-08,-2.4815418417690822e-24,127598.63349204679
1.7223336495595463,3.255075298912908e-08,3.855226969657498e-08,0.9990141277883033,-1.7798935606213626e-07,-1.7798935606213626e-07,4.988071340511594e-08,3.855048853792912e-08,3.855048853792912e-08,3.950495857766823e-09,6.001516707445903e-09,6.001516707445896e-09,0.9990142434451125,-2.378027727583635e-08,-2.378027727583635e-08,7.444625508884811e-24,127016.84314790269
1.7246362346525403,3.255613125871827e-08,3.854684143174407e-08,0.9990133008783505,-1.7784452807997275e-07,-1.7784452807997275e-07,4.9888893880775146e-08,3.8545210072742666e-08,3.8545210072742666e-08,3.911172746561898e-09,5.9907101730258e-09,5.9907101730258e-09,0.9990134165188748,-2.365716235299647e-08,-2.365716235299647e-08,-4.074942653037777e-33,126437.67502223057
1.7269388197455344,3.256145564885018e-08,3.85413523280989e-08,0.9990124767518065,-1.7771683727809669e-07,-1.7771683727809669e-07,4.989698974932379e-08,3.8539912323553706e-08,3.8539912323553706e-08,3.87193717427624e-09,5.979896679248723e-09,5.9798966792487216e-09,0.9990125923758635,-2.3551427965701083e-08,-2.3551427965701083e-08,1.6543612210485416e-24,125861.11764505623
1.7292414048385285,3.2566726277519044e-08,3.853580257106716e-08,0.9990116554023968,-1.776096226935018e-07,-1.776096226935018e-07,4.9905001174584707e-08,3.853458452367606e-08,3.853458452367606e-08,3.83278897550086e-09,5.96907629354812e-09,5.9690762935481185e-09,0.9990117710098045,-2.346641240923316e-08,-2.346641240923316e-08,1.6543612210659044e-24,125287.15959256513
1.7315439899315224,3.257194326251128e-08,3.853019234574523e-08,0.9990108368238383,-1.7752504301142072e-07,-1.7752504301142072e-07,4.991292832022662e-08,3.852921429081567e-08,3.852921429081567e-08,3.793727985185754e-09,5.958249083233942e-09,5.958249083233947e-09,0.9990109524144153,-2.3404273628439816e-08,-2.3404273628439816e-08,-4.96308367934102e-24,124715.78948696432
1.7338465750245164,3.2577106721405827e-08,3.8524521836898084e-08,0.9990100210098399,-1.774639767738732e-07,-1.774639767738732e-07,4.992077134976377e-08,3.8523788335788894e-08,3.8523788335788894e-08,3.75475403863899e-09,5.947415115492251e-09,5.947415115492258e-09,0.9990101365834054,-2.3365889426280865e-08,-2.3365889426280865e-08,-6.617444904429843e-24,124146.99599634299
1.7361491601175105,3.258221677157452e-08,3.851879122895924e-08,0.9990092079541024,-1.7742599458825045e-07,-1.7742599458825045e-07,4.992853042655553e-08,3.851829320966651e-08,3.851829320966651e-08,3.715866971525357e-09,5.93657445738472e-09,5.936574457384721e-09,0.9990093235104761,-2.3350829672413502e-08,-2.3350829672413502e-08,-8.271806165414844e-25,123580.76783453408
1.7384517452105046,3.2587273530182397e-08,3.8513000706030664e-08,0.9990083976503187,-1.7740940318862836e-07,-1.7740940318862836e-07,4.9936205713806014e-08,3.8512716047868986e-08,3.8512716047868986e-08,3.6770666198653807e-09,5.9257271758482695e-09,5.925727175848267e-09,0.9990085131893208,-2.335740036450571e-08,-2.335740036450571e-08,2.481541833687727e-24,123017.0937609751
1.7407543303034987,3.259227711418812e-08,3.850715045188274e-08,0.999007590092174,-1.7741135704803802e-07,-1.7741135704803802e-07,4.994379737456372e-08,3.8507045270824623e-08,3.8507045270824623e-08,3.6383528200340886e-09,5.914873337694615e-09,5.9148733376946185e-09,0.9990077056136254,-2.3382755240507067e-08,-2.3382755240507067e-08,-3.308722454166431e-24,122455.96258056801
1.7430569153964928,3.259722764034423e-08,3.850124064995415e-08,0.9990067852733464,-1.7742802999363645e-07,-1.7742802999363645e-07,4.995130557172112e-08,3.850127120414114e-08,3.850127120414114e-08,3.599725408759939e-09,5.904013009609923e-09,5.904013009609918e-09,0.9990069007770683,-2.3423067393819858e-08,-2.3423067393819858e-08,4.963083671380816e-24,121897.36314354089
1.7453595004894868,3.260212522519756e-08,3.849527148335188e-08,0.9990059831875069,-1.7745483596156044e-07,-1.7745483596156044e-07,4.995873046801431e-08,3.849538658663671e-08,3.849538658663671e-08,3.561184223123756e-09,5.893146258154317e-09,5.89314625815432e-09,0.9990060986733214,-2.3473750028152922e-08,-2.3473750028152922e-08,-2.4815418415795264e-24,121341.28434530822
1.7476620855824807,3.260696998508955e-08,3.848924313485113e-08,0.9990051838283193,-1.77486685978538e-07,-1.77486685978538e-07,4.996607222602263e-08,3.8489386941114735e-08,3.8489386941114735e-08,3.522729100557513e-09,5.882273149761574e-09,5.882273149761576e-09,0.9990052992960486,-2.3529713439133476e-08,-2.3529713439133476e-08,-2.481541841562685e-24,120787.71512633035
1.7499646706754748,3.261176203615661e-08,3.848315578689527e-08,0.9990043871894407,-1.775182666819425e-07,-1.775182666819425e-07,4.997333100816831e-08,3.848327079104892e-08,3.848327079104892e-08,3.4843598788432752e-09,5.871393750738653e-09,5.871393750738658e-09,0.999004502638908,-2.3585643534361414e-08,-2.3585643534361414e-08,-4.963083679204991e-24,120236.6444719747
1.7522672557684689,3.261650149433043e-08,3.84770096215958e-08,0.999003593264522,-1.7754432511444183e-07,-1.7754432511444183e-07,4.9980506976716084e-08,3.8477039714642045e-08,3.8477039714642045e-08,3.446076396112116e-09,5.860508127265378e-09,5.8605081272653676e-09,0.9990037086955509,-2.3636286628058644e-08,-2.3636286628058644e-08,1.0753347959319247e-23,119688.06141237546
1.754569840861463,3.2621188475338365e-08,3.847080482073228e-08,0.9990028020472077,-1.775599445610912e-07,-1.775599445610912e-07,4.99876002937728e-08,3.847069823677157e-08,3.847069823677157e-08,3.4078784908429588e-09,5.849616345393914e-09,5.849616345393916e-09,0.9990029174596222,-2.367672527816209e-08,-2.367672527816209e-08,-2.481541841512546e-24,119141.95502229356
1.756872425954457,3.262582309470373e-08,3.8464541565752354e-08,0.9990020135311358,-1.775607971519657e-07,-1.775607971519657e-07,4.999461112128712e-08,3.8464253567778524e-08,3.8464253567778524e-08,3.3697660018615667e-09,5.838718471048617e-09,5.8387184710486205e-09,0.9990021289247605,-2.370263088895628e-08,-2.370263088895628e-08,-3.308722454048988e-24,118598.31442097694
1.759175011047451,3.26304054677462e-08,3.8458220037771624e-08,0.9990012277099392,-1.7754336055828855e-07,-1.7754336055828855e-07,5.000153962104911e-08,3.845771520582008e-08,3.845771520582008e-08,3.3317387683393464e-09,5.827814570025427e-09,5.8278145700254245e-09,0.9990013430845993,-2.371048040720205e-08,-2.371048040720205e-08,2.481541833838727e-24,118057.12877201969
1.761477596140445,3.2634935709582095e-08,3.845184041757371e-08,0.9990004445772444,-1.7750508839935131e-07,-1.7750508839935131e-07,5.00083859546899e-08,3.845109442638894e-08,3.845109442638894e-08,3.2937966297923843e-09,5.8169047079916155e-09,5.816904707991616e-09,0.9990005599327656,-2.3697726729056468e-08,-2.3697726729056468e-08,-8.271806163569252e-25,117518.38728322259
1.763780181233439,3.2639413935124746e-08,3.8445402885610176e-08,0.9989996641266728,-1.7744452661187245e-07,-1.7744452661187245e-07,5.001515028368133e-08,3.8444403687658486e-08,3.8444403687658486e-08,3.255939426080253e-09,5.805988950485434e-09,5.805988950485431e-09,0.9989997794628815,-2.366291506943174e-08,-2.366291506943174e-08,3.3087224464246084e-24,116982.07920645237
1.7660827663264331,3.264384025908485e-08,3.8438907622000484e-08,0.9989988863518405,-1.7736137117034443e-07,-1.7736137117034443e-07,5.002183276933558e-08,3.8437655984205144e-08,3.8437655984205144e-08,3.2181669974049733e-09,5.795067362915627e-09,5.795067362915632e-09,0.9989990016685634,-2.3605740682342495e-08,-2.3605740682342495e-08,-4.963083679089336e-24,116448.19383750179
1.7683853514194272,3.264821479597081e-08,3.843235480653204e-08,0.9989981112463587,-1.7725646554687947e-07,-1.7725646554687947e-07,5.0028433572804825e-08,3.843086418330209e-08,3.843086418330209e-08,3.180479184309996e-09,5.784140010561223e-09,5.784140010561229e-09,0.9989982265434232,-2.3527046320751317e-08,-2.3527046320751317e-08,-6.617444904179122e-24,115916.72051594849
1.7706879365124213,3.2652537660089026e-08,3.8425744618660113e-08,0.9989973388038333,-1.771317396398128e-07,-1.771317396398128e-07,5.0034952855080914e-08,3.8424040378191866e-08,3.8424040378191866e-08,3.1428758276790686e-09,5.7732069585710805e-09,5.773206958571087e-09,0.9989974540810672,-2.342876116517235e-08,-2.342876116517235e-08,-6.617444904162916e-24,115387.64862501546
1.7729905216054154,3.265680896554433e-08,3.8419077237507876e-08,0.9989965690178659,-1.7699009460472575e-07,-1.7699009460472575e-07,5.004139077699497e-08,3.841719529094573e-08,3.841719529094573e-08,3.1053567687351904e-09,5.76226827196355e-09,5.762268271963547e-09,0.9989966842750977,-2.3313785654694245e-08,-2.3313785654694245e-08,3.30872244648956e-24,114860.96759143003
1.7752931066984095,3.2661028826240233e-08,3.841235284186635e-08,0.9989958018820537,-1.7683524088683559e-07,-1.7683524088683559e-07,5.004774749921711e-08,3.841033775417459e-08,3.841033775417459e-08,3.0679218490395747e-09,5.751324015626109e-09,5.751324015626117e-09,0.9989959171191123,-2.3185829519370185e-08,-2.3185829519370185e-08,-8.271806129236746e-24,114336.66688528354
1.7775956917914033,3.266519735587933e-08,3.840557161019445e-08,0.9989950373899893,-1.7667149868893487e-07,-1.7667149868893487e-07,5.005402318225604e-08,3.840347429625861e-08,3.840347429625861e-08,3.0305709104905486e-09,5.7403742543151115e-09,5.740374254315115e-09,0.9989951526067041,-2.304921224815708e-08,-2.304921224815708e-08,-3.3087224539025605e-24,113814.73601989078
1.7798982768843974,3.266931466796363e-08,3.839873372061892e-08,0.9989942755352613,-1.765035719076367e-07,-1.765035719076367e-07,5.006021798645876e-08,3.839660884876409e-08,3.839660884876409e-08,2.9933037953225488e-09,5.729419052655291e-09,5.7294190526552894e-09,0.9989943907314625,-2.2908637025161025e-08,-2.2908637025161025e-08,1.6543612214315632e-24,113295.16455164953
1.7822008619773915,3.267338087579485e-08,3.839183935093441e-08,0.9989935163114547,-1.7633630746410762e-07,-1.7633630746410762e-07,5.0066332072010195e-08,3.8389742588301227e-08,3.8389742588301227e-08,2.956120346105076e-09,5.718458475139561e-09,5.7184584751395574e-09,0.9989936314869727,-2.2768950060369985e-08,-2.2768950060369985e-08,3.3087224465535146e-24,112777.94207989998
1.7845034470703856,3.267739609247484e-08,3.838488867860341e-08,0.9989927597121504,-1.7617445240201782e-07,-1.7617445240201782e-07,5.007236559893289e-08,3.83828739179474e-08,3.83828739179474e-08,2.919020405741569e-09,5.707492586128579e-09,5.7074925861285725e-09,0.9989928748668164,-2.2634897687604182e-08,-2.2634897687604182e-08,6.61744489678146e-24,112263.0582467844
1.7868060321633796,3.268136043090582e-08,3.837788188075632e-08,0.9989920057309261,-1.760224208467274e-07,-1.760224208467274e-07,5.0078318727086665e-08,3.837599858631303e-08,3.837599858631303e-08,2.8820038174685364e-09,5.696521449850502e-09,5.6965214498505005e-09,0.9989921208645717,-2.251089332370213e-08,-2.251089332370213e-08,1.6543612214790662e-24,111750.50273710642
1.7891086172563737,3.268527400379083e-08,3.837081913419144e-08,0.9989912543613559,-1.7588408209736998e-07,-1.7588408209736998e-07,5.0084191616168266e-08,3.836910993565646e-08,3.836910993565646e-08,2.8450704248543613e-09,5.685545130400607e-09,5.685545130400609e-09,0.9989913694738134,-2.2400805560604227e-08,-2.2400805560604227e-08,-1.6543612287173327e-24,111240.26527819096
1.7914112023493676,3.268913692363396e-08,3.836370061537497e-08,0.9989905055970112,-1.7576257972827881e-07,-1.7576257972827881e-07,5.008998442571108e-08,3.8362199264128064e-08,3.8362199264128064e-08,2.808220071798344e-09,5.674563691741012e-09,5.67456369174101e-09,0.9989906206881131,-2.230777726677893e-08,-2.230777726677893e-08,2.481541834063456e-24,110732.33563974309
1.7937137874423617,3.269294930274078e-08,3.835652650044106e-08,0.99898975943146,-1.7566018981635706e-07,-1.7566018981635706e-07,5.009569731508476e-08,3.8355256282235544e-08,3.8355256282235544e-08,2.771452602529656e-09,5.663577197700276e-09,5.66357719770028e-09,0.9989898745010395,-2.2234083814592825e-08,-2.2234083814592825e-08,-4.1359030663451755e-24,110226.70363370811
1.7960163725353557,3.26967112532186e-08,3.8349296965191817e-08,0.9989890158582676,-1.7557822418531046e-07,-1.7557822418531046e-07,5.010133044349495e-08,3.834826963925223e-08,3.834826963925223e-08,2.734767861606377e-09,5.652585711973218e-09,5.652585711973214e-09,0.9989891309061585,-2.2181036324543192e-08,-2.2181036324543192e-08,4.13590305920063e-24,109723.35911413113
1.7983189576283498,3.270042288697685e-08,3.834201218509734e-08,0.9989882748709967,-1.7551698231396505e-07,-1.7551698231396505e-07,5.010688396998293e-08,3.8341227492751916e-08,3.8341227492751916e-08,2.698165693914415e-09,5.641589298120497e-09,5.641589298120495e-09,0.9989883898970333,-2.2148933573575683e-08,-2.2148933573575683e-08,1.6543612215570162e-24,109222.2919770167
1.800621542721344,3.27040843157274e-08,3.833467233529577e-08,0.9989875364632079,-1.7547575294212717e-07,-1.7547575294212717e-07,5.01123580534253e-08,3.833411809279235e-08,3.833411809279235e-08,2.661645944666511e-09,5.6305880195683655e-09,5.630588019568367e-09,0.9989876514672249,-2.2137063600944093e-08,-2.2137063600944093e-08,-1.654361228639686e-24,108723.49216018857
1.802924127814338,3.270769565098489e-08,3.832727759059328e-08,0.9989868006284592,-1.7545286416504163e-07,-1.7545286416504163e-07,5.0117752852533704e-08,3.832693035245422e-08,3.832693035245422e-08,2.6252084594012644e-09,5.619581939608396e-09,5.61958193960839e-09,0.998986915610292,-2.2143753802668505e-08,-2.2143753802668505e-08,6.617444896905938e-24,108226.94964314914
1.805226712907332,3.271125700406708e-08,3.831982812546415e-08,0.9989860673603067,-1.754457783285396e-07,-1.754457783285396e-07,5.012306852585445e-08,3.831965437768615e-08,3.831965437768615e-08,2.58885308398207e-09,5.608571121397065e-09,5.608571121397066e-09,0.9989861823197911,-2.2166465826683015e-08,-2.2166465826683015e-08,-8.27180616056022e-25,107732.65444693982
1.807529298000326,3.271476848609514e-08,3.831232411405081e-08,0.9989853366523044,-1.7545122617901607e-07,-1.7545122617901607e-07,5.0128305231768264e-08,3.8312281932039545e-08,3.8312281932039545e-08,2.5525796645961985e-09,5.597555627955671e-09,5.597555627955673e-09,0.9989854515892768,-2.2201929722812822e-08,-2.2201929722812822e-08,-1.654361228593821e-24,107240.59663400054
1.80983188309332,3.2718230207994025e-08,3.830476573016388e-08,0.9989846084980049,-1.7546537288243055e-07,-1.7546537288243055e-07,5.013346312848994e-08,3.8304806815611766e-08,3.8304806815611766e-08,2.5163880477537534e-09,5.586535522169861e-09,5.586535522169855e-09,0.998984723412302,-2.224630996177503e-08,-2.224630996177503e-08,6.6174448969516245e-24,106750.76630802994
1.812134468186314,3.272164228049279e-08,3.8297153147282196e-08,0.998983882890959,-1.7548400732396258e-07,-1.7548400732396258e-07,5.013854237406806e-08,3.8297225142024646e-08,3.8297225142024646e-08,2.4802780802866274e-09,5.575510866789409e-09,5.5755108667894075e-09,0.9989839977824184,-2.22953947348338e-08,-2.22953947348338e-08,1.6543612216485685e-24,106263.15361384528
1.8144370532793082,3.2725004814124895e-08,3.828948653855291e-08,0.9989831598247161,-1.7550274520798736e-07,-1.7550274520798736e-07,5.014354312638467e-08,3.82895355024954e-08,3.82895355024954e-08,2.444249609347678e-09,5.5644817244280116e-09,5.564481724428012e-09,0.9989832746931757,-2.234479905377573e-08,-2.234479905377573e-08,-8.271806159954642e-25,105777.74873724271
1.8167396383723022,3.2728317919228555e-08,3.8281766076791494e-08,0.9989824392928247,-1.7551723612174238e-07,-1.7551723612174238e-07,5.014846554315499e-08,3.8281739011649024e-08,3.8281739011649024e-08,2.408302482409581e-09,5.553448157562938e-09,5.553448157562939e-09,0.998982554138123,-2.2390171814576407e-08,-2.2390171814576407e-08,-8.271806159804728e-25,105294.54190485779
1.8190422234652963,3.2731581705947083e-08,3.827399193448187e-08,0.998981721288832,-1.7552336482732328e-07,-1.7552336482732328e-07,5.015330978192711e-08,3.827383923526175e-08,3.827383923526175e-08,2.3724365472639304e-09,5.542410228534779e-09,5.542410228534786e-09,0.9989818361108078,-2.2427397089395808e-08,-2.2427397089395808e-08,-6.617444903836734e-24,104813.52338402515
1.8213448085582902,3.2734796284229174e-08,3.8266164283776385e-08,0.9989810058062842,-1.755174376008899e-07,-1.755174376008899e-07,5.0158076000081715e-08,3.826584200578195e-08,3.826584200578195e-08,2.3366516520202947e-09,5.5313679995472144e-09,5.531367999547211e-09,0.9989811206047771,-2.2452780465784363e-08,-2.2452780465784363e-08,3.3087224468144717e-24,104334.68348263962
1.8236473936512843,3.2737961763829274e-08,3.825828329649596e-08,0.9989802928387271,-1.7549634537951076e-07,-1.7549634537951076e-07,5.016276435483174e-08,3.8257755136283044e-08,3.8257755136283044e-08,2.300947645105131e-09,5.520321532666684e-09,5.5203215326666866e-09,0.998980407613577,-2.246321219352692e-08,-2.246321219352692e-08,-2.481541841041906e-24,103858.01254901623
1.8259499787442783,3.2741078254307885e-08,3.8250349144130104e-08,0.9989795823797059,-1.7545769682407226e-07,-1.7545769682407226e-07,5.0167375003222145e-08,3.8249588048185934e-08,3.8249588048185934e-08,2.265324375260967e-09,5.509270889822222e-09,5.5092708898222194e-09,0.9989796971307533,-2.245630024755184e-08,-2.245630024755184e-08,2.4815418342910173e-24,103383.50097175164
1.8282525638372724,3.274414586503188e-08,3.8242361997837024e-08,0.9989788744227648,-1.7539991591716003e-07,-1.7539991591716003e-07,5.017190810212957e-08,3.824135133136478e-08,3.824135133136478e-08,2.229781691545352e-09,5.498216132805146e-09,5.498216132805141e-09,0.9989789891498507,-2.243046792581193e-08,-2.243046792581193e-08,4.9630836719647995e-24,102911.13917958408
1.8305551489302665,3.2747164705174875e-08,3.823432202844368e-08,0.9989781689614488,-1.7532230058821286e-07,-1.7532230058821286e-07,5.0176363808262104e-08,3.823305625817044e-08,3.823305625817044e-08,2.1943194433298837e-09,5.487157323268801e-09,5.487157323268803e-09,0.9989782836644149,-2.238501247443815e-08,-2.238501247443815e-08,-1.654361228444781e-24,102440.91764125493
1.8328577340232606,3.275013488371748e-08,3.822622940644587e-08,0.9989774659893019,-1.7522504060788057e-07,-1.7522504060788057e-07,5.018074227815893e-08,3.822471427419547e-08,3.822471427419547e-08,2.1589374802993463e-09,5.476094522728394e-09,5.47609452272839e-09,0.9989775806679901,-2.2320122982097085e-08,-2.2320122982097085e-08,4.135903059440996e-24,101972.82686536957
1.8351603191162544,3.2753056509447715e-08,3.821808430200834e-08,0.9989767654998687,-1.7510919501778936e-07,-1.7510919501778936e-07,5.0185043668190106e-08,3.821633648930148e-08,3.821633648930148e-08,2.1236356524506956e-09,5.465027792560617e-09,5.465027792560624e-09,0.9989768801541216,-2.2236857809756007e-08,-2.2236857809756007e-08,-6.617444903733837e-24,101506.85740025828
1.8374629042092485,3.275592969096125e-08,3.820988688496482e-08,0.998976067486694,-1.7497663105248116e-07,-1.7497663105248116e-07,5.018926813455625e-08,3.8207933191704264e-08,3.8207933191704264e-08,2.0884138100920777e-09,5.453957194003573e-09,5.4539571940035725e-09,0.9989761821163546,-2.213708351262187e-08,-2.213708351262187e-08,8.271806092578798e-25,101042.99983383797
1.8397654893022426,3.2758754536661795e-08,3.820163732481817e-08,0.9989753719433226,-1.7482992827559415e-07,-1.7482992827559415e-07,5.0193415833288304e-08,3.819951340637918e-08,3.819951340637918e-08,2.0532718038419967e-09,5.442882788156373e-09,5.442882788156375e-09,0.9989754865482346,-2.202337897632147e-08,-2.202337897632147e-08,-2.4815418409398198e-24,100581.24479347377
1.8420680743952367,3.276153115476139e-08,3.8193335790740435e-08,0.9989746788633003,-1.7467225303308498e-07,-1.7467225303308498e-07,5.019748692024719e-08,3.819108451652594e-08,3.819108451652594e-08,2.0182094846282794e-09,5.431804635979041e-09,5.431804635979047e-09,0.9989747934433076,-2.189890987012324e-08,-2.189890987012324e-08,-5.790264291137576e-24,100121.58294584017
1.8443706594882308,3.276425965328073e-08,3.818498245157295e-08,0.9989739882401732,-1.745072095222236e-07,-1.745072095222236e-07,5.020148155112363e-08,3.8182651963589276e-08,3.8182651963589276e-08,1.9832267036871995e-09,5.42072279829222e-09,5.42072279829222e-09,0.9989741027951206,-2.17672797159318e-08,-2.17672797159318e-08,-3.252084827691135e-33,99664.00499678306
1.8466732445812248,3.2766940140049505e-08,3.8176577475826475e-08,0.9989733000674887,-1.743386746260341e-07,-1.743386746260341e-07,5.020539988143776e-08,3.8174219037431784e-08,3.8174219037431784e-08,1.9483233125625483e-09,5.4096373357769705e-09,5.40963733577697e-09,0.9989734145972212,-2.1632364722728204e-08,-2.1632364722728204e-08,8.271806093151836e-25,99208.50169118174
1.848975829674219,3.276957272270672e-08,3.816812103168123e-08,0.9989726143387947,-1.741706241519676e-07,-1.741706241519676e-07,5.0209242066539005e-08,3.816578676409899e-08,3.816578676409899e-08,1.9134991631046347e-09,5.398548308974521e-09,5.3985483089745134e-09,0.9989727288431578,-2.149814002524267e-08,-2.149814002524267e-08,7.44462550975359e-24,98755.06381281118
1.8512784147672128,3.2772157508701e-08,3.815961328698709e-08,0.9989719310476405,-1.7400695828736944e-07,-1.7400695828736944e-07,5.0213008261605686e-08,3.8157353894012245e-08,3.8157353894012245e-08,1.8787541074695013e-09,5.387455778286084e-09,5.387455778286089e-09,0.9989720455264803,-2.1368505139421082e-08,-2.1368505139421082e-08,-4.9630836785276976e-24,98303.68218420386
1.8535809998602069,3.277469460529093e-08,3.815105440926361e-08,0.9989712501875766,-1.7385133387758448e-07,-1.7385133387758448e-07,5.021669862164484e-08,3.814891698918059e-08,3.814891698918059e-08,1.844087998117878e-09,5.376359803972669e-09,5.376359803972677e-09,0.9989713646407399,-2.1247116240530042e-08,-2.1247116240530042e-08,-8.271806128725736e-24,97854.34766651242
1.855883584953201,3.2777184119545375e-08,3.81424445657002e-08,0.9989705717521549,-1.737070106141881e-07,-1.737070106141881e-07,5.022031330149191e-08,3.814047060351117e-08,3.814047060351117e-08,1.8095006878143235e-09,5.365260446154824e-09,5.365260446154824e-09,0.9989706861794886,-2.113723235138731e-08,-2.113723235138731e-08,-3.181443978030281e-33,97407.05115937266
1.858186170046195,3.2779626158343796e-08,3.8133783923156205e-08,0.998969895734929,-1.7357671743244513e-07,-1.7357671743244513e-07,5.022385245581053e-08,3.813200754671579e-08,3.813200754671579e-08,1.77499202962631e-09,5.354157764812403e-09,5.354157764812409e-09,0.9989700101362807,-2.1041581739820307e-08,-2.1041581739820307e-08,-5.790264291038678e-24,96961.78360076562
1.860488755139189,3.2782020828376565e-08,3.812507264816105e-08,0.998969222129454,-1.7346254432366432e-07,-1.7346254432366432e-07,5.0227316239092233e-08,3.812351921863865e-08,3.812351921863865e-08,1.7405618769233564e-09,5.343051819784482e-09,5.343051819784483e-09,0.998969336504672,-2.096225373102013e-08,-2.096225373102013e-08,-8.27180615706607e-25,96518.53596688146
1.8627913402321832,3.27843682361453e-08,3.811631090691436e-08,0.998968550929287,-1.7336586358783411e-07,-1.7336586358783411e-07,5.023070480565623e-08,3.811499599844796e-08,3.811499599844796e-08,1.70621008337608e-09,5.331942670769064e-09,5.331942670769063e-09,0.9989686652782198,-2.0900619960176674e-08,-2.0900619960176674e-08,1.6543612219663254e-24,96077.29927198184
1.865093925325177,3.2786668487963155e-08,3.810749886528607e-08,0.9989678821279872,-1.7328728310892383e-07,-1.7328728310892383e-07,5.0234018309649144e-08,3.810642767092102e-08,3.810642767092102e-08,1.6719365029552686e-09,5.32083037732291e-09,5.320830377322914e-09,0.9989679964504837,-2.085728764777956e-08,-2.085728764777956e-08,-3.308722453338047e-24,95638.06456826381
1.8673965104181711,3.2788921689955175e-08,3.8098636688816555e-08,0.9989672157191154,-1.732266328709564e-07,-1.732266328709564e-07,5.0237256905044755e-08,3.809780387111064e-08,3.809780387111064e-08,1.6377409899310897e-09,5.309714998861375e-09,5.30971499886138e-09,0.9989673300150255,-2.0832086115690174e-08,-2.0832086115690174e-08,-4.963083678430364e-24,95200.82294572322
1.8696990955111652,3.279112794805858e-08,3.808972454271679e-08,0.9989665516962353,-1.7318298443702794e-07,-1.7318298443702794e-07,5.024042074564377e-08,3.808911452824845e-08,3.808911452824845e-08,1.6036233988720924e-09,5.298596594658203e-09,5.298596594658207e-09,0.998966665965409,-2.0824086266160777e-08,-2.0824086266160777e-08,-4.135903065863652e-24,94765.56553201839
1.8720016806041593,3.2793287368023113e-08,3.808076259186846e-08,0.9989658900529126,-1.7315470176946415e-07,-1.7315470176946415e-07,5.0243509985073585e-08,3.808035029030874e-08,3.808035029030874e-08,1.5695835846443976e-09,5.28747522384534e-09,5.287475223845346e-09,0.9989660042952003,-2.083165140199031e-08,-2.083165140199031e-08,-5.790264290956077e-24,94332.28349233435
1.8743042656971534,3.2795400055411306e-08,3.8071751000824105e-08,0.9989652307827157,-1.7313952049604243e-07,-1.7313952049604243e-07,5.0246524776788016e-08,3.8071502911891264e-08,3.8071502911891264e-08,1.5356214024107864e-09,5.276350945412799e-09,5.276350945412799e-09,0.9989653449979687,-2.085251649274601e-08,-2.085251649274601e-08,-3.071309016202766e-33,93900.96802924713
1.8766068507901474,3.279746611559885e-08,3.806268993380727e-08,0.9989645738792156,-1.7313465161236787e-07,-1.7313465161236787e-07,5.024946527406709e-08,3.806256559007176e-08,3.806256559007176e-08,1.5017367076297914e-09,5.265223818208422e-09,5.265223818208419e-09,0.9989646880672853,-2.0883891877138793e-08,-2.0883891877138793e-08,3.3087224471543222e-24,93471.61038258768
1.8789094358831413,3.279948565377487e-08,3.805357955471263e-08,0.9989639193359858,-1.7313690474306213e-07,-1.7313690474306213e-07,5.02523316300168e-08,3.805353323534894e-08,3.805353323534894e-08,1.467929356054897e-09,5.254093900937763e-09,5.254093900937762e-09,0.9989640334967245,-2.0922586524211607e-08,-2.0922586524211607e-08,8.271806095087055e-25,93044.20182930674
1.8812120209761354,3.280145877494225e-08,3.8044420027106174e-08,0.9989632671466033,-1.7314282538258742e-07,-1.7314282538258742e-07,5.0255123997568865e-08,3.804440266790686e-08,3.804440266790686e-08,1.4341992037335935e-09,5.242961252163928e-09,5.242961252163925e-09,0.9989633812798634,-2.0965145274162727e-08,-2.0965145274162727e-08,2.4815418346281733e-24,92618.73368333992
1.8835146060691295,3.2803385583917964e-08,3.803521151422532e-08,0.9989626173046476,-1.731488401615867e-07,-1.731488401615867e-07,5.025784252948052e-08,3.8035172732582204e-08,3.8035172732582204e-08,1.4005461070065443e-09,5.231825930307351e-09,5.231825930307354e-09,0.9989627314102821,-2.1007994104685414e-08,-2.1007994104685414e-08,-3.308722453229662e-24,92195.19729547264
1.8858171911621235,3.2805266185333344e-08,3.8025954178979065e-08,0.998961969803702,-1.7315140399656247e-07,-1.7315140399656247e-07,5.026048737833426e-08,3.802584432960371e-08,3.802584432960371e-08,1.3669699225067447e-09,5.2206879936457175e-09,5.220687993645722e-09,0.9989620838815645,-2.104758728064621e-08,-2.104758728064621e-08,-4.1359030657693846e-24,91773.58405320506
1.8881197762551176,3.2807100683634445e-08,3.80166481839482e-08,0.9989613246373523,-1.731471431083979e-07,-1.731471431083979e-07,5.026305869653763e-08,3.801642036143484e-08,3.801642036143484e-08,1.3334705071585866e-09,5.209547500313755e-09,5.2095475003137576e-09,0.9989614386872969,-2.1080550372605093e-08,-2.1080550372605093e-08,-2.481541840650078e-24,91353.88538061826
1.8904223613481117,3.28088891830823e-08,3.80072936913854e-08,0.9989606817991883,-1.7313298822540934e-07,-1.7313298822540934e-07,5.0265556636323e-08,3.8006905599712314e-08,3.8006905599712314e-08,1.300047718177071e-09,5.1984045083031e-09,5.198404508303096e-09,0.9989607958210693,-2.110381345986775e-08,-2.110381345986775e-08,4.1359030597873416e-24,90936.09273823946
1.8927249464411058,3.2810631787753293e-08,3.7997890863215424e-08,0.9989600412828031,-1.7310629284676742e-07,-1.7310629284676742e-07,5.026798134974735e-08,3.799730647912261e-08,3.799730647912261e-08,1.266701413066982e-09,5.187259075462133e-09,5.187259075462131e-09,0.9989601552764757,-2.111472939390572e-08,-2.111472939390572e-08,2.481541834694431e-24,90520.19762290841
1.8950275315340996,3.28123286015394e-08,3.7988439861035275e-08,0.9989594030817938,-1.7306493220671753e-07,-1.7306493220671753e-07,5.027033298869205e-08,3.798763082806975e-08,3.798763082806975e-08,1.2334314496219044e-09,5.176111259495872e-09,5.176111259495874e-09,0.9989595170471134,-2.111117276257643e-08,-2.111117276257643e-08,-1.6543612280576148e-24,90106.19156764333
1.8973301166270937,3.281397972814856e-08,3.797894084611437e-08,0.9989587671897607,-1.7300737945793776e-07,-1.7300737945793776e-07,5.0272611704862604e-08,3.797788754807899e-08,3.797788754807899e-08,1.2002376859235413e-09,5.164961117965814e-09,5.164961117965813e-09,0.9989588811265833,-2.1091616073480265e-08,-2.1091616073480265e-08,8.271806096145074e-25,89694.06614150733
1.8996327017200878,3.281558527110495e-08,3.7969393979394707e-08,0.9989581336003086,-1.729327566207434e-07,-1.729327566207434e-07,5.0274817649788524e-08,3.796808625575057e-08,3.796808625575057e-08,1.167119980340731e-09,5.1538087082897655e-09,5.153808708289757e-09,0.9989582475084905,-2.1055180703164577e-08,-2.1055180703164577e-08,8.271806122604743e-24,89283.81294947553
1.9019352868130819,3.2817145333749303e-08,3.7959799421491035e-08,0.998957502307046,-1.7284085890706688e-07,-1.7284085890706688e-07,5.027695097482301e-08,3.795823690215529e-08,3.795823690215529e-08,1.1340781915287283e-09,5.142654087741731e-09,5.142654087741732e-09,0.9989576161864443,-2.1001661221102737e-08,-2.1001661221102737e-08,-8.271806154656268e-25,88875.4236323019
1.904237871906076,3.281866001923922e-08,3.795015733269104e-08,0.9989568733035857,-1.7273215211477125e-07,-1.7273215211477125e-07,5.027901183114285e-08,3.7948349385105375e-08,3.7948349385105375e-08,1.1011121784283059e-09,5.131497313451831e-09,5.131497313451826e-09,0.9989569871540578,-2.0931522784007083e-08,-2.0931522784007083e-08,4.963083672418449e-24,88468.88986638626
1.90654045699907,3.282012943054946e-08,3.794046787295554e-08,0.9989562465835446,-1.7260774387495232e-07,-1.7260774387495232e-07,5.028100036974811e-08,3.7938433169631226e-08,3.7938433169631226e-08,1.068221800264875e-09,5.120338442406072e-09,5.12033844240608e-09,0.9989563604049483,-2.0845872383130167e-08,-2.0845872383130167e-08,-8.271806128417163e-24,88064.20336364195
1.908843042092064,3.282155367047229e-08,3.793073120191862e-08,0.9989556221405442,-1.7246933050187955e-07,-1.7246933050187955e-07,5.028291674146201e-08,3.7928496931296843e-08,3.7928496931296843e-08,1.035406916547746e-09,5.10917753144633e-09,5.109177531446328e-09,0.9989557359327378,-2.0746405694205075e-08,-2.0746405694205075e-08,1.6543612222319467e-24,87661.35587136351
1.911145627185058,3.282293284161774e-08,3.7920947478887877e-08,0.9989549999682102,-1.7231912213574014e-07,-1.7231912213574014e-07,5.028476109693069e-08,3.7918548235714603e-08,3.7918548235714603e-08,1.0026673870693237e-09,5.09801463727014e-09,5.098014637270136e-09,0.9989551137310527,-2.0635332220188636e-08,-2.0635332220188636e-08,3.3087224473507286e-24,87260.33917209467
1.913448212278052,3.282426704641396e-08,3.791111686284456e-08,0.9989543800601733,-1.7215974958320862e-07,-1.7215974958320862e-07,5.028653358662299e-08,3.7908593265940676e-08,3.7908593265940676e-08,9.70003071904156e-10,5.086849816430607e-09,5.086849816430606e-09,0.998954493793524,-2.0515282131830368e-08,-2.0515282131830368e-08,1.654361222257348e-24,86861.14508349677
1.9157507973710461,3.282555638710747e-08,3.79012395124438e-08,0.9989537624100686,-1.7199415692040713e-07,-1.7199415692040713e-07,5.0288234360830293e-08,3.789863660720505e-08,3.789863660720505e-08,9.374138314082554e-10,5.07568312533634e-09,5.075683125336332e-09,0.9989538761137872,-2.0389198870631935e-08,-2.0389198870631935e-08,7.444625510141166e-24,86463.76545821705
1.9180533824640402,3.2826800965763523e-08,3.789131558601477e-08,0.998953147011536,-1.7182548429710972e-07,-1.7182548429710972e-07,5.02898635696663e-08,3.7888681096129065e-08,3.7888681096129065e-08,9.048995262181628e-10,5.064514620251248e-09,5.064514620251248e-09,0.9989532606854828,-2.026022195305064e-08,-2.026022195305064e-08,-2.823511140702032e-33,86068.19218375755
1.9203559675570343,3.2828000884266386e-08,3.788134524156091e-08,0.9989525338582207,-1.7165694567543593e-07,-1.7165694567543593e-07,5.029142136306686e-08,3.787872773877646e-08,3.787872773877646e-08,8.724600172502674e-10,5.053344357294522e-09,5.053344357294521e-09,0.9989526475022564,-2.0131564709192302e-08,-2.0131564709192302e-08,1.6543612222950656e-24,85674.41718234432
1.9226585526500284,3.2829156244319645e-08,3.787132863676009e-08,0.9989519229437727,-1.714917062523082e-07,-1.714917062523082e-07,5.0292907890789755e-08,3.786877569934034e-08,3.786877569934034e-08,8.400951656998723e-10,5.042172392440443e-09,5.0421723924404445e-09,0.9989520365577585,-2.0006391705267838e-08,-2.0006391705267838e-08,-1.6543612279045746e-24,85282.43241079651
1.9249611377430222,3.28302671474465e-08,3.786126592896488e-08,0.9989513142618469,-1.713327642132459e-07,-1.713327642132459e-07,5.0294323302414526e-08,3.7858822358378434e-08,3.7858822358378434e-08,8.078048330405043e-10,5.030998781518381e-09,5.030998781518383e-09,0.9989514278456447,-1.9887700497386372e-08,-1.9887700497386372e-08,-2.4815418404451824e-24,84892.22986039615
1.9272637228360163,3.2831333694990085e-08,3.785115727520267e-08,0.998950707806104,-1.711828411537005e-07,-1.711828411537005e-07,5.02956677473423e-08,3.784886343705292e-08,3.784886343705292e-08,7.755888810230176e-10,5.019823580212589e-09,5.019823580212587e-09,0.9989508213595758,-1.9778212052889804e-08,-1.9778212052889804e-08,1.6543612223323255e-24,84503.80155675784
1.9295663079290104,3.2832355988113765e-08,3.7841002832175945e-08,0.9989501035702097,-1.7104428505669182e-07,-1.7104428505669182e-07,5.0296941374795563e-08,3.783889318135408e-08,3.783889318135408e-08,7.434471716748534e-10,5.008646844062182e-09,5.008646844062179e-09,0.9989502170932183,-1.9680273727988038e-08,-1.9680273727988038e-08,2.4815418348976723e-24,84117.1395596993
1.9318688930220045,3.2833334127801444e-08,3.7830802756262454e-08,0.9989495015478354,-1.7091898912937765e-07,-1.7091898912937765e-07,5.029814433381805e-08,3.782890459823278e-08,3.782890459823278e-08,7.113795672992293e-10,4.997468628461012e-09,4.997468628461011e-09,0.9989496150402436,-1.959577810432783e-08,-1.959577810432783e-08,1.6543612223569135e-24,83732.23596311136
1.9341714781149986,3.2834268214857855e-08,3.782055720351545e-08,0.9989489017326577,-1.708083291223734e-07,-1.708083291223734e-07,5.029927677327448e-08,3.781888973384483e-08,3.781888973384483e-08,6.793859304743635e-10,4.986288988657595e-09,4.986288988657592e-09,0.9989490151943293,-1.9526100308311606e-08,-1.9526100308311606e-08,2.4815418349221597e-24,83349.0828948294
1.9364740632079926,3.2835158349908874e-08,3.781026632966388e-08,0.9989483041183593,-1.7071312097855338e-07,-1.7071312097855338e-07,5.030033884185045e-08,3.7808839982757625e-08,3.7808839982757625e-08,6.474661240526698e-10,4.9751079797550055e-09,4.975107979755004e-09,0.9989484175491583,-1.947205565989787e-08,-1.947205565989787e-08,1.6543612223813011e-24,82967.67251650318
1.9387766483009865,3.283600463340182e-08,3.7799930290112634e-08,0.9989477086986286,-1.7063359987947631e-07,-1.7063359987947631e-07,5.0301330688052236e-08,3.7798746416154214e-08,3.7798746416154214e-08,6.156200111599803e-10,4.963925656710815e-09,4.963925656710815e-09,0.9989478220984195,-1.9433878719025776e-08,-1.9433878719025776e-08,-2.7126347346267463e-33,82587.99702346954
1.9410792333939806,3.2836807165605734e-08,3.7789549239942743e-08,0.9989471154671595,-1.7056942090682192e-07,-1.7056942090682192e-07,5.03022524602066e-08,3.778860011662285e-08,3.778860011662285e-08,5.838474551947647e-10,4.952742074337006e-09,4.95274207433701e-09,0.9989472288358072,-1.9411223947050944e-08,-1.9411223947050944e-08,-3.308722452912675e-24,82210.04864462292
1.9433818184869747,3.283756604661171e-08,3.7779123333911604e-08,0.9989465244176524,-1.7051968078334983e-07,-1.7051968078334983e-07,5.030310430646066e-08,3.7778392507221654e-08,3.7778392507221654e-08,5.521483198273611e-10,4.941557287299898e-09,4.941557287299897e-09,0.9989466377550225,-1.9403187447703415e-08,-1.9403187447703415e-08,8.271806098644835e-25,81833.81964228804
1.9456844035799687,3.283828137633316e-08,3.77686527264532e-08,0.9989459355438134,-1.704829593540461e-07,-1.704829593540461e-07,5.0303886374781694e-08,3.776811566300507e-08,3.776811566300507e-08,5.205224689992037e-10,4.930371350120038e-09,4.930371350120044e-09,0.9989460488497716,-1.9408348448233295e-08,-1.9408348448233295e-08,-5.7902642905477664e-24,81459.30231209134
1.9479869886729628,3.283895325450615e-08,3.7758137571678365e-08,0.998945348839355,-1.7045737885136269e-07,-1.7045737885136269e-07,5.030459881295699e-08,3.775776259411785e-08,3.775776259411785e-08,4.889697669220135e-10,4.919184317172215e-09,4.919184317172213e-09,0.9989454621137678,-1.9424828564649224e-08,-1.9424828564649224e-08,1.6543612224414049e-24,81086.48898283427
1.950289573765957,3.283958178068968e-08,3.7747578023374965e-08,0.9989447642979957,-1.7044067834500264e-07,-1.7044067834500264e-07,5.0305241768593647e-08,3.774732749089064e-08,3.774732749089064e-08,4.574900780771251e-10,4.907996242685284e-09,4.907996242685288e-09,0.9989448775407298,-1.945036625150278e-08,-1.945036625150278e-08,-4.135903065417915e-24,80715.37201636538
1.952592158858951,3.284016705426595e-08,3.773697423500817e-08,0.9989441819134608,-1.7043030036054063e-07,-1.7043030036054063e-07,5.030581538911849e-08,3.7736805922913556e-08,3.7736805922913556e-08,4.2608326721457e-10,4.896807180742215e-09,4.896807180742215e-09,0.9989442951243835,-1.9482403420507966e-08,-1.9482403420507966e-08,-2.640951559630034e-33,80345.9438074538
1.9548947439519448,3.284070917444072e-08,3.772632635972066e-08,0.9989436016794815,-1.7042348626341846e-07,-1.7042348626341846e-07,5.030631982177784e-08,3.772619498597146e-08,3.772619498597146e-08,3.9474919935250526e-10,4.885617185279944e-09,4.8856171852799424e-09,0.9989437148584606,-1.9518180824535826e-08,-1.9518180824535826e-08,1.6543612224768802e-24,79978.1967836627
1.957197329044939,3.284120824024353e-08,3.771563455033288e-08,0.998943023589796,-1.704173768196229e-07,-1.704173768196229e-07,5.0306755213637366e-08,3.771549339266926e-08,3.771549339266926e-08,3.6348773977630205e-10,4.874426310089346e-09,4.87442631008935e-09,0.9989431367366997,-1.9554838618291395e-08,-1.9554838618291395e-08,-4.135903065382585e-24,79612.12340522243
1.959499914137933,3.284166435052808e-08,3.770489895934329e-08,0.9989424476381489,-1.704091142512243e-07,-1.704091142512243e-07,5.030712171158199e-08,3.770470150470646e-08,3.770470150470646e-08,3.3229875403785015e-10,4.863234608815216e-09,4.8632346088152115e-09,0.9989425607528457,-1.9589518413851143e-08,-1.9589518413851143e-08,4.135903060159372e-24,79247.71616490523
1.961802499230927,3.284207760397244e-08,3.769411973892858e-08,0.9989418738182917,-1.7039594216596413e-07,-1.7039594216596413e-07,5.030741946231565e-08,3.7693821306860375e-08,3.7693821306860375e-08,3.011821079548399e-10,4.852042134956145e-09,4.852042134956141e-09,0.998941986900651,-1.96194632102498e-08,-1.96194632102498e-08,4.135903060171004e-24,78884.96758789914
1.9641050843239212,3.284244809907941e-08,3.768329704094396e-08,0.9989413021239824,-1.7037529991759025e-07,-1.7037529991759025e-07,5.0307648612361235e-08,3.768285632474961e-08,3.768285632474961e-08,2.7013766760994757e-10,4.840848941864549e-09,4.840848941864547e-09,0.9989414151738735,-1.964211175381442e-08,-1.964211175381442e-08,1.6543612225235053e-24,78523.87023168257
1.9664076694169152,3.2842775934176785e-08,3.767243101692334e-08,0.9989407325489862,-1.703449082527559e-07,-1.703449082527559e-07,5.0307809308060356e-08,3.767181149041648e-08,3.767181149041648e-08,2.3916529935012836e-10,4.8296550827465495e-09,4.829655082746553e-09,0.9989408455662793,-1.9655184185062543e-08,-1.9655184185062543e-08,-3.308722452783124e-24,78164.41668589949
1.968710254509909,3.284306120741763e-08,3.766152181807964e-08,0.9989401650870754,-1.703028434865255e-07,-1.703028434865255e-07,5.030790169557327e-08,3.766069296140175e-08,3.766069296140175e-08,2.082648697858738e-10,4.8184606106620124e-09,4.818460610662009e-09,0.9989402780716409,-1.9656756214206946e-08,-1.9656756214206946e-08,3.3087224476525867e-24,77806.59957223448
1.9710128396029032,3.2843304016780625e-08,3.765056959530503e-08,0.998939599732029,-1.7024759794135724e-07,-1.7024759794135724e-07,5.030792592087871e-08,3.764950790054129e-08,3.764950790054129e-08,1.7743624579046448e-10,4.807265578524401e-09,4.807265578524403e-09,0.9989397126837377,-1.9645319560137125e-08,-1.9645319560137125e-08,-1.6543612276541377e-24,77450.41154428816
1.9733154246958973,3.28435044600703e-08,3.763957449917117e-08,0.9989390364776334,-1.7017812490040397e-07,-1.7017812490040397e-07,5.030788212977372e-08,3.763826422479077e-08,3.763826422479077e-08,1.4667929449927414e-10,4.79607003910087e-09,4.7960700391008685e-09,0.9989391493963569,-1.9619826903719294e-08,-1.9619826903719294e-08,1.6543612225693677e-24,77095.84528745341
1.9756180097888913,3.284366263491737e-08,3.762853667992947e-08,0.9989384753176822,-1.700938669406199e-07,-1.700938669406199e-07,5.0307770467873547e-08,3.762697033233771e-08,3.762697033233771e-08,1.1599388330894471e-10,4.784874045012095e-09,4.7848740450120975e-09,0.9989385882032923,-1.957972022090202e-08,-1.957972022090202e-08,-2.481541840184423e-24,76742.89351879133
1.9779205948818854,3.2843778638779006e-08,3.761745628751136e-08,0.9989379162459765,-1.6999476707198164e-07,-1.6999476707198164e-07,5.0307591080611525e-08,3.7615634817679073e-08,3.7615634817679073e-08,8.537987987676048e-11,4.773677648732362e-09,4.7736776487323565e-09,0.9989380290983454,-1.9524941921936185e-08,-1.9524941921936185e-08,5.790264285357155e-24,76391.54898690774
1.9802231799748795,3.2843852568939125e-08,3.760633347152856e-08,0.9989373592563247,-1.698812627536502e-07,-1.698812627536502e-07,5.0307344113238874e-08,3.760426618458623e-08,3.760426618458623e-08,5.4837152119876616e-11,4.762480902589433e-09,4.762480902589435e-09,0.998937472075325,-1.945592886753595e-08,-1.945592886753595e-08,-2.4815418401618674e-24,76041.80447183001
1.9825257650678734,3.284388452250869e-08,3.7595168381273294e-08,0.9989368043425424,-1.697542633938548e-07,-1.697542633938548e-07,5.0307029710824624e-08,3.7592872566654e-08,3.7592872566654e-08,2.4365568214569277e-11,4.7512838587646024e-09,4.7512838587646066e-09,0.9989369171280476,-1.9373589868761635e-08,-1.9373589868761635e-08,-4.135903065256715e-24,75693.65278488425
1.9848283501608674,3.2843874596426e-08,3.7583961165718626e-08,0.9989362514984533,-1.6961511251309898e-07,-1.6961511251309898e-07,5.030664801825548e-08,3.758146146466164e-08,3.758146146466164e-08,-6.035003404438774e-12,4.740086569292623e-09,4.740086569292626e-09,0.9989363642503368,-1.9279267850224474e-08,-1.9279267850224474e-08,-3.308722452692526e-24,75347.08676857264
1.9871309352538615,3.284382288745697e-08,3.757271197351869e-08,0.9989357007178886,-1.694655362065851e-07,-1.694655362065851e-07,5.030619918023566e-08,3.757003950917171e-08,3.757003950917171e-08,-3.636469404469032e-11,4.72888908606172e-09,4.72888908606172e-09,0.9989358134360246,-1.9174688312510335e-08,-1.9174688312510335e-08,-2.469299651125518e-33,75002.09929645142
1.9894335203468556,3.284372949219542e-08,3.756142095300895e-08,0.998935151994687,-1.6930757996328335e-07,-1.6930757996328335e-07,5.030568334128681e-08,3.7558612255747934e-08,3.7558612255747934e-08,-6.662363475675504e-11,4.717691460813525e-09,4.717691460813525e-09,0.9989352646789498,-1.9061896151247562e-08,-1.9061896151247562e-08,-2.458230285580548e-33,74658.68327300892
1.9917361054398497,3.2843594507063405e-08,3.75500882522065e-08,0.9989346053226951,-1.69143536224043e-07,-1.69143536224043e-07,5.030510064574784e-08,3.75471840188962e-08,3.75471840188962e-08,-9.681195633493082e-11,4.706493745143093e-09,4.7064937451430935e-09,0.9989347179729599,-1.8943183215217005e-08,-1.8943183215217005e-08,-8.271806150002343e-25,74316.8316335439
1.9940386905328438,3.284341802831143e-08,3.753871401881033e-08,0.9989340606957676,-1.6897586529271617e-07,-1.6897586529271617e-07,5.030445123777486e-08,3.7535757749428273e-08,3.7535757749428273e-08,-1.2692978931790544e-10,4.695295990498909e-09,4.695295990498903e-09,0.9989341733119097,-1.882100921747485e-08,-1.882100921747485e-08,6.6174448979879925e-24,73976.53734404441
1.9963412756258379,3.2843200152018786e-08,3.7527298400201605e-08,0.9989335181077672,-1.6880711236538184e-07,-1.6880711236538184e-07,5.0303735261340994e-08,3.7524334958359354e-08,3.7524334958359354e-08,-1.5697726398948892e-10,4.68409824818282e-09,4.68409824818282e-09,0.9989336306896625,-1.869791876457542e-08,-1.869791876457542e-08,-2.425296555189496e-33,73637.79340106681
1.9986438607188317,3.284294097409385e-08,3.751584154344394e-08,0.9989329775525644,-1.686398234804443e-07,-1.686398234804443e-07,5.030295286023631e-08,3.751291568891346e-08,3.751291568891346e-08,-1.8695451037932325e-10,4.672900569350088e-09,4.672900569350089e-09,0.998933090100089,-1.8576457306668527e-08,-1.8576457306668527e-08,-1.654361227520465e-24,73300.59283161534
2.000946445811826,3.284264059027433e-08,3.750434359528367e-08,0.9989324390240378,-1.6847646315238156e-07,-1.6847646315238156e-07,5.0302104178067696e-08,3.750149853652187e-08,3.750149853652187e-08,-2.1686165826359933e-10,4.661703005009343e-09,4.66170300500934e-09,0.9989325515370686,-1.8459088771246893e-08,-1.8459088771246893e-08,3.308722447808543e-24,72964.92869302149
2.00324903090482,3.2842299096127575e-08,3.749280470215015e-08,0.9989319025160746,-1.683193363136205e-07,-1.683193363136205e-07,5.0301189358258725e-08,3.749008071524643e-08,3.749008071524643e-08,-2.466988371656817e-10,4.650505606022574e-09,4.650505606022577e-09,0.9989320149944887,-1.834811750501989e-08,-1.834811750501989e-08,-3.3087224526048816e-24,72630.79407282468
2.0055516159978137,3.284191658705087e-08,3.748122501015607e-08,0.9989313680225697,-1.6817051697094664e-07,-1.6817051697094664e-07,5.0300208544049574e-08,3.7478658167483253e-08,3.7478658167483253e-08,-2.7646617635689524e-10,4.639308423105204e-09,4.639308423105198e-09,0.9989314804662447,-1.824561693032236e-08,-1.824561693032236e-08,6.6174448980422026e-24,72298.1820886521
2.007854201090808,3.2841493158271704e-08,3.7469604665097665e-08,0.9989308355374268,-1.6803178570381126e-07,-1.6803178570381126e-07,5.029916187849689e-08,3.746722571261198e-08,3.746722571261198e-08,-3.061638048571363e-10,4.6281115068259615e-09,4.6281115068259615e-09,0.9989309479462408,-1.81533670434206e-08,-1.81533670434206e-08,-2.3713118858861127e-33,71967.08588809962
2.010156786183802,3.284102890484805e-08,3.745794381245508e-08,0.9989303050545578,-1.6790457777429785e-07,-1.6790457777429785e-07,5.0298049504473696e-08,3.745577722900105e-08,3.745577722900105e-08,-3.35791851435617e-10,4.616914907607026e-09,4.616914907607026e-09,0.9989304174283893,-1.8072802524477536e-08,-1.8072802524477536e-08,-2.3606492412493307e-33,71637.4986486132
2.012459371276796,3.284052392166868e-08,3.744624259739262e-08,0.9989297765678833,-1.677899432426957e-07,-1.677899432426957e-07,5.029687156466931e-08,3.744430586295151e-08,3.744430586295151e-08,-3.6535044461152166e-10,4.605718675723935e-09,4.6057186757239395e-09,0.998929888906611,-1.8004972853125218e-08,-1.8004972853125218e-08,-4.135903065115169e-24,71309.41357736968
2.01476195636979,3.283997830345341e-08,3.7434501164759066e-08,0.9989292500713323,-1.676885200470134e-07,-1.676885200470134e-07,5.029562820158919e-08,3.7432804257398475e-08,3.7432804257398475e-08,-3.948397126546595e-10,4.594522861305653e-09,4.594522861305653e-09,0.9989293623748358,-1.795051538797713e-08,-1.795051538797713e-08,-2.3394569663826434e-33,70982.82391115926
2.0170645414627844,3.283939214475341e-08,3.742271965908795e-08,0.9989287255588422,-1.6760052057635772e-07,-1.6760052057635772e-07,5.029431955755488e-08,3.7421264792784014e-08,3.7421264792784014e-08,-4.242597835862246e-10,4.583327514334549e-09,4.583327514334543e-09,0.9989288378270011,-1.7909641940005905e-08,-1.7909641940005905e-08,6.6174448980952945e-24,70657.72291626669
2.019367126555778,3.283876553995147e-08,3.741089822459789e-08,0.9989282030243594,-1.6752573182471526e-07,-1.6752573182471526e-07,5.029294577470386e-08,3.7409679832302994e-08,3.7409679832302994e-08,-4.536107851793785e-10,4.57213268464642e-09,4.57213268464642e-09,0.9989283152570541,-1.78821389263237e-08,-1.78821389263237e-08,-2.318440987694285e-33,70334.10388835467
2.021669711648772,3.2838098583262306e-08,3.739903700519284e-08,0.998927682461839,-1.6746352877988293e-07,-1.6746352877988293e-07,5.029150699498954e-08,3.739804196378496e-08,3.739804196378496e-08,-4.828928449600144e-10,4.560938421930538e-09,4.560938421930534e-09,0.9989277946589501,-1.7867380759111575e-08,-1.7867380759111575e-08,4.13590306045714e-24,70011.96015234587
2.0239722967417664,3.28373913687328e-08,3.738713614446242e-08,0.9989271638652449,-1.6741290030948318e-07,-1.6741290030948318e-07,5.029000336018106e-08,3.7386344230769877e-08,3.7386344230769877e-08,-5.121060902073221e-10,4.549744775729625e-09,4.549744775729623e-09,0.9989272760266533,-1.7864355731633494e-08,-1.7864355731633494e-08,1.6543612228084554e-24,69691.28506230614
2.0262748818347602,3.283664399024233e-08,3.737519578568223e-08,0.99892664722855,-1.6737248642495179e-07,-1.6737248642495179e-07,5.028843501186326e-08,3.737458034586214e-08,3.737458034586214e-08,-5.412506479545665e-10,4.538551795439907e-09,4.538551795439903e-09,0.9989267593541373,-1.7871703282222852e-08,-1.7871703282222852e-08,3.3087224479248658e-24,69372.07200132847
2.0285774669277545,3.283585654150302e-08,3.7363216071814144e-08,0.9989261325457358,-1.6734062550324732e-07,-1.6734062550324732e-07,5.028680209143659e-08,3.736274488014777e-08,3.736274488014777e-08,-5.703266449897039e-10,4.5273595303111305e-09,4.5273595303111255e-09,0.998926244635384,-1.7887761215990742e-08,-1.7887761215990742e-08,4.9630836730412335e-24,69054.31438141597
2.0308800520207484,3.283502911606e-08,3.73511971455066e-08,0.9989256198107932,-1.673154097610306e-07,-1.673154097610306e-07,5.0285104740117004e-08,3.7350833423381436e-08,3.7350833423381436e-08,-5.993342078559749e-10,4.516168029446603e-09,4.516168029446604e-09,0.9989257318643846,-1.7910621179004196e-08,-1.7910621179004196e-08,-8.271806148196917e-25,68738.0056433666
2.0331826371137427,3.283416180729175e-08,3.7339139149094953e-08,0.998925109017722,-1.672947470944392e-07,-1.672947470944392e-07,5.028334309893585e-08,3.733884271062602e-08,3.733884271062602e-08,-6.282734628526812e-10,4.504977341803205e-09,4.504977341803201e-09,0.9989252210351395,-1.7938190498059382e-08,-1.7938190498059382e-08,4.1359030605087e-24,68423.13925665725
2.0354852222067366,3.2833254708410316e-08,3.732704222460174e-08,0.9989246001605313,-1.6727642723761747e-07,-1.6727642723761747e-07,5.028151730873986e-08,3.7326770712221156e-08,3.7326770712221156e-08,-6.571445360357999e-10,4.493787516191414e-09,4.493787516191422e-09,0.998924712141658,-1.796825833921052e-08,-1.796825833921052e-08,-8.271806127776532e-24,68109.70871932888
2.0377878072997304,3.283230791246161e-08,3.731490651373702e-08,0.998924093233239,-1.67258190140399e-07,-1.67258190140399e-07,5.0279627510190974e-08,3.7314616685068797e-08,3.7314616685068797e-08,-6.859475532185787e-10,4.482598601275403e-09,4.482598601275409e-09,0.9989242051779585,-1.7998564085450915e-08,-1.7998564085450915e-08,-5.790264290107309e-24,67797.70755787133
2.0400903923927247,3.28313215123257e-08,3.7302732157898694e-08,0.9989235882298728,-1.6723779444585903e-07,-1.6723779444585903e-07,5.0277673843766345e-08,3.730238118451992e-08,3.730238118451992e-08,-7.146826399722815e-10,4.471410645572997e-09,4.471410645572996e-09,0.9989237001380693,-1.8026865814264253e-08,-1.8026865814264253e-08,1.6543612228800384e-24,67487.12932710872
2.0423929774857186,3.283029560071706e-08,3.72905192981728e-08,0.9989230851444694,-1.6721308401610174e-07,-1.6721308401610174e-07,5.027565644975819e-08,3.729006603727649e-08,3.729006603727649e-08,-7.433499216267471e-10,4.460223697455747e-09,4.46022369745574e-09,0.9989231970160273,-1.805100682341055e-08,-1.805100682341055e-08,7.444625510761288e-24,67177.96761008597
2.044695562578713,3.282923027018488e-08,3.727826807533385e-08,0.9989225839710748,-1.671820505687365e-07,-1.671820505687365e-07,5.027357546827378e-08,3.727767427693104e-08,3.727767427693104e-08,-7.719495232711393e-10,4.449037805148975e-09,4.449037805148972e-09,0.998922695805879,-1.8068978267401102e-08,-1.8068978267401102e-08,2.481541835453135e-24,66870.21601795395
2.0469981476717067,3.282812561311331e-08,3.726597862984515e-08,0.9989220847037448,-1.671428906609744e-07,-1.671428906609744e-07,5.02714310392353e-08,3.7265210044807074e-08,3.7265210044807074e-08,-8.004815697544639e-10,4.437853016731843e-09,4.437853016731838e-09,0.9989221965016807,-1.8078976141593818e-08,-1.8078976141593818e-08,4.963083673122189e-24,66563.86818985695
2.0493007327647006,3.2826981721721765e-08,3.72536511018591e-08,0.9989215873365443,-1.670940554758354e-07,-1.670940554758354e-07,5.026922330237983e-08,3.7252678459733074e-08,3.7252678459733074e-08,-8.289461856862846e-10,4.426669380137337e-09,4.4266693801373365e-09,0.9989216990974976,-1.8079451068399003e-08,-1.8079451068399003e-08,8.271806103669799e-25,66258.91779281873
2.051603317857695,3.282579868806518e-08,3.724128563121756e-08,0.9989210918635482,-1.670342921262029e-07,-1.670342921262029e-07,5.0266952397259234e-08,3.7240085461219934e-08,3.7240085461219934e-08,-8.573434954374061e-10,4.415486943152379e-09,4.4154869431523796e-09,0.9989212035874051,-1.8069149601332657e-08,-1.8069149601332657e-08,-8.271806147291877e-25,65955.3585216303
2.0539059029506888,3.282457660403428e-08,3.722888235745214e-08,0.9989205982788405,-1.6696267547317367e-07,-1.6696267547317367e-07,5.026461846324013e-08,3.7227437631157915e-08,3.7227437631157915e-08,-8.856736231403704e-10,4.404305753417867e-09,4.4043057534178656e-09,0.9989207099654875,-1.80471460433651e-08,-1.80471460433651e-08,1.6543612229397412e-24,65653.18409873721
2.056208488043683,3.282331556135587e-08,3.721644141978455e-08,0.9989201065765152,-1.668786297719321e-07,-1.668786297719321e-07,5.026222163950379e-08,3.7214741999679064e-08,3.7214741999679064e-08,-9.139366926902191e-10,4.393125858428678e-09,4.393125858428679e-09,0.9989202182258394,-1.801286409279389e-08,-1.801286409279389e-08,-8.271806147095373e-25,65352.38827412739
2.058511073136677,3.2822015651593134e-08,3.720396295712691e-08,0.9989196167506761,-1.6678193976132026e-07,-1.6678193976132026e-07,5.025976206504608e-08,3.720200584112155e-08,3.720200584112155e-08,-9.421328277451103e-10,4.381947305533774e-09,4.381947305533776e-09,0.9989197283625649,-1.7966087932812624e-08,-1.7966087932812624e-08,-1.654361227252802e-24,65052.96482521957
2.060813658229671,3.2820676966145826e-08,3.7191447108082085e-08,0.9989191287954363,-1.666727511485486e-07,-1.666727511485486e-07,5.0257239878677434e-08,3.718923646619967e-08,3.718923646619967e-08,-9.702621517268073e-10,4.370770141936259e-09,4.370770141936258e-09,0.9989192403697776,-1.7906962716220273e-08,-1.7906962716220273e-08,8.271806104160036e-25,64754.90755675168
2.063116243322665,3.2819299596250636e-08,3.7178894010944054e-08,0.9989186427049193,-1.6655156072654551e-07,-1.6655156072654551e-07,5.0254655219022724e-08,3.717644101641816e-08,3.717644101641816e-08,-9.983247878214951e-10,4.359594414693418e-09,4.359594414693418e-09,0.9989187542416013,-1.78359846827693e-08,-1.78359846827693e-08,-2.1273429561089277e-33,64458.21030066996
2.065418828415659,3.2817883632981404e-08,3.716630380369818e-08,0.998918158473258,-1.6641919667680323e-07,-1.6641919667680323e-07,5.025200822452128e-08,3.716362626656984e-08,3.716362626656984e-08,-1.026320858980266e-09,4.348420170716786e-09,4.348420170716779e-09,0.9989182699721695,-1.7753981462010493e-08,-1.7753981462010493e-08,6.617444898306519e-24,64162.866916018
2.0677214135086532,3.2816429167249423e-08,3.715367662402162e-08,0.9989176760945957,-1.6627678985092263e-07,-1.6627678985092263e-07,5.024929903342676e-08,3.715079844077571e-08,3.715079844077571e-08,-1.0542504879198257e-09,4.337247456772202e-09,4.337247456772195e-09,0.9989177875556255,-1.7662083354836157e-08,-1.7662083354836157e-08,6.6174448983161185e-24,63868.871288826595
2.070023998601647,3.281493628980369e-08,3.714101260928358e-08,0.9989171955630852,-1.6612573707970528e-07,-1.6612573707970528e-07,5.024652778380715e-08,3.713796304700047e-08,3.713796304700047e-08,-1.0821137971230403e-09,4.326076319479891e-09,4.32607631947989e-09,0.998917306986123,-1.7561686642570954e-08,-1.7561686642570954e-08,1.6543612230075116e-24,63576.21733200359
2.0723265836946414,3.2813405091231196e-08,3.7128311896545745e-08,0.9989167168728897,-1.659676577371485e-07,-1.659676577371485e-07,5.024369461354468e-08,3.7125124734342496e-08,3.7125124734342496e-08,-1.1099109088396059e-09,4.314906805314543e-09,4.314906805314549e-09,0.9989168282578255,-1.7454410150965515e-08,-1.7454410150965515e-08,-5.790264289960219e-24,63284.89898522401
2.0746291687876353,3.281183566195718e-08,3.711557462256255e-08,0.9989162400181824,-1.6580434495242274e-07,-1.6580434495242274e-07,5.024079966033579e-08,3.711228717663748e-08,3.711228717663748e-08,-1.137641945086602e-09,4.303738960605368e-09,4.303738960605367e-09,0.9989163513649062,-1.7342046462172548e-08,-1.7342046462172548e-08,8.27180610473481e-25,62994.910214821335
2.0769317538806296,3.28102280922454e-08,3.710280092378155e-08,0.9989157649931464,-1.6563771296701612e-07,-1.6563771296701612e-07,5.0237843061691047e-08,3.7099452985094505e-08,3.7099452985094505e-08,-1.165307027649179e-09,4.2925728315361495e-09,4.292572831536149e-09,0.9989158763015491,-1.7226509271889918e-08,-1.7226509271889918e-08,8.271806104829195e-25,62706.245013677726
2.0792343389736234,3.2808582472198434e-08,3.708999093634377e-08,0.9989152917919751,-1.6546974219966232e-07,-1.6546974219966232e-07,5.023482495493515e-08,3.708662365180995e-08,3.708662365180995e-08,-1.1929062780810441e-09,4.28140846414534e-09,4.281408464145337e-09,0.9989154030619479,-1.7109778454287236e-08,-1.7109778454287236e-08,3.3087224481514008e-24,62418.89740111612
2.0815369240666173,3.280689889175789e-08,3.707714479608404e-08,0.9989148204088725,-1.6530242360094826e-07,-1.6530242360094826e-07,5.023174547720683e-08,3.70737995250838e-08,3.70737995250838e-08,-1.2204398177052558e-09,4.270245904326151e-09,4.27024590432615e-09,0.9989149316403069,-1.6993844416612086e-08,-1.6993844416612086e-08,8.271806105016766e-25,62132.861422791226
2.0838395091596116,3.2805177440704746e-08,3.706426263853135e-08,0.9989143508380522,-1.6513770385124057e-07,-1.6513770385124057e-07,5.0228604765458856e-08,3.7060979816587863e-08,3.7060979816587863e-08,-1.2479077676146116e-09,4.259085197826606e-09,4.2590851978266054e-09,0.9989144620308401,-1.6880653297115166e-08,-1.6880653297115166e-08,8.271806105109955e-25,61848.13115058206
2.0861420942526054,3.280341820865956e-08,3.70513445989092e-08,0.9989138830737386,-1.6497743288764748e-07,-1.6497743288764748e-07,5.0225402956457935e-08,3.704816263951965e-08,3.704816263951965e-08,-1.2753102486723934e-09,4.2479263902496366e-09,4.247926390249641e-09,0.9989139942277724,-1.6772054492010678e-08,-1.6772054492010678e-08,-4.135903064797891e-24,61564.70068248438
2.0884446793455997,3.280162128508277e-08,3.703839081213593e-08,0.9989134171101663,-1.6482331513941797e-07,-1.6482331513941797e-07,5.022214018678473e-08,3.70353450760933e-08,3.70353450760933e-08,-1.302647381512921e-09,4.236769527053162e-09,4.236769527053158e-09,0.9989135282253387,-1.666975189087426e-08,-1.666975189087426e-08,4.135903060741626e-24,61282.5641425031
2.0907472644385936,3.2799786759274954e-08,3.7025401412825106e-08,0.9989129529415804,-1.6467686570576757e-07,-1.6467686570576757e-07,5.0218816592833776e-08,3.7022523271904846e-08,3.7022523271904846e-08,-1.3299192865421235e-09,4.225614653550152e-09,4.225614653550151e-09,0.9989130640177847,-1.6575260054467148e-08,-1.6575260054467148e-08,8.271806105387163e-25,61001.715680545574
2.0930498495315875,3.279791472037709e-08,3.701237653528585e-08,0.9989124905622364,-1.6453937254587527e-07,-1.6453937254587527e-07,5.021543231081347e-08,3.7009692554100605e-08,3.7009692554100605e-08,-1.3571260839381643e-09,4.2144618149087565e-09,4.214461814908758e-09,0.998912601599366,-1.6489866404731878e-08,-1.6489866404731878e-08,-1.6543612271112048e-24,60722.149472315155
2.0953524346245818,3.279600525737083e-08,3.6999316313523204e-08,0.9989120299664,-1.644118655474318e-07,-1.644118655474318e-07,5.021198747674601e-08,3.699684756964812e-08,3.699684756964812e-08,-1.384267893652018e-09,4.203311056152373e-09,4.203311056152373e-09,0.998912140964349,-1.641460029333898e-08,-1.641460029333898e-08,-1.9960263776490957e-33,60443.85971920476
2.0976550197175756,3.2794058459078776e-08,3.698622088123849e-08,0.9989115711483479,-1.6429509313990964e-07,-1.6429509313990964e-07,5.02084822264674e-08,3.6983982439615833e-08,3.6983982439615833e-08,-1.411344835408072e-09,4.192162422159714e-09,4.192162422159713e-09,0.9989116821070105,-1.6350209614955688e-08,-1.6350209614955688e-08,8.271806105660855e-25,60166.8406481913
2.09995760481057,3.2792074414164704e-08,3.6973090371829655e-08,0.9989111141023673,-1.6418950688576639e-07,-1.6418950688576639e-07,5.0204916695627375e-08,3.6971090924995305e-08,3.6971090924995305e-08,-1.4383570287046672e-09,4.181015957664957e-09,4.1810159576649505e-09,0.9989112250216384,-1.6297145398447766e-08,-1.6297145398447766e-08,6.617444898446325e-24,59891.08651172978
2.102260189903564,3.27900532111339e-08,3.6959924918391645e-08,0.9989106588227556,-1.6409525426579254e-07,-1.6409525426579254e-07,5.0201291019689404e-08,3.695816659943353e-08,3.695816659943353e-08,-1.4653045928147164e-09,4.169871707257748e-09,4.169871707257746e-09,0.9989107697025305,-1.6255554592225962e-08,-1.6255554592225962e-08,1.654361223137166e-24,59616.591587648625
2.104562774996558,3.2787994938333345e-08,3.6946724653716746e-08,0.9989102053038215,-1.640121796443703e-07,-1.640121796443703e-07,5.019760533393065e-08,3.694520302415665e-08,3.694520302415665e-08,-1.4921876467863232e-09,4.1587297153834005e-09,4.158729715383401e-09,0.9989103161439954,-1.622528102950331e-08,-1.622528102950331e-08,-8.271806145129483e-25,59343.35017904431
2.106865360089552,3.2785899683952044e-08,3.693348971029499e-08,0.9989097535398838,-1.6393983318616815e-07,-1.6393983318616815e-07,5.0193859773441915e-08,3.69321939204338e-08,3.69321939204338e-08,-1.519006309443245e-09,4.147590026342944e-09,4.147590026342943e-09,0.9989098643403529,-1.6205874344988207e-08,-1.6205874344988207e-08,8.271806106020378e-25,59071.35661417753
2.109167945182546,3.278376753602125e-08,3.692022022031446e-08,0.9989093035252723,-1.6387748729432073e-07,-1.6387748729432073e-07,5.019005447312768e-08,3.6919133335106266e-08,3.6919133335106266e-08,-1.5457606993855988e-09,4.1364526842932085e-09,4.136452684293212e-09,0.9989094142859329,-1.6196606413062892e-08,-1.6196606413062892e-08,-3.308722452154208e-24,58800.605246368556
2.11147053027554,3.2781598582414745e-08,3.69069163156617e-08,0.9989088552543278,-1.638241599503755e-07,-1.638241599503755e-07,5.018618956770601e-08,3.6906015795003956e-08,3.6906015795003956e-08,-1.5724509349903596e-09,4.125317733246952e-09,4.125317733246952e-09,0.9989089659750767,-1.619649468772872e-08,-1.619649468772872e-08,-1.9332425513855722e-33,58531.09045389363
2.113773115368534,3.277939291084909e-08,3.689357812792206e-08,0.9989084087214015,-1.637786441808471e-07,-1.637786441808471e-07,5.018226519170859e-08,3.689283644645713e-08,3.689283644645713e-08,-1.5990771344118806e-09,4.11418521707298e-09,4.114185217072974e-09,0.9989085194021359,-1.6204331669158848e-08,-1.6204331669158848e-08,5.7902642859467684e-24,58262.80663988171
2.1160757004615283,3.277715060888391e-08,3.6880205788380084e-08,0.9989079639208557,-1.6373954273028024e-07,-1.6373954273028024e-07,5.0178281479480656e-08,3.687959117660604e-08,3.687959117660604e-08,-1.6256394155826685e-09,4.10305517949618e-09,4.103055179496176e-09,0.998908074561473,-1.621871957675991e-08,-1.621871957675991e-08,4.1359030608494925e-24,57995.74823221131
2.118378285554522,3.277487176392212e-08,3.6866799428019844e-08,0.9989075208470635,-1.6370530692161337e-07,-1.6370530692161337e-07,5.0174238565181026e-08,3.6866276713742145e-08,3.6866276713742145e-08,-1.652137896213654e-09,4.091927664097729e-09,4.091927664097727e-09,0.9989076314474618,-1.6238109209533996e-08,-1.6238109209533996e-08,1.654361223199151e-24,57729.90968340761
2.1206808706475164,3.277255646321021e-08,3.6853359177525345e-08,0.9989070794944088,-1.6367427859702682e-07,-1.6367427859702682e-07,5.017013658278204e-08,3.685289070455327e-08,3.685289070455327e-08,-1.6785726937949828e-09,4.080802714315132e-09,4.080802714315138e-09,0.9989071900544864,-1.626084188692544e-08,-1.626084188692544e-08,-6.617444902322421e-24,57465.285470540184
2.1229834557405103,3.2770204793838524e-08,3.68398851672809e-08,0.998906639857287,-1.6364473399502516e-07,-1.6364473399502516e-07,5.016597566606958e-08,3.683943176675038e-08,3.683943176675038e-08,-1.704943925596543e-09,4.069680373442375e-09,4.069680373442374e-09,0.9989067503769425,-1.6285193325901566e-08,-1.6285193325901566e-08,8.271806106634951e-25,57201.870095121325
2.125286040833504,3.276781684274147e-08,3.682637752737145e-08,0.9989062019301038,-1.636149283952955e-07,-1.636149283952955e-07,5.016175594864302e-08,3.682589951626391e-08,3.682589951626391e-08,-1.7312517086683812e-09,4.0585606846299865e-09,4.058560684629979e-09,0.9989063124092364,-1.630941828580972e-08,-1.630941828580972e-08,7.444625511096348e-24,56939.65808300369
2.1275886259264984,3.276539269669782e-08,3.6812836387583e-08,0.9989057657072764,-1.635831403836088e-07,-1.635831403836088e-07,5.015747756391525e-08,3.6812294568817994e-08,3.6812294568817994e-08,-1.7574961598414672e-09,4.04744369088518e-09,4.047443690885178e-09,0.9989058761457855,-1.63317948332768e-08,-1.63317948332768e-08,1.6543612232337463e-24,56678.643984279384
2.1298912110194923,3.2762932442330966e-08,3.679926187740299e-08,0.9989053311832329,-1.6354771462856446e-07,-1.6354771462856446e-07,5.015314064511265e-08,3.679861851638318e-08,3.679861851638318e-08,-1.7836773957280933e-09,4.0363294350720176e-09,4.036329435072021e-09,0.9989054415810185,-1.635066711895251e-08,-1.635066711895251e-08,-3.308722452075863e-24,56418.822373179115
2.1321937961124866,3.2760436166109147e-08,3.6785654126020614e-08,0.9989048983524124,-1.6350710213360262e-07,-1.6350710213360262e-07,5.014874532527509e-08,3.678487387959751e-08,3.678487387959751e-08,-1.8097955327224682e-09,4.02521795991147e-09,4.025217959911467e-09,0.9989050087093747,-1.6364485629520166e-08,-1.6364485629520166e-08,2.4815418358038506e-24,56160.187847971
2.1344963812054805,3.275790395434574e-08,3.677201326232727e-08,0.9989044672092653,-1.6345989702070996e-07,-1.6345989702070996e-07,5.014429173725589e-08,3.677106403783817e-08,3.677106403783817e-08,-1.835850687001289e-09,4.014109307981528e-09,4.0141093079815274e-09,0.998904577525305,-1.6371843971400885e-08,-1.6371843971400885e-08,8.271806107062787e-25,55902.735030861
2.1367989662984748,3.275533589319953e-08,3.675833941491689e-08,0.9989040377482532,-1.6340486901730705e-07,-1.6340486901730705e-07,5.013978001372186e-08,3.6757193139136366e-08,3.6757193139136366e-08,-1.8618429745243182e-09,4.003003521717358e-09,4.003003521717361e-09,0.9989041480232714,-1.63715113576395e-08,-1.63715113576395e-08,-3.308722452050413e-24,55646.45856789215
2.1391015513914686,3.275273206867489e-08,3.6744632712086336e-08,0.9989036099638486,-1.633409909472383e-07,-1.633409909472383e-07,5.0135210287153274e-08,3.674326599256784e-08,3.674326599256784e-08,-1.8877725110348185e-09,3.9919006434114444e-09,3.991900643411443e-09,0.9989037201977468,-1.636246009889295e-08,-1.636246009889295e-08,1.6543612232761644e-24,55391.353128845876
2.1414041364844625,3.275009256662217e-08,3.673089328183581e-08,0.9989031838505356,-1.6326746067413166e-07,-1.6326746067413166e-07,5.013058268984389e-08,3.6729287946132255e-08,3.6729287946132255e-08,-1.9136394120602237e-09,3.9808007152136385e-09,3.98080071521364e-09,0.9989032940432154,-1.6343887546788425e-08,-1.6343887546788425e-08,-1.6543612269275716e-24,55137.41340714179
2.143706721577457,3.274741747273781e-08,3.671712125186917e-08,0.9989027594028091,-1.6318371709346518e-07,-1.6318371709346518e-07,5.0125897353900886e-08,3.67152647533997e-08,3.67152647533997e-08,-1.939443792912606e-09,3.9697037791313614e-09,3.9697037791313614e-09,0.998902869554173,-1.63152320859885e-08,-1.63152320859885e-08,-1.813177433130196e-33,54884.63411973945
2.1460093066704506,3.274470687256469e-08,3.6703316749594396e-08,0.9989023366151759,-1.6308944993419065e-07,-1.6308944993419065e-07,5.012115441124496e-08,3.670120243241388e-08,3.670120243241388e-08,-1.965185768689235e-09,3.958609877029702e-09,3.958609877029706e-09,0.9989024467251262,-1.627618293581307e-08,-1.627618293581307e-08,-4.135903064570012e-24,54633.010007039586
2.148311891763445,3.274196085149237e-08,3.668947990212392e-08,0.9989019154821536,-1.62984603280477e-07,-1.62984603280477e-07,5.011635399361024e-08,3.6687107120426546e-08,3.6687107120426546e-08,-1.990865454273079e-09,3.947519050631549e-09,3.947519050631552e-09,0.9989020255505933,-1.6226683671981325e-08,-1.6226683671981325e-08,-3.308722452008717e-24,54382.53583278579
2.150614476856439,3.2739179494757305e-08,3.667561083627502e-08,0.9989014959982713,-1.6286937288997998e-07,-1.6286937288997998e-07,5.011149623254434e-08,3.6672984928065315e-08,3.6672984928065315e-08,-2.016482964333408e-09,3.936431341517712e-09,3.9364313415177135e-09,0.9989016060251038,-1.6166929544879906e-08,-1.6166929544879906e-08,-1.6543612268944304e-24,54133.2063839667
2.1529170619494327,3.273636288744317e-08,3.6661709678570235e-08,0.9989010781580695,-1.627441975211683e-07,-1.627441975211683e-07,5.0106581259408375e-08,3.665884179644928e-08,3.665884179644928e-08,-2.042038413326325e-09,3.92534679112707e-09,3.925346791127067e-09,0.9989011881431985,-1.609735880688736e-08,-1.609735880688736e-08,3.308722448431932e-24,53885.01647071845
2.155219647042427,3.2733511114481036e-08,3.6647776555237713e-08,0.9989006619561,-1.626097446324922e-07,-1.626097446324922e-07,5.0101609205376914e-08,3.6644683360615664e-08,3.6644683360615664e-08,-2.0675319154951873e-09,3.9142654407566774e-09,3.9142654407566774e-09,0.9989007718994297,-1.601863841154135e-08,-1.601863841154135e-08,-1.7720175182424837e-33,53637.96092622756
2.157522232135421,3.273062426064969e-08,3.663381159221163e-08,0.9989002473869264,-1.6246689092979976e-07,-1.6246689092979976e-07,5.009658020143805e-08,3.663051482238467e-08,3.663051482238467e-08,-2.0929635848713047e-09,3.903187331561946e-09,3.9031873315619436e-09,0.9989003572883611,-1.5931644560953226e-08,-1.5931644560953226e-08,2.4815418358951917e-24,53392.03460663388
2.159824817228415,3.272770241057584e-08,3.6619814915132596e-08,0.9988998344451233,-1.6231669835599357e-07,-1.6231669835599357e-07,5.009149437839336e-08,3.661634083548474e-08,3.661634083548474e-08,-2.1183335352742784e-09,3.8921125045567516e-09,3.8921125045567565e-09,0.9988999443045681,-1.583743869546319e-08,-1.583743869546319e-08,-4.963083677073967e-24,53147.23239093431
2.162127402321409,3.27247456487344e-08,3.6605786649348006e-08,0.9988994231252768,-1.6216038620240253e-07,-1.6216038620240253e-07,5.0086351866857964e-08,3.6602165405403305e-08,3.6602165405403305e-08,-2.1436418803126668e-09,3.881041000613597e-09,3.881041000613606e-09,0.9988995329426368,-1.5737239605010512e-08,-1.5737239605010512e-08,-9.098986739831049e-24,52903.5491808865
2.1644299874144033,3.272175405944873e-08,3.659172691991245e-08,0.9988990134219848,-1.619993000959931e-07,-1.619993000959931e-07,5.00811527972605e-08,3.65879918060174e-08,3.65879918060174e-08,-2.1688887333844974e-09,3.869972860463722e-09,3.869972860463719e-09,0.9988991231971656,-1.5632392416343305e-08,-1.5632392416343305e-08,3.308722448472388e-24,52660.97990091296
2.166732572507397,3.27187277268909e-08,3.6577635851588116e-08,0.9988986053298565,-1.6183487866768984e-07,-1.6183487866768984e-07,5.007589729984317e-08,3.657382251461085e-08,3.657382251461085e-08,-2.1940742076776722e-09,3.858908124697217e-09,3.858908124697218e-09,0.9988987150627641,-1.5524335261337376e-08,-1.5524335261337376e-08,-8.271806142847636e-25,52419.51949800578
2.169035157600391,3.271566673508192e-08,3.656351356884518e-08,0.9988981988435127,-1.6166861873685975e-07,-1.6166861873685975e-07,5.0070585504661736e-08,3.655965916642267e-08,3.655965916642267e-08,-2.2191984161706587e-09,3.84784683376326e-09,3.847846833763263e-09,0.9988983085340535,-1.5414564461479024e-08,-1.5414564461479024e-08,-2.481541839382866e-24,52179.16294163134
2.1713377426933853,3.2712571167892e-08,3.654936019586221e-08,0.9988977939575859,-1.6150203985893818e-07,-1.6150203985893818e-07,5.006521754158552e-08,3.6545502529374246e-08,3.6545502529374246e-08,-2.244261471632825e-09,3.836789027970214e-09,3.836789027970211e-09,0.9988979036056665,-1.530459907548934e-08,-1.530459907548934e-08,2.4815418359432176e-24,51939.90522363537
2.173640327786379,3.270944110904081e-08,3.6535175856526554e-08,0.9988973906667201,-1.613366490716099e-07,-1.613366490716099e-07,5.0059793540297485e-08,3.6531352499158505e-08,3.6531352499158505e-08,-2.2692634866250896e-09,3.82573474748574e-09,3.825734747485743e-09,0.9988975002722477,-1.5195945645503677e-08,-1.5195945645503677e-08,-2.4815418393670646e-24,51701.74135814888
2.1759429128793735,3.270627664209774e-08,3.6520960674434725e-08,0.9988969889655709,-1.611739066469212e-07,-1.611739066469212e-07,5.00543136302942e-08,3.651720811437502e-08,3.651720811437502e-08,-2.294204573500385e-09,3.814684032336981e-09,3.8146840323369815e-09,0.9988970985284529,-1.509006394918229e-08,-1.509006394918229e-08,-8.271806142531591e-25,51464.66638149361
2.1782454979723673,3.2703077850482125e-08,3.6506714772892834e-08,0.9988965888488055,-1.6101519360984228e-07,-1.6101519360984228e-07,5.004877794088588e-08,3.6503067590972496e-08,3.6503067590972496e-08,-2.3190848444041584e-09,3.803636922410708e-09,3.803636922410709e-09,0.9988966983689498,-1.4988334518270948e-08,-1.4988334518270948e-08,-8.27180614245343e-25,51228.675352088416
2.1805480830653616,3.2699844817463495e-08,3.6492438274916965e-08,0.9988961903111029,-1.6086178171994386e-07,-1.6086178171994386e-07,5.004318660119641e-08,3.6488928374802325e-08,3.6488928374802325e-08,-2.343904411274901e-09,3.792593457453468e-09,3.79259345745347e-09,0.9988962997884178,-1.4892028620276001e-08,-1.4892028620276001e-08,-1.6543612267905887e-24,50993.763350356014
2.1828506681583555,3.2696577626161846e-08,3.6478131303233596e-08,0.9988957933471537,-1.6071480653851568e-07,-1.6071480653851568e-07,5.003753974016339e-08,3.64747872107409e-08,3.64747872107409e-08,-2.36866338584462e-09,3.781553677071755e-09,3.78155367707175e-09,0.9988959027815476,-1.4802281325581296e-08,-1.4802281325581296e-08,4.9630836736413814e-24,50759.92547862953
2.1851532532513493,3.269327635954787e-08,3.646379398027997e-08,0.9988953979516603,-1.6057524411183535e-07,-1.6057524411183535e-07,5.003183748653813e-08,3.646064022646668e-08,3.646064022646668e-08,-2.3933618796393875e-09,3.770517620732096e-09,3.770517620732097e-09,0.9988955073430422,-1.4720068190715474e-08,-1.4720068190715474e-08,-8.271806142220976e-25,50527.156861059724
2.1874558383443437,3.268994110044323e-08,3.644942642820453e-08,0.9988950041193367,-1.6044389170768833e-07,-1.6044389170768833e-07,5.002607996888569e-08,3.6446483028723846e-08,3.6446483028723846e-08,-2.4180000039798303e-09,3.7594853277613e-09,3.759485327761298e-09,0.9988951134676161,-1.4646185994870207e-08,-1.4646185994870207e-08,1.654361223444667e-24,50295.45264352296
2.1897584234373375,3.268657193152078e-08,3.643502876886731e-08,0.9988946118449088,-1.6032135293466214e-07,-1.6032135293466214e-07,5.002026731558492e-08,3.6432310809656835e-08,3.6432310809656835e-08,-2.442577869981583e-09,3.748456837346536e-09,3.748456837346531e-09,0.9988947211499951,-1.4581237859192902e-08,-1.4581237859192902e-08,4.963083673664426e-24,50064.80799352877
2.192061008530332,3.2683168935304795e-08,3.642060112384034e-08,0.998894221123114,-1.6020802746827665e-07,-1.6020802746827665e-07,5.001439965482848e-08,3.6418118460647764e-08,3.6418118460647764e-08,-2.4670955885558856e-09,3.737432188535546e-09,3.737432188535546e-09,0.9988943303849174,-1.452562297291529e-08,-1.452562297291529e-08,-1.6461249167507805e-33,49835.21810012799
2.1943635936233257,3.267973219417128e-08,3.6406143614408065e-08,0.9988938319487018,-1.6010410549769202e-07,-1.6010410549769202e-07,5.0008477114622884e-08,3.640390069097975e-08,3.640390069097975e-08,-2.491553270409947e-09,3.726411420236787e-09,3.726411420236787e-09,0.9988939411671327,-1.4479531040059762e-08,-1.4479531040059762e-08,-1.63854280995426e-33,49606.67817382171
2.1966661787163195,3.267626179034817e-08,3.639165636156772e-08,0.9988934443164336,-1.6000956689767228e-07,-1.6000956689767228e-07,5.000249982278852e-08,3.638965214860972e-08,3.638965214860972e-08,-2.515951026047562e-09,3.715394571219556e-09,3.7153945712195548e-09,0.9988935534914026,-1.4442941451401397e-08,-1.4442941451401397e-08,1.2407709171985479e-24,49379.18344646979
2.198968763809314,3.2672757805915575e-08,3.637713948602977e-08,0.998893058221082,-1.5992418502821748e-07,-1.5992418502821748e-07,4.9996467906959694e-08,3.63753675403567e-08,3.63753675403567e-08,-2.5402889657695534e-09,3.7043816801142022e-09,3.7043816801141964e-09,0.9988931673525004,-1.4415627084098392e-08,-1.4415627084098392e-08,5.790264286247717e-24,49152.72917120032
2.2012713489023077,3.266922032280605e-08,3.636259310821832e-08,0.9988926736574322,-1.5984753496150857e-07,-1.5984753496150857e-07,4.999038149458467e-08,3.6361041748889814e-08,3.6361041748889814e-08,-2.564567199674199e-09,3.693372785412266e-09,3.6933727854122647e-09,0.9988927827452115,-1.4397162528635299e-08,-1.4397162528635299e-08,1.2407709172135481e-24,48927.31062231916
2.203573933995302,3.266564942280483e-08,3.634801734827149e-08,0.9988922906202806,-1.5977900584931637e-07,-1.5977900584931637e-07,4.9984240712925685e-08,3.634666994403491e-08,3.634666994403491e-08,-2.5887858376578685e-09,3.6823679254666557e-09,3.6823679254666636e-09,0.9988923996643326,-1.438693645623041e-08,-1.438693645623041e-08,-7.858215820862305e-24,48702.9230952197
2.205876519088296,3.266204518755006e-08,3.633341232604187e-08,0.998891909104436,-1.5971781705646004e-07,-1.5971781705646004e-07,4.9978045689059036e-08,3.633224768610723e-08,3.633224768610723e-08,-2.612944989415379e-09,3.6713671384918185e-09,3.671367138491814e-09,0.998892018104673,-1.4384167752292552e-08,-1.4384167752292552e-08,4.54949336744053e-24,48479.56190629336
2.20817910418129,3.2658407698533064e-08,3.631877816109689e-08,0.9988915291047189,-1.5966303762129337e-07,-1.5966303762129337e-07,4.997179654987507e-08,3.6317771019200124e-08,3.6317771019200124e-08,-2.637044764440529e-09,3.6603704625638304e-09,3.6603704625638255e-09,0.9988916380610534,-1.4387924976905808e-08,-1.4387924976905808e-08,4.96308367372443e-24,48257.222392839845
2.210481689274284,3.265473703709857e-08,3.630411497271927e-08,0.9988911506159616,-1.5961360853844915e-07,-1.5961360853844915e-07,4.9965493422078264e-08,3.630323655263888e-08,3.630323655263888e-08,-2.6610852720265646e-09,3.6493779356207003e-09,3.6493779356207015e-09,0.9988912595283065,-1.4397148647572068e-08,-1.4397148647572068e-08,-1.2407709204159233e-24,48035.89991297832
2.212784274367278,3.2651033284444966e-08,3.62894228799074e-08,0.9988907736330084,-1.5956836731948815e-07,-1.5956836731948815e-07,4.995913643218725e-08,3.6288641529092615e-08,3.6288641529092615e-08,-2.6850666212666993e-09,3.638389595462434e-09,3.6383895954624323e-09,0.998890882501277,-1.4410675799858554e-08,-1.4410675799858554e-08,1.6543612235269962e-24,47815.589845558396
2.215086859460272,3.2647296521624524e-08,3.627470200137577e-08,0.9988903981507156,-1.5952607424862143e-07,-1.5952607424862143e-07,4.9952725706534844e-08,3.6273983878176e-08,3.6273983878176e-08,-2.7089889210545712e-09,3.6274054797512483e-09,3.627405479751246e-09,0.9988905069748215,-1.4427266243118347e-08,-1.4427266243118347e-08,2.481541836087315e-24,47596.28759007182
2.217389444553266,3.264352682954368e-08,3.6259952455555395e-08,0.9988900241639515,-1.594854397357689e-07,-1.594854397357689e-07,4.994626137126814e-08,3.6259262254694646e-08,3.6259262254694646e-08,-2.7328522800846846e-09,3.616425626011712e-09,3.6164256260117142e-09,0.9988901329438088,-1.4445629913547321e-08,-1.4445629913547321e-08,-2.0679515329470787e-24,47377.988566564425
2.2196920296462603,3.263972428896322e-08,3.624517436059421e-08,0.998889651667596,-1.5944515216067845e-07,-1.5944515216067845e-07,4.9939743552348514e-08,3.624447606104617e-08,3.624447606104617e-08,-2.7566568068529367e-09,3.605450071630986e-09,3.605450071630985e-09,0.998889760403119,-1.4464454718301617e-08,-1.4464454718301617e-08,8.271806109957454e-25,47160.68821554805
2.221994614739254,3.26358889804986e-08,3.62303678343575e-08,0.9988892806565416,-1.5940390561062284e-07,-1.5940390561062284e-07,4.9933172375551694e-08,3.622962545362823e-08,3.622962545362823e-08,-2.7804026096570934e-09,3.594478853858898e-09,3.5944788538589004e-09,0.998889389347645,-1.4482434273192845e-08,-1.4482434273192845e-08,-2.4815418392091696e-24,46944.38199791356
2.2242971998322485,3.2632020984620086e-08,3.62155329944283e-08,0.9988889111256922,-1.593604269332728e-07,-1.593604269332728e-07,4.99265479664678e-08,3.6214711333444764e-08,3.6214711333444764e-08,-2.8040897965971985e-09,3.583512009808218e-09,3.5835120098082155e-09,0.9988890197722912,-1.4498294955559583e-08,-1.4498294955559583e-08,2.4815418361161607e-24,46729.0653948432
2.2265997849252424,3.2628120381653086e-08,3.620066995810784e-08,0.9988885430699641,-1.5931350155795287e-07,-1.5931350155795287e-07,4.991987045050141e-08,3.6199735321431856e-08,3.6199735321431856e-08,-2.8277184755760996e-09,3.5725495764547575e-09,3.5725495764547575e-09,0.9988886516719739,-1.4510821725521494e-08,-1.4510821725521494e-08,-1.5357888724871683e-33,46514.733907724156
2.228902370018236,3.262418725177835e-08,3.618577884241595e-08,0.9988881764842854,-1.5926199757972979e-07,-1.5926199757972979e-07,4.9913139952871606e-08,3.618469971931982e-08,3.618469971931982e-08,-2.851288754299902e-09,3.5615915906375943e-09,3.561591590637597e-09,0.998888285041622,-1.4518882210065992e-08,-1.4518882210065992e-08,-2.895132145464284e-24,46301.38305806191
2.2312049551112305,3.262022167503221e-08,3.6170859764091446e-08,0.9988878113635963,-1.5920488765256987e-07,-1.5920488765256987e-07,4.9906356598612e-08,3.616960745713996e-08,3.616960745713996e-08,-2.8748007402784625e-09,3.5506380890592343e-09,3.5506380890592347e-09,0.9988879198761755,-1.4521448596204084e-08,-1.4521448596204084e-08,-4.135903077981296e-25,46089.00838739408
2.2335075402042244,3.261622373130682e-08,3.615591283959263e-08,0.9988874477028491,-1.5914126829472975e-07,-1.5914126829472975e-07,4.989952051257084e-08,3.615446202871686e-08,3.615446202871686e-08,-2.8982545408257793e-09,3.539689108285811e-09,3.539689108285811e-09,0.9988875561705877,-1.4517616936359223e-08,-1.4517616936359223e-08,-1.514575623101444e-33,45877.605457204765
2.2358101252972187,3.2612193500350415e-08,3.6140938185097616e-08,0.9988870854970081,-1.5907037627698665e-07,-1.5907037627698665e-07,4.989263181941104e-08,3.613926741671726e-08,3.613926741671726e-08,-2.9216502630605373e-09,3.5287446847472017e-09,3.528744684747201e-09,0.9988871939198226,-1.4506623536596187e-08,-1.4506623536596187e-08,8.271806110454615e-25,45667.169848838625
2.2381127103902125,3.260813106176751e-08,3.612593591650483e-08,0.9988867247410497,-1.5899160183020892e-07,-1.5899160183020892e-07,4.9885690643610224e-08,3.6124028008982303e-08,3.6124028008982303e-08,-2.944988013906502e-09,3.5178048547373187e-09,3.5178048547373166e-09,0.9988868331188574,-1.4487858164189612e-08,-1.4487858164189612e-08,2.0679515298819816e-24,45457.697163416306
2.2404152954832064,3.2604036495019194e-08,3.611090614943338e-08,0.9988863654299622,-1.589044984856802e-07,-1.589044984856802e-07,4.987869710946083e-08,3.61087485080226e-08,3.61087485080226e-08,-2.968267900093036e-09,3.5068696544141933e-09,3.5068696544141883e-09,0.9988864737626807,-1.4460873887946679e-08,-1.4460873887946679e-08,4.963083673824526e-24,45249.183021749064
2.2427178805762007,3.2599909879423317e-08,3.6095848999223505e-08,0.9988860075587463,-1.58808789430728e-07,-1.58808789430728e-07,4.987165134107012e-08,3.6093433835630574e-08,3.6093433835630574e-08,-2.991490028155526e-09,3.495939119800189e-09,3.4959391198001884e-09,0.9988861158462934,-1.4425393433833991e-08,-1.4425393433833991e-08,8.271806110663062e-25,45041.62306425432
2.2450204656691946,3.259575129415475e-08,3.6080764580937e-08,0.9988856511224146,-1.5870437034058142e-07,-1.5870437034058142e-07,4.986455346236026e-08,3.607808903462756e-08,3.607808903462756e-08,-3.014654504435839e-09,3.4850132867822527e-09,3.4850132867822498e-09,0.9988857593647084,-1.4381312016833425e-08,-1.4381312016833425e-08,2.895132142455763e-24,44835.01295087183
2.247323050762189,3.259156081824563e-08,3.60656530093576e-08,0.9988852961159917,-1.585913087157677e-07,-1.585913087157677e-07,4.985740359706841e-08,3.6062719169761155e-08,3.6062719169761155e-08,-3.0377614350827747e-09,3.4740921911119723e-09,3.4740921911119723e-09,0.9988854043129508,-1.4328696678337288e-08,-1.4328696678337288e-08,-1.4729764791399844e-33,44629.34836097913
2.2496256358551827,3.258733853058557e-08,3.6050514398991475e-08,0.9988849425345145,-1.5846983982596876e-07,-1.5846983982596876e-07,4.9850201868746744e-08,3.604732922974091e-08,3.604732922974091e-08,-3.06081092605253e-09,3.463175868405911e-09,3.4631758684059068e-09,0.9988850506860577,-1.4267782230002859e-08,-1.4267782230002859e-08,4.135903061298989e-24,44424.62499330857
2.251928220948177,3.2583084509921936e-08,3.60353488640676e-08,0.9988845903730322,-1.5834035942489397e-07,-1.5834035942489397e-07,4.984294840076254e-08,3.603192403232521e-08,3.603192403232521e-08,-3.0838030831091524e-09,3.452264354145666e-09,3.4522643541456613e-09,0.9988846984790788,-1.4198963968623579e-08,-1.4198963968623579e-08,4.5494933675823e-24,44220.83856586369
2.254230806041171,3.257879883486004e-08,3.6020156518538176e-08,0.9988842396266056,-1.5820341345986053e-07,-1.5820341345986053e-07,4.9835643316298255e-08,3.601650813426634e-08,3.601650813426634e-08,-3.106738011824944e-09,3.441357683678139e-09,3.441357683678139e-09,0.9988843476870751,-1.412278738570783e-08,-1.412278738570783e-08,-1.4525840731919732e-33,44017.98481583642
2.2565333911341647,3.25744815838634e-08,3.600493747607911e-08,0.998883890290308,-1.5805968505381864e-07,-1.5805968505381864e-07,4.9828286738351566e-08,3.600108574777804e-08,3.600108574777804e-08,-3.1296158175809903e-09,3.430455892215715e-09,3.4304558922157107e-09,0.9988839983051204,-1.4039935149502203e-08,-1.4039935149502203e-08,4.549493367595806e-24,43816.05949952435
2.258835976227159,3.257013283525398e-08,3.598969185009039e-08,0.9988835423592248,-1.5790997908122196e-07,-1.5790997908122196e-07,4.982087878973546e-08,3.598566066502395e-08,3.598566066502395e-08,-3.1524366055675257e-09,3.4195590148364085e-09,3.4195590148364126e-09,0.9988836503283004,-1.3951211680860397e-08,-1.3951211680860397e-08,-4.135903064204276e-24,43615.05839224856
2.261138561320153,3.25657526672124e-08,3.5974419753696534e-08,0.9988831958284535,-1.577552046991504e-07,-1.577552046991504e-07,4.98134195930783e-08,3.597023619192637e-08,3.597023619192637e-08,-3.175200480784438e-09,3.4086670864841292e-09,3.4086670864841325e-09,0.9988833037517127,-1.3857525684364255e-08,-1.3857525684364255e-08,-3.3087224516445696e-24,43414.977288271606
2.263441146413147,3.256134115777821e-08,3.595912129974702e-08,0.9988828506931039,-1.5759635622187943e-07,-1.5759635622187943e-07,4.980590927082388e-08,3.595481509238924e-08,3.595481509238924e-08,-3.197907548041669e-09,3.397780141968803e-09,3.3977801419688078e-09,0.9988829585704678,-1.375987102289135e-08,-1.375987102289135e-08,-4.963083676743975e-24,43215.81200071562
2.265743731506141,3.255689838485009e-08,3.594379660081672e-08,0.9988825069482976,-1.5743449275059689e-07,-1.5743449275059689e-07,4.979834794523154e-08,3.59393995437899e-08,3.59393995437899e-08,-3.220557911959638e-09,3.3868982159666275e-09,3.3868982159666304e-09,0.9988826147796874,-1.3659306347330017e-08,-1.3659306347330017e-08,-2.895132145354786e-24,43017.55836148132
2.2680463165991354,3.255242442618607e-08,3.592844576920629e-08,0.9988821645891689,-1.5727071697924545e-07,-1.5727071697924545e-07,4.979073573837619e-08,3.592399110436983e-08,3.592399110436983e-08,-3.2431516769697805e-09,3.3760213430202195e-09,3.3760213430202195e-09,0.9988822723745062,-1.3556933902420288e-08,-1.3556933902420288e-08,-1.4125975463562966e-33,42820.21222116666
2.270348901692129,3.2547919359403834e-08,3.591306891694267e-08,0.9988818236108638,-1.5710615360347146e-07,-1.5710615360347146e-07,4.978307277214842e-08,3.5908590692895016e-08,3.5908590692895016e-08,-3.2656889473148694e-09,3.365149557538842e-09,3.3651495575388393e-09,0.9988819313500705,-1.3453877935700766e-08,-1.3453877935700766e-08,2.8951321425295616e-24,42623.76944898617
2.272651486785123,3.254338326198086e-08,3.5897666155779445e-08,0.9988814840085406,-1.569419277528436e-07,-1.569419277528436e-07,4.9775359168254545e-08,3.5893198580729745e-08,3.5893198580729745e-08,-3.288169827049492e-09,3.354282893798589e-09,3.3542828937985846e-09,0.9988815917015391,-1.3351263129725822e-08,-1.3351263129725822e-08,4.5494933676421505e-24,42428.22593269066
2.2749540718781174,3.2538816211254734e-08,3.588223759719731e-08,0.9988811457773701,-1.5677914385504354e-07,-1.5677914385504354e-07,4.97675950482167e-08,3.5877814396213464e-08,3.5877814396213464e-08,-3.31059442004055e-09,3.343421385942571e-09,3.3434213859425792e-09,0.9988812534240828,-1.325019346625429e-08,-1.325019346625429e-08,-8.271806126923273e-24,42233.577578486875
2.2772566569711112,3.253421828442332e-08,3.5866783352404524e-08,0.998880808912535,-1.5661886531988948e-07,-1.5661886531988948e-07,4.9759780533372954e-08,3.5862437141012216e-08,3.5862437141012216e-08,-3.33296282996752e-09,3.332565067981206e-09,3.332565067981201e-09,0.998880916512885,-1.3151731910271383e-08,-1.3151731910271383e-08,4.963083673931645e-24,42039.820310957955
2.2795592420641055,3.252958955854504e-08,3.5851303532337267e-08,0.9988804734092299,-1.5646209540451722e-07,-1.5646209540451722e-07,4.9751915744877303e-08,3.584706521789157e-08,3.584706521789157e-08,-3.355275160323112e-09,3.3217139737922312e-09,3.321713973792228e-09,0.9988805809631405,-1.3056881275168156e-08,-1.3056881275168156e-08,3.3087224488320374e-24,41846.950072983775
2.2818618271570994,3.252493011053907e-08,3.583579824766016e-08,0.9988801392626623,-1.5630975958805315e-07,-1.5630975958805315e-07,4.974400080369983e-08,3.583169646916076e-08,3.583169646916076e-08,-3.377531514413513e-09,3.3108681371210853e-09,3.310868137121088e-09,0.998880246770057,-1.2966566597412523e-08,-1.2966566597412523e-08,-2.8951321453092513e-24,41654.96282566177
2.2841644122500933,3.25202400171856e-08,3.5820267608766644e-08,0.9988798064680514,-1.561626897466033e-07,-1.561626897466033e-07,4.973603583062676e-08,3.581632822485839e-08,3.581632822485839e-08,-3.3997319953589175e-09,3.300027591581046e-09,3.300027591581047e-09,0.9988799139288542,-1.2881619311536723e-08,-1.2881619311536723e-08,-8.271806139202913e-25,41463.85454822805
2.2864669973430876,3.251551935512602e-08,3.5804711725779426e-08,0.9988794750206288,-1.5602161037660682e-07,-1.5602161037660682e-07,4.972802094626051e-08,3.580095735958839e-08,3.580095735958839e-08,-3.4218767060938805e-09,3.2891923706534076e-09,3.2891923706534043e-09,0.9988795824347639,-1.2802763473489114e-08,-1.2802763473489114e-08,3.30872244885121e-24,41273.62123797892
2.2887695824360814,3.251076820086321e-08,3.578913070855092e-08,0.998879144915638,-1.5588712707046772e-07,-1.5588712707046772e-07,4.971995627101984e-08,3.578558035678803e-08,3.578558035678803e-08,-3.443965749367819e-09,3.278362507687709e-09,3.2783625076877134e-09,0.9988792522830301,-1.2730604236264041e-08,-1.2730604236264041e-08,-4.5494933703962184e-24,41084.258910192635
2.2910721675290757,3.250598663076173e-08,3.5773524666663674e-08,0.9988788161483353,-1.5575971739916607e-07,-1.5575971739916607e-07,4.971184192513989e-08,3.5770193379096485e-08,3.5770193379096485e-08,-3.4659992277453918e-09,3.267538035901947e-09,3.2675380359019463e-09,0.9988789234689093,-1.2665618732511373e-08,-1.2665618732511373e-08,8.271806112047682e-25,40895.76359805125
2.2933747526220696,3.250117472104805e-08,3.5757893709430814e-08,0.9988784887139885,-1.5563972430997895e-07,-1.5563972430997895e-07,4.9703678028672253e-08,3.575479234342134e-08,3.575479234342134e-08,-3.4879772436069023e-09,3.2567189883827582e-09,3.256718988382765e-09,0.9988785959876697,-1.260814947225569e-08,-1.260814947225569e-08,-6.617444901766202e-24,40708.13135256321
2.295677337715064,3.2496332547810785e-08,3.574223794589646e-08,0.9988781626078783,-1.5552735209535486e-07,-1.5552735209535486e-07,4.9695464701485124e-08,3.5739372999241796e-08,3.5739372999241796e-08,-3.5098998991487394e-09,3.245905398085679e-09,3.2459053980856735e-09,0.9988782698345922,-1.2558400311769026e-08,-1.2558400311769026e-08,5.37667398025895e-24,40521.35824248583
2.2979799228080577,3.249146018700095e-08,3.5726557484836174e-08,0.998877837825297,-1.554226649438754e-07,-1.554226649438754e-07,4.9687202063263314e-08,3.5723931008672536e-08,3.5723931008672536e-08,-3.5317672963838282e-09,3.235097297835226e-09,3.2350972978352238e-09,0.9988779450049695,-1.2516435004530694e-08,-1.2516435004530694e-08,2.067951530053063e-24,40335.440354248334
2.3002825079010516,3.2486557714432136e-08,3.571085243475741e-08,0.9988775143615497,-1.553255880334594e-07,-1.553255880334594e-07,4.96788902335084e-08,3.570846202681062e-08,3.570846202681062e-08,-3.5535795371419777e-09,3.224294720325277e-09,3.224294720325273e-09,0.998877621494107,-1.2482178294429767e-08,-1.2482178294429767e-08,4.135903061441828e-24,40150.373791875114
2.302585092994046,3.248162520578077e-08,3.569512290389992e-08,0.9988771922119531,-1.5523591108561885e-07,-1.5523591108561885e-07,4.967052933153877e-08,3.5692961780923996e-08,3.5692961780923996e-08,-3.575336723070372e-09,3.2134976981191503e-09,3.2134976981191553e-09,0.9988772992973218,-1.2455419470019164e-08,-1.2455419470019164e-08,-4.9630836766353075e-24,39966.15467690918
