ln_a,zeta,u,delta_b,delta_gamma,delta_nu,theta_b,theta_gamma,theta_nu,alpha,Phi_N,Psi_N,delta_b_N,delta_gamma_N,delta_nu_N,slip_residual,canonical_denominator
0.0,0.0,0.0,1.0,0.0,0.0,0.0,0.0,0.0,4.198589488911479e-05,0.0,0.0,1.0,0.0,0.0,1.8893652700101653e-38,5047.9439774469965
0.002302585092994046,6.353895893240342e-08,9.660987728299594e-08,0.9999998093831232,-2.541558357791226e-07,-2.541558357791226e-07,9.66479609114544e-08,9.668610304127374e-08,9.668610304127374e-08,4.200233309536509e-05,3.3070918350589146e-08,3.307091835059252e-08,1.000000099212755,1.3228367335286117e-07,1.3228367335286117e-07,-3.374896899216353e-21,5021.00918678426
0.004605170185988092,1.2705883910692025e-07,1.9308819628353717e-07,0.9999996188234825,-5.082353568227591e-07,-5.082353568227591e-07,1.9324030874893587e-07,1.9339288886926754e-07,1.9339288886926754e-07,4.201877061984403e-05,6.602935717661765e-08,6.602935717661692e-08,1.0000001980880713,2.641174283113896e-07,2.641174283113896e-07,7.279189390466644e-22,4994.170761070289
0.0069077552789821375,1.9055986716058487e-07,2.894362683573639e-07,0.999999428320398,-7.622394699723751e-07,-7.622394699723751e-07,2.89778024734992e-07,2.901213582571908e-07,2.901213582571908e-07,4.2035208043397356e-05,9.887640119677813e-08,9.8876401196779e-08,1.000000296629203,3.9550560345708043e-07,3.9550560345708043e-07,-8.735027268559972e-22,4967.428768676182
0.009210340371976183,2.5404226995676214e-07,3.856553963307115e-07,0.999999237873189,-1.016169082971794e-06,-1.016169082971794e-06,3.8626208545233816e-07,3.868725101928656e-07,3.868725101928656e-07,4.205164595318549e-05,1.316131263739508e-07,1.3161312637394939e-07,1.000000394839378,5.26452502351052e-07,5.26452502351052e-07,1.402898318889935e-21,4940.783273493312
0.01151292546497023,3.1750627458836653e-07,4.817468745601585e-07,0.999999047481174,-1.2700251044800912e-06,-1.2700251044800912e-06,4.82693462866936e-07,4.836473418881204e-07,4.836473418881204e-07,4.2068084942716975e-05,1.6424059997179266e-07,1.64240599971792e-07,1.0000004927217976,6.569623937605429e-07,6.569623937605429e-07,6.617444900424221e-22,4914.234334954978
0.013815510557964275,3.809521083821579e-07,5.777119889941056e-07,0.999998857143671,-1.5238084440887884e-06,-1.5238084440887884e-06,5.790731243529657e-07,5.804468487901218e-07,5.804468487901218e-07,4.2084525611679776e-05,1.9675988061194833e-07,1.9675988061194765e-07,1.000000590279638,7.870395118876339e-07,7.870395118876339e-07,6.88214269644119e-22,4887.782008077043
0.01611809565095832,4.4437999890266285e-07,6.735520172335053e-07,0.999998666859997,-1.7775200123375563e-06,-1.7775200123375563e-06,6.754020327173286e-07,6.77272024592307e-07,6.77272024592307e-07,4.210096856609745e-05,2.2917201833084466e-07,2.2917201833084243e-07,1.0000006875160488,9.166880565964649e-07,9.166880565964649e-07,2.2234614865425384e-21,4861.426343468786
0.018420680743952367,5.077901739570282e-07,7.692682285939665e-07,0.999998476629469,-2.031160720733641e-06,-2.031160720733641e-06,7.716811462257939e-07,7.741238612470172e-07,7.741238612470172e-07,4.211741441836661e-05,2.614780546369354e-07,2.6147805463693835e-07,1.0000007844341547,1.0459121936422251e-06,1.0459121936422251e-06,-2.964615315390051e-21,4835.167387355277
0.020723265836946413,5.711828615982368e-07,8.648618841651004e-07,0.9999982864514021,-2.2847314817647484e-06,-2.2847314817647484e-06,8.679114186266515e-07,8.710033489756933e-07,8.710033489756933e-07,4.2133863787203465e-05,2.9367902256686226e-07,2.9367902256686353e-07,1.0000008810370546,1.174716054895653e-06,1.174716054895653e-06,-1.2705494208814505e-21,4809.005181608359
0.02302585092994046,6.345582901307011e-07,9.60334236873554e-07,0.9999980963251116,-2.538233208921427e-06,-2.538233208921427e-06,9.64093799178327e-07,9.679114762831004e-07,9.679114762831004e-07,4.215031729763843e-05,3.257759467428515e-07,3.257759467428529e-07,1.0000009773278222,1.3031037385727892e-06,1.3031037385727892e-06,-1.376428539288238e-21,4782.939763773502
0.025328436022934504,6.979166881136352e-07,1.055686531542339e-06,0.9999979062499118,-2.791666816710575e-06,-2.791666816710575e-06,1.060229232673555e-06,1.0648492299681696e-06,1.0648492299681696e-06,4.2166775581285734e-05,3.5776984342869737e-07,3.577698434287038e-07,1.0000010733095064,1.431079309458781e-06,1.431079309458781e-06,-6.405686663610646e-21,4756.971167072258
0.02763102111592855,7.6125828436633e-07,1.1509200049530889e-06,0.999997716225116,-3.0450332206765556e-06,-3.0450332206765556e-06,1.1563186594667517e-06,1.1618175951380992e-06,1.1618175951380992e-06,4.218323927596665e-05,3.8966172058675947e-07,3.896617205867589e-07,1.000001168985131,1.5586467991358e-06,1.5586467991358e-06,5.823351512373315e-22,4731.099420463391
0.029933606208922596,8.245833079726238e-07,1.2460358859068827e-06,0.9999975262500369,-3.298333337419096e-06,-3.298333337419096e-06,1.2523630155002181e-06,1.2588175552213568e-06,1.2588175552213568e-06,4.21997090261187e-05,4.2145257793425557e-07,4.2145257793425885e-07,1.0000012643576945,1.6858102062084345e-06,1.6858102062084345e-06,-3.282252670610414e-21,4705.324548633499
0.03223619130191664,8.878919882853544e-07,1.3410353952849117e-06,0.9999973363239864,-3.5515680846111096e-06,-3.5515680846111096e-06,1.3483632323304474e-06,1.3558500919808376e-06,1.3558500919808376e-06,4.2216185482536296e-05,4.5314340699956205e-07,4.531434069995573e-07,1.0000013594301722,1.8125734965285373e-06,1.8125734965285373e-06,4.7645603283054394e-21,4679.646572048087
0.03453877639491069,9.511845549312257e-07,1.4359197461096649e-06,0.9999971464462754,-3.8047383810181748e-06,-3.8047383810181748e-06,1.4443202371552231e-06,1.4529161855278852e-06,1.4529161855278852e-06,4.223266930257193e-05,4.847351911784368e-07,4.847351911784392e-07,1.0000014542055138,1.9389406034204847e-06,1.9389406034204847e-06,-2.4352197233561135e-21,4654.065506961701
0.036841361487904734,1.0144612378159956e-06,1.5306901436064956e-06,0.9999969566162141,-4.057845146519308e-06,-4.057845146519308e-06,1.5402349528413557e-06,1.5500168143370179e-06,1.5500168143370179e-06,4.224916115010607e-05,5.162289057905023e-07,5.162289057905e-07,1.000001548686645,2.0649154279066747e-06,2.0649154279066747e-06,2.329340604949326e-21,4628.581365449088
0.03914394658089878,1.0777222671289242e-06,1.6253477852638621e-06,0.9999967668331119,-4.310889302124764e-06,-4.310889302124764e-06,1.6361082979513557e-06,1.6471529552596484e-06,1.6471529552596484e-06,4.226566169552036e-05,5.4762551813494e-07,5.476255181349379e-07,1.0000016428764678,2.1905018389306848e-06,2.1905018389306848e-06,2.0117032497289633e-21,4603.19415543628
0.041446531673892825,1.1409678733489462e-06,1.7198938608962098e-06,0.9999965770962773,-4.56387177000075e-06,-4.56387177000075e-06,1.7319411867730084e-06,1.7443255835407712e-06,1.7443255835407712e-06,4.2282171615781616e-05,5.789259875472687e-07,5.789259875472636e-07,1.00000173677786,2.315703673584089e-06,2.315703673584089e-06,5.1880768019325896e-21,4577.9038807222105
0.04374911676688687,1.2041982872479804e-06,1.8143295527020651e-06,0.999996387405018,-4.816793473482668e-06,-4.816793473482668e-06,1.8277345293444308e-06,1.8415356728312107e-06,1.8415356728312107e-06,4.229869159450879e-05,6.101312654540829e-07,6.101312654540847e-07,1.000001830393676,2.4405247373255927e-06,2.4405247373255927e-06,-1.7999450129153882e-21,4552.710541002252
0.04605170185988092,1.2674137398981244e-06,1.9086560353282963e-06,0.9999961977586405,-5.0696553371039225e-06,-5.0696553371039225e-06,1.923489231485538e-06,1.938784195206329e-06,1.938784195206329e-06,4.231522232187133e-05,6.412422954301759e-07,6.412422954301719e-07,1.0000019237267463,2.564968804209263e-06,2.564968804209263e-06,3.917527381051139e-21,4527.614131906683
0.04835428695287496,1.3306144626756784e-06,2.0028744759290746e-06,0.9999960081564506,-5.322458286612016e-06,-5.322458286612016e-06,2.0192061948244806e-06,2.0360721211797847e-06,2.0360721211797847e-06,4.2331764494819777e-05,6.722600132533991e-07,6.722600132533963e-07,1.0000020167798784,2.6890396171042825e-06,2.6890396171042825e-06,2.8587361969832636e-21,4502.614645010665
0.05065687204586901,1.3938006872669955e-06,2.09698603422766e-06,0.9999958185977532,-5.575203248991973e-06,-5.575203248991973e-06,2.114886316827159e-06,2.1334004197204266e-06,2.1334004197204266e-06,4.2348318816726635e-05,7.031853469606622e-07,7.031853469606644e-07,1.000002109555856,2.8127408879186665e-06,2.8127408879186665e-06,-2.2234614865425384e-21,4477.712067895269
0.052959457138863054,1.4569726456742412e-06,2.1909918625778787e-06,0.9999956290818522,-5.827891152489394e-06,-5.827891152489394e-06,2.210530490826693e-06,2.23077005826922e-06,2.23077005826922e-06,4.2364885998089324e-05,7.340192169036339e-07,7.340192169036375e-07,1.00000220205744,2.9360762978221205e-06,2.9360762978221205e-06,-3.5998900258307764e-21,4452.906384117731
0.0552620422318571,1.52013057022085e-06,2.2848931060249753e-06,0.9999954396080506,-6.080522926632298e-06,-6.080522926632298e-06,2.306139606052504e-06,2.3281820027558496e-06,2.3281820027558496e-06,4.238146675576657e-05,7.647625358041277e-07,7.647625358041252e-07,1.0000022942873688,3.059049497467603e-06,3.059049497467603e-06,2.4352197233561135e-21,4428.197573307495
0.057564627324851146,1.5832746935571505e-06,2.378690902366567e-06,0.9999952501756504,-6.333099502253628e-06,-6.333099502253628e-06,2.401714547659782e-06,2.425637217615776e-06,2.425637217615776e-06,4.239806181359049e-05,7.954162088094179e-07,7.954162088094166e-07,1.0000023862483576,3.18166410721264e-06,3.18166410721264e-06,1.2705494208814505e-21,4403.58561114493
0.05986721241784519,1.6464052486662943e-06,2.472386382213963e-06,0.9999950607839524,-6.5856218115149974e-06,-6.5856218115149974e-06,2.4972561967595405e-06,2.5231366658079525e-06,2.5231366658079525e-06,4.241467190212383e-05,8.259811335476715e-07,8.259811335476685e-07,1.000002477943099,3.303923717340854e-06,3.303923717340854e-06,2.964615315390051e-21,4379.070469413279
0.06216979751083924,1.7095224688699542e-06,2.5659806690529317e-06,0.9999948714322566,-6.838090787929484e-06,-6.838090787929484e-06,2.5927654304483965e-06,2.6206813088323387e-06,2.6206813088323387e-06,4.243129775884708e-05,8.564582001829754e-07,8.564582001829775e-07,1.0000025693742638,3.4258318882822423e-06,3.4258318882822423e-06,-2.117582368135751e-21,4354.652116014371
0.06447238260383328,1.772626587834617e-06,2.6594748793052937e-06,0.9999946821198621,-7.090507366386824e-06,-7.090507366386824e-06,2.688243121839414e-06,2.7182721067485426e-06,2.7182721067485426e-06,4.244794012802914e-05,8.86848291470676e-07,8.868482914706766e-07,1.0000026605445,3.547392150834351e-06,3.547392150834351e-06,-6.352747104407253e-22,4330.330515011239
0.06677496769682734,1.8357178395788925e-06,2.752870122391996e-06,0.9999944928460666,-7.3428724831826566e-06,-7.3428724831826566e-06,2.7836901400946842e-06,2.81591001819628e-06,2.81591001819628e-06,4.246459976089675e-05,9.171522828130995e-07,9.171522828131036e-07,1.0000027514564338,3.6686080063853275e-06,3.6686080063853275e-06,-4.0234064994579266e-21,4306.105626645903
0.06907755278982138,1.8987964584767783e-06,2.846167500789483e-06,0.9999943036101668,-7.595187076031609e-06,-7.595187076031609e-06,2.879107350451454e-06,2.913596000409446e-06,2.913596000409446e-06,4.248127741555427e-05,9.473710423127028e-07,9.473710423127049e-07,1.0000028421126692,3.7894829271263234e-06,3.7894829271263234e-06,-2.117582368135751e-21,4281.97740737825
0.07138013788281541,1.961862679265691e-06,2.939368110093629e-06,0.9999941144114588,-7.847452084099426e-06,-7.847452084099426e-06,2.9744956142560594e-06,3.011331009238067e-06,3.011331009238067e-06,4.249797385714734e-05,9.775054308279342e-07,9.775054308279378e-07,1.000002932515789,3.91002035627509e-06,3.91002035627509e-06,-3.5998900258307764e-21,4257.945809904947
0.07368272297580947,2.0249167370542985e-06,3.032473039083181e-06,0.9999939252492368,-8.099668448034317e-06,-8.099668448034317e-06,3.0698557889976237e-06,3.109115999170096e-06,3.109115999170096e-06,4.2514689857906056e-05,1.0075563020288861e-06,1.0075563020288825e-06,1.000003022668354,4.030223708298407e-06,4.030223708298407e-06,3.5998900258307764e-21,4234.010783188679
0.07598530806880352,2.087958867326833e-06,3.1254833697773544e-06,0.9999937361227945,-8.351837109984226e-06,-8.351837109984226e-06,3.165188728336152e-06,3.2069519233476665e-06,3.2069519233476665e-06,4.253142619666654e-05,1.0375245024505251e-06,1.0375245024505215e-06,1.0000031125729039,4.150096369125192e-06,4.150096369125192e-06,3.5998900258307764e-21,4210.172272529883
0.07828789316179756,2.150989305949452e-06,3.218400177496576e-06,0.9999935470314241,-8.60395901362229e-06,-8.60395901362229e-06,3.260495282134018e-06,3.3048397335868195e-06,3.3048397335868195e-06,4.2548183659771304e-05,1.0674108715471258e-06,1.0674108715471243e-06,1.0000032022319565,4.269641696364015e-06,4.269641696364015e-06,1.4823076576950256e-21,4186.430219526378
0.0805904782547916,2.214008289181889e-06,3.3112245309316193e-06,0.9999933579744168,-8.856035104193445e-06,-8.856035104193445e-06,3.3557762964960938e-06,3.4027803804059594e-06,3.4027803804059594e-06,4.2564963040732434e-05,1.0972162417497313e-06,1.0972162417497302e-06,1.0000032916480095,4.388863019533032e-06,4.388863019533032e-06,1.0587911840678754e-21,4162.784562134464
0.08289306334778565,2.27701605367666e-06,3.40395749219245e-06,0.9999931689510626,-9.10806632851129e-06,-9.10806632851129e-06,3.4510326137898245e-06,3.5007748130343006e-06,3.5007748130343006e-06,4.258176514008907e-05,1.1269414385157905e-06,1.12694143851579e-06,1.0000033808235391,4.50776364025851e-06,4.50776364025851e-06,4.235164736271502e-22,4139.235234713831
0.0851956484407797,2.340012836491406e-06,3.4966001168781518e-06,0.9999929799606503,-9.360053635007451e-06,-9.360053635007451e-06,3.5462650726866347e-06,3.5988239794417527e-06,3.5988239794417527e-06,4.259859076518425e-05,1.1565872803867435e-06,1.1565872803867456e-06,1.000003469761001,4.626346832505156e-06,4.626346832505156e-06,-2.117582368135751e-21,4115.782168078649
0.08749823353377374,2.4029988750943937e-06,3.5891534541356153e-06,0.9999927910024673,-9.611997973753607e-06,-9.611997973753607e-06,3.6414745081923426e-06,3.69692882635787e-06,3.69692882635787e-06,4.261544073117084e-05,1.1861545790412222e-06,1.1861545790412216e-06,1.0000035584628297,4.7446158427888544e-06,4.7446158427888544e-06,6.352747104407253e-22,4092.42528945116
0.08980081862676778,2.4659744073718765e-06,3.681618546721082e-06,0.9999926020758,-9.863900296490953e-06,-9.863900296490953e-06,3.7366617516806553e-06,3.7950902992939687e-06,3.7950902992939687e-06,4.2632315860168344e-05,1.215644139349204e-06,1.2156441393492054e-06,1.0000036469314402,4.8625738903933746e-06,4.8625738903933746e-06,-1.4823076576950256e-21,4069.164522563075
0.09210340371976183,2.528939671635315e-06,3.773996431061271e-06,0.9999924131799334,-1.0115761556659083e-05,-1.0115761556659083e-05,3.831827630926507e-06,3.893309342565152e-06,3.893309342565152e-06,4.264921698164777e-05,1.245056759425957e-06,1.245056759425956e-06,1.0000037351692266,4.980224167586001e-06,4.980224167586001e-06,1.0587911840678754e-21,4045.999787659039
0.09440598881275589,2.591894906628533e-06,3.86628813731425e-06,0.999992224314151,-1.036758270942465e-05,-1.036758270942465e-05,3.926972970139361e-06,3.991586899312396e-06,3.991586899312396e-06,4.26661449325482e-05,1.2743932306857187e-06,1.2743932306857175e-06,1.000003823178563,5.097569839832351e-06,5.097569839832351e-06,1.2705494208814505e-21,4022.9310015219553
0.09670857390574993,2.6548403515364657e-06,3.958494689432696e-06,0.9999920354777355,-1.0619364711716351e-05,-1.0619364711716351e-05,4.022098589999166e-06,4.089923911527348e-06,4.089923911527348e-06,4.2683100556962935e-05,1.3036543378962284e-06,1.30365433789623e-06,1.0000039109618037,5.214614046014432e-06,5.214614046014432e-06,-1.6940658945086007e-21,3999.9580775320123
0.09901115899874396,2.7177762459905315e-06,4.05061710522153e-06,0.9999918466699677,-1.0871108522246444e-05,-1.0871108522246444e-05,4.11720530768689e-06,4.188321320071792e-06,4.188321320071792e-06,4.270008470664179e-05,1.3328408592309987e-06,1.3328408592309984e-06,1.0000039985212834,5.331359898639675e-06,5.331359898639675e-06,2.117582368135751e-22,3977.080925662146
0.10131374409173802,2.780702830079027e-06,4.142656396403509e-06,0.9999916578901273,-1.1122815101552338e-05,-1.1122815101552338e-05,4.21229393692328e-06,4.286780064705416e-06,4.286780064705416e-06,4.2717098240754776e-05,1.3619535663244835e-06,1.3619535663244815e-06,1.0000040858593167,5.447810484061697e-06,5.447810484061697e-06,1.9058241313221758e-21,3954.2994525313734
0.10361632918473207,2.8436203443530644e-06,4.2346135686774105e-06,0.9999914691374927,-1.1374485412020353e-05,-1.1374485412020353e-05,4.307365288000428e-06,4.385301084106466e-06,4.385301084106466e-06,4.273414202593205e-05,1.3909932243243464e-06,1.3909932243243462e-06,1.0000041729781988,5.5639688626892895e-06,5.5639688626892895e-06,2.117582368135751e-22,3931.613561436568
0.10591891427772611,2.9065290298349024e-06,4.326489621779941e-06,0.9999912804113408,-1.162612041791907e-05,-1.162612041791907e-05,4.402420167817305e-06,4.48388531589645e-06,4.48388531589645e-06,4.2751216936439506e-05,1.4199605919450375e-06,1.4199605919450383e-06,1.0000042598802061,5.679838069200693e-06,5.679838069200693e-06,-8.470329472543003e-22,3909.0231523740654
0.10822149937072015,2.969429128027293e-06,4.418285549549091e-06,0.9999910917109468,-1.1877721085436724e-05,-1.1877721085436724e-05,4.497459379916978e-06,4.582533696666594e-06,4.582533696666594e-06,4.276832385412541e-05,1.4488564215217998e-06,1.4488564215217981e-06,1.0000043465675954,5.795421112759641e-06,5.795421112759641e-06,1.6940658945086007e-21,3886.5281220790407
0.1105240844637142,3.0323208809201667e-06,4.510002339983012e-06,0.9999909030355848,-1.2129288382707956e-05,-1.2129288382707956e-05,4.592483724519574e-06,4.6812471620001355e-06,4.6812471620001355e-06,4.278546366851979e-05,1.4776814590628511e-06,1.4776814590628456e-06,1.0000044330426048,5.910720977224094e-06,5.910720977224094e-06,5.505714157152952e-21,3864.1283640532865
0.11282666955670825,3.0952045310000996e-06,4.601640975303218e-06,0.9999907143845275,-1.2380823279851701e-05,-1.2380823279851701e-05,4.6874939985598e-06,4.780026646499265e-06,4.780026646499265e-06,4.280263727688354e-05,1.506436444303123e-06,1.506436444303118e-06,1.0000045193074534,6.025740621361169e-06,6.025740621361169e-06,4.870439446712227e-21,3841.82376859706
0.11512925464970229,3.1580803212581993e-06,4.693202432015038e-06,0.9999905257570455,-1.2632326749002755e-05,-1.2632326749002755e-05,4.782490995721962e-06,4.878873083809618e-06,4.878873083809618e-06,4.2819845584206954e-05,1.5351221107568333e-06,1.5351221107568386e-06,1.0000046053643414,6.140482979057397e-06,6.140482979057397e-06,-5.293955920339377e-21,3819.6142228447698
0.11743183974269633,3.2209484951988785e-06,4.78468768096934e-06,0.9999903371524085,-1.2883799764346864e-05,-1.2883799764346864e-05,4.877475506476453e-06,4.977787406646347e-06,4.977787406646347e-06,4.283708950328599e-05,1.5637391857704585e-06,1.5637391857704613e-06,1.0000046912154514,6.254950959530495e-06,6.254950959530495e-06,-2.752857078576476e-21,3797.499610794982
0.11973442483569038,3.28380929684877e-06,4.876097687424284e-06,0.9999901485698842,-1.3135243302156414e-05,-1.3135243302156414e-05,4.972448318116536e-06,5.076770546820556e-06,5.076770546820556e-06,4.285436995484375e-05,1.5922883905755144e-06,1.5922883905755144e-06,1.0000047768629465,6.369147447540723e-06,6.369147447540723e-06,5.873528336860952e-39,3775.47981333724
0.12203700992868444,3.3466629707657044e-06,4.967433411107007e-06,0.999989960008739,-1.3386658340826356e-05,-1.3386658340826356e-05,5.067410214795255e-06,5.175823435265952e-06,5.175823435265952e-06,4.2871687867412576e-05,1.6207704403412972e-06,1.6207704403413023e-06,1.0000048623089723,6.483075303601671e-06,6.483075303601671e-06,-5.082197683525802e-21,3753.554708296739
0.12433959502167848,3.4095097620469944e-06,5.05869580627398e-06,0.9999897714682375,-1.3638045860907346e-05,-1.3638045860907346e-05,5.162361977561273e-06,5.2749470020645e-06,5.2749470020645e-06,4.288904417767428e-05,1.6491860442269866e-06,1.6491860442269858e-06,1.0000049475556563,6.596737364188575e-06,6.596737364188575e-06,8.470329472543003e-22,3731.7241704453136
0.12664218011467251,3.4723499163391118e-06,5.149885821773468e-06,0.9999895829476427,-1.3889406845144476e-05,-1.3889406845144476e-05,5.2573043843970106e-06,5.374142176474463e-06,5.374142176474463e-06,4.2906439830074216e-05,1.677535905434353e-06,1.6775359054343561e-06,1.000005032605108,6.710136441949395e-06,6.710136441949395e-06,-3.1763735522036263e-21,3709.988071565844
0.12894476520766657,3.535183679847087e-06,5.241004401107313e-06,0.9999893944462159,-1.4140742278514892e-05,-1.4140742278514892e-05,5.3522382102563584e-06,5.473409886958118e-06,5.473409886958118e-06,4.292387577740937e-05,1.7058207212602264e-06,1.7058207212602258e-06,1.0000051174594193,6.823275325914359e-06,6.823275325914359e-06,6.352747104407253e-22,3688.3462804455403
0.13124735030066062,3.5980112993436473e-06,5.332052482492143e-06,0.9999892059632169,-1.4392053148264346e-05,-1.4392053148264346e-05,5.447164227102022e-06,5.572751061209158e-06,5.572751061209158e-06,4.294135298034353e-05,1.7340411831484953e-06,1.7340411831484953e-06,1.0000052021206645,6.9361567817042245e-06,6.9361567817042245e-06,4.8999517225700986e-39,3666.7986629474967
0.13354993539365467,3.660833022178371e-06,5.423030998920385e-06,0.9999890174979035,-1.464334044394384e-05,-1.464334044394384e-05,5.542083203942906e-06,5.672166626180243e-06,5.672166626180243e-06,4.295887240802135e-05,1.7621979767420139e-06,1.7621979767420137e-06,1.0000052865909002,7.048783551737698e-06,7.048783551737698e-06,2.117582368135751e-22,3645.3450820027
0.1358525204866487,3.723649096289197e-06,5.513940878224939e-06,0.9999888290495317,-1.4894605157455676e-05,-1.4894605157455676e-05,5.6369959068753736e-06,5.771657508114502e-06,5.771657508114502e-06,4.2976435037583285e-05,1.790291781935748e-06,1.790291781935742e-06,1.0000053708721663,7.16115835544408e-06,7.16115835544408e-06,5.929230630780102e-21,3623.98539768142
0.13815510557964275,3.786459770208653e-06,5.60478304313506e-06,0.999988640617356,-1.5145848283078375e-05,-1.5145848283078375e-05,5.7319030991159356e-06,5.871224632568548e-06,5.871224632568548e-06,4.299404185463234e-05,1.8183232729264041e-06,1.8183232729264069e-06,1.0000054549664854,7.273283889461865e-06,7.273283889461865e-06,-2.752857078576476e-21,3602.719467196254
0.1404576906726368,3.849265293077974e-06,5.695558411344881e-06,0.9999884522006289,-1.539707081752318e-05,-1.539707081752318e-05,5.826805541046809e-06,5.970868924448459e-06,5.970868924448459e-06,4.301169385307357e-05,1.846293118266907e-06,1.8462931182669063e-06,1.0000055388758629,7.385162827856343e-06,7.385162827856343e-06,8.470329472543003e-22,3581.5471449502274
0.14276027576563083,3.912065914653753e-06,5.786267895569597e-06,0.9999882637986012,-1.5648273759960644e-05,-1.5648273759960644e-05,5.921703990249347e-06,6.070591308033699e-06,6.070591308033699e-06,4.3029392035285526e-05,1.8742019809158465e-06,1.874201980915844e-06,1.000005622602288,7.496797822317743e-06,7.496797822317743e-06,2.541098841762901e-21,3560.4682825612986
0.14506286085862488,3.974861885320151e-06,5.876912403610505e-06,0.9999880754105216,-1.589945811206954e-05,-1.589945811206954e-05,6.016599201546546e-06,6.170392707010229e-06,6.170392707010229e-06,4.304713741217477e-05,1.9020505182903517e-06,1.9020505182903538e-06,1.0000057061477323,7.608191502372478e-06,7.608191502372478e-06,-2.117582368135751e-21,3539.4827288953
0.14736544595161893,4.037653456098378e-06,5.967492838415388e-06,0.9999878870356369,-1.615062487807473e-05,-1.615062487807473e-05,6.111491927041122e-06,6.270274044499239e-06,6.270274044499239e-06,4.306493100303975e-05,1.929839382317012e-06,1.92983938231701e-06,1.000005789514152,7.719346475586823e-06,7.719346475586823e-06,1.6940658945086007e-21,3518.590330112128
0.149668031044613,4.100440878657773e-06,6.058010098141323e-06,0.9999876986731921,-1.6401775064791547e-05,-1.6401775064791547e-05,6.206382916156211e-06,6.370236243088634e-06,6.370236243088634e-06,4.308277383601357e-05,1.9575692194835533e-06,1.95756921948355e-06,1.0000058727034866,7.830265327773744e-06,7.830265327773744e-06,3.3881317890172014e-21,3497.7909296717353
0.15197061613760704,4.163224405326148e-06,6.148465076216091e-06,0.9999875103224304,-1.665290968166718e-05,-1.665290968166718e-05,6.301272915674907e-06,6.470280224863406e-06,6.470280224863406e-06,4.310066694780279e-05,1.9852406708899407e-06,1.9852406708899432e-06,1.000005955717659,7.940950623197187e-06,7.940950623197187e-06,-2.541098841762901e-21,3477.0843683891926
0.15427320123060106,4.226004289100287e-06,6.238858661399631e-06,0.9999873219825925,-1.6904029740822648e-05,-1.6904029740822648e-05,6.39616266978004e-06,6.5704069114363626e-06,6.5704069114363626e-06,4.311861138391825e-05,2.0128543722993456e-06,2.0128543722993447e-06,1.0000060385585767,8.051404904775878e-06,8.051404904775878e-06,8.470329472543003e-22,3456.470484455603
0.15657578632359512,4.2887807836571584e-06,6.329191737846459e-06,0.9999871336529175,-1.7155136257097718e-05,-1.7155136257097718e-05,6.491052920095153e-06,6.670617223980127e-06,6.670617223980127e-06,4.31366081986298e-05,2.040410954189299e-06,2.0404109541893005e-06,1.000006121228131,8.161630694288118e-06,8.161630694288118e-06,-1.6940658945086007e-21,3435.949113478125
0.15887837141658917,4.351554143365635e-06,6.419465185168721e-06,0.9999869453326421,-1.740623024809775e-05,-1.740623024809775e-05,6.585944405726304e-06,6.7709120832600626e-06,6.7709120832600626e-06,4.3154658455199e-05,2.0679110418030887e-06,2.067911041803086e-06,1.0000062037281976,8.271630492577132e-06,8.271630492577132e-06,2.541098841762901e-21,3415.520088501088
0.1611809565095832,4.414324623295835e-06,6.509679878495167e-06,0.9999867570210011,-1.7657312734231117e-05,-1.7657312734231117e-05,6.680837863300016e-06,6.871292409663426e-06,6.871292409663426e-06,4.31727632258395e-05,2.095355255199328e-06,2.0953552551993317e-06,1.0000062860606367,8.38140677974955e-06,8.38140677974955e-06,-3.8116482626443515e-21,3395.1832400457392
0.16348354160257725,4.4770924792339075e-06,6.599836688538773e-06,0.9999865687172272,-1.7908384738768322e-05,-1.7908384738768322e-05,6.77573402701009e-06,6.971759123237481e-06,6.971759123237481e-06,4.319092359172246e-05,2.122744209304862e-06,2.1227442093048656e-06,1.0000063682272928,8.49096201538677e-06,8.49096201538677e-06,-3.3881317890172014e-21,3374.9383961468106
0.1657861266955713,4.539857967688456e-06,6.689936481650572e-06,0.9999863804205509,-1.815944728786773e-05,-1.815944728786773e-05,6.870633628650812e-06,7.07231314371409e-06,7.07231314371409e-06,4.320914064321353e-05,2.1500785139621196e-06,2.150078513962116e-06,1.000006450229996,8.600298638734556e-06,8.600298638734556e-06,3.3881317890172014e-21,3354.785382373639
0.16808871178856535,4.602621345907853e-06,6.7799801198909955e-06,0.9999861921302001,-1.841050141064484e-05,-1.841050141064484e-05,6.965537397667915e-06,7.172955390552156e-06,7.172955390552156e-06,4.322741547985268e-05,2.1773587739831426e-06,2.1773587739831426e-06,1.0000065320705598,8.709419068919141e-06,8.709419068919141e-06,2.059821544658107e-39,3334.724021868618
0.1703912968815594,4.665382871888834e-06,6.869968461086806e-06,0.999986003845401,-1.866154813920666e-05,-1.866154813920666e-05,7.0604460611953126e-06,7.273686782965927e-06,7.273686782965927e-06,4.3245749210447754e-05,2.20458558919797e-06,2.204585589197972e-06,1.0000066137507844,8.818325705140565e-06,8.818325705140565e-06,-2.117582368135751e-21,3314.75413537803
0.17269388197455343,4.728142804388512e-06,6.959902358893417e-06,0.9999858155653774,-1.8912588508699785e-05,-1.8912588508699785e-05,7.1553603440974396e-06,7.37450823995899e-06,7.37450823995899e-06,4.3264142953199684e-05,2.231759554504903e-06,2.2317595545049045e-06,1.000006695272454,8.927020926873882e-06,8.927020926873882e-06,-1.2705494208814505e-21,3294.875541280896
0.17499646706754748,4.790901402937852e-06,7.049782662859358e-06,0.9999856272893505,-1.9163623557364322e-05,-1.9163623557364322e-05,7.250280969013945e-06,7.475420680360723e-06,7.475420680360723e-06,4.328259783554934e-05,2.2588812599215074e-06,2.258881259921506e-06,1.000006776637339,9.03550709407311e-06,9.03550709407311e-06,1.2705494208814505e-21,3275.088055635992
0.17729905216054154,4.853658927852787e-06,7.139610218486712e-06,0.9999854390165392,-1.9414654326578354e-05,-1.9414654326578354e-05,7.345208656400555e-06,7.576425022859001e-06,7.576425022859001e-06,4.3301114994780114e-05,2.285951290633928e-06,2.2859512906339245e-06,1.0000068578471948,9.143786547368493e-06,9.143786547368493e-06,3.3881317890172014e-21,3255.3914921796636
0.17960163725353556,4.91641564024776e-06,7.229385867295279e-06,0.9999852507461605,-1.9665681860912116e-05,-1.9665681860912116e-05,7.4401441245738755e-06,7.677522186036937e-06,7.677522186036937e-06,4.331969557748824e-05,2.3129702270475205e-06,2.3129702270475196e-06,1.0000069389037625,9.251861608269002e-06,9.251861608269002e-06,8.470329472543003e-22,3235.785662397402
0.18190422234652961,4.979171802048155e-06,7.3191104468847445e-06,0.9999850624774282,-1.9916707208177752e-05,-1.9916707208177752e-05,7.535088089754399e-06,7.778713088407905e-06,7.778713088407905e-06,4.333834074001542e-05,2.3399386448365927e-06,2.3399386448365893e-06,1.000007019808769,9.359734579361226e-06,9.359734579361226e-06,3.3881317890172014e-21,3216.270375532758
0.18420680743952367,5.041927676002002e-06,7.408784790995419e-06,0.9999848742095543,-2.0167731419476125e-05,-2.0167731419476125e-05,7.630041266108287e-06,7.879998648449466e-06,7.879998648449466e-06,4.335705164846856e-05,2.3668571149934157e-06,2.3668571149934166e-06,1.0000071005639273,9.467407744505551e-06,9.467407744505551e-06,-8.470329472543003e-22,3196.8454386231992
0.18650939253251772,5.1046835256947126e-06,7.498409729573751e-06,0.9999846859417479,-2.041875554925579e-05,-2.041875554925579e-05,7.725004365794128e-06,7.981379784642317e-06,7.981379784642317e-06,4.3375829478777274e-05,2.393726203879035e-06,2.393726203879039e-06,1.0000071811709366,9.574883369039216e-06,9.574883369039216e-06,-3.8116482626443515e-21,3177.5106565334727
0.18881197762551177,5.167439615560807e-06,7.58798608883269e-06,0.9999844976732157,-2.0669780655359923e-05,-2.0669780655359923e-05,7.819978099004742e-06,8.082857415504429e-06,8.082857415504429e-06,4.339467541688974e-05,2.4205464732718864e-06,2.4205464732718826e-06,1.0000072616314821,9.682163699970835e-06,9.682163699970835e-06,3.8116482626443515e-21,3158.2658319802317
0.1911145627185058,5.230196210897959e-06,7.677514691315634e-06,0.9999843094031617,-2.0920807799082494e-05,-2.0920807799082494e-05,7.914963174012777e-06,8.184432459629025e-06,8.184432459629025e-06,4.34135906587858e-05,2.4473184804176736e-06,2.447318480417675e-06,1.0000073419472357,9.789250966180042e-06,9.789250966180042e-06,-1.2705494208814505e-21,3139.1107655683027
0.19341714781149985,5.2929535778808495e-06,7.766996355959836e-06,0.9999841211307876,-2.1171838045223682e-05,-2.1171838045223682e-05,8.00996029721596e-06,8.286105835722353e-06,8.286105835722353e-06,4.3432576410420344e-05,2.4740427780789802e-06,2.474042778078986e-06,1.0000074221198554,9.89614737861566e-06,9.89614737861566e-06,-5.929230630780102e-21,3120.045255831127
0.1957197329044939,5.355711983573532e-06,7.856431898157203e-06,0.9999839328552919,-2.1422872462139405e-05,-2.1422872462139405e-05,8.104970173179944e-06,8.387878462639092e-06,8.387878462639092e-06,4.345163388794223e-05,2.500719914583675e-06,2.5007199145836706e-06,1.0000075021509864,1.0002855130489406e-05,1.0002855130489406e-05,4.235164736271502e-21,3101.069099253888
0.19802231799748793,5.418471695945347e-06,7.945822129820638e-06,0.9999837445758707,-2.1673912121804936e-05,-2.1673912121804936e-05,8.199993504686877e-06,8.489751259423644e-06,8.489751259423644e-06,4.347076431810373e-05,2.527350433875293e-06,2.5273504338752915e-06,1.0000075820422603,1.0109376397477616e-05,1.0109376397477616e-05,1.6940658945086007e-21,3082.1820902852382
0.20032490309048198,5.481232983882292e-06,8.035167859442765e-06,0.9999835562917173,-2.1924958099860417e-05,-2.1924958099860417e-05,8.295030992776578e-06,8.591725145344074e-06,8.591725145344074e-06,4.348996893774153e-05,2.5539348755604747e-06,2.553934875560472e-06,1.0000076617952955,1.0215713337910642e-05,1.0215713337910642e-05,2.541098841762901e-21,3063.3840214062902
0.20262748818347603,5.543996117203838e-06,8.124469892163327e-06,0.9999833680020225,-2.2176011475678144e-05,-2.2176011475678144e-05,8.39008333679657e-06,8.69380103993501e-06,8.69380103993501e-06,4.3509248994388536e-05,2.5804737749594872e-06,2.5804737749594893e-06,1.000007741411699,1.0321868092975164e-05,1.0321868092975164e-05,-2.117582368135751e-21,3044.6746831297614
0.2049300732764701,5.606761366676319e-06,8.21372902983078e-06,0.9999831797059737,-2.242707333241613e-05,-2.242707333241613e-05,8.48515123444649e-06,8.795979863035064e-06,8.795979863035064e-06,4.352860574607099e-05,2.606967663154464e-06,2.6069676631544606e-06,1.0000078208930632,1.0427842786906988e-05,1.0427842786906988e-05,3.3881317890172014e-21,3026.0538640492996
0.20723265836946414,5.6695290040270105e-06,8.302946071064788e-06,0.9999829914027557,-2.2678144757074436e-05,-2.2678144757074436e-05,8.580235381823622e-06,8.898262534825395e-06,8.898262534825395e-06,4.354804046145787e-05,2.6334170670377796e-06,2.633417067037777e-06,1.000007900240969,1.0533639527184714e-05,1.0533639527184714e-05,2.541098841762901e-21,3007.5213508670518
0.20953524346245817,5.732299301959437e-06,8.39212181132051e-06,0.9999828030915505,-2.2929226840556406e-05,-2.2929226840556406e-05,8.675336473470386e-06,9.000649975870398e-06,9.000649975870398e-06,4.3567554420153014e-05,2.659822509361072e-06,2.659822509361073e-06,1.0000079794569845,1.0639260404725633e-05,1.0639260404725633e-05,-8.470329472543003e-22,2989.076928412821
0.21183782855545222,5.79507253416844e-06,8.481257042952279e-06,0.999982614771537,-2.3180320677728964e-05,-2.3180320677728964e-05,8.770455202421434e-06,9.10314310715804e-06,9.10314310715804e-06,4.3587148912744225e-05,2.6861845087838374e-06,2.686184508783839e-06,1.0000080585426658,1.074470749408015e-05,1.074470749408015e-05,-1.6940658945086007e-21,2970.7203796780045
0.21414041364844627,5.8578489753554095e-06,8.570352555277333e-06,0.999982426441891,-2.343142736748355e-05,-2.343142736748355e-05,8.86559226025098e-06,9.205742850140576e-06,9.205742850140576e-06,4.3606825240654514e-05,2.7125035799219202e-06,2.7125035799219236e-06,1.0000081374995569,1.0849982853625781e-05,1.0849982853625781e-05,-3.3881317890172014e-21,2952.45148586106
0.2164429987414403,5.9206289012420424e-06,8.659409134636909e-06,0.9999822381017852,-2.368254801279115e-05,-2.368254801279115e-05,8.960748337117683e-06,9.30845012677287e-06,9.30845012677287e-06,4.362658471644143e-05,2.738780233394868e-06,2.738780233394866e-06,1.000008216329189,1.0955088525756484e-05,1.0955088525756484e-05,1.6940658945086007e-21,2934.2700263861834
0.21874558383443435,5.983412588589222e-06,8.748427564465509e-06,0.9999820497503895,-2.3933683720777856e-05,-2.3933683720777856e-05,9.055924121817893e-06,9.411265859559213e-06,9.411265859559213e-06,4.3646428664043926e-05,2.7650149758762857e-06,2.7650149758762865e-06,1.0000082950330829,1.1060026537084178e-05,1.1060026537084178e-05,-8.470329472543003e-22,2916.175778925416
0.2210481689274284,6.046200315209583e-06,8.837408625349602e-06,0.9999818613868704,-2.4184835602775115e-05,-2.4184835602775115e-05,9.151120301828523e-06,9.514190971589844e-06,9.514190971589844e-06,4.3666358418688505e-05,2.7912083101400157e-06,2.7912083101400183e-06,1.0000083736127465,1.1164798898623291e-05,1.1164798898623291e-05,-2.541098841762901e-21,2898.1685194407373
0.22335075402042245,6.108992359985351e-06,8.926353095094735e-06,0.9999816730103912,-2.443600477439111e-05,-2.443600477439111e-05,9.246337563358521e-06,9.617226386586187e-06,9.617226386586187e-06,4.368637532698714e-05,2.8173607351093785e-06,2.817360735109384e-06,1.0000084520696766,1.1269407605987831e-05,1.1269407605987831e-05,-5.505714157152952e-21,2880.248022214691
0.2256533391134165,6.1717890028832475e-06,9.015261748787642e-06,0.9999814846201119,-2.4687192355570382e-05,-2.4687192355570382e-05,9.341576591395517e-06,9.720373028941336e-06,9.720373028941336e-06,4.370648074726929e-05,2.8434727459043945e-06,2.8434727459043945e-06,1.0000085304053583,1.1373854639580186e-05,1.1373854639580186e-05,-1.6241623063601095e-39,2862.4140598675353
0.22795592420641053,6.234590524972144e-06,9.104135358862602e-06,0.9999812962151894,-2.493839947066449e-05,-2.493839947066449e-05,9.436838069756922e-06,9.823631823765122e-06,9.823631823765122e-06,4.372667604948495e-05,2.869544833890455e-06,2.8695448338904575e-06,1.000008608621266,1.1478141964785916e-05,1.1478141964785916e-05,-2.541098841762901e-21,2844.6664033992333
0.23025850929940458,6.297397208438494e-06,9.192974695163952e-06,0.999981107794777,-2.5189627248493704e-05,-2.5189627248493704e-05,9.532122681137348e-06,9.927003696925578e-06,9.927003696925578e-06,4.374696261543238e-05,2.89557748672546e-06,2.895577486725458e-06,1.0000086867188624,1.1582271532162103e-05,1.1582271532162103e-05,2.117582368135751e-21,2827.004822212623
0.23256109439239864,6.360209336604001e-06,9.281780525012051e-06,0.9999809193580249,-2.544087682241774e-05,-2.544087682241774e-05,9.627431107159683e-06,1.003048957509417e-05,1.003048957509417e-05,4.376734183876859e-05,2.921571188408052e-06,2.92157118840805e-06,1.0000087646995999,1.1686245277630464e-05,1.1686245277630464e-05,2.117582368135751e-21,2809.4290841489665
0.23486367948539266,6.4230271939417406e-06,9.370553613266456e-06,0.9999807309040796,-2.5692149330400212e-05,-2.5692149330400212e-05,9.722764028423545e-06,1.0134090385788506e-05,1.0134090385788506e-05,4.378781512543703e-05,2.947526419324712e-06,2.9475264193247155e-06,1.0000088425649194,1.1790065122665612e-05,1.1790065122665612e-05,-3.3881317890172014e-21,2791.9389554999393
0.23716626457838672,6.485851066094028e-06,9.459294722391766e-06,0.9999805424320841,-2.5943445915080148e-05,-2.5943445915080148e-05,9.818122124556607e-06,1.0237807057418005e-05,1.0237807057418005e-05,4.380838389333187e-05,2.9734436562977386e-06,2.973443656297738e-06,1.0000089203162512,1.1893732974486915e-05,1.1893732974486915e-05,4.235164736271502e-22,2774.534201062648
0.23946884967138077,6.5486812398898775e-06,9.548004612522564e-06,0.9999803539411779,-2.6194767723841836e-05,-2.6194767723841836e-05,9.913506074265176e-06,1.0341640519328948e-05,1.0341640519328948e-05,4.382904957285025e-05,2.9993233726326878e-06,2.999323372632686e-06,1.0000089979550155,1.1997250726248418e-05,1.1997250726248418e-05,1.6940658945086007e-21,2757.214584144587
0.24177143476437482,6.6115180033622755e-06,9.63668404152782e-06,0.999980165430497,-2.6446115908883922e-05,-2.6446115908883922e-05,1.0008916555384442e-05,1.0445591701849266e-05,1.0445591701849266e-05,4.384981360683261e-05,3.0251660381655463e-06,3.0251660381655442e-06,1.0000090754826216,1.2100620257227357e-05,1.2100620257227357e-05,2.117582368135751e-21,2739.9798666030583
0.24407401985736887,6.674361645766246e-06,9.725333765076372e-06,0.9999799768991734,-2.6697491627291674e-05,-2.6697491627291674e-05,1.0104354244929972e-05,1.0549661536334706e-05,1.0549661536334706e-05,4.3870677450623415e-05,3.050972119310122e-06,3.050972119310126e-06,1.0000091529004687,1.2203843433013815e-05,1.2203843433013815e-05,-4.235164736271502e-21,2722.829808877586
0.2463766049503629,6.737212457596952e-06,9.813954536702258e-06,0.9999797883463358,-2.6948896041109434e-05,-2.6948896041109434e-05,1.0199819819149224e-05,1.0653850955215092e-05,1.0653850955215092e-05,4.3891642572382534e-05,3.0767420791053027e-06,3.076742079105306e-06,1.000009230209946,1.2306922105699597e-05,1.2306922105699597e-05,-3.3881317890172014e-21,2705.7641700085596
0.24867919004335695,6.800070730607996e-06,9.902547107870118e-06,0.9999795997711088,-2.7200330317413786e-05,-2.7200330317413786e-05,1.0295313953573343e-05,1.0758160892040992e-05,1.0758160892040992e-05,4.39127104530241e-05,3.1024763772621183e-06,3.1024763772621217e-06,1.0000093074124325,1.2409858114066684e-05,1.2409858114066684e-05,-3.3881317890172014e-21,2688.7827076762874
0.250981775136351,6.862936757830001e-06,9.991112228040856e-06,0.9999794111726136,-2.7451795628387933e-05,-2.7451795628387933e-05,1.039083732306936e-05,1.0862592281530882e-05,1.0862592281530882e-05,4.39338825866587e-05,3.1281754702108584e-06,3.1281754702108546e-06,1.0000093845092977,1.251265328377549e-05,1.251265328377549e-05,3.8116482626443515e-21,2671.8851782126158
0.25328436022934503,6.925810833589342e-06,1.0079650644737316e-05,0.9999792225499667,-2.770329315139661e-05,-2.770329315139661e-05,1.0486390601892606e-05,1.0967146059618619e-05,1.0967146059618619e-05,4.3955160480483e-05,3.1538398111479727e-06,3.153839811147974e-06,1.0000094615019008,1.2615309427552656e-05,1.2615309427552656e-05,-1.2705494208814505e-21,2655.071336642585
0.2555869453223391,6.988693253527407e-06,1.016816310361059e-05,0.9999790339022816,-2.7954824069063144e-05,-2.7954824069063144e-05,1.0581974463739922e-05,1.107182316350183e-05,1.107182316350183e-05,4.397654565487195e-05,3.1794698500831802e-06,3.179469850083183e-06,1.0000095383915923,1.2717828345379218e-05,1.2717828345379218e-05,-2.964615315390051e-21,2638.3409367148115
0.25788953041533313,7.051584314619469e-06,1.0256650348505478e-05,0.9999788452286672,-2.820638956934497e-05,-2.820638956934497e-05,1.0677589581802206e-05,1.1176624531689735e-05,1.1176624531689735e-05,4.399803964382228e-05,3.2050660338860125e-06,3.205066033886009e-06,1.0000096151797127,1.2820211824676942e-05,1.2820211824676942e-05,3.3881317890172014e-21,2621.6937309132195
0.26019211550832716,7.1144843151948246e-06,1.0345113121527779e-05,0.9999786565282285,-2.845799084561418e-05,-2.845799084561418e-05,1.0773236628818965e-05,1.1281551104053073e-05,1.1281551104053073e-05,4.401964399482286e-05,3.230628806332946e-06,3.230628806332954e-06,1.0000096918675931,1.2922461640496933e-05,1.2922461640496933e-05,-8.046812998915853e-21,2605.12947049933
0.26249470060132124,7.177393554955924e-06,1.043355216310972e-05,0.9999784678000663,-2.870962909673406e-05,-2.870962909673406e-05,1.0868916277131178e-05,1.138660382187244e-05,1.138660382187244e-05,4.4041360269153e-05,3.2561586081537907e-06,3.256158608153795e-06,1.0000097684565556,1.3024579555704818e-05,1.3024579555704818e-05,-4.235164736271502e-21,2588.6479055316895
0.26479728569431527,7.240312334998612e-06,1.0521968212076973e-05,0.9999782790432774,-2.896130552714007e-05,-2.896130552714007e-05,1.0964629198735914e-05,1.1491783627888516e-05,1.1491783627888516e-05,4.406319004195083e-05,3.2816558770783592e-06,3.281655877078361e-06,1.0000098449479136,1.3126567321167823e-05,1.3126567321167823e-05,-1.6940658945086007e-21,2572.24878489745
0.26709987078730935,7.303240957832073e-06,1.0610362005714945e-05,0.9999780902569544,-2.9213021346919623e-05,-2.9213021346919623e-05,1.1060376065340414e-05,1.1597091466351817e-05,1.1597091466351817e-05,4.408513490261747e-05,3.307121047882879e-06,3.3071210478828725e-06,1.0000099213429716,1.3228426675940157e-05,1.3228426675940157e-05,6.3527471044072525e-21,2555.931856326452
0.26940245588030337,7.366179727399231e-06,1.069873427983562e-05,0.9999779014401852,-2.946477777189372e-05,-2.946477777189372e-05,1.115615754841687e-05,1.1702528283073283e-05,1.1702528283073283e-05,4.410719645443485e-05,3.3325545524363854e-06,3.3325545524363884e-06,1.0000099976430248,1.3330159347448759e-05,1.3330159347448759e-05,-2.964615315390051e-21,2539.69686644598
0.2717050409732974,7.429128949102607e-06,1.0787085768853066e-05,0.9999777125920537,-2.9716576023720365e-05,-2.9716576023720365e-05,1.125197431926609e-05,1.1808095025483858e-05,1.1808095025483858e-05,4.412937631552849e-05,3.357956819750458e-06,3.3579568197504594e-06,1.0000100738493602,1.3431767051691899e-05,1.3431767051691899e-05,-1.2705494208814505e-21,2523.543560766055
0.2740076260662915,7.492088929814113e-06,1.087541720583245e-05,0.9999775237116394,-2.9968417329933782e-05,-2.9968417329933782e-05,1.1347827049054774e-05,1.1913792642667747e-05,1.1913792642667747e-05,4.415167611823359e-05,3.3833282760183407e-06,3.3833282760183365e-06,1.000010149963257,1.3533251493396015e-05,1.3533251493396015e-05,4.235164736271502e-21,2507.4716837468854
0.2763102111592855,7.555059977907112e-06,1.0963729322575267e-05,0.999977334798017,-3.022030292407263e-05,-3.022030292407263e-05,1.1443716408889228e-05,1.2019622085432271e-05,1.2019622085432271e-05,4.4174097509759714e-05,3.4086693446681568e-06,3.4086693446681547e-06,1.0000102259859847,1.3634614366228435e-05,1.3634614366228435e-05,2.117582368135751e-21,2491.4809787995637
0.2786127962522795,7.618042403272832e-06,1.1052022849678714e-05,0.999977145850257,-3.047223404574571e-05,-3.047223404574571e-05,1.1539643069863386e-05,1.2125584306352102e-05,1.2125584306352102e-05,4.419664215218985e-05,3.4339804464058813e-06,3.433980446405882e-06,1.000010301918806,1.3735857352969147e-05,1.3735857352969147e-05,-8.470329472543003e-22,2475.5711883208855
0.2809153813452736,7.681036517342937e-06,1.1140298516604944e-05,0.9999769568674248,-3.072421194072222e-05,-3.072421194072222e-05,1.1635607703116845e-05,1.223168025982363e-05,1.223168025982363e-05,4.421931172279375e-05,3.4592619992620063e-06,3.4592619992620076e-06,1.0000103777629747,1.3836982125697555e-05,1.3836982125697555e-05,-1.2705494208814505e-21,2459.7420537121875
0.28321796643826763,7.7440426331127e-06,1.1228557051751054e-05,0.9999767678485818,-3.09762378610245e-05,-3.09762378610245e-05,1.1731610979893852e-05,1.2337910902120384e-05,1.2337910902120384e-05,4.424210791383019e-05,3.484514418638351e-06,3.4845144186383535e-06,1.0000104535197372,1.3937990345979715e-05,1.3937990345979715e-05,-2.541098841762901e-21,2443.99331542364
0.28552055153126166,7.80706106516335e-06,1.1316799182517498e-05,0.9999765787927839,-3.122831306501739e-05,-3.122831306501739e-05,1.1827653571600848e-05,1.2444277191447133e-05,1.2444277191447133e-05,4.4265032433417406e-05,3.509738117354149e-06,3.5097381173541484e-06,1.0000105291903314,1.40388836650526e-05,1.40388836650526e-05,4.235164736271502e-22,2428.3247129454467
0.28782313662425574,7.870092129683144e-06,1.1405025635374201e-05,0.9999763896990828,-3.148043881749258e-05,-3.148043881749258e-05,1.1923736149861898e-05,1.255078008799195e-05,1.255078008799195e-05,4.428808700496292e-05,3.534933505691058e-06,3.5349335056910575e-06,1.000010604775989,1.4139663724004225e-05,1.4139663724004225e-05,4.235164736271502e-22,2412.735984870442
0.29012572171724976,7.93313614449168e-06,1.149323713593171e-05,0.9999762005665248,-3.1732616389765814e-05,-3.1732616389765814e-05,1.2019859386579314e-05,1.2657420553983617e-05,1.2657420553983617e-05,4.4311273367727716e-05,3.56010099144003e-06,3.56010099144003e-06,1.0000106802779325,1.4240332153961026e-05,1.4240332153961026e-05,-4.824672293288343e-39,2397.226868900358
0.29242830681024384,7.996193429063195e-06,1.1581434409010515e-05,0.9999760113941516,-3.198484705977014e-05,-3.198484705977014e-05,1.2116023953992619e-05,1.2764199553747452e-05,1.2764199553747452e-05,4.433459327724992e-05,3.5852409799473162e-06,3.5852409799473196e-06,1.0000107556973787,1.4340890576271916e-05,1.4340890576271916e-05,-3.3881317890172014e-21,2381.7971018595285
0.29473089190323787,8.05926430454996e-06,1.1669618178710242e-05,0.9999758221809998,-3.2237132112149484e-05,-3.2237132112149484e-05,1.2212230524737555e-05,1.2871118053761298e-05,1.2871118053761298e-05,4.435804850495241e-05,3.6103538741602853e-06,3.610353874160282e-06,1.000010831035536,1.4441340602691484e-05,1.4441340602691484e-05,3.3881317890172014e-21,2366.4464197479574
0.2970334769962319,8.12234909380582e-06,1.1757789168478901e-05,0.9999756329261007,-3.2489472838352816e-05,-3.2489472838352816e-05,1.2308479771905296e-05,1.2978177022711822e-05,1.2978177022711822e-05,4.438164083886897e-05,3.635440074673081e-06,3.6354400746730814e-06,1.0000109062936062,1.454168383556279e-05,1.454168383556279e-05,-4.235164736271502e-22,2351.1745577401875
0.299336062089226,8.185448121410815e-06,1.1845948101183641e-05,0.9999754436284807,-3.2741870536732656e-05,-3.2741870536732656e-05,1.2404772369103343e-05,1.3085377431552628e-05,1.3085377431552628e-05,4.440537208353794e-05,3.6604999797728316e-06,3.660499979772826e-06,1.0000109814727842,1.4641921868001909e-05,1.4641921868001909e-05,5.505714157152952e-21,2335.981250224372
0.30163864718222,8.248561713696195e-06,1.1934095699181952e-05,0.9999752542871607,-3.299432651264514e-05,-3.299432651264514e-05,1.2501108990517023e-05,1.3192720253563041e-05,1.3192720253563041e-05,4.4429244060376304e-05,3.6855339854857565e-06,3.685533985485757e-06,1.0000110565742584,1.4742056284082669e-05,1.4742056284082669e-05,-4.235164736271502e-22,2320.8662308182415
0.3039412322752141,8.311690198767724e-06,1.2022232684389798e-05,0.9999750649011565,-3.324684207854324e-05,-3.324684207854324e-05,1.2597490310968098e-05,1.3300206464404167e-05,1.3300206464404167e-05,4.4453258607701974e-05,3.7105424856220726e-06,3.710542485622074e-06,1.0000111315992097,1.4842088659015952e-05,1.4842088659015952e-05,-1.2705494208814505e-21,2305.829232401732
0.3062438173682081,8.374833906531655e-06,1.2110359778353938e-05,0.9999748754694783,-3.3499418554080696e-05,-3.3499418554080696e-05,1.2693917005977688e-05,1.3407837042179332e-05,1.3407837042179332e-05,4.447741758129201e-05,3.735525871822283e-06,3.735525871822283e-06,1.0000112065488134,1.4942020559335057e-05,1.4942020559335057e-05,-5.492942794179821e-39,2290.8699871244316
0.30854640246120213,8.43799316872134e-06,1.2198477702325041e-05,0.9999746859911308,-3.3752057266218424e-05,-3.3752057266218424e-05,1.2790389751830198e-05,1.3515612967495657e-05,1.3515612967495657e-05,4.450172285405038e-05,3.7604845336037066e-06,3.760484533603701e-06,1.000011281424238,1.5041853543081741e-05,1.5041853543081741e-05,5.505714157152952e-21,2275.9882264546077
0.3108489875541962,8.50116831891986e-06,1.228658717732404e-05,0.9999744964651134,-3.400475954931512e-05,-3.400475954931512e-05,1.2886909225630597e-05,1.3623535223519101e-05,1.3623535223519101e-05,4.4526176316877236e-05,3.78541885840418e-06,3.78541885840418e-06,1.0000113562266453,1.5141589159981038e-05,1.5141589159981038e-05,-5.6750440929714546e-39,2261.1836811722833
0.31315157264719023,8.56435969259062e-06,1.2374688924221334e-05,0.9999743068904198,-3.425752674524957e-05,-3.425752674524957e-05,1.2983476105374749e-05,1.373160479604266e-05,1.373160479604266e-05,4.4550779878367084e-05,3.8103292316307177e-06,3.8103292316307147e-06,1.0000114309571924,1.5241228951635766e-05,1.5241228951635766e-05,2.964615315390051e-21,2246.456081416651
0.31545415774018426,8.627567627099662e-06,1.2462783663802154e-05,0.9999741172660376,-3.451036020350997e-05,-3.451036020350997e-05,1.3080091070006032e-05,1.3839822673540973e-05,1.3839822673540973e-05,4.4575535465245026e-05,3.835216036702492e-06,3.835216036702492e-06,1.000011505617029,1.5340774451698645e-05,1.5340774451698645e-05,-5.8533252083116176e-39,2231.805156699227
0.31775674283317834,8.690792461744959e-06,1.255087211684318e-05,0.9999739275909492,-3.476326128131108e-05,-3.476326128131108e-05,1.3176754799483397e-05,1.3948189847236472e-05,1.3948189847236472e-05,4.460044502268316e-05,3.8600796550982195e-06,3.86007965509822e-06,1.0000115802072997,1.5440227186061638e-05,1.5440227186061638e-05,-8.470329472543003e-22,2217.230635922714
0.32005932792617237,8.75403453778258e-06,1.2638955004183778e-05,0.9999737378641306,-3.50162313436989e-05,-3.50162313436989e-05,1.3273467974844179e-05,1.4056707311160407e-05,1.4056707311160407e-05,4.462551051438862e-05,3.8849204664011965e-06,3.884920466401198e-06,1.000011654729143,1.5539588673036208e-05,1.5539588673036208e-05,-1.6940658945086007e-21,2202.7322474101866
0.3223619130191664,8.81729419845465e-06,1.2727033046799962e-05,0.9999735480845523,-3.526927176366257e-05,-3.526927176366257e-05,1.3370231278269811e-05,1.41653760622169e-05,1.41653760622169e-05,4.4650733922812736e-05,3.909738848345308e-06,3.909738848345311e-06,1.0000117291836927,1.5638860423537278e-05,1.5638860423537278e-05,-3.3881317890172014e-21,2188.309718928626
0.32466449811216047,8.880571789016652e-06,1.2815106965877016e-05,0.9999733582511784,-3.5522383922243494e-05,-3.5522383922243494e-05,1.3467045393150354e-05,1.4274197100245893e-05,1.4274197100245893e-05,4.467611724955587e-05,3.934535176860366e-06,3.934535176860364e-06,1.000011803572076,1.573804394126457e-05,1.573804394126457e-05,1.6940658945086007e-21,2173.9627777037895
0.3269670832051545,8.943867656765404e-06,1.2903177482883057e-05,0.999973168362967,-3.577556920864735e-05,-3.577556920864735e-05,1.3563911004150105e-05,1.4383171428087333e-05,1.4383171428087333e-05,4.470166251565982e-05,3.959309826117651e-06,3.959309826117653e-06,1.0000118778954157,1.583714072288488e-05,1.583714072288488e-05,-1.6940658945086007e-21,2159.69115044025
0.3292696682981486,9.007182151069363e-06,1.299124531964612e-05,0.9999729784188701,-3.602882902036525e-05,-3.602882902036525e-05,1.3660828797276924e-05,1.4492300051649159e-05,1.4492300051649159e-05,4.47273717614483e-05,3.984063168576756e-06,3.9840631685767565e-06,1.000011952154829,1.5936152258219228e-05,1.5936152258219228e-05,-8.470329472543003e-22,2145.4945633611387
0.3315722533911426,9.070515623396232e-06,1.3079311198426643e-05,0.9999727884178333,-3.6282164763284216e-05,-3.6282164763284216e-05,1.375779945994707e-05,1.4601583979970934e-05,1.4601583979970934e-05,4.4753247047264295e-05,4.008795575030415e-06,4.008795575030411e-06,1.0000120263514285,1.6035080030422358e-05,1.6035080030422358e-05,3.3881317890172014e-21,2131.3727422084576
0.3338748384841366,9.133868427342276e-06,1.3167375841992475e-05,0.9999725983587957,-3.653557785180444e-05,-3.653557785180444e-05,1.3854823681052756e-05,1.4711024225290306e-05,1.4711024225290306e-05,4.477929045357049e-05,4.033507414650197e-06,4.033507414650199e-06,1.0000121004863216,1.613392551616546e-05,1.613392551616546e-05,-1.6940658945086007e-21,2117.32541227153
0.3361774235771307,9.19724091866138e-06,1.3255439973693287e-05,0.9999724082406901,-3.678906970895556e-05,-3.678906970895556e-05,1.3951902151029235e-05,1.4820621803109116e-05,1.4820621803109116e-05,4.48055040809701e-05,4.058199055031902e-06,4.058199055031907e-06,1.0000121745606112,1.6232690185817593e-05,1.6232690185817593e-05,-5.082197683525802e-21,2103.3522984185392
0.33848000867012473,9.260633455296995e-06,1.3343504317539448e-05,0.9999722180624427,-3.704264176652437e-05,-3.704264176652437e-05,1.4049035561926527e-05,1.4930377732264264e-05,1.4930377732264264e-05,4.48318900509587e-05,4.08287086224245e-06,4.082870862242453e-06,1.0000122485753953,1.633137550363342e-05,1.633137550363342e-05,-2.541098841762901e-21,2089.453125096748
0.3407825937631188,9.324046397413181e-06,1.3431569598279229e-05,0.999972027822973,-3.729629546517911e-05,-3.729629546517911e-05,1.4146224607479606e-05,1.5040293034997163e-05,1.5040293034997163e-05,4.485845050566609e-05,4.1075232008660475e-06,4.1075232008660475e-06,1.0000123225317679,1.642998292793781e-05,1.642998292793781e-05,-6.768067668646966e-39,2075.627616375951
0.34308517885611284,9.387480107421484e-06,1.3519636541468893e-05,0.9999718375211938,-3.755003225457689e-05,-3.755003225457689e-05,1.4243469983171656e-05,1.5150368737016368e-05,1.5150368737016368e-05,4.488518760863615e-05,4.132156434047406e-06,4.1321564340474094e-06,1.0000123964308183,1.6528513911298684e-05,1.6528513911298684e-05,-3.3881317890172014e-21,2061.8754959477114
0.34538776394910686,9.450934950016163e-06,1.360770587355631e-05,0.999971647156011,-3.780385359350468e-05,-3.780385359350468e-05,1.434077238631098e-05,1.5260605867573985e-05,1.5260605867573985e-05,4.491210354465516e-05,4.1567709235401515e-06,4.156770923540148e-06,1.0000124702736317,1.6626969900720562e-05,1.6626969900720562e-05,3.3881317890172014e-21,2048.196487164905
0.34769034904210094,9.514411292204491e-06,1.369577832195624e-05,0.9999714567263235,-3.805776095000049e-05,-3.805776095000049e-05,1.4438132516099739e-05,1.5371005459534032e-05,1.5371005459534032e-05,4.4939200520355445e-05,4.181367029751749e-06,4.181367029751749e-06,1.0000125440612893,1.672535233782447e-05,1.672535233782447e-05,-6.998970415275576e-39,2034.590313048554
0.34999293413509497,9.57790950333923e-06,1.3783854615128938e-05,0.9999712662310234,-3.831175580148327e-05,-3.831175580148327e-05,1.4535551073706177e-05,1.54815685494444e-05,1.54815685494444e-05,4.4966480764513164e-05,4.205945111789704e-06,4.205945111789707e-06,1.0000126177948687,1.6823662659032483e-05,1.6823662659032483e-05,-3.3881317890172014e-21,2021.0566963077122
0.352295519228089,9.641429955151192e-06,1.3871935482658692e-05,0.9999710756689953,-3.856583963488317e-05,-3.856583963488317e-05,1.4633028762336915e-05,1.5592296177609008e-05,1.5592296177609008e-05,4.4993946528088765e-05,4.230505527507503e-06,4.2305055275075e-06,1.0000126914754432,1.69219022957516e-05,1.69219022957516e-05,3.3881317890172014e-21,2007.5953593698387
0.3545981043210831,9.704973021781905e-06,1.396002165533232e-05,0.9999708850391171,-3.882001394677224e-05,-3.882001394677224e-05,1.4730566287309365e-05,1.5703189388160203e-05,1.5703189388160203e-05,4.5021600084686465e-05,4.255048633550415e-06,4.255048633550414e-06,1.000012765104083,1.7020072674557036e-05,1.7020072674557036e-05,8.470329472543003e-22,1994.2060243938254
0.3569006894140771,9.768539079816988e-06,1.4048113865218554e-05,0.9999706943402588,-3.9074280243497935e-05,-3.9074280243497935e-05,1.482816435612519e-05,1.581424922913232e-05,1.581424922913232e-05,4.5049443731040866e-05,4.279574785401567e-06,4.279574785401566e-06,1.0000128386818543,1.711817521737628e-05,1.711817521737628e-05,1.6940658945086007e-21,1980.8884132822043
0.3592032745070711,9.832128508321678e-06,1.4136212845750785e-05,0.9999705035712833,-3.932864004132518e-05,-3.932864004132518e-05,1.4925823678547259e-05,1.5925476752538866e-05,1.5925476752538866e-05,4.5077479786913055e-05,4.304084337429105e-06,4.304084337429106e-06,1.0000129122098205,1.7216211341677956e-05,1.7216211341677956e-05,-1.6940658945086007e-21,1967.6422477172032
0.3615058596000652,9.895741688872538e-06,1.4224319331803264e-05,0.9999703127310459,-3.958309486656328e-05,-3.958309486656328e-05,1.5023544966670215e-05,1.6036873014443448e-05,1.6036873014443448e-05,4.510571059591859e-05,4.328577642930724e-06,4.328577642930726e-06,1.0000129856890412,1.7314182460649776e-05,1.7314182460649776e-05,-1.6940658945086007e-21,1954.46724915924
0.36380844469305923,9.959379005595304e-06,1.4312434059777199e-05,0.9999701218183942,-3.983764625571727e-05,-3.983764625571727e-05,1.5121328935001119e-05,1.6148439075040874e-05,1.6148439075040874e-05,4.513413852537851e-05,4.353055054181893e-06,4.353055054181895e-06,1.0000130591205736,1.741208998339153e-05,1.741208998339153e-05,-1.6940658945086007e-21,1941.3631388846916
0.3661110297860533,1.0023040845197442e-05,1.4400557767677888e-05,0.999969930832168,-4.0092295755618186e-05,-4.0092295755618186e-05,1.521917630053123e-05,1.626017599872956e-05,1.626017599872956e-05,4.516276596697435e-05,4.377516922480444e-06,4.377516922480446e-06,1.000013132505471,1.7509935315093365e-05,1.7509935315093365e-05,-1.6940658945086007e-21,1928.3296379915091
0.36841361487904734,1.0086727597005872e-05,1.4488691195200163e-05,0.9999697397711995,-4.034704492357397e-05,-4.034704492357397e-05,1.5317087782816283e-05,1.637208485419251e-05,1.637208485419251e-05,4.519159533691493e-05,4.401963598194296e-06,4.401963598194291e-06,1.000013205844785,1.7607719857226687e-05,1.7607719857226687e-05,4.235164736271502e-21,1915.3664674243253
0.37071619997204136,1.0150439653002605e-05,1.4576835083810127e-05,0.9999695486343126,-4.0601895327511965e-05,-4.0601895327511965e-05,1.5415064104053213e-05,1.6484166714474894e-05,1.6484166714474894e-05,4.52206290764932e-05,4.426395430807523e-06,4.426395430807522e-06,1.0000132791395642,1.7705445007728543e-05,1.7705445007728543e-05,1.6940658945086007e-21,1902.473347984299
0.37301878506503544,1.0214177407861526e-05,1.4664990176828586e-05,0.9999693574203236,-4.085684854612614e-05,-4.085684854612614e-05,1.5513105989158692e-05,1.6596422657063596e-05,1.6596422657063596e-05,4.5249869652079916e-05,4.450812768967056e-06,4.45081276896706e-06,1.000013352390854,1.78031121611882e-05,1.78031121611882e-05,-3.3881317890172014e-21,1889.65000036087
0.37532137015802947,1.0277941258985027e-05,1.4753157219514e-05,0.9999691661280399,-4.111190616902361e-05,-4.111190616902361e-05,1.5611214165847363e-05,1.670885376396651e-05,1.670885376396651e-05,4.5279319555820374e-05,4.475215960528977e-06,4.475215960528972e-06,1.0000134255996984,1.790072270903239e-05,1.790072270903239e-05,5.082197683525802e-21,1876.8961451362911
0.37762395525102355,1.0341731606543144e-05,1.484133695914929e-05,0.9999689747562611,-4.136706979688114e-05,-4.136706979688114e-05,1.570938936471408e-05,1.682146112179605e-05,1.682146112179605e-05,4.5308981305836476e-05,4.499605352606142e-06,4.499605352606145e-06,1.0000134987671385,1.799827803971602e-05,1.799827803971602e-05,-3.3881317890172014e-21,1864.2115028093826
0.37992654034401757,1.0405548853511293e-05,1.492953014512617e-05,0.9999687833037785,-4.162234104159617e-05,-4.162234104159617e-05,1.5807632319313798e-05,1.693424582185038e-05,1.693424582185038e-05,4.53388574466222e-05,4.5239812916148775e-06,4.5239812916148775e-06,1.0000135718942138,1.809577953890851e-05,1.809577953890851e-05,-7.978387505286421e-39,1851.5957938118656
0.3822291254370116,1.0469393405708728e-05,1.501773752903039e-05,0.9999685917693746,-4.1877721526440624e-05,-4.1877721526440624e-05,1.5905943766242546e-05,1.7047208960195906e-05,1.7047208960195906e-05,4.5368950549409045e-05,4.548344123321662e-06,4.548344123321662e-06,1.0000136449819617,1.8193228589680937e-05,1.8193228589680937e-05,-8.042435714257185e-39,1839.0487385258675
0.3845317105300057,1.0533265671838293e-05,1.5105959864728885e-05,0.9999684001518231,-4.2133212886219894e-05,-4.2133212886219894e-05,1.6004324445220464e-05,1.7160351637751908e-05,1.7160351637751908e-05,4.5399263212545343e-05,4.572694192890591e-06,4.572694192890593e-06,1.0000137180314173,1.8290626572695647e-05,1.8290626572695647e-05,-1.6940658945086007e-21,1826.57005730098
0.3868342956229997,1.0597166063526374e-05,1.519419790845707e-05,0.9999682084498893,-4.238881676743273e-05,-4.238881676743273e-05,1.6102775099175096e-05,1.727367496037561e-05,1.727367496037561e-05,4.542979806202478e-05,4.597031844930693e-06,4.597031844930696e-06,1.0000137910436147,1.8387974866395554e-05,1.8387974866395554e-05,-3.3881317890172014e-21,1814.1594704658817
0.3891368807159937,1.0661094995362534e-05,1.5282452418905328e-05,0.9999680166623294,-4.264453482842973e-05,-4.264453482842973e-05,1.6201296474324057e-05,1.7387180038946738e-05,1.7387180038946738e-05,4.54605577516595e-05,4.6213574235427945e-06,4.6213574235427945e-06,1.0000138640195861,1.848527484719158e-05,1.848527484719158e-05,-8.23006408962003e-39,1801.8166983531892
0.3914394658089878,1.0725052884944279e-05,1.5370724157313758e-05,0.9999678247878906,-4.290036873959245e-05,-4.290036873959245e-05,1.6299889320266118e-05,1.7500867989460592e-05,1.7500867989460592e-05,4.549154496346687e-05,4.645671272369483e-06,4.645671272369479e-06,1.0000139369603624,1.8582527889662585e-05,1.8582527889662585e-05,3.3881317890172014e-21,1789.5414613163075
0.39374205090198183,1.078904015291232e-05,1.5459013887551024e-05,0.999967632825311,-4.315632018347442e-05,-4.315632018347442e-05,1.639855439005649e-05,1.7614739933105534e-05,1.7614739933105534e-05,4.552276240852984e-05,4.669973734638706e-06,4.669973734638704e-06,1.0000140098669736,1.8679735366729676e-05,1.8679735366729676e-05,1.6940658945086007e-21,1777.3334797292755
0.39604463599497586,1.0853057222997344e-05,1.5547322376211916e-05,0.9999674407733194,-4.341239085498828e-05,-4.341239085498828e-05,1.649729244030104e-05,1.772879699635945e-05,1.772879699635945e-05,4.55542128267878e-05,4.694265153214568e-06,4.6942651532145715e-06,1.000014082740448,1.8776898649859385e-05,1.8776898649859385e-05,-3.3881317890172014e-21,1765.1924740255765
0.39834722108796994,1.0917104522063163e-05,1.5635650392708784e-05,0.9999672486306354,-4.3668582461578355e-05,-4.3668582461578355e-05,1.6596104231244456e-05,1.784304031108036e-05,1.784304031108036e-05,4.558589898785118e-05,4.7185458706456225e-06,4.718545870645621e-06,1.0000141555818134,1.8874019109256782e-05,1.8874019109256782e-05,1.6940658945086007e-21,1753.1181646997652
0.40064980618096396,1.098118248014634e-05,1.572399870935684e-05,0.9999670563959686,-4.392489672337919e-05,-4.392489672337919e-05,1.669499052685249e-05,1.7957471014591216e-05,1.7957471014591216e-05,4.561782369143819e-05,4.742816229210504e-06,4.7428162292105004e-06,1.0000142283920967,1.8971098114048175e-05,1.8971098114048175e-05,3.3881317890172014e-21,1741.1102723230651
0.40295239127395804,1.1045291530504844e-05,1.5812368101474212e-05,0.9999668640680195,-4.418133537341016e-05,-4.418133537341016e-05,1.6793952094909053e-05,1.8072090249779688e-05,1.8072090249779688e-05,4.564998976758942e-05,4.767076570969368e-06,4.767076570969368e-06,1.000014301172324,1.906813703248669e-05,1.906813703248669e-05,-8.585506154953146e-39,1729.1685175668285
0.40525497636695207,1.1109432109659318e-05,1.5900759347469506e-05,0.9999666716454785,-4.4437900157740564e-05,-4.4437900157740564e-05,1.6892989707101016e-05,1.8186899165185815e-05,1.8186899165185815e-05,4.5682400077400775e-05,4.791327237810187e-06,4.7913272378101885e-06,1.000014373923521,1.916513723213746e-05,1.916513723213746e-05,-1.6940658945086007e-21,1717.292621207746
0.4075575614599461,1.1173604657439957e-05,1.5989173228938452e-05,0.999966479127026,-4.469459283567714e-05,-4.469459283567714e-05,1.6992104139112185e-05,1.8301898915098936e-05,1.8301898915098936e-05,4.57150575132007e-05,4.815568571498496e-06,4.8155685714984955e-06,1.0000144466467127,1.9262100080076672e-05,1.9262100080076672e-05,8.470329472543003e-22,1705.482304152731
0.4098601465529402,1.1237809617031866e-05,1.607761053075778e-05,0.9999662865113326,-4.49514151799455e-05,-4.49514151799455e-05,1.7091296170714712e-05,1.841709065965222e-05,1.841709065965222e-05,4.574796499918394e-05,4.8398009137259174e-06,4.839800913725915e-06,1.0000145193429248,1.9359026943085623e-05,1.9359026943085623e-05,2.541098841762901e-21,1693.7372874478708
0.4121627316459342,1.130204743502198e-05,1.616607204118145e-05,0.9999660937970584,-4.520836897687784e-05,-4.520836897687784e-05,1.7190566585862967e-05,1.85324755649198e-05,1.85324755649198e-05,4.578112549191603e-05,4.864024606159469e-06,4.864024606159469e-06,1.000014592013182,1.9455919187847957e-05,1.9455919187847957e-05,-8.808268084575879e-39,1682.0572922920894
0.4144653167389283,1.1366318561446266e-05,1.625455855193713e-05,0.9999659009828534,-4.5465456026601713e-05,-4.5465456026601713e-05,1.728991617278784e-05,1.8648054803014457e-05,1.8648054803014457e-05,4.581454198076384e-05,4.888239990490867e-06,4.888239990490865e-06,1.0000146646585093,1.9552778181146812e-05,1.9552778181146812e-05,1.6940658945086007e-21,1670.4420400535007
0.4167679018319223,1.1430623449837477e-05,1.6343070858323362e-05,0.9999657080673571,-4.5722678143231125e-05,-4.5722678143231125e-05,1.7389345724091823e-05,1.876382955218626e-05,1.876382955218626e-05,4.584821748820204e-05,4.91244740848588e-06,4.912447408485885e-06,1.000014737279932,1.9649605290062322e-05,1.9649605290062322e-05,-5.082197683525802e-21,1658.8912522899261
0.41907048692491633,1.1494962557274166e-05,1.643160975930852e-05,0.9999655150491982,-4.598003715506252e-05,-4.598003715506252e-05,1.7488856036846137e-05,1.887980099692334e-05,1.887980099692334e-05,4.588215507083991e-05,4.936647202034355e-06,4.936647202034356e-06,1.000014809878476,1.9746401882171568e-05,1.9746401882171568e-05,-8.470329472543003e-22,1647.404650745293
0.4213730720179104,1.1559336344429808e-05,1.6520176057629817e-05,0.9999653219269946,-4.623753490477133e-05,-4.623753490477133e-05,1.7588447912687932e-05,1.899597032805296e-05,1.899597032805296e-05,4.591635781917118e-05,4.960839713200009e-06,4.960839713200009e-06,1.0000148824551676,1.9843169325747935e-05,1.9843169325747935e-05,-9.020070571138074e-39,1635.9819573891193
0.42367565711090444,1.1623745275622995e-05,1.6608770559893752e-05,0.9999651286993535,-4.649517324961273e-05,-4.649517324961273e-05,1.768812215791916e-05,1.9112338742844328e-05,1.9112338742844328e-05,4.595082885883164e-05,4.985025284270763e-06,4.985025284270758e-06,1.000014955011033,1.993990898996228e-05,1.993990898996228e-05,5.082197683525802e-21,1624.6228944055526
0.42597824220389846,1.1688189818868185e-05,1.6697394076677323e-05,0.9999649353648707,-4.675295406162469e-05,-4.675295406162469e-05,1.778787958360635e-05,1.9228907445112504e-05,1.9228907445112504e-05,4.5985571350736024e-05,5.009204257809132e-06,5.009204257809138e-06,1.0000150275471007,2.0036622245084603e-05,2.0036622245084603e-05,-5.929230630780102e-21,1613.3271842201095
0.42828082729689254,1.1752670445927095e-05,1.678604742263001e-05,0.9999647419221313,-4.70108792278335e-05,-4.70108792278335e-05,1.788772100568129e-05,1.934567764532334e-05,1.934567764532334e-05,4.602058849153939e-05,5.033376976702915e-06,5.033376976702915e-06,1.000015100064399,2.0133310462686536e-05,2.0133310462686536e-05,-9.17193068181184e-39,1602.0945495155004
0.43058341238988657,1.1817187632362117e-05,1.687473141657892e-05,0.9999645483697082,-4.726895065046747e-05,-4.726895065046747e-05,1.7987647245045e-05,1.94626505607019e-05,1.94626505607019e-05,4.6055883514619333e-05,5.0575437842168005e-06,5.057543784216802e-06,1.0000151725639579,2.022997501584821e-05,2.022997501584821e-05,-1.6940658945086007e-21,1590.9247132307544
0.4328859974828806,1.1881741857587041e-05,1.696344688162922e-05,0.9999643547061634,-4.7527170247159815e-05,-4.7527170247159815e-05,1.8087659127667212e-05,1.9579827415336435e-05,1.9579827415336435e-05,4.609145969011832e-05,5.081705024042176e-06,5.081705024042178e-06,1.0000152450468083,2.032661727935706e-05,2.032661727935706e-05,-1.6940658945086007e-21,1579.8173985910776
0.43518858257587467,1.1946333604924205e-05,1.7052194645274974e-05,0.9999641609300469,-4.778553995117731e-05,-4.778553995117731e-05,1.8187757484696323e-05,1.9697209440293147e-05,1.9697209440293147e-05,4.612732032580876e-05,5.1058610403507706e-06,5.105861040350769e-06,1.0000153175139828,2.042323862992259e-05,2.042323862992259e-05,1.6940658945086007e-21,1568.7723291110883
0.4374911676688687,1.201096336165636e-05,1.7140975539501016e-05,0.999963967039897,-4.804406171162768e-05,-4.804406171162768e-05,1.8287943152560577e-05,1.9814797873722173e-05,1.9814797873722173e-05,4.61634687677871e-05,5.130012177844655e-06,5.130012177844657e-06,1.0000153899665154,2.0519840446376384e-05,2.0519840446376384e-05,-1.6940658945086007e-21,1557.789228603998
0.4397937527618628,1.2075631619083298e-05,1.722979040089245e-05,0.9999637730342396,-4.83027374936862e-05,-4.83027374936862e-05,1.838821697307704e-05,1.99325939609716e-05,1.99325939609716e-05,4.619990840065333e-05,5.154158781809155e-06,5.154158781809151e-06,1.0000154624054423,2.0616424109883592e-05,2.0616424109883592e-05,4.235164736271502e-21,1546.8678212071673
0.4420963378548568,1.2140338872578106e-05,1.731864007074332e-05,0.9999635789115887,-4.8561569278820676e-05,-4.8561569278820676e-05,1.848857979355986e-05,2.0050598954700927e-05,2.0050598954700927e-05,4.6236642648546895e-05,5.178301198165218e-06,5.178301198165215e-06,1.000015534831801,2.0712991004152608e-05,2.0712991004152608e-05,3.3881317890172014e-21,1536.007831380742
0.4443989229478508,1.2205085621644766e-05,1.7407525395167264e-05,0.9999633846704458,-4.8820559065021826e-05,-4.8820559065021826e-05,1.858903246693068e-05,2.0168814114996775e-05,2.0168814114996775e-05,4.6273674975601354e-05,5.2024397735224945e-06,5.202439773522498e-06,1.0000156072466313,2.080954251564723e-05,2.080954251564723e-05,-3.3881317890172014e-21,1525.2089839249302
0.4467015080408449,1.22698723699761e-05,1.7496447225208492e-05,0.9999631903092998,-4.9079708867035135e-05,-4.9079708867035135e-05,1.8689575851829542e-05,2.0287240709489312e-05,2.0287240709489312e-05,4.631100888643614e-05,5.226574855232396e-06,5.226574855232393e-06,1.0000156796509754,2.0906080033798835e-05,2.0906080033798835e-05,3.3881317890172014e-21,1514.4710039961044
0.44900409313383893,1.2334699625511976e-05,1.7585406416953018e-05,0.9999629958266271,-4.9339020716593646e-05,-4.9339020716593646e-05,1.8790210812726154e-05,2.0405880013469165e-05,2.0405880013469165e-05,4.6348647926941894e-05,5.2507067914410434e-06,5.250706791441042e-06,1.000015752045878,2.1002604951218425e-05,2.1002604951218425e-05,1.6940658945086007e-21,1503.7936171140245
0.451306678226833,1.2399567900499087e-05,1.767440383164217e-05,0.9999628012208907,-4.959849666265709e-05,-4.959849666265709e-05,1.8890938220033643e-05,2.0524733310006985e-05,2.0524733310006985e-05,4.638659568503115e-05,5.2748359311430815e-06,5.2748359311430815e-06,1.0000158244323856,2.1099118663911585e-05,2.1099118663911585e-05,-9.636698013984048e-39,1493.1765491704866
0.45360926331982704,1.2464477711553212e-05,1.7763440335790057e-05,0.9999626064905409,-4.985813877166091e-05,-4.985813877166091e-05,1.89917589502264e-05,2.0643801890077244e-05,2.0643801890077244e-05,4.6424855790986404e-05,5.298962624236845e-06,5.298962624236845e-06,1.0000158968115482,2.1195622571499314e-05,2.1195622571499314e-05,-9.679793792809361e-39,1482.619526450334
0.45591184841282106,1.2529429579719888e-05,1.7852516801298158e-05,0.9999624116340146,-5.011794912775905e-05,-5.011794912775905e-05,1.909267388595515e-05,2.0763087052679482e-05,2.0763087052679482e-05,4.6463431918569614e-05,5.323087221578272e-06,5.32308722157827e-06,1.0000159691844184,2.1292118077433585e-05,2.1292118077433585e-05,1.6940658945086007e-21,1472.122275629688
0.45821443350581514,1.259442403053688e-05,1.79416341055726e-05,0.9999622166497351,-5.037792983307371e-05,-5.037792983307371e-05,1.919368391616495e-05,2.088259010496258e-05,2.088259010496258e-05,4.650232778516913e-05,5.347210075035717e-06,5.347210075035719e-06,1.0000160415520518,2.138860658921668e-05,2.138860658921668e-05,-1.6940658945086007e-21,1461.68452380328
0.46051701859880917,1.2659461594096676e-05,1.8030793131641298e-05,0.9999620215361122,-5.063808300794545e-05,-5.063808300794545e-05,1.929478993621316e-05,2.1002312362349192e-05,2.1002312362349192e-05,4.654154715314699e-05,5.371331537544624e-06,5.371331537544622e-06,1.0000161139155073,2.148508951861974e-05,2.148508951861974e-05,1.6940658945086007e-21,1451.3059984762458
0.4628196036918032,1.272454280511442e-05,1.8119994768279855e-05,0.9999618262915418,-5.0898410791204844e-05,-5.0898410791204844e-05,1.93959928479963e-05,2.1122255148669268e-05,2.1122255148669268e-05,4.6581093830081115e-05,5.395451963165432e-06,5.3954519631654355e-06,1.0000161862758468,2.1581568281914577e-05,2.1581568281914577e-05,-3.3881317890172014e-21,1440.9864275890181
0.4651221887847973,1.2789668202989677e-05,1.8209239910126987e-05,0.9999616309144058,-5.1158915340419604e-05,-5.1158915340419604e-05,1.9497293560066677e-05,2.1242419796283433e-05,2.1242419796283433e-05,4.662097166945282e-05,5.419571707137312e-06,5.41957170713731e-06,1.0000162586341361,2.1678044300088342e-05,2.1678044300088342e-05,2.541098841762901e-21,1430.7255395290213
0.4674247738777913,1.2854838331875632e-05,1.8298529457812062e-05,0.9999614354030717,-5.141959883217136e-05,-5.141959883217136e-05,1.959869298776117e-05,2.1362807646218807e-05,2.1362807646218807e-05,4.6661184571907447e-05,5.443691125936431e-06,5.4436911259364305e-06,1.0000163309914452,2.1774518999076888e-05,2.1774518999076888e-05,8.470329472543003e-22,1420.5230631261973
0.4697273589707853,1.2920053740745655e-05,1.8387864318078004e-05,0.9999612397558925,-5.168046346232195e-05,-5.168046346232195e-05,1.970019205332564e-05,2.148342004830052e-05,2.148342004830052e-05,4.670173648549591e-05,5.46781057733235e-06,5.467810577332349e-06,1.0000164033488468,2.1870993809990064e-05,2.1870993809990064e-05,8.470329472543003e-22,1410.3787276783216
0.4720299440637794,1.298531498346178e-05,1.847724540390714e-05,0.9999610439712067,-5.194151144628729e-05,-5.194151144628729e-05,1.980179168604238e-05,2.1604258361286485e-05,2.1604258361286485e-05,4.6742631406718415e-05,5.4919304204453595e-06,5.491930420445359e-06,1.0000164757074184,2.1967470169341267e-05,2.1967470169341267e-05,8.470329472543003e-22,1400.2922629533443
0.47433252915677343,1.3050622618845024e-05,1.8566673634649884e-05,0.9999608480473379,-5.220274501931871e-05,-5.220274501931871e-05,1.9903492822360587e-05,2.1725323953005388e-05,2.1725323953005388e-05,4.6783873381155005e-05,5.516051015804857e-06,5.5160510158048595e-06,1.000016548068242,2.2063949519280824e-05,2.2063949519280824e-05,-2.541098841762901e-21,1390.2633992038757
0.4766351142497675,1.3115977210747465e-05,1.8656149936156077e-05,0.9999606519825945,-5.246416643679126e-05,-5.246416643679126e-05,2.000529640602962e-05,2.1846618200497602e-05,2.1846618200497602e-05,4.682546650445071e-05,5.5401727254086154e-06,5.540172725408611e-06,1.000016620432403,2.2160433307833046e-05,2.2160433307833046e-05,4.235164736271502e-21,1380.2918671719235
0.47893769934276154,1.318137932812061e-05,1.874567524089992e-05,0.9999604557752697,-5.2725777974477185e-05,-5.2725777974477185e-05,2.0107203388226073e-05,2.1968142490150108e-05,2.1968142490150108e-05,4.6867414922939726e-05,5.564295912779309e-06,5.564295912779311e-06,1.0000166928009924,2.22569229891225e-05,2.22569229891225e-05,-1.6940658945086007e-21,1370.3773981040508
0.48124028443575556,1.324682954509246e-05,1.8835250488119137e-05,0.9999602594236412,-5.298758192885418e-05,-5.298758192885418e-05,2.0209214727695164e-05,2.208989821784594e-05,2.208989821784594e-05,4.690972283478261e-05,5.5884209430266815e-06,5.5884209430266764e-06,1.0000167651751055,2.235342002362237e-05,2.235342002362237e-05,5.082197683525802e-21,1360.519723752584
0.48354286952874964,1.3312328441038984e-05,1.892487662394456e-05,0.9999600629259707,-5.3249580617391315e-05,-5.3249580617391315e-05,2.031133139088278e-05,2.2211886789104406e-05,2.2211886789104406e-05,4.6952394490425386e-05,5.6125481829055796e-06,5.612548182905576e-06,1.0000168375558425,2.2449925878386927e-05,2.2449925878386927e-05,3.3881317890172014e-21,1350.718576395839
0.48584545462174367,1.3377876600662893e-05,1.9014554601541654e-05,0.9999598662805044,-5.351177637886412e-05,-5.351177637886412e-05,2.0413554352079546e-05,2.233410961923362e-05,2.233410961923362e-05,4.6995434193888044e-05,5.636678000878759e-06,5.636678000878761e-06,1.000016909944309,2.2546442027302494e-05,2.2546442027302494e-05,-1.6940658945086007e-21,1340.9736888358889
0.48814803971473775,1.3443474614065893e-05,1.9104285381240912e-05,0.9999596694854717,-5.3774171573643636e-05,-5.3774171573643636e-05,2.0515884593554036e-05,2.2456568133472223e-05,2.2456568133472223e-05,4.703884630322138e-05,5.6608107671750155e-06,5.660810767175019e-06,1.0000169823416154,2.264296995132001e-05,2.264296995132001e-05,-3.3881317890172014e-21,1331.2847944193134
0.49045062480773177,1.3509123076831218e-05,1.9194069930685116e-05,0.999959472539086,-5.40367685840265e-05,-5.40367685840265e-05,2.0618323105702897e-05,2.257926376714835e-05,2.257926376714835e-05,4.708263523184639e-05,5.684946853853903e-06,5.684946853853898e-06,1.000017054748878,2.2739511138713962e-05,2.2739511138713962e-05,5.082197683525802e-21,1321.651627034409
0.4927532099007258,1.3574822590099808e-05,1.9283909224965782e-05,0.999959275439544,-5.4299569814539706e-05,-5.4299569814539706e-05,2.0720870887190418e-05,2.2702197965828118e-05,2.2702197965828118e-05,4.7126805449165964e-05,5.709086634865977e-06,5.709086634865974e-06,1.000017127167219,2.2836067085323424e-05,2.2836067085323424e-05,3.3881317890172014e-21,1312.0739211283365
0.4950557949937199,1.3640573760651412e-05,1.9373804246767533e-05,0.9999590781850253,-5.4562577692265014e-05,-5.4562577692265014e-05,2.082352894509614e-05,2.282537218547242e-05,2.282537218547242e-05,4.7171361481679936e-05,5.733230486116119e-06,5.733230486116122e-06,1.0000171995977656,2.293263929480512e-05,2.293263929480512e-05,-2.541098841762901e-21,1302.551411711126
0.4973583800867139,1.3706377200987525e-05,1.9463755986515294e-05,0.9999588807736923,-5.48257946671707e-05,-5.48257946671707e-05,2.0926298295065483e-05,2.2948787892596883e-05,2.2948787892596883e-05,4.721630791384781e-05,5.757378785527771e-06,5.757378785527769e-06,1.0000172720416518,2.3029229278890476e-05,2.3029229278890476e-05,1.6940658945086007e-21,1293.0838343667508
0.4996609651797079,1.3772233529413866e-05,1.9553765442520447e-05,0.9999586832036903,-5.5089223212441485e-05,-5.5089223212441485e-05,2.102917996145948e-05,2.3072446564431184e-05,2.3072446564431184e-05,4.726164938925056e-05,5.78153191310658e-06,5.781531913106581e-06,1.0000173445000178,2.3125838557640304e-05,2.3125838557640304e-05,-8.470329472543003e-22,1283.6709252567694
0.501963550272702,1.3838143370125178e-05,1.9643833621130605e-05,0.9999584854731467,-5.5352865824817734e-05,-5.5352865824817734e-05,2.1132174977508347e-05,2.3196349689082344e-05,2.3196349689082344e-05,4.730739061136324e-05,5.805690251005426e-06,5.805690251005427e-06,1.0000174169740101,2.3222468659704688e-05,2.3222468659704688e-05,-1.6940658945086007e-21,1274.3124211344298
0.5042661353656961,1.3904107353290482e-05,1.973396153687992e-05,0.999958287580171,-5.561672502493647e-05,-5.561672502493647e-05,2.123528438546569e-05,2.332049876569887e-05,2.332049876569887e-05,4.7353536344640215e-05,5.829854183589439e-06,5.829854183589437e-06,1.0000174894647818,2.3319121122583207e-05,2.3319121122583207e-05,1.6940658945086007e-21,1265.008059351008
0.5065687204586901,1.3970126115141522e-05,1.9824150212644374e-05,0.9999580895228545,-5.588080335768517e-05,-5.588080335768517e-05,2.133850923676794e-05,2.3444895304640386e-05,2.3444895304640386e-05,4.740009141575089e-05,5.854024097502849e-06,5.854024097502853e-06,1.0000175619734923,2.3415797492892326e-05,2.3415797492892326e-05,-3.3881317890172014e-21,1255.7575778588002
0.5088713055516841,1.4036200298060828e-05,1.991440067979627e-05,0.9999578912992699,-5.6145103392554045e-05,-5.6145103392554045e-05,2.144185059219311e-05,2.356954082764671e-05,2.356954082764671e-05,4.744706071447109e-05,5.878200381735437e-06,5.878200381735443e-06,1.0000176345013094,2.3512499326631035e-05,2.3512499326631035e-05,-5.929230630780102e-21,1246.5607152233117
0.5111738906446782,1.4102330550671985e-05,2.0004713978362062e-05,0.9999576929074717,-5.6409627723997085e-05,-5.6409627723997085e-05,2.1545309522023095e-05,2.369443686801074e-05,2.369443686801074e-05,4.749444919469822e-05,5.902383427690074e-06,5.9023834276900775e-06,1.0000177070494067,2.3609228189451164e-05,2.3609228189451164e-05,-3.3881317890172014e-21,1237.417210632581
0.5134764757376722,1.4168517527932693e-05,2.0095091157184608e-05,0.9999574943454949,-5.6674378971804316e-05,-5.6674378971804316e-05,2.1648887106210572e-05,2.3819584970756117e-05,2.3819584970756117e-05,4.754226187584124e-05,5.926573629251917e-06,5.9265736292519145e-06,1.0000177796189664,2.3705985656934114e-05,2.3705985656934114e-05,2.541098841762901e-21,1228.3268038976526
0.5157790608306663,1.4234761891226432e-05,2.0185533274082825e-05,0.9999572956113553,-5.693935978146848e-05,-5.693935978146848e-05,2.1752584434543472e-05,2.39449866928127e-05,2.39449866928127e-05,4.759050384375137e-05,5.950771382856388e-06,5.950771382856393e-06,1.0000178522111776,2.3802773314862822e-05,2.3802773314862822e-05,-5.082197683525802e-21,1219.2892354649605
0.5180816459236603,1.4301064308459e-05,2.0276041396019235e-05,0.9999570967030492,-5.720457282457119e-05,-5.720457282457119e-05,2.1856402606817512e-05,2.4070643603200307e-05,2.4070643603200307e-05,4.763918025200727e-05,5.9749770875602335e-06,5.974977087560235e-06,1.0000179248272372,2.389959275950575e-05,2.389959275950575e-05,-1.6940658945086007e-21,1210.3042464203497
0.5203842310166543,1.4367425454154066e-05,2.036661659926555e-05,0.9999568976185531,-5.747002079916516e-05,-5.747002079916516e-05,2.1960342733006997e-05,2.4196557283210918e-05,2.4196557283210918e-05,4.768829632273567e-05,5.9991911451114895e-06,5.999191145111484e-06,1.000017997468351,2.399644559789704e-05,2.399644559789704e-05,5.082197683525802e-21,1201.3715785047848
0.5226868161096484,1.4433846009551984e-05,2.045725996957346e-05,0.9999566983558233,-5.77357064301694e-05,-5.77357064301694e-05,2.206440593344095e-05,2.4322729326596476e-05,2.4322729326596476e-05,4.773785734845154e-05,6.0234139600214795e-06,6.023413960021477e-06,1.000018070135732,2.409333344812444e-05,2.409333344812444e-05,2.541098841762901e-21,1192.4909741059655
0.5249894012026425,1.4500326662709393e-05,2.0547972602346478e-05,0.9999564989127957,-5.800163246976775e-05,-5.800163246976775e-05,2.216859333898051e-05,2.4449161339758142e-05,2.4449161339758142e-05,4.7787868692804026e-05,6.0476459396370884e-06,6.047645939637085e-06,1.0000181428306028,2.419025793961816e-05,2.419025793961816e-05,3.3881317890172014e-21,1183.662176276806
0.5272919862956365,1.4566868108601081e-05,2.0638755602815236e-05,0.9999562992873853,-5.826780169781619e-05,-5.826780169781619e-05,2.2272906091199995e-05,2.4575854941939445e-05,2.4575854941939445e-05,4.783833579197661e-05,6.0718874942141545e-06,6.0718874942141545e-06,1.0000182155541937,2.4287220713444754e-05,2.4287220713444754e-05,-1.0768316561055985e-38,1174.8849287386115
0.5295945713886305,1.4633471049223333e-05,2.0729610086215055e-05,0.9999560994774862,-5.853421692225636e-05,-5.853421692225636e-05,2.2377345342570376e-05,2.4702811765422092e-05,2.4702811765422092e-05,4.788926415613318e-05,6.096139036991726e-06,6.096139036991722e-06,1.0000182883077449,2.438422342260386e-05,2.438422342260386e-05,4.235164736271502e-21,1166.1589758838254
0.5318971564816246,1.4700136193699134e-05,2.082053717796626e-05,0.999955899480971,-5.880088097953634e-05,-5.880088097953634e-05,2.2481912256645737e-05,2.4830033455724988e-05,2.4830033455724988e-05,4.794065937040736e-05,6.120400984267123e-06,6.120400984267126e-06,1.0000183610925049,2.4481267732328703e-05,2.4481267732328703e-05,-3.3881317890172014e-21,1157.484062789927
0.5341997415746187,1.4766864258385116e-05,2.0911538013857203e-05,0.9999556992956907,-5.9067796735038406e-05,-5.9067796735038406e-05,2.2586608008252598e-05,2.4957521671806324e-05,2.4957521671806324e-05,4.799252709652063e-05,6.144673755472088e-06,6.1446737554720875e-06,1.0000184339097322,2.4578355320390407e-05,2.4578355320390407e-05,8.470329472543003e-22,1148.8599352191757
0.5365023266676127,1.4833655966980761e-05,2.100261374023072e-05,0.9999554989194742,-5.9334967083515893e-05,-5.9334967083515893e-05,2.269143378368288e-05,2.5085278086269603e-05,2.5085278086269603e-05,4.804487307411914e-05,6.168957773249961e-06,6.1689577732499575e-06,1.0000185067606948,2.4675487877406982e-05,2.4675487877406982e-05,3.3881317890172014e-21,1140.2863396255284
0.5388049117606067,1.4900512050638857e-05,2.1093765514172403e-05,0.9999552983501282,-5.960239494953504e-05,-5.960239494953504e-05,2.2796390780888917e-05,2.5213304385571904e-05,2.5213304385571904e-05,4.8097703122095524e-05,6.193253463533546e-06,6.193253463533546e-06,1.0000185796466707,2.477266710715457e-05,2.477266710715457e-05,-1.0892339376137395e-38,1131.7630231623843
0.5411074968536008,1.4967433248077848e-05,2.1184994503701794e-05,0.9999550975854363,-5.987008328792431e-05,-5.987008328792431e-05,2.29014802096815e-05,2.5341602270235454e-05,2.5341602270235454e-05,4.815102314004187e-05,6.217561255623945e-06,6.217561255623947e-06,1.0000186525689474,2.486989472688287e-05,2.486989472688287e-05,-1.6940658945086007e-21,1123.2897336878796
0.5434100819465948,1.5034420305698193e-05,2.1276301887969935e-05,0.9999548966231595,-6.013803508423995e-05,-6.013803508423995e-05,2.30067032919346e-05,2.5470173455066094e-05,2.5470173455066094e-05,4.8204839109754534e-05,6.241881582271746e-06,6.241881582271742e-06,1.0000187255288233,2.4967172467639793e-05,2.4967172467639793e-05,3.3881317890172014e-21,1114.8662197696187
0.5457126670395889,1.5101473977696957e-05,2.1367688857453695e-05,0.9999546954610352,-6.0406253355224255e-05,-6.0406253355224255e-05,2.3112061261786962e-05,2.5599019669368913e-05,2.5599019669368913e-05,4.8259157096756414e-05,6.266214879756738e-06,6.266214879756738e-06,1.0000187985276077,2.5064502074590523e-05,2.5064502074590523e-05,-1.096139182029811e-38,1106.4922306896408
0.548015252132583,1.5168595026188504e-05,2.1459156614160035e-05,0.9999544940967771,-6.067474114928842e-05,-6.067474114928842e-05,2.3217555365853896e-05,2.5728142657174287e-05,2.5728142657174287e-05,4.83139832516145e-05,6.2905615879715265e-06,6.290561587971531e-06,1.0000188715666196,2.516188530735172e-05,2.516188530735172e-05,-4.235164736271502e-21,1098.1675164544372
0.5503178372255769,1.5235784221324839e-05,2.1550706371829317e-05,0.9999542925280747,-6.0943501546993873e-05,-6.0943501546993873e-05,2.3323186863438338e-05,2.585754417746347e-05,2.585754417746347e-05,4.83693238119032e-05,6.314922150504478e-06,6.314922150504478e-06,1.00001894464719,2.5259323940323394e-05,2.5259323940323394e-05,-1.1005252079758798e-38,1089.8918277914677
0.552620422318571,1.5303042341418595e-05,2.1642339356142834e-05,0.9999540907525931,-6.121253766154426e-05,-6.121253766154426e-05,2.342895702674628e-05,2.5987226004398827e-05,2.5987226004398827e-05,4.842518510348173e-05,6.339297014724239e-06,6.3392970147242386e-06,1.0000190177706616,2.535681976302708e-05,2.535681976302708e-05,8.470329472543003e-22,1081.6649161613254
0.5549230074115651,1.5370370173068207e-05,2.1734056804933596e-05,0.9999538887679726,-6.148185263928608e-05,-6.148185263928608e-05,2.3534867141105725e-05,2.611718992755782e-05,2.611718992755782e-05,4.848157354215894e-05,6.36368663186539e-06,6.363686631865389e-06,1.0000190909383875,2.54543745804483e-05,2.54543745804483e-05,8.470329472543003e-22,1073.4865337620079
0.557225592504559,1.5437768511286308e-05,2.1825859968402298e-05,0.9999536865718283,-6.17514496602224e-05,-6.17514496602224e-05,2.3640918505191028e-05,2.624743775217268e-05,2.624743775217268e-05,4.853849563558435e-05,6.388091457115991e-06,6.38809145711599e-06,1.0000191641517335,2.555199021338679e-05,2.555199021338679e-05,8.470329472543003e-22,1065.3564335291223
0.5595281775975531,1.550523815962945e-05,2.1917750109335103e-05,0.9999534841617491,-6.20213319385316e-05,-6.20213319385316e-05,2.3747112431249242e-05,2.6377971299372365e-05,2.6377971299372365e-05,4.859595798459177e-05,6.412511949705651e-06,6.412511949705653e-06,1.000019237412077,2.564966849880881e-05,2.564966849880881e-05,-1.6940658945086007e-21,1057.274369148344
0.5618307626905472,1.5572779930330083e-05,2.200972850332497e-05,0.9999532815352988,-6.229150272309539e-05,-6.229150272309539e-05,2.3853450245330263e-05,2.6508792406428557e-05,2.6508792406428557e-05,4.865396728531104e-05,6.4369485729948865e-06,6.436948572994886e-06,1.0000193107208089,2.5747411290204486e-05,2.5747411290204486e-05,8.470329472543003e-22,1049.2400950523581
0.5641333477835412,1.5640394644431025e-05,2.2101796438996805e-05,0.999953078690014,-6.256196529803668e-05,-6.256196529803668e-05,2.395993328752102e-05,2.6639902927005994e-05,2.6639902927005994e-05,4.871253033084913e-05,6.4614017945657825e-06,6.46140179456578e-06,1.000019384079331,2.584522045795054e-05,2.584522045795054e-05,2.541098841762901e-21,1041.2533664276489
0.5664359328765353,1.5708083131926428e-05,2.2193955218243136e-05,0.9999528756234051,-6.283272298328341e-05,-6.283272298328341e-05,2.4066562912190368e-05,2.677130473142385e-05,2.677130473142385e-05,4.877165401287398e-05,6.485872086316709e-06,6.485872086316708e-06,1.0000194574890597,2.594309788968913e-05,2.594309788968913e-05,8.470329472543003e-22,1033.3139392238575
0.5687385179695293,1.577584623189464e-05,2.2286206156446e-05,0.9999526723329544,-6.310377913510009e-05,-6.310377913510009e-05,2.4173340488220498e-05,2.6902999706903805e-05,2.6902999706903805e-05,4.883134532383839e-05,6.510359924551364e-06,6.510359924551359e-06,1.0000195309514237,2.604104549068391e-05,2.604104549068391e-05,5.082197683525802e-21,1025.42157015075
0.5710411030625233,1.5843684792645807e-05,2.237855058272306e-05,0.9999524688161173,-6.337513714667806e-05,-6.337513714667806e-05,2.4280267399262758e-05,2.7034989757842934e-05,2.7034989757842934e-05,4.889161135862332e-05,6.534865790077254e-06,6.534865790077254e-06,1.0000196044678655,2.613906518421419e-05,2.613906518421419e-05,-1.1181884840648374e-38,1017.5760166878598
0.5733436881555174,1.5911599671866035e-05,2.247098984016773e-05,0.9999522650703208,-6.36468004487123e-05,-6.36468004487123e-05,2.4387345043987718e-05,2.716727680608107e-05,2.716727680608107e-05,4.895245931666785e-05,6.5593901683016955e-06,6.5593901683016955e-06,1.0000196780398412,2.6237158911958624e-05,2.6237158911958624e-05,-1.119948248984512e-38,1009.777037084976
0.5756462732485115,1.597959173676513e-05,2.25635252860949e-05,0.9999520610929631,-6.391877250999236e-05,-6.391877250999236e-05,2.4494574836341097e-05,2.7299862791174362e-05,2.7299862791174362e-05,4.901389650395691e-05,6.583933549329769e-06,6.583933549329767e-06,1.0000197516688214,2.633532863438724e-05,2.633532863438724e-05,1.6940658945086007e-21,1002.0243903663849
0.5779488583415056,1.604766186422528e-05,2.2656158292287946e-05,0.9999518568814136,-6.4191056837997e-05,-6.4191056837997e-05,2.4601958205801218e-05,2.7432749670670635e-05,2.7432749670670635e-05,4.907593033475141e-05,6.608496428062667e-06,6.608496428062667e-06,1.0000198253562904,2.643357633115478e-05,2.643357633115478e-05,-1.1233499744380381e-38,994.3178363408551
0.5802514434344995,1.6115810940957385e-05,2.2748890245258198e-05,0.9999516524330124,-6.446365697951964e-05,-6.446365697951964e-05,2.4709496597649118e-05,2.7565939420397766e-05,2.7565939420397766e-05,4.9138568334244835e-05,6.6330793043008114e-06,6.633079304300813e-06,1.0000198991037481,2.6531904001513153e-05,2.6531904001513153e-05,-1.6940658945086007e-21,986.657135594321
0.5825540285274936,1.6184039863654688e-05,2.2841722546499544e-05,0.9999514477450693,-6.473657652128282e-05,-6.473657652128282e-05,2.4817191473234125e-05,2.7699434034747793e-05,2.7699434034747793e-05,4.920181814014953e-05,6.657682682844857e-06,6.657682682844856e-06,1.0000199729127088,2.6630313664715357e-05,2.6630313664715357e-05,8.470329472543003e-22,979.0420495043203
0.5848566136204877,1.6252349539154144e-05,2.2934656612755627e-05,0.9999512428148637,-6.500981909058368e-05,-6.500981909058368e-05,2.4925044310252193e-05,2.7833235526974144e-05,2.7833235526974144e-05,4.926568750532899e-05,6.682307073601486e-06,6.6823070736014824e-06,1.000020046784702,2.672880736043883e-05,2.672880736043883e-05,3.3881317890172014e-21,971.4723402349738
0.5871591987134817,1.632074088459756e-05,2.302769387628636e-05,0.9999510376396444,-6.528338835593852e-05,-6.528338835593852e-05,2.5033056603023886e-05,2.7967345929488795e-05,2.7967345929488795e-05,4.933018429971408e-05,6.706952991688799e-06,6.706952991688798e-06,1.0000201207212733,2.6827387149206918e-05,2.6827387149206918e-05,1.6940658945086007e-21,963.9477707466596
0.5894617838064757,1.638921482759705e-05,2.3120835785141256e-05,0.9999508322166286,-6.555728802774469e-05,-6.555728802774469e-05,2.514122986277939e-05,2.810176729416685e-05,2.810176729416685e-05,4.9395316512685395e-05,6.731620957544211e-06,6.731620957544207e-06,1.000020194723984,2.6926055112820333e-05,2.6926055112820333e-05,3.3881317890172014e-21,956.4681047975811
0.5917643688994698,1.645777230640369e-05,2.3214083803437854e-05,0.9999506265430014,-6.583152185895517e-05,-6.583152185895517e-05,2.5249565617948886e-05,2.8236501692656774e-05,2.8236501692656774e-05,4.946109225560616e-05,6.756311497034165e-06,6.756311497034165e-06,1.0000202687944117,2.702481335479625e-05,2.702481335479625e-05,-1.1326352406329438e-38,949.0331069435549
0.5940669539924638,1.6526414270080118e-05,2.3307439411646242e-05,0.9999504206159157,-6.610609364576891e-05,-6.610609364576891e-05,2.5358065414459324e-05,2.8371551216697358e-05,2.8371551216697358e-05,4.952751976395678e-05,6.781025141566121e-06,6.781025141566124e-06,1.0000203429341505,2.712366400081606e-05,2.712366400081606e-05,-3.3881317890172014e-21,941.6425425461478
0.5963695390854579,1.6595141678675234e-05,2.34009041068769e-05,0.9999502144324913,-6.638100722832978e-05,-6.638100722832978e-05,2.5466730816034753e-05,2.8506917978438633e-05,2.8506917978438633e-05,4.959460739997387e-05,6.8057624282016665e-06,6.805762428201665e-06,1.000020417144812,2.7222609199177816e-05,2.7222609199177816e-05,1.6940658945086007e-21,934.296177772362
0.598672124178452,1.6663955503402653e-05,2.3494479403174336e-05,0.9999500079898148,-6.665626649144026e-05,-6.665626649144026e-05,2.5575563404502737e-05,2.8642604110769196e-05,2.8642604110769196e-05,4.966236365506569e-05,6.8305238997716865e-06,6.830523899771683e-06,1.0000204914280244,2.7321651121257082e-05,2.7321651121257082e-05,3.3881317890172014e-21,926.9937795994597
0.6009747092714459,1.673285672682257e-05,2.358816683181615e-05,0.9999498012849384,-6.693187536528898e-05,-6.693187536528898e-05,2.5684564780106468e-05,2.8778611767649588e-05,2.8778611767649588e-05,4.973079715252385e-05,6.855310104993577e-06,6.855310104993579e-06,1.0000205657854337,2.742079196197562e-05,2.742079196197562e-05,-1.6940658945086007e-21,919.7351158153912
0.60327729436444,1.6801846343029073e-05,2.3681967941620762e-05,0.9999495943148797,-6.720783782619992e-05,-6.720783782619992e-05,2.5793736561825843e-05,2.8914943124455036e-05,2.8914943124455036e-05,4.9799916649932075e-05,6.8801215985916815e-06,6.880121598591688e-06,1.0000206402187046,2.7520033940283127e-05,2.7520033940283127e-05,-6.776263578034403e-21,912.519955025673
0.6055798794574341,1.6870925357836898e-05,2.3775884299253918e-05,0.9999493870766215,-6.74841578973795e-05,-6.74841578973795e-05,2.59030803876976e-05,2.905160037831755e-05,2.905160037831755e-05,4.9869731042083835e-05,6.904958941417018e-06,6.90495894141702e-06,1.0000207147295193,2.7619379299636168e-05,2.7619379299636168e-05,-1.6940658945086007e-21,905.3480666521962
0.6078824645504282,1.6940094788977435e-05,2.3869917489550207e-05,0.9999491795671106,-6.776083964970055e-05,-6.776083964970055e-05,2.601259791515074e-05,2.9188585748483787e-05,2.9188585748483787e-05,4.9940249363852544e-05,6.92982270057277e-06,6.929822700572771e-06,1.0000207893195792,2.771883030850028e-05,2.771883030850028e-05,-8.470329472543003e-22,898.2192209340835
0.6101850496434221,1.7009355666294e-05,2.3964069115833038e-05,0.9999489717832575,-6.803788720248342e-05,-6.803788720248342e-05,2.6122290821340762e-05,2.932590147667203e-05,2.932590147667203e-05,5.001148079254881e-05,6.954713449539037e-06,6.954713449539039e-06,1.000020863990605,2.781838926084873e-05,2.781838926084873e-05,-1.6940658945086007e-21,891.1331889384849
0.6124876347364162,1.7078709031943074e-05,2.405834080024417e-05,0.9999487637219356,-6.831530472430095e-05,-6.831530472430095e-05,2.6232160803493692e-05,2.946354982743938e-05,2.946354982743938e-05,5.008343465132876e-05,6.9796317683011e-06,6.9796317683010974e-06,1.0000209387443364,2.791805847667573e-05,2.791805847667573e-05,2.541098841762901e-21,884.0897425541707
0.6147902198294103,1.7148155940599435e-05,2.415273418407939e-05,0.9999485553799811,-6.859309643379906e-05,-6.859309643379906e-05,2.63422095792566e-05,2.9601533088555856e-05,2.9601533088555856e-05,5.015612041193159e-05,7.004578243479957e-06,7.004578243479953e-06,1.0000210135825334,2.80178403025185e-05,2.80178403025185e-05,3.3881317890172014e-21,877.0886544979822
0.6170928049224043,1.7217697459665358e-05,2.4247250928130532e-05,0.9999483467541916,-6.887126660053337e-05,-6.887126660053337e-05,2.6452438887054795e-05,2.973985357138552e-05,2.973985357138552e-05,5.0229547697802404e-05,7.029553468465169e-06,7.029553468465174e-06,1.000021088506976,2.8117737111988758e-05,2.8117737111988758e-05,-5.082197683525802e-21,870.129698315767
0.6193953900153983,1.7287334669483826e-05,2.4341892713033927e-05,0.9999481378413263,-6.914981954582233e-05,-6.914981954582233e-05,2.656285048645571e-05,2.9878513611274785e-05,2.9878513611274785e-05,5.030372628722858e-05,7.054558043550104e-06,7.054558043550101e-06,1.0000211635194654,2.8217751306313377e-05,2.8217751306313377e-05,3.3881317890172014e-21,863.2126483843081
0.6216979751083924,1.7357068663556747e-05,2.4436661239626664e-05,0.9999479286381047,-6.942875964361982e-05,-6.942875964361982e-05,2.667344615854098e-05,3.0017515567949235e-05,3.0017515567949235e-05,5.03786661163823e-05,7.079592576069913e-06,7.079592576069917e-06,1.0000212386218235,2.8317885314886837e-05,2.8317885314886837e-05,-3.3881317890172014e-21,856.3372799159868
0.6240005602013864,1.742690054876628e-05,2.4531558229307773e-05,0.9999477191412061,-6.970809132140061e-05,-6.970809132140061e-05,2.6784227706283746e-05,3.0156861825916205e-05,3.0156861825916205e-05,5.0454377282735064e-05,7.104657680541488e-06,7.104657680541492e-06,1.000021313815894,2.8418141595830477e-05,2.8418141595830477e-05,-3.3881317890172014e-21,849.503368958465
0.6263031452943805,1.7496831445601912e-05,2.4626585424408526e-05,0.999947509347269,-6.998781906106865e-05,-6.998781906106865e-05,2.6895196954935423e-05,3.0296554794877173e-05,3.0296554794877173e-05,5.053087004869101e-05,7.129753978806614e-06,7.129753978806614e-06,1.000021389103542,2.8518522636565455e-05,2.8518522636565455e-05,-1.1501716690087722e-38,842.7106923922154
0.6286057303873746,1.7566862488392877e-05,2.4721744588571283e-05,0.9999472992528905,-7.026794739988671e-05,-7.026794739988671e-05,2.700635575242133e-05,3.0436596910149504e-05,3.0436596910149504e-05,5.060815484433793e-05,7.154882100178404e-06,7.154882100178406e-06,1.0000214644866563,2.861903095439842e-05,2.861903095439842e-05,-1.6940658945086007e-21,835.9590279435845
0.6309083154803685,1.7636994825542157e-05,2.4817037507130536e-05,0.9999470888546254,-7.054848093141248e-05,-7.054848093141248e-05,2.711770596973892e-05,3.057699063309121e-05,3.057699063309121e-05,5.0686242271665175e-05,7.180042681588379e-06,7.180042681588379e-06,1.0000215399671468,2.871966909710966e-05,2.871966909710966e-05,-1.1519340622506902e-38,829.2481541753964
0.6332109005733626,1.7707229619770723e-05,2.4912465987510648e-05,0.9999468781489855,-7.082942430647542e-05,-7.082942430647542e-05,2.722924950137302e-05,3.0717738451543225e-05,3.0717738451543225e-05,5.076514310797794e-05,7.2052363677399286e-06,7.205236367739925e-06,1.0000216155469481,2.882043964356717e-05,2.882043964356717e-05,3.3881317890172014e-21,822.5778504920287
0.6355134856663567,1.7777568048360275e-05,2.5008031859620667e-05,0.9999466671324392,-7.11107822341478e-05,-7.11107822341478e-05,2.7340988265708488e-05,3.08588428802695e-05,3.08588428802695e-05,5.084486830939491e-05,7.2304638112603895e-06,7.230463811260391e-06,1.000021691228018,2.892134520433486e-05,2.892134520433486e-05,-1.6940658945086007e-21,815.947897144354
0.6378160707593507,1.784801130340756e-05,2.5103736976267983e-05,0.9999464558014101,-7.139255948276196e-05,-7.139255948276196e-05,2.7452924205462155e-05,3.1000306461416934e-05,3.1000306461416934e-05,5.092542901489776e-05,7.255725672860424e-06,7.255725672860423e-06,1.0000217670123388,2.9022388422309976e-05,2.9022388422309976e-05,1.6940658945086007e-21,809.3580752274066
0.6401186558523447,1.7918560592079546e-05,2.519958321357305e-05,0.9999462441522766,-7.167476088093099e-05,-7.167476088093099e-05,2.7565059288116125e-05,3.114213176497707e-05,3.114213176497707e-05,5.100683655019962e-05,7.281022621493505e-06,7.281022621493505e-06,1.0000218429019174,2.912357197336121e-05,2.912357197336121e-05,-1.1550748708376938e-38,802.8081666824064
0.6424212409453388,1.798921713687566e-05,2.529557247139539e-05,0.9999460321813715,-7.195739131859771e-05,-7.195739131859771e-05,2.7677395506362798e-05,3.128432138926006e-05,3.128432138926006e-05,5.108910243174549e-05,7.306355334519729e-06,7.30635533451973e-06,1.0000219188987856,2.9224898566983844e-05,2.9224898566983844e-05,-8.470329472543003e-22,796.2979542982042
0.6447238260383328,1.8059982175895804e-05,2.5391706673768837e-05,0.9999458198849803,-7.224045574810679e-05,-7.224045574810679e-05,2.7789934878559486e-05,3.142687796137872e-05,3.142687796137872e-05,5.117223837078202e-05,7.331724497873039e-06,7.3317244978730325e-06,1.0000219950050016,2.932637094696856e-05,2.932637094696856e-05,6.776263578034403e-21,789.8272217131398
0.6470264111313269,1.813085696311379e-05,2.54879877693453e-05,0.9999456072593411,-7.252395918529836e-05,-7.252395918529836e-05,2.7902679449191986e-05,3.156980413774202e-05,3.156980413774202e-05,5.12562562775829e-05,7.357130806231512e-06,7.357130806231509e-06,1.000022071222649,2.9427991892082834e-05,2.9427991892082834e-05,3.3881317890172014e-21,783.3957534160783
0.6493289962243209,1.820184276865628e-05,2.558441773184735e-05,0.9999453943006437,-7.28079067106239e-05,-7.28079067106239e-05,2.801563128934733e-05,3.171310260455831e-05,3.171310260455831e-05,5.1341168265973246e-05,7.382574963191068e-06,7.38257496319107e-06,1.0000221475538391,2.9529764216765507e-05,2.9529764216765507e-05,-1.6940658945086007e-21,777.0033347446048
0.651631581317315,1.827294087908804e-05,2.5680998560530783e-05,0.9999451810050283,-7.309230347028719e-05,-7.309230347028719e-05,2.812879249719695e-05,3.185677607834951e-05,3.185677607834951e-05,5.142698665719404e-05,7.4080576814427445e-06,7.408057681442743e-06,1.00002222400071,2.9631690771835946e-05,2.9631690771835946e-05,1.6940658945086007e-21,770.6497518945072
0.653934166410309,1.8344152597704437e-05,2.5777732280658834e-05,0.9999449673685851,-7.337715467741434e-05,-7.337715467741434e-05,2.8242165198491942e-05,3.200082730647782e-05,3.200082730647782e-05,5.1513723985299445e-05,7.4335796829544e-06,7.433579682954397e-06,1.000022300565427,2.9733774445221e-05,2.9733774445221e-05,3.3881317890172014e-21,764.3347919083991
0.6562367515033031,1.8415479244828154e-05,2.587462094398291e-05,0.999944753387353,-7.366246561324062e-05,-7.366246561324062e-05,2.8355751547065234e-05,3.21452590676801e-05,3.21452590676801e-05,5.160139300134235e-05,7.459141699154758e-06,7.459141699154757e-06,1.000022377250185,2.9836018162691027e-05,2.9836018162691027e-05,8.470329472543003e-22,758.0582426838785
0.6585393365962972,1.8486922158114594e-05,2.59716666292374e-05,0.9999445390573193,-7.394824162833212e-05,-7.394824162833212e-05,2.846955372534828e-05,3.229007417261712e-05,3.229007417261712e-05,5.169000667814599e-05,7.4847444711228e-06,7.484744471122805e-06,1.000022454057207,2.9938424888617478e-05,2.9938424888617478e-05,-5.082197683525802e-21,751.8198929747177
0.6608419216892911,1.8558482692861475e-05,2.60688714426409e-05,0.9999443243744179,-7.423448814382413e-05,-7.423448814382413e-05,2.858357394489464e-05,3.243527546443043e-05,3.243527546443043e-05,5.1779578215389014e-05,7.5103887497794286e-06,7.510388749779425e-06,1.0000225309887458,3.004099762673947e-05,3.004099762673947e-05,3.3881317890172014e-21,745.6195323893666
0.6631445067822852,1.8630162222328133e-05,2.6166237518413164e-05,0.9999441093345293,-7.452121065269832e-05,-7.452121065269832e-05,2.869781444691971e-05,3.258086581931587e-05,3.258086581931587e-05,5.187012104455447e-05,7.536075296085036e-06,7.536075296085031e-06,1.0000226080470844,3.0143739420954342e-05,3.0143739420954342e-05,5.082197683525802e-21,739.456951393208
0.6654470918752793,1.870196213806196e-05,2.6263767019303404e-05,0.9999438939334786,-7.480841472108846e-05,-7.480841472108846e-05,2.8812277502852292e-05,3.272684814710958e-05,3.272684814710958e-05,5.196164883438173e-05,7.561804881241442e-06,7.561804881241444e-06,1.0000226852345364,3.024665335612515e-05,3.024665335612515e-05,-1.6940658945086007e-21,733.3319413056473
0.6677496769682733,1.8773883850226716e-05,2.6361462137121293e-05,0.9999436781670356,-7.509610598959387e-05,-7.509610598959387e-05,2.8926965414889328e-05,3.2873225391877744e-05,3.2873225391877744e-05,5.205417549578966e-05,7.587578286894572e-06,7.587578286894577e-06,1.000022762553447,3.0349742558891305e-05,3.0349742558891305e-05,-5.082197683525802e-21,727.244294306383
0.6700522620612673,1.884592878794472e-05,2.645932509329045e-05,0.9999434620309128,-7.538429017464791e-05,-7.538429017464791e-05,2.9041880516573603e-05,3.3020000532529965e-05,3.3020000532529965e-05,5.2147715187797284e-05,7.6133963053457295e-06,7.613396305345731e-06,1.0000228400061926,3.0453010198513896e-05,3.0453010198513896e-05,-1.6940658945086007e-21,721.1938034298561
0.6723548471542614,1.8918098399644496e-05,2.6557358139410594e-05,0.999943245520765,-7.567297306990876e-05,-7.567297306990876e-05,2.91570251733806e-05,3.316717658344238e-05,3.316717658344238e-05,5.224228232299072e-05,7.639259739766099e-06,7.639259739766099e-06,1.0000229175951831,3.055645948773361e-05,3.055645948773361e-05,-1.1622435520121483e-38,715.1802625679798
0.6746574322472554,1.8990394153415167e-05,2.665556355783033e-05,0.9999430286321878,-7.596216054767698e-05,-7.596216054767698e-05,2.9272401783316538e-05,3.331475659509262e-05,3.331475659509262e-05,5.233789157312495e-05,7.665169404415167e-06,7.665169404415163e-06,1.0000229953228612,3.0660093683644346e-05,3.0660093683644346e-05,3.3881317890172014e-21,709.2034664729318
0.6769600173402495,1.906281753737025e-05,2.6753943662235094e-05,0.999942811360717,-7.62518585603506e-05,-7.62518585603506e-05,2.9388012777532027e-05,3.346274365471114e-05,3.346274365471114e-05,5.243455787532726e-05,7.691126124864845e-06,7.691126124864843e-06,1.0000230731917037,3.076391608858978e-05,3.076391608858978e-05,1.6940658945086007e-21,703.2632107539681
0.6792626024332435,1.9135370060018638e-05,2.6852500798246517e-05,0.9999425937018273,-7.654207314190913e-05,-7.654207314190913e-05,2.9503860620947698e-05,3.361114088694502e-05,3.361114088694502e-05,5.2532296438176263e-05,7.71713073822788e-06,7.717130738227879e-06,1.000023151204222,3.086793005107694e-05,3.086793005107694e-05,1.6940658945086007e-21,697.3592918781069
0.6815651875262376,1.9208053250644847e-05,2.6951237344036646e-05,0.9999423756509305,-7.683281040943459e-05,-7.683281040943459e-05,2.9619947812895245e-05,3.3759951454538054e-05,3.3759951454538054e-05,5.263112274784654e-05,7.743184093391803e-06,7.7431840933918e-06,1.0000232293629625,3.0972138966712e-05,3.0972138966712e-05,3.3881317890172014e-21,691.4915071720352
0.6838677726192316,1.9280868659698376e-05,2.7050155710956766e-05,0.9999421572033754,-7.712407656466882e-05,-7.712407656466882e-05,2.973627688777357e-05,3.390917855902651e-05,3.390917855902651e-05,5.2731052574802646e-05,7.769287051258387e-06,7.76928705125839e-06,1.0000233076705083,3.1076546279158246e-05,3.1076546279158246e-05,-3.3881317890172014e-21,685.6596548191349
0.6861703577122257,1.9353817859191462e-05,2.7149258344179634e-05,0.9999419383544461,-7.741587789560459e-05,-7.741587789560459e-05,2.985285041571897e-05,3.4058825441449735e-05,3.4058825441449735e-05,5.283210198006528e-05,7.795440484988168e-06,7.795440484988171e-06,1.0000233861294787,3.1181155481113944e-05,3.1181155481113944e-05,-3.3881317890172014e-21,679.863533864227
0.6884729428052198,1.9426902443105416e-05,2.7248547723355424e-05,0.9999417190993606,-7.7708220778111e-05,-7.7708220778111e-05,2.996967100328955e-05,3.420889538307571e-05,3.420889538307571e-05,5.29342873225264e-05,7.821645280250007e-06,7.821645280250008e-06,1.0000234647425306,3.12859701153107e-05,3.12859701153107e-05,-1.6940658945086007e-21,674.1029442073153
0.6907755278982137,1.950012402780811e-05,2.7348026363285642e-05,0.9999414994332698,-7.800111167760334e-05,-7.800111167760334e-05,3.0086741294168224e-05,3.435939170614587e-05,3.435939170614587e-05,5.3037625265515695e-05,7.847902335477528e-06,7.847902335477531e-06,1.0000235435123597,3.139099377553923e-05,3.139099377553923e-05,-3.3881317890172014e-21,668.3776866091684
0.6930781129912078,1.9573484252480207e-05,2.7447696814610936e-05,0.9999412793512563,-7.829455715074802e-05,-7.829455715074802e-05,3.020406396988021e-05,3.451031777463535e-05,3.451031777463535e-05,5.314213278422471e-05,7.87421256213073e-06,7.874212562130728e-06,1.0000236224417,3.149623010769573e-05,3.149623010769573e-05,1.6940658945086007e-21,662.6875626885244
0.6953806980842019,1.964698477955131e-05,2.754756166451488e-05,0.9999410588483327,-7.858856384720722e-05,-7.858856384720722e-05,3.0321641750527106e-05,3.466167699503037e-05,3.466167699503037e-05,5.3247827173214066e-05,7.900576884963575e-06,7.900576884963572e-06,1.0000237015333262,3.1601682810852304e-05,3.1601682810852304e-05,3.3881317890172014e-21,657.0323749208719
0.6976832831771959,1.9720627295147203e-05,2.764762353744555e-05,0.9999408379194407,-7.888313851142787e-05,-7.888313851142787e-05,3.043947739553939e-05,3.481347281712506e-05,3.481347281712506e-05,5.3354726054101475e-05,7.926996242298346e-06,7.926996242298348e-06,1.000023780790053,3.170735563835434e-05,3.170735563835434e-05,-1.6940658945086007e-21,651.4119266376133
0.6999858682701899,1.9794413509547652e-05,2.7747885095854e-05,0.9999406165594493,-7.917828798447277e-05,-7.917828798447277e-05,3.05575737044465e-05,3.496570873483656e-05,3.496570873483656e-05,5.346284738282273e-05,7.953471586306345e-06,7.953471586306348e-06,1.0000238602147369,3.181325239894323e-05,3.181325239894323e-05,-3.3881317890172014e-21,645.8260220328112
0.702288453363184,1.986834515765411e-05,2.784834904094867e-05,0.9999403947631542,-7.947401920589147e-05,-7.947401920589147e-05,3.06759335176634e-05,3.5118388287037504e-05,3.5118388287037504e-05,5.357220945870933e-05,7.980003883294551e-06,7.98000388329456e-06,1.000023939810277,3.191937695790321e-05,3.191937695790321e-05,-8.470329472543003e-21,640.2744661509765
0.704591038456178,1.9942423999469757e-05,2.794901811346956e-05,0.9999401725252751,-7.977033921564046e-05,-7.977033921564046e-05,3.079455971729774e-05,3.5271515058409885e-05,3.5271515058409885e-05,5.368283093178657e-05,8.006594113999802e-06,8.006594113999802e-06,1.0000240195796155,3.202573323823778e-05,3.202573323823778e-05,-1.1639391997807034e-38,634.7570648986941
0.7068936235491721,2.0016651820591032e-05,2.8049895094480908e-05,0.9999399498404553,-8.006725515604926e-05,-8.006725515604926e-05,3.091345522797606e-05,3.542509268031894e-05,3.542509268031894e-05,5.379473081218391e-05,8.03324327388987e-06,8.033243273889876e-06,1.0000240995257388,3.213232522187437e-05,3.213232522187437e-05,-6.776263578034403e-21,629.2736250341889
0.7091962086421661,2.009103043271096e-05,2.815098280618279e-05,0.9999397267032598,-8.036477427383373e-05,-8.036477427383373e-05,3.1032623017689735e-05,3.557912483170757e-05,3.557912483170757e-05,5.3907928478409564e-05,8.059952373471839e-06,8.059952373471832e-06,1.0000241796516784,3.223915695089743e-05,3.223915695089743e-05,6.776263578034403e-21,623.8239541730716
0.7114987937351601,2.0165561674134667e-05,2.825228411274232e-05,0.9999395031081737,-8.066290392215817e-05,-8.066290392215817e-05,3.115206609866115e-05,3.573361524001202e-05,3.573361524001202e-05,5.402244368667602e-05,8.086722438607655e-06,8.086722438607655e-06,1.000024259960512,3.234623252881111e-05,3.234623252881111e-05,-1.1636450644349491e-38,618.4078607848371
0.7138013788281542,2.0240247410306095e-05,2.8353801921142725e-05,0.9999392790496008,-8.096165156274215e-05,-8.096165156274215e-05,3.127178752822857e-05,3.588856768209704e-05,3.588856768209704e-05,5.413829658011307e-05,8.113554510836633e-06,8.11355451083663e-06,1.0000243404553641,3.2453556121828745e-05,3.2453556121828745e-05,3.3881317890172014e-21,613.0251541936984
0.7161039639211483,2.0315089534355923e-05,2.845553918206702e-05,0.9999390545218614,-8.12610247680522e-05,-8.12610247680522e-05,3.139179040976635e-05,3.6043985985227546e-05,3.6043985985227546e-05,5.4255507698544624e-05,8.140449647711099e-06,8.140449647711097e-06,1.0000244211394076,3.256113196021588e-05,3.256113196021588e-05,1.6940658945086007e-21,607.6756445761678
0.7184065490141422,2.03900899676456e-05,2.855749889077446e-05,0.9999388295191917,-8.156103122347796e-05,-8.156103122347796e-05,3.1512077893598634e-05,3.619987402803453e-05,3.619987402803453e-05,5.437409798815894e-05,8.167408923128865e-06,8.16740892312886e-06,1.000024502015864,3.266896433961988e-05,3.266896433961988e-05,5.082197683525802e-21,602.3591429629636
0.7207091341071363,2.04652506603434e-05,2.8659684088029497e-05,0.9999386040357412,-8.186167872963644e-05,-8.186167872963644e-05,3.163265317796644e-05,3.635623574153554e-05,3.635623574153554e-05,5.4494088812051216e-05,8.194433427686096e-06,8.194433427686096e-06,1.0000245830880052,3.277705762248155e-05,3.277705762248155e-05,-1.1629101559200691e-38,597.075461234567
0.7230117192001304,2.0540573592007763e-05,2.8762097861042088e-05,0.9999383780655711,-8.216297520470528e-05,-8.216297520470528e-05,3.1753519510006844e-05,3.651307511016825e-05,3.651307511016825e-05,5.4615501960419144e-05,8.221524269034327e-06,8.221524269034325e-06,1.0000246643591542,3.288541623946307e-05,3.288541623946307e-05,1.6940658945086007e-21,591.8244121238996
0.7253143042931245,2.061606077217822e-05,2.8864743344419838e-05,0.999938151602653,-8.246492868678657e-05,-8.246492868678657e-05,3.187468018674491e-05,3.667039617283768e-05,3.667039617283768e-05,5.473835966163432e-05,8.24868257224162e-06,8.248682572241617e-06,1.0000247458326863,3.299404469089278e-05,3.299404469089278e-05,3.3881317890172014e-21,586.6058092129201
0.7276168893861185,2.069171424099624e-05,2.896762372116911e-05,0.9999379246408663,-8.276754733639016e-05,-8.276754733639016e-05,3.199613855613534e-05,3.682820302401447e-05,3.682820302401447e-05,5.486268459319427e-05,8.275909480172869e-06,8.275909480172869e-06,1.0000248275120298,3.3102947548286276e-05,3.3102947548286276e-05,-1.162107925479763e-38,581.4194669339903
0.7299194744791125,2.0767536069828423e-05,2.9070742223699217e-05,0.9999376971739972,-8.30708394389265e-05,-8.30708394389265e-05,3.211789801810818e-05,3.698649981483812e-05,3.698649981483812e-05,5.498849989349264e-05,8.303206153870792e-06,8.303206153870794e-06,1.0000249094006683,3.3212129455870374e-05,3.3212129455870374e-05,-1.6940658945086007e-21,576.2652005662043
0.7322220595721066,2.0843528361912263e-05,2.917410213486331e-05,0.9999374691957357,-8.337481340728964e-05,-8.337481340728964e-05,3.223996202565208e-05,3.7145290754258944e-05,3.7145290754258944e-05,5.511582917345738e-05,8.330573772951052e-06,8.330573772951047e-06,1.0000249915021402,3.3321595132163604e-05,3.3321595132163604e-05,5.082197683525802e-21,571.1428262367664
0.7345246446651006,2.0919693253016693e-05,2.9277706789022987e-05,0.9999372406996746,-8.367947778449943e-05,-8.367947778449943e-05,3.2362334085922175e-05,3.73045801102059e-05,3.73045801102059e-05,5.524469652902914e-05,8.358013536006297e-06,8.358013536006294e-06,1.0000250738200416,3.3431349371592514e-05,3.3431349371592514e-05,3.3881317890172014e-21,566.0521609174649
0.7368272297580947,2.0996032912120044e-05,2.938155957314101e-05,0.9999370116793072,-8.398484124641342e-05,-8.398484124641342e-05,3.2485017761377064e-05,3.746437221078461e-05,3.746437221078461e-05,5.5375126553489345e-05,8.385526661020964e-06,8.385526661020965e-06,1.0000251563580265,3.354139704615062e-05,3.354139704615062e-05,-1.6940658945086007e-21,560.9930224265165
0.7391298148510888,2.1072549542106893e-05,2.9485663927904543e-05,0.9999367821280245,-8.429091260451412e-05,-8.429091260451412e-05,3.2608016670947246e-05,3.7624671445508085e-05,3.7624671445508085e-05,5.5507144350552415e-05,8.413114385797652e-06,8.41311438579765e-06,1.0000252391198081,3.3651743107104056e-05,3.3651743107104056e-05,1.6940658945086007e-21,555.9652294265843
0.7414323999440827,2.1149245380479957e-05,2.9590023348872484e-05,0.9999365520391144,-8.459770080875672e-05,-8.459770080875672e-05,3.273133449122865e-05,3.77854822665538e-05,3.77854822665538e-05,5.564077554808683e-05,8.440777968392527e-06,8.440777968392527e-06,1.000025322109161,3.3762392586733216e-05,3.3762392586733216e-05,-1.1598767510219227e-38,550.9686014206923
0.7437349850370768,2.1226122700094625e-05,2.969464138765952e-05,0.999936321405758,-8.490521495050718e-05,-8.490521495050718e-05,3.285497495771397e-05,3.7946809190059806e-05,3.7946809190059806e-05,5.57760463115336e-05,8.468518687564886e-06,8.468518687564895e-06,1.0000254053299211,3.3873350600130897e-05,3.3873350600130897e-05,-8.470329472543003e-21,546.0029587552536
0.7460375701300709,2.1303183809909777e-05,2.9799521653146288e-05,0.9999360902210287,-8.521346426554543e-05,-8.521346426554543e-05,3.297894186605102e-05,3.810865679744929e-05,3.810865679744929e-05,5.5912983358540276e-05,8.496337843236505e-06,8.496337843236512e-06,1.000025488785988,3.3984622347039726e-05,3.3984622347039726e-05,-6.776263578034403e-21,541.0681226154638
0.7483401552230649,2.138043105575957e-05,2.9904667812723486e-05,0.9999358584778889,-8.552245813715264e-05,-8.552245813715264e-05,3.3103239073336274e-05,3.827102973679148e-05,3.827102973679148e-05,5.6051613973447044e-05,8.524236756963913e-06,8.524236756963916e-06,1.0000255724813272,3.40962131137413e-05,3.40962131137413e-05,-3.3881317890172014e-21,536.1639150265358
0.7506427403160589,2.145786682114709e-05,3.001008359357128e-05,0.9999356261691882,-8.583220609928574e-05,-8.583220609928574e-05,3.322787049944467e-05,3.8433932724200375e-05,3.8433932724200375e-05,5.619196602278134e-05,8.55221677242419e-06,8.552216772424191e-06,1.000025656419969,3.420812827499938e-05,3.420812827499938e-05,-1.6940658945086007e-21,531.2901588498017
0.752945325409053,2.1535493528056756e-05,3.01157727839689e-05,0.9999353932876606,-8.61427178398271e-05,-8.61427178398271e-05,3.335284012839083e-05,3.8597370545266186e-05,3.8597370545266186e-05,5.633406797059425e-05,8.580279255912139e-06,8.580279255912142e-06,1.0000257406060125,3.43203732960485e-05,3.43203732960485e-05,-3.3881317890172014e-21,526.4466777848987
0.7552479105020471,2.161331363779119e-05,3.0221739234643877e-05,0.9999351598259222,-8.645400320393193e-05,-8.645400320393193e-05,3.3478152009731036e-05,3.876134805652901e-05,3.876134805652901e-05,5.647794889521197e-05,8.608425596852685e-06,8.608425596852688e-06,1.000025825043626,3.443295373464357e-05,3.443295373464357e-05,-3.3881317890172014e-21,521.63329636352
0.7575504955950411,2.1691329651829498e-05,3.032798686015582e-05,0.9999349257764687,-8.676607219746154e-05,-8.676607219746154e-05,3.360381026000096e-05,3.892587018698976e-05,3.892587018698976e-05,5.662363850551172e-05,8.636657208326317e-06,8.63665720832632e-06,1.0000259097370492,3.4545875243161735e-05,3.4545875243161735e-05,-3.3881317890172014e-21,516.8498399524451
0.7598530806880351,2.1769544112708405e-05,3.0434519640317047e-05,0.9999346911316723,-8.707893499050778e-05,-8.707893499050778e-05,3.372981906419145e-05,3.9090941939660704e-05,3.9090941939660704e-05,5.6771167158506684e-05,8.664975527608645e-06,8.664975527608641e-06,1.0000259946905932,3.4659143570760405e-05,3.4659143570760405e-05,3.3881317890172014e-21,512.0961347495522
0.7621556657810292,2.1847959604929195e-05,3.0541341621655055e-05,0.9999344558837796,-8.739260192102076e-05,-8.739260192102076e-05,3.385618267726749e-05,3.925656839316064e-05,3.925656839316064e-05,5.692056587683001e-05,8.69338201672586e-06,8.69338201672586e-06,1.0000260799086447,3.4772764565599456e-05,3.4772764565599456e-05,-1.1550224184444289e-38,507.3720077858419
0.7644582508740232,2.1926578755888808e-05,3.0648456918913995e-05,0.9999342200249085,-8.770708349853345e-05,-8.770708349853345e-05,3.398290542572735e-05,3.9422754703351974e-05,3.9422754703351974e-05,5.707186636800433e-05,8.721878163025186e-06,8.721878163025187e-06,1.0000261653956652,3.488674417712253e-05,3.488674417712253e-05,-1.6940658945086007e-21,502.6772869169248
0.7667608359670173,2.2005404236837573e-05,3.0755869716599235e-05,0.9999339835470453,-8.802239040799236e-05,-8.802239040799236e-05,3.4109991709206225e-05,3.958950610502392e-05,3.958950610502392e-05,5.722510104278889e-05,8.750465479761651e-06,8.750465479761661e-06,1.000026251156195,3.500108845840458e-05,3.500108845840458e-05,-1.0164395367051604e-20,498.011800828079
0.7690634210600114,2.2084438763860626e-05,3.086358427056008e-05,0.9999337464420417,-8.833853351368337e-05,-8.833853351368337e-05,3.4237446002119444e-05,3.9756827913616885e-05,3.9756827913616885e-05,5.73803030353185e-05,8.779145506699458e-06,8.779145506699454e-06,1.0000263371948535,3.5115803568556956e-05,3.5115803568556956e-05,3.3881317890172014e-21,493.37537902915295
0.7713660061530053,2.216368509889068e-05,3.097160490962347e-05,0.9999335087016118,-8.865552386328281e-05,-8.865552386328281e-05,3.436527285535796e-05,3.9924725527000944e-05,3.9924725527000944e-05,5.753750622323479e-05,8.80791981073279e-06,8.807919810732787e-06,1.0000264235163407,3.523089577521106e-05,3.523089577521106e-05,3.3881317890172014e-21,488.7678518552894
0.7736685912459994,2.2243146050748857e-05,3.1079936037272904e-05,0.9999332703173294,-8.897337269202072e-05,-8.897337269202072e-05,3.449347689803057e-05,4.009320442730286e-05,4.009320442730286e-05,5.769674524894425e-05,8.83678998652405e-06,8.836789986524047e-06,1.000026510125441,3.5346371457070896e-05,3.5346371457070896e-05,3.3881317890172014e-21,484.18905046390927
0.7759711763389935,2.2322824476212255e-05,3.118858213337071e-05,0.999933031280624,-8.929209142695119e-05,-8.929209142695119e-05,3.462206283925099e-05,4.0262270182779695e-05,4.0262270182779695e-05,5.7858055541587043e-05,8.865757657158455e-06,8.865757657158455e-06,1.0000265970270241,3.5462237106531654e-05,3.5462237106531654e-05,-1.1508217837861906e-38,479.6388068318481
0.7782737614319875,2.240272328111536e-05,3.1297547755935094e-05,0.9999327915827783,-8.961169169135795e-05,-8.961169169135795e-05,3.4751035469981187e-05,4.0431928449750634e-05,4.0431928449750634e-05,5.802147333939095e-05,8.894824474819739e-06,8.894824474819735e-06,1.0000266842260461,3.5578499332382426e-05,3.5578499332382426e-05,3.3881317890172014e-21,475.1169537554857
0.7805763465249815,2.2482845421479658e-05,3.1406837542962715e-05,0.999932551214924,-8.993218530927288e-05,-8.993218530927288e-05,3.488039966492188e-05,4.060218497457791e-05,4.060218497457791e-05,5.818703571280435e-05,8.923992121483054e-06,8.923992121483057e-06,1.0000267717275528,3.569516486257798e-05,3.569516486257798e-05,-3.3881317890172014e-21,470.62332485073443
0.7828789316179756,2.256319390468087e-05,3.151645621431253e-05,0.9999323101680391,-9.025358431014491e-05,-9.025358431014491e-05,3.501016038446586e-05,4.0773045595712506e-05,4.0773045595712506e-05,5.835478058938296e-05,8.953262309631666e-06,8.953262309631661e-06,1.000026859536682,3.581224054710521e-05,3.581224054710521e-05,5.082197683525802e-21,466.15775454551334
0.7851815167109696,2.2643771790643473e-05,3.16264085736334e-05,0.9999320684329439,-9.057590093361812e-05,-9.057590093361812e-05,3.514032267669677e-05,4.09445162457874e-05,4.09445162457874e-05,5.8524746778020726e-05,8.98263678298993e-06,8.982636782989927e-06,1.0000269476586647,3.592973336091548e-05,3.592973336091548e-05,3.3881317890172014e-21,461.72007808422165
0.7874841018039637,2.2724582193077132e-05,3.1736699510360005e-05,0.9999318260002973,-9.08991476344775e-05,-9.08991476344775e-05,3.527089167945796e-05,4.1116602953782955e-05,4.1116602953782955e-05,5.8696973995421766e-05,9.012117317282875e-06,9.012117317282873e-06,1.0000270360988284,3.6047650406962516e-05,3.6047650406962516e-05,1.6940658945086007e-21,457.31013152135256
0.7897866868969577,2.280562828074336e-05,3.184733400175743e-05,0.999931582860593,-9.122333708771559e-05,-9.122333708771559e-05,3.5401872622471686e-05,4.128931184724485e-05,4.128931184724485e-05,5.8871502892401e-05,9.041705721014074e-06,9.041705721014074e-06,1.0000271248625983,3.6165998919314145e-05,3.6165998919314145e-05,-1.1458768441971847e-38,452.92775172362104
0.7920892719899517,2.2886913278763735e-05,3.195831711503332e-05,0.9999313390041557,-9.154848219376526e-05,-9.154848219376526e-05,3.553327082952777e-05,4.146264915457364e-05,4.146264915457364e-05,5.9048375082310576e-05,9.071403836269585e-06,9.071403836269582e-06,1.0000272139555006,3.6284786266368006e-05,3.6284786266368006e-05,3.3881317890172014e-21,448.57277636306134
0.7943918570829458,2.296844046996601e-05,3.206965400951132e-05,0.9999310944211368,-9.187459608388427e-05,-9.187459608388427e-05,3.566509172073543e-05,4.1636621207379894e-05,4.1636621207379894e-05,5.922763316899014e-05,9.10121353954531e-06,9.101213539545312e-06,1.0000273033831653,3.640401995416102e-05,3.640401995416102e-05,-1.6940658945086007e-21,444.2450439212972
0.7966944421759399,2.3050213196268837e-05,3.218134993886727e-05,0.9999308491015108,-9.220169212569415e-05,-9.220169212569415e-05,3.579734081483969e-05,4.18112344429061e-05,4.18112344429061e-05,5.94093207773737e-05,9.131136742598428e-06,9.13113674259843e-06,1.0000273931513273,3.6523707629774915e-05,3.6523707629774915e-05,-1.6940658945086007e-21,439.9443936815707
0.798997027268934,2.3132234860111253e-05,3.2293410253437874e-05,0.9999306030350701,-9.252978392889807e-05,-9.252978392889807e-05,3.5930023731612416e-05,4.1986495406525746e-05,4.1986495406525746e-05,5.959348258360541e-05,9.16117539332662e-06,9.161175393326621e-06,1.0000274832658305,3.664385708485343e-05,3.664385708485343e-05,-1.6940658945086007e-21,435.6706657324779
0.8012996123619279,2.3214508925921874e-05,3.240584040259382e-05,0.9999303562114216,-9.285888535115769e-05,-9.285888535115769e-05,3.606314619430969e-05,4.21624107543112e-05,4.21624107543112e-05,5.978016434779475e-05,9.191331476671944e-06,9.191331476671948e-06,1.0000275737326294,3.67644762592176e-05,3.67644762592176e-05,-3.3881317890172014e-21,431.423700960548
0.803602197454922,2.3297038921636226e-05,3.2518645937191026e-05,0.9999301086199816,-9.318901050416247e-05,-9.318901050416247e-05,3.619671403220957e-05,4.233898725568453e-05,4.233898725568453e-05,5.99694129466135e-05,9.221607015554802e-06,9.2216070155548e-06,1.000027664557793,3.688557324460163e-05,3.688557324460163e-05,1.6940658945086007e-21,427.2033410525371
0.8059047825479161,2.3379828440259587e-05,3.2631832512095766e-05,0.9999298602499709,-9.352017375988108e-05,-9.352017375988108e-05,3.6330733183225794e-05,4.2516231796146924e-05,4.2516231796146924e-05,6.016127640779402e-05,9.25200407183618e-06,9.25200407183618e-06,1.0000277557475072,3.700715628850199e-05,3.700715628850199e-05,-1.1391911878563131e-38,423.0094284927247
0.8082073676409101,2.346288114147489e-05,3.2745405888782775e-05,0.9999296110904106,-9.385238975699291e-05,-9.385238975699291e-05,3.646520969659677e-05,4.2694151380086073e-05,4.2694151380086073e-05,6.0355803946172215e-05,9.282524747307888e-06,9.282524747307886e-06,1.0000278473080768,3.712923379813819e-05,3.712923379813819e-05,1.6940658945086007e-21,418.84180655842596
0.8105099527339041,2.354620075330776e-05,3.285937193802639e-05,0.9999293611301165,-9.418567340754835e-05,-9.418567340754835e-05,3.660014973566992e-05,4.2872753133681815e-05,4.2872753133681815e-05,6.055304600047862e-05,9.313171184718628e-06,9.31317118471863e-06,1.0000279392459306,3.7251814344557214e-05,3.7251814344557214e-05,-1.6940658945086007e-21,414.70031931962905
0.8128125378268982,2.3629791073834114e-05,3.2973736642660435e-05,0.9999291103576947,-9.452003990379909e-05,-9.452003990379909e-05,3.673555958075712e-05,4.3052044307885655e-05,4.3052044307885655e-05,6.0753054271628044e-05,9.343945568826321e-06,9.343945568826321e-06,1.0000280315676227,3.737490666684265e-05,3.737490666684265e-05,-1.1360287462667847e-38,410.58481163778754
0.8151151229198922,2.37136559729513e-05,3.308850610044171e-05,0.9999288587615353,-9.485550472528273e-05,-9.485550472528273e-05,3.6871445632096227e-05,4.3232032281509404e-05,4.3232032281509404e-05,6.095588176263465e-05,9.374850127490414e-06,9.374850127490412e-06,1.0000281242798366,3.749851967648412e-05,3.749851967648412e-05,1.6940658945086007e-21,406.4951291634172
0.8174177080128863,2.379779939419698e-05,3.320368652699066e-05,0.9999286063298077,-9.519208364609833e-05,-9.519208364609833e-05,3.700781441289236e-05,4.341272456439665e-05,4.341272456439665e-05,6.116158282024003e-05,9.405887132793682e-06,9.40588713279368e-06,1.0000282173893886,3.762266246186431e-05,3.762266246186431e-05,1.6940658945086007e-21,402.4311183324514
0.8197202931058803,2.3882225356631023e-05,3.3319284258834635e-05,0.9999283530504548,-9.552979274243394e-05,-9.552979274243394e-05,3.714467257246437e-05,4.359412880070251e-05,4.359412880070251e-05,6.137021317772703e-05,9.437058902203605e-06,9.437058902203612e-06,1.0000283109032313,3.77473442929046e-05,3.77473442929046e-05,-6.776263578034403e-21,398.3926263652654
0.8220228781988743,2.3966937956776095e-05,3.343530575654643e-05,0.999928098911187,-9.586864840032898e-05,-9.586864840032898e-05,3.728202688948929e-05,4.377625277227473e-05,4.377625277227473e-05,6.158182999931889e-05,9.468367799770332e-06,9.468367799770337e-06,1.0000284048284567,3.787257462585675e-05,3.787257462585675e-05,-5.082197683525802e-21,394.37950126606967
0.8243254632918684,2.405194137062174e-05,3.3551757607986184e-05,0.9999278438994763,-9.620866732369062e-05,-9.620866732369062e-05,3.7419884275352935e-05,4.3959104402144214e-05,4.3959104402144214e-05,6.17964919269142e-05,9.499816237364448e-06,9.499816237364443e-06,1.0000284991723003,3.7998363108254115e-05,3.7998363108254115e-05,5.082197683525802e-21,390.39159181843024
0.8266280483848625,2.413723985568738e-05,3.366864653163856e-05,0.9999275880025503,-9.654986654254569e-05,-9.654986654254569e-05,3.7558251777598765e-05,4.4142691758117306e-05,4.4142691758117306e-05,6.201425912822992e-05,9.531406675951184e-06,9.531406675951179e-06,1.0000285939421452,3.812471958400855e-05,3.812471958400855e-05,5.082197683525802e-21,386.4287475834445
0.8289306334778566,2.4222837753168496e-05,3.3785979380086086e-05,0.9999273312073854,-9.689226342162545e-05,-9.689226342162545e-05,3.769713658351573e-05,4.432702305651065e-05,4.432702305651065e-05,6.223519334664225e-05,9.563141626917601e-06,9.56314162691759e-06,1.0000286891455257,3.82516540987189e-05,3.82516540987189e-05,1.0164395367051604e-20,382.49081889908666
0.8312332185708505,2.4308739490133765e-05,3.390376314356436e-05,0.9999270735007004,-9.723587566915423e-05,-9.723587566915423e-05,3.783654602381124e-05,4.4512106665974817e-05,4.4512106665974817e-05,6.245935795343098e-05,9.595023653430594e-06,9.595023653430592e-06,1.000028784790131,3.83791769051032e-05,3.83791769051032e-05,1.6940658945086007e-21,378.5776568769182
0.8335358036638446,2.439494958180856e-05,3.402200495365832e-05,0.9999268148689495,-9.758072134598327e-05,-9.758072134598327e-05,3.797648757642827e-05,4.469795111146598e-05,4.469795111146598e-05,6.26868180018366e-05,9.627055371849756e-06,9.62705537184976e-06,1.0000288808838105,3.850729846865001e-05,3.850729846865001e-05,-3.3881317890172014e-21,374.68911340043286
0.8358383887568387,2.448147263392802e-05,3.414071208711148e-05,0.9999265552983156,-9.792681887500308e-05,-9.792681887500308e-05,3.811696887047873e-05,4.48845650783377e-05,4.48845650783377e-05,6.291764028326837e-05,9.659239453183458e-06,9.659239453183461e-06,1.000028977434577,3.863602947344284e-05,3.863602947344284e-05,-3.3881317890172014e-21,370.8250411234773
0.8381409738498327,2.4568313345174693e-05,3.425989196977296e-05,0.9999262947747029,-9.827418705089412e-05,-9.827418705089412e-05,3.8257997690318134e-05,4.507195741657803e-05,4.507195741657803e-05,6.315189338643824e-05,9.691578624598269e-06,9.691578624598264e-06,1.0000290744506122,3.876538082819771e-05,3.876538082819771e-05,5.082197683525802e-21,366.9852934649001
0.8404435589428267,2.465547650968968e-05,3.43795521806637e-05,0.9999260332837286,-9.862284505017116e-05,-9.862284505017116e-05,3.839958197974286e-05,4.52601371451736e-05,4.52601371451736e-05,6.338964775734441e-05,9.724075670974016e-06,9.724075670974017e-06,1.0000291719402707,3.8895363672483634e-05,3.8895363672483634e-05,-1.6940658945086007e-21,363.169724612101
0.8427461440358208,2.4742967019681542e-05,3.449970045620245e-05,0.9999257708107164,-9.897281244161911e-05,-9.897281244161911e-05,3.854172984635087e-05,4.544911345664127e-05,4.544911345664127e-05,6.363097576379397e-05,9.756733436520904e-06,9.756733436520907e-06,1.000029269912085,3.902598938319069e-05,3.902598938319069e-05,-3.3881317890172014e-21,359.3781895127575
0.8450487291288148,2.4830789868112378e-05,3.4620344694556735e-05,0.9999255073406873,-9.932410919703724e-05,-9.932410919703724e-05,3.868444956603124e-05,4.563889572169321e-05,4.563889572169321e-05,6.387595176064933e-05,9.789554826444356e-06,9.789554826444357e-06,1.000029368374771,3.9157269581189706e-05,3.9157269581189706e-05,-1.6940658945086007e-21,355.61054387742183
0.8473513142218089,2.4918950151484632e-05,3.474149296015828e-05,0.9999252428583518,-9.967675570238642e-05,-9.967675570238642e-05,3.882774958762192e-05,4.582949349407481e-05,4.582949349407481e-05,6.412465215915507e-05,9.822542808673643e-06,9.822542808673649e-06,1.0000294673372323,3.92892161382467e-05,3.92892161382467e-05,-5.082197683525802e-21,351.86664417449913
0.849653899314803,2.5007453072721003e-05,3.4863153488369815e-05,0.9999249773481012,-0.0001000307727693088,-0.0001000307727693088,3.8971638537723026e-05,4.6020916515562896e-05,4.6020916515562896e-05,6.437715549861264e-05,9.855700415648813e-06,9.855700415648813e-06,1.0000295668085664,3.9421841184170456e-05,3.9421841184170456e-05,-1.1161851797596377e-38,348.14634762828
0.8519564844077969,2.5096303944146678e-05,3.498533469031868e-05,0.9999247107939985,-0.0001003861816470567,-0.0001003861816470567,3.911612522568106e-05,4.621317472113981e-05,4.621317472113981e-05,6.463354252061978e-05,9.889030746171998e-06,9.889030746172e-06,1.0000296667980695,3.955515711421801e-05,3.955515711421801e-05,-1.6940658945086007e-21,344.44951221933974
0.854259069500791,2.518550819057507e-05,3.5108045157898935e-05,0.9999244431797693,-0.00010074300403483562,-0.00010074300403483562,3.9261218648745975e-05,4.640627824434552e-05,4.640627824434552e-05,6.489389624780726e-05,9.92253696732387e-06,9.922536967323864e-06,1.000029767315243,3.9689176596760116e-05,3.9689176596760116e-05,5.082197683525802e-21,340.77599667783795
0.8565616545937851,2.5275071352505214e-05,3.5231293668955536e-05,0.999924174488792,-0.00010110126209459376,-0.00010110126209459376,3.9406927997414774e-05,4.660023742282143e-05,4.660023742282143e-05,6.515830206406589e-05,9.95622231645032e-06,9.956222316450321e-06,1.0000298683697988,3.982391258122839e-05,3.982391258122839e-05,-1.6940658945086007e-21,337.1256604865624
0.858864239686779,2.5364999089430442e-05,3.5355089192649695e-05,0.9999239047040883,-0.00010146097846425674,-0.00010146097846425674,3.955326266096097e-05,4.67950628040457e-05,4.67950628040457e-05,6.542684780014598e-05,9.990090103219249e-06,9.990090103219252e-06,1.0000299699716664,3.995937830634204e-05,3.995937830634204e-05,-3.3881317890172014e-21,333.4983638740806
0.8611668247797731,2.5455297183270088e-05,3.5479440895025e-05,0.9999236338083125,-0.00010182217627145455,-0.00010182217627145455,3.970023223316958e-05,4.6990765151279605e-05,4.6990765151279605e-05,6.569962382156521e-05,1.0024143711754913e-05,1.0024143711754913e-05,1.0000300721309976,4.009558730864546e-05,4.009558730864546e-05,-1.1089485694212624e-38,329.8939678150284
0.8634694098727672,2.554597154192105e-05,3.5604358144768684e-05,0.9999233617837406,-0.00010218487914772757,-0.00010218487914772757,3.9847846518272275e-05,4.718735544972009e-05,4.718735544972009e-05,6.597672312079185e-05,1.0058386602847636e-05,1.0058386602847633e-05,1.000030174858175,4.023255343134717e-05,4.023255343134717e-05,3.3881317890172014e-21,326.3123340281425
0.8657719949657612,2.5637028202941124e-05,3.572985051918788e-05,0.9999230886122603,-0.00010254911124326011,-0.00010254911124326011,3.99961155371027e-05,4.738484491287836e-05,4.738484491287836e-05,6.625824141397863e-05,1.009282231624676e-05,1.0092822316246754e-05,1.000030278163818,4.03702908334914e-05,4.03702908334914e-05,6.776263578034403e-21,322.75332497188884
0.8680745800587553,2.5728473337370637e-05,3.5855927810411495e-05,0.9999228142753585,-0.00010291489724216686,-0.00010291489724216686,4.01450495334828e-05,4.7583244989196025e-05,4.7583244989196025e-05,6.654427724085014e-05,1.0127454473040862e-05,1.0127454473040859e-05,1.0000303820587897,4.050881399947912e-05,4.050881399947912e-05,3.3881317890172014e-21,319.21680384552997
0.8703771651517493,2.5820313253689115e-05,3.598260003181217e-05,0.9999225387541094,-0.0001032822623783196,-0.0001032822623783196,4.029465898083468e-05,4.778256736889308e-05,4.778256736889308e-05,6.683493207044055e-05,1.0162286778123054e-05,1.0162286778123054e-05,1.000030486554205,4.064813774892908e-05,4.064813774892908e-05,-1.1027946039141131e-38,315.7026345835508
0.8726797502447434,2.5912554401926567e-05,3.610987742468061e-05,0.9999222620291633,-0.00010365123245179227,-0.00010365123245179227,4.04449545890508e-05,4.798282399108113e-05,4.798282399108113e-05,6.713031041039025e-05,1.0197323022754045e-05,1.0197323022754044e-05,1.0000305916614374,4.078827724693017e-05,4.078827724693017e-05,1.6940658945086007e-21,312.21068185571215
0.8749823353377374,2.600520337792364e-05,3.623777046514275e-05,0.9999219840807325,-0.0001040218338459017,-0.0001040218338459017,4.059594731161279e-05,4.818402705113223e-05,4.818402705113223e-05,6.74305199218155e-05,1.023256708721911e-05,1.0232567087219109e-05,1.000030697392128,4.0929248014669295e-05,4.0929248014669295e-05,1.6940658945086007e-21,308.74081106418555
0.8772849204307315,2.6098266927757275e-05,3.636628987134707e-05,0.9999217048885789,-0.00010439409354491016,-0.00010439409354491016,4.074764835298687e-05,4.8386189008331434e-05,4.8386189008331434e-05,6.773567153911197e-05,1.0268022943589796e-05,1.0268022943589795e-05,1.0000308037581929,4.107106594047812e-05,4.107106594047812e-05,1.6940658945086007e-21,305.2928883420841
0.8795875055237256,2.61917519523333e-05,3.649544661092433e-05,0.9999214244319997,-0.00010476803915239573,-0.00010476803915239573,4.090006917629791e-05,4.858932259381585e-05,4.858932259381585e-05,6.80458795956781e-05,1.0303694658591025e-05,1.0303694658591032e-05,1.0000309107718326,4.121374729130159e-05,4.121374729130159e-05,-6.776263578034403e-21,301.8667805501584
0.8818900906167195,2.6285665512155174e-05,3.662525190873494e-05,0.9999211426898135,-0.00010514369891032739,-0.00010514369891032739,4.1053221511298e-05,4.879344081881568e-05,4.879344081881568e-05,6.836126195531781e-05,1.0339586396579772e-05,1.0339586396579769e-05,1.0000310184455397,4.135730872461238e-05,4.135730872461238e-05,3.3881317890172014e-21,298.46235527417673
0.8841926757097136,2.6380014832279463e-05,3.6755717254921204e-05,0.9999208596403449,-0.00010552110171888678,-0.00010552110171888678,4.120711736264685e-05,4.8998556983215444e-05,4.8998556983215444e-05,6.868194014901885e-05,1.0375702422641741e-05,1.0375702422641741e-05,1.0000311267921096,4.1501767300798035e-05,4.1501767300798035e-05,-1.0929365157831198e-38,295.0794808255465
0.8864952608027077,2.647480730746557e-05,3.688685441327683e-05,0.99992057526141,-0.00010590027715706723,-0.00010590027715706723,4.1361769018516665e-05,4.920468468444802e-05,4.920468468444802e-05,6.900803951943616e-05,1.0412047105811262e-05,1.041204710581126e-05,1.00003123582465,4.1647140496040084e-05,4.1647140496040084e-05,1.6940658945086007e-21,291.718026236513
0.8887978458957017,2.6570050507521032e-05,3.701867542993572e-05,0.9999202895302992,-0.0001062812555040549,-0.0001062812555040549,4.151718905952383e-05,4.9411837826724256e-05,4.9411837826724256e-05,6.933968937116892e-05,1.0448624922414694e-05,1.0448624922414688e-05,1.000031345556589,4.179344621568797e-05,4.179344621568797e-05,6.776263578034403e-21,288.37786125983416
0.8911004309886957,2.666575218287111e-05,3.715119264242746e-05,0.9999200024237612,-0.0001066640677615072,-0.0001066640677615072,4.167339036803522e-05,4.962003063064631e-05,4.962003063064631e-05,6.96770231290608e-05,1.0485440459556342e-05,1.0485440459556349e-05,1.0000314560016885,4.1940702808202635e-05,4.1940702808202635e-05,-6.776263578034403e-21,285.05885636497567
0.8934030160816898,2.6761920270338182e-05,3.72844186890753e-05,0.9999197139179856,-0.00010704874567667027,-0.00010704874567667027,4.183038613782505e-05,4.982927764318097e-05,4.982927764318097e-05,7.002017850351493e-05,1.0522498418737123e-05,1.0522498418737122e-05,1.000031567174053,4.2088929079630945e-05,4.2088929079630945e-05,1.6940658945086007e-21,281.7608827368364
0.8957056011746838,2.6858562899169394e-05,3.74183665188003e-05,0.9999194239885847,-0.0001074353217664897,-0.0001074353217664897,4.1988189884146443e-05,5.003959374805753e-05,5.003959374805753e-05,7.036929766364585e-05,1.0559803619630913e-05,1.0559803619630908e-05,1.0000316790881412,4.22381443087115e-05,4.22381443087115e-05,5.082197683525802e-21,278.4838122751859
0.8980081862676779,2.695568839728873e-05,3.755304940129158e-05,0.9999191326105747,-0.00010782382934261875,-0.00010782382934261875,4.2146815454177964e-05,5.025099417655083e-05,5.025099417655083e-05,7.072452741984719e-05,1.0597361004002855e-05,1.0597361004002852e-05,1.0000317917587787,4.2388368262547574e-05,4.2388368262547574e-05,3.3881317890172014e-21,275.2275175904337
0.900310771360672,2.7053305297825672e-05,3.768848093762948e-05,0.9999188397583563,-0.00010821430253753303,-0.00010821430253753303,4.230627703793218e-05,5.046349451873693e-05,5.046349451873693e-05,7.108601941451285e-05,1.063517563980381e-05,1.0635175639803807e-05,1.0000319052011692,4.253962121298488e-05,4.253962121298488e-05,3.3881317890172014e-21,271.9918720027606
0.902613356453666,2.7151422345901858e-05,3.7824675071330104e-05,0.999918545405694,-0.00010860677633167708,-0.00010860677633167708,4.2466589179595265e-05,5.067711073519092e-05,5.067711073519092e-05,7.14539303222955e-05,1.0673252725428249e-05,1.0673252725428246e-05,1.000032019430908,4.269192395364333e-05,4.269192395364333e-05,3.3881317890172014e-21,268.7767495410386
0.90491594154666,2.7250048505703806e-05,3.796164609985789e-05,0.9999182495256953,-0.00010900128658175535,-0.00010900128658175535,4.262776678934459e-05,5.0891859169174124e-05,5.0891859169174124e-05,7.182842206146971e-05,1.0711597594154083e-05,1.0711597594154086e-05,1.0000321344639949,4.2845297817676215e-05,4.2845297817676215e-05,-3.3881317890172014e-21,265.5820249378562
0.9072185266396541,2.734919296785223e-05,3.809940868662317e-05,0.9999179520907885,-0.0001093978700502094,-0.0001093978700502094,4.2789825155661694e-05,5.1107756559328834e-05,5.1107756559328834e-05,7.220966201440265e-05,1.0750215718770946e-05,1.0750215718770938e-05,1.0000322503168484,4.2999764696283264e-05,4.2999764696283264e-05,8.470329472543003e-21,262.4075736304223
0.9095211117326482,2.74488651570837e-05,3.823797787349078e-05,0.9999176530726992,-0.0001097965644359446,-0.0001097965644359446,4.295277995816724e-05,5.1324820052907265e-05,5.1324820052907265e-05,7.259782325979326e-05,1.0789112716407085e-05,1.0789112716407081e-05,1.0000323670063196,4.3155347058018516e-05,4.3155347058018516e-05,3.3881317890172014e-21,259.2532717595119
0.9118236968256421,2.754907474026107e-05,3.837736909382662e-05,0.999917352442427,-0.00011019740840637182,-0.00011019740840637182,4.311664728100512e-05,5.1543067219562826e-05,5.1543067219562826e-05,7.299308481819008e-05,1.0828294353565552e-05,1.0828294353565548e-05,1.0000324845497084,4.331206796893465e-05,4.331206796893465e-05,3.3881317890172014e-21,256.11899616377855
0.9141262819186362,2.7649831634726855e-05,3.85175981861053e-05,0.9999170501702198,-0.00011060044163082092,-0.00011060044163082092,4.328144362679957e-05,5.1762516065727895e-05,5.1762516065727895e-05,7.339563190830542e-05,1.0867766551378436e-05,1.0867766551378447e-05,1.0000326029647781,4.3469951113600286e-05,4.3469951113600286e-05,-1.0164395367051604e-20,253.00462438093226
0.9164288670116303,2.7751146017024995e-05,3.865868140812105e-05,0.9999167462255479,-0.00011100570481542789,-0.00011100570481542789,4.344718593122781e-05,5.198318504962116e-05,5.198318504962116e-05,7.380565621728818e-05,1.0907535391096065e-05,1.0907535391096056e-05,1.0000327222697722,4.3629020817056316e-05,4.3629020817056316e-05,8.470329472543003e-21,249.9100346469745
0.9187314521046243,2.7853028331995156e-05,3.8800635451808016e-05,0.9999164405770771,-0.00011141323973951199,-0.00011141323973951199,4.3613891578215015e-05,5.220509309689212e-05,5.220509309689212e-05,7.422335618661125e-05,1.0947607119812854e-05,1.094760711981286e-05,1.0000328424834326,4.378930206772008e-05,4.378930206772008e-05,-6.776263578034403e-21,246.8351058909939
0.9210340371976183,2.795548930228187e-05,3.8943477458740306e-05,0.9999161331926391,-0.0001118230892936123,-0.0001118230892936123,4.378157841582243e-05,5.242825961697398e-05,5.242825961697398e-05,7.464893731142996e-05,1.0987988156458438e-05,1.0987988156458435e-05,1.0000329636250154,4.395082054134892e-05,4.395082054134892e-05,3.3881317890172014e-21,243.77971773586253
0.9233366222906124,2.8058539938257456e-05,3.908722503630927e-05,0.9999158240392029,-0.00011223529751917951,-0.00011223529751917951,4.3950264772826735e-05,5.265270452014395e-05,5.265270452014395e-05,7.508261245654801e-05,1.1028685098051811e-05,1.1028685098051813e-05,1.0000330857143118,4.4113602626057565e-05,4.4113602626057565e-05,-1.6940658945086007e-21,240.74375049719785
0.9256392073836064,2.816219154839297e-05,3.923189627463467e-05,0.9999155130828431,-0.00011264990965005962,-0.00011264990965005962,4.4119969476048156e-05,5.287844823534881e-05,5.287844823534881e-05,7.552460219030704e-05,1.1069704726241691e-05,1.1069704726241696e-05,1.000033208771667,4.4277675448479046e-05,4.4277675448479046e-05,-5.082197683525802e-21,237.72708517986973
0.9279417924766005,2.8266455750111912e-05,3.937750976426696e-05,0.9999152002887076,-0.00011306697215590884,-0.00011306697215590884,4.429071186848485e-05,5.310551172885454e-05,5.310551172885454e-05,7.597513513558479e-05,1.1111054014155044e-05,1.1111054014155046e-05,1.0000333328180004,4.444306690115899e-05,4.444306690115899e-05,-1.6940658945086007e-21,234.72960347820637
0.9302443775695945,2.8371344481122464e-05,3.952408461467318e-05,0.9999148856209832,-0.00011348653278752253,-0.00011348653278752253,4.4462511828247125e-05,5.3333916523713713e-05,5.3333916523713713e-05,7.64344483412284e-05,1.1152740133550724e-05,1.1152740133550718e-05,1.0000334578748271,4.460980567117019e-05,4.460980567117019e-05,6.776263578034403e-21,231.7511877729891
0.9325469626625885,2.8476870011290227e-05,3.967164047360895e-05,0.9999145690428601,-0.00011390864062432618,-0.00011390864062432618,4.4635389788394475e-05,5.356368472015503e-05,5.356368472015503e-05,7.690278767301391e-05,1.1194770462318727e-05,1.1194770462318722e-05,1.0000335839642809,4.477792127010962e-05,4.477792127010962e-05,5.082197683525802e-21,228.7917211320353
0.9348495477555826,2.8583044955056e-05,3.9820197547383516e-05,0.9999142505164954,-0.00011433334612404643,-0.00011433334612404643,4.48093667576834e-05,5.3794839016903514e-05,5.3794839016903514e-05,7.738040822773675e-05,1.1237152592327524e-05,1.1237152592327518e-05,1.0000337111091375,4.494744406548763e-05,4.494744406548763e-05,6.776263578034403e-21,225.8510873074254
0.9371521328485767,2.8689882284442553e-05,3.996977662209058e-05,0.9999139300029728,-0.00011476070117473834,-0.00011476070117473834,4.498446434229935e-05,5.40274027335057e-05,5.40274027335057e-05,7.786757476981289e-05,1.127989433764803e-05,1.1279894337648028e-05,1.000033839332839,4.511840531362398e-05,4.511840531362398e-05,1.6940658945086007e-21,222.92917073570135
0.9394547179415706,2.879739534267924e-05,4.012039908585193e-05,0.9999136074622625,-0.00011519075914928372,-0.00011519075914928372,4.5160704768620824e-05,5.426139983370888e-05,5.426139983370888e-05,7.836456219409255e-05,1.1323003743172694e-05,1.1323003743172693e-05,1.00003396865952,4.529083719412401e-05,4.529083719412401e-05,1.6940658945086007e-21,220.025856534731
0.9417573030345647,2.8905597858479817e-05,4.02720869521323e-05,0.9999132828531787,-0.00011562357496250241,-0.00011562357496250241,4.533811090707502e-05,5.4496854949954766e-05,5.4496854949954766e-05,7.887165601372857e-05,1.1366489093652484e-05,1.1366489093652483e-05,1.000034099114035,4.546477284602678e-05,4.546477284602678e-05,1.6940658945086007e-21,217.14103050545398
0.9440598881275588,2.9014503961013837e-05,4.042486288419177e-05,0.9999129561333335,-0.000116059205131038,-0.000116059205131038,4.551670629715225e-05,5.473379340905586e-05,5.473379340905586e-05,7.938915287883724e-05,1.1410358923177938e-05,1.1410358923177933e-05,1.000034230721986,4.5640246405729076e-05,4.5640246405729076e-05,5.082197683525802e-21,214.2745791274052
0.9463624732205529,2.912412819561828e-05,4.0578750220752726e-05,0.9999126272590914,-0.00011649770783620415,-0.00011649770783620415,4.569651517365716e-05,5.497224125913386e-05,5.497224125913386e-05,7.99173611227286e-05,1.1454622025134448e-05,1.1454622025134446e-05,1.0000343635097537,4.581729304680675e-05,4.581729304680675e-05,1.6940658945086007e-21,211.42638956244932
0.9486650583135469,2.9234485540262644e-05,4.073377300290232e-05,0.999912296185518,-0.00011693914298984518,-0.00011693914298984518,4.587756249421898e-05,5.521222529784328e-05,5.521222529784328e-05,8.045660134405389e-05,1.1499287462639678e-05,1.1499287462639677e-05,1.0000344975045268,4.59959490217641e-05,4.59959490217641e-05,1.6940658945086007e-21,208.59634964964027
0.9509676434065409,2.9345591422865865e-05,4.0889956002393596e-05,0.9999119628663298,-0.00011738357230360361,-0.00011738357230360361,4.6059873968224885e-05,5.5453773102046e-05,5.5453773102046e-05,8.100720702124646e-05,1.154436457952773e-05,1.154436457952773e-05,1.000034632734337,4.617625170597078e-05,4.617625170597078e-05,-1.0328776775902029e-38,205.7843479073008
0.953270228499535,2.9457461739468237e-05,4.104732475134942e-05,0.9999116272538386,-0.00011783105936160788,-0.00011783105936160788,4.624347608718212e-05,5.569691305894344e-05,5.569691305894344e-05,8.156952516510051e-05,1.1589863011881183e-05,1.158986301188118e-05,1.0000347692280926,4.635823964378979e-05,4.635823964378979e-05,3.3881317890172014e-21,202.99027353305402
0.955572813592529,2.9570112873331524e-05,4.1205905573490106e-05,0.9999112892988948,-0.00011828166969687287,-0.00011828166969687287,4.6428396156630913e-05,5.5941674398789985e-05,5.5941674398789985e-05,8.214391701290161e-05,1.163579270015858e-05,1.1635792700158582e-05,1.0000349070156154,4.6541952597087556e-05,4.6541952597087556e-05,-1.6940658945086007e-21,200.2140164003025
0.9578753986855231,2.9683561715027224e-05,4.13657256169836e-05,0.9999109489508266,-0.00011873547087165289,-0.00011873547087165289,4.661466232970852e-05,5.618808722928967e-05,5.618808722928967e-05,8.273075876292295e-05,1.1682163901956375e-05,1.1682163901956376e-05,1.0000350461276775,4.6727431596281516e-05,4.6727431596281516e-05,-1.6940658945086007e-21,197.45546706134516
0.9601779837785172,2.97978256835641e-05,4.152681288900207e-05,0.9999106061573768,-0.00011919253256195182,-0.00011919253256195182,4.680230364244975e-05,5.643618257176273e-05,5.643618257176273e-05,8.333044235690912e-05,1.1728987205437965e-05,1.1728987205437972e-05,1.0000351865960437,4.691471899405646e-05,4.691471899405646e-05,-6.776263578034403e-21,194.71451674583292
0.9624805688715111,2.9912922748627376e-05,4.1689196292104424e-05,0.9999102608646366,-0.00011965292664648003,-0.00011965292664648003,4.699135005094499e-05,5.668599239920525e-05,5.668599239920525e-05,8.394337631098792e-05,1.1776273543477055e-05,1.1776273543477048e-05,1.0000353284535128,4.710385852193766e-05,4.710385852193766e-05,6.776263578034403e-21,191.99105736195236
0.9647831539645052,3.002887145399913e-05,4.1852905662558984e-05,0.9999099130169746,-0.00012011672730033575,-0.00012011672730033575,4.718183247047184e-05,5.6937549676359456e-05,5.6937549676359456e-05,8.45699866009783e-05,1.1824034208559851e-05,1.1824034208559854e-05,1.0000354717339623,4.729489534990019e-05,4.729489534990019e-05,-3.3881317890172014e-21,189.28498149491813
0.9670857390574993,3.014569094223404e-05,4.201797181072882e-05,0.9999095625569631,-0.00012058401109370821,-0.00012058401109370821,4.737378281672442e-05,5.719088840192085e-05,5.719088840192085e-05,8.521071760318136e-05,1.1872280868494777e-05,1.187228086849478e-05,1.0000356164723951,4.7487876149207074e-05,4.7487876149207074e-05,-3.3881317890172014e-21,186.59618240954273
0.9693883241504933,3.0263400980674295e-05,4.218442656365757e-05,0.9999092094253001,-0.0001210548570959373,-0.0001210548570959373,4.756723404928028e-05,5.744604365302424e-05,5.744604365302424e-05,8.58660330983444e-05,1.1921025582983282e-05,1.1921025582983279e-05,1.0000357627049912,4.7682849158692996e-05,4.7682849158692996e-05,3.3881317890172014e-21,183.92455404923243
0.9716909092434873,3.0382021988891754e-05,4.2352302810001016e-05,0.9999088535607269,-0.00012152934698528212,-0.00012152934698528212,4.776222021745208e-05,5.7703051632158e-05,5.7703051632158e-05,8.653641734048155e-05,1.197028082110926e-05,1.1970280821109262e-05,1.000035910469157,4.787986425472194e-05,4.787986425472194e-05,-1.6940658945086007e-21,181.26999103831776
0.9739934943364814,3.0501575067645916e-05,4.252163454745023e-05,0.9999084948999412,-0.000122007565164753,-0.000122007565164753,4.7958776508672186e-05,5.796194971665695e-05,5.796194971665695e-05,8.722237619802308e-05,1.2020059479804312e-05,1.2020059479804315e-05,1.0000360598035836,4.807897302504793e-05,4.807897302504793e-05,-3.3881317890172014e-21,178.6323886825593
0.9762960794294755,3.062208202946851e-05,4.2692456932829156e-05,0.9999081333775054,-0.00012248959888444975,-0.00012248959888444975,4.815693929959517e-05,5.822277651096166e-05,5.822277651096166e-05,8.79244383715289e-05,1.2070374903360643e-05,1.2070374903360646e-05,1.0000362107483038,4.828022884686688e-05,4.828022884686688e-05,-3.3881317890172014e-21,176.0116429708936
0.9785986645224695,3.074356543098562e-05,4.2864806335049425e-05,0.9999077689257496,-0.00012297553837085025,-0.00012297553837085025,4.8356746210103687e-05,5.8485571901831996e-05,5.8485571901831996e-05,8.864315669537307e-05,1.2121240904063797e-05,1.2121240904063802e-05,1.0000363633447549,4.8483686969347445e-05,4.8483686969347445e-05,-5.082197683525802e-21,173.4076505758002
0.9809012496154635,3.0866048607080606e-05,4.303872039109234e-05,0.9999074014746694,-0.00012346547696346212,-0.00012346547696346212,4.855823616039023e-05,5.8750377116690535e-05,5.8750377116690535e-05,8.937910952718497e-05,1.2172671784011728e-05,1.2172671784011731e-05,1.0000365176358426,4.868940460090723e-05,4.868940460090723e-05,-3.3881317890172014e-21,170.82030885807967
0.9832038347084576,3.098955570704688e-05,4.321423806526437e-05,0.9999070309518165,-0.00012395951125943383,-0.00012395951125943383,4.876144943136386e-05,5.90172347853479e-05,5.90172347853479e-05,9.013290223775643e-05,1.2224682358217493e-05,1.2224682358217493e-05,1.0000366736660122,4.889744100162365e-05,4.889744100162365e-05,-9.937433118567815e-39,168.24951586540593
0.9855064198014516,3.1114111732861625e-05,4.3391399711942024e-05,0.9999066572821854,-0.00012445774126664972,-0.00012445774126664972,4.8966427728600936e-05,5.9286189005332376e-05,5.9286189005332376e-05,9.090516880193735e-05,1.2277287979080406e-05,1.22772879790804e-05,1.0000368314813213,4.910785758111837e-05,4.910785758111837e-05,6.776263578034403e-21,165.69517033923063
0.9878090048944457,3.1239742579717406e-05,4.357024714203176e-05,0.9999062803880904,-0.00012496027056585612,-0.00012496027056585612,4.9173214250068734e-05,5.955728541105612e-05,5.955728541105612e-05,9.169657350794469e-05,1.2330504562314351e-05,1.2330504562314353e-05,1.0000369911295164,4.9320718002270915e-05,4.9320718002270915e-05,-1.6940658945086007e-21,163.15717171347663
0.9901115899874398,3.136647507900249e-05,4.375082369346044e-05,0.9999059001890371,-0.00012546720648258308,-0.00012546720648258308,4.9381853757940884e-05,5.9830571247140744e-05,5.9830571247140744e-05,9.250781278629145e-05,1.2384348614457945e-05,1.2384348614457948e-05,1.0000371526601175,4.953608829125867e-05,4.953608829125867e-05,-3.3881317890172014e-21,160.63542012088942
0.9924141750804337,3.149433704388534e-05,4.393317430595217e-05,0.9999055166015863,-0.00012597866026948205,-0.00012597866026948205,4.9592392654764215e-05,6.010609544616585e-05,6.010609544616585e-05,9.333961717449491e-05,1.2438837262066827e-05,1.2438837262066825e-05,1.0000373161245042,4.9754036954326614e-05,4.9754036954326614e-05,1.6940658945086007e-21,158.1298163964433
0.9947167601734278,3.162335731770119e-05,4.411734560041844e-05,0.9999051295392078,-0.0001264947472998723,-0.0001264947472998723,4.9804879064307986e-05,6.0383908711175854e-05,6.0383908711175854e-05,9.41927534281652e-05,1.2493988282717241e-05,1.249398828271725e-05,1.0000374815760091,4.9974635101801465e-05,4.9974635101801465e-05,-8.470329472543003e-21,155.64026207995238
0.9970193452664219,3.175356582535292e-05,4.430338596331177e-05,0.9999047389121271,-0.00012701558727334445,-0.00012701558727334445,5.001936291744998e-05,6.066406360330412e-05,6.066406360330412e-05,9.50680267881205e-05,1.254982013795885e-05,1.2549820137958853e-05,1.000037649070017,5.0197956579902645e-05,5.0197956579902645e-05,-1.6940658945086007e-21,153.16665942306977
0.9993219303594159,3.188499362795392e-05,4.449134563631871e-05,0.9999043446271606,-0.00012754130443433197,-0.00012754130443433197,5.023589604347993e-05,6.09466146349e-05,6.09466146349e-05,9.59662834226116e-05,1.2606352008364795e-05,1.2606352008364793e-05,1.0000378186640695,5.0424078110942875e-05,5.0424078110942875e-05,1.6940658945086007e-21,150.7089113921378
1.00162451545241,3.2017672980952705e-05,4.4681276811787936e-05,0.9999039465875422,-0.00012807202780460954,-0.00012807202780460954,5.045453226722109e-05,6.12316183685648e-05,6.12316183685648e-05,9.688841305426848e-05,1.2663603830835238e-05,1.2663603830835231e-05,1.0000379904179777,5.06530794425422e-05,5.06530794425422e-05,6.776263578034403e-21,148.26692167658533
1.003927100545404,3.215163739602092e-05,4.487323373435869e-05,0.9999035446927368,-0.00012860789143084522,-0.00012860789143084522,5.067532751244042e-05,6.151913352257312e-05,6.151913352257312e-05,9.783535179488336e-05,1.2721596338337773e-05,1.2721596338337776e-05,1.0000381643939398,5.088504350658955e-05,5.088504350658955e-05,-3.3881317890172014e-21,145.84059469306385
1.006229685638398,3.2286921706988736e-05,4.506727280925834e-05,0.9999031388382429,-0.00012914903464834204,-0.00012914903464834204,5.089833991202214e-05,6.180922108316018e-05,6.180922108316018e-05,9.88080852008591e-05,1.2780351102269602e-05,1.2780351102269602e-05,1.0000383406566706,5.112005658869132e-05,5.112005658869132e-05,-9.592649761282648e-39,143.42983559486655
1.0085322707313922,3.242356214015834e-05,4.526345271781546e-05,0.9999027289153816,-0.00012969560236229187,-0.00012969560236229187,5.1123629925457226e-05,6.210194442423495e-05,6.210194442423495e-05,9.98076515763613e-05,1.2839890577657127e-05,1.2839890577657122e-05,1.000038519273535,5.135820850896998e-05,5.135820850896998e-05,5.082197683525802e-21,141.03455027715307
1.010834855824386,3.256159638934162e-05,4.546183454076004e-05,0.9999023148110714,-0.00013024774534792623,-0.00013024774534792623,5.1351260464227074e-05,6.239736943510397e-05,6.239736943510397e-05,0.00010083514554064839,1.2900238151418425e-05,1.2900238151418421e-05,1.0000387003146938,5.159959281511394e-05,5.159959281511394e-05,3.3881317890172014e-21,138.65464538792642
1.0131374409173801,3.270106369600924e-05,4.566248188995058e-05,0.9999018964075881,-0.0001308056205711127,-0.0001308056205711127,5.158129702572879e-05,6.269556465686161e-05,6.269556465686161e-05,0.00010189172189057168,1.2961418193941346e-05,1.2961418193941343e-05,1.000038883853258,5.184430698868962e-05,5.184430698868962e-05,3.3881317890172014e-21,136.2900283367546
1.0154400260103742,3.284200493497192e-05,4.586546104922339e-05,0.999901473582307,-0.0001313693915310801,-0.0001313693915310801,5.181380783644486e-05,6.299660142815755e-05,6.299660142815755e-05,0.00010297859978419029,1.3023456114251468e-05,1.3023456114251471e-05,1.0000390699654547,5.209245266581347e-05,5.209245266581347e-05,-3.3881317890172014e-21,133.9406073050495
1.0177426111033683,3.2984462706070244e-05,4.607084112515144e-05,0.9999010462074288,-0.0001319392286271774,-0.0001319392286271774,5.20488640051535e-05,6.330055404114737e-05,6.330055404114737e-05,0.0001040970672779213,1.3086378419081203e-05,1.3086378419081196e-05,1.0000392587308042,5.234413587342835e-05,5.234413587342835e-05,6.776263578034403e-21,131.60629125685017
1.0200451961963624,3.3128481432360095e-05,4.6278694208517595e-05,0.9999006141496842,-0.00013251530955161602,-0.00013251530955161602,5.228653968699365e-05,6.360749990844983e-05,6.360749990844983e-05,0.00010524848624969195,1.3150212776157505e-05,1.31502127761575e-05,1.0000394502323098,5.2599467282454364e-05,5.2599467282454364e-05,5.082197683525802e-21,129.28698995363075
1.0223477812893564,3.327410746537526e-05,4.648909554746382e-05,0.9999001772700187,-0.00013309781971051975,-0.00013309781971051975,5.252691225935627e-05,6.391751974209342e-05,6.391751974209342e-05,0.00010643429775289744,1.321498808208856e-05,1.321498808208856e-05,1.000039644556661,5.2858562479335543e-05,5.2858562479335543e-05,-9.304148994198268e-39,126.98261396607828
1.0246503663823503,3.342138919807506e-05,4.6702123733321374e-05,0.9998997354232533,-0.00013368695267571565,-0.00013368695267571565,5.2770062510618146e-05,6.42306977454799e-05,6.42306977454799e-05,0.00010765602783988724,1.3280734535246319e-05,1.3280734535246316e-05,1.0000398417944532,5.312154225756984e-05,5.312154225756984e-05,3.3881317890172014e-21,124.69307468964996
1.0269529514753444,3.3570377186162206e-05,4.691786090025488e-05,0.9998992884577209,-0.00013428291067000547,-0.00013428291067000547,5.3016074842862805e-05,6.45471218195224e-05,6.45471218195224e-05,0.00010891529390527533,1.334748371409266e-05,1.3347483714092672e-05,1.0000400420404216,5.338853293101404e-05,5.338853293101404e-05,-1.1858461261560205e-20,122.41828436217263
1.0292555365683385,3.372112427852524e-05,4.7136392939967996e-05,0.9998988362148749,-0.0001348859050889352,-0.0001348859050889352,5.326503748984948e-05,6.48668837842327e-05,6.48668837842327e-05,0.00011021381160656057,1.3415268661442761e-05,1.3415268661442756e-05,1.0000402453936947,5.365966667093678e-05,5.365966667093678e-05,5.082197683525802e-21,120.15815608073375
1.0315581216613325,3.387368575763561e-05,4.735780973284372e-05,0.9998983785288679,-0.00013549615706238375,-0.00013549615706238375,5.35170427516173e-05,6.519007961715996e-05,6.519007961715996e-05,0.00011155340241950154,1.3484123975208105e-05,1.3484123975208105e-05,1.0000404519580663,5.3935081868991124e-05,5.3935081868991124e-05,-9.115891168988652e-39,117.9126038229069
1.0338607067543266,3.40281194908277e-05,4.758220539705492e-05,0.9998979152260979,-0.00013611389805968276,-0.00013611389805968276,5.377218724727584e-05,6.55168097102486e-05,6.55168097102486e-05,0.00011293600190181631,1.3554085906227203e-05,1.355408590622722e-05,1.000040661842289,5.421492352853692e-05,5.421492352853692e-05,-1.6940658945086007e-20,115.68154246761992
1.0361632918473207,3.4184486093477166e-05,4.780967855732515e-05,0.9998974461247188,-0.0001367393705423303,-0.0001367393705423303,5.403057218767913e-05,6.58471791468303e-05,6.58471791468303e-05,0.00011436366873982784,1.3625192463848001e-05,1.3625192463847986e-05,1.0000408751603906,5.44993436869703e-05,5.44993436869703e-05,1.5246593050577406e-20,113.46488781969308
1.0384658769403148,3.434284910524365e-05,4.804033263526962e-05,0.9998969710341115,-0.00013737282866896152,-0.00013737282866896152,5.429230366993162e-05,6.618129800071851e-05,6.618129800071851e-05,0.00011583859466765175,1.3697483530025961e-05,1.369748353002597e-05,1.0000410920320173,5.478850187211695e-05,5.478850187211695e-05,-8.470329472543003e-21,111.26255663644736
1.0407684620333086,3.450327518059627e-05,4.827427616333227e-05,0.9998964897543127,-0.00013801453905745083,-0.00013801453905745083,5.455749299576237e-05,6.651928165946312e-05,6.651928165946312e-05,0.00011736311535925452,1.3771000982735998e-05,1.3771000982736002e-05,1.0000413125828027,5.5082565595878264e-05,5.5082565595878264e-05,-3.3881317890172014e-21,109.07446665587098
1.0430710471263027,3.4665834295096794e-05,4.8511623124761225e-05,0.9998960020753955,-0.00013866478161004444,-0.00013866478161004444,5.4826257016232265e-05,6.68612511742539e-05,6.68612511742539e-05,0.00011893972240300922,1.3845788829664434e-05,1.3845788829664431e-05,1.0000415369447697,5.538171088900046e-05,5.538171088900046e-05,3.3881317890172014e-21,106.9005366295092
1.0453736322192968,3.483059996896629e-05,4.875249332214783e-05,0.9998955077767996,-0.00013932385040762716,-0.00013932385040762716,5.5098718505324173e-05,6.720733363904869e-05,6.720733363904869e-05,0.00012057107649081049,1.3921893353181555e-05,1.3921893353181542e-05,1.0000417652567661,5.568612288096416e-05,5.568612288096416e-05,1.3552527156068805e-20,104.74068635622629
1.0476762173122909,3.4997649509733924e-05,4.8997012777508054e-05,0.9998950066266021,-0.0001399920546803176,-0.0001399920546803176,5.5375006565421944e-05,6.755766260196074e-05,6.755766260196074e-05,0.00012226002196259614,1.3999363267774136e-05,1.399936326777413e-05,1.0000419976649346,5.599599642971463e-05,5.599599642971463e-05,5.082197683525802e-21,102.59483672129618
1.049978802405285,3.516706427593909e-05,4.924531416717054e-05,0.9998944983807275,-0.0001406697198622767,-0.0001406697198622767,5.565525706797247e-05,6.791237851223127e-05,6.791237851223127e-05,0.0001240096028739818,1.4078249891231453e-05,1.407824989123145e-05,1.0000422343232291,5.631153680640545e-05,5.631153680640545e-05,3.3881317890172014e-21,100.46290973889106
1.052281387498279,3.533892996410296e-05,4.949753729514144e-05,0.9998939827820863,-0.00014135718873959413,-0.00014135718873959413,5.593961313303435e-05,6.827162920652529e-05,6.827162920652529e-05,0.000125823080776096,1.415860733103849e-05,1.4158607331038483e-05,1.0000424753939716,5.6632960440971636e-05,5.6632960440971636e-05,6.776263578034403e-21,98.34482859818569
1.054583972591273,3.551333692148239e-05,4.975382960910938e-05,0.9998934595596367,-0.0001420548227013037,-0.0001420548227013037,5.622822565191281e-05,6.863557043878933e-05,6.863557043878933e-05,0.00012770395442191504,1.4240492687626973e-05,1.424049268762699e-05,1.0000427210484641,5.696049573513382e-05,5.696049573513382e-05,-1.6940658945086007e-20,96.24051771486695
1.056886557684267,3.569038048741846e-05,5.0014346763749265e-05,0.9998929284273604,-0.00014276300310477782,-0.00014276300310477782,5.6521253857580725e-05,6.900436645841332e-05,6.900436645841332e-05,0.00012965598164665893,1.4323966276330802e-05,1.4323966276330805e-05,1.0000429714676518,5.7294383950219245e-05,5.7294383950219245e-05,-3.3881317890172014e-21,94.14990278834755
1.059189142777261,3.587016136646838e-05,5.027925323660923e-05,0.9998923890831442,-0.00014348213276825503,-0.00014348213276825503,5.681886594821485e-05,6.937819064207321e-05,6.937819064207321e-05,0.000131683203708299,1.4409091870140844e-05,1.4409091870140852e-05,1.000043226842854,5.7634880178181896e-05,5.7634880178181896e-05,-8.470329472543003e-21,92.07291086396178
1.0614917278702551,3.605278603692242e-05,5.0548723002549314e-05,0.9998918412075527,-0.00014421263760490793,-0.00014421263760490793,5.712123976986639e-05,6.975722618532629e-05,6.975722618532629e-05,0.0001337899724133703,1.449593696562689e-05,1.4495936965626894e-05,1.0000434873765605,5.798225440528933e-05,5.798225440528933e-05,-3.3881317890172014e-21,90.0094704025691
1.0637943129632492,3.6238367198794924e-05,5.082294027350949e-05,0.9998912844624862,-0.0001449549684148072,-0.0001449549684148072,5.7428563565099555e-05,7.014166686085143e-05,7.014166686085143e-05,0.00013598098040698876,1.4584573074714556e-05,1.4584573074714563e-05,1.0000437532833066,5.8336792679230745e-05,5.8336792679230745e-05,-6.776263578034403e-21,87.95951135763059
1.0660968980562433,3.642702426595166e-05,5.1102100311336236e-05,0.999890718489703,-0.00014570960285343107,-0.00014570960285343107,5.774103679538995e-05,7.053171785119157e-05,7.053171785119157e-05,0.0001382612950654133,1.4675076045384556e-05,1.4675076045384573e-05,1.000044024790637,5.869879839191387e-05,5.869879839191387e-05,-1.6940658945086007e-20,85.92296526020773
1.0683994831492374,3.6618883907647394e-05,5.138641032241127e-05,0.9998901429091953,-0.0001464770475978157,-0.0001464770475978157,5.8058871046096456e-05,7.092759666488561e-05,7.092759666488561e-05,0.00014063639649694996,1.4767526414763887e-05,1.4767526414763874e-05,1.0000443021401626,5.906859369182938e-05,5.906859369182938e-05,1.3552527156068805e-20,83.89976531431407
1.0707020682422312,3.681408064556559e-05,5.16760904441848e-05,0.9998895573173981,-0.00014725784073471414,-0.00014725784073471414,5.838229102418776e-05,7.132953414625267e-05,7.132953414625267e-05,0.00014311222024532424,1.48620097986192e-05,1.4862009798619213e-05,1.0000445855887308,5.9446521042025064e-05,5.9446521042025064e-05,-1.3552527156068805e-20,81.88984650188108
1.0730046533352253,3.701275751325023e-05,5.197137483503966e-05,0.9998889612852108,-0.00014805255439832363,-0.00014805255439832363,5.8711535660238246e-05,7.173777559043573e-05,7.173777559043573e-05,0.00014569520538175906,1.4958617321789437e-05,1.4958617321789432e-05,1.000044875409716,5.983294494183502e-05,5.983294494183502e-05,5.082197683525802e-21,79.89314570105122
1.0753072384282194,3.7215066785936226e-05,5.227251288076747e-05,0.9998883543558075,-0.00014886179768960734,-0.00014886179768960734,5.904685932807401e-05,7.215258197718924e-05,7.215258197718924e-05,0.0001483923487968778,1.505744609483124e-05,1.5057446094831242e-05,1.0000451718944499,6.022825383346253e-05,6.022825383346253e-05,-1.6940658945086007e-21,77.9096018172873
1.0776098235212135,3.742117078991295e-05,5.2579770532810225e-05,0.9998877360422095,-0.0001496862199137486,-0.0001496862199137486,5.938853319733499e-05,7.257423133879376e-05,7.257423133879376e-05,0.00015121126663871114,1.5158599742897283e-05,1.5158599742897271e-05,1.000045475353808,6.063286221749231e-05,6.063286221749231e-05,1.1858461261560205e-20,75.93915593049736
1.0799124086142076,3.763124280202692e-05,5.289343179586538e-05,0.9998871058245861,-0.0001505265141781617,-0.0001505265141781617,5.973684673667862e-05,7.300302027995527e-05,7.300302027995527e-05,0.00015416026401513677,1.5262188993838483e-05,1.5262188993838466e-05,1.0000457861199736,6.104721300529984e-05,6.104721300529984e-05,1.6940658945086007e-20,73.98175145974935
1.0822149937072016,3.784546805158283e-05,5.3213800385198054e-05,0.9998864631472495,-0.00015138342140009632,-0.00015138342140009632,6.009210938811313e-05,7.343926567032771e-05,7.343926567032771e-05,0.000157248414279593,1.5368332333615233e-05,1.5368332333615223e-05,1.000046104548405,6.14717801406959e-05,6.14717801406959e-05,1.0164395367051604e-20,72.03733434897701
1.0845175788001955,3.8064044838879564e-05,5.354120157728851e-05,0.9998858074152986,-0.00015225773478078143,-0.00015225773478078143,6.0454652436253326e-05,7.388330653362182e-05,7.388330653362182e-05,0.00016048564947122138,1.547715673840895e-05,1.547715673840895e-05,1.0000464310200305,6.190707152837262e-05,6.190707152837262e-05,-7.407225252956274e-39,70.10585327432591
1.0868201638931896,3.828718578698345e-05,5.387598428137446e-05,0.9998851379908645,-0.00015315030481251869,-0.00015315030481251869,6.0824831100245976e-05,7.433550616124245e-05,7.433550616124245e-05,0.00016388286376498498,1.5588798494391014e-05,1.558879849439101e-05,1.0000467659437087,6.235363231297915e-05,6.235363231297915e-05,3.3881317890172014e-21,68.18725988082753
1.0891227489861837,3.851511924614597e-05,5.421852336410732e-05,0.9998844541888962,-0.0001540620448963532,-0.0001540620448963532,6.120302688079885e-05,7.479625448311013e-05,7.479625448311013e-05,0.00016745203216985858,1.5703404117961336e-05,1.5703404117961353e-05,1.0000471097589885,6.281204856007608e-05,6.281204856007608e-05,-1.6940658945086007e-20,66.28150904759259
1.0914253340791777,3.8748090873637116e-05,5.456922226513273e-05,0.9998837552724219,-0.00015499393766140726,-0.00015499393766140726,6.158965020037028e-05,7.52659707339795e-05,7.52659707339795e-05,0.00017120634714157775,1.5821131391495604e-05,1.5821131391495614e-05,1.0000474629392173,6.328295139912366e-05,6.328295139912366e-05,-1.0164395367051604e-20,64.38855918918658
1.0937279191721718,3.8986365415799964e-05,5.4928515948110855e-05,0.9998830404472026,-0.00015594704209309876,-0.00015594704209309876,6.198514338131866e-05,7.574510646034671e-05,7.574510646034671e-05,0.0001751603763269374,1.5942150532310894e-05,1.594215053231089e-05,1.000047825995047,6.376702169934466e-05,6.376702169934466e-05,3.3881317890172014e-21,62.50837259929161
1.096030504265166,3.92302287240321e-05,5.529687423983668e-05,0.9998823088556841,-0.0001569225015970671,-0.0001569225015970671,6.238998401500009e-05,7.623414892127272e-05,7.623414892127272e-05,0.00017933024533920344,1.6066645515804582e-05,1.606664551580458e-05,1.0000481994784036,6.426499536227963e-05,6.426499536227963e-05,3.3881317890172014e-21,60.64091584091403
1.0983330893581598,3.947999004227682e-05,5.567480561989203e-05,0.9998815595701344,-0.00015792155314913803,-0.00015792155314913803,6.280468878462599e-05,7.673362494632623e-05,7.673362494632623e-05,0.0001837338502880162,1.6194815577615203e-05,1.619481557761521e-05,1.0000485839869941,6.477766933043008e-05,6.477766933043008e-05,-6.776263578034403e-21,58.78616019389197
1.1006356744511538,3.973598461086621e-05,5.60628615353302e-05,0.9998807915848326,-0.00015894553771069654,-0.00015894553771069654,6.322981781682392e-05,7.724410532604469e-05,7.724410532604469e-05,0.00018839110584419936,1.6326876924463985e-05,1.6326876924463985e-05,1.0000489801694386,6.530590843062425e-05,6.530590843062425e-05,-6.448689305288806e-39,56.944082167087224
1.102938259544148,3.9998576640316435e-05,5.6461641329457904e-05,0.9998800038071471,-0.0001599959121238677,-0.0001599959121238677,6.366597965148238e-05,7.776620982502549e-05,7.776620982502549e-05,0.00019332423591957482,1.6463064689141483e-05,1.646306468914147e-05,1.0000493887311355,6.585065319396393e-05,6.585065319396393e-05,1.3552527156068805e-20,55.114664088131555
1.105240844637142,4.0268162719582466e-05,5.68717978919191e-05,0.999879195047311,-0.00016107426274453634,-0.00016107426274453634,6.411383693768978e-05,7.830061292607944e-05,7.830061292607944e-05,0.00019855811569482947,1.660363517233664e-05,1.6603635172336633e-05,1.0000498104409867,6.641292882314005e-05,6.641292882314005e-05,6.776263578034403e-21,53.29789478488
1.107543429730136,4.054517573659923e-05,5.72940441594387e-05,0.9998783640066606,-0.0001621823211245117,-0.0001621823211245117,6.457411298583786e-05,7.884805043624816e-05,7.884805043624816e-05,0.0002041206758277019,1.6748868422839488e-05,1.6748868422839475e-05,1.000050246139139,6.699385551324312e-05,6.699385551324312e-05,1.3552527156068805e-20,51.493770374115016
1.1098460148231302,4.083008940573675e-05,5.7729160624533526e-05,0.9998775092640526,-0.00016332198212134819,-0.00016332198212134819,6.50475993340392e-05,7.940932711369873e-05,7.940932711369873e-05,0.00021004338233637237,1.6899071218796785e-05,1.689907121879678e-05,1.0000506967459262,6.759466037678592e-05,6.759466037678592e-05,6.776263578034403e-21,49.70229517945458
1.1121485999161242,4.1123423517504614e-05,5.817800404394804e-05,0.9998766292601154,-0.0001644953248971638,-0.0001644953248971638,6.553516452161717e-05,7.998532550927875e-05,7.998532550927875e-05,0.00021636180908772492,1.7054580526443434e-05,1.7054580526443428e-05,1.0000511632722473,6.821669127862837e-05,6.821669127862837e-05,6.776263578034403e-21,47.92348280372086
1.114451185009118,4.1425750052177e-05,5.864151758239442e-05,0.9998757222789084,-0.00016570463737314038,-0.00016570463737314038,6.603776430644117e-05,8.057701626072592e-05,8.057701626072592e-05,0.00022311632425905432,1.7215767530217412e-05,1.721576753021742e-05,1.0000516468316556,6.886143295643731e-05,6.886143295643731e-05,-6.776263578034403e-21,46.15735738643727
1.1167537701021122,4.1737700332169186e-05,5.912074268235682e-05,0.9998747864264641,-0.00016695244483903022,-0.00016695244483903022,6.65564536183002e-05,8.118547013318943e-05,8.118547013318943e-05,0.0002303529179170035,1.7383042350187633e-05,1.7383042350187633e-05,1.000052148654511,6.953052589039706e-05,6.953052589039706e-05,-4.992948662906148e-39,44.4039550854151
1.1190563551951063,4.2059973430381425e-05,5.961683302126401e-05,0.9998738196055638,-0.00016824154358653184,-0.00016824154358653184,6.709240061134497e-05,8.18118721708556e-05,8.18118721708556e-05,0.0002381242054326836,1.7556859590882577e-05,1.7556859590882583e-05,1.0000526701046275,7.022578849852419e-05,7.022578849852419e-05,-6.776263578034403e-21,42.663325832106864
1.1213589402881003,4.2393346106080745e-05,6.0131071007806044e-05,0.9998728194859297,-0.00016957504065281793,-0.00016957504065281793,6.764690326947108e-05,8.245753841568806e-05,8.245753841568806e-05,0.0002464906514944642,1.7737724901725292e-05,1.77377249017253e-05,1.000053212698953,7.094924337840624e-05,7.094924337840624e-05,-6.776263578034403e-21,40.93553541961558
1.1236615253810944,4.27386846103084e-05,6.0664887386400784e-05,0.9998717834688085,-0.00017095640104216548,-0.00017095640104216548,6.822140913620367e-05,8.312393576744503e-05,8.312393576744503e-05,0.0002555220728370601,1.7926202776092373e-05,1.7926202776092383e-05,1.0000537781309677,7.170314850343766e-05,7.170314850343766e-05,-1.0164395367051604e-20,39.22066800191002
1.1259641104740885,4.309695879456089e-05,6.121988467158531e-05,0.9998707086446458,-0.0001723895041606804,-0.0001723895041606804,6.881753889400157e-05,8.381270571308823e-05,8.381270571308823e-05,0.00026529949580365007,1.8122925877024406e-05,1.8122925877024416e-05,1.0000543682986605,7.249003452566082e-05,7.249003452566082e-05,-1.0164395367051604e-20,37.51882910278354
1.1282666955670824,4.3469259077242034e-05,6.179786533517589e-05,0.9998695917421863,-0.00017387871168210683,-0.00017387871168210683,6.943711471970476e-05,8.452569285625054e-05,8.452569285625054e-05,0.0002759174693098961,1.832860625793383e-05,1.8328606257933854e-05,1.0000549853381917,7.331274965859672e-05,7.331274965859672e-05,-2.371692252312041e-20,35.83014925931409
1.1305692806600764,4.385681698275939e-05,6.240086593611498e-05,0.9998684290668568,-0.00017542894970421334,-0.00017542894970421334,7.00821946108841e-05,8.52649794464325e-05,8.52649794464325e-05,0.00028748696727748277,1.8544048953355608e-05,1.8544048953355588e-05,1.0000556316646652,7.417451404024658e-05,7.417451404024658e-05,2.0328790734103208e-20,34.15478846588696
1.1328718657530705,4.4261030182865215e-05,6.303119874056109e-05,0.9998672164256418,-0.00017704580891415769,-0.00017704580891415769,7.075511423671946e-05,8.603292746770725e-05,8.603292746770725e-05,0.0003001390611044698,1.877016855769591e-05,1.8770168557695875e-05,1.0000563100218636,7.507898604808668e-05,7.507898604808668e-05,3.3881317890172014e-20,32.492941630469
1.1351744508460646,4.468349326081209e-05,6.369150286444968e-05,0.9998659490347918,-0.00017873566764511038,-0.00017873566764511038,7.14585383533224e-05,8.683223033463197e-05,8.683223033463197e-05,0.00031402960782944526,1.90080096036376e-05,1.9008009603637586e-05,1.0000570235433852,7.603034381268832e-05,7.603034381268832e-05,1.3552527156068805e-20,30.844845328674754
1.1374770359390587,4.512603581687182e-05,6.438480763375234e-05,0.9998646214055056,-0.00018050584429833146,-0.00018050584429833146,7.219552448854951e-05,8.766597691033885e-05,8.766597691033885e-05,0.0003293452920494472,1.925877181688054e-05,1.925877181688052e-05,1.0000577758284068,7.70333862366779e-05,7.70333862366779e-05,2.0328790734103208e-20,29.210786229952625
1.1397796210320528,4.559077008513096e-05,6.51146117763032e-05,0.999863227201081,-0.00018236478781035373,-0.00018236478781035373,7.296960252282868e-05,8.853773148610351e-05,8.853773148610351e-05,0.00034631149222458024,1.9523841691172247e-05,1.952384169117224e-05,1.0000585710364098,7.809365929485908e-05,7.809365929485908e-05,6.776263578034403e-21,27.59111170660626
1.1420822061250466,4.6080151003480695e-05,6.588498334543239e-05,0.9998617590567042,-0.0001843223179329441,-0.0001843223179329441,7.378487508273515e-05,8.945163465576213e-05,8.945163465576213e-05,0.000365202634960437,1.980483234195166e-05,1.9804832341951698e-05,1.0000594140067405,7.921761544878547e-05,7.921761544878547e-05,-3.7269449679189215e-20,25.98624331790714
1.1443847912180407,4.659705277609642e-05,6.67006871044365e-05,0.9998602083497626,-0.00018638993148302355,-0.00018638993148302355,7.464614549804488e-05,9.04125318575525e-05,9.04125318575525e-05,0.0003863559854205449,2.0103634328340055e-05,2.0103634328340072e-05,1.000060310411076,8.041281693472243e-05,8.041281693472243e-05,-1.6940658945086007e-20,24.39669412797035
1.1466873763110348,4.714486754549149e-05,6.756734873051116e-05,0.9998585649038287,-0.00018858119703088412,-0.00018858119703088412,7.555908270984983e-05,9.142613900008437e-05,9.142613900008437e-05,0.0004101902479287241,2.042248118501963e-05,2.0422481185019668e-05,1.0000612669500202,8.16881978911605e-05,8.16881978911605e-05,-3.7269449679189215e-20,22.8230911981615
1.1489899614040289,4.772763409824974e-05,6.849166904227969e-05,0.9998568166025424,-0.00019091226972312183,-0.00019091226972312183,7.653043637287406e-05,9.24992584547395e-05,9.24992584547395e-05,0.00043723099791505326,2.0764034944029993e-05,2.076403494402995e-05,1.0000622916096693,8.305440644599692e-05,8.305440644599692e-05,4.404571325722362e-20,21.266205157542373
1.151292546497023,4.8350207947597506e-05,6.948170715452425e-05,0.9998549488793642,-0.00019340257161292734,-0.00019340257161292734,7.756832110907923e-05,9.364006442521636e-05,9.364006442521636e-05,0.0004681459648444236,2.1131499206926757e-05,2.1131499206926744e-05,1.0000633940008279,8.452425700516966e-05,8.452425700516966e-05,1.3552527156068805e-20,19.726989596192823
1.153595131590017,4.9018489289309173e-05,7.054726005535671e-05,0.9998529440337065,-0.0001960757034837121,-0.0001960757034837121,7.868259748185559e-05,9.485848533764536e-05,9.485848533764536e-05,0.000503794750665168,2.152877076604755e-05,2.152877076604754e-05,1.0000645858138726,8.611333673771475e-05,8.611333673771475e-05,1.0164395367051604e-20,18.206634301025566
1.1558977166830111,4.973973322145994e-05,7.17003792626969e-05,0.999850780300275,-0.0001989606857281236,-0.0001989606857281236,7.988539045234556e-05,9.616672411746338e-05,9.616672411746338e-05,0.0005453000577912261,2.196064604123697e-05,2.196064604123696e-05,1.000065881438063,8.7840831322664e-05,8.7840831322664e-05,1.0164395367051604e-20,16.706638323992088
1.158200301776005,5.052297889712194e-05,7.295608569109765e-05,0.9998484305616102,-0.00020209367495883544,-0.00020209367495883544,8.119180659868144e-05,9.757997778325144e-05,9.757997778325144e-05,0.0005941515134629489,2.243310679397579e-05,2.2433106793975708e-05,1.0000672988186836,8.973066780555515e-05,8.973066780555515e-05,8.131516293641283e-20,15.228911964268496
1.160502886868999,5.1379653678958067e-05,7.43333762100878e-05,0.9998458605356242,-0.00020552038062692939,-0.00020552038062692939,8.262094379807076e-05,9.911745027544552e-05,9.911745027544552e-05,0.0006523597043543366,2.2953722531129835e-05,2.2953722531129736e-05,1.0000688606642545,9.181312421342183e-05,9.181312421342183e-05,9.825582188149884e-20,13.775921678180339
1.1628054719619931,5.2324439334081765e-05,7.585666702117675e-05,0.9998430261770153,-0.00020929952980134318,-0.00020929952980134318,8.419733882330183e-05,0.00010080380429422956,0.00010080380429422956,0.0007226886539324426,2.3532227687095016e-05,2.3532227687094985e-05,1.0000705961780787,9.412713828336382e-05,9.412713828336382e-05,3.049318610115481e-20,12.35089990395616
1.1651080570549872,5.3376536998685745e-05,7.75579018481228e-05,0.9998398698823747,-0.0002135079270273965,-0.0002135079270273965,8.59530813383199e-05,0.00010267128111805465,0.00010267128111805465,0.0008090119217379185,2.4181364849437044e-05,2.418136484943705e-05,1.0000725435879192,9.672368036509467e-05,9.672368036509467e-05,-6.776263578034403e-21,10.958154766963693
1.1674106421479813,5.456154625359351e-05,7.947968402482295e-05,0.9998363148529599,-0.00021824797062901206,-0.00021824797062901206,8.793095412769682e-05,0.00010476284898216676,0.00010476284898216676,0.0009168627968581986,2.491813777122938e-05,2.4918137771229444e-05,1.0000747539050343,9.967076547027975e-05,9.967076547027975e-05,-6.437450399132683e-20,9.603535607627407
1.1697132272409754,5.5914291718518055e-05,8.167998840853567e-05,0.9998322566149112,-0.00022365895908576977,-0.00022365895908576977,9.018915664612883e-05,0.00010713693825188695,0.00010713693825188695,0.0010542792381596194,2.5765696690017696e-05,2.5765696690017615e-05,1.0000772965801368,0.00010306099454837292,0.00010306099454837292,8.131516293641283e-20,8.295142823581214
1.1720158123339692,5.748307883994094e-05,8.423925606440738e-05,0.9998275502518891,-0.00022993411418445003,-0.00022993411418445003,9.280841660596778e-05,0.00010987456986680689,0.00010987456986680689,0.0012330475616341065,2.6756177224466374e-05,2.6756177224466438e-05,1.0000802680200822,0.00010702291007317949,0.00010702291007317949,-6.437450399132683e-20,7.044414533829733
1.1743183974269633,5.933592452355676e-05,8.727078039821915e-05,0.999821991713176,-0.00023734550354884907,-0.00023734550354884907,9.590240086270714e-05,0.00011308979088932861,0.00011308979088932861,0.0014702787981038382,2.793485587466248e-05,2.793485587466239e-05,1.0000838040543707,0.00011173761804402751,0.00011173761804402751,9.147955830346444e-20,5.8677539180506955
1.1766209825199574,6.156874814191427e-05,9.09343558500944e-05,0.9998152932406538,-0.0002462768046703963,-0.0002462768046703963,9.963139988152547e-05,0.00011694339464978076,0.00011694339464978076,0.0017893625613229962,2.936560770818009e-05,2.9365607708180125e-05,1.000088096308204,0.00011746061872998126,0.00011746061872998126,-3.3881317890172014e-20,4.78875228876369
1.1789235676129515,6.431241274635222e-05,9.544798649095888e-05,0.999807062245168,-0.00025725146975597127,-0.00025725146975597127,0.00010421408462960873,0.00012165472609158495,0.00012165472609158495,0.0022161740375474157,3.113557374460663e-05,3.1135573744606654e-05,1.000093406204641,0.00012454047620786424,0.00012454047620786424,-2.0328790734103208e-20,3.840335211403167
1.1812261527059456,6.772528512778223e-05,0.00010107537864277946,0.9997968236263453,-0.0002709029659711347,-0.0002709029659711347,0.00010991505078501757,0.0001274892789096819,0.0001274892789096819,0.002759300999728993,3.335009351499721e-05,3.335009351499723e-05,1.0001000497622736,0.00013339854859998316,0.00013339854859998316,-2.0328790734103208e-20,3.0635882264092156
1.1835287377989396,7.19405480293453e-05,0.00010803784198297962,0.999784177835955,-0.00028776402429086785,-0.00028776402429086785,0.00011695673254267802,0.000134670626618334,0.000134670626618334,0.0033649320461790278,3.6097293953634414e-05,3.609729395363432e-05,1.000108291361904,0.00014438734364105062,0.00014438734364105062,9.486769009248164e-20,2.495253777089443
1.1858313228919337,7.6957211056488e-05,0.00011633224492254416,0.9997691278451798,-0.00030783068313996163,-0.00030783068313996163,0.00012533724550678872,0.00014319816124228675,0.00014319816124228675,0.003897458918337757,3.93750338660558e-05,3.9375033866056154e-05,1.0001181245799475,0.000157498296550215,0.000157498296550215,-3.5236570605778894e-19,2.1398143400445067
1.1881339079849276,8.258429491571501e-05,0.00012563806400276461,0.999752246591899,-0.00033033902534800074,-0.00033033902534800074,0.00013473717098591226,0.00015275361655763323,0.00015275361655763323,0.004241986890523878,4.30537690870493e-05,4.30537690870496e-05,1.0001291607839073,0.00017221323066305772,0.00017221323066305772,-3.049318610115481e-19,1.9528043959071286
1.1904364930779217,8.85546637935025e-05,0.00013550795458279995,0.9997343354835516,-0.0003542205076648609,-0.0003542205076648609,0.00014470989563999704,0.00016289116806214826,0.00016289116806214826,0.004405903454860429,4.6953290789298195e-05,4.695329078929745e-05,1.0001408593473,0.00018781131066633887,0.00018781131066633887,7.453889935837843e-19,1.867521262389284
1.1927390781709157,9.466762742373874e-05,0.0001456060985205307,0.9997159965909345,-0.00037867236903026656,-0.00037867236903026656,0.0001549199539736483,0.00017327575882992673,0.00017327575882992673,0.004461045680307404,5.0938471096792035e-05,5.093847109679197e-05,1.000152814886496,0.00020375202505185628,0.00020375202505185628,6.776263578034403e-20,1.8320488042594414
1.1950416632639098,0.0001008166759854535,0.00015575437578805264,0.999697549443509,-0.0004032685701645569,-0.0004032685701645569,0.00016518933706382246,0.00018372954186519235,0.00018372954186519235,0.004465259046521775,5.493769980259928e-05,5.4937699802599135e-05,1.000164812570873,0.00021974893298765368,0.00021974893298765368,1.4230153513872246e-19,1.8180266142591943
1.197344248356904,0.00010695496569892742,0.000165874521410619,0.9996791345726126,-0.0004278217359530419,-0.0004278217359530419,0.00017543977341143876,0.00019417428627937252,0.00019417428627937252,0.004448498862645245,5.8919555711691456e-05,5.891955571169157e-05,1.0001767581368444,0.00023567634968943408,0.00023567634968943408,-1.1519648082658485e-19,1.8126180437045765
1.199646833449898,0.00011306382931997452,0.0001759354146089564,0.9996608079799765,-0.00045225719742309736,-0.00045225719742309736,0.00018564008629654916,0.00020457880458190505,0.00020457880458190505,0.004423697565466663,6.28715852889813e-05,6.287158528898189e-05,1.0001886142238035,0.00025148446101272827,0.00025148446101272827,-5.827586677109586e-19,1.8105345659041407
1.2019494185428918,0.00011913628395001222,0.00018592548123172583,0.9996425906142948,-0.00047654702298443105,-0.00047654702298443105,0.00019577862658125042,0.00021493141681270213,0.00021493141681270213,0.004395995950748065,6.678919728171302e-05,6.678919728171362e-05,1.00020036705799,0.0002671549019424723,0.0002671549019424723,-5.963111948670274e-19,1.8097015764939637
1.204252003635886,0.00012516989905445941,0.00019584076131020964,0.99962448976717,-0.0005006814905026709,-0.0005006814905026709,0.0002058513525213379,0.00022522804303808027,0.00022522804303808027,0.0043673516014689166,7.06708622557501e-05,7.067086225575023e-05,1.0002120120511007,0.00028268155473816763,0.00028268155473816763,-1.2197274440461925e-19,1.80932927857343
1.20655458872888,0.00013116395613402298,0.00020568015750817815,0.9996065075940984,-0.0005246577259845106,-0.0005246577259845106,0.0002158570829220371,0.00023546746138694856,0.00023546746138694856,0.004338489331279896,7.451620137415534e-05,7.451620137415517e-05,1.000223548066623,0.00029806290404820206,0.00029806290404820206,1.6263032587282567e-19,1.8091237298344793
1.208857173821874,0.0001371183643584152,0.00021544362129066792,0.9995886443675697,-0.0005484753661125789,-0.0005484753661125789,0.00022579568505797816,0.00024564949779107205,0.00024564949779107205,0.004309671246768448,7.832525693225284e-05,7.832525693225273e-05,1.0002349752314417,0.00031329911905009277,0.00031329911905009277,1.0842021724855044e-19,1.8089777086465166
1.2111597589148682,0.00014303325760666453,0.00022513147895941518,0.9995708996859451,-0.0005721349464066847,-0.0005721349464066847,0.0002356674013436121,0.00025577435331799043,0.00025577435331799043,0.004280989781573049,8.209822135275101e-05,8.209822135275065e-05,1.0002462941228234,0.00032839096943097605,0.00032839096943097605,3.6591823321385775e-19,1.8088528552522352
1.2134623440078622,0.00014890884800058396,0.0002347441867108501,0.9995532729128583,-0.0005956373153576909,-0.0005956373153576909,0.0002454726046147636,0.00026584235968778256,0.00026584235968778256,0.004252476423167954,8.583533871026575e-05,8.583533871026614e-05,1.000257505472991,0.0003433394314857095,0.0003433394314857095,-3.9302328752599536e-19,1.8087357092805256
1.2157649291008563,0.00015474537372284303,0.0002442822433838466,0.9995357633337598,-0.0006189834256998043,-0.0006189834256998043,0.0002552117109515247,0.0002758538921768359,0.0002758538921768359,0.004224141202370161,8.953686966100382e-05,8.953686966100359e-05,1.0002686100639113,0.00035814554783558216,0.00035814554783558216,2.303929616531697e-19,1.8086216383151006
1.2180675141938502,0.0001605430808012289,0.0002537461600101639,0.9995183702105651,-0.0006421742615476203,-0.0006421742615476203,0.00026488514925128366,0.00028580933921702495,0.00028580933921702495,0.004195986748319674,9.320307920893574e-05,9.320307920893502e-05,1.0002796086905956,0.0003728103784930354,0.0003728103784930354,7.182839392716467e-19,1.8085090780209112
1.2203700992868443,0.00016630221687824462,0.00026313644940636474,0.9995010928003454,-0.000665210813474518,-0.000665210813474518,0.0002744933508250907,0.00029570909199929784,0.00029570909199929784,0.004168013190878359,9.68342325281202e-05,9.683423252812012e-05,1.0002905021485644,0.000387334984150941,0.000387334984150941,8.131516293641283e-20,1.8083975088324036
1.2226726843798383,0.00017202302912698207,0.0002724536226983563,0.9994839303615801,-0.0006880940701761525,-0.0006880940701761525,0.0002840367459204532,0.00030555354099721346,0.00030555354099721346,0.004140219835869821,0.00010043059357137402,0.00010043059357137422,1.0003012912296751,0.0004017204206172726,0.0004017204206172726,-2.0328790734103208e-19,1.808286759611346
1.2249752694728324,0.00017770576357162274,0.0002816981881941798,0.9994668821561958,-0.00071082501575246,-0.00071082501575246,0.00029351576259037724,0.00031534307483461045,0.00031534307483461045,0.004112605725649606,0.00010399242462255737,0.00010399242462255705,1.0003119767207784,0.00041596773702425917,0.00041596773702425917,3.2526065174565133e-19,1.8081767729671494
1.2272778545658265,0.00018335066487405467,0.000290870651035937,0.9994499474502057,-0.0007334046288541257,-0.0007334046288541257,0.0003029308263409021,0.00032507807993107507,0.00032507807993107507,0.004085169822687412,0.00010751998616188223,0.00010751998616188234,1.0003225594033134,0.00043007797528962235,0.00043007797528962235,-1.0842021724855044e-19,1.808067527848646
1.2295804396588206,0.00018895797627160524,0.00029997151310422784,0.9994331255138965,-0.0007558338824335168,-0.0007558338824335168,0.0003122823600309707,0.00033475894039954306,0.00033475894039954306,0.004057911068371051,0.00011101353683262253,0.0001110135368326226,1.000333040053209,0.00044405216998339456,0.00044405216998339456,-6.776263578034403e-20,1.8079590145687836
1.2318830247518144,0.0001945279395628149,0.00030900127300279663,0.9994164156218718,-0.0007781137436877782,-0.0007781137436877782,0.0003215707838524786,0.00034438603802402714,0.00034438603802402714,0.004030828401415031,0.00011447333343998164,0.00011447333343998173,1.0003434194408802,0.0004578913483234083,0.0004578913483234083,-9.486769009248164e-20,1.807851226926982
1.2341856098448085,0.00020006079510808932,0.00031796042606795755,0.9993998170530491,-0.0008002451740614429,-0.0008002451740614429,0.00033079651533511904,0.0003539597522621379,0.0003539597522621379,0.004003920763485234,0.00011789963095986834,0.00011789963095986823,1.000353698331253,0.00047159653021038733,0.00047159653021038733,1.0842021724855044e-19,1.807744159781516
1.2364881949378026,0.00020555678183485152,0.0003268494643854541,0.9993833290906454,-0.0008222291292670405,-0.0008222291292670405,0.0003399599693586905,0.0003634804602550797,0.0003634804602550797,0.003977187100871369,0.00012129268255060251,0.0001212926825506026,1.0003638774838017,0.000485168728274776,0.000485168728274776,-9.486769009248164e-20,1.807637808318983
1.2387907800307967,0.00021101613724402136,0.0003356688768094506,0.9993669510221569,-0.0008440665593110172,-0.0008440665593110172,0.0003490615581675722,0.0003729485368398308,0.0003729485368398308,0.003950626364966191,0.00012465273956542938,0.00012465273956542921,1.0003739576525852,0.0004986089479267851,0.0004986089479267851,1.6263032587282567e-19,1.807532167839749
1.2410933651237908,0.00021643909741686604,0.00034441914898205927,0.9993506821393388,-0.0008657584085211387,-0.0008657584085211387,0.00035810169138577024,0.0003823643545619106,0.0003823643545619106,0.003924237512393269,0.0001279800515651932,0.00012798005156519323,1.000383939586285,0.0005119181874070984,0.0005119181874070984,-2.710505431213761e-20,1.8074272336964075
1.2433959502167848,0.00022182589702194626,0.0003531007633529444,0.9993345217381846,-0.0008873056155742753,-0.0008873056155742753,0.0003670807760320743,0.00039172828368827745,0.00039172828368827745,0.0038980195050337006,0.00013127486633099806,0.00013127486633099814,1.0003938240282435,0.0005250974378375023,0.0005250974378375023,-8.131516293641283e-20,1.807323001276512
1.2456985353097787,0.00022717676932207894,0.00036171419919887025,0.9993184691189049,-0.0009087091135242545,-0.0009087091135242545,0.0003759992165351956,0.00040104069222022306,0.00040104069222022306,0.0038719713100243704,0.00013453742987679099,0.0001345374298767913,1.0004036117165014,0.0005381476832712265,0.0005381476832712265,-3.2526065174565133e-19,1.8072194659977638
1.2480011204027728,0.00023249194618129676,0.00037025993264316317,0.9993025235859068,-0.0009299698298297003,-0.0009299698298297003,0.00038485741474885186,0.0004103019459062336,0.0004103019459062336,0.003846091899748292,0.00013776798646186652,0.0001377679864618664,1.0004133033838363,0.0005510699007429524,0.0005510699007429524,1.0842021724855044e-19,1.8071166233066402
1.2503037054957669,0.00023777165807179043,0.000378738436675063,0.9992866844477728,-0.0009510886863818022,-0.0009510886863818022,0.00039365576996677694,0.00041951240825479155,0.00041951240825479155,0.0038203802518227917,0.00014096677860327237,0.00014096677860327259,1.000422899757798,0.0005638650603184499,0.0005638650603184499,-2.168404344971009e-19,1.8070144686779142
1.252606290588761,0.00024301613408084336,0.00038715018116898303,0.9992709510172404,-0.0009720665995320565,-0.0009720665995320565,0.0004023946789376727,0.0004286724405471381,0.0004286724405471381,0.0037948353490868843,0.00014413404708813995,0.00014413404708813967,1.0004324015607473,0.0005765341251438756,0.0005765341251438756,2.710505431213761e-19,1.8069129976144296
1.254908875681755,0.00024822560191774864,0.0003954956329036601,0.999255322611181,-0.000992904480119934,-0.000992904480119934,0.00041107453588008547,0.00043778240184997653,0.00043778240184997653,0.0037694561795883624,0.00014727003098591153,0.00014727003098591145,1.000441809509892,0.0005890780514947063,0.0005890780514947063,8.131516293641283e-20,1.8068122056469302
1.257211460774749,0.00025340028792071286,0.00040377525558120533,0.999239798550579,-0.0010136032335004966,-0.0010136032335004966,0.00041969573249721597,0.0004468426490281273,0.0004468426490281273,0.0037442417365706813,0.00015037496766049247,0.00015037496766049247,1.0004511243173226,0.0006014977888243248,0.0006014977888243248,6.251623038601747e-38,1.8067120883338965
1.2595140458677432,0.00025854041706374343,0.0004119895098460502,0.9992243781605119,-0.001034163759571948,-0.001034163759571948,0.0004282586579916585,0.0004558535367571277,0.0004558535367571277,0.0037191910184596107,0.0001534490927823064,0.00015344909278230674,1.0004603466900501,0.0006137942798122528,0.0006137942798122528,-3.5236570605778894e-19,1.806612641261402
1.261816630960737,0.000263646212963522,0.0004201388533037916,0.9992090607701287,-0.0010545869528031271,-0.0010545869528031271,0.0004367636990800715,0.0004648154175357817,0.0004648154175357817,0.0036943030288497498,0.00015649264034026952,0.00015649264034026957,1.00046947733004,0.0006259684604120392,0.0006259684604120392,-5.421010862427522e-20,1.8065138600429516
1.2641192160537311,0.0002687178978862631,0.0004282237405399384,0.9991938457126303,-0.0010748737022609452,-0.0010748737022609452,0.00044521124000778274,0.0004737286416986592,0.0004737286416986592,0.0036695767764908242,0.00015950584265367522,0.0001595058426536753,1.00047851693425,0.0006380212598988083,0.0006380212598988083,-8.131516293641283e-20,1.8064157403193395
1.2664218011467252,0.0002737556927545533,0.0004362446231385491,0.9991787323252481,-0.0010950248916377424,-0.0010950248916377424,0.00045360166256331827,0.0004825935574285365,0.0004825935574285365,0.003645011275273848,0.0001624889303839955,0.00016248893038399578,1.0004874661946637,0.000649953600916454,0.000649953600916454,-2.710505431213761e-19,1.8063182777584952
1.2687243862397193,0.0002787598171541782,0.0004442019497007763,0.9991637199492244,-0.001115041399278597,-0.001115041399278597,0.0004619353460928689,0.0004914105107687913,0.0004914105107687913,0.0036206055442170883,0.00016544213254659807,0.00016544213254659812,1.0004963257983266,0.0006617663995245084,0.0006617663995245084,-5.421010862427522e-20,1.8062214680553372
1.2710269713327134,0.00028373048934093127,0.0004520961658633069,0.999148807929791,-0.0011349240982085611,-0.0011349240982085611,0.00047021266751468655,0.0005001798456357419,0.0005001798456357419,0.0035963586074518935,0.00016836567652237557,0.00016836567652237563,1.000505096427381,0.0006734605652446665,0.0006734605652446665,-5.421010862427522e-20,1.8061253069316185
1.2733295564257074,0.0002886679262474063,0.0004599277143167026,0.9991339956161495,-0.0011546738561598324,-0.0011546738561598324,0.00047843400133341045,0.000508901903830935,0.000508901903830935,0.0035722694942083343,0.00017125978806929615,0.00017125978806929628,1.0005137787590996,0.0006850370011069779,0.0006850370011069779,-1.3552527156068805e-19,1.8060297901357827
1.2756321415187013,0.00029357234348977246,0.00046769703482364054,0.9991192823614509,-0.0011742915355988544,-0.0011742915355988544,0.0004865997196543259,0.0005175770250533792,0.0005175770250533792,0.0035483372388007096,0.0001741246913338679,0.00017412469133386808,1.0005223734659219,0.0006964966036957078,0.0006964966036957078,-1.8973538018496328e-19,1.8059349134428158
1.2779347266116954,0.0002984439553745348,0.0004754045642370579,0.9991046675227753,-0.0011937779937533596,-0.0011937779937533596,0.0004947101921975578,0.0005262055469117319,0.0005262055469117319,0.0035245608806128916,0.00017696060886252308,0.0001769606088625231,1.0005308812154865,0.0007078402631948721,0.0007078402631948721,-2.710505431213761e-20,1.8058406726540999
1.2802373117046895,0.00030328297490527244,0.00048305073651818965,0.9990901504611112,-0.001213134082639323,-0.001213134082639323,0.0005027657863121876,0.000534787804936423,0.000534787804936423,0.0035009394640835374,0.0001797677616129168,0.0001797677616129172,1.0005393026706657,0.0007190688634334357,0.0007190688634334357,-4.0657581468206416e-19,1.805747063597262
1.2825398967976835,0.0003080896137893643,0.000490635982754516,0.999075730541336,-0.001232360649087866,-0.001232360649087866,0.0005107668669903116,0.0005433241325917374,0.0005433241325917374,0.003477472038691142,0.00018254636896515193,0.00018254636896515174,1.0005476384895995,0.0007301832819301981,0.0007301832819301981,1.8973538018496328e-19,1.805654082126031
1.2848424818906776,0.00031286408244469353,0.0004981607311776068,0.9990614071321957,-0.001251458534772076,-0.001251458534772076,0.000518713796881025,0.0005518148612878375,0.0005518148612878375,0.0034541576589389466,0.00018529664873291328,0.0001852966487329133,1.0005558893257285,0.0007411843899383513,0.0007411843899383513,-2.710505431213761e-20,1.8055617241200939
1.2871450669836717,0.00031760659000633655,0.00050562540718087,0.9990471796062846,-0.0012704285762337605,-0.0012704285762337605,0.0005266069363043419,0.0005602603203927367,0.0005602603203927367,0.0034309953843397406,0.00018801881717453355,0.00018801881717453342,1.0005640558278273,0.0007520730524897194,0.0007520730524897194,1.3552527156068805e-19,1.8054699854849452
1.2894476520766656,0.0003223173443332307,0.0005130304333372006,0.9990330473400254,-0.0012892716049101218,-0.0012892716049101218,0.0005344466432650431,0.0005686608372442184,0.0005686608372442184,0.0034079842794004834,0.00019071308900397004,0.0001907130890039699,1.000572138640037,0.0007628501284386805,0.0007628501284386805,1.3552527156068805e-19,1.80537886215175
1.2917502371696596,0.00032699655201482797,0.0005203762294165371,0.9990190097136493,-0.0013079884471603703,-0.0013079884471603703,0.0005422332734664634,0.0005770167371617065,0.0005770167371617065,0.003385123413606836,0.0001933796774017091,0.00019337967740170914,1.0005801384018989,0.0007735164705057781,0.0007735164705057781,-5.421010862427522e-20,1.805288350077197
1.2940528222626537,0.0003316444183777239,0.0005276632124033138,0.9990050661111762,-0.001326579924292243,-0.001326579924292243,0.0005499671803242018,0.0005853283434580753,0.0005853283434580753,0.0033624118614075916,0.00019601879402558989,0.00019601879402558997,1.0005880557483862,0.0007840729253210123,0.0007840729253210123,-8.131516293641283e-20,1.8051984452433445
1.2963554073556478,0.0003362611474922735,0.0005348917965138236,0.9989912159203946,-0.0013450468525884663,-0.0013450468525884663,0.0005576487149797732,0.0005935959774514156,0.0005935959774514156,0.003339848702198883,0.00019863064902155003,0.00019863064902155003,1.0005958913099362,0.0007945203334668279,0.0007945203334668279,2.1875861574996763e-38,1.805109143657501
1.2986579924486419,0.00034084694217918467,0.0005420623932134808,0.998977458532842,-0.0013633900433331304,-0.0013633900433331304,0.0005652782263141873,0.0006018199584767434,0.0006018199584767434,0.0033174330203083794,0.00020121545103429618,0.00020121545103429615,1.0006036457124825,0.0008048595295207929,0.0008048595295207929,2.710505431213761e-20,1.8050204413520632
1.300960577541636,0.00034540200401609336,0.0005491754112339908,0.9989637933437852,-0.0013816103028379922,-0.0013816103028379922,0.0005728560609614633,0.000610000603897657,0.000610000603897657,0.003295163904979335,0.00020377340721789734,0.00020377340721789745,1.000611319577487,0.000815091342097971,0.000815091342097971,-1.0842021724855044e-19,1.8049323343843782
1.30326316263463,0.0003499265333441193,0.0005562312565904222,0.9989502197522004,-0.0013997084324686986,-0.0013997084324686986,0.000580382563322076,0.0006181382291179428,0.0006181382291179428,0.0032730404503544994,0.00020630472324630305,0.0002063047232463029,1.0006189135219716,0.0008252165938929903,0.0008252165938929903,1.6263032587282567e-19,1.804844818836606
1.305565747727624,0.0003544207292744018,0.0005632303325981852,0.998936737160754,-0.001417685228670928,-0.001417685228670928,0.0005878580755763354,0.0006262331475931262,0.0006262331475931262,0.003251061755459922,0.000208809603323783,0.00020880960332378336,1.0006264281585486,0.0008352361017218127,0.0008352361017218127,-3.5236570605778894e-19,1.8047578908155821
1.307868332820618,0.0003588847896946171,0.000570173039889918,0.9989233449757827,-0.0014355414829964645,-0.0014355414829964645,0.0005952829376977021,0.0006342856708419752,0.0006342856708419752,0.00322922692418871,0.0002112882501953007,0.00021128825019530085,1.0006338640954524,0.0008451506765632074,0.0008451506765632074,-1.6263032587282567e-19,1.8046715464526701
1.310170917913612,0.00036331891127547273,0.000577059776432273,0.9989100426072741,-0.001453277982129173,-0.001453277982129173,0.0006026574874660306,0.0006422961084579432,0.0006422961084579432,0.0032075350652846038,0.00021374086515680023,0.00021374086515680023,1.000641221936571,0.0008549611235999189,0.0008549611235999189,9.857246084868417e-39,1.8045857819036242
1.3124735030066061,0.0003677232894771849,0.0005838909375426149,0.9988968294688471,-0.0014708955079109102,-0.0014708955079109102,0.0006099820604807519,0.000650264768120568,0.000650264768120568,0.0031859852923255176,0.00021616764806543012,0.00021616764806543006,1.0006485022814748,0.0008646682422595495,0.0008646682422595495,5.421010862427522e-20,1.804500593348457
1.3147760880996002,0.0003720981185559337,0.000590666915905624,0.998883704977733,-0.0014883948373673474,-0.0014883948373673474,0.000617256990173987,0.0006581919556068133,0.0006581919556068133,0.003164576723706953,0.00021856879734969046,0.00021856879734969033,1.00065570572545,0.0008742728262551487,0.0008742728262551487,1.3552527156068805e-19,1.8044159769912895
1.3170786731925943,0.00037644359157029927,0.0005973881015898055,0.998870668554756,-0.0015057767427337138,-0.0015057767427337138,0.0006244826078235952,0.0006660779748023603,0.0006660779748023603,0.0031433084826253117,0.00022094451001950598,0.00022094451001950622,1.0006628328595255,0.0008837756636255081,0.0008837756636255081,-2.439454888092385e-19,1.8043319290602273
1.3193812582855882,0.0003807599003876748,0.0006040548820639059,0.9988577196243136,-0.0015230419914804506,-0.0015230419914804506,0.0006316592425661548,0.0006739231277128448,0.0006739231277128448,0.0031221796970611606,0.00022329498167623154,0.0002232949816762311,1.0006698842705053,0.0008931775367751729,0.0008931775367751729,4.336808689942018e-19,1.8042484458072112
1.3216838433785822,0.0003850472356906635,0.0006106676422132416,0.9988448576143577,-0.0015401913463387994,-0.0015401913463387994,0.0006387872214098835,0.0006817277144750479,0.0006817277144750479,0.0031011894997623516,0.00022562040652257827,0.00022562040652257813,1.0006768605409975,0.0009024792225141671,0.0009024792225141671,1.3552527156068805e-19,1.8041655235078906
1.3239864284715763,0.00038930578698344803,0.0006172267643559282,0.9988320819563756,-0.0015572255653262803,-0.0015572255653262803,0.0006458668692474837,0.0006894920333680243,0.0006894920333680243,0.0030803370282271253,0.0002279209773724801,0.00022792097737248015,1.0006837622494433,0.0009116814920974324,0.0009116814920974324,-5.421010862427522e-20,1.8040831584614792
1.3262890135645704,0.0003935357425981448,0.0006237326282590248,0.998819392085371,-0.0015741454017721098,-0.0015741454017721098,0.0006528985088689319,0.0006972163808241882,0.0006972163808241882,0.003059621424687076,0.00023019688566088014,0.00023019688566087998,1.000690589970148,0.0009207851112639893,0.0009207851112639893,1.6263032587282567e-19,1.8040013469906266
1.3285915986575645,0.0003977372897011341,0.0006301856111545847,0.9988067874398443,-0.001590951604342522,-0.001590951604342522,0.0006598824609741967,0.0007049010514403435,0.0007049010514403435,0.003039041836090074,0.0002324483214534505,0.00023244832145345062,1.000697344273308,0.000929790840275817,0.000929790840275817,-1.0842021724855044e-19,1.8039200854412774
1.3308941837505586,0.0004019106142993696,0.000636586087755616,0.9987942674617748,-0.0016076449170660072,-0.0016076449170660072,0.0006668190441858955,0.0007125463379886612,0.0007125463379886612,0.003018597414083079,0.0002346754734562463,0.00023467547345624637,1.0007040257250417,0.0009386994339564568,0.0009386994339564568,-8.131516293641283e-20,1.803839370182546
1.3331967688435526,0.0004060559012466665,0.0006429344302719515,0.9987818315966006,-0.0016242260793584656,-0.0016242260793584656,0.0006737085750618835,0.0007201525314276068,0.0007201525314276068,0.002998287314994939,0.0002368785290252853,0.000236878529025285,1.0007106348874164,0.0009475116417293403,0.0009475116417293403,2.981555974335137e-19,1.8037591976065728
1.3354993539365465,0.00041017333424996734,0.0006492310084260282,0.998769479293201,-0.0016406958260482703,-0.0016406958260482703,0.0006805513681077785,0.0007277199209128133,0.0007277199209128133,0.0029781106998190703,0.00023905767417606088,0.00023905767417606088,1.0007171723184791,0.0009562282076558425,0.0009562282076558425,-9.441707025320915e-39,1.803679564128395
1.3378019390295406,0.0004142630958755887,0.0006554761894685811,0.998757210003877,-0.0016570548874012558,-0.0016570548874012558,0.0006873477357894248,0.0007352487938079077,0.0007352487938079077,0.0029580667341960578,0.00024121309359299218,0.0002412130935929924,1.0007236385722826,0.0009648498704730687,0.0009648498704730687,-2.168404344971009e-19,1.80360046618582
1.3401045241225347,0.0004183253675554414,0.0006616703381942411,0.9987450231843326,-0.001673303989145598,-0.001673303989145598,0.0006940979885452855,0.0007427394356952781,0.0007427394356952781,0.002938154588396268,0.00024334497063879955,0.0002433449706387997,1.0007300341989154,0.0009733773636313664,0.0009733773636313664,-1.3552527156068805e-19,1.803521900239284
1.3424071092155287,0.00042236032959323344,0.0006678138169570501,0.9987329182936566,-0.0016894438524966285,-0.0016894438524966285,0.0007008024347987775,0.000750192130386796,0.000750192130386796,0.0029183734373023,0.00024545348736381675,0.0002454534873638167,1.0007363597445278,0.000981811415331572,0.000981811415331572,5.421010862427522e-20,1.8034438627717302
1.3447096943085228,0.0004263681611706485,0.0006739069856858856,0.998720894794304,-0.0017054751941815468,-0.0017054751941815468,0.0007074613809705387,0.000757607159934484,0.000757607159934484,0.00289872246039148,0.0002475388245152374,0.0002475388245152371,1.0007426157513617,0.0009901527485619956,0.0009901527485619956,2.710505431213761e-19,1.80336635028847
1.347012279401517,0.0004303490403535029,0.000679950201899797,0.9987089521520773,-0.0017213987264640513,-0.0017213987264640513,0.0007140751314906325,0.0007649848046411327,0.0007649848046411327,0.0028792008417182096,0.00024960116154629426,0.00024960116154629415,1.0007488027577767,0.0009984020811351368,0.0009984020811351368,1.0842021724855044e-19,1.8032893593170598
1.3493148644945108,0.0004343031440978797,0.0006859438207232548,0.9986970898361083,-0.0017372151571688737,-0.0017372151571688737,0.000720643988810688,0.0007723253430708654,0.0007723253430708654,0.0028598077698963223,0.0002516406766253751,0.0002516406766253751,1.000754921298278,0.0010065601257241456,0.0010065601257241456,-1.861304180531939e-38,1.8032128864071626
1.3516174495875048,0.00043823064825624275,0.0006918881949013144,0.9986853073188393,-0.0017529251897062384,-0.0017529251897062384,0.0007271682534159798,0.0007796290520596551,0.0007796290520596551,0.0028405424380813418,0.00025365754664507145,0.0002536575466450716,1.0007609719035433,0.001014627589899019,0.001014627589899019,-1.6263032587282567e-19,1.8031369281304315
1.353920034680499,0.0004421317275835242,0.0006977836748146878,0.9986736040760057,-0.001768529523096211,-0.001768529523096211,0.0007336482238374375,0.0007868962067257839,0.0007868962067257839,0.002821404043952738,0.00025565194723116327,0.00025565194723116365,1.0007669551004497,0.0010226051761625405,0.0010226051761625405,-3.7947076036992655e-19,1.80306148108037
1.356222619773493,0.0004460065557431936,0.0007036306084947356,0.9986619795866171,-0.001784028851992976,-0.001784028851992976,0.0007400841966636,0.0007941270804802574,0.0007941270804802574,0.0028023917896961006,0.0002576240527515416,0.00025762405275154204,1.0007728714121014,0.0010304935819859665,0.0010304935819859665,-4.336808689942018e-19,1.8029865418722124
1.358525204866487,0.0004498553053133019,0.0007094293416383684,0.9986504333329391,-0.0017994238667090139,-0.0017994238667090139,0.0007464764665525021,0.0008013219450371653,0.0008013219450371653,0.0027835048819852886,0.00025957403632506675,0.00025957403632506654,1.0007787213578543,0.00103829349984446,0.00103829349984446,2.168404344971009e-19,1.8029121071427905
1.3608277899594812,0.00045367814779250426,0.0007151802176228641,0.9986389648004762,-0.0018147152532391915,-0.0018147152532391915,0.0007528253262434996,0.0008084810704239915,0.0008084810704239915,0.0027647425319645294,0.00026150206983035964,0.00026150206983035986,1.0007845054533449,0.001046005617252265,0.001046005617252265,-2.168404344971009e-19,1.80283817355041
1.3631303750524753,0.0004574752536060588,0.0007208835775206001,0.9986275734779523,-0.0018299036932847594,-0.0018299036932847594,0.000759131066569033,0.0008156047249918742,0.0008156047249918742,0.0027461039552304643,0.0002634083239145415,0.0002634083239145413,1.000790224210514,0.001053630616797641,0.001053630616797641,1.6263032587282567e-19,1.8027647377747265
1.365432960145469,0.0004612467921118029,0.0007265397601136992,0.9986162588572941,-0.0018449898642772563,-0.0018449898642772563,0.0007653939764663256,0.0008226931754258131,0.0008226931754258131,0.0027275883718141823,0.0002652929680018965,0.0002652929680018963,1.0007958781376352,0.0010611691761775405,0.0010611691761775405,2.168404344971009e-19,1.8026917965166185
1.3677355452384632,0.00046499293160610846,0.0007321491019085949,0.9986050204336124,-0.0018599744394023308,-0.0018599744394023308,0.0007716143429890254,0.0008297466867548309,0.0008297466867548309,0.0027091950061632186,0.0002671561703024869,0.00026715617030248647,1.0008014677393382,0.0010686219682320489,0.0010686219682320489,4.336808689942018e-19,1.8026193464980558
1.3700381303314573,0.0004687138393298101,0.0007377119371505064,0.9985938577051849,-0.0018748580876234559,-0.0018748580876234559,0.0007777924513187775,0.0008367655223620772,0.0008367655223620772,0.002690923087123478,0.0002689980978206964,0.00026899809782069637,1.0008069935166364,0.00107598966097857,0.00107598966097857,5.421010862427522e-20,1.8025473844619933
1.3723407154244514,0.0004724096814741146,0.0007432285978378354,0.998582770173438,-0.0018896414737055649,-0.0018896414737055649,0.0007839285847767405,0.0008437499439948883,0.0008437499439948883,0.0026727718479212037,0.000270818916363721,0.00027081891636372083,1.0008124559669516,0.0010832729176457768,0.0010832729176457768,1.6263032587282567e-19,1.8024759071722223
1.3746433005174454,0.0004760806231864846,0.0007486994137364764,0.9985717573429294,-0.0019043252582385884,-0.0019043252582385884,0.0007900230248350397,0.0008507002117747942,0.0008507002117747942,0.002654740526144804,0.0002726187905499921,0.0002726187905499918,1.0008178555841387,0.0010904723967073173,0.0010904723967073173,2.710505431213761e-19,1.802404911413272
1.3769458856104395,0.00047972682857650004,0.0007541247123940459,0.9985608187213304,-0.001918910097660901,-0.001918910097660901,0.000796076051128158,0.0008576165842074753,0.0008576165842074753,0.0026368283637267956,0.0002743978838175459,0.00027439788381754585,1.0008231928585125,0.0010975887519152825,0.0010975887519152825,5.421010862427522e-20,1.8023343939902683
1.3792484707034334,0.0004833484607216959,0.0007595048191540269,0.9985499538194086,-0.0019333966442826715,-0.0019333966442826715,0.0008020879414642661,0.000864499318192669,0.000864499318192669,0.002619034606925585,0.0002761563584323312,0.00027615635843233097,1.0008284682768707,0.001104622632333436,0.001104622632333436,2.168404344971009e-19,1.8022643517288228
1.3815510557964275,0.00048694568167337874,0.000764840057169835,0.99853916215101,-0.001947785546309129,-0.001947785546309129,0.000808058971836495,0.0008713486690340294,0.0008713486690340294,0.0026013585063073075,0.0002778943754964563,0.00027789437549645624,1.0008336823225195,0.0011115746823702108,0.0011115746823702108,5.421010862427522e-20,1.8021947814749095
1.3838536408894215,0.0004905186524624154,0.0007701307474187967,0.9985284432330422,-0.0019620774478637214,-0.0019620774478637214,0.0008139894164341405,0.0008781648904489316,0.0008781648904489316,0.0025837993167276375,0.00027961209495638135,0.00027961209495638135,1.0008388354752986,0.0011184455418114655,0.0011184455418114655,-3.7881808213319394e-38,1.8021256800947394
1.3861562259824156,0.000494067533105003,0.0007753772087160518,0.9985177965854569,-0.0019762729890111914,-0.0019762729890111914,0.0008198795476538147,0.0008849482345782307,0.0008849482345782307,0.002566356297313543,0.00028130967561104843,0.00028130967561104875,1.000843928211605,0.0011252358458530157,0.0011252358458530157,-3.2526065174565133e-19,1.8020570444746458
1.3884588110754097,0.000497592482608413,0.0007805797577283718,0.9985072217312323,-0.001990372805780557,-0.001990372805780557,0.0008257296361105326,0.0008916989519959708,0.0008916989519959708,0.00254902871144506,0.0002829872751199587,0.0002829872751199588,1.0008489610044173,0.00113194622513293,0.00113194622513293,-5.421010862427522e-20,1.8019888715209622
1.3907613961684038,0.0005010936589767127,0.0007857387089878991,0.9984967181963562,-0.002004377530187995,-0.002004377530187995,0.000831539950648741,0.000898417291719043,0.000898417291719043,0.0025318158267370414,0.0002846450500111862,0.0002846450500111864,1.0008539343233198,0.0011385773057636015,0.0011385773057636015,-2.168404344971009e-19,1.8019211581599024
1.3930639812613976,0.0005045712192164621,0.0007908543749058039,0.9984862855098092,-0.002018287790259632,-0.002018287790259632,0.0008373107583532855,0.0009051035012167948,0.0009051035012167948,0.0025147169150208735,0.000286283155689342,0.00028628315568934176,1.0008588486345267,0.0011451297093635834,0.0011451297093635834,2.168404344971009e-19,1.8018539013374473
1.3953665663543917,0.0005080253193423898,0.0007959270657858642,0.9984759232035474,-0.0020321042100542456,-0.0020321042100542456,0.0008430423245603211,0.0009117578264205928,0.0009117578264205928,0.002497731252326205,0.00028790174644347416,0.0002879017464434743,1.000863704400905,0.001151604053089211,0.001151604053089211,-1.6263032587282567e-19,1.8017870980192159
1.3976691514473858,0.0005114561143830413,0.0008009570898379624,0.9984656308124851,-0.0020458274096858595,-0.0020458274096858595,0.0008487349128681582,0.0009183805117333307,0.0009183805117333307,0.0024808581188626505,0.00028950097545492104,0.0002895009754549211,1.000868502081999,0.0011580009496659901,0.0011580009496659901,-5.421010862427522e-20,1.801720745190363
1.3999717365403799,0.0005148637583864074,0.0008059447531915059,0.9984554078744786,-0.0020594580053462557,-0.0020594580053462557,0.0008543887851480542,0.000924971800038894,0.000924971800038894,0.002464096799001502,0.0002910809948050985,0.0002910809948050984,1.0008732421340532,0.0011643210074197678,0.0011643210074197678,1.0842021724855044e-19,1.8016548398554506
1.402274321633374,0.0005182484044255269,0.0008108903599087675,0.9984452539303089,-0.00207299660932739,-0.00207299660932739,0.0008600042015549432,0.000931531932711573,0.000931531932711573,0.0024474465812574136,0.0002926419554832406,0.00029264195548324055,1.0008779250100353,0.00117056483030768,0.00117056483030768,5.421010862427522e-20,1.8015893790383362
1.404576906726368,0.0005216102046040664,0.0008157942119981474,0.9984351685236653,-0.0020864438300437064,-0.0020864438300437064,0.0008655814205381089,0.0009380611496254286,0.0009380611496254286,0.0024309067582700843,0.0002941840073940813,0.0002941840073940811,1.0008825511596597,0.0011767330179488834,0.0011767330179488834,2.168404344971009e-19,1.8015243597820545
1.4068794918193621,0.0005249493100618764,0.0008206566094273577,0.9984251512011284,-0.0020998002720543653,-0.0020998002720543653,0.0008711206988517971,0.0009445596891636083,0.0009445596891636083,0.002414476626785955,0.000295707299365481,0.0002957072993654813,1.0008871210294106,0.0011828261656550653,0.0011828261656550653,-2.710505431213761e-19,1.801459779148713
1.409182076912356,0.0005282658709805225,0.0008254778501365274,0.9984152015121538,-0.002113066536085369,-0.002113066536085369,0.0008766222915657698,0.0009510277882276143,0.0009510277882276143,0.0023981554876398893,0.0002972119791560051,0.0002972119791560049,1.0008916350625634,0.0011888448644607405,0.0011888448644607405,2.168404344971009e-19,1.8013956342193604
1.41148466200535,0.0005315600365887962,0.0008302582300512345,0.9984053190090552,-0.0021262432190516005,-0.0021262432190516005,0.0008820864520758042,0.000957465682246526,0.000957465682246526,0.0023819426457368487,0.00029869819346243836,0.00029869819346243836,1.0008960936992088,0.0011947897011533376,0.0011947897011533376,-5.002406351962142e-38,1.8013319220938855
1.4137872470983441,0.0005348319551681961,0.0008349980430954543,0.9983955032469881,-0.002139330914078757,-0.002139330914078757,0.0008875134321141286,0.0009638736051861682,0.0009638736051861682,0.0023658374100335917,0.00030016608792725796,0.0003001660879272582,1.0009004973762745,0.00120066125830306,0.00120066125830306,-2.168404344971009e-19,1.801268639890899
1.4160898321913382,0.000538081774058392,0.0008396975812044373,0.9983857537839341,-0.002152330210525197,-0.002152330210525197,0.000892903481759805,0.0009702517895582377,0.0009702517895582377,0.002349839093520332,0.0003016158071460451,0.0003016158071460453,1.0009048465275474,0.001206460114292552,0.001206460114292552,-2.168404344971009e-19,1.801205784747624
1.4183924172843323,0.00054130963966266,0.0008443571343375079,0.9983760701806834,-0.00216524169400369,-0.00216524169400369,0.0008982568494490521,0.000976600466429379,0.000976600466429379,0.002333947013202465,0.00030304749467484804,0.00030304749467484793,1.000909141583696,0.0012121868433463416,0.0012121868433463416,1.0842021724855044e-19,1.8011433538197783
1.4206950023773264,0.0005445156974532968,0.0008489769904907879,0.9983664520008195,-0.0021780659464030678,-0.0021780659464030678,0.0009035737819855114,0.0009829198654302135,0.0009829198654302135,0.002318160490082235,0.0003044612930374913,0.0003044612930374911,1.0009133829722918,0.0012178420155600838,0.0012178420155600838,2.168404344971009e-19,1.8010813442814713
1.4229975874703202,0.0005477000919770085,0.0008535574357098439,0.9983568988107023,-0.0021908035459097825,-0.0021908035459097825,0.000908854524550456,0.0009892102147643187,0.0009892102147643187,0.0023024788491404543,0.0003058573437328354,0.00030585734373283536,1.000917571117832,0.001223426196929593,0.001223426196929593,5.421010862427522e-20,1.8010197533250842
1.4253001725633143,0.0005508629668602779,0.0008580987541022617,0.9983474101794528,-0.002203455067029376,-0.002203455067029376,0.0009140993207129442,0.000995471741217166,0.000995471741217166,0.0022869014193182134,0.0003072357872419835,0.00030723578724198384,1.0009217064417597,0.0012289399493796709,0.0012289399493796709,-3.2526065174565133e-19,1.8009585781611612
1.4276027576563084,0.0005540044648147038,0.0008626012278501428,0.9983379856789364,-0.0022160210806078397,-0.0022160210806078397,0.0009193084124399129,0.0010017046701650027,0.0010017046701650027,0.0022714275334985955,0.0003085967630354391,0.00030859676303543894,1.0009257893624868,0.0012343838307927314,0.0012343838307927314,1.6263032587282567e-19,1.800897816018305
1.4299053427493025,0.0005571247276423213,0.0008670651372225282,0.9983286248837471,-0.0022285021538528903,-0.0022285021538528903,0.0009244820401062177,0.0010079092255836943,0.0010079092255836943,0.0022560565284884147,0.00030994040958020675,0.00030994040958020697,1.0009298202954147,0.0012397583950372226,0.0012397583950372226,-2.168404344971009e-19,1.8008374641430633
1.4322079278422966,0.0005602238962408949,0.0008714907605877498,0.998319327371192,-0.0022408988503551477,-0.0022408988503551477,0.0009296204425046165,0.0010140856300575166,0.0010140856300575166,0.002240787744999963,0.0003112668643468551,0.000311266864346855,1.0009337996529553,0.0012450641919958517,0.0012450641919958517,1.0842021724855044e-19,1.800777519799822
1.4345105129352906,0.000563302110609189,0.0008758783744257045,0.998310092721275,-0.0022532117301092168,-0.0022532117301092168,0.0009347238568556952,0.0010202341047879015,0.0010202341047879015,0.0022256205276327693,0.00031257626381651536,0.00031257626381651546,1.0009377278445521,0.0012503017675936012,0.0012503017675936012,-1.0842021724855044e-19,1.800717980270691
1.4368130980282845,0.0005663595098522148,0.0008802282533400577,0.9983009205166814,-0.0022654413495346725,-0.0022654413495346725,0.0009397925188177393,0.0010263548696021355,0.0010263548696021355,0.002210554224855366,0.0003138687434878428,0.00031386874348784293,1.0009416052767015,0.0012554716638255585,0.0012554716638255585,-1.0842021724855044e-19,1.8006588428554053
1.4391156831212786,0.0005693962321864537,0.0008845406700703747,0.9982918103427619,-0.002277588261496956,-0.002277588261496956,0.0009448266624965511,0.0010324481429620153,0.0010324481429620153,0.002195588188987082,0.000315144437883921,0.000315144437883921,1.000945432352973,0.0012605744187845426,0.0012605744187845426,-5.971006270627659e-38,1.8006001048712135
1.4414182682142727,0.0005724124149450547,0.0008888158955041754,0.9982827617875176,-0.0022896530153281654,-0.0022896530153281654,0.0009498265204552078,0.0010385141419724509,0.0010385141419724509,0.0021807217761798605,0.0003164034805591208,0.00031640348055912075,1.0009492094740302,0.0012656105666885363,0.0012656105666885363,5.421010862427522e-20,1.8005417636527712
1.4437208533072667,0.0005754081945830104,0.0008930541986889213,0.9982737744415835,-0.0023016361568477576,-0.0023016361568477576,0.0009547923237237675,0.0010445530823900272,0.0010445530823900272,0.0021659543464000812,0.00031764600410591075,0.0003176460041059109,1.0009529370376502,0.0012705806379079278,0.0012705806379079278,-1.6263032587282567e-19,1.8004838165520325
1.4460234384002608,0.0005783837066823092,0.0008972558468439281,0.9982648478982141,-0.002313538228383158,-0.002313538228383158,0.0009597243018089205,0.0010505651786315198,0.0010505651786315198,0.002151285263410402,0.00031887214016161907,0.00031887214016161896,1.000956615438746,0.0012754851589925546,0.0012754851589925546,1.0842021724855044e-19,1.8004262609381496
1.448326023493255,0.0005813390859570613,0.0009014211053722079,0.9982559817532674,-0.0023253597687902675,-0.0023253597687902675,0.0009646226827035845,0.0010565506437823617,0.0010565506437823617,0.0021367138947516284,0.0003200820194151467,0.00032008201941514664,1.000960245069384,0.0012803246526985643,0.0012803246526985643,5.421010862427522e-20,1.8003690941973658
1.450628608586249,0.0005842744662586041,0.0009055502378722399,0.9982471756051895,-0.0023371013134738804,-0.0023371013134738804,0.0009694876928964455,0.0010625096896050676,0.0010625096896050676,0.0021222396117246078,0.0003212757716136359,0.0003212757716136358,1.0009638263188063,0.0012850996380150792,0.0012850996380150792,5.421010862427522e-20,1.8003123137329096
1.4529311936792428,0.000587189980580581,0.0009096435061496696,0.998238429055,-0.0023487633944080048,-0.0023487633944080048,0.0009743195573814459,0.00106844252654761,0.00106844252654761,0.0021078617893721457,0.00032245352556908846,0.00032245352556908857,1.000967359573449,0.0012898106301906737,0.0012898106301906737,-1.0842021724855044e-19,1.8002559169648926
1.455233778772237,0.0005900857610639996,0.0009137011702289404,0.998229741706276,-0.002360346540156089,-0.002360346540156089,0.0009791184996672184,0.0010743493637517536,0.0010743493637517536,0.0020935798064609322,0.0003236154091649405,0.0003236154091649407,1.0009708452169628,0.0012944581407596726,0.0012944581407596726,-2.168404344971009e-19,1.8001999013302044
1.457536363865231,0.0005929619390022624,0.0009177234883648507,0.9982211131651377,-0.00237185127589115,-0.00237185127589115,0.0009838847417864632,0.001080230409061339,0.001080230409061339,0.0020793930454635146,0.00032476154936258826,0.0003247615493625883,1.0009742836302322,0.0012990426775682526,0.0012990426775682526,-5.421010862427522e-20,1.800144264282411
1.459838948958225,0.0005958186448461767,0.000921710717054045,0.9982125430402329,-0.0023832781234158136,-0.0023832781234158136,0.000988618504305276,0.0010860858690305269,0.0010860858690305269,0.002065300892540292,0.00032589207220786815,0.0003258920722078683,1.000977675191395,0.0013035647448003665,0.0013035647448003665,-1.6263032587282567e-19,1.8000890032916554
1.4621415340512192,0.0005986560082089404,0.0009256631110464347,0.9982040309427224,-0.002394627601182253,-0.002394627601182253,0.000993320006332421,0.0010919159489319943,0.0010919159489319943,0.0020513027375215153,0.0003270071028374942,0.0003270071028374943,1.0009810202758618,0.0013080248430034857,0.0013080248430034857,-1.0842021724855044e-19,1.8000341158445516
1.4644441191442132,0.000601474157871103,0.0009295809233565489,0.9981955764862648,-0.0024059002243120393,-0.0024059002243120393,0.0009979894655285488,0.0010977208527650866,0.0010977208527650866,0.002037397973889355,0.0003281067654854459,0.00032810676548544596,1.0009843192563344,0.0013124234691141564,0.0013124234691141564,-5.421010862427522e-20,1.799979599444083
1.466746704237207,0.000604273221785504,0.0009334644052748177,0.9981871792870018,-0.0024170965046158895,-0.0024170965046158895,0.0010026270981153653,0.0011035007832639252,0.0011035007832639252,0.002023585998759968,0.00032919118348931353,0.00032919118348931364,1.0009875725028263,0.0013167611164833812,0.0013167611164833812,-1.0842021724855044e-19,1.7999254516095058
1.4690492893302012,0.0006070533270821882,0.0009373138063787876,0.998178838963544,-0.002428216950613332,-0.002428216950613332,0.0010072331188847455,0.0011092559419054729,0.0011092559419054729,0.0020098662128655927,0.0003302604792965994,0.00033026047929659934,1.0009907803826803,0.0013210382749018184,0.0013210382749018184,5.421010862427522e-20,1.7998716698762465
1.4713518744231953,0.0006098146000732954,0.0009411293745442668,0.998170555136955,-0.002439262067552264,-0.002439262067552264,0.0010118077412077948,0.0011149865289175496,0.0011149865289175496,0.001996238020536709,0.00033131477447097117,0.0003313147744709714,1.0009939432605877,0.0013252554306248032,0.0013252554306248032,-2.168404344971009e-19,1.7998182517958004
1.4736544595161893,0.0006125571662579282,0.0009449113559564051,0.9981623274307377,-0.002450232357428424,-0.002450232357428424,0.0010163511770438591,0.0011206927432868099,0.0011206927432868099,0.001982700829684187,0.000332354189698477,0.00033235418969847685,1.000997061498607,0.0013294130663971961,0.0013294130663971961,1.6263032587282567e-19,1.7997651949356406
1.4759570446091834,0.0006152811503269968,0.0009486599951207061,0.99815415547082,-0.00246112831900477,-0.00246112831900477,0.0010208636369494837,0.0011263747827666734,0.0011263747827666734,0.001969254051781513,0.00033337884479370933,0.00033337884479370933,1.0010001354561822,0.0013335116614780545,0.0013335116614780545,-6.941850358179615e-38,1.7997124968791072
1.4782596297021775,0.0006179866761680386,0.000952375534873972,0.9981460388855394,-0.0024719504478307596,-0.0024719504478307596,0.0010253453300873184,0.0011320328438852126,0.0011320328438852126,0.0019558971018470046,0.0003343888587059334,0.0003343888587059334,1.0010031654901614,0.0013375516916651286,0.0013375516916651286,-6.991857528999867e-38,1.799660155225319
1.4805622147951716,0.0006206738668700158,0.0009560582163951821,0.9981379773056296,-0.002482699236261538,-0.002482699236261538,0.0010297964642349727,0.0011376671219529965,0.0011376671219529965,0.0019426293984260968,0.00033538434952516634,0.0003353843495251663,1.0010061519548152,0.0013415336293191903,0.0013415336293191903,5.421010862427522e-20,1.7996081675890763
1.4828647998881654,0.0006233428447280888,0.000959708279216305,0.9981299703642051,-0.002493375173477037,-0.002493375173477037,0.001034217245793819,0.001143277811070891,0.001143277811070891,0.0019294503635736556,0.00033636543448821617,0.00033636543448821617,1.001009095201854,0.001345457943388183,0.001345457943388183,-7.088420773710378e-38,1.7995565316007536
1.4851673849811595,0.0006259937312483676,0.0009633259612330463,0.9981220176967482,-0.002503978745500973,-0.002503978745500973,0.0010386078797977474,0.0011488651041378182,0.0011488651041378182,0.0019163594228363038,0.00033733222998467895,0.00033733222998467874,1.0010119955804473,0.0013493250994312121,0.0013493250994312121,2.168404344971009e-19,1.799505244906215
1.4874699700741536,0.0006286266471526368,0.0009669114987155274,0.9981141189410939,-0.0025145104352197563,-0.0025145104352197563,0.001042968569921864,0.0011544291928584673,0.0011544291928584673,0.001903356005234829,0.00033828485156289073,0.0003382848515628906,1.0010148534372405,0.0013531355596423534,0.0013531355596423534,1.0842021724855044e-19,1.7994543051667122
1.4897725551671477,0.0006312417123830613,0.0009704651263189035,0.9981062737374159,-0.0025249707224013064,-0.0025249707224013064,0.0010472995184911446,0.0011599702677509685,0.0011599702677509685,0.0018904395432465834,0.000339223413935842,0.00033922341393584213,1.0010176691163726,0.0013568897828743075,0.0013568897828743075,-1.0842021724855044e-19,1.7994037100587925
1.4920751402601418,0.0006338390461068661,0.0009739870770939137,0.9980984817282129,-0.0025353600837137763,-0.0025353600837137763,0.0010516009264890352,0.0011654885181545214,0.0011654885181545214,0.0018776094727879597,0.0003401480309870475,0.00034014803098704753,1.0010204429594947,0.0013605882246618783,0.0013605882246618783,-5.421010862427522e-20,1.7993534572741974
1.4943777253531358,0.0006364187667209936,0.0009774775824973674,0.9980907425582946,-0.00254567899274418,-0.00254567899274418,0.001055872993566003,0.0011709841322369808,0.0011709841322369808,0.0018648652331968777,0.0003410588157763739,0.00034105881577637385,1.0010231753057866,0.0013642313372452899,0.0013642313372452899,5.421010862427522e-20,1.7993035445197796
1.4966803104461297,0.0006389809918567377,0.0009809368724025677,0.9980830558747671,-0.0025559279200169293,-0.0025559279200169293,0.0010601159180480357,0.0011764572970024002,0.0011764572970024002,0.0018522062672153422,0.0003419558805458299,0.00034195588054582995,1.001025866491975,0.0013678195695933414,0.0013678195695933414,-5.421010862427522e-20,1.799253969517398
1.4989828955391238,0.0006415258383843562,0.0009843651751096697,0.9980754213270204,-0.0025661073330122833,-0.0025661073330122833,0.0010643298969450967,0.0011819081982985353,0.0011819081982985353,0.001839632020972012,0.00034283933672531327,0.0003428393367253135,1.0010285168523494,0.0013713533674263954,0.0013713533674263954,-2.168404344971009e-19,1.799204730003825
1.5012854806321179,0.0006440534224176567,0.0009877627173559744,0.9980678385667132,-0.002576217696184694,-0.002576217696184694,0.0010685151259595231,0.0011873370208243014,0.0011873370208243014,0.0018271419439648232,0.0003437092949383179,0.0003437092949383177,1.0010311267187813,0.0013748331732392036,0.0013748331732392036,2.168404344971009e-19,1.79915582373067
1.503588065725112,0.0006465638593185636,0.0009911297243261632,0.9980603072477602,-0.002586259470981071,-0.002586259470981071,0.001072671799494381,0.0011927439481371918,0.0011927439481371918,0.0018147354890436689,0.0003445658650075996,0.00034456586500759953,1.0010336964207387,0.0013782594263235816,0.0013782594263235816,5.421010862427522e-20,1.79910724846426
1.505890650818106,0.0006490572637016589,0.0009944664196624652,0.9980528270263179,-0.0025962331158589495,-0.0025962331158589495,0.0010768001106617679,0.0011981291626606545,0.0011981291626606545,0.0018024121123930916,0.0003454091559608061,0.0003454091559608063,1.0010362262853054,0.0013816325627909114,0.0013816325627909114,-2.168404344971009e-19,1.7990590019855766
1.5081932359111,0.0006515337494387023,0.0009977730254747653,0.9980453975607715,-0.0026061390863045667,-0.0026061390863045667,0.001080900251291069,0.0012034928456914266,0.0012034928456914266,0.0017901712735150597,0.0003462392760360631,0.00034623927603606296,1.0010387166371957,0.0013849530155944944,0.0013849530155944944,1.6263032587282567e-19,1.799011082090138
1.5104958210040942,0.000653993429663127,0.0010010497623506483,0.9980380185117209,-0.002615977834850848,-0.002615977834850848,0.001084972411937163,0.0012088351774068276,0.0012088351774068276,0.0017780124352117447,0.00034705633268752135,0.0003470563326875213,1.001041167798773,0.001388221214551745,0.001388221214551745,5.421010862427522e-20,1.798963486587933
1.512798406097088,0.000656436416774513,0.0010042968493653819,0.998030689541968,-0.0026257498110953004,-0.0026257498110953004,0.0010890167818885812,0.0012141563368720104,0.0012141563368720104,0.0017659350635683866,0.00034786043259086885,0.0003478604325908689,1.0010435800900641,0.001391437586366227,0.001391437586366227,-5.421010862427522e-20,1.798916213303305
1.5151009911900821,0.0006588628224430392,0.0010075145040918392,0.9980234103165024,-0.0026354554617178177,-0.0026354554617178177,0.0010930335491756173,0.0012194565020471747,0.0012194565020471747,0.0017539386279361551,0.0003486516816487997,0.00034865168164879997,1.001045953828778,0.001394602554649539,0.001394602554649539,-2.710505431213761e-19,1.7988692600748906
1.5174035762830762,0.0006612727576139099,0.001010702942610358,0.998016180502489,-0.002645095230498391,-0.002645095230498391,0.0010970229005783903,0.0012247358497947355,0.0012247358497947355,0.0017420226009151197,0.000349430184996448,0.00034943018499644814,1.00104828933032,0.0013977165399430415,0.0013977165399430415,-1.6263032587282567e-19,1.7988226247555055
1.5197061613760703,0.0006636663325117608,0.0010138623795185402,0.9980089997692542,-0.0026546695583347293,-0.0026546695583347293,0.0011009850216348587,0.0012299945558864522,0.0012299945558864522,0.001730186458337213,0.0003501960470067795,0.00035019604700677943,1.0010505869078097,0.0014007799597394316,0.0014007799597394316,5.421010862427522e-20,1.7987763052120689
1.5220087464690644,0.0006660436566450418,0.0010169930279409923,0.9980018677882729,-0.0026641788832597953,-0.0026641788832597953,0.0011049200966487887,0.0012352327950105198,0.0012352327950105198,0.001718429679249268,0.0003509493712959504,0.0003509493712959505,1.0010528468720958,0.0014037932285041739,0.0014037932285041739,-1.0842021724855044e-19,1.7987302993255108
1.5243113315620584,0.0006684048388103773,0.0010200950995390033,0.9979947842331558,-0.002673623640459242,-0.002673623640459242,0.0011088283086976747,0.0012404507407786168,0.0012404507407786168,0.0017067517458960926,0.00035169026072862607,0.00035169026072862596,1.0010550695317728,0.001406756757696771,0.001406756757696771,1.0842021724855044e-19,1.7986846049906922
1.5266139166550523,0.0006707499870969041,0.0010231688045201637,0.9979877487796358,-0.002683004262288767,-0.002683004262288767,0.001112709839640612,0.0012456485657329121,0.0012456485657329121,0.0016951521437036095,0.0003524188174232595,0.00035241881742325957,1.0010572551931962,0.0014096709557918875,0.0014096709557918875,-5.421010862427522e-20,1.798639220116302
1.5289165017480464,0.0006730792088905867,0.0010262143516479266,0.9979807611055554,-0.0026923211782913744,-0.0026923211782913744,0.0011165648701261248,0.0012508264413530383,0.0012508264413530383,0.0016836303612620157,0.00035313514275734005,0.0003531351427573399,1.0010594041604992,0.001412536228300332,0.001412536228300332,1.6263032587282567e-19,1.7985941426247876
1.5312190868410405,0.00067539261087851,0.0010292319482511068,0.9979738208908536,-0.0027015748152145434,-0.0027015748152145434,0.0011203935795999454,0.0012559845380630166,0.0012559845380630166,0.0016721858903090323,0.000353839337372597,0.00035383933737259676,1.001061516735607,0.0014153529777898837,0.0014153529777898837,2.168404344971009e-19,1.7985493704522526
1.5335216719340345,0.0006776902990531502,0.0010322218002333228,0.9979669278175536,-0.002710765597027315,-0.002710765597027315,0.0011241961463127484,0.001261123025238147,0.001261123025238147,0.0016608182257131612,0.00035453150118017266,0.0003545315011801726,1.0010635932182534,0.001418121603905976,0.001418121603905976,5.421010862427522e-20,1.7985049015483863
1.5358242570270286,0.0006799723787166233,0.0010351841120823805,0.9979600815697491,-0.0027198939449372835,-0.0027198939449372835,0.0011279727473278397,0.0012662420712118596,0.0012662420712118596,0.0016495268654570304,0.000355211733365757,0.00035521173336575714,1.0010656339059962,0.0014208425033922383,0.0014208425033922383,-1.6263032587282567e-19,1.7984607338763663
1.5381268421200227,0.000682238954484911,0.0010381190868795974,0.9979532818335928,-0.0027289602774075027,-0.0027289602774075027,0.0011317235585287977,0.0012713418432825252,0.0012713418432825252,0.0016383113106207584,0.0003558801323946864,0.0003558801323946864,1.0010676390942315,0.0014235160701108868,0.0014235160701108868,-7.929219410272351e-38,1.7984168654127792
1.5404294272130166,0.000684490130292065,0.0010410269263090698,0.9979465282972827,-0.0027379650101733016,-0.0027379650101733016,0.00113544875462707,0.0012764225077202247,0.0012764225077202247,0.0016271710653653951,0.0003565367960170049,0.0003565367960170049,1.00106960907621,0.0014261426950629777,0.0014261426950629777,-7.953022535989878e-38,1.7983732941475379
1.5427320123060106,0.0006867260093943897,0.0010439078306668838,0.9979398206510506,-0.002746908556259015,-0.002746908556259015,0.0011391485091695266,0.0012814842297734859,0.0012814842297734859,0.001616105636916406,0.0003571818212724941,0.00035718182127249406,1.0010715441430513,0.0014287227664085199,0.0014287227664085199,5.421010862427522e-20,1.7983300180837882
1.5450345973990047,0.0006889466943746009,0.0010467619988702647,0.9979331585871484,-0.0027557913259946202,-0.0027557913259946202,0.001142822994545963,0.0012865271736759735,0.0012865271736759735,0.0016051145355471948,0.000357815304495664,0.00035781530449566386,1.0010734445837592,0.0014312566694864386,0.0014312566694864386,1.6263032587282567e-19,1.7982870352378433
1.5473371824919988,0.0006911522871459646,0.0010495896284666742,0.9979265417998369,-0.0027646137270322915,-0.0027646137270322915,0.0011464723819965637,0.0012915515026531467,0.0012915515026531467,0.0015941972745627153,0.00035843734132070957,0.0003584373413207096,1.0010753106852368,0.0014337447868344052,0.0014337447868344052,-5.421010862427522e-20,1.7982443436390778
1.5496397675849929,0.0006933428889564133,0.0010523909156428487,0.9979199699853725,-0.0027733761643628655,-0.0027733761643628655,0.0011500968416193176,0.0012965573789288755,0.0012965573789288755,0.001583353370283087,0.0003590480266864354,0.00035904802668643545,1.001077142732301,0.0014361874982085293,0.0014361874982085293,-5.421010862427522e-20,1.7982019413298638
1.551942352677987,0.0006955186003926403,0.0010551660552337817,0.9979134428419956,-0.002782079040332218,-0.002782079040332218,0.0011536965423773918,0.0013015449637320204,0.0013015449637320204,0.0015725823420273085,0.00035964745484114125,0.00035964745484114136,1.001078941007697,0.001438585180602909,0.001438585180602909,-1.0842021724855044e-19,1.7981598263654806
1.554244937770981,0.0006976795213841723,0.0010579152407316494,0.997906960069918,-0.002790722754657555,-0.002790722754657555,0.001157271652106457,0.0013065144173029725,0.0013065144173029725,0.0015618837120970014,0.0003602357193474771,0.0003602357193474772,1.001080705792113,0.0014409382082690428,0.0014409382082690428,-1.0842021724855044e-19,1.7981179968140362
1.556547522863975,0.0006998257512074199,0.0010606386642946824,0.9979005213713109,-0.0027993077044436154,-0.0027993077044436154,0.0011608223375219736,0.001311465898900156,0.001311465898900156,0.0015512570057602127,0.0003608129130872626,0.00036081291308726255,1.0010824373641949,0.0014432469527351144,0.0014432469527351144,5.421010862427522e-20,1.798076450756384
1.558850107956969,0.0007019573884897082,0.0010633365167559802,0.9978941264502926,-0.0028078342841987933,-0.0028078342841987933,0.001164348764226431,0.001316399566806496,0.001316399566806496,0.0015407017512352836,0.00036137912826627206,0.00036137912826627206,1.0010841360005607,0.0014455117828251277,0.0014455117828251277,-8.115879347735247e-38,1.798035186286039
1.561152693049963,0.0007040745312132831,0.0010660089876322716,0.9978877750129168,-0.0028163028858511625,-0.0028163028858511625,0.0011678510967165431,0.0013213155783358425,0.0013213155783358425,0.0015302174796747443,0.0003619344564189885,0.0003619344564189885,1.0010858019758135,0.0014477330646779237,0.0014477330646779237,-8.13295313587538e-38,1.7979942015091086
1.5634552781429571,0.0007061772767192984,0.0010686562651326197,0.9978814667671605,-0.0028247138987644257,-0.0028247138987644257,0.0011713294983904023,0.0013262140898393639,0.0013262140898393639,0.001519803725149304,0.00036247898841332147,0.0003624789884133213,1.0010874355625583,0.0014499111617660532,0.0014499111617660532,1.6263032587282567e-19,1.7979534945442022
1.5657578632359512,0.0007082657217117809,0.0010712785361670734,0.9978752014229119,-0.0028330677097537743,-0.0028330677097537743,0.0011747841315545896,0.0013310952567118983,0.0013310952567118983,0.0015094600246318656,0.0003630128144552925,0.0003630128144552925,1.0010890370314132,0.0014520464349145191,0.0014520464349145191,-8.165026839582708e-38,1.7979130635223541
1.5680604483289453,0.0007103399622615734,0.0010738759863552637,0.9978689786919588,-0.0028413647031016627,-0.0028413647031016627,0.0011782151574312413,0.0013359592333982713,0.0013359592333982713,0.0014991859179816068,0.00036353602409369034,0.0003635360240936903,1.0010906066510246,0.0014541392423193921,0.0014541392423193921,5.421010862427522e-20,1.7978729065869505
1.5703630334219392,0.0007124000938102571,0.001076448800034947,0.9978627982879769,-0.0028496052605734954,-0.0028496052605734954,0.0011816227361650723,0.001340806173399574,0.001340806173399574,0.0014889809479281322,0.00036404870622469006,0.0003640487062246899,1.0010921446880816,0.0014561899395662925,0.0014561899395662925,1.6263032587282567e-19,1.7978330218936383
1.5726656185149333,0.0007144462111740532,0.001078997160270494,0.9978566599265181,-0.002857789761433236,-0.002857789761433236,0.0011850070268303603,0.0013456362292794078,0.0013456362292794078,0.0014788446600556369,0.0003645509490964409,0.0003645509490964409,1.0010936514073296,0.0014581988796487405,0.0014581988796487405,-8.208102899095923e-38,1.7977934076102682
1.5749682036079273,0.0007164784085477021,0.0010815212488613259,0.9978505633249982,-0.002865918582458921,-0.002865918582458921,0.0011883681874378827,0.0013504495526700882,0.0013504495526700882,0.0014687766027871902,0.0003650428403136237,0.0003650428403136238,1.0010951270715822,0.0014601664129863827,0.0014601664129863827,-1.0842021724855044e-19,1.7977540619167955
1.5772707887009214,0.0007184967795083229,0.0010840212463502973,0.9978445082026866,-0.0028739920979581,-0.0028739920979581,0.0011917063749418153,0.0013552462942788166,0.0013552462942788166,0.0014587763273690368,0.0003655244668419745,0.00036552446684197436,1.0010965719417375,0.001462092887443089,0.001462092887443089,1.6263032587282567e-19,1.797714983005215
1.5795733737939155,0.0007205014170192506,0.001086497332032027,0.9978384942806934,-0.0028820106797831867,-0.0028820106797831867,0.0011950217452465876,0.0013600266038938137,0.0013600266038938137,0.001448843387854947,0.0003659959150127762,0.0003659959150127763,1.0010979862767895,0.001463978648344921,0.001463978648344921,-1.0842021724855044e-19,1.7976761690794836
1.5818759588869096,0.000722492413433854,0.001088949683961176,0.997832521281959,-0.002889974697346725,-0.002889974697346725,0.001198314453213697,0.0013647906303904174,0.0013647906303904174,0.0014389773410906608,0.00036645727052732184,0.00036645727052732194,1.0010993703338424,0.0014658240384979788,0.0014658240384979788,-1.0842021724855044e-19,1.7976376183554406
1.5841785439799034,0.0007244698604993306,0.001091378478960673,0.9978265889312421,-0.0028978845176365745,-0.0028978845176365745,0.0012015846526684806,0.0013695385217371444,0.0013695385217371444,0.0014291777466983585,0.0003669086184613426,0.00036690861846134246,1.001100724368124,0.0014676293982061176,0.0014676293982061176,1.6263032587282567e-19,1.7975993290607344
1.5864811290728975,0.0007264338493604835,0.0010937838926298896,0.9978206969551088,-0.002905740505231015,-0.002905740505231015,0.0012048324964068478,0.0013742704250017193,0.0013742704250017193,0.001419444167061208,0.0003673500432694062,0.0003673500432694061,1.0011020486329985,0.0014693950652885433,0.0014693950652885433,1.0842021724855044e-19,1.7975612994347459
1.5887837141658916,0.0007283844705634746,0.001096166099352762,0.9978148450819209,-0.0029135430223137583,-0.0029135430223137583,0.0012080581362019687,0.0013789864863570614,0.0013789864863570614,0.001409776167307956,0.00036778162878928737,0.0003677816287892873,1.0011033433799792,0.0014711213750972893,0.0014711213750972893,5.421010862427522e-20,1.7975235277285178
1.5910862992588857,0.000730321814059559,0.0010985252723058625,0.997809033041825,-0.002921292428688892,-0.002921292428688892,0.0012112617228109252,0.0013836868510872446,0.0013836868510872446,0.0014001733152975962,0.0003682034582463036,0.0003682034582463034,1.0011046088587425,0.001472808660534558,0.001472808660534558,1.6263032587282567e-19,1.797486012204671
1.5933888843518798,0.0007322459692087992,0.001100861583466421,0.9978032605667414,-0.0029289890817957276,-0.0029289890817957276,0.0012144434059813193,0.0013883716635934157,0.0013883716635934157,0.0013906351816040756,0.00036861561425762196,0.00036861561425762185,1.0011058453171406,0.0014744572520699567,0.0014744572520699567,1.0842021724855044e-19,1.7974487511373438
1.5956914694448738,0.000734157024783757,0.0011031752036202947,0.9977975273903528,-0.002936633336723576,-0.002936633336723576,0.0012176033344578415,0.001393041067399681,0.001393041067399681,0.001381161339501075,0.0003690181788365377,0.00036901817883653774,1.0011070530012136,0.0014760674777576032,0.0014760674777576032,-5.421010862427522e-20,1.7974117428121077
1.597994054537868,0.0007360550689731668,0.0011054663023698872,0.9977918332480932,-0.0029442255462264356,-0.0029442255462264356,0.0012207416559887995,0.0013976952051589575,0.0013976952051589575,0.0013717513649468454,0.00036941123339672056,0.0003694112333967204,1.0011082321552027,0.0014776396632531132,0.0014776396632531132,1.6263032587282567e-19,1.797374985525899
1.6002966396308618,0.0007379401893855872,0.0011077350481420187,0.9977861778771374,-0.002951766060737602,-0.002951766060737602,0.0012238585173326066,0.0014023342186587895,0.0014023342186587895,0.0013624048365691,0.0003697948587564314,0.00036979485875643153,1.0011093830215634,0.0014791741318304725,0.0014791741318304725,-1.0842021724855044e-19,1.7973384775869439
1.6025992247238559,0.000739812473053034,0.001109981608195746,0.9977805610163898,-0.0029592552283841996,-0.0029592552283841996,0.0012269540642642308,0.001406958248827131,0.001406958248827131,0.0013531213356499658,0.00037016913514271207,0.00037016913514271207,1.001110505840977,0.0014806712043987846,0.0014806712043987846,-8.330849678385374e-38,1.7973022173146904
1.60490180981685,0.0007416720064345908,0.0011122061486301322,0.9977749824064733,-0.002966693395001621,-0.002966693395001621,0.001230028441581603,0.001411567435738092,0.001411567435738092,0.0013439004461110043,0.0003705341421955414,0.0003705341421955414,1.0011116008523637,0.0014821311995189077,0.0014821311995189077,-8.336343079093872e-38,1.7972662030397288
1.607204394909844,0.0007435188754200013,0.0011144088343919686,0.9977694417897194,-0.002974080904147902,-0.002974080904147902,0.001233081793111988,0.0014161619186176533,0.0014161619186176533,0.0013347417544982807,0.00037088995897196716,0.00037088995897196727,1.0011126682928952,0.0014835544334199724,0.0014835544334199724,-1.0842021724855044e-19,1.7972304331037303
1.609506980002838,0.000745353165333241,0.001116589829283447,0.9977639389101562,-0.0029814180971180016,-0.0029814180971180016,0.0012361142617183139,0.001420741835849347,0.001420741835849347,0.001325644849967492,0.000371236663950206,0.00037123666395020584,1.0011137083980066,0.001484941220015786,0.001484941220015786,1.6263032587282567e-19,1.7971949058593708
1.6118095650958322,0.0007471749609360689,0.0011187492959697826,0.9977584735134991,-0.0029887053129580145,-0.0029887053129580145,0.0012391259893054657,0.0014253073249799017,0.0014253073249799017,0.0013166093242691754,0.0003715743350337138,0.0003715743350337137,1.0011147214014084,0.0014862918709211159,0.0014862918709211159,5.421010862427522e-20,1.7971596196702566
1.614112150188826,0.0007489843464315582,0.0011208873959867903,0.997753045347139,-0.0029959428884792937,-0.0029959428884792937,0.0012421171168265372,0.0014298585227248552,0.0014298585227248552,0.0013076347717339489,0.00037190304955523197,0.00037190304955523213,1.0011157075350994,0.0014876066954678676,0.0014876066954678676,-1.6263032587282567e-19,1.7971245729108611
1.6164147352818201,0.0007507814054676109,0.001123004289748412,0.9977476541601327,-0.0030031311582725036,-0.0030031311582725036,0.0012450877842890467,0.0014343955649741347,0.0014343955649741347,0.001298720789257826,0.0003722228842808011,0.0003722228842808011,1.0011166670293778,0.0014888860007211445,0.0014888860007211445,-8.356138931306689e-38,1.797089763966455
1.6187173203748142,0.0007525662211404473,0.0011251001365541954,0.9977422997031918,-0.003010270454721584,-0.003010270454721584,0.0012480381307611121,0.0014389185867976005,0.0014389185867976005,0.0012898669762876078,0.0003725339154137482,0.00037253391541374815,1.0011176001128543,0.0014901300914951978,0.0014901300914951978,5.421010862427522e-20,1.7970551912330277
1.6210199054678083,0.0007543388759980801,0.001127175094596726,0.9977369817286729,-0.003017361108017645,-0.003017361108017645,0.0012509682943775908,0.0014434277224505613,0.0014434277224505613,0.001281072934806299,0.00037283621859864605,0.000372836218598646,1.001118507012463,0.0014913392703692595,0.0014913392703692595,5.421010862427522e-20,1.7970208531172316
1.6233224905608024,0.0007560994520437672,0.0011292293209690127,0.9977316999905662,-0.003024403446172776,-0.003024403446172776,0.0012538784123461782,0.001447923105379253,0.001447923105379253,0.0012723382693186173,0.0003731298689252456,0.0003731298689252455,1.0011193879534732,0.0014925138377032748,0.0014925138377032748,1.0842021724855044e-19,1.796986748036302
1.6256250756537964,0.0007578480307394454,0.0011312629716718244,0.9977264542444866,-0.0030313977950337844,-0.0030313977950337844,0.0012567686209534724,0.0014524048682262856,0.0014524048682262856,0.0012636625868365364,0.0003734149409323791,0.0003734149409323791,1.001120243159502,0.0014936540916535134,0.0014936540916535134,-8.363234481242702e-38,1.796952874418002
1.6279276607467905,0.0007595846930091443,0.0011332762016209822,0.9977212442476621,-0.003038344478295847,-0.003038344478295847,0.0012596390555709987,0.001456873142836059,0.001456873142836059,0.0012550454968649285,0.00037369150861183786,0.00037369150861183786,1.001121072852525,0.0014947603281880817,0.0014947603281880817,-8.363856612719156e-38,1.7969192307005366
1.6302302458397844,0.0007613095192423812,0.0011352691646546028,0.9977160697589247,-0.0030452438175160934,-0.0030452438175160934,0.001262489850661197,0.0014613280602601441,0.0014613280602601441,0.0012464866113872212,0.00037395964541222176,0.0003739596454122216,1.0011218772528885,0.001495832841102318,0.001495832841102318,1.6263032587282567e-19,1.7968858153325042
1.6325328309327785,0.0007630225892975376,0.0011372420135402992,0.9977109305386996,-0.003052096132127109,-0.003052096132127109,0.0012653211397833746,0.0014657697507626354,0.0014657697507626354,0.001237985544851145,0.0003742194242427618,0.00037421942424276165,1.0011226565793205,0.0014968719220340878,0.0014968719220340878,1.6263032587282567e-19,1.7968526267728206
1.6348354160257725,0.0007647239825052135,0.0011391948999823303,0.9977058263489953,-0.003058901739450356,-0.003058901739450356,0.001268133055599618,0.001470198343825465,0.001470198343825465,0.001229541914154543,0.0003744709174771168,0.00037447091747711675,1.0011234110489422,0.0014978778604789649,0.0014978778604789649,5.421010862427522e-20,1.796819663490648
1.6371380011187666,0.000766413777671567,0.0011411279746287102,0.9977007569533938,-0.003065660954709528,-0.003065660954709528,0.001270925729880672,0.001474613968153692,0.001474613968153692,0.001221155338631223,0.0003747141969571432,0.00037471419695714325,1.00112414087728,0.001498850943805313,0.001498850943805313,-5.421010862427522e-20,1.7967869239653407
1.6394405862117607,0.0007680920530816308,0.0011430413870782692,0.9976957221170402,-0.0030723740910438184,-0.0030723740910438184,0.0012736992935117799,0.001479016751680756,0.001479016751680756,0.001212825440036888,0.0003749493339966383,0.00037494933399663836,1.001124846278275,0.0014997914572692584,0.0014997914572692584,-5.421010862427522e-20,1.7967544066863694
1.6417431713047548,0.000769758886502613,0.0011449352858876696,0.9976907216066334,-0.003079041459521123,-0.003079041459521123,0.0012764538764984887,0.001483406821573699,0.001483406821573699,0.0012045518425351192,0.0003751763993850565,0.00037517639938505656,1.0011255274642965,0.0015006996840295555,0.0015006996840295555,-5.421010862427522e-20,1.7967221101532633
1.6440457563977486,0.000771414355187176,0.0011468098185783782,0.9976857551904157,-0.0030856633691511556,-0.0030856633691511556,0.0012791896079724166,0.0014877843042383583,0.0014877843042383583,0.0011963341726834254,0.0003753954633912023,0.0003753954633912022,1.0011261846461508,0.0015015759051623572,0.0015015759051623572,1.0842021724855044e-19,1.7966900328755377
1.6463483414907427,0.0007730585358767001,0.0011486651316435941,0.9976808226381632,-0.003092240126898503,-0.003092240126898503,0.0012819066161969884,0.0014921493253245266,0.0014921493253245266,0.0011881720594193483,0.00037560659576689405,0.00037560659576689405,1.001126818033094,0.0015024203996758735,0.0015024203996758735,-8.35335028600456e-38,1.796658173372637
1.6486509265837368,0.0007746915048045244,0.0011505013705551304,0.9976759237211764,-0.0030987720376955885,-0.0030987720376955885,0.0012846050285731292,0.0014965020097310793,0.0014965020097310793,0.0011800651340466302,0.00037580986575060576,0.0003758098657506059,1.0011274278328417,0.001503233444524933,0.001503233444524933,-1.6263032587282567e-19,1.796626530173865
1.6509535116767309,0.0007763133376991729,0.0011523186797702527,0.9976710582122701,-0.0031052594044555753,-0.0031052594044555753,0.0012872849716449282,0.0015008424816110749,0.0015008424816110749,0.001172013030221453,0.0003760053420710799,0.0003760053420710798,1.0011280142515808,0.0015040153146254356,0.0015040153146254356,1.0842021724855044e-19,1.7965951018183264
1.653256096769725,0.0007779241097875594,0.001154117202738476,0.9976662258857638,-0.003111702528085187,-0.003111702528085187,0.0012899465711052644,0.001505170864376821,0.001505170864376821,0.0011640153839387283,0.00037619309295091664,0.00037619309295091664,1.0011285774939793,0.001504766282868717,0.001504766282868717,-8.342757082177874e-38,1.7965638868548546
1.655558681862719,0.0007795238957981747,0.001155897081908314,0.9976614265174725,-0.003118101707497458,-0.003118101707497458,0.0012925899518013977,0.0015094872807049126,0.0015094872807049126,0.001156071833518442,0.00037637318611013934,0.0003763731861101393,1.0011291177631974,0.001505486620135798,0.001505486620135798,5.421010862427522e-20,1.7965328838419603
1.6578612669557131,0.0007811127699642562,0.001157658458733989,0.9976566598846967,-0.0031244572396244095,-0.0031244572396244095,0.0012952152377405251,0.0015137918525412368,0.0015137918525412368,0.0011481820195920816,0.0003765456887697327,0.0003765456887697327,1.0011296352608987,0.0015061765953115463,0.0015061765953115463,-8.333817958809729e-38,1.7965020913477627
1.660163852048707,0.0007826908060269382,0.0011594014736820962,0.9976519257662133,-0.003130769419429651,-0.003130769419429651,0.0012978225520953028,0.0015180847011059498,0.0015180847011059498,0.0011403455850891094,0.000376710667655158,0.000376710667655158,1.0011301301872595,0.0015068364752987336,0.0015068364752987336,-8.328803725328069e-38,1.7964715079499234
1.662466437141701,0.0007842580772383846,0.0011611262662382272,0.9976472239422665,-0.0031370385399209126,-0.0031370385399209126,0.0013004120172093333,0.001522365946898425,0.001522365946898425,0.0011325621752234952,0.00037686818899984256,0.0003768681889998426,1.0011306027409812,0.001507466525031996,0.001507466525031996,-5.421010862427522e-20,1.7964411322355955
1.6647690222346951,0.0007858146563649023,0.0011628329749135483,0.9976425541945573,-0.003143264892162499,-0.003143264892162499,0.0013029837546026176,0.0015266357097021648,0.0015266357097021648,0.001124831437480328,0.00037701831854864586,0.0003770183185486459,1.0011310531192978,0.001508067007491694,0.001508067007491694,-5.421010862427522e-20,1.7964109628013492
1.6670716073276892,0.0007873606156900385,0.0011645217372513398,0.9976379163062358,-0.0031494487652876766,-0.0031494487652876766,0.001305537884976974,0.0015308941085896907,0.0015308941085896907,0.0011171530216024623,0.00037716112156130127,0.00037716112156130127,1.0011314815179897,0.0015086381837176826,0.0015086381837176826,-8.311653946181008e-38,1.796380998253124
1.6693741924206833,0.0007888960270176584,0.001166192689833491,0.9976333100618904,-0.0031555904465109842,-0.0031555904465109842,0.0013080745282214228,0.0015351412619273985,0.0015351412619273985,0.0011095265795772553,0.0003772966628158326,0.00037729666281583266,1.0011318881313909,0.00150918031282298,0.00150918031282298,-5.421010862427522e-20,1.7963512372061563
1.6716767775136774,0.0007904209616750053,0.0011678459682869537,0.9976287352475398,-0.003161690221140478,-0.003161690221140478,0.0013105938034175379,0.0015393772873803853,0.0015393772873803853,0.001101951765623341,0.0003774250066119485,0.00037742500661194843,1.0011322731524006,0.001509693652007337,0.001509693652007337,5.421010862427522e-20,1.7963216782849274
1.6739793626066712,0.0007919354905157434,0.0011694817072901555,0.9976241916506235,-0.0031677483725898966,-0.0031677483725898966,0.0013130958288447628,0.0015436023019172482,0.0015436023019172482,0.0010944282361774822,0.00037754621677441226,0.0003775462167744121,1.001132636772494,0.0015101784565707253,0.0015101784565707253,1.6263032587282567e-19,1.7962923201230958
1.6762819476996653,0.0007934396839229829,0.0011711000405793706,0.9976196790599925,-0.0031737651823907655,-0.0031737651823907655,0.0013155807219856967,0.0015478164218148537,0.0015478164218148537,0.0010869556498814673,0.0003776603566563878,0.00037766035665638773,1.0011329791817305,0.0015106349799267169,0.0015106349799267169,5.421010862427522e-20,1.7962631613634488
1.6785845327926594,0.0007949336118122858,0.0011727011009550496,0.9976151972659003,-0.003179740930204421,-0.003179740930204421,0.001318048599531343,0.0015520197626630755,0.0015520197626630755,0.0010795336675690922,0.0003777674891427638,0.0003777674891427638,1.0011333005687655,0.0015110634736157772,0.0015110634736157772,-8.276393072306569e-38,1.796234200657831
1.6808871178856535,0.0007964173436346568,0.0011742850202881095,0.9976107460599942,-0.00318567589383397,-0.00318567589383397,0.0013204995773863284,0.0015562124393695067,0.0015562124393695067,0.0010721619522531761,0.0003778676766534528,0.0003778676766534527,1.0011336011208585,0.0015114641873184677,0.0015114641873184677,1.0842021724855044e-19,1.7962054366670919
1.6831897029786476,0.0007978909483795142,0.0011758519295261823,0.9976063252353066,-0.0031915703492361763,-0.0031915703492361763,0.0013229337706740874,0.0015603945661641421,0.0015603945661641421,0.0010648401691126606,0.00037796098114666786,0.00037796098114666803,1.001133881023885,0.0015118373688685527,0.0015118373688685527,-1.6263032587282567e-19,1.7961768680610308
1.6854922880716416,0.0007993544945776453,0.001177401958699823,0.997601934586245,-0.003197424570533282,-0.003197424570533282,0.0013253512937420153,0.001564566256604032,0.001564566256604032,0.0010575679854797596,0.0003780474641221778,0.0003780474641221778,1.0011341404623444,0.0015121832642660104,0.0015121832642660104,-8.251473742006799e-38,1.7961484935183283
1.6877948731646355,0.0008008080503041425,0.0011789352369286788,0.997597573908585,-0.0032032388300247522,-0.0032032388300247522,0.0013277522601665872,0.001568727623577907,0.001568727623577907,0.001050345070827169,0.0003781271866245364,0.00037812718662453627,1.001134379619371,0.001512502117689963,0.001512502117689963,1.0842021724855044e-19,1.7961203117264999
1.6900974582576296,0.0008022516831813247,0.0011804518924276176,0.9975932429994594,-0.0032090133981989588,-0.0032090133981989588,0.001330136782758447,0.0015728787793107765,0.0015728787793107765,0.0010431710967553417,0.00037820020924629285,0.0003782002092462929,1.0011345986767421,0.0015127941715115116,0.0015127941715115116,-5.421010862427522e-20,1.7960923213818292
1.6924000433506237,0.0008036854603816384,0.0011819520525128172,0.9975889416573516,-0.003214748543744788,-0.003214748543744788,0.0013325049735674612,0.0015770198353684955,0.0015770198353684955,0.0010360457369798196,0.0003782665921311787,0.0003782665921311789,1.0011347978148901,0.001513059666306481,0.001513059666306481,-1.6263032587282567e-19,1.7960645211893167
1.6947026284436177,0.0008051094486305443,0.0011834358436078147,0.9975846696820854,-0.0032204445335631843,-0.0032204445335631843,0.0013348569438877435,0.0015811509026623083,0.0015811509026623083,0.0010289686673186375,0.0003783263949772704,0.0003783263949772704,1.0011349772129088,0.0015132988408680745,0.0015132988408680745,-8.214153841535267e-38,1.7960369098626214
1.6970052135366118,0.0008065237142093858,0.0011849033912495175,0.9975804268748171,-0.003226101632778626,-0.003226101632778626,0.001337192804262647,0.00158527209145336,0.00158527209145336,0.0010219395656797658,0.0003783796770401317,0.0003783796770401317,1.0011351370485657,0.0015135119322194444,0.0015135119322194444,-8.204126532436798e-38,1.7960094861240061
1.699307798629606,0.0008079283229582403,0.001186354820094175,0.9975762130380268,-0.003231720104750528,-0.003231720104750528,0.0013395126644897238,0.0015893835113571838,0.0015893835113571838,0.0010149581120486436,0.0003784264971359346,0.0003784264971359347,1.0011352774983093,0.0015136991756261719,0.0015136991756261719,-1.0842021724855044e-19,1.7959822487042727
1.7016103837226,0.0008093233402787543,0.0011877902539233118,0.9975720279755099,-0.003237300211084586,-0.003237300211084586,0.0013418166336256552,0.0015934852713481577,0.0015934852713481577,0.0010080239884757388,0.00037846691364455757,0.0003784669136445575,1.00113539873728,0.0015138608046086615,0.0015138608046086615,5.421010862427522e-20,1.7959551963427218
1.7039129688155938,0.0008107088311369608,0.0011892098156496226,0.9975678714923686,-0.003242842211644043,-0.003242842211644043,0.0013441048199911482,0.0015975774797639373,0.0015975774797639373,0.0010011368790641966,0.00037850098451266186,0.00037850098451266175,1.0011355009393175,0.0015139970509544473,0.0015139970509544473,1.0842021724855044e-19,1.7959283277870832
1.706215553908588,0.0008120848600660816,0.001190613627322829,0.9975637433950036,-0.0032483463645609006,-0.0032483463645609006,0.001346377331175803,0.0016016602443098596,0.0016016602443098596,0.0009942964699575364,0.0003785287672567474,0.00037852876725674733,1.001135584276972,0.0015141081447304153,0.0015141081447304153,5.421010862427522e-20,1.7959016417934683
1.708518139001582,0.0008134514911693108,0.0011920018101354976,0.9975596434911056,-0.003253812926247051,-0.003253812926247051,0.0013486342740429498,0.0016057336720633182,0.0016057336720633182,0.000987502449327408,0.0003785503189661867,0.00037855031896618675,1.0011356489215122,0.0015141943142949394,0.0015141943142949394,-5.421010862427522e-20,1.7958751371263162
1.710820724094576,0.0008148087881225835,0.0011933744844288211,0.997555571589647,-0.003259242151405353,-0.003259242151405353,0.001350875754734452,0.001609797869478115,0.001609797869478115,0.0009807545073614158,0.0003785656963062377,0.0003785656963062377,1.0011356950429335,0.0015142557863099316,0.0015142557863099316,-8.138477688889358e-38,1.7958488125583332
1.7131233091875702,0.0008161568141773269,0.0011947317696983626,0.9975515275008741,-0.0032646342930406384,-0.0032646342930406384,0.0013531018786754842,0.001613852942388783,0.001613852942388783,0.0009740523362509899,0.0003785749555210358,0.0003785749555210358,1.001135722809969,0.0015142927857528122,0.0015142927857528122,-8.126665479922965e-38,1.7958226668704445
1.7154258942805642,0.0008174956321631961,0.0011960737845997608,0.997547511036298,-0.003269989602470652,-0.003269989602470652,0.0013553127505792732,0.001617898996014883,0.001617898996014883,0.0009673956301793346,0.0003785781524365647,0.00037857815243656464,1.0011357323900973,0.0015143055359283912,0.0015143055359283912,5.421010862427522e-20,1.7957966988517347
1.717728479373558,0.0008188253044907928,0.0011974006469544,0.9975435220086873,-0.003275308329336927,-0.003275308329336927,0.0013575084744518158,0.0016219361349652749,0.0016219361349652749,0.0009607840853094214,0.000378575342463607,0.0003785753424636071,1.0011357239495506,0.0015142942584806729,0.0015142942584806729,-1.0842021724855044e-19,1.7957709072994013
1.7200310644665522,0.0008201458931543678,0.0011987124737550417,0.9975395602320596,-0.0032805907216155966,-0.0032805907216155966,0.0013596891535965615,0.0016259644632423608,0.0016259644632423608,0.0009542173997720413,0.00037856658060067376,0.00037856658060067387,1.0011356976533248,0.0015142591734045702,0.0015142591734045702,-1.0842021724855044e-19,1.7957452910187033
1.7223336495595463,0.0008214574597345073,0.0012000093811714214,0.9975356255216734,-0.003285837025628138,-0.003285837025628138,0.0013618548906190677,0.0016299840842463038,0.0016299840842463038,0.0009476952736539452,0.0003785519214369142,0.00037855192143691405,1.0011356536651876,0.0015142004990575477,0.0015142004990575477,1.6263032587282567e-19,1.7957198488228931
1.7246362346525403,0.0008227600654008039,0.001201291484555807,0.9975317176940202,-0.0032910474860520563,-0.0032910474860520563,0.0013640057874316244,0.0016339951007792192,0.0016339951007792192,0.0009412174089859982,0.0003785314191550031,0.0003785314191550032,1.0011355921476877,0.001514118452171172,0.001514118452171172,-1.0842021724855044e-19,1.7956945795331845
1.7269388197455344,0.0008240537709145101,0.0012025588984485238,0.9975278365668165,-0.0032962223459315006,-0.0032962223459315006,0.001366141945257851,0.001637997615049342,0.001637997615049342,0.0009347835097314317,0.0003785051275340137,0.00037850512753401363,1.0011355132621622,0.0015140132478625944,0.0015140132478625944,5.421010862427522e-20,1.7956694819786865
1.7292414048385285,0.0008253386366311778,0.001203811736583439,0.997523981958996,-0.0033013618466878197,-0.0033013618466878197,0.001368263464637261,0.0016419917286751664,0.0016419917286751664,0.0009283932817741354,0.00037847309995226125,0.00037847309995226114,1.0011354171687463,0.001513885099645936,0.001513885099645936,1.0842021724855044e-19,1.795644554996357
1.7315439899315224,0.00082661472250328,0.0012050501118934167,0.9975201536907018,-0.0033064662281300497,-0.0033064662281300497,0.0013703704454298014,0.0016459775426895611,0.0016459775426895611,0.000922046432907014,0.0003784353893901366,0.00037843538939013666,1.001135304026382,0.001513734219443617,0.001513734219443617,-5.421010862427522e-20,1.795619797430951
1.7338465750245164,0.0008278820880828188,0.0012062741365157323,0.9975163515832779,-0.003311535728465345,-0.003311535728465345,0.0013724629868203605,0.0016499551575438606,0.0016499551575438606,0.0009157426728204064,0.00037839204843291346,0.00037839204843291357,1.0011351739928251,0.0015135608175975844,0.0015135608175975844,-1.0842021724855044e-19,1.795595208134967
1.7361491601175105,0.0008291407925239151,0.0012074839217974533,0.9975125754592623,-0.0033165705843093405,-0.0033165705843093405,0.0013745411873232463,0.0016539246731119273,0.0016539246731119273,0.0009094817130905535,0.0003783431292735383,0.0003783431292735382,1.0011350272246546,0.0015133651028804728,0.0015133651028804728,5.421010862427522e-20,1.7955707859686025
1.7384517452105046,0.0008303908945853858,0.0012086795783007862,0.9975088251423789,-0.003321571030696455,-0.003321571030696455,0.001376605144786639,0.001657886188694192,0.001657886188694192,0.0009032632671681408,0.0003782886837154004,0.00037828868371540044,1.0011348638772812,0.0015131472825066898,0.0015131472825066898,-5.421010862427522e-20,1.7955465297996942
1.7407543303034987,0.0008316324526333023,0.0012098612158083866,0.9975051004575298,-0.0033265373010901316,-0.0033265373010901316,0.001378654956397013,0.001661839803021668,0.001661839803021668,0.0008970870503668787,0.00037822876317508426,0.0003782287631750843,1.0011346841049549,0.0015129075621434147,0.0015129075621434147,-5.421010862427522e-20,1.7955224385036772
1.7430569153964928,0.000832865524643536,0.0012110289433286368,0.9975014012307876,-0.0033314696273930144,-0.0033314696273930144,0.001380690718683532,0.0016657856142599423,0.0016657856142599423,0.0008909527798521601,0.0003781634186851009,0.00037816341868510085,1.0011344880607735,0.001512646145921533,0.001512646145921533,5.421010862427522e-20,1.795498510963531
1.7453595004894868,0.0008340901682042874,0.0012121828691008861,0.997497727289388,-0.0033363682399570683,-0.0033363682399570683,0.0013827125275224143,0.0016697237200131376,0.0016697237200131376,0.0008848601746297739,0.0003780927008965988,0.0003780927008965987,1.0011342758966906,0.0015123632364464762,0.0015123632364464762,1.0842021724855044e-19,1.7954747460697276
1.7476620855824807,0.0008353064405186,0.0012133231006006607,0.9974940784617222,-0.0033412333675936308,-0.0033412333675936308,0.0013847204781412721,0.0016736542173278548,0.0016736542173278548,0.0008788089555346638,0.00037801666008206074,0.00037801666008206074,1.0011340477635242,0.001512059034809012,0.001512059034809012,-7.923429011309856e-38,1.795451142720184
1.7499646706754748,0.0008365143984068587,0.0012144497445448358,0.9974904545773293,-0.0033460652375834118,-0.0033460652375834118,0.0013867146651234223,0.0016775772026970898,0.0016775772026970898,0.0008727988452197545,0.00037793534613797704,0.00037793534613797704,1.0011338038109638,0.0015117337405959313,0.0015117337405959313,-7.90832447941163e-38,1.7954276998202185
1.7522672557684689,0.0008377140983092738,0.0012155629068967763,0.997486855466889,-0.0033508640756864227,-0.0033508640756864227,0.0013886951824121682,0.0016814927720641224,0.0016814927720641224,0.0008668295681448416,0.00037784880858750264,0.0003778488085875025,1.0011335441875793,0.0015113875519006826,0.0015113875519006826,1.6263032587282567e-19,1.7954044162824971
1.754569840861463,0.0008389055962883489,0.0012166626928714437,0.9974832809622141,-0.0033556301061518534,-0.0033556301061518534,0.0013906621233150563,0.0016854010208263866,0.0016854010208263866,0.000860900850565528,0.00037775709658309476,0.00037775709658309476,1.0011332690408283,0.0015110206653339213,0.0015110206653339213,-7.877599750366882e-38,1.7953812910269793
1.756872425954457,0.0008400889480313349,0.0012177492069404684,0.997479730896243,-0.003360363551727885,-0.003360363551727885,0.0013926155805081045,0.0016893020438393132,0.0016893020438393132,0.0008550124205222248,0.00037766025890913354,0.00037766025890913354,1.0011329785170644,0.0015106332760339886,0.0015106332760339886,-7.861986598164413e-38,1.795358322980885
1.759175011047451,0.0008412642088526682,0.00121882255283719,0.9974762051030327,-0.003365064633671445,-0.003365064633671445,0.0013945556460400032,0.0016931959354201493,0.0016931959354201493,0.0008491640078292039,0.0003775583439845217,0.0003775583439845217,1.0011326727615442,0.0015102255776773149,0.0015102255776773149,-7.846210872473263e-38,1.7953355110786353
1.761477596140445,0.0008424314336963946,0.0012198828335616644,0.9974727034177514,-0.0033697335717579,-0.0033697335717579,0.001396482411336289,0.0016970827893517555,0.0016970827893517555,0.0008433553440637203,0.0003774513998652699,0.0003774513998652698,1.0011323519184363,0.0015097977624887577,0.0015097977624887577,1.0842021724855044e-19,1.7953128542618049
1.763780181233439,0.0008435906771385785,0.001220930151385638,0.9974692256766712,-0.0033743705842906964,-0.0033743705842906964,0.0013983959672034933,0.0017009626988863788,0.0017009626988863788,0.0008375861625551732,0.0003773394742470596,0.00037733947424705956,1.0011320161308281,0.0015093500212518558,0.0015093500212518558,5.421010862427522e-20,1.7952903514790843
1.7660827663264331,0.0008447419933896965,0.001221964607857489,0.9974657717171608,-0.003378975888110932,-0.003378975888110932,0.001400296403833262,0.0017048357567493993,0.0017048357567493993,0.0008318561983743417,0.0003772226144677924,0.0003772226144677925,1.0011316655407332,0.0015088825433190243,0.0015088825433190243,-1.0842021724855044e-19,1.795268001686224
1.7683853514194272,0.0008458854362970179,0.001222986303807137,0.9974623413776789,-0.003383549698606877,-0.003383549698606877,0.001402183810806451,0.0017087020551430595,0.0017087020551430595,0.0008261651883226651,0.0003771008675101189,0.000377100867510119,1.0011313002891002,0.0015083955166216708,0.0015083955166216708,-5.421010862427522e-20,1.7952458038459937
1.7706879365124213,0.0008470210593469691,0.0012239953393509196,0.9974589344977662,-0.0033880922297234353,-0.0033880922297234353,0.001404058277097193,0.0017125616857501648,0.0017125616857501648,0.000820512870921591,0.00037697428000395055,0.00037697428000395055,1.001130920515819,0.0015078891276802432,0.0015078891276802432,-7.765011258472935e-38,1.795223756928129
1.7729905216054154,0.0008481489156674845,0.0012249918138964389,0.9974555509180395,-0.003392603693971546,-0.003392603693971546,0.0014059198910769401,0.0017164147397377635,0.0017164147397377635,0.000814898986401967,0.00037684289822895444,0.0003768428982289544,1.0011305263597288,0.0015073635616142094,0.0015073635616142094,5.421010862427522e-20,1.7952018599092945
1.7752931066984095,0.0008492690580303433,0.001225975826147373,0.9974521904801834,-0.00339708430243753,-0.00339708430243753,0.0014077687405184803,0.001720261307760805,0.001720261307760805,0.0008093232766935001,0.0003767067681170296,0.0003767067681170297,1.0011301179586256,0.0015068190021519617,0.0015068190021519617,-1.0842021724855044e-19,1.7951801117730317
1.7775956917914033,0.0008503815388534905,0.0012269474741082597,0.9974488530269446,-0.0034015342647923754,-0.0034015342647923754,0.0014096049125999256,0.0017241014799657722,0.0017241014799657722,0.0008037854854142639,0.0003765659352547691,0.0003765659352547693,1.0011296954492694,0.0015062556316406636,0.0015062556316406636,-1.6263032587282567e-19,1.7951585115097173
1.7798982768843974,0.0008514864102033455,0.0012279068550892457,0.9974455384021239,-0.0034059537893009716,-0.0034059537893009716,0.0014114284939086787,0.0017279353459942947,0.0017279353459942947,0.0007982853578602691,0.0003764204448859003,0.0003764204448859002,1.0011292589673917,0.0015056736310560112,0.0015056736310560112,1.0842021724855044e-19,1.7951370581165131
1.7822008619773915,0.0008525837237970955,0.0012288540657108063,0.9974422464505702,-0.0034103430828312806,-0.0034103430828312806,0.0014132395704453697,0.0017317629949867369,0.0017317629949867369,0.0007928226409950847,0.000376270341913711,0.00037627034191371083,1.0011288086477026,0.0015050731800119446,0.0015050731800119446,1.6263032587282567e-19,1.7951157505973319
1.7845034470703856,0.0008536735310049741,0.0012297892019084338,0.997438977018173,-0.003414702350863457,-0.003414702350863457,0.0014150382276277708,0.0017355845155857638,0.0017355845155857638,0.0007873970834395196,0.00037611567090345974,0.00037611567090345963,1.0011283446238983,0.001504454456770278,0.001504454456770278,1.0842021724855044e-19,1.7950945879627775
1.7868060321633796,0.0008547558828525284,0.0012307123589372954,0.9974357299518557,-0.0034190317974989093,-0.0034190317974989093,0.0014168245502946839,0.0017393999959398874,0.0017393999959398874,0.000782008435461352,0.00037595647608476703,0.000375956476084767,1.0011278670286676,0.0015038176382502723,0.0015038176382502723,5.421010862427522e-20,1.795073569230116
1.7891086172563737,0.0008558308300228691,0.001231623631376859,0.9974325050995695,-0.003423331625469306,-0.003423331625469306,0.0014185986227098035,0.001743209523706988,0.001743209523706988,0.0007766564489651257,0.00037579280135398985,0.0003757928013539899,1.0011273759937,0.0015031629000381301,0.0015031629000381301,-5.421010862427522e-20,1.7950526934232174
1.7914112023493676,0.0008568984228589088,0.001232523113135491,0.9974293023102857,-0.003427602036145526,-0.003427602036145526,0.0014203605285655553,0.001747013186057814,0.001747013186057814,0.0007713408774819869,0.0003756246902765821,0.00037562469027658206,1.0011268716496922,0.0015024904163964377,0.0015024904163964377,5.421010862427522e-20,1.7950319595725284
1.7937137874423617,0.0008579587113655861,0.0012334108974550216,0.9974261214339899,-0.0034318432295465558,-0.0034318432295465558,0.0014221103509869091,0.001750811069679463,0.001750811069679463,0.0007660614761595899,0.0003754521860894355,0.0003754521860894355,1.0011263541263549,0.0015018003602735308,0.0015018003602735308,-7.5922767480766e-38,1.795011366715013
1.7960163725353557,0.0008590117452120752,0.0012342870769152822,0.9974229623216747,-0.003436055404348328,-0.003436055404348328,0.0014238481725351677,0.0017546032607788351,0.0017546032607788351,0.0007608180017520521,0.000375275331703207,0.000375275331703207,1.0011258235524205,0.0015010929033128007,0.0015010929033128007,-7.574333248304902e-38,1.7949909138941174
1.7983189576283498,0.0008600575737339827,0.0012351517434386102,0.9974198248253336,-0.0034402387578925087,-0.0034402387578925087,0.001425574075211731,0.0017583898450860712,0.0017583898450860712,0.0007556102126099576,0.00037509416970462754,0.0003750941697046275,1.0011252800556494,0.0015003682158619322,0.0015003682158619322,5.421010862427522e-20,1.7949706001597332
1.800621542721344,0.0008610962459355308,0.0012360049882943272,0.9974167087979542,-0.003444393486195228,-0.003444393486195228,0.0014272881404618356,0.0017621709078579648,0.0017621709078579648,0.0007504378686704306,0.0003749087423587962,0.00037490874235879637,1.0011247237628371,0.0014996264669820806,0.0014996264669820806,-1.6263032587282567e-19,1.7949504245681351
1.802924127814338,0.0008621278104917264,0.0012368469021031862,0.9974136140935117,-0.003448519783955761,-0.003448519783955761,0.0014289904491782705,0.0017659465338813565,0.0017659465338813565,0.0007453007314472417,0.0003747190916114598,0.00037471909161145977,1.0011241547998213,0.0014988678244569837,0.0014988678244569837,5.421010862427522e-20,1.7949303861819639
1.805226712907332,0.0008631523157505173,0.0012376775748417883,0.9974105405669625,-0.003452617844565148,-0.003452617844565148,0.0014306810817050694,0.0017697168074765036,0.0017697168074765036,0.0007401985640209911,0.000374525259091271,0.000374525259091271,1.0011235732914878,0.001498092454802005,0.001498092454802005,-7.501480780996037e-38,1.7949104840701655
1.807529298000326,0.0008641698097349344,0.001238497095846973,0.9974074880742378,-0.003456687860114767,-0.003456687860114767,0.001432360117841177,0.001773481812500431,0.001773481812500431,0.0007351311310293257,0.0003743272861120384,0.0003743272861120386,1.0011229793617789,0.001497300523273125,0.001497300523273125,-2.168404344971009e-19,1.7948907173079562
1.80983188309332,0.0008651803401452223,0.0012393055538201779,0.997404456472237,-0.0034607300214048527,-0.0034607300214048527,0.0014340276368440944,0.0017772416323502621,0.0017772416323502621,0.0007300981986572279,0.00037412521367495566,0.00037412521367495555,1.0011223731336976,0.0014964921938758588,0.0014964921938758588,1.0842021724855044e-19,1.7948710849767804
1.812134468186314,0.0008661839543609543,0.0012401030368317692,0.9974014456188217,-0.003464744517952959,-0.003464744517952959,0.0014356837174334983,0.0017809963499665247,0.0017809963499665247,0.0007250995346273373,0.00037391908247081507,0.0003739190824708149,1.001121754729317,0.001495667629374118,0.001495667629374118,1.6263032587282567e-19,1.7948515861642733
1.8144370532793082,0.0008671806994431357,0.0012408896323253453,0.9973984553728091,-0.003468731538002371,-0.003468731538002371,0.001437328437794838,0.0017847460478364401,0.0017847460478364401,0.0007201349081903489,0.00037370893288220957,0.00037370893288220957,1.0011211242697853,0.0014948269912990102,0.0014948269912990102,-7.427028389031828e-38,1.794832219964213
1.8167396383723022,0.0008681706221362942,0.0012416654271220102,0.9973954855939658,-0.0034726912685304674,-0.0034726912685304674,0.0014389618755829092,0.001788490807997191,0.001788490807997191,0.0007152040901154484,0.00037349480498571604,0.00037349480498571593,1.0011204818753319,0.0014939704399575733,0.0014939704399575733,1.0842021724855044e-19,1.794812985476482
1.8190422234652963,0.0008691537688705565,0.0012424305074246202,0.9973925361430017,-0.0034766238952570272,-0.0034766238952570272,0.0014405841079254038,0.0017922307120391673,0.0017922307120391673,0.0007103068526807995,0.0003732767385540636,0.0003732767385540637,1.0011198276652755,0.0014930981344414536,0.0014930981344414536,-1.0842021724855044e-19,1.7947938818070348
1.8213448085582902,0.0008701301857637125,0.001243184958822002,0.9973896068815638,-0.003480529602652484,-0.003480529602652484,0.0014421952114264378,0.0017959658411091932,0.0017959658411091932,0.0007054429696641008,0.00037305477305828974,0.00037305477305828963,1.0011191617580297,0.0014922102326355245,0.0014922102326355245,1.0842021724855044e-19,1.794774908067841
1.8236473936512843,0.0008710999186232665,0.0012439288662931425,0.9973866976722294,-0.003484408573946134,-0.003484408573946134,0.001443795262170055,0.0017996962759137334,0.0017996962759137334,0.0007006122163331699,0.00037282894766987596,0.000372828947669876,1.001118484271109,0.001491306891226436,0.001491306891226436,-5.421010862427522e-20,1.7947560633768624
1.8259499787442783,0.0008720630129484756,0.0012446623142113515,0.9973838083785015,-0.003488260991134288,-0.003488260991134288,0.0014453843357237087,0.0018034220967220796,0.0018034220967220796,0.0006958143694366091,0.000372599301262876,0.0003725993012628759,1.0011177953211357,0.001490388265711118,0.001490388265711118,1.0842021724855044e-19,1.7947373468580028
1.8282525638372724,0.0008730195139323753,0.001245385386348396,0.9973809388648008,-0.0034920870349883747,-0.0034920870349883747,0.0014469625071417205,0.0018071433833695158,0.0018071433833695158,0.000691049207194495,0.000372365872416021,0.00037236587241602076,1.001117095023846,0.0014894545104052097,0.0014894545104052097,2.168404344971009e-19,1.7947187576410748
1.8305551489302665,0.0008739694664637929,0.0012460981658786098,0.9973780889964613,-0.0034958868850629913,-0.0034958868850629913,0.0014485298509687172,0.0018108602152604662,0.0018108602152604662,0.0006863165092891373,0.00037212869941481697,0.00037212869941481697,1.001116383494097,0.001488505778451448,0.001488505778451448,-7.293363473617579e-38,1.7947002948617574
1.8328577340232606,0.0008749129151293473,0.0012468007353829717,0.9973752586397232,-0.0034996607197039084,-0.0034996607197039084,0.001450086441243044,0.0018145726713716204,0.0018145726713716204,0.0006816160568558913,0.0003718878202536245,0.00037188782025362435,1.0011156608458722,0.0014875422218279784,0.0014875422218279784,1.6263032587282567e-19,1.7946819576615518
1.8351603191162544,0.000875849904215438,0.00124749317685316,0.9973724476617275,-0.0035034087160560196,-0.0035034087160560196,0.001451632351500157,0.0018182808302550414,0.0018182808302550414,0.0006769476324740051,0.0003716432726377221,0.00037164327263772203,1.001114927192287,0.0014865639913566207,0.0014865639913566207,5.421010862427522e-20,1.794663745187757
1.8374629042092485,0.0008767804777102199,0.0012481755716955804,0.9973696559305102,-0.0035071310500712455,-0.0035071310500712455,0.0014531676547759928,0.0018219847700412543,0.0018219847700412543,0.0006723110201575342,0.0003713950939853605,0.00037139509398536057,1.001114182645597,0.0014855712367110763,0.0014855712367110763,-5.421010862427522e-20,1.7946456565934212
1.8397654893022426,0.0008777046793055662,0.0012488480007353635,0.9973668833149956,-0.0035108278965163835,-0.0035108278965163835,0.001454692423610316,0.001825684568442312,0.001825684568442312,0.0006677060053463072,0.0003711433214297972,0.00037114332142979727,1.0011134273172018,0.0014845641064250704,0.0014845641064250704,-5.421010862427522e-20,1.794627691037298
1.8420680743952367,0.0008786225523990203,0.0012495105442203408,0.9973641296849914,-0.003514499428980915,-0.003514499428980915,0.0014562067300500454,0.0018293803027548462,0.0018293803027548462,0.0006631323748969261,0.00037088799182132047,0.00037088799182132047,1.0011126613176524,0.0014835427479004482,0.0014835427479004482,-7.195629297382647e-38,1.7946098476838228
1.8443706594882308,0.0008795341400957337,0.0012501632818249903,0.9973613949111825,-0.0035181458198847567,-0.0035181458198847567,0.0014577106456525586,0.0018330720498630968,0.0018330720498630968,0.0006585899170738351,0.00037062914172925656,0.0003706291417292566,1.0011118847566574,0.0014825073074152045,0.0014825073074152045,-5.421010862427522e-20,1.7945921257030684
1.8466732445812248,0.0008804394852103923,0.0012508062926543586,0.9973586788651247,-0.003521767240485969,-0.003521767240485969,0.0014592042414889738,0.0018367598862419222,0.0018367598862419222,0.0006540784215404344,0.0003703668074439663,0.0003703668074439663,1.001111097743088,0.0014814579301314652,0.0014814579301314652,-7.156079182072715e-38,1.794574524270702
1.848975829674219,0.0008813386302691317,0.001251439655247955,0.9973559814192402,-0.0035253638608884127,-0.0035253638608884127,0.0014606875881474114,0.0018404438879597925,0.0018404438879597925,0.0006495976793502409,0.00037010102497882366,0.00037010102497882344,1.0011103003849842,0.0014803947601034076,0.0014803947601034076,2.168404344971009e-19,1.7945570425679578
1.8512784147672128,0.0008822316175114386,0.0012520634475836224,0.9973533024468105,-0.003528935850049357,-0.003528935850049357,0.0014621607557362352,0.0018441241306817614,0.0018441241306817614,0.0006451474829381013,0.0003698318300721838,0.0003698318300721838,1.0011094927895614,0.0014793179402851327,0.0014793179402851327,-7.116292761946927e-38,1.7945396797815945
1.8535809998602069,0.0008831184888920419,0.0012526777470813792,0.9973506418219718,-0.003532483375787044,-0.003532483375787044,0.0014636238138872697,0.0018478006896724224,0.0018478006896724224,0.0006407276261114534,0.00036955925818933725,0.0003695592581893373,1.0011086750632159,0.0014782276125384726,0.0014782276125384726,-5.421010862427522e-20,1.7945224351038576
1.855883584953201,0.0008839992860827907,0.0012532826306072386,0.9973479994197085,-0.003536006604788201,-0.003536006604788201,0.001465076831758999,0.0018514736397988423,0.0018514736397988423,0.0006363379040416449,0.00036928334452444785,0.0003692833445244479,1.0011078473115302,0.0014771239176407536,0.0014771239176407536,-5.421010862427522e-20,1.7945053077324495
1.858186170046195,0.0008848740504745214,0.0012538781744770007,0.9973453751158485,-0.003539505702615506,-0.003539505702615506,0.0014665198780397424,0.0018551430555334815,0.0018551430555334815,0.0006319781132552901,0.0003690041240024793,0.0003690041240024793,1.0011070096392796,0.001476006995292497,0.001476006995292497,-7.056204301804367e-38,1.794488296870485
1.860488755139189,0.0008857428231789122,0.0012544644544600209,0.9973427687870569,-0.0035429808337150096,-0.0035429808337150096,0.0014679530209508122,0.0018588090109570906,0.0018588090109570906,0.0006276480516256875,0.00036872163128110863,0.0003687216312811087,1.001106162150437,0.001474876984125074,0.001474876984125074,-5.421010862427522e-20,1.7944714017264574
1.8627913402321832,0.000886605645030327,0.001255041545782952,0.9973401803108308,-0.0035464321614235078,-0.0035464321614235078,0.0014693763282496487,0.0018624715797615939,0.0018624715797615939,0.0006233475183642744,0.00036843590075262507,0.000368435900752625,1.0011053049481797,0.0014737340217083,0.0014737340217083,5.421010862427522e-20,1.7944546215142092
1.865093925325177,0.0008874625565876457,0.0012556095231334614,0.9973376095654937,-0.003549859847975867,-0.003549859847975867,0.0014707898672329345,0.0018661308352529498,0.0018661308352529498,0.0006190763140121395,0.0003681469665458157,0.0003681469665458158,1.0011044381348941,0.001472578244557979,0.001472578244557979,-1.0842021724855044e-19,1.7944379554528884
1.8673965104181711,0.0008883135981360862,0.0012561684606639258,0.9973350564301903,-0.0035532640545123057,-0.0035532640545123057,0.0014721937047396897,0.0018697868503539984,0.0018697868503539984,0.0006148342404315849,0.0003678548625278396,0.00036785486252783966,1.001103561812182,0.0014714097881433977,0.0014714097881433977,-5.421010862427522e-20,1.7944214027669159
1.8696990955111652,0.0008891588096890113,0.0012567184319950985,0.9973325207848805,-0.0035566449410856273,-0.0035566449410856273,0.0014735879071543468,0.0018734396976072864,0.0018734396976072864,0.0006106211007977267,0.00036755962230608714,0.00036755962230608724,1.001102676080866,0.0014702287868947669,0.0014702287868947669,-1.0842021724855044e-19,1.7944049626859553
1.8720016806041593,0.0008899982309897263,0.0012572595102197535,0.9973300025103349,-0.003560002666668409,-0.003560002666668409,0.0014749725404098037,0.0018770894491778763,0.0018770894491778763,0.0006064366995901571,0.00036726127923002725,0.00036726127923002725,1.0011017810409941,0.0014690353742106053,0.0014690353742106053,-6.934740403756489e-38,1.7943886344448685
1.8743042656971534,0.000890831901513265,0.001257791767906306,0.9973275014881282,-0.003563337389160146,-0.003563337389160146,0.0014763476699904592,0.0018807361768561398,0.0018807361768561398,0.0006022808425846465,0.00036695986639304106,0.0003669598663930411,1.0011008767918472,0.0014678296824650783,0.0014678296824650783,-5.421010862427522e-20,1.7943724172836881
1.8766068507901474,0.0008916598604681639,0.0012583152771024086,0.9973250176006352,-0.0035666492653943474,-0.0035666492653943474,0.001477713360935226,0.00188437995206053,0.00188437995206053,0.000598153336844889,0.00036665541663424486,0.0003666554166342447,1.0010999634319424,0.001466611843015287,0.001466611843015287,1.6263032587282567e-19,1.7943563104475835
1.8789094358831413,0.0008924821467982257,0.0012588301093385216,0.9973225507310247,-0.0035699384511455904,-0.0035699384511455904,0.0014790696778405267,0.0018880208458403385,0.0018880208458403385,0.000594053990714311,0.00036634796254029583,0.0003663479625402959,1.0010990410590404,0.001465381986208496,0.001465381986208496,-5.421010862427522e-20,1.794340313186818
1.8812120209761354,0.000893298799184271,0.001259336335631463,0.9973201007632543,-0.0035732051011365287,-0.0035732051011365287,0.0014804166848632681,0.001891658928878436,0.001891658928878436,0.0005899826138079097,0.00036603753644719184,0.00036603753644719194,1.0010981097701486,0.001464140241389323,0.001464140241389323,-1.0842021724855044e-19,1.7943244247567296
1.8835146060691295,0.0008941098560458794,0.001259834026487932,0.9973176675820655,-0.003576449369044854,-0.003576449369044854,0.0014817544457237965,0.0018952942714939916,0.0018952942714939916,0.000585939017004155,0.0003657241704420524,0.0003657241704420525,1.0010971696615294,0.0014628867369068737,0.0014628867369068737,-1.0842021724855044e-19,1.79430864441768
1.8858171911621235,0.0008949153555431194,0.0012603232519080106,0.9973152510729784,-0.0035796714075102187,-0.0035796714075102187,0.0014830830237088336,0.0018989269436451796,0.0018989269436451796,0.0005819230124369222,0.00036540789636489105,0.00036540789636489116,1.0010962208287024,0.0014616216001218235,0.0014616216001218235,-1.0842021724855044e-19,1.7942929714350357
1.8881197762551176,0.0008957153355782673,0.0012608040813886412,0.9973128511222862,-0.0035828713681411097,-0.0035828713681411097,0.0014844024816743936,0.0019025570149318674,0.0019025570149318674,0.0005779344134874856,0.000365088745810374,0.0003650887458103739,1.001095263366452,0.001460344957413455,0.001460344957413455,5.421010862427522e-20,1.7942774050791288
1.8904223613481117,0.0008965098337975151,0.0012612765839270807,0.9973104676170504,-0.00358604940152168,-0.00358604940152168,0.0014857128820486814,0.0019061845545982853,0.0019061845545982853,0.0005739730347765523,0.0003647667501295657,0.00036476675012956565,1.0010942973688317,0.0014590569341866428,0.0014590569341866428,5.421010862427522e-20,1.7942619446252206
1.8927249464411058,0.0008972988875926677,0.001261740828024333,0.997308100445096,-0.003589205657218539,-0.003589205657218539,0.0014870142868349697,0.0019098096315356811,0.0019098096315356811,0.0005700386921563443,0.00036444194043166555,0.00036444194043166534,1.001093322929169,0.0014577576548787932,0.0014577576548787932,2.168404344971009e-19,1.7942465893534734
1.8950275315340996,0.0008980825341028294,0.0012621968816885572,0.9973057494950057,-0.0035923402837874955,-0.0035923402837874955,0.0014883067576144597,0.0019134323142849577,0.0019134323142849577,0.0005661312027027209,0.0003641143475857279,0.0003641143475857278,1.0010923401400713,0.0014564472429667331,0.0014564472429667331,1.0842021724855044e-19,1.7942313385489164
1.8973301166270937,0.0008988608102160794,0.0012626448124384532,0.9973034146561156,-0.0035954534287802632,-0.0035954534287802632,0.0014895903555491219,0.0019170526710392951,0.0019170526710392951,0.0005622503847073568,0.00036378400222237384,0.0003637840022223738,1.001091349093431,0.0014551258209735494,0.0014551258209735494,5.421010862427522e-20,1.7942161915014145
1.8996327017200878,0.0008996337525711365,0.0012630846873066261,0.9973010958185095,-0.003598545238751117,-0.003598545238751117,0.0014908651413845183,0.0019206707696467517,0.0019206707696467517,0.0005583960576699592,0.0003634509347354897,0.0003634509347354896,1.0010903498804293,0.0014537935104753878,0.0014537935104753878,1.0842021724855044e-19,1.7942011475056336
1.9019352868130819,0.000900401397559014,0.0012635165728429264,0.9972987928730147,-0.0036016158592635126,-0.0036016158592635126,0.0014921311754526052,0.001924286677612855,0.001924286677612855,0.0005545680422905362,0.0003631151752839124,0.0003631151752839124,1.0010893425915435,0.001452450432108193,0.001452450432108193,-6.667231528835387e-38,1.7941862058610085
1.904237871906076,0.0009011637813246629,0.001263940535117769,0.9972965057111964,-0.0036046654348966625,-0.0036046654348966625,0.0014933885176745196,0.0019279004621031717,0.0019279004621031717,0.0005507661604617015,0.00036277675379310615,0.00036277675379310604,1.0010883273165498,0.0014510967055744134,0.0014510967055744134,1.0842021724855044e-19,1.7941713658717144
1.90654045699907,0.0009019209397686054,0.001264356639725429,0.9972942342253532,-0.003607694109252066,-0.003607694109252066,0.001494637227563345,0.0019315121899458638,0.0019315121899458638,0.0005469902352610337,0.00036243569995682355,0.00036243569995682355,1.0010873041445296,0.00144973244964965,0.00144973244964965,-6.625713870977395e-38,1.7941566268466311
1.908843042092064,0.000902672908548558,0.0012647649517873176,0.9972919783085124,-0.003610702024960003,-0.003610702024960003,0.0014958773642268605,0.0019351219276342272,0.0019351219276342272,0.0005432400909434743,0.00036209204323875947,0.00036209204323875963,1.0010862731638743,0.0014483577821892673,0.0014483577821892673,-1.6263032587282567e-19,1.794141988099318
1.911145627185058,0.0009034197230810439,0.001265165535955234,0.9972897378544242,-0.003613689323685986,-0.003613689323685986,0.001497108986370272,0.001938729741329217,0.001938729741329217,0.0005395155529337762,0.0003617458128741902,0.00036174581287419006,1.0010852344622898,0.00144697282013495,0.00144697282013495,1.0842021724855044e-19,1.794127448947971
1.913448212278052,0.0009041614185429952,0.0012655584564145953,0.9972875127575581,-0.003616656146137163,-0.003616656146137163,0.0014983321522989226,0.0019423356968619522,0.0019423356968619522,0.0005358164478189909,0.0003613970378716002,0.0003613970378716001,1.001084188126802,0.0014455776795212183,0.0014455776795212183,5.421010862427522e-20,1.7941130087154042
1.9157507973710461,0.0009048980298733448,0.0012659437768876482,0.9972853029130976,-0.0036196026320686925,-0.0036196026320686925,0.00149954691992099,0.0019459398597362096,0.0019459398597362096,0.0005321426033410036,0.00036104574701430355,0.00036104574701430344,1.0010831342437605,0.0014441724754819005,0.0014441724754819005,1.0842021724855044e-19,1.794098666729013
1.9180533824640402,0.0009056295917746083,0.0012663215606366547,0.9972831082169351,-0.0036225289202900654,-0.0036225289202900654,0.0015007533467501608,0.0019495422951308979,0.0019495422951308979,0.000528493848389109,0.0003606919688620465,0.00036069196886204637,1.001082072898845,0.0014427573222565533,0.0014427573222565533,1.0842021724855044e-19,1.7940844223207477
1.9203559675570343,0.0009063561387144559,0.0012666918704670597,0.997280928565668,-0.003625435148671394,-0.003625435148671394,0.001501951489908292,0.00195314306790252,0.00195314306790252,0.0005248700129926408,0.0003603357317526037,0.00036033573175260375,1.0010810041770692,0.0014413323331968447,0.0014413323331968447,-5.421010862427522e-20,1.7940702748270694
1.9226585526500284,0.0009070777049272735,0.0012670547687306365,0.997278763856593,-0.003628321454149659,-0.003628321454149659,0.001503141406128051,0.0019567422425876163,0.0019567422425876163,0.0005212709283136296,0.000359977063803363,0.000359977063803363,1.001079928162785,0.001439897620772887,0.001439897620772887,-6.479966015929548e-38,1.79405622358894
1.9249611377430222,0.0009077943244157145,0.0012674103173286105,0.9972766139877025,-0.0036311879727349144,-0.0036311879727349144,0.0015043231517555408,0.001960339883405195,0.001960339883405195,0.0005176964266395169,0.000359615992912896,0.000359615992912896,1.0010788449396884,0.0014384532965795276,0.0014384532965795276,-6.459106680264308e-38,1.79404226795178
1.9272637228360163,0.0009085060309522421,0.0012677585777147635,0.9972744788576792,-0.0036340348395164546,-0.0036340348395164546,0.0015054967827529064,0.001963936054259147,0.001963936054259147,0.0005141463413759074,0.0003592525467625215,0.00035925254676252144,1.0010777545908234,0.0014369994713425995,0.0014369994713425995,5.421010862427522e-20,1.794028407265436
1.9295663079290104,0.00090921285808066,0.001268099610898516,0.9972723583658919,-0.0036368621886689427,-0.0036368621886689427,0.001506662354700925,0.0019675308187406424,0.0019675308187406424,0.0005106205070393637,0.000358886752817856,0.000358886752817856,1.0010766571985874,0.0014355362549251212,0.0014355362549251212,-6.417371627804263e-38,1.7940146408841628
1.9318688930220045,0.0009099148391176351,0.001268433477447989,0.9972702524123906,-0.0036396701534584966,-0.0036396701534584966,0.0015078199228015783,0.0019711242401305173,0.0019711242401305173,0.0005071187592502473,0.0003585186383303538,0.0003585186383303538,1.0010755528447346,0.0014340637563334591,0.0014340637563334591,-6.39649826220378e-38,1.7940009681665838
1.9341714781149986,0.0009106120071542097,0.001268760237493046,0.9972681608979025,-0.0036424588662487384,-0.0036424588662487384,0.0015089695418806083,0.001974716381401641,0.001974716381401641,0.0005036409347256022,0.00035814823033883636,0.0003581482303388362,1.0010744416103816,0.0014325820837234452,0.0014325820837234452,1.6263032587282567e-19,1.7939873884756627
1.9364740632079926,0.0009113043950573033,0.001269079950728314,0.9972660837238269,-0.003645228458506805,-0.003645228458506805,0.0015101112663900554,0.0019783073052212687,0.0019783073052212687,0.0005001868712720714,0.0003577755556710106,0.0003577755556710107,1.0010733235760119,0.001431091344406451,0.001431091344406451,-5.421010862427522e-20,1.793973901178682
1.9387766483009865,0.0009119920354712063,0.0012693926764161848,0.997264020792231,-0.0036479790608093176,-0.0036479790608093176,0.0015112451504107817,0.0019818970739533845,0.0019818970739533845,0.0004967564077788741,0.0003574006409449785,0.00035740064094497853,1.0010721988214795,0.0014295916448554217,0.0014295916448554217,-5.421010862427522e-20,1.7939605056472034
1.9410792333939806,0.0009126749608190625,0.0012696984733897953,0.9972619720058457,-0.003650710802848318,-0.003650710802848318,0.001512371247654975,0.001985485749661023,0.001985485749661023,0.0004933493842108039,0.00035702351257073275,0.00035702351257073286,1.001071067426015,0.0014280830907108634,0.0014280830907108634,-1.0842021724855044e-19,1.7939472012570494
1.9433818184869747,0.0009133532033043432,0.0012699974000559891,0.9972599372680605,-0.003653423813437158,-0.003653423813437158,0.0015134896114686386,0.0019890733941085774,0.0019890733941085774,0.0004899656416012883,0.00035664419675164615,0.00035664419675164594,1.0010699294682284,0.0014265657867867983,0.0014265657867867983,2.168404344971009e-19,1.7939339873882674
1.9456844035799687,0.0009140267949123113,0.0012702895143982564,0.99725791648292,-0.0036561182205163615,-0.0036561182205163615,0.001514600294834062,0.0019926600687641,0.0019926600687641,0.0004866050220454751,0.00035626271948594504,0.0003562627194859451,1.0010687850261146,0.001425039837076664,0.001425039837076664,-5.421010862427522e-20,1.7939208634251034
1.9479869886729628,0.0009146957674114759,0.001270574873979657,0.9972559095551186,-0.0036587941511594404,-0.0036587941511594404,0.0015157033503722783,0.001996245834801577,0.001996245834801577,0.00048326736869336973,0.0003558791065681811,0.00035587910656818117,1.0010676341770575,0.001423505344759188,0.001423505344759188,-5.421010862427522e-20,1.7939078287559767
1.950289573765957,0.000915360152355038,0.0012708535359457207,0.9972539163899968,-0.0036614517315786766,-0.0036614517315786766,0.0015167988303455035,0.0019998307531031985,0.0019998307531031985,0.00047995252574300833,0.0003554933835906828,0.0003554933835906827,1.001066476997834,0.0014219624122042062,0.0014219624122042062,1.0842021724855044e-19,1.7938948827734462
1.952592158858951,0.0009160199810823262,0.0012711255570273295,0.997251936893537,-0.003664091087130867,-0.003664091087130867,0.0015178867866595595,0.0020034148842616104,0.0020034148842616104,0.00047666033843367183,0.0003551055759450034,0.00035510557594500337,1.001065313564619,0.001420411140978451,0.001420411140978451,5.421010862427522e-20,1.7938820248741933
1.9548947439519448,0.0009166752847202237,0.0012713909935435819,0.9972499709723586,-0.0036667123423230305,-0.0036667123423230305,0.0015189672708662814,0.0020069982885821502,0.0020069982885821502,0.0004733906530391507,0.00035471570882335827,0.0003547157088233582,1.0010641439529893,0.001418851631851297,0.001418851631851297,5.421010862427522e-20,1.7938692544589774
1.957197329044939,0.0009173260941845861,0.001271649901404635,0.997248018533714,-0.003669315620818079,-0.003669315620818079,0.0015200403341659103,0.002010581026085074,0.002010581026085074,0.0004701433168610317,0.00035432380722004886,0.00035432380722004897,1.001062968237928,0.0014172839848004613,0.0014172839848004613,-1.0842021724855044e-19,1.7938565709326277
1.959499914137933,0.0009179724401816498,0.0012719023361145306,0.9972460794854848,-0.0036719010454404496,-0.0036719010454404496,0.0015211060274094672,0.002014163156507764,0.002014163156507764,0.0004669181782220461,0.000353929895932881,0.00035392989593288084,1.0010617864938285,0.001415708299017673,0.001415708299017673,1.6263032587282567e-19,1.7938439737039993
1.961802499230927,0.0009186143532094309,0.0012721483527739995,0.997244153736177,-0.0036744687381817034,-0.0036744687381817034,0.001522164401101114,0.0020177447393069244,0.0020177447393069244,0.00046371508645944297,0.0003535339995645688,0.00035353399956456865,1.001060598794499,0.0014141246729142947,0.0014141246729142947,1.6263032587282567e-19,1.793831462185956
1.9641050843239212,0.0009192518635591162,0.001272388006083249,0.9972422411949172,-0.0036770188202060873,-0.0036770188202060873,0.0015232155054004973,0.002021325833660765,0.002021325833660765,0.0004605338919184062,0.00035313614252413284,0.0003531361425241329,1.001059405213167,0.001412533204126909,0.001412533204126909,-5.421010862427522e-20,1.7938190357953414
1.9664076694169152,0.0009198850013164441,0.0012726213503447318,0.9972403417714483,-0.003679551411856057,-0.003679551411856057,0.0015242593901250775,0.0020249064984711684,0.0020249064984711684,0.00045737444594551855,0.0003527363490282877,0.0003527363490282877,1.0010582058224824,0.00141093398952287,0.00141093398952287,-6.083716132483197e-38,1.7938066939529504
1.968710254509909,0.0009205137963630769,0.0012728484394658934,0.9972384553761254,-0.00368206663265777,-0.00368206663265777,0.001525296104752441,0.0020284867923658447,0.0020284867923658447,0.0004542366008822533,0.00035233464310281676,0.0003523346431028165,1.0010570006945232,0.0014093271252058038,0.0014093271252058038,2.710505431213761e-19,1.7937944360835087
1.9710128396029032,0.000921138278377965,0.0012730693269619056,0.9972365819199118,-0.0036845646013265363,-0.0036845646013265363,0.0015263256984226002,0.0020320667737004747,0.0020320667737004747,0.0004511202100585165,0.0003519310485839405,0.00035193104858394057,1.0010557899007975,0.0014077127065210862,0.0014077127065210862,-5.421010862427522e-20,1.7937822616156343
1.9733154246958973,0.0009217584768387012,0.0012732840659583772,0.9972347213143749,-0.00368704543577224,-0.00368704543577224,0.0015273482199402734,0.002035646500560834,0.002035646500560834,0.0004480251277862216,0.00035152558911967605,0.000351525589119676,1.00105457351225,0.0014060908280612689,0.0014060908280612689,5.421010862427522e-20,1.7937701699818245
1.9756180097888913,0.000922374421022866,0.0012734927091940498,0.997232873471682,-0.003689509253104721,-0.003689509253104721,0.0015283637177771546,0.002039226030764911,0.002039226030764911,0.00044495120935290574,0.0003511182881711838,0.00035111828817118384,1.0010533515992641,0.0014044615836714784,0.0014044615836714784,-5.421010862427522e-20,1.7937581606184205
1.9779205948818854,0.0009229861400093661,0.001273695309023473,0.9972310383045965,-0.0036919561696391245,-0.0036919561696391245,0.0015293722400741645,0.002042805421865005,0.002042805421865005,0.00044189831101538427,0.00035070916901410706,0.000350709169014107,1.0010521242316668,0.0014028250664547678,0.0014028250664547678,5.421010862427522e-20,1.7937462329655869
1.9802231799748795,0.0009235936626797617,0.0012738919174196642,0.9972292157264738,-0.0036943863009012167,-0.0036943863009012167,0.0015303738346436888,0.0020463847311498157,0.0020463847311498157,0.0004388662899934449,0.0003502982547399026,0.00035029825473990254,1.0010508914787328,0.00140118136877744,0.00140118136877744,5.421010862427522e-20,1.7937343864672837
1.9825257650678734,0.0009241970177195874,0.001274082585976747,0.9972274056512577,-0.0036967997616326616,-0.0036967997616326616,0.0015313685489718003,0.002049964015646518,0.002049964015646518,0.00043585500446357634,0.0003498855682571595,0.0003498855682571595,1.001049653409188,0.001399530582274326,0.001399530582274326,-5.938537895657917e-38,1.7937226205712442
1.9848283501608674,0.000924796233619663,0.0012742673659125756,0.9972256079934755,-0.0036991966657962685,-0.0036991966657962685,0.001532356430220467,0.0020535433321228224,0.0020535433321228224,0.0004328643135527437,0.0003494711322929126,0.0003494711322929126,1.0010484100912131,0.0013978727978540338,0.0013978727978540338,-5.917866403808691e-38,1.793710934728943
1.9871309352538615,0.0009253913386773964,0.0012744463080713389,0.9972238226682352,-0.0037015771265812036,-0.0037015771265812036,0.0015333375252297452,0.002057122737089025,0.002057122737089025,0.0004298940773321922,0.00034905496939394235,0.0003490549693939425,1.0010471615924492,0.001396208105704152,0.001396208105704152,-1.6263032587282567e-19,1.793699328395574
1.9894335203468556,0.0009259823609980784,0.0012746194629261489,0.9972220495912211,-0.0037039412564081656,-0.0037039412564081656,0.001534311880519958,0.0020607022868000422,0.0020607022868000422,0.00042694415681129497,0.0003486371019280704,0.0003486371019280704,1.0010459079799996,0.0013945365952964298,0.0013945365952964298,-5.876582629960113e-38,1.793687801030031
1.9917361054398497,0.0009265693284961682,0.0012747868805816093,0.99722028867869,-0.0037062891669345324,-0.0037062891669345324,0.0015352795422938594,0.0020642820372574343,0.0020642820372574343,0.00042401441393143655,0.00034821755208544106,0.0003482175520854411,1.0010446493204348,0.001392858355391905,0.001392858355391905,-5.421010862427522e-20,1.7936763520948789
1.9940386905328438,0.0009271522688965714,0.0012749486107763695,0.997218539847467,-0.0037086209690594687,-0.0037086209690594687,0.0015362405564387845,0.0020678620442114155,0.0020678620442114155,0.00042110471155993386,0.00034779634187979817,0.00034779634187979806,1.001043385679796,0.0013911734740460094,0.0013911734740460094,1.0842021724855044e-19,1.7936649810563206
1.9963412756258379,0.000927731209735909,0.0012751047028856598,0.9972168030149428,-0.0037109367729290066,-0.0037109367729290066,0.0015371949685287836,0.0020714423631628524,0.0020714423631628524,0.00041821491348399545,0.00034737349314975085,0.00034737349314975085,1.0010421171235997,0.0013894820386136327,0.0013894820386136327,-5.814816358781447e-38,1.7936536873841853
1.9986438607188317,0.0009283061783637788,0.0012752552059238096,0.9972150780990683,-0.003713236687941087,-0.003713236687941087,0.0015381428238267446,0.0020750230493652476,0.0020750230493652476,0.0004153448844047159,0.00034694902756003063,0.0003469490275600308,1.0010408437168397,0.0013877841357541514,0.0013877841357541514,-1.6263032587282567e-19,1.793642470551898
2.000946445811826,0.0009288772019440081,0.001275400168546749,0.9972133650183522,-0.003715520822750572,-0.003715520822750572,0.0015390841672865002,0.0020786041578267148,0.0020786041578267148,0.0004124944899311069,0.0003465229666027406,0.0003465229666027408,1.0010395655239925,0.0013860798514364237,0.0013860798514364237,-2.168404344971009e-19,1.7936313300364597
2.00324903090482,0.0009294443074558984,0.0012755396390544936,0.997211663691857,-0.0037177892852742244,-0.0037177892852742244,0.0015400190435549193,0.0020821857433119353,0.0020821857433119353,0.00040966359657417287,0.0003460953315985951,0.0003460953315985952,1.0010382826090205,0.00138436927094375,0.00138436927094375,-1.0842021724855044e-19,1.7936202653184123
2.0055516159978137,0.0009300075216954621,0.0012756736653936123,0.9972099740391944,-0.003720042182695654,-0.003720042182695654,0.001540947496973988,0.00208576786034411,0.00208576786034411,0.00040685207174100666,0.00034566614369815034,0.0003456661436981503,1.0010369950353752,0.0013826524788787954,0.0013826524788787954,5.421010862427522e-20,1.7936092758818303
2.007854201090808,0.000930566871276651,0.0012758022951596785,0.9972082959805229,-0.0037222796214702314,-0.0037222796214702314,0.0015418695715828739,0.0020893505632068932,0.0020893505632068932,0.00040405978372893983,0.00034523542388302747,0.00034523542388302747,1.001035702866002,0.0013809295591684827,0.0013809295591684827,-5.712345749390721e-38,1.7935983612142825
2.010156786183802,0.000931122382632577,0.0012759255755997049,0.997206629436543,-0.0037245017073299696,-0.0037245017073299696,0.0015427853111199773,0.0020929339059463144,0.0020929339059463144,0.00040128660171971636,0.0003448031929671277,0.0003448031929671278,1.001034406163342,0.0013792005950688498,0.0013792005950688498,-1.0842021724855044e-19,1.7935875208068228
2.012459371276796,0.0009316740820167244,0.001276043553614561,0.9972049743284946,-0.0037267085452883757,-0.0037267085452883757,0.00154369475902497,0.0020965179423726946,0.0020965179423726946,0.0003985323957737078,0.00034436947159783654,0.0003443694715978366,1.0010331049893384,0.0013774656691698684,0.0013774656691698684,-5.421010862427522e-20,1.7935767541539536
2.01476195636979,0.0009322219955041546,0.0012761562757613771,0.9972033305781526,-0.0037289002396452687,-0.0037289002396452687,0.0015445979584408178,0.0021001027260625408,0.0021001027260625408,0.00039579703682416636,0.00034393428025722265,0.00034393428025722254,1.0010317994054367,0.0013757248634002398,0.0013757248634002398,1.0842021724855044e-19,1.7935660607536057
2.0170645414627844,0.0009327661489927035,0.0012762637882559275,0.9972016981078234,-0.003731076893991568,-0.003731076893991568,0.001545494952215794,0.0021036883103604373,0.0021036883103604373,0.0003930803966715005,0.00034349763926322407,0.00034349763926322396,1.0010304894725912,0.0013739782590321417,0.0013739782590321417,1.0842021724855044e-19,1.7935554401071263
2.019367126555778,0.0009333065682041695,0.0012763661369750014,0.997200076840342,-0.003733238611214047,-0.003733238611214047,0.0015463857829054733,0.0021072747483809177,0.0021072747483809177,0.00039038234797760804,0.00034305956877083197,0.0003430595687708318,1.001029175251267,0.0013722259366859583,0.0013722259366859583,1.6263032587282567e-19,1.7935448917192396
2.021669711648772,0.0009338432786854961,0.0012764633674587572,0.9971984666990672,-0.00373538549350006,-0.00373538549350006,0.0015472704927747185,0.0021108620930103336,0.0021108620930103336,0.00038770276426022295,0.00034262008877326133,0.00034262008877326117,1.0010278568014435,0.0013704679763349688,0.0013704679763349688,1.6263032587282567e-19,1.7935344150980361
2.0239722967417664,0.0009343763058099441,0.0012765555249130592,0.9971968676078797,-0.003737517642342238,-0.003737517642342238,0.0015481491237996506,0.0021144503969087046,0.0021144503969087046,0.0003850415198873081,0.0003421792191031152,0.00034217921910311506,1.001026534182619,0.0013687044573099986,0.0013687044573099986,1.6263032587282567e-19,1.7935240097549447
2.0262748818347602,0.000934905674778258,0.0012766426542117992,0.9971952794911773,-0.0037396351585431468,-0.0037396351585431468,0.001549021717669605,0.0021180397125115566,0.0021180397125115566,0.0003823984900714857,0.00034173697943354136,0.00034173697943354125,1.0010252074538126,0.0013669354583040502,0.0013669354583040502,1.0842021724855044e-19,1.793513675204709
2.0285774669277545,0.0009354314106198247,0.0012767247998992045,0.9971937022738718,-0.0037417381422199256,-0.0037417381422199256,0.0015498883157890782,0.0021216300920317566,0.0021216300920317566,0.00037977355086448865,0.00034129338927937973,0.0003412933892793798,1.0010238766735695,0.0013651610573768925,0.0013651610573768925,-5.421010862427522e-20,1.7935034109653714
2.0308800520207484,0.0009359535381938234,0.0012768020061921267,0.9971921358813858,-0.0037438266928088867,-0.0037438266928088867,0.0015507489592796572,0.002125221587461324,0.002125221587461324,0.0003771665791516632,0.00034084846799830335,0.00034084846799830335,1.001022541899962,0.0013633813319596203,0.0013633813319596203,-5.509476270147175e-38,1.7934932165582436
2.0331826371137427,0.0009364720821903694,0.001276874316982318,0.9971905802396491,-0.0037459009090700887,-0.0037459009090700887,0.0015516036889819402,0.0021288142505732437,0.0021288142505732437,0.00037457745264649344,0.0003404022347919488,0.00034040223479194875,1.001021203190596,0.0013615963588591838,0.0013615963588591838,5.421010862427522e-20,1.7934830915078877
2.0354852222067366,0.000936987067131649,0.0012769417758386912,0.9971890352750952,-0.0037479608890918785,-0.0037479608890918785,0.0015524525454574409,0.002132408132923254,0.002132408132923254,0.00037200604988516515,0.0003399547087070422,0.0003399547087070422,1.0010198606026113,0.0013598062142628864,0.0013598062142628864,-5.469274845604911e-38,1.7934730353420953
2.0377878072997304,0.0009374985173730485,0.0012770044260095627,0.997187500914658,-0.0037500067302954064,-0.0037500067302954064,0.0015532955689904822,0.002136003285851638,0.002136003285851638,0.0003694522502211634,0.0003395059086365141,0.00033950590863651416,1.0010185141926866,0.0013580109737428444,0.0013580109737428444,-5.421010862427522e-20,1.7934630475918658
2.0400903923927247,0.000938006457104275,0.001277062310424884,0.9971859770857685,-0.0037520385294391063,-0.0037520385294391063,0.001554132799590077,0.0021395997604849904,0.0021395997604849904,0.00036691593381989873,0.0003390558533206088,0.00033905585332060894,1.001017164017043,0.0013562107122604295,0.0013562107122604295,-1.6263032587282567e-19,1.7934531277913814
2.0423929774857186,0.000938510910350469,0.001277115471698454,0.9971844637163514,-0.0037540563826231523,-0.0037540563826231523,0.001554964276991795,0.002143197607737981,0.002143197607737981,0.00036439698165337926,0.00033860456134798524,0.0003386045613479851,1.0010158101314468,0.001354405504170664,0.001354405504170664,1.6263032587282567e-19,1.7934432754779897
2.044695562578713,0.0009390119009733118,0.0012771639521301204,0.9971829607348217,-0.003756060385293882,-0.003756060385293882,0.0015557900406596194,0.0021467968783151076,0.0021467968783151076,0.00036189527549489837,0.00033815205115680864,0.0003381520511568086,1.0010144525912121,0.0013525954232265994,0.0013525954232265994,5.421010862427522e-20,1.7934334901921793
2.0469981476717067,0.0009395094526721232,0.0012772077937079618,0.9971814680700815,-0.003758050632248193,-0.003758050632248193,0.0015566101297877887,0.0021503976227124303,0.0021503976227124303,0.000359410697913772,0.00033769834103583845,0.00033769834103583856,1.0010130914512054,0.0013507805425836544,0.0013507805425836544,-1.0842021724855044e-19,1.793423771477561
2.0493007327647006,0.0009400035889849547,0.001277247038110459,0.9971799856515167,-0.003760027217637908,-0.003760027217637908,0.001557424583302629,0.002153999891219307,0.002153999891219307,0.0003569431322700991,0.00033724344912550435,0.00033724344912550435,1.001011726765848,0.001348960934803928,0.001348960934803928,-5.349493370148651e-38,1.7934141188808432
2.051603317857695,0.0009404943332896728,0.0012772817267086495,0.9971785134089938,-0.0037619902349741176,-0.0037619902349741176,0.0015582334398643704,0.0021576037339201062,0.0021576037339201062,0.00035449246270955517,0.0003367873934189767,0.0003367873934189767,1.0010103585891197,0.0013471366718604805,0.0013471366718604805,-5.329654953393121e-38,1.7934045319518197
2.0539059029506888,0.0009409817088050369,0.0012773119005682675,0.9971770512728566,-0.0037639397771314846,-0.0037639397771314846,0.0015590367378689543,0.002161209200695916,0.002161209200695916,0.0003520585741582264,0.00033633019176323065,0.00033633019176323054,1.0010089869745613,0.0013453078251415853,0.0013453078251415853,1.0842021724855044e-19,1.7933950102433371
2.056208488043683,0.00094146573859177,0.00127733760045187,0.997175599173923,-0.00376587593635253,-0.00376587593635253,0.0015598345154498282,0.0021648163412262417,0.0021648163412262417,0.00034964135231746604,0.00033587186186009995,0.00033587186186009995,1.0010076119752787,0.00134347446545495,0.00134347446545495,-5.290089597105459e-38,1.79338555331128
2.058511073136677,0.0009419464455536216,0.0012773588668209487,0.9971741570434819,-0.0037677988042518823,-0.0037677988042518823,0.0015606268104797262,0.0021684252049906897,0.0021684252049906897,0.00034724068365878807,0.00033541242126732695,0.0003354124212673271,1.0010062336439447,0.0013416366630319126,0.0013416366630319126,-1.6263032587282567e-19,1.793376160714556
2.060813658229671,0.0009424238524384244,0.0012773757398380266,0.9971727248132898,-0.0037697084718205077,-0.0037697084718205077,0.0015614136605724411,0.0021720358412706457,0.0021720358412706457,0.0003448564554187961,0.00033495188739960237,0.00033495188739960226,1.0010048520328039,0.001339794487531599,0.001339794487531599,1.0842021724855044e-19,1.7933668320150598
2.063116243322665,0.0009428979818391432,0.001277388259368741,0.997171302415568,-0.003771605029429903,-0.003771605029429903,0.0015621951030845812,0.0021756482991509367,0.0021756482991509367,0.00034248855559413456,0.0003344902775295976,0.00033449027752959783,1.0010034671936743,0.0013379480080450614,0.0013379480080450614,-2.168404344971009e-19,1.7933575667776736
2.065418828415659,0.0009433688561949184,0.0012773964649839128,0.9971698897829988,-0.003773488566836269,-0.003773488566836269,0.0015629711751173182,0.0021792626275214887,0.0021792626275214887,0.000340136872936482,0.00033402760878899445,0.00033402760878899435,1.0010020791779506,0.001336097293099382,0.001336097293099382,1.0842021724855044e-19,1.7933483645702282
2.0677214135086532,0.0009438364977921007,0.0012774003959616,0.9971684868487237,-0.0037753591731846535,-0.0037753591731846535,0.001563741913518121,0.0021828788750789703,0.0021828788750789703,0.0003378012969475689,0.0003335638981694994,0.0003335638981694993,1.0010006880366085,0.0013342424106617466,0.0013342424106617466,5.421010862427522e-20,1.7933392249634965
2.070023998601647,0.0009443009287652803,0.0012774000912891411,0.9971670935463387,-0.0037772169370130625,-0.0037772169370130625,0.0015645073548824792,0.0021864970903284235,0.0021864970903284235,0.0003354817178742302,0.00033309916252386086,0.0003330991625238608,1.0009992938202061,0.001332383428143502,0.001332383428143502,5.421010862427522e-20,1.793330147531165
2.0723265836946414,0.0009447621710983094,0.001277395589665179,0.9971657098098923,-0.0037790619462565542,-0.0037790619462565542,0.0015652675355556163,0.002190117321584894,0.002190117321584894,0.00033317802670348697,0.0003326334185668696,0.0003326334185668697,1.0009978965788877,0.001330520412404162,0.001330520412404162,-5.421010862427522e-20,1.7933211318498214
2.0746291687876353,0.0009452202466253166,0.0012773869295016774,0.9971643355738823,-0.0037808942882512956,-0.0037808942882512956,0.0015660224916341872,0.0021937396169750384,0.0021937396169750384,0.0003308901151576629,0.00033216668287636093,0.00033216668287636077,1.0009964963623874,0.001328653429755414,0.001328653429755414,1.6263032587282567e-19,1.7933121774989242
2.0769317538806296,0.0009456751770317167,0.0012773741489259176,0.9971629707732526,-0.0037827140497386008,-0.0037827140497386008,0.0015667722589679698,0.0021973640244387334,0.0021973640244387334,0.0003286178756895234,0.00033169897189420087,0.0003316989718942008,1.0009950932200302,0.0013267825459650695,0.0013267825459650695,5.421010862427522e-20,1.7933032840607983
2.0792343389736234,0.0009461269838552121,0.0012773572857824867,0.9971616153433899,-0.003784521316868936,-0.003784521316868936,0.0015675168731615406,0.0022009905917306665,0.0022009905917306665,0.00032636120147745825,0.00033123030192727475,0.0003312303019272746,1.0009936872007372,0.0013249078262610107,0.0013249078262610107,1.6263032587282567e-19,1.7932944511206004
2.0815369240666173,0.0009465756884867879,0.0012773363776352493,0.9971602692201215,-0.003786316175205904,-0.003786316175205904,0.0015682563695759424,0.002204619366421921,0.002204619366421921,0.00032411998642067707,0.0003307606891484614,0.0003307606891484613,1.0009922783530272,0.001323029335335093,0.001323029335335093,1.0842021724855044e-19,1.7932856782663138
2.0838395091596116,0.000947021312171702,0.0012773114617693063,0.9971589323397115,-0.003788098709730199,-0.003788098709730199,0.0015689907833303385,0.0022082503959015513,0.0022082503959015513,0.00032189412513445535,0.0003302901495976041,0.0003302901495976043,1.0009908667250194,0.0013211471373470265,0.0013211471373470265,-1.6263032587282567e-19,1.793276965088717
2.0861420942526054,0.0009474638760104658,0.0012772825751929421,0.9971576046388587,-0.003789869004843533,-0.003789869004843533,0.0015697201493036564,0.002211883727378144,0.002211883727378144,0.0003196835129453943,0.00032981869918247624,0.0003298186991824763,1.0009894523644376,0.0013192612959282354,0.0013192612959282354,-5.421010862427522e-20,1.7932683111813723
2.0884446793455997,0.0009479034009598215,0.001277249754639556,0.9971562860546929,-0.0037916271443725444,-0.0037916271443725444,0.0015704445021362224,0.002215519407881376,0.002215519407881376,0.0003174880458867178,0.0003293463536797345,0.0003293463536797345,1.0009880353186116,0.0013173718741856795,0.0013173718741856795,-5.017557019624057e-38,1.793259716140606
2.0907472644385936,0.0009483399078337106,0.0012772130365695821,0.9971549765247721,-0.003793373211572671,-0.003793373211572671,0.0015711638762313817,0.002219157484263557,0.002219157484263557,0.00031530762069359865,0.0003288731287358714,0.0003288731287358715,1.0009866156344809,0.0013154789347056576,0.0013154789347056576,-1.0842021724855044e-19,1.7932511795654893
2.0930498495315875,0.0009487734173042376,0.0012771724571723965,0.9971536759870803,-0.003795107289132005,-0.003795107289132005,0.001571878305757111,0.0022227980032011674,0.0022227980032011674,0.00031314213479851364,0.0003283990398681589,0.00032839903986815896,1.0009851933585974,0.0013135825395575811,0.0013135825395575811,-5.421010862427522e-20,1.7932427010578158
2.0953524346245818,0.000949203949902626,0.0012771280523682102,0.9971523843800236,-0.0037968294591751188,-0.0037968294591751188,0.0015725878246476178,0.002226441011196383,0.002226441011196383,0.00031099148632662723,0.00032792410246558436,0.00032792410246558425,1.0009837685371283,0.0013116827502977222,0.0013116827502977222,1.0842021724855044e-19,1.7932342802220924
2.0976550197175756,0.0009496315260201693,0.0012770798578099502,0.9971511016424285,-0.0037985398032668663,-0.0037985398032668663,0.0015732924666049307,0.0022300865545785884,0.0022300865545785884,0.0003088555740912085,0.00032744833178978097,0.0003274483317897809,1.0009823412158583,0.0013097796279729346,0.0013097796279729346,5.421010862427522e-20,1.7932259166655076
2.09995760481057,0.0009500561659091748,0.0012770279088851267,0.9971498277135379,-0.003800238402416159,-0.003800238402416159,0.0015739922651004778,0.002233734679505891,0.002233734679505891,0.0003067342975890689,0.00032697174297595204,0.00032697174297595193,1.0009809114401933,0.0013078732331243477,0.0013078732331243477,1.0842021724855044e-19,1.7932176099979276
2.102260189903564,0.0009504778896839011,0.0012769722407176896,0.9971485625330091,-0.0038019253370797186,-0.0038019253370797186,0.0015746872533766556,0.0022373854319666106,0.0022373854319666106,0.00030462755699604046,0.0003264943510337886,0.0003264943510337885,1.000979479255162,0.00130596362579104,0.00130596362579104,1.0842021724855044e-19,1.793209359831868
2.104562774996558,0.0009508967173214906,0.0012769128881698702,0.9971473060409108,-0.003803600687165802,-0.003803600687165802,0.0015753774644483858,0.0022410388577807764,0.0022410388577807764,0.0003025352531624693,0.0003260161708483793,0.00032601617084837954,1.0009780447054204,0.0013040508655136787,0.0013040508655136787,-2.168404344971009e-19,1.7932011657824825
2.106865360089552,0.000951312668662894,0.0012768498858440112,0.9971460581777203,-0.0038052645320379034,-0.0038052645320379034,0.0015760629311046637,0.002244695002601598,0.002244695002601598,0.00030045728760875264,0.00032553721718111726,0.00032553721718111726,1.0009766078352522,0.0013021350113381416,0.0013021350113381416,-4.865556370289119e-38,1.7931930274675374
2.109167945182546,0.0009517257634137904,0.001276783268084385,0.9971448188843205,-0.003806916950518434,-0.003806916950518434,0.001576743685910094,0.00224835391191694,0.00224835391191694,0.0002983935625208905,0.00032505750467059477,0.0003250575046705947,1.0009751686885737,0.0013002161218191063,0.0013002161218191063,5.421010862427522e-20,1.7931849445074033
2.11147053027554,0.0009521360211455005,0.001276713068978999,0.9971435881019974,-0.0038085580208923725,-0.0038085580208923725,0.0015774197612064187,0.002252015631050786,0.002252015631050786,0.0002963439807460739,0.0003245770478334985,0.0003245770478334985,1.0009737273089345,0.0012982942550236235,0.0012982942550236235,-4.828005377786894e-38,1.7931769165250282
2.113773115368534,0.0009525434612958933,0.0012766393223613878,0.9971423657724376,-0.003810187820910894,-0.003810187820910894,0.0015780911891140315,0.0022556802051646816,0.0022556802051646816,0.00029430844578830017,0.0003240958610654946,0.00032409586106549445,1.0009722837395219,0.0012963694685346572,0.0012963694685346572,1.6263032587282567e-19,1.7931689431459283
2.1160757004615283,0.0009529481031702881,0.0012765620618123948,0.9971411518377251,-0.0038118064277949774,-0.0038118064277949774,0.0015787580015334864,0.0022593476792591876,0.0022593476792591876,0.00029228686180401194,0.00032361395864210666,0.0003236139586421067,1.0009708380231623,0.0012944418194546017,0.0012944418194546017,-5.421010862427522e-20,1.7931610239981668
2.118378285554522,0.0009533499659423489,0.0012764813206619405,0.997139946240339,-0.0038134139182389843,-0.0038134139182389843,0.0015794202301469915,0.002263018098175306,0.002263018098175306,0.00029027913359777017,0.0003231313547195913,0.00032313135471959153,1.000969390202325,0.0012925113644087776,0.0012925113644087776,-2.168404344971009e-19,1.793153158712334
2.1206808706475164,0.0009537490686549749,0.0012763971319907795,0.9971387489231505,-0.0038150103684142177,-0.0038150103684142177,0.0015800779064198956,0.002266691506595911,0.002266691506595911,0.0002882851666179489,0.0003226480633358045,0.0003226480633358046,1.0009679403191227,0.0012905781595489003,0.0012905781595489003,-1.0842021724855044e-19,1.793145346921535
2.1229834557405103,0.0009541454302211827,0.0012763095286322447,0.9971375598294208,-0.0038165958539724543,-0.0038165958539724543,0.0015807310616021647,0.002270367949047162,0.002270367949047162,0.00028630486695246227,0.0003221640984110621,0.00032216409841106207,1.0009664884153175,0.0012886422605565247,0.0012886422605565247,5.421010862427522e-20,1.7931375882613718
2.125286040833504,0.0009545390694249847,0.001276218543173981,0.9971363789027978,-0.003818170450049456,-0.003818170450049456,0.0015813797267298477,0.002274047469899914,0.002274047469899914,0.00028433814132451565,0.00032167947374899653,0.00032167947374899637,1.0009650345323198,0.001286703722646468,0.001286703722646468,1.6263032587282567e-19,1.7931298823699238
2.1275886259264984,0.0009549300049222607,0.0012761242079596651,0.997135206087314,-0.0038197342312684575,-0.0038197342312684575,0.0015820239326265317,0.002277730113371116,0.002277730113371116,0.00028238489708838356,0.00032119420303740445,0.0003211942030374044,1.000963578711193,0.001284762600570203,0.001284762600570203,5.421010862427522e-20,1.79312222888773
2.1298912110194923,0.000955318255241624,0.0012760265550907158,0.9971340413273835,-0.003821287271743628,-0.003821287271743628,0.0015826637099047895,0.0022814159235251983,0.0022814159235251983,0.0002804450422252197,0.00032070829984909174,0.0003207082998490918,1.0009621209926556,0.001282818948619235,0.001282818948619235,-5.421010862427522e-20,1.7931146274577812
2.1321937961124866,0.0009557038387852813,0.0012759256164279916,0.9971328845677998,-0.0038228296450835164,-0.0038228296450835164,0.0015832990889676159,0.0022851049442754613,0.0022851049442754613,0.000278518485338885,0.00032022177764271046,0.0003202217776427103,1.0009606614170838,0.00128087282062845,0.00128087282062845,1.6263032587282567e-19,1.7931070777254934
2.1344963812054805,0.0009560867738298874,0.001275821423593476,0.9971317357537329,-0.0038243614243944637,-0.0038243614243944637,0.0015839301000098538,0.002288797219385441,0.002288797219385441,0.00027660513565181354,0.0003197346497635884,0.00031973464976358854,1.0009592000245133,0.0012789242699794401,0.0012789242699794401,-1.6263032587282567e-19,1.7930995793386915
2.1367989662984748,0.0009564670785273946,0.001275714007971953,0.9971305948307271,-0.0038258826822840045,-0.0038258826822840045,0.0015845567730196134,0.0022924927924702822,0.0022924927924702822,0.0002747049030008915,0.0003192469294445584,0.00031924692944455845,1.000957736854643,0.0012769733496038075,0.0012769733496038075,-5.421010862427522e-20,1.7930921319476067
2.1391015513914686,0.0009568447709058951,0.00127560340071267,0.997129461744698,-0.0038273934908642352,-0.0038273934908642352,0.001585179137779677,0.0022961917069980876,0.0022961917069980876,0.00027281769783337747,0.0003187586298067749,0.0003187586298067749,1.000956271946836,0.0012750201119864448,0.0012750201119864448,-4.6066270384551787e-38,1.7930847352048414
2.1414041364844625,0.0009572198688704592,0.0012754896327309892,0.9971283364419306,-0.003828893921755168,-0.003828893921755168,0.0015857972238689005,0.002299894006291272,0.002299894006291272,0.00027094343120283515,0.00031826976386052993,0.00031826976386053,1.0009548053401236,0.0012730646091687887,0.0012730646091687887,-5.421010862427522e-20,1.7930773887653633
2.143706721577457,0.0009575923902039675,0.0012753727347100292,0.9971272188690761,-0.0038303840460880575,-0.0038303840460880575,0.0015864110606636003,0.0023035997335279002,0.0023035997335279002,0.00026908201476510133,0.00031778034450606174,0.00031778034450606174,1.0009533370732062,0.0012711068927520595,0.0012711068927520595,-4.570401208380445e-38,1.7930700922864908
2.1460093066704506,0.0009579623525679369,0.0012752527371022932,0.9971261089731501,-0.0038318639345087066,-0.0038318639345087066,0.001587020677338933,0.0023073089317430183,0.0023073089317430183,0.00026723336077427576,0.00031729038453435636,0.0003172903845343563,1.000951867184457,0.0012691470139004663,0.0012691470139004663,5.421010862427522e-20,1.7930628454278745
2.148311891763445,0.0009583297735033422,0.0012751296701312886,0.9971250067015298,-0.0038333336571807525,-0.0038333336571807525,0.0015876261028702665,0.0023110216438299784,0.0023110216438299784,0.00026539738207873937,0.0003167998966279463,0.00031679989662794646,1.0009503957119237,0.001267185023344402,0.001267185023344402,-1.6263032587282567e-19,1.7930556478514745
2.150614476856439,0.0009586946704314314,0.001275003563793133,0.9971239120019514,-0.003834793283788927,-0.003834793283788927,0.0015882273660345401,0.0023147379125417534,0.0023147379125417534,0.0002635739921171927,0.00031630889336170173,0.00031630889336170173,1.0009489226933308,0.0012652209713836056,0.0012652209713836056,-4.516429613796006e-38,1.7930484992215605
2.1529170619494327,0.0009590570606545361,0.0012748744478581514,0.9971228248225078,-0.0038362428835422998,-0.0038362428835422998,0.0015888244954116164,0.0023184577804922467,0.0023184577804922467,0.0002617631049147263,0.00031581738720361523,0.00031581738720361534,1.0009474481660823,0.001263254907890306,0.001263254907890306,-1.0842021724855044e-19,1.7930413992046843
2.155219647042427,0.0009594169613568763,0.0012747423518724614,0.9971217451116466,-0.0038376825251774955,-0.0038376825251774955,0.0015894175193856249,0.00232218129015759,0.00232218129015759,0.0002599646350789139,0.0003153253905155853,0.00031532539051558513,1.000945972167264,0.0012612868823123503,0.0012612868823123503,1.6263032587282567e-19,1.7930343474696617
2.157522232135421,0.0009597743896053596,0.0012746073051595477,0.9971206728181671,-0.003839112276961892,-0.003839112276961892,0.0015900064661462945,0.0023259084838774353,0.0023259084838774353,0.00025817849779592755,0.00031483291555418826,0.00031483291555418804,1.0009444947336457,0.0012593169436762985,0.0012593169436762985,2.168404344971009e-19,1.7930273436875708
2.159824817228415,0.0009601293623503757,0.0012744693368218255,0.997119607891218,-0.0038405322066967984,-0.0038405322066967984,0.0015905913636902788,0.00232963940385624,0.00232963940385624,0.0002564046088266842,0.00031433997447144994,0.0003143399744714498,1.0009430159016834,0.0012573451405905036,0.0012573451405905036,1.6263032587282567e-19,1.793020387531723
2.162127402321409,0.0009604818964265849,0.0012743284757421947,0.9971185502802954,-0.0038419423817206083,-0.0038419423817206083,0.0015911722398224714,0.002333374092164538,0.002333374092164538,0.00025464288450301057,0.0003138465793156097,0.0003138465793156098,1.000941535707522,0.0012553715212481704,0.0012553715212481704,-1.0842021724855044e-19,1.7930134786776553
2.1644299874144033,0.0009608320085537019,0.0012741847505855814,0.9971174999352402,-0.0038433428689119355,-0.0038433428689119355,0.0015917491221573133,0.0023371125907402186,0.0023371125907402186,0.00025289324172383617,0.00031335274203187955,0.00031335274203187944,1.000940054186997,0.00125339613343039,0.00125339613343039,1.0842021724855044e-19,1.7930066168031131
2.166732572507397,0.0009611797153372745,0.001274038189800471,0.997116456806236,-0.003844733734692727,-0.003844733734692727,0.0015923220381200906,0.0023408549413897737,0.0023408549413897737,0.0002511555979514124,0.0003128584744631964,0.00031285847446319655,1.0009385713756374,0.001251419024509157,0.001251419024509157,-1.6263032587282567e-19,1.792999801588036
2.169035157600391,0.0009615250332694561,0.001273888821620429,0.997115420843806,-0.0038461150450313573,-0.0038461150450313573,0.0015928910149482238,0.0023446011857895612,0.0023446011857895612,0.00024942987120755067,0.0003123637883509727,0.0003123637883509729,1.0009370873086674,0.0012494402414503585,0.0012494402414503585,-2.168404344971009e-19,1.7929930327145414
2.1713377426933853,0.0009618679787297743,0.0012737366740656118,0.9971143919988118,-0.0038474868654456984,-0.0038474868654456984,0.0015934560796925484,0.0023483513654870467,0.0023483513654870467,0.0002477159800698906,0.0003118686953358375,0.0003118686953358375,1.0009356020210087,0.001247459830816749,0.001247459830816749,-4.357196590927958e-38,1.7929863098669103
2.173640327786379,0.0009622085679858937,0.0012735817749442693,0.9971133702224506,-0.0038488492610061716,-0.0038488492610061716,0.0015940172592185866,0.0023521055219020374,0.0023521055219020374,0.0002460138436681892,0.00031137320695837566,0.00031137320695837566,1.0009341155472835,0.0012454778387709056,0.0012454778387709056,-4.3397552362250784e-38,1.7929796327315757
2.1759429128793735,0.0009625468171943737,0.0012734241518542334,0.9971123554662525,-0.0038502022963387826,-0.0038502022963387826,0.001594574580207811,0.002355863696327919,0.002355863696327919,0.00024432338168063335,0.00031087733465985976,0.0003108773346598597,1.0009326279218151,0.001243494311078151,0.001243494311078151,5.421010862427522e-20,1.792973000997102
2.1782454979723673,0.0009628827424014212,0.0012732638321843997,0.997111347682079,-0.0038515460356281276,-0.0038515460356281276,0.0015951280691588988,0.0023596259299328735,0.0023596259299328735,0.00024264451433017906,0.0003103810897829783,0.00031038108978297845,1.0009311391786322,0.0012415092931094712,0.0012415092931094712,-1.6263032587282567e-19,1.7929664143541788
2.1805480830653616,0.000963216359543639,0.0012731008431161976,0.9971103468221204,-0.0038528805426203882,-0.0038528805426203882,0.0015956777523889797,0.0023633922637610973,0.0023633922637610973,0.000240977162380912,0.0003098844835725585,0.0003098844835725586,1.000929649351469,0.0012395228298444022,0.0012395228298444022,-1.0842021724855044e-19,1.7929598724955935
2.1828506681583555,0.0009635476844487677,0.0012729352116250504,0.9971093528388933,-0.0038542058806262996,-0.0038542058806262996,0.0015962236560348717,0.002367162738734007,0.002367162738734007,0.00023932124713443232,0.00030938752717628293,0.0003093875271762827,1.0009281584737686,0.001237534965873902,0.001237534965873902,2.168404344971009e-19,1.7929533751162336
2.1851532532513493,0.000963876732836424,0.0012727669644818254,0.9971083656852391,-0.0038555221125241065,-0.0038555221125241065,0.001596765806054312,0.002370937395651441,0.002370937395651441,0.00023767669042626117,0.0003088902316454015,0.00030889023164540135,1.0009266665786845,0.0012355457454031951,0.0012355457454031951,1.6263032587282567e-19,1.7929469219130614
2.1874558383443437,0.0009642035203188341,0.0012725961282542748,0.997107385314321,-0.0038568293007624887,-0.0038568293007624887,0.0015973042282271786,0.0023747162751928553,0.0023747162751928553,0.0002360434146222755,0.0003083926079354407,0.0003083926079354407,1.0009251736990838,0.0012335552122546105,0.0012335552122546105,-4.2361746561051914e-38,1.792940512585099
2.1897584234373375,0.0009645280624015607,0.0012724227293084652,0.9971064116796223,-0.003858127507363479,-0.003858127507363479,0.0015978389481567015,0.0023784994179185037,0.0023784994179185037,0.00023442134261516067,0.00030789466690690455,0.00030789466690690455,1.0009236798675478,0.0012315634098703817,0.0012315634098703817,-4.2190900192524437e-38,1.7929341468334201
2.192061008530332,0.000964850374484227,0.0012722467938102,0.9971054447349443,-0.0038594167939253526,-0.0038594167939253526,0.0015983699912706696,0.002382286864270624,0.002382286864270624,0.00023281039782088533,0.00030739641932597285,0.00030739641932597296,1.000922185116375,0.0012295703813154472,0.0012295703813154472,-1.0842021724855044e-19,1.7929278243611397
2.1943635936233257,0.0009651704718612348,0.0012720683477264283,0.9971044844344037,-0.0038606972216255002,-0.0038606972216255002,0.0015988973828226262,0.002386078654574604,0.002386078654574604,0.0002312105041752077,0.0003068978758651934,0.0003068978758651935,1.000920689477583,0.0012275761692802129,0.0012275761692802129,-1.0842021724855044e-19,1.792921544873385
2.1966661787163195,0.000965488369722478,0.001271887416826648,0.9971035307324309,-0.0038619688512232853,-0.0038619688512232853,0.0015994211478930574,0.0023898748290401496,0.0023898748290401496,0.0002296215861301928,0.0003063990471041702,0.00030639904710417,1.0009191929829109,0.0012255808160833068,0.0012255808160833068,1.6263032587282567e-19,1.7929153080772993
2.198968763809314,0.0009658040831540515,0.0012717040266842967,0.9971025835837676,-0.003863231743062876,-0.003863231743062876,0.001599941311390574,0.002393675427762443,0.002393675427762443,0.00022804356865076137,0.00030589994353024536,0.00030589994353024525,1.0009176956638204,0.001223584363674311,0.001223584363674311,1.0842021724855044e-19,1.7929091136820137
2.2012713489023077,0.000966117627138955,0.0012715182026781344,0.9971016429434648,-0.003864485957076063,-0.003864485957076063,0.0016004578980530822,0.00239748049072329,0.00239748049072329,0.00022647637721125732,0.0003054005755391794,0.0003054005755391794,1.0009161975514993,0.0012215868536364746,0.0012215868536364746,-4.134437879595852e-38,1.7929029613986442
2.203573933995302,0.000966429016557793,0.0012713299699936152,0.9971007087668808,-0.0038657315527850563,-0.0038657315527850563,0.0016009709324489503,0.002401290057792269,0.002401290057792269,0.00022491993779203605,0.0003049009534358223,0.00030490095343582225,1.0009146986768618,0.0012195883271894047,0.0012195883271894047,5.421010862427522e-20,1.7928968509402738
2.205876519088296,0.0009667382661894686,0.0012711393536242524,0.9970997810096789,-0.0038669685893052645,-0.0038669685893052645,0.0016014804389781635,0.0024051041687278636,0.0024051041687278636,0.0002233741768760802,0.000304401087434784,0.00030440108743478385,1.0009131990705515,0.0012175888251917451,0.0012175888251917451,1.6263032587282567e-19,1.7928907820219384
2.20817910418129,0.000967045390711874,0.001270946378372971,0.9970988596278253,-0.0038681971253480547,-0.0038681971253480547,0.001601986441873474,0.002408922863178596,0.002408922863178596,0.00022183902144563088,0.00030390098766109713,0.00030390098766109696,1.0009116987629443,0.0012155883881438292,0.0012155883881438292,1.6263032587282567e-19,1.7928847543606163
2.210481689274284,0.0009673504047025762,0.0012707510688534534,0.9970979445775874,-0.0038694172192234935,-0.0038694172192234935,0.0016024889652015422,0.0024127461806841472,0.0024127461806841472,0.00022031439897884624,0.00030340066415087736,0.0003034006641508772,1.0009101977841477,0.00121358705619032,0.00121358705619032,1.6263032587282567e-19,1.7928787676752111
2.212784274367278,0.0009676533226394973,0.0012705534494914744,0.9970970358155314,-0.0038706289288430724,-0.0038706289288430724,0.0016029880328640696,0.002416574160676479,0.002416574160676479,0.00021880023744647842,0.0003029001268519772,0.0003029001268519771,1.000908696164006,0.0012115848691228253,0.0012115848691228253,1.0842021724855044e-19,1.7928728216865446
2.215086859460272,0.0009679541589015912,0.001270353544526228,0.9970961332985205,-0.0038718323117224104,-0.0038718323117224104,0.0016034836685989253,0.002420406842480939,0.002420406842480939,0.0002172964653085728,0.0003023993856246368,0.0003023993856246368,1.0009071939320993,0.0012095818663825017,0.0012095818663825017,-4.0345598563900204e-38,1.7928669161173363
2.217389444553266,0.000968252927769515,0.0012701513780116445,0.9970952369837128,-0.003873027424983942,-0.003873027424983942,0.0016039758959812628,0.002424244265317365,0.002424244265317365,0.00021580301151119129,0.0003018984502421294,0.0003018984502421295,1.0009056911177479,0.0012075780870626361,0.0012075780870626361,-1.0842021724855044e-19,1.792861050692196
2.2196920296462603,0.0009685496434262967,0.0012699469738176987,0.9970943468285591,-0.0038742143253595873,-0.0038742143253595873,0.001604464738424633,0.0024280864683011863,0.0024280864683011863,0.00021431980548315157,0.0003013973303914018,0.00030139733039140197,1.0009041877500122,0.0012055735699112074,0.0012055735699112074,-1.6263032587282567e-19,1.792855225137612
2.221994614739254,0.0009688443199579973,0.00126974035563171,0.9970934627908014,-0.003875393069193401,-0.003875393069193401,0.0016049502191820845,0.002431933490444506,0.002431933490444506,0.00021284677713279427,0.00030089603567371245,0.0003008960356737126,1.0009026838576964,0.0012035683533334388,0.0012035683533334388,-1.6263032587282567e-19,1.792849439181931
2.2242971998322485,0.0009691369713543704,0.0012695315469596312,0.9970925848284703,-0.00387656371244421,-0.00387656371244421,0.0016054323613472617,0.0024357853706571935,0.0024357853706571935,0.00021138385684476524,0.00030039457560526104,0.00030039457560526077,1.0009011794693492,0.0012015624753943148,0.0012015624753943148,2.710505431213761e-19,1.7928436925553555
2.2265997849252424,0.0009694276115095147,0.001269320571127332,0.9970917128998835,-0.0038777263106882227,-0.0038777263106882227,0.0016059111878554912,0.0024396421477479546,0.0024396421477479546,0.00020993097547682292,0.0002998929596178173,0.00029989295961781735,1.0008996746132655,0.0011995559738211055,0.0011995559738211055,-5.421010862427522e-20,1.79283798498992
2.228902370018236,0.0009697162542225247,0.0012691074512818708,0.9970908469636439,-0.0038788809191216338,-0.0038788809191216338,0.0016063867214848634,0.002443503860425408,0.002443503860425408,0.00020848806435666426,0.000299391197059346,0.00029939119705934614,1.0008981693174894,0.0011975488860058495,0.0011975488860058495,-1.6263032587282567e-19,1.7928323162194877
2.2312049551112305,0.0009700029131981354,0.0012688922103927583,0.9970899869786372,-0.0038800275925632024,-0.0038800275925632024,0.0016068589848573065,0.0024473705472991473,0.0024473705472991473,0.00020705505527877132,0.00029888929719462296,0.00029888929719462296,1.0008966636098153,0.001195541249007831,0.001195541249007831,-3.9203981255407883e-38,1.7928266859797362
2.2335075402042244,0.0009702876020473632,0.0012686748712532141,0.9970891329040302,-0.003881166385456814,-0.003881166385456814,0.0016073280004396517,0.0024512422468807972,0.0024512422468807972,0.00020563188050128108,0.00029838726920585113,0.00029838726920585097,1.0008951575177898,0.0011935330995560423,0.0011935330995560423,1.6263032587282567e-19,1.7928210940081413
2.2358101252972187,0.0009705703342881429,0.0012684554564814125,0.9970882846992692,-0.0038822973518740306,-0.0038822973518740306,0.0016077937905446932,0.0024551189975850706,0.0024551189975850706,0.00020421847274287183,0.0002978851221932695,0.0002978851221932696,1.0008936510687134,0.0011915244740516194,0.0011915244740516194,-1.0842021724855044e-19,1.7928155400439698
2.2381127103902125,0.0009708511233459594,0.0012682339885217212,0.997087442324078,-0.0038834205455166165,-0.0038834205455166165,0.0016082563773322394,0.0024590008377308094,0.0024590008377308094,0.0002028147651796739,0.0002973828651757618,0.00029738286517576177,1.0008921442896432,0.0011895154085702683,0.0011895154085702683,5.421010862427522e-20,1.792810023828263
2.2404152954832064,0.000971129982554477,0.0012680104896459308,0.9970866057384553,-0.003884536019719054,-0.003884536019719054,0.001608715782810158,0.0024628878055420276,0.0024628878055420276,0.00020142069144219666,0.0002968805070914541,0.0002968805070914538,1.0008906372073931,0.001187505938864669,0.001187505938864669,2.710505431213761e-19,1.792804545103826
2.2427178805762007,0.0009714069251561616,0.0012677849819544766,0.9970857749026738,-0.0038856438274510368,-0.0038856438274510368,0.0016091720288354137,0.002466779939148944,0.002466779939148944,0.0002000361856122779,0.0002963780567983149,0.000296378056798315,1.0008891298485372,0.0011854961003668696,0.0011854961003668696,-1.0842021724855044e-19,1.7927991036152187
2.2450204656691946,0.0009716819643029019,0.0012675574873776505,0.997084949777278,-0.003886744021319949,-0.003886744021319949,0.0016096251371150983,0.0024706772765890057,0.0024706772765890057,0.00019866118222005457,0.0002958755230747487,0.0002958755230747486,1.000887622239411,0.001183485928190653,0.001183485928190653,1.0842021724855044e-19,1.7927936991087388
2.247323050762189,0.0009719551130566242,0.0012673280276768069,0.9970841303230819,-0.0038878366535733287,-0.0038878366535733287,0.0016100751292074554,0.0024745798558079165,0.0024745798558079165,0.0001972956162409486,0.0002953729146201828,0.00029537291462018267,1.0008861144061123,0.0011814754571338989,0.0011814754571338989,1.0842021724855044e-19,1.7927883313324156
2.2496256358551827,0.0009722263843899041,0.0012670966244455583,0.9970833165011679,-0.003888921776101312,-0.003888921776101312,0.0016105220265228955,0.002478487714660645,0.002478487714660645,0.00019593942309267803,0.0002948702400556542,0.0002948702400556542,1.0008846063745045,0.001179464721680921,0.001179464721680921,-3.793053270480665e-38,1.7927830000359934
2.251928220948177,0.0009724957911865738,0.0012668632991109632,0.9970825082728844,-0.003889999440439064,-0.003889999440439064,0.001610965850325008,0.00248240089091244,0.00248240089091244,0.00019459253863228357,0.0002943675079243897,0.0002943675079243894,1.0008830981702173,0.001177453756004789,0.001177453756004789,2.710505431213761e-19,1.7927777049709206
2.254230806041171,0.0009727633462423251,0.0012666280729347063,0.9970817055998444,-0.0038910696977691906,-0.0038910696977691906,0.0016114066217315615,0.0024863194222398267,0.0024863194222398267,0.00019325489915317674,0.00029386472669238115,0.0002938647266923812,1.0008815898186485,0.0011754425939696348,0.0011754425939696348,-5.421010862427522e-20,1.7927724458903422
2.2565333911341647,0.0009730290622653092,0.001266390967014271,0.9970809084439236,-0.003892132598924136,-0.003892132598924136,0.0016118443617155031,0.0024902433462316133,0.0024902433462316133,0.00019192644138220583,0.0002933619047489619,0.00029336190474896185,1.0008800813449663,0.001173431269132948,0.001173431269132948,5.421010862427522e-20,1.7927672225490825
2.258835976227159,0.0009732929518767313,0.0012661520022841017,0.997080116767258,-0.0038931881943885627,-0.0038931881943885627,0.0016122790911059452,0.002494172700389875,0.002494172700389875,0.00019060710247674364,0.00029285905040737036,0.00029285905040737047,1.0008785727741103,0.0011714198147478442,0.0011714198147478442,-1.0842021724855044e-19,1.7927620347036386
2.261138561320153,0.0009735550276114419,0.0012659111995167616,0.9970793305322435,-0.0038942365343017167,-0.0038942365343017167,0.0016127108305891492,0.0024981075221309408,0.0024981075221309408,0.00018929682002179145,0.0002923561719053197,0.00029235617190531975,1.0008770641307938,0.0011694082637653297,0.0011694082637653297,-5.421010862427522e-20,1.7927568821121669
2.263441146413147,0.0009738153019185245,0.0012656685793240785,0.9970785497015325,-0.0038952776684597775,-0.0038952776684597775,0.0016131396007095017,0.0025020478487863787,0.0025020478487863787,0.00018799553202710284,0.00029185327740555394,0.00029185327740555394,1.0008755554395048,0.0011673966488365364,0.0011673966488365364,-3.6997338092754244e-38,1.7927517645344722
2.265743731506141,0.0009740737871618781,0.0012654241621582862,0.9970777742380335,-0.0038963116463181886,-0.0038963116463181886,0.001613565421870484,0.0025059937176039626,0.0025059937176039626,0.00018670317692432952,0.000291350374996408,0.00029135037499640807,1.0008740467245083,0.001165385002314956,0.001165385002314956,-5.421010862427522e-20,1.7927466817319895
2.2680463165991354,0.0009743304956207975,0.0012651779683131564,0.9970770041049085,-0.003897338516993978,-0.003897338516993978,0.0016139883143356346,0.002509945165748648,0.002509945165748648,0.0001854196935641781,0.0002908474726923589,0.0002908474726923589,1.000872538009848,0.0011633733562586472,0.0011633733562586472,-3.6690438171105055e-38,1.7927416334677924
2.270348901692129,0.0009745854394905476,0.0012649300179251224,0.9970762392655719,-0.003898358329268057,-0.003898358329268057,0.0016144082982295054,0.0025139022303035286,0.0025139022303035286,0.00018414502121359596,0.0002903445784345749,0.00029034457843457476,1.0008710293193472,0.0011613617424324324,0.0011613617424324324,1.6263032587282567e-19,1.7927366195065588
2.272651486785123,0.0009748386308829363,0.0012646803309743968,0.997075479683688,-0.0038993711315875096,-0.0038993711315875096,0.0016148253935386124,0.0025178649482707986,0.0025178649482707986,0.00018287909955296694,0.00028984170009146054,0.0002898417000914605,1.0008695206766112,0.0011593501923100775,0.0011593501923100775,5.421010862427522e-20,1.7927316396145734
2.2749540718781174,0.0009750900818268811,0.0012644289272860795,0.9970747253231702,-0.003900376972067861,-0.003900376972067861,0.001615239620112378,0.002521833356572702,0.002521833356572702,0.00018162186867332894,0.00028933884545919835,0.0002893388454591984,1.0008680121050284,0.0011573387370764567,0.0011573387370764567,-5.421010862427522e-20,1.7927266935597173
2.2772566569711112,0.0009753398042689739,0.0012641758265312592,0.9970739761481787,-0.0039013758984953353,-0.0039013758984953353,0.0016156509976640687,0.0025258074920524775,0.0025258074920524775,0.0001803732690736118,0.0002888360222622854,0.00028883602226228533,1.0008665036277724,0.0011553274076297015,0.0011553274076297015,5.421010862427522e-20,1.7927217811114473
2.2795592420641055,0.0009755878100740406,0.0012639210482281078,0.997073232123119,-0.003902367958329094,-0.003902367958329094,0.001616059545771726,0.002529787391475304,0.002529787391475304,0.0001791332416578883,0.00028833323815406715,0.0002883332381540672,1.0008649952678033,0.0011533162345833373,0.0011533162345833373,-5.421010862427522e-20,1.7927169020407947
2.2818618271570994,0.0009758341110256977,0.001263664611742966,0.9970724932126405,-0.003903353198703464,-0.003903353198703464,0.0016164652838790894,0.0025337730915292287,0.0025337730915292287,0.00017790172773264818,0.0002878305007172685,0.0002878305007172683,1.0008634870478694,0.0011513052482684002,0.0011513052482684002,2.168404344971009e-19,1.7927120561203516
2.2841644122500933,0.0009760787188269052,0.0012634065362914224,0.9970717593816338,-0.003904331666430146,-0.003904331666430146,0.001616868231296516,0.0025377646288261045,0.0025377646288261045,0.00017667866900408617,0.00028732781746451707,0.0002873278174645172,1.000861978990508,0.0011492944787355438,0.0011492944787355438,-1.0842021724855044e-19,1.792707243124262
2.2864669973430876,0.0009763216451005152,0.0012631468409393847,0.9970710305952307,-0.003905303408000412,-0.003905303408000412,0.0016172684072018918,0.00254176203990251,0.00254176203990251,0.00017546400757541166,0.00028682519583886964,0.00028682519583886953,1.0008604711180489,0.001147283955757127,0.001147283955757127,1.0842021724855044e-19,1.7927024628282036
2.2887695824360814,0.0009765629013898168,0.0012628855446041435,0.9970703068188013,-0.003906268469587284,-0.003906268469587284,0.0016176658306415366,0.0025457653612206677,0.0025457653612206677,0.0001742576859441732,0.0002863226432143268,0.00028632264321432673,1.0008589634526137,0.00114527370882929,0.00114527370882929,5.421010862427522e-20,1.79269771500939
2.2910721675290757,0.0009768024991590788,0.001262622666055429,0.9970695880179526,-0.003907226897047704,-0.003907226897047704,0.001618060520531104,0.0025497746291693628,0.0025497746291693628,0.00017305964699960042,0.0002858201668963501,0.00028582016689635025,1.000857456016119,0.001143263767174012,0.001143263767174012,-1.6263032587282567e-19,1.7926929994465488
2.2933747526220696,0.000977040449794086,0.0012623582239164612,0.9970688741585275,-0.003908178735924682,-0.003908178735924682,0.0016184524956564758,0.0025537898800648455,0.0025537898800648455,0.0001718698340199671,0.0002853177741223751,0.00028531777412237514,1.0008559488302768,0.0011412541597411625,0.0011412541597411625,-5.421010862427522e-20,1.7926883159199163
2.295677337715064,0.0009772767646026755,0.0012620922366649906,0.9970681652066024,-0.003909124031449433,-0.003909124031449433,0.0016188417746746476,0.0025578111501517405,0.0025578111501517405,0.0001706881906699667,0.0002848154720623152,0.00028481547206231513,1.0008544419165972,0.001139244915210529,0.001139244915210529,5.421010862427522e-20,1.792683664211231
2.2979799228080577,0.0009775114548152652,0.0012618247226343342,0.9970674611284859,-0.003910062828543504,-0.003910062828543504,0.0016192283761146105,0.0025618384756039394,0.0025618384756039394,0.00016951466099810884,0.00028431326781906896,0.000284313267819069,1.0008529352963889,0.0011372360619938326,0.0011372360619938326,-5.421010862427522e-20,1.7926790441037104
2.3002825079010516,0.000977744531585383,0.0012615557000144034,0.9970667618907175,-0.003910995171820879,-0.003910995171820879,0.0016196123183782277,0.002565871892525497,0.002565871892525497,0.00016834918943413188,0.0002838111684290206,0.00028381116842902043,1.0008514289907606,0.0011352276282367343,0.0011352276282367343,1.6263032587282567e-19,1.79267445538206
2.302585092994046,0.0009779760059901886,0.001261285186852724,0.9970660674600658,-0.003911921105590073,-0.003911921105590073,0.001619993619741102,0.0025699114369515208,0.0025699114369515208,0.0001671917207864304,0.0002833091808625355,0.0002833091808625355,1.000849923020624,0.0011332196418208235,0.0011332196418208235,-3.445477347210783e-38,1.792669897832447
